[
  {
    "ID Number": "14902346"
  },
  {
    "ID Number": "14923327"
  },
  {
    "ID Number": "14902540"
  },
  {
    "ID Number": "14955008"
  },
  {
    "ID Number": "14958341"
  },
  {
    "ID Number": "14168740"
  },
  {
    "ID Number": "14915316"
  },
  {
    "ID Number": "14907313"
  },
  {
    "ID Number": "14970473"
  },
  {
    "ID Number": "14915324"
  },
  {
    "ID Number": "14975793"
  },
  {
    "ID Number": "14947994"
  },
  {
    "ID Number": "14940850"
  },
  {
    "ID Number": "14954800"
  },
  {
    "ID Number": "14966140"
  },
  {
    "ID Number": "14949814"
  },
  {
    "ID Number": "14960702"
  },
  {
    "ID Number": "14960699"
  },
  {
    "ID Number": "14949024"
  },
  {
    "ID Number": "14921944"
  },
  {
    "ID Number": "14970350"
  },
  {
    "ID Number": "14919435"
  },
  {
    "ID Number": "14957973"
  },
  {
    "ID Number": "14949466"
  },
  {
    "ID Number": "14962730"
  },
  {
    "ID Number": "14967502"
  },
  {
    "ID Number": "14954834"
  },
  {
    "ID Number": "14959399"
  },
  {
    "ID Number": "14946947"
  },
  {
    "ID Number": "14901978"
  },
  {
    "ID Number": "14931230"
  },
  {
    "ID Number": "14931249"
  },
  {
    "ID Number": "14931265"
  },
  {
    "ID Number": "14904748"
  },
  {
    "ID Number": "14964791"
  },
  {
    "ID Number": "14923335"
  },
  {
    "ID Number": "14929287"
  },
  {
    "ID Number": "14900882"
  },
  {
    "ID Number": "14914395"
  },
  {
    "ID Number": "73620890"
  },
  {
    "ID Number": "14948621"
  },
  {
    "ID Number": "14900076"
  },
  {
    "ID Number": "14949164"
  },
  {
    "ID Number": "14902974"
  },
  {
    "ID Number": "14933357"
  },
  {
    "ID Number": "14933365"
  },
  {
    "ID Number": "14973910"
  },
  {
    "ID Number": "14903822"
  },
  {
    "ID Number": "14906082"
  },
  {
    "ID Number": "14900980"
  },
  {
    "ID Number": "14925044"
  },
  {
    "ID Number": "14990202"
  },
  {
    "ID Number": "14936445"
  },
  {
    "ID Number": "14945053"
  },
  {
    "ID Number": "14966735"
  },
  {
    "ID Number": "14985187"
  },
  {
    "ID Number": "14900777"
  },
  {
    "ID Number": "14985896"
  },
  {
    "ID Number": "14982730"
  },
  {
    "ID Number": "14957620"
  },
  {
    "ID Number": "14955059"
  },
  {
    "ID Number": "14989620"
  },
  {
    "ID Number": "14961580"
  },
  {
    "ID Number": "14900807"
  },
  {
    "ID Number": "14902656"
  },
  {
    "ID Number": "14909162"
  },
  {
    "ID Number": "14986671"
  },
  {
    "ID Number": "14983591"
  },
  {
    "ID Number": "14948095"
  },
  {
    "ID Number": "14923610"
  },
  {
    "ID Number": "14936534"
  },
  {
    "ID Number": "73621102"
  },
  {
    "ID Number": "14958414"
  },
  {
    "ID Number": "14939967"
  },
  {
    "ID Number": "14900742"
  },
  {
    "ID Number": "14949857"
  },
  {
    "ID Number": "14913020"
  },
  {
    "ID Number": "14946335"
  },
  {
    "ID Number": "14909740"
  },
  {
    "ID Number": "14982617"
  },
  {
    "ID Number": "14915405"
  },
  {
    "ID Number": "14967596"
  },
  {
    "ID Number": "14963191"
  },
  {
    "ID Number": "14902699"
  },
  {
    "ID Number": "14961490"
  },
  {
    "ID Number": "14955920"
  },
  {
    "ID Number": "73617784"
  },
  {
    "ID Number": "14963345"
  },
  {
    "ID Number": "14901170"
  },
  {
    "ID Number": "14906686"
  },
  {
    "ID Number": "14919729"
  },
  {
    "ID Number": "735612"
  },
  {
    "ID Number": "14905230"
  },
  {
    "ID Number": "14923688"
  },
  {
    "ID Number": "14955172"
  },
  {
    "ID Number": "14906333"
  },
  {
    "ID Number": "14911256"
  },
  {
    "ID Number": "14947960"
  },
  {
    "ID Number": "14947935"
  },
  {
    "ID Number": "14906066"
  },
  {
    "ID Number": "14964619"
  },
  {
    "ID Number": "14990245"
  },
  {
    "ID Number": "14911388"
  },
  {
    "ID Number": "14987406"
  },
  {
    "ID Number": "14900327"
  },
  {
    "ID Number": "14901250"
  },
  {
    "ID Number": "14974827"
  },
  {
    "ID Number": "14902397"
  },
  {
    "ID Number": "14944340"
  },
  {
    "ID Number": "14943450"
  },
  {
    "ID Number": "14901781"
  },
  {
    "ID Number": "14958562"
  },
  {
    "ID Number": "14912589"
  },
  {
    "ID Number": "73618209"
  },
  {
    "ID Number": "14912341"
  },
  {
    "ID Number": "14909766"
  },
  {
    "ID Number": "14945533"
  },
  {
    "ID Number": "14903407"
  },
  {
    "ID Number": "14948567"
  },
  {
    "ID Number": "14902230"
  },
  {
    "ID Number": "14913011"
  },
  {
    "ID Number": "14901196"
  },
  {
    "ID Number": "14963787"
  },
  {
    "ID Number": "14905779"
  },
  {
    "ID Number": "14915456"
  },
  {
    "ID Number": "14974495"
  },
  {
    "ID Number": "14906627"
  },
  {
    "ID Number": "14934426"
  },
  {
    "ID Number": "14900718"
  },
  {
    "ID Number": "14913070"
  },
  {
    "ID Number": "14920239"
  },
  {
    "ID Number": "14902885"
  },
  {
    "ID Number": "14900394"
  },
  {
    "ID Number": "14939878"
  },
  {
    "ID Number": "14975807"
  },
  {
    "ID Number": "14996391"
  },
  {
    "ID Number": "14909804"
  },
  {
    "ID Number": "14984571"
  },
  {
    "ID Number": "14987830"
  },
  {
    "ID Number": "14949490"
  },
  {
    "ID Number": "14976340"
  },
  {
    "ID Number": "14932164"
  },
  {
    "ID Number": "14966530"
  },
  {
    "ID Number": "73612189"
  },
  {
    "ID Number": "549000187"
  },
  {
    "ID Number": "14955679"
  },
  {
    "ID Number": "14954192"
  },
  {
    "ID Number": "14907585"
  },
  {
    "ID Number": "14994011"
  },
  {
    "ID Number": "14934515"
  },
  {
    "ID Number": "14975726"
  },
  {
    "ID Number": "14948745"
  },
  {
    "ID Number": "14915499"
  },
  {
    "ID Number": "14944367"
  },
  {
    "ID Number": "14944081"
  },
  {
    "ID Number": "14923556"
  },
  {
    "ID Number": "14912546"
  },
  {
    "ID Number": "14908930"
  },
  {
    "ID Number": "14985004"
  },
  {
    "ID Number": "14947757"
  },
  {
    "ID Number": "14955598"
  },
  {
    "ID Number": "14901641"
  },
  {
    "ID Number": "14949121"
  },
  {
    "ID Number": "14901218"
  },
  {
    "ID Number": "14908212"
  },
  {
    "ID Number": "14947765"
  },
  {
    "ID Number": "14994356"
  },
  {
    "ID Number": "14973090"
  },
  {
    "ID Number": "14956721"
  },
  {
    "ID Number": "14973081"
  },
  {
    "ID Number": "14915510"
  },
  {
    "ID Number": "14996375"
  },
  {
    "ID Number": "14968690"
  },
  {
    "ID Number": "14958201"
  },
  {
    "ID Number": "14955610"
  },
  {
    "ID Number": "14917785"
  },
  {
    "ID Number": "14940698"
  },
  {
    "ID Number": "14923351"
  },
  {
    "ID Number": "14977753"
  },
  {
    "ID Number": "14989581"
  },
  {
    "ID Number": "14964147"
  },
  {
    "ID Number": "14933691"
  },
  {
    "ID Number": "14942909"
  },
  {
    "ID Number": "14924056"
  },
  {
    "ID Number": "14963760"
  },
  {
    "ID Number": "14939975"
  },
  {
    "ID Number": "14936542"
  },
  {
    "ID Number": "14965119"
  },
  {
    "ID Number": "14994500"
  },
  {
    "ID Number": "14941759"
  },
  {
    "ID Number": "14930412"
  },
  {
    "ID Number": "14937212"
  },
  {
    "ID Number": "73619167"
  },
  {
    "ID Number": "14950642"
  },
  {
    "ID Number": "14930420"
  },
  {
    "ID Number": "14952645"
  },
  {
    "ID Number": "14902150"
  },
  {
    "ID Number": "14909820"
  },
  {
    "ID Number": "14913291"
  },
  {
    "ID Number": "14933888"
  },
  {
    "ID Number": "14905418"
  },
  {
    "ID Number": "14968606"
  },
  {
    "ID Number": "14908530"
  },
  {
    "ID Number": "14915561"
  },
  {
    "ID Number": "14919362"
  },
  {
    "ID Number": "14903938"
  },
  {
    "ID Number": "14915570"
  },
  {
    "ID Number": "14968410"
  },
  {
    "ID Number": "14906139"
  },
  {
    "ID Number": "14906295"
  },
  {
    "ID Number": "14900459"
  },
  {
    "ID Number": "14966166"
  },
  {
    "ID Number": "14912597"
  },
  {
    "ID Number": "14908204"
  },
  {
    "ID Number": "14901676"
  },
  {
    "ID Number": "14976307"
  },
  {
    "ID Number": "14915634"
  },
  {
    "ID Number": "14900645"
  },
  {
    "ID Number": "14907500"
  },
  {
    "ID Number": "14906589"
  },
  {
    "ID Number": "73620599"
  },
  {
    "ID Number": "14915642"
  },
  {
    "ID Number": "14960362"
  },
  {
    "ID Number": "14918196"
  },
  {
    "ID Number": "14909170"
  },
  {
    "ID Number": "14924072"
  },
  {
    "ID Number": "14915650"
  },
  {
    "ID Number": "14977109"
  },
  {
    "ID Number": "14932504"
  },
  {
    "ID Number": "14974436"
  },
  {
    "ID Number": "14906279"
  },
  {
    "ID Number": "14944057"
  },
  {
    "ID Number": "14961369"
  },
  {
    "ID Number": "14900580"
  },
  {
    "ID Number": "14936275"
  },
  {
    "ID Number": "14936283"
  },
  {
    "ID Number": "14932814"
  },
  {
    "ID Number": "14973421"
  },
  {
    "ID Number": "73619663"
  },
  {
    "ID Number": "14936950"
  },
  {
    "ID Number": "14913658"
  },
  {
    "ID Number": "14975823"
  },
  {
    "ID Number": "14955288"
  },
  {
    "ID Number": "14975874"
  },
  {
    "ID Number": "14959542"
  },
  {
    "ID Number": "14909642"
  },
  {
    "ID Number": "14985136"
  },
  {
    "ID Number": "14962250"
  },
  {
    "ID Number": "14968541"
  },
  {
    "ID Number": "14923823"
  },
  {
    "ID Number": "14934434"
  },
  {
    "ID Number": "14969068"
  },
  {
    "ID Number": "14974070"
  },
  {
    "ID Number": "14955822"
  },
  {
    "ID Number": "14960141"
  },
  {
    "ID Number": "14928213"
  },
  {
    "ID Number": "14908654"
  },
  {
    "ID Number": "14909650"
  },
  {
    "ID Number": "14946319"
  },
  {
    "ID Number": "14944600"
  },
  {
    "ID Number": "14908034"
  },
  {
    "ID Number": "14927705"
  },
  {
    "ID Number": "14909189"
  },
  {
    "ID Number": "14944723"
  },
  {
    "ID Number": "14930471"
  },
  {
    "ID Number": "14909111"
  },
  {
    "ID Number": "14909529"
  },
  {
    "ID Number": "14993678"
  },
  {
    "ID Number": "14993686"
  },
  {
    "ID Number": "14940264"
  },
  {
    "ID Number": "14943093"
  },
  {
    "ID Number": "14945142"
  },
  {
    "ID Number": "14951380"
  },
  {
    "ID Number": "14994046"
  },
  {
    "ID Number": "14933071"
  },
  {
    "ID Number": "14903199"
  },
  {
    "ID Number": "14969955"
  },
  {
    "ID Number": "14955083"
  },
  {
    "ID Number": "14988828"
  },
  {
    "ID Number": "14975530"
  },
  {
    "ID Number": "14903202"
  },
  {
    "ID Number": "14911639"
  },
  {
    "ID Number": "14984407"
  },
  {
    "ID Number": "14909570"
  },
  {
    "ID Number": "14988020"
  },
  {
    "ID Number": "14960346"
  },
  {
    "ID Number": "14992043"
  },
  {
    "ID Number": "14902958"
  },
  {
    "ID Number": "14941120"
  },
  {
    "ID Number": "73606537"
  },
  {
    "ID Number": "14900181"
  },
  {
    "ID Number": "14901617"
  },
  {
    "ID Number": "14928663"
  },
  {
    "ID Number": "14900017"
  },
  {
    "ID Number": "14923106"
  },
  {
    "ID Number": "14949180"
  },
  {
    "ID Number": "14918951"
  },
  {
    "ID Number": "14943654"
  },
  {
    "ID Number": "14926547"
  },
  {
    "ID Number": "14909669"
  },
  {
    "ID Number": "14906260"
  },
  {
    "ID Number": "14943107"
  },
  {
    "ID Number": "14936348"
  },
  {
    "ID Number": "14930218"
  },
  {
    "ID Number": "14951940"
  },
  {
    "ID Number": "14904586"
  },
  {
    "ID Number": "14943190"
  },
  {
    "ID Number": "73612162"
  },
  {
    "ID Number": "14958228"
  },
  {
    "ID Number": "14928221"
  },
  {
    "ID Number": "14904519"
  },
  {
    "ID Number": "14942330"
  },
  {
    "ID Number": "14921740"
  },
  {
    "ID Number": "14925168"
  },
  {
    "ID Number": "14973936"
  },
  {
    "ID Number": "14974460"
  },
  {
    "ID Number": "14924129"
  },
  {
    "ID Number": "14924137"
  },
  {
    "ID Number": "14966433"
  },
  {
    "ID Number": "14900149"
  },
  {
    "ID Number": "14932679"
  },
  {
    "ID Number": "14928752"
  },
  {
    "ID Number": "14919311"
  },
  {
    "ID Number": "14926563"
  },
  {
    "ID Number": "14968657"
  },
  {
    "ID Number": "14920433"
  },
  {
    "ID Number": "14988054"
  },
  {
    "ID Number": "14926571"
  },
  {
    "ID Number": "14951819"
  },
  {
    "ID Number": "14912708"
  },
  {
    "ID Number": "14903350"
  },
  {
    "ID Number": "14952890"
  },
  {
    "ID Number": "14900530"
  },
  {
    "ID Number": "14909995"
  },
  {
    "ID Number": "14910489"
  },
  {
    "ID Number": "14922126"
  },
  {
    "ID Number": "14971631"
  },
  {
    "ID Number": "14912716"
  },
  {
    "ID Number": "14111438"
  },
  {
    "ID Number": "14905477"
  },
  {
    "ID Number": "14980827"
  },
  {
    "ID Number": "14997711"
  },
  {
    "ID Number": "14915766"
  },
  {
    "ID Number": "14958376"
  },
  {
    "ID Number": "14957744"
  },
  {
    "ID Number": "14920140"
  },
  {
    "ID Number": "14915243"
  },
  {
    "ID Number": "14970511"
  },
  {
    "ID Number": "14939517"
  },
  {
    "ID Number": "14906724"
  },
  {
    "ID Number": "14943204"
  },
  {
    "ID Number": "14946777"
  },
  {
    "ID Number": "14941481"
  },
  {
    "ID Number": "14940868"
  },
  {
    "ID Number": "14965178"
  },
  {
    "ID Number": "14967324"
  },
  {
    "ID Number": "14960109"
  },
  {
    "ID Number": "14900629"
  },
  {
    "ID Number": "14933713"
  },
  {
    "ID Number": "14940426"
  },
  {
    "ID Number": "14944294"
  },
  {
    "ID Number": "14910993"
  },
  {
    "ID Number": "14901943"
  },
  {
    "ID Number": "14911116"
  },
  {
    "ID Number": "14900866"
  },
  {
    "ID Number": "14908506"
  },
  {
    "ID Number": "14919745"
  },
  {
    "ID Number": "14976153"
  },
  {
    "ID Number": "14921766"
  },
  {
    "ID Number": "14908271"
  },
  {
    "ID Number": "14984733"
  },
  {
    "ID Number": "14915260"
  },
  {
    "ID Number": "73619990"
  },
  {
    "ID Number": "14968398"
  },
  {
    "ID Number": "14939053"
  },
  {
    "ID Number": "14984741"
  },
  {
    "ID Number": "14904640"
  },
  {
    "ID Number": "14994275"
  },
  {
    "ID Number": "14933080"
  },
  {
    "ID Number": "14944405"
  },
  {
    "ID Number": "14969157"
  },
  {
    "ID Number": "14920638"
  },
  {
    "ID Number": "14972999"
  },
  {
    "ID Number": "14955490"
  },
  {
    "ID Number": "73620580"
  },
  {
    "ID Number": "14903628"
  },
  {
    "ID Number": "14903245"
  },
  {
    "ID Number": "14944928"
  },
  {
    "ID Number": "14902060"
  },
  {
    "ID Number": "14939169"
  },
  {
    "ID Number": "14904780"
  },
  {
    "ID Number": "14908123"
  },
  {
    "ID Number": "14956403"
  },
  {
    "ID Number": "14919940"
  },
  {
    "ID Number": "14915286"
  },
  {
    "ID Number": "14981106"
  },
  {
    "ID Number": "14903695"
  },
  {
    "ID Number": "14920441"
  },
  {
    "ID Number": "14903288"
  },
  {
    "ID Number": "14977818"
  },
  {
    "ID Number": "14909391"
  },
  {
    "ID Number": "14924170"
  },
  {
    "ID Number": "14980738"
  },
  {
    "ID Number": "14903873"
  },
  {
    "ID Number": "14951428"
  },
  {
    "ID Number": "14911736"
  },
  {
    "ID Number": "14948591"
  },
  {
    "ID Number": "14947781"
  },
  {
    "ID Number": "14943603"
  },
  {
    "ID Number": "14933721"
  },
  {
    "ID Number": "14988763"
  },
  {
    "ID Number": "14901269"
  },
  {
    "ID Number": "14960826"
  },
  {
    "ID Number": "14930579"
  },
  {
    "ID Number": "14905930"
  },
  {
    "ID Number": "14918773"
  },
  {
    "ID Number": "14975580"
  },
  {
    "ID Number": "14921782"
  },
  {
    "ID Number": "14940957"
  },
  {
    "ID Number": "14909677"
  },
  {
    "ID Number": "14977516"
  },
  {
    "ID Number": "14908042"
  },
  {
    "ID Number": "14940876"
  },
  {
    "ID Number": "14993910"
  },
  {
    "ID Number": "14984792"
  },
  {
    "ID Number": "14949555"
  },
  {
    "ID Number": "14982374"
  },
  {
    "ID Number": "14907232"
  },
  {
    "ID Number": "14918927"
  },
  {
    "ID Number": "14912384"
  },
  {
    "ID Number": "14904683"
  },
  {
    "ID Number": "14904276"
  },
  {
    "ID Number": "73622737"
  },
  {
    "ID Number": "14922967"
  },
  {
    "ID Number": "14943956"
  },
  {
    "ID Number": "14997304"
  },
  {
    "ID Number": "14985330"
  },
  {
    "ID Number": "14918331"
  },
  {
    "ID Number": "73602400"
  },
  {
    "ID Number": "14957647"
  },
  {
    "ID Number": "14964317"
  },
  {
    "ID Number": "14902079"
  },
  {
    "ID Number": "14932750"
  },
  {
    "ID Number": "730165"
  },
  {
    "ID Number": "14958635"
  },
  {
    "ID Number": "14935031"
  },
  {
    "ID Number": "14962314"
  },
  {
    "ID Number": "14938529"
  },
  {
    "ID Number": "14901447"
  },
  {
    "ID Number": "14950154"
  },
  {
    "ID Number": "24224073"
  },
  {
    "ID Number": "14971704"
  },
  {
    "ID Number": "14944324"
  },
  {
    "ID Number": "14944308"
  },
  {
    "ID Number": "14915910"
  },
  {
    "ID Number": "14923475"
  },
  {
    "ID Number": "14979616"
  },
  {
    "ID Number": "14909200"
  },
  {
    "ID Number": "14938910"
  },
  {
    "ID Number": "14901390"
  },
  {
    "ID Number": "14925621"
  },
  {
    "ID Number": "14915928"
  },
  {
    "ID Number": "14928302"
  },
  {
    "ID Number": "14933128"
  },
  {
    "ID Number": "14922223"
  },
  {
    "ID Number": "14935600"
  },
  {
    "ID Number": "14915936"
  },
  {
    "ID Number": "14917114"
  },
  {
    "ID Number": "14901048"
  },
  {
    "ID Number": "14940612"
  },
  {
    "ID Number": "14949563"
  },
  {
    "ID Number": "14904233"
  },
  {
    "ID Number": "14938200"
  },
  {
    "ID Number": "14911450"
  },
  {
    "ID Number": "14913321"
  },
  {
    "ID Number": "14945738"
  },
  {
    "ID Number": "14962209"
  },
  {
    "ID Number": "14923629"
  },
  {
    "ID Number": "14953730"
  },
  {
    "ID Number": "73612715"
  },
  {
    "ID Number": "14951258"
  },
  {
    "ID Number": "14965330"
  },
  {
    "ID Number": "14905817"
  },
  {
    "ID Number": "14902940"
  },
  {
    "ID Number": "14904144"
  },
  {
    "ID Number": "14975831"
  },
  {
    "ID Number": "14911426"
  },
  {
    "ID Number": "14928264"
  },
  {
    "ID Number": "14904497"
  },
  {
    "ID Number": "14968428"
  },
  {
    "ID Number": "14910055"
  },
  {
    "ID Number": "14913038"
  },
  {
    "ID Number": "14986027"
  },
  {
    "ID Number": "73606260"
  },
  {
    "ID Number": "14933047"
  },
  {
    "ID Number": "14917130"
  },
  {
    "ID Number": "14923548"
  },
  {
    "ID Number": "14973154"
  },
  {
    "ID Number": "14906147"
  },
  {
    "ID Number": "73620882"
  },
  {
    "ID Number": "14908050"
  },
  {
    "ID Number": "14907518"
  },
  {
    "ID Number": "14901854"
  },
  {
    "ID Number": "14950634"
  },
  {
    "ID Number": "73615030"
  },
  {
    "ID Number": "14918358"
  },
  {
    "ID Number": "73619256"
  },
  {
    "ID Number": "73619264"
  },
  {
    "ID Number": "14908298"
  },
  {
    "ID Number": "14955997"
  },
  {
    "ID Number": "14956004"
  },
  {
    "ID Number": "14926113"
  },
  {
    "ID Number": "14980592"
  },
  {
    "ID Number": "14972026"
  },
  {
    "ID Number": "14915987"
  },
  {
    "ID Number": "73622907"
  },
  {
    "ID Number": "14988844"
  },
  {
    "ID Number": "14935066"
  },
  {
    "ID Number": "14930625"
  },
  {
    "ID Number": "14903121"
  },
  {
    "ID Number": "14923483"
  },
  {
    "ID Number": "14976838"
  },
  {
    "ID Number": "14993872"
  },
  {
    "ID Number": "14916002"
  },
  {
    "ID Number": "14910845"
  },
  {
    "ID Number": "14909588"
  },
  {
    "ID Number": "14919621"
  },
  {
    "ID Number": "14900513"
  },
  {
    "ID Number": "73621579"
  },
  {
    "ID Number": "73612251"
  },
  {
    "ID Number": "14980703"
  },
  {
    "ID Number": "14941791"
  },
  {
    "ID Number": "14955555"
  },
  {
    "ID Number": "14967537"
  },
  {
    "ID Number": "73617083"
  },
  {
    "ID Number": "14929120"
  },
  {
    "ID Number": "14932547"
  },
  {
    "ID Number": "14939568"
  },
  {
    "ID Number": "14964210"
  },
  {
    "ID Number": "14906422"
  },
  {
    "ID Number": "14985748"
  },
  {
    "ID Number": "14933497"
  },
  {
    "ID Number": "14901471"
  },
  {
    "ID Number": "14909430"
  },
  {
    "ID Number": "14922975"
  },
  {
    "ID Number": "14923947"
  },
  {
    "ID Number": "14969211"
  },
  {
    "ID Number": "14985756"
  },
  {
    "ID Number": "14902389"
  },
  {
    "ID Number": "14949156"
  },
  {
    "ID Number": "14965135"
  },
  {
    "ID Number": "14900661"
  },
  {
    "ID Number": "14904179"
  },
  {
    "ID Number": "14926776"
  },
  {
    "ID Number": "14911809"
  },
  {
    "ID Number": "14941180"
  },
  {
    "ID Number": "14953099"
  },
  {
    "ID Number": "14907364"
  },
  {
    "ID Number": "14914638"
  },
  {
    "ID Number": "14987015"
  },
  {
    "ID Number": "14962926"
  },
  {
    "ID Number": "14920166"
  },
  {
    "ID Number": "14900467"
  },
  {
    "ID Number": "14954931"
  },
  {
    "ID Number": "14973413"
  },
  {
    "ID Number": "14909448"
  },
  {
    "ID Number": "14900220"
  },
  {
    "ID Number": "14922266"
  },
  {
    "ID Number": "14987023"
  },
  {
    "ID Number": "14904993"
  },
  {
    "ID Number": "14964341"
  },
  {
    "ID Number": "14911000"
  },
  {
    "ID Number": "14909715"
  },
  {
    "ID Number": "14900840"
  },
  {
    "ID Number": "73621587"
  },
  {
    "ID Number": "14974282"
  },
  {
    "ID Number": "14906155"
  },
  {
    "ID Number": "14919796"
  },
  {
    "ID Number": "14924242"
  },
  {
    "ID Number": "14977125"
  },
  {
    "ID Number": "14977133"
  },
  {
    "ID Number": "14923564"
  },
  {
    "ID Number": "14903318"
  },
  {
    "ID Number": "14960354"
  },
  {
    "ID Number": "14941813"
  },
  {
    "ID Number": "14949849"
  },
  {
    "ID Number": "14925672"
  },
  {
    "ID Number": "14907275"
  },
  {
    "ID Number": "14967073"
  },
  {
    "ID Number": "14909006"
  },
  {
    "ID Number": "14928230"
  },
  {
    "ID Number": "73620874"
  },
  {
    "ID Number": "14947846"
  },
  {
    "ID Number": "14954680"
  },
  {
    "ID Number": "14931354"
  },
  {
    "ID Number": "14979624"
  },
  {
    "ID Number": "14947633"
  },
  {
    "ID Number": "14967529"
  },
  {
    "ID Number": "14964899"
  },
  {
    "ID Number": "14950596"
  },
  {
    "ID Number": "14989000"
  },
  {
    "ID Number": "14939916"
  },
  {
    "ID Number": "14930730"
  },
  {
    "ID Number": "14940396"
  },
  {
    "ID Number": "14978105"
  },
  {
    "ID Number": "14952866"
  },
  {
    "ID Number": "73605654"
  },
  {
    "ID Number": "14938103"
  },
  {
    "ID Number": "310743"
  },
  {
    "ID Number": "14912767"
  },
  {
    "ID Number": "14908697"
  },
  {
    "ID Number": "14908816"
  },
  {
    "ID Number": "14919826"
  },
  {
    "ID Number": "14965143"
  },
  {
    "ID Number": "14913720"
  },
  {
    "ID Number": "2321963"
  },
  {
    "ID Number": "14957515"
  },
  {
    "ID Number": "14954877"
  },
  {
    "ID Number": "14979373"
  },
  {
    "ID Number": "14902931"
  },
  {
    "ID Number": "14903504"
  },
  {
    "ID Number": "14933993"
  },
  {
    "ID Number": "14911531"
  },
  {
    "ID Number": "14955954"
  },
  {
    "ID Number": "14955040"
  },
  {
    "ID Number": "14985179"
  },
  {
    "ID Number": "14922290"
  },
  {
    "ID Number": "73622990"
  },
  {
    "ID Number": "14952742"
  },
  {
    "ID Number": "14943646"
  },
  {
    "ID Number": "14902559"
  },
  {
    "ID Number": "14904977"
  },
  {
    "ID Number": "14907798"
  },
  {
    "ID Number": "14903750"
  },
  {
    "ID Number": "14968525"
  },
  {
    "ID Number": "14907224"
  },
  {
    "ID Number": "14953226"
  },
  {
    "ID Number": "14944618"
  },
  {
    "ID Number": "14909227"
  },
  {
    "ID Number": "14907429"
  },
  {
    "ID Number": "14923505"
  },
  {
    "ID Number": "14981645"
  },
  {
    "ID Number": "14965364"
  },
  {
    "ID Number": "14928671"
  },
  {
    "ID Number": "14901552"
  },
  {
    "ID Number": "14993066"
  },
  {
    "ID Number": "14951975"
  },
  {
    "ID Number": "14944154"
  },
  {
    "ID Number": "14968290"
  },
  {
    "ID Number": "14941236"
  },
  {
    "ID Number": "14936836"
  },
  {
    "ID Number": "14992744"
  },
  {
    "ID Number": "14911841"
  },
  {
    "ID Number": "14910519"
  },
  {
    "ID Number": "14931370"
  },
  {
    "ID Number": "14975025"
  },
  {
    "ID Number": "14911540"
  },
  {
    "ID Number": "14971755"
  },
  {
    "ID Number": "14951967"
  },
  {
    "ID Number": "14917270"
  },
  {
    "ID Number": "14959208"
  },
  {
    "ID Number": "14963230"
  },
  {
    "ID Number": "14927497"
  },
  {
    "ID Number": "14992418"
  },
  {
    "ID Number": "14987929"
  },
  {
    "ID Number": "14936577"
  },
  {
    "ID Number": "14949865"
  },
  {
    "ID Number": "14911850"
  },
  {
    "ID Number": "14908077"
  },
  {
    "ID Number": "14926830"
  },
  {
    "ID Number": "14935546"
  },
  {
    "ID Number": "14977680"
  },
  {
    "ID Number": "14979772"
  },
  {
    "ID Number": "14911213"
  },
  {
    "ID Number": "73616435"
  },
  {
    "ID Number": "14916185"
  },
  {
    "ID Number": "14921812"
  },
  {
    "ID Number": "14958333"
  },
  {
    "ID Number": "14911868"
  },
  {
    "ID Number": "73619248"
  },
  {
    "ID Number": "14961008"
  },
  {
    "ID Number": "14906031"
  },
  {
    "ID Number": "73617873"
  },
  {
    "ID Number": "14948222"
  },
  {
    "ID Number": "14951932"
  },
  {
    "ID Number": "14923572"
  },
  {
    "ID Number": "14957698"
  },
  {
    "ID Number": "14922320"
  },
  {
    "ID Number": "14900041"
  },
  {
    "ID Number": "14927730"
  },
  {
    "ID Number": "14968509"
  },
  {
    "ID Number": "14911329"
  },
  {
    "ID Number": "14987058"
  },
  {
    "ID Number": "14936216"
  },
  {
    "ID Number": "14904535"
  },
  {
    "ID Number": "14980614"
  },
  {
    "ID Number": "14929899"
  },
  {
    "ID Number": "14960443"
  },
  {
    "ID Number": "14960451"
  },
  {
    "ID Number": "14962861"
  },
  {
    "ID Number": "14909472"
  },
  {
    "ID Number": "14916240"
  },
  {
    "ID Number": "14932970"
  },
  {
    "ID Number": "14914220"
  },
  {
    "ID Number": "14962454"
  },
  {
    "ID Number": "14928612"
  },
  {
    "ID Number": "14926180"
  },
  {
    "ID Number": "14908158"
  },
  {
    "ID Number": "14978113"
  },
  {
    "ID Number": "14923050"
  },
  {
    "ID Number": "14906520"
  },
  {
    "ID Number": "14924323"
  },
  {
    "ID Number": "73622885"
  },
  {
    "ID Number": "14967634"
  },
  {
    "ID Number": "14973405"
  },
  {
    "ID Number": "14978890"
  },
  {
    "ID Number": "14971240"
  },
  {
    "ID Number": "14916266"
  },
  {
    "ID Number": "14916274"
  },
  {
    "ID Number": "14980509"
  },
  {
    "ID Number": "73603090"
  },
  {
    "ID Number": "14909723"
  },
  {
    "ID Number": "14908310"
  },
  {
    "ID Number": "14904047"
  },
  {
    "ID Number": "14942933"
  },
  {
    "ID Number": "14910772"
  },
  {
    "ID Number": "14984709"
  },
  {
    "ID Number": "14960761"
  },
  {
    "ID Number": "14916304"
  },
  {
    "ID Number": "14972352"
  },
  {
    "ID Number": "14905531"
  },
  {
    "ID Number": "14982846"
  },
  {
    "ID Number": "14929007"
  },
  {
    "ID Number": "14929163"
  },
  {
    "ID Number": "14951541"
  },
  {
    "ID Number": "14906490"
  },
  {
    "ID Number": "14932695"
  },
  {
    "ID Number": "14925710"
  },
  {
    "ID Number": "14910160"
  },
  {
    "ID Number": "14979900"
  },
  {
    "ID Number": "14909537"
  },
  {
    "ID Number": "14903962"
  },
  {
    "ID Number": "14980932"
  },
  {
    "ID Number": "14924994"
  },
  {
    "ID Number": "14905590"
  },
  {
    "ID Number": "14940450"
  },
  {
    "ID Number": "14912449"
  },
  {
    "ID Number": "14913763"
  },
  {
    "ID Number": "73621153"
  },
  {
    "ID Number": "14912457"
  },
  {
    "ID Number": "14917327"
  },
  {
    "ID Number": "14902990"
  },
  {
    "ID Number": "14900734"
  },
  {
    "ID Number": "14967642"
  },
  {
    "ID Number": "14907437"
  },
  {
    "ID Number": "14955300"
  },
  {
    "ID Number": "14973294"
  },
  {
    "ID Number": "14974975"
  },
  {
    "ID Number": "14903920"
  },
  {
    "ID Number": "14911345"
  },
  {
    "ID Number": "14901072"
  },
  {
    "ID Number": "14914263"
  },
  {
    "ID Number": "14906821"
  },
  {
    "ID Number": "14994607"
  },
  {
    "ID Number": "14963663"
  },
  {
    "ID Number": "14906767"
  },
  {
    "ID Number": "14941325"
  },
  {
    "ID Number": "14904888"
  },
  {
    "ID Number": "14974541"
  },
  {
    "ID Number": "14905159"
  },
  {
    "ID Number": "14905264"
  },
  {
    "ID Number": "14906040"
  },
  {
    "ID Number": "14983095"
  },
  {
    "ID Number": "14941643"
  },
  {
    "ID Number": "14929473"
  },
  {
    "ID Number": "14981270"
  },
  {
    "ID Number": "14944286"
  },
  {
    "ID Number": "14966921"
  },
  {
    "ID Number": "14968576"
  },
  {
    "ID Number": "73611298"
  },
  {
    "ID Number": "14938120"
  },
  {
    "ID Number": "14909332"
  },
  {
    "ID Number": "14961806"
  },
  {
    "ID Number": "14917386"
  },
  {
    "ID Number": "14902290"
  },
  {
    "ID Number": "14978920"
  },
  {
    "ID Number": "14976242"
  },
  {
    "ID Number": "14973502"
  },
  {
    "ID Number": "14955865"
  },
  {
    "ID Number": "14908085"
  },
  {
    "ID Number": "14906554"
  },
  {
    "ID Number": "14963205"
  },
  {
    "ID Number": "14940540"
  },
  {
    "ID Number": "14923718"
  },
  {
    "ID Number": "14932598"
  },
  {
    "ID Number": "14905760"
  },
  {
    "ID Number": "14911906"
  },
  {
    "ID Number": "14946343"
  },
  {
    "ID Number": "14960753"
  },
  {
    "ID Number": "14912783"
  },
  {
    "ID Number": "14911477"
  },
  {
    "ID Number": "14936232"
  },
  {
    "ID Number": "14931400"
  },
  {
    "ID Number": "14963140"
  },
  {
    "ID Number": "14941058"
  },
  {
    "ID Number": "14900521"
  },
  {
    "ID Number": "14978954"
  },
  {
    "ID Number": "14913488"
  },
  {
    "ID Number": "14924366"
  },
  {
    "ID Number": "14905345"
  },
  {
    "ID Number": "14934450"
  },
  {
    "ID Number": "14920026"
  },
  {
    "ID Number": "14930854"
  },
  {
    "ID Number": "14937050"
  },
  {
    "ID Number": "14985772"
  },
  {
    "ID Number": "14928930"
  },
  {
    "ID Number": "14936410"
  },
  {
    "ID Number": "14955253"
  },
  {
    "ID Number": "14946238"
  },
  {
    "ID Number": "14904390"
  },
  {
    "ID Number": "14995433"
  },
  {
    "ID Number": "14962918"
  },
  {
    "ID Number": "14981831"
  },
  {
    "ID Number": "14905795"
  },
  {
    "ID Number": "14973200"
  },
  {
    "ID Number": "14913780"
  },
  {
    "ID Number": "14901757"
  },
  {
    "ID Number": "14977362"
  },
  {
    "ID Number": "14951312"
  },
  {
    "ID Number": "14902621"
  },
  {
    "ID Number": "14919346"
  },
  {
    "ID Number": "14924404"
  },
  {
    "ID Number": "14900335"
  },
  {
    "ID Number": "14984857"
  },
  {
    "ID Number": "14993422"
  },
  {
    "ID Number": "14933535"
  },
  {
    "ID Number": "14955113"
  },
  {
    "ID Number": "14934477"
  },
  {
    "ID Number": "14948052"
  },
  {
    "ID Number": "14900173"
  },
  {
    "ID Number": "14902036"
  },
  {
    "ID Number": "14966697"
  },
  {
    "ID Number": "14966417"
  },
  {
    "ID Number": "14903806"
  },
  {
    "ID Number": "14931958"
  },
  {
    "ID Number": "14974770"
  },
  {
    "ID Number": "14905981"
  },
  {
    "ID Number": "14903830"
  },
  {
    "ID Number": "73601659"
  },
  {
    "ID Number": "14906007"
  },
  {
    "ID Number": "14958520"
  },
  {
    "ID Number": "14923076"
  },
  {
    "ID Number": "14928450"
  },
  {
    "ID Number": "14943999"
  },
  {
    "ID Number": "14905388"
  },
  {
    "ID Number": "14972042"
  },
  {
    "ID Number": "14947030"
  },
  {
    "ID Number": "14941350"
  },
  {
    "ID Number": "14905442"
  },
  {
    "ID Number": "14902486"
  },
  {
    "ID Number": "14934086"
  },
  {
    "ID Number": "14932601"
  },
  {
    "ID Number": "14964678"
  },
  {
    "ID Number": "14925273"
  },
  {
    "ID Number": "14956551"
  },
  {
    "ID Number": "14955245"
  },
  {
    "ID Number": "14918765"
  },
  {
    "ID Number": "14948079"
  },
  {
    "ID Number": "14923181"
  },
  {
    "ID Number": "14923190"
  },
  {
    "ID Number": "14919524"
  },
  {
    "ID Number": "14917866"
  },
  {
    "ID Number": "14910217"
  },
  {
    "ID Number": "14923432"
  },
  {
    "ID Number": "14904861"
  },
  {
    "ID Number": "14983559"
  },
  {
    "ID Number": "14978326"
  },
  {
    "ID Number": "14948230"
  },
  {
    "ID Number": "14969912"
  },
  {
    "ID Number": "14976293"
  },
  {
    "ID Number": "14993848"
  },
  {
    "ID Number": "14904985"
  },
  {
    "ID Number": "14977273"
  },
  {
    "ID Number": "14952300"
  },
  {
    "ID Number": "14918587"
  },
  {
    "ID Number": "14904420"
  },
  {
    "ID Number": "14951126"
  },
  {
    "ID Number": "14909022"
  },
  {
    "ID Number": "14937964"
  },
  {
    "ID Number": "14991527"
  },
  {
    "ID Number": "14930927"
  },
  {
    "ID Number": "14940760"
  },
  {
    "ID Number": "14928566"
  },
  {
    "ID Number": "14933136"
  },
  {
    "ID Number": "14906430"
  },
  {
    "ID Number": "14933578"
  },
  {
    "ID Number": "14909367"
  },
  {
    "ID Number": "14980231"
  },
  {
    "ID Number": "14924439"
  },
  {
    "ID Number": "14913330"
  },
  {
    "ID Number": "14972387"
  },
  {
    "ID Number": "14943794"
  },
  {
    "ID Number": "14904616"
  },
  {
    "ID Number": "549000098"
  },
  {
    "ID Number": "14902443"
  },
  {
    "ID Number": "73616427"
  },
  {
    "ID Number": "73616419"
  },
  {
    "ID Number": "14977087"
  },
  {
    "ID Number": "14976323"
  },
  {
    "ID Number": "14913810"
  },
  {
    "ID Number": "14903741"
  },
  {
    "ID Number": "14962195"
  },
  {
    "ID Number": "14917459"
  },
  {
    "ID Number": "14908131"
  },
  {
    "ID Number": "14974398"
  },
  {
    "ID Number": "14976773"
  },
  {
    "ID Number": "14907445"
  },
  {
    "ID Number": "14958660"
  },
  {
    "ID Number": "14938685"
  },
  {
    "ID Number": "14952467"
  },
  {
    "ID Number": "14948249"
  },
  {
    "ID Number": "14976951"
  },
  {
    "ID Number": "14906244"
  },
  {
    "ID Number": "14904659"
  },
  {
    "ID Number": "14905574"
  },
  {
    "ID Number": "73617121"
  },
  {
    "ID Number": "14918820"
  },
  {
    "ID Number": "14940779"
  },
  {
    "ID Number": "14916460"
  },
  {
    "ID Number": "14935635"
  },
  {
    "ID Number": "14974517"
  },
  {
    "ID Number": "14974525"
  },
  {
    "ID Number": "14975467"
  },
  {
    "ID Number": "14916479"
  },
  {
    "ID Number": "14994003"
  },
  {
    "ID Number": "14922428"
  },
  {
    "ID Number": "14954753"
  },
  {
    "ID Number": "14954745"
  },
  {
    "ID Number": "14983281"
  },
  {
    "ID Number": "14910535"
  },
  {
    "ID Number": "14956047"
  },
  {
    "ID Number": "14905310"
  },
  {
    "ID Number": "14926202"
  },
  {
    "ID Number": "14926970"
  },
  {
    "ID Number": "14948788"
  },
  {
    "ID Number": "14911949"
  },
  {
    "ID Number": "14912465"
  },
  {
    "ID Number": "14901650"
  },
  {
    "ID Number": "14902370"
  },
  {
    "ID Number": "14963272"
  },
  {
    "ID Number": "14966662"
  },
  {
    "ID Number": "14941066"
  },
  {
    "ID Number": "14906198"
  },
  {
    "ID Number": "14970341"
  },
  {
    "ID Number": "14906120"
  },
  {
    "ID Number": "14908395"
  },
  {
    "ID Number": "14900114"
  },
  {
    "ID Number": "14912201"
  },
  {
    "ID Number": "14948559"
  },
  {
    "ID Number": "14954990"
  },
  {
    "ID Number": "14949040"
  },
  {
    "ID Number": "14900238"
  },
  {
    "ID Number": "14922479"
  },
  {
    "ID Number": "14960745"
  },
  {
    "ID Number": "14924510"
  },
  {
    "ID Number": "14963353"
  },
  {
    "ID Number": "14923130"
  },
  {
    "ID Number": "14902826"
  },
  {
    "ID Number": "14927004"
  },
  {
    "ID Number": "14934841"
  },
  {
    "ID Number": "73604526"
  },
  {
    "ID Number": "14916541"
  },
  {
    "ID Number": "14967499"
  },
  {
    "ID Number": "14930889"
  },
  {
    "ID Number": "14986388"
  },
  {
    "ID Number": "14922487"
  },
  {
    "ID Number": "14963388"
  },
  {
    "ID Number": "14900068"
  },
  {
    "ID Number": "14936925"
  },
  {
    "ID Number": "14975416"
  },
  {
    "ID Number": "14905051"
  },
  {
    "ID Number": "14931990"
  },
  {
    "ID Number": "14932008"
  },
  {
    "ID Number": "14963639"
  },
  {
    "ID Number": "14912279"
  },
  {
    "ID Number": "73605980"
  },
  {
    "ID Number": "14996324"
  },
  {
    "ID Number": "73601144"
  },
  {
    "ID Number": "14936259"
  },
  {
    "ID Number": "14955830"
  },
  {
    "ID Number": "14955750"
  },
  {
    "ID Number": "14971100"
  },
  {
    "ID Number": "14948400"
  },
  {
    "ID Number": "14944006"
  },
  {
    "ID Number": "14949113"
  },
  {
    "ID Number": "14901870"
  },
  {
    "ID Number": "14921529"
  },
  {
    "ID Number": "14946874"
  },
  {
    "ID Number": "14902982"
  },
  {
    "ID Number": "73616508"
  },
  {
    "ID Number": "14913518"
  },
  {
    "ID Number": "14907984"
  },
  {
    "ID Number": "14955725"
  },
  {
    "ID Number": "14901340"
  },
  {
    "ID Number": "14910284"
  },
  {
    "ID Number": "14975777"
  },
  {
    "ID Number": "385484"
  },
  {
    "ID Number": "14911965"
  },
  {
    "ID Number": "14906457"
  },
  {
    "ID Number": "14916584"
  },
  {
    "ID Number": "14925842"
  },
  {
    "ID Number": "14912287"
  },
  {
    "ID Number": "14904489"
  },
  {
    "ID Number": "14903180"
  },
  {
    "ID Number": "14909260"
  },
  {
    "ID Number": "14966859"
  },
  {
    "ID Number": "14966778"
  },
  {
    "ID Number": "14907666"
  },
  {
    "ID Number": "14966573"
  },
  {
    "ID Number": "14995140"
  },
  {
    "ID Number": "73620017"
  },
  {
    "ID Number": "14994445"
  },
  {
    "ID Number": "14955210"
  },
  {
    "ID Number": "14952297"
  },
  {
    "ID Number": "14933756"
  },
  {
    "ID Number": "14977397"
  },
  {
    "ID Number": "14970210"
  },
  {
    "ID Number": "2860376"
  },
  {
    "ID Number": "14913542"
  },
  {
    "ID Number": "14925850"
  },
  {
    "ID Number": "14904918"
  },
  {
    "ID Number": "14905256"
  },
  {
    "ID Number": "14906503"
  },
  {
    "ID Number": "14976960"
  },
  {
    "ID Number": "14957680"
  },
  {
    "ID Number": "14918781"
  },
  {
    "ID Number": "14900440"
  },
  {
    "ID Number": "14964074"
  },
  {
    "ID Number": "14902460"
  },
  {
    "ID Number": "14906562"
  },
  {
    "ID Number": "14936771"
  },
  {
    "ID Number": "14976986"
  },
  {
    "ID Number": "14977150"
  },
  {
    "ID Number": "14907925"
  },
  {
    "ID Number": "14907453"
  },
  {
    "ID Number": "14902877"
  },
  {
    "ID Number": "14909626"
  },
  {
    "ID Number": "14958651"
  },
  {
    "ID Number": "73608238"
  },
  {
    "ID Number": "14941961"
  },
  {
    "ID Number": "14968363"
  },
  {
    "ID Number": "14972638"
  },
  {
    "ID Number": "14936267"
  },
  {
    "ID Number": "73611409"
  },
  {
    "ID Number": "73611395"
  },
  {
    "ID Number": "14900386"
  },
  {
    "ID Number": "14908468"
  },
  {
    "ID Number": "14947480"
  },
  {
    "ID Number": "14972166"
  },
  {
    "ID Number": "14940787"
  },
  {
    "ID Number": "14940795"
  },
  {
    "ID Number": "14927063"
  },
  {
    "ID Number": "14938723"
  },
  {
    "ID Number": "14912937"
  },
  {
    "ID Number": "14907461"
  },
  {
    "ID Number": "14936372"
  },
  {
    "ID Number": "14959836"
  },
  {
    "ID Number": "14959828"
  },
  {
    "ID Number": "14947498"
  },
  {
    "ID Number": "14943581"
  },
  {
    "ID Number": "14910349"
  },
  {
    "ID Number": "14956020"
  },
  {
    "ID Number": "14908832"
  },
  {
    "ID Number": "14912627"
  },
  {
    "ID Number": "14939789"
  },
  {
    "ID Number": "14951797"
  },
  {
    "ID Number": "14914328"
  },
  {
    "ID Number": "14944200"
  },
  {
    "ID Number": "14941660"
  },
  {
    "ID Number": "14901889"
  },
  {
    "ID Number": "14923521"
  },
  {
    "ID Number": "14982536"
  },
  {
    "ID Number": "14938758"
  },
  {
    "ID Number": "14935406"
  },
  {
    "ID Number": "14903890"
  },
  {
    "ID Number": "14916630"
  },
  {
    "ID Number": "14945843"
  },
  {
    "ID Number": "14945851"
  },
  {
    "ID Number": "14948478"
  },
  {
    "ID Number": "14926245"
  },
  {
    "ID Number": "14947501"
  },
  {
    "ID Number": "14912015"
  },
  {
    "ID Number": "14931044"
  },
  {
    "ID Number": "14947510"
  },
  {
    "ID Number": "14976900"
  },
  {
    "ID Number": "14966786"
  },
  {
    "ID Number": "14931052"
  },
  {
    "ID Number": "14933306"
  },
  {
    "ID Number": "14988267"
  },
  {
    "ID Number": "14991586"
  },
  {
    "ID Number": "14959690"
  },
  {
    "ID Number": "14986930"
  },
  {
    "ID Number": "14962217"
  },
  {
    "ID Number": "14972123"
  },
  {
    "ID Number": "14932032"
  },
  {
    "ID Number": "14923084"
  },
  {
    "ID Number": "14923238"
  },
  {
    "ID Number": "14938766"
  },
  {
    "ID Number": "14906791"
  },
  {
    "ID Number": "14972239"
  },
  {
    "ID Number": "14958961"
  },
  {
    "ID Number": "14960656"
  },
  {
    "ID Number": "14940744"
  },
  {
    "ID Number": "14944677"
  },
  {
    "ID Number": "14972557"
  },
  {
    "ID Number": "14935422"
  },
  {
    "ID Number": "14922622"
  },
  {
    "ID Number": "14971933"
  },
  {
    "ID Number": "14973880"
  },
  {
    "ID Number": "14983338"
  },
  {
    "ID Number": "14931532"
  },
  {
    "ID Number": "14919036"
  },
  {
    "ID Number": "14919532"
  },
  {
    "ID Number": "14949628"
  },
  {
    "ID Number": "14941082"
  },
  {
    "ID Number": "14995948"
  },
  {
    "ID Number": "14934639"
  },
  {
    "ID Number": "14949636"
  },
  {
    "ID Number": "14966549"
  },
  {
    "ID Number": "14902770"
  },
  {
    "ID Number": "14916703"
  },
  {
    "ID Number": "14975858"
  },
  {
    "ID Number": "14956594"
  },
  {
    "ID Number": "73616290"
  },
  {
    "ID Number": "14906678"
  },
  {
    "ID Number": "14995310"
  },
  {
    "ID Number": "303925"
  },
  {
    "ID Number": "14959704"
  },
  {
    "ID Number": "14902893"
  },
  {
    "ID Number": "14940710"
  },
  {
    "ID Number": "14940680"
  },
  {
    "ID Number": "14935155"
  },
  {
    "ID Number": "14911035"
  },
  {
    "ID Number": "14908840"
  },
  {
    "ID Number": "14925923"
  },
  {
    "ID Number": "14965410"
  },
  {
    "ID Number": "14983974"
  },
  {
    "ID Number": "14908166"
  },
  {
    "ID Number": "14932059"
  },
  {
    "ID Number": "14939061"
  },
  {
    "ID Number": "14944065"
  },
  {
    "ID Number": "14951649"
  },
  {
    "ID Number": "14945894"
  },
  {
    "ID Number": "14936488"
  },
  {
    "ID Number": "14939959"
  },
  {
    "ID Number": "14945460"
  },
  {
    "ID Number": "14929023"
  },
  {
    "ID Number": "14929040"
  },
  {
    "ID Number": "73613665"
  },
  {
    "ID Number": "14961946"
  },
  {
    "ID Number": "14906287"
  },
  {
    "ID Number": "14907119"
  },
  {
    "ID Number": "14944626"
  },
  {
    "ID Number": "14947706"
  },
  {
    "ID Number": "14955261"
  },
  {
    "ID Number": "14917572"
  },
  {
    "ID Number": "14946718"
  },
  {
    "ID Number": "14901986"
  },
  {
    "ID Number": "14945339"
  },
  {
    "ID Number": "14986620"
  },
  {
    "ID Number": "14902435"
  },
  {
    "ID Number": "14908859"
  },
  {
    "ID Number": "14929210"
  },
  {
    "ID Number": "14911418"
  },
  {
    "ID Number": "14948982"
  },
  {
    "ID Number": "14944596"
  },
  {
    "ID Number": "14948540"
  },
  {
    "ID Number": "14937450"
  },
  {
    "ID Number": "14917629"
  },
  {
    "ID Number": "14905671"
  },
  {
    "ID Number": "14977419"
  },
  {
    "ID Number": "14910365"
  },
  {
    "ID Number": "14908549"
  },
  {
    "ID Number": "14973308"
  },
  {
    "ID Number": "14906902"
  },
  {
    "ID Number": "14940817"
  },
  {
    "ID Number": "14905175"
  },
  {
    "ID Number": "14963833"
  },
  {
    "ID Number": "14902427"
  },
  {
    "ID Number": "14918684"
  },
  {
    "ID Number": "14936119"
  },
  {
    "ID Number": "14947773"
  },
  {
    "ID Number": "14943948"
  },
  {
    "ID Number": "14967510"
  },
  {
    "ID Number": "14909545"
  },
  {
    "ID Number": "14923254"
  },
  {
    "ID Number": "14940620"
  },
  {
    "ID Number": "14912040"
  },
  {
    "ID Number": "14944812"
  },
  {
    "ID Number": "14948419"
  },
  {
    "ID Number": "14943875"
  },
  {
    "ID Number": "14921618"
  },
  {
    "ID Number": "14926253"
  },
  {
    "ID Number": "14905116"
  },
  {
    "ID Number": "14945878"
  },
  {
    "ID Number": "14900343"
  },
  {
    "ID Number": "14944243"
  },
  {
    "ID Number": "14912490"
  },
  {
    "ID Number": "14961296"
  },
  {
    "ID Number": "73623571"
  },
  {
    "ID Number": "14959712"
  },
  {
    "ID Number": "14905434"
  },
  {
    "ID Number": "14968070"
  },
  {
    "ID Number": "14969440"
  },
  {
    "ID Number": "14960958"
  },
  {
    "ID Number": "14964139"
  },
  {
    "ID Number": "14948818"
  },
  {
    "ID Number": "14902303"
  },
  {
    "ID Number": "14922819"
  },
  {
    "ID Number": "14939088"
  },
  {
    "ID Number": "14936135"
  },
  {
    "ID Number": "14923653"
  },
  {
    "ID Number": "14903270"
  },
  {
    "ID Number": "14902672"
  },
  {
    "ID Number": "14959895"
  },
  {
    "ID Number": "14988607"
  },
  {
    "ID Number": "14917653"
  },
  {
    "ID Number": "14908581"
  },
  {
    "ID Number": "73611786"
  },
  {
    "ID Number": "14904926"
  },
  {
    "ID Number": "14948060"
  },
  {
    "ID Number": "14948036"
  },
  {
    "ID Number": "14909600"
  },
  {
    "ID Number": "14910381"
  },
  {
    "ID Number": "14927420"
  },
  {
    "ID Number": "14918102"
  },
  {
    "ID Number": "14916860"
  },
  {
    "ID Number": "14970481"
  },
  {
    "ID Number": "14913224"
  },
  {
    "ID Number": "14938812"
  },
  {
    "ID Number": "14983001"
  },
  {
    "ID Number": "14904195"
  },
  {
    "ID Number": "14948699"
  },
  {
    "ID Number": "14969700"
  },
  {
    "ID Number": "14946890"
  },
  {
    "ID Number": "14944499"
  },
  {
    "ID Number": "14983621"
  },
  {
    "ID Number": "14912066"
  },
  {
    "ID Number": "73622842"
  },
  {
    "ID Number": "73622834"
  },
  {
    "ID Number": "14962136"
  },
  {
    "ID Number": "14913046"
  },
  {
    "ID Number": "14901307"
  },
  {
    "ID Number": "14904292"
  },
  {
    "ID Number": "14949644"
  },
  {
    "ID Number": "14937115"
  },
  {
    "ID Number": "14918854"
  },
  {
    "ID Number": "14932326"
  },
  {
    "ID Number": "14941899"
  },
  {
    "ID Number": "14960672"
  },
  {
    "ID Number": "14918714"
  },
  {
    "ID Number": "14931125"
  },
  {
    "ID Number": "14900610"
  },
  {
    "ID Number": "14993341"
  },
  {
    "ID Number": "14968320"
  },
  {
    "ID Number": "14912996"
  },
  {
    "ID Number": "14924676"
  },
  {
    "ID Number": "14924684"
  },
  {
    "ID Number": "333441"
  },
  {
    "ID Number": "14905698"
  },
  {
    "ID Number": "14955024"
  },
  {
    "ID Number": "73611778"
  },
  {
    "ID Number": "14907216"
  },
  {
    "ID Number": "14948494"
  },
  {
    "ID Number": "14974428"
  },
  {
    "ID Number": "14973448"
  },
  {
    "ID Number": "14916916"
  },
  {
    "ID Number": "14962144"
  },
  {
    "ID Number": "14920077"
  },
  {
    "ID Number": "14962128"
  },
  {
    "ID Number": "14939436"
  },
  {
    "ID Number": "14905060"
  },
  {
    "ID Number": "14911370"
  },
  {
    "ID Number": "14913003"
  },
  {
    "ID Number": "14981874"
  },
  {
    "ID Number": "14937131"
  },
  {
    "ID Number": "14944685"
  },
  {
    "ID Number": "14923785"
  },
  {
    "ID Number": "14947951"
  },
  {
    "ID Number": "14914921"
  },
  {
    "ID Number": "14962233"
  },
  {
    "ID Number": "14910500"
  },
  {
    "ID Number": "14904217"
  },
  {
    "ID Number": "14931540"
  },
  {
    "ID Number": "14928795"
  },
  {
    "ID Number": "14916940"
  },
  {
    "ID Number": "14913259"
  },
  {
    "ID Number": "14916967"
  },
  {
    "ID Number": "14907259"
  },
  {
    "ID Number": "14928710"
  },
  {
    "ID Number": "14977559"
  },
  {
    "ID Number": "740411"
  },
  {
    "ID Number": "14904470"
  },
  {
    "ID Number": "14971950"
  },
  {
    "ID Number": "14944642"
  },
  {
    "ID Number": "14913054"
  },
  {
    "ID Number": "14901749"
  },
  {
    "ID Number": "14918730"
  },
  {
    "ID Number": "14979420"
  },
  {
    "ID Number": "14953790"
  },
  {
    "ID Number": "14941309"
  },
  {
    "ID Number": "14920735"
  },
  {
    "ID Number": "14911515"
  },
  {
    "ID Number": "14945061"
  },
  {
    "ID Number": "14946327"
  },
  {
    "ID Number": "14912821"
  },
  {
    "ID Number": "14992590"
  },
  {
    "ID Number": "14951657"
  },
  {
    "ID Number": "549000160"
  },
  {
    "ID Number": "14936178"
  },
  {
    "ID Number": "14988682"
  },
  {
    "ID Number": "14935180"
  },
  {
    "ID Number": "14969360"
  },
  {
    "ID Number": "73618721"
  },
  {
    "ID Number": "73616265"
  },
  {
    "ID Number": "34134611"
  },
  {
    "ID Number": "14980720"
  },
  {
    "ID Number": "14979314"
  },
  {
    "ID Number": "14948630"
  },
  {
    "ID Number": "14901080"
  },
  {
    "ID Number": "14931710"
  },
  {
    "ID Number": "14991403"
  },
  {
    "ID Number": "14922932"
  },
  {
    "ID Number": "14934213"
  },
  {
    "ID Number": "14941317"
  },
  {
    "ID Number": "14942780"
  },
  {
    "ID Number": "14907844"
  },
  {
    "ID Number": "14972573"
  },
  {
    "ID Number": "14988810"
  },
  {
    "ID Number": "14931729"
  },
  {
    "ID Number": "14976935"
  },
  {
    "ID Number": "14976943"
  },
  {
    "ID Number": "14901030"
  },
  {
    "ID Number": "14936690"
  },
  {
    "ID Number": "14922690"
  },
  {
    "ID Number": "14920204"
  },
  {
    "ID Number": "14902001"
  },
  {
    "ID Number": "14962527"
  },
  {
    "ID Number": "14901919"
  },
  {
    "ID Number": "14957868"
  },
  {
    "ID Number": "14905957"
  },
  {
    "ID Number": "14943069"
  },
  {
    "ID Number": "73616400"
  },
  {
    "ID Number": "14935724"
  },
  {
    "ID Number": "14901161"
  },
  {
    "ID Number": "14943077"
  },
  {
    "ID Number": "14976510"
  },
  {
    "ID Number": "14917955"
  },
  {
    "ID Number": "14993619"
  },
  {
    "ID Number": "14999544"
  },
  {
    "ID Number": "14922940"
  },
  {
    "ID Number": "14909790"
  },
  {
    "ID Number": "14906341"
  },
  {
    "ID Number": "14957000"
  },
  {
    "ID Number": "14927870"
  },
  {
    "ID Number": "14960710"
  },
  {
    "ID Number": "14984385"
  },
  {
    "ID Number": "14904152"
  },
  {
    "ID Number": "14955903"
  },
  {
    "ID Number": "14936194"
  },
  {
    "ID Number": "14938308"
  },
  {
    "ID Number": "14910420"
  },
  {
    "ID Number": "14908921"
  },
  {
    "ID Number": "14920212"
  },
  {
    "ID Number": "14914379"
  },
  {
    "ID Number": "14964163"
  },
  {
    "ID Number": "14901200"
  },
  {
    "ID Number": "14917084"
  },
  {
    "ID Number": "14920220"
  },
  {
    "ID Number": "14901838"
  },
  {
    "ID Number": "14964309"
  },
  {
    "ID Number": "14929368"
  },
  {
    "ID Number": "14924757"
  },
  {
    "ID Number": "14906651"
  },
  {
    "ID Number": "14951681"
  },
  {
    "ID Number": "14950430"
  },
  {
    "ID Number": "14906570"
  },
  {
    "ID Number": "14906473"
  },
  {
    "ID Number": "14919010"
  },
  {
    "ID Number": "14912171"
  },
  {
    "ID Number": "14920107"
  },
  {
    "ID Number": "14902087"
  },
  {
    "ID Number": "14975866"
  },
  {
    "ID Number": "14937557"
  },
  {
    "ID Number": "14920980"
  },
  {
    "ID Number": "14977176"
  },
  {
    "ID Number": "14957019"
  },
  {
    "ID Number": "14962055"
  },
  {
    "ID Number": "14910454"
  },
  {
    "ID Number": "14923467"
  },
  {
    "ID Number": "73621099"
  },
  {
    "ID Number": "14948524"
  },
  {
    "ID Number": "14948532"
  },
  {
    "ID Number": "73606804"
  }
]