[
  {
    "ID Number": "551029081"
  },
  {
    "ID Number": "527035778"
  },
  {
    "ID Number": "653003993"
  },
  {
    "ID Number": "551043742"
  },
  {
    "ID Number": "651077558"
  },
  {
    "ID Number": "551029090"
  },
  {
    "ID Number": "651091046"
  },
  {
    "ID Number": "551043637"
  },
  {
    "ID Number": "551056011"
  },
  {
    "ID Number": "651016702"
  },
  {
    "ID Number": "651077566"
  },
  {
    "ID Number": "551029189"
  },
  {
    "ID Number": "649686"
  },
  {
    "ID Number": "638960"
  },
  {
    "ID Number": "551033429"
  },
  {
    "ID Number": "653089650"
  },
  {
    "ID Number": "653089685"
  },
  {
    "ID Number": "80428657"
  },
  {
    "ID Number": "26089530"
  },
  {
    "ID Number": "527056805"
  },
  {
    "ID Number": "80431739"
  },
  {
    "ID Number": "653038630"
  },
  {
    "ID Number": "653006127"
  }
]