ID Number,Name,Fed,Sex,Title,WTit,OTit,FOA,Rating,Gms,K,B-day,Flag
3303519,"Aban, Amado",BOL,M,,,,1809,AUG25,0,20,1966,i
3307573,"Abasto Chavez, Dorian Quintin",BOL,M,,,,1875,AUG25,0,20,1997,
3331423,"Abularach Vera, Jairo Andres",BOL,M,,,,1546,AUG25,5,20,1999,
3326942,"Acapa Mamani, Jhonathan",BOL,M,,,,1680,AUG25,0,20,2003,
3343901,"Acarapi Velasco, Ronaldo",BOL,M,,,,1642,AUG25,0,40,2007,
3311562,"Accinelli, Itzel",BOL,F,,,,1620,AUG25,0,20,2004,wi
3302199,"Accinelli, Javier",BOL,M,,,,1938,AUG25,0,20,1977,i
3357619,"Achata Cano, Juan David",BOL,M,,,,1587,AUG25,7,40,2008,
3334392,"Acho Yujra, Adhemar Logan",BOL,M,,,,1781,AUG25,6,40,2010,
3332233,"Achocalla Huaipara, Pavel Andres",BOL,M,,,,1700,AUG25,9,20,2006,
3340341,"Aduviri Melendres, Nicolas",BOL,M,,,,1450,AUG25,0,40,2014,
3301397,"Agreda P., Mario",BOL,M,,,,2098,AUG25,0,20,1988,i
3334414,"Aguila Chura, Ryusei Yassir",BOL,M,,,,1440,AUG25,0,40,2013,i
3323978,"Aguilar Flores, Fidel",BOL,M,,,,1860,AUG25,0,20,1966,i
3324222,"Aguilar Morejon, Fidel Sebastian",BOL,M,,,,1551,AUG25,0,20,2006,i
3319571,"Aguilar Rios, Luis Daniel",BOL,M,,NA,,1777,AUG25,0,20,2000,i
3329895,"Aguilar Salazar, Americo",BOL,M,,,,1494,AUG25,0,40,2011,i
3300706,"Aguilar, Humberto",BOL,M,,,,2097,AUG25,0,20,0,i
3310876,"Aguilar, Irasema",BOL,F,,,,1590,AUG25,0,40,2007,wi
3323986,"Aguilar, Ivan .",BOL,M,,,,1687,AUG25,0,20,2000,i
3303187,"Aguilar, Luis Miguel",BOL,M,FM,,,2095,AUG25,0,20,1999,i
3312410,"Aguilar, Martin",BOL,M,,,,1462,AUG25,0,40,2008,i
3300650,"Aguilar, Pedro",BOL,M,CM,,,1886,AUG25,0,20,1987,i
3316866,"Aguirre Alcoba, Sebastian",BOL,M,,,,1579,AUG25,0,20,2004,i
3345068,"Ajata Fuentes, Raul",BOL,M,,,,1449,AUG25,0,20,1990,
3345017,"Ajata Ordonez, Nicolas Rayco",BOL,M,,,,1539,AUG25,0,40,2016,
3300323,"Ajata, Pabel",BOL,M,,,,1879,AUG25,0,20,1989,
3346072,"Ala Chiri, Brenda Areliz",BOL,F,,,,1443,AUG25,0,40,2016,w
3331210,"Ala Chiri, Jhamil Cristian",BOL,M,,,,1638,AUG25,0,40,2008,
3331229,"Ala Chiri, Keyli Escarlet",BOL,F,,,,1489,AUG25,0,40,2011,w
3322530,"Ala Lopez, Axel Fernando",BOL,M,,,,1568,AUG25,0,20,2005,i
3325474,"Ala Ortiz, Kevin Josue",BOL,M,,,,1724,AUG25,0,40,2009,
3339017,"Ala Ortiz, Mildred Ariana",BOL,F,,,,1482,AUG25,0,40,2014,w
3333671,"Alacoria Mena, Alejandro",BOL,M,,,,1446,AUG25,0,40,2013,
3317188,"Alanoca Torrez, Jefferson",BOL,M,,,,1773,AUG25,6,20,1998,
3338517,"Alarcon Miranda, Alejandro",BOL,M,,,,1821,AUG25,0,20,1981,i
3351602,"Alarcon Yavi, Salomon David",BOL,M,,,,1543,AUG25,0,40,2010,i
3306852,"Alba, Nicolas",BOL,M,,,,1839,AUG25,0,20,2002,i
3343340,"Albarez Telao, Armando",BOL,M,,,,1579,AUG25,0,20,2001,i
3328813,"Alcon Apaza, Carlos Daniel",BOL,M,,,,1579,AUG25,0,20,2002,i
3329682,"Alconz Huajlla, Andy Ubaldo",BOL,M,,,,1618,AUG25,6,40,2010,
3329429,"Alconz Huajlla, Luz Magely",BOL,F,,,,1506,AUG25,0,20,2006,wi
3315681,"Alejo Benavides, Alvin Marcelo",BOL,M,,,,1605,AUG25,0,40,2007,i
3324966,"Alejo Condori, Yosti Alexis",BOL,M,,,,1477,AUG25,0,20,2004,i
3366375,"Alejo Garcia, Mateo Cristhian",BOL,M,,,,1491,AUG25,0,40,2008,
3319857,"Alejo, Alex",BOL,M,,,,1668,AUG25,0,20,1999,i
3367401,"Alfaro Cabezas, Ricardo Martin",BOL,M,,,,1541,AUG25,0,40,2010,
3344533,"Almanza Mamani, Yeshua Gerardo",BOL,M,,,,1445,AUG25,0,40,2007,
3305805,"Almendras Cortez, Elias",BOL,M,,,,2044,AUG25,0,20,1982,
3341313,"Aloma Fernandez, Lariza",BOL,F,,,,1579,AUG25,0,40,2007,wi
3323757,"Alvarez Claros, Keila Melany",BOL,F,,,,1503,AUG25,0,40,2011,w
3323765,"Alvarez Martinez, Martin",BOL,M,,,,1709,AUG25,0,20,1994,i
3327051,"Alvarez Orellana, Isai Jeremi",BOL,M,,,,1736,AUG25,0,40,2012,
3320324,"Alvarez Plata, Alexandro",BOL,M,,,,1595,AUG25,0,20,2005,i
3333094,"Alvarez Sarmiento, Arnold Joseph",BOL,M,,,,1710,AUG25,0,40,2007,i
3333566,"Alvarez Sarmiento, Mayte Guadalupe",BOL,F,,,,1579,AUG25,0,40,2010,wi
3334597,"Alvarez, Adhemar",BOL,M,,,,1780,AUG25,0,20,1978,i
3304930,"Alvarez, Marco Antonio",BOL,M,,,,1892,AUG25,0,20,1999,
3310787,"Alvaro, Harnez",BOL,M,,,,1681,AUG25,0,20,2000,i
3302563,"Amador Soruco, Gabriel",BOL,M,,,,1431,AUG25,0,20,1950,i
3323080,"Ameller Flores, Catalina",BOL,F,,,,1470,AUG25,0,40,2011,wi
3304230,"Ameller Solano, Ronald David",BOL,M,,,,1643,AUG25,0,20,1971,i
3328449,"Amelunge Moreno, Oscar Alejandro",BOL,M,,,,1871,AUG25,8,40,2012,
3335496,"Amezaga Bejarano, Jonathan Luis",BOL,M,,,,1437,AUG25,0,20,1995,i
3351963,"Ampuero Rocha, Angelo Ariel",BOL,M,,,,1545,AUG25,0,20,1987,i
3329933,"Anaguaya Tito, Eliseo",BOL,M,,,,1716,AUG25,0,20,1965,i
3357775,"Ancasi Samacuri, Sergio Zadir",BOL,M,,,,1591,AUG25,5,40,2010,
3316262,"Andrade Guzman, Marco Alejandro",BOL,M,,,,1466,AUG25,0,40,2010,i
3313417,"Andrade, Luz",BOL,F,,,,1680,AUG25,0,20,2004,wi
3301141,"Anez, Carlos",BOL,M,,,,2145,AUG25,0,20,0,i
3332950,"Antezana Choquechambi, Jose Ervin",BOL,M,,,,1634,AUG25,0,20,2006,i
3336794,"Antezana Cordova, Hugo Alexis",BOL,M,,,,1425,AUG25,0,20,1971,i
3314693,"Antezana Peredo, Jhasmany Nemeci",BOL,M,,,,1728,AUG25,0,20,1981,i
3307301,"Antezana, Ariana",BOL,F,WCM,WCM,,1677,AUG25,0,20,2004,wi
3307298,"Antezana, Sergio",BOL,M,,,,1674,AUG25,0,20,2003,i
3357490,"Aparicio Miranda, Cesar Sebastian",BOL,M,,,,1562,AUG25,0,40,2009,
3315690,"Apaza Aranibar, Isaac",BOL,M,,,,1594,AUG25,0,20,2005,i
3315703,"Apaza Quispe, Alexis Edgar",BOL,M,,,,1719,AUG25,0,20,2004,i
3326268,"Apaza Ricaldi, Dylan Brian",BOL,M,,,,1569,AUG25,0,20,2006,i
3326845,"Apaza Romero, Matias Eduviel",BOL,M,,,,1600,AUG25,0,40,2010,i
3353206,"Apaza Salas, David Uriel",BOL,M,,,,1405,AUG25,6,40,2015,
3311090,"Apaza, Josue",BOL,M,,,,1670,AUG25,0,20,2001,
3341062,"Aquise Huanca, Matias Fernando",BOL,M,,,,1480,AUG25,0,40,2014,i
3340910,"Ara Villa, Jorge",BOL,M,,,,1435,AUG25,0,40,2009,i
3351416,"Aramayo Calle, Fabio Daniel",BOL,M,,,,1557,AUG25,0,40,2012,
3320294,"Aramayo Karageorge, Daniel",BOL,M,,,,1581,AUG25,0,20,2002,i
3305619,"Aramayo, Gabriel",BOL,M,,,,1919,AUG25,0,20,1998,i
3306860,"Aramayo, Miguel",BOL,M,,,,1743,AUG25,0,20,0,i
3309061,"Aramayo, Sebastian",BOL,M,CM,,,1776,AUG25,0,20,2006,i
3350410,"Arancibia Ochoa, David",BOL,M,,,,1586,AUG25,0,40,2008,
3312232,"Arancibia, Alejandro",BOL,M,,,,1709,AUG25,0,20,2003,i
3304540,"Arancibia, Wilson",BOL,M,,,,1620,AUG25,0,20,0,i
3325288,"Aranibar Barrios, Rene Ricardo",BOL,M,,,,1803,AUG25,0,20,1990,i
3320316,"Araujo Arnez, Alexia",BOL,F,,,,1530,AUG25,0,20,2002,wi
3317684,"Araujo Miranda, Styven Sandro",BOL,M,,,,1628,AUG25,0,20,2005,
3316882,"Araujo, Amilcar",BOL,M,,,,1715,AUG25,0,20,2003,
3336905,"Arce Arce, Luis",BOL,M,,,,1540,AUG25,0,20,1982,
3335712,"Arce Arduz, Luis Fernando",BOL,M,,,,1605,AUG25,0,40,2011,
3367762,"Arce Calle, Alain Jhamil",BOL,M,,,,1507,AUG25,0,40,2010,
3313824,"Arce, Alejandro",BOL,M,,,,1442,AUG25,0,20,2006,i
3314049,"Arce, Angela",BOL,F,,,,1447,AUG25,0,40,2008,wi
3313182,"Arce, Laura",BOL,F,,,,1654,AUG25,0,20,2002,wi
3314057,"Arce, Valeria",BOL,F,,,,1549,AUG25,0,40,2008,wi
3321444,"Arcienega Lopez, Alejandro",BOL,M,,,,1509,AUG25,0,40,2010,i
3318230,"Arduz Rengel, Sofia",BOL,F,,,,1436,AUG25,0,40,2007,w
3342166,"Areco Palacios, Enzo Demian",BOL,M,,,,1418,AUG25,0,40,2015,i
3338827,"Arellano Sejas, Ana Valeria",BOL,F,,,,1474,AUG25,5,40,2007,w
3350940,"Arevalo Heredia, Matias Antonio",BOL,M,,,,1417,AUG25,0,40,2008,i
3348180,"Arias Navia, Victor Augusto",BOL,M,,,,1470,AUG25,3,40,2015,
3315029,"Arias, Alex",BOL,M,,,,1770,AUG25,0,20,1993,i
3300293,"Arias, Jorge",BOL,M,,,,1879,AUG25,0,20,1984,i
3306356,"Arias, Melvin",BOL,M,,,,1887,AUG25,0,20,1992,i
3300307,"Arias, Pablo",BOL,M,CM,,,1972,AUG25,0,20,1995,i
3321584,"Armijo Mamani, Alvaro Roger",BOL,M,,,,1614,AUG25,0,20,2003,i
3333370,"Arnez Vargas, Anderson",BOL,M,,,,1826,AUG25,0,40,2009,
3303330,"Arnez, Lennin",BOL,M,,,,1933,AUG25,6,20,1963,
3344517,"Arrojas Pena, Melissa Jheandira",BOL,F,,,,1596,AUG25,0,40,2016,wi
3328112,"Arroyo Moya, Juan Andres",BOL,M,,,,1462,AUG25,0,20,2004,i
3335739,"Arteaga Herbas, Thiago Andre",BOL,M,,,,1669,AUG25,5,40,2016,
3331377,"Arteaga Marzana, Juan Carlos",BOL,M,,,,1780,AUG25,0,20,1992,i
3306631,"Arteaga Perez, Hugo David",BOL,M,,,,1778,AUG25,6,20,1996,
3306895,"Aruquipa, Juan",BOL,M,,,,1704,AUG25,0,20,2001,i
3367770,"Arze Flores, Asier David",BOL,M,,,,1440,AUG25,0,40,2015,
3329887,"Avila Sunavi, Jhoel Adalid",BOL,M,,,,1410,AUG25,0,20,2005,i
3335747,"Avila Zurita, Kiara Victoria",BOL,F,,,,1672,AUG25,5,40,2011,w
3302938,"Avila, Carlos",BOL,M,CM,,,1964,AUG25,0,20,2001,i
3304680,"Avila, Milder",BOL,M,,,,1779,AUG25,0,20,2003,i
3312445,"Aviles Portal, Pedro Carlos",BOL,M,,,,1733,AUG25,0,20,2006,
3314561,"Bacarreza, Samuel",BOL,M,,,,1555,AUG25,0,40,2010,i
3350282,"Balandra Prado, Francisco Joe",BOL,M,,,,1483,AUG25,0,20,2006,i
3306194,"Balcera, Carlos",BOL,M,,,,1878,AUG25,0,20,1998,i
3317692,"Balderrama Cavita, Emmanuel",BOL,M,,,,1739,AUG25,0,20,2004,i
3325911,"Baldiviezo Plata, Ariadne",BOL,F,,,,1499,AUG25,0,40,2007,wi
3316270,"Baltazar Llave, Mauricio Shangai",BOL,M,,,,1504,AUG25,0,40,2008,i
3329690,"Baltazar Llave, Patrick Aaron",BOL,M,,,,1437,AUG25,10,40,2010,
3351726,"Baltazar Rodriguez, Griselda",BOL,F,,,,1454,AUG25,0,40,2016,w
3301443,"Barbery, Alberto",BOL,M,,,,1825,AUG25,0,20,1969,i
3318354,"Barja Viveros, Matias Ariel",BOL,M,,,,1769,AUG25,0,40,2008,i
3325970,"Barrancos Zarate, Alvaro Gabriel",BOL,M,,,,1496,AUG25,0,40,2009,i
3318257,"Barros Jardi Arce, Sarai",BOL,F,,,,1440,AUG25,0,40,2007,w
3335470,"Barroso Benavides, Carlo Gennaro",BOL,M,,,,1791,AUG25,0,20,2006,
3342921,"Baspineiro F, Maria Fernanda",BOL,F,,,,1498,AUG25,5,40,2009,w
3302946,"Basto, Suely",BOL,F,,,,1874,AUG25,0,20,2000,wi
3333957,"Bautista Mayta, Brenda",BOL,F,,,,1578,AUG25,0,40,2009,wi
3345076,"Bazoalto Aquino, Leonardo",BOL,M,,,,1625,AUG25,0,40,2008,i
3336506,"Bedoya Lobo, Elias Gabriel",BOL,M,,,,1716,AUG25,0,20,2005,i
3369730,"Belen Itamari, Jhonny Jilmar",BOL,M,,,,1550,AUG25,7,40,1983,
3316890,"Bellota Ichaso, Josue",BOL,M,,,,1798,AUG25,0,20,2003,i
3310078,"Beltran Salvador, Milka",BOL,F,,,,1794,AUG25,0,20,2006,w
3320987,"Beltran Salvador, Rodrigo",BOL,M,,,,1498,AUG25,0,20,2002,i
3311830,"Beltran Salvador, Vania",BOL,F,,,,1421,AUG25,0,20,2004,wi
3314553,"Beltran Ticona, David Salomon",BOL,M,,,,1499,AUG25,0,40,2008,i
3313786,"Beltran Ticona, Sofia Abigail",BOL,F,,,,1426,AUG25,0,20,2006,wi
3357503,"Benitez Ramos, Yhossue Gabriel",BOL,M,,,,1669,AUG25,0,40,2008,
3305856,"Bennun, Carlos",BOL,M,,,,1673,AUG25,0,20,1975,
3357015,"Berdeja Morales, Ivan Alejandro",BOL,M,,,,1670,AUG25,0,40,2009,i
3339440,"Bernachi Menacho, Letizia",BOL,F,,,,1597,AUG25,7,40,2010,w
3302253,"Blanco, Norma",BOL,F,,,,1821,AUG25,0,20,1982,wi
3304094,"Bolanos, Fernando",BOL,M,FM,,,2136,AUG25,0,20,2000,
3315347,"Bolivar, Ezequiel",BOL,M,,,,1581,AUG25,0,20,2003,i
3302121,"Borda, Cesar",BOL,M,CM,,,1989,AUG25,0,20,1998,i
3358208,"Borja Villarruel, William Matias",BOL,M,,,,1415,AUG25,0,40,2011,
3309746,"Bracamonte, Humberto",BOL,M,,,,1911,AUG25,0,20,2006,
3311716,"Bracamonte, Leonel",BOL,M,,,,1562,AUG25,0,40,2009,
3314537,"Bracamonte, Rommel",BOL,M,,,,1550,AUG25,0,40,2007,i
3309533,"Bravo Espinoza, Sebastian",BOL,M,,,,1540,AUG25,0,20,2003,i
3309223,"Bravo Vaquera, Sandro",BOL,M,,,,1692,AUG25,0,20,1991,
3332594,"Bruckner Arias, Douglas",BOL,M,,,,1471,AUG25,0,20,2004,i
3304558,"Bucett Santa Cruz, Jean Pierry",BOL,M,,,,1640,AUG25,0,20,1990,
3307239,"Bustillos, Nathalia",BOL,F,,,,1713,AUG25,0,20,2005,wi
3327566,"Bustos Choque, Basilio",BOL,M,,,,1750,AUG25,0,20,1945,i
3302580,"Bustos, Juan C.",BOL,M,,,,1661,AUG25,4,20,0,
3304493,"Caba Hinojosa, Edgar",BOL,M,,,,1911,AUG25,0,20,1988,i
3326632,"Cabellos, Ezequiel Neyer",BOL,M,,,,1514,AUG25,0,40,2009,i
3309010,"Cabrera, Alexander",BOL,M,,,,1663,AUG25,0,20,0,i
3300790,"Cabrera, Elmo",BOL,M,,,,1862,AUG25,0,20,1953,i
3307620,"Cabrera, Manuel",BOL,M,,,,1844,AUG25,0,20,1998,i
3316289,"Caceres Guaygua, Jhon",BOL,M,,,,1561,AUG25,0,40,2009,i
3311902,"Caceres, Alejandro",BOL,M,,,,1446,AUG25,0,40,2008,i
3301168,"Caceres, Diego",BOL,M,,,,2111,AUG25,0,20,1989,
3317102,"Cachi Sirpa, Bryan Fernando",BOL,M,,,,1585,AUG25,6,20,2005,
3314529,"Cahuana Mamani, Mauricio Alain",BOL,M,,,,1440,AUG25,0,40,2010,i
3340350,"Cala Vela, Icker Antonio",BOL,M,,,,1491,AUG25,0,40,2012,i
3341844,"Calani Chavarria, Juan Bautista",BOL,M,,,,1599,AUG25,0,20,1978,i
3337626,"Calisaya Apaza, Beymar",BOL,M,,,,1720,AUG25,0,20,2006,i
3346927,"Calizaya Cruz, Gael",BOL,M,,,,1624,AUG25,9,40,2014,
3324834,"Calizaya Fuentes, Alejandro",BOL,M,,,,1467,AUG25,0,40,2007,i
3303560,"Calla, Gonzalo",BOL,M,,,,1938,AUG25,0,20,1993,i
3305490,"Calla, Saul",BOL,M,,,,1964,AUG25,0,20,0,i
3324842,"Callapa Parihuancollo, Micaela",BOL,F,,NA,,1431,AUG25,0,20,2004,wi
3306909,"Callata, Alejandra",BOL,F,,,,1628,AUG25,0,20,2004,wi
3350894,"Calle Aleluya, Keila Alexia",BOL,F,,,,1431,AUG25,0,40,2014,w
3338975,"Calle Zabala, Dusan",BOL,M,,,,1532,AUG25,0,40,2016,
3354695,"Callisaya Mamani, Luis Fernando",BOL,M,,,,1586,AUG25,0,40,2009,
3336107,"Callisaya Tipo, Oscar Juan",BOL,M,,,,1639,AUG25,0,40,2007,i
3348415,"Calsina Guachalla, Ivan",BOL,M,,,,1408,AUG25,0,20,2000,i
3315541,"Calvimontes, Zhaid",BOL,M,,,,1578,AUG25,0,20,2002,i
3338762,"Camacho Guevara, Gael Ivar",BOL,M,,,,1496,AUG25,0,40,2008,i
3310906,"Camacho, Pablo Alejandro",BOL,M,,,,1713,AUG25,0,20,2002,i
3300455,"Campero, Ronald",BOL,M,FM,,,1953,AUG25,0,20,1973,i
3310736,"Campos Oliveira, Leonel",BOL,M,,,,1455,AUG25,0,20,1984,
3332250,"Canaviri Delgado, Said Pabel",BOL,M,,,,1423,AUG25,0,20,2006,i
3333698,"Canaviri Suarez, Robin",BOL,M,,,,1519,AUG25,0,20,2000,i
3312585,"Canaviri, Adriana",BOL,F,,,,1645,AUG25,0,40,2008,wi
3312593,"Canaviri, Gabriela",BOL,F,,,,1498,AUG25,0,40,2008,wi
3304507,"Canaviri, Percy",BOL,M,,,,1876,AUG25,0,20,0,i
3326080,"Canaza Febrero, Alex Roman",BOL,M,,,,1470,AUG25,0,40,2009,
3320383,"Canaza Roque, Rafael Fernando",BOL,M,,,,1419,AUG25,0,20,2005,i
3364534,"Canedo Duran, Emanuel Fernando",BOL,M,,,,1513,AUG25,0,40,2015,
3352951,"Canizares Amoros, Ramon Ernesto",BOL,M,,,,1641,AUG25,0,20,1972,i
3328457,"Cano Jurado, Noe Yoel",BOL,M,,,,1441,AUG25,0,40,2010,i
3340570,"Cano Rocha, Santiago Jesus",BOL,M,,,,1545,AUG25,0,40,2013,i
3320740,"Canqui Santos, Samuel",BOL,M,,,,1470,AUG25,0,20,2001,i
3322661,"Caquihua Nina, Mary Cruz",BOL,F,,,,1484,AUG25,0,20,2006,wi
3358852,"Cardozo Palacios, Jose Ezequiel",BOL,M,,,,1483,AUG25,0,40,2015,
3325377,"Cardozo Ramos, Cesar Ariel",BOL,M,,,,1447,AUG25,0,40,2008,i
3306224,"Cardozo, Willam",BOL,M,,,,1741,AUG25,0,20,1975,
3304531,"Careaga, Daniel",BOL,M,,,,1598,AUG25,0,20,1972,
3310914,"Cari Surco, Yulissa",BOL,F,,,,1638,AUG25,0,20,2003,wi
3303810,"Cari, Nicolas",BOL,M,,,,1789,AUG25,0,20,2001,i
3300676,"Carlo, Daniel",BOL,M,,,,2027,AUG25,0,20,1990,i
3307352,"Carlo, Junior",BOL,M,,,,1626,AUG25,0,20,0,i
3312321,"Casano, Alicia",BOL,F,,,,1548,AUG25,0,20,2002,wi
3313174,"Casas Benavides, Jose Andre",BOL,M,,,,1538,AUG25,0,20,2000,
3333418,"Casilla Kama, Lalo Adriano",BOL,M,,,,1471,AUG25,0,40,2009,i
3358437,"Castellon de Catalogne, Guido A.V.",BOL,M,,,,1519,AUG25,0,20,2003,i
3338436,"Castellon Gutierrez, Gonzalo",BOL,M,,,,1666,AUG25,0,20,1978,i
3368610,"Castille, Guillaume Sylvain",BOL,M,,,,1514,AUG25,0,20,1976,
3343260,"Castillo Condori, Jesus Alexander",BOL,M,,,,1548,AUG25,0,40,2012,i
3323846,"Castillo Valverde, Mayki",BOL,M,,,,1580,AUG25,0,20,2006,i
3307751,"Castillo Yujra, Miguel Angel",BOL,M,,,,1946,AUG25,0,20,1987,
3306917,"Castillo Yujra, Ronald",BOL,M,,,,1714,AUG25,0,20,1994,i
3323226,"Castillo Yujra, Vladimir Alex",BOL,M,,,,1626,AUG25,0,20,2000,i
3309916,"Castillo, Jose Luis",BOL,M,,,,1752,AUG25,0,20,1969,i
3309088,"Castillo, Kevin",BOL,M,,,,1635,AUG25,0,20,2005,i
3310922,"Castillo, Yazmin",BOL,F,,,,1703,AUG25,0,20,2002,wi
3327060,"Castro Jaime, Emmanuel",BOL,M,,,,1401,AUG25,0,20,1987,
3332179,"Castro Meneses, Fidel",BOL,M,,,,1825,AUG25,0,20,2000,i
3351424,"Castro Noya, Kevin Manuel",BOL,M,,,,1600,AUG25,0,40,2013,
3315371,"Castro Peralta, Saul",BOL,M,,,,1672,AUG25,0,20,2005,i
3345629,"Castro Tejerina, Uziel Jeremias",BOL,M,,,,1511,AUG25,0,40,2007,
3319059,"Castro Velasco, Carlos Andres",BOL,M,,,,1651,AUG25,0,40,2007,
3312372,"Catari, Karen",BOL,F,,,,1589,AUG25,0,20,2000,wi
3339939,"Cavero Mocobono, Lorenzo Nicolas",BOL,M,,,,1446,AUG25,0,40,2015,
3329534,"Cazorla Herrera, Rudy Daniel",BOL,M,,,,1886,AUG25,14,40,2009,
3303276,"Celis, Kevin",BOL,M,,NA,,1973,AUG25,0,20,1994,
3315142,"Cerezo Plata, Franc Jhassir",BOL,M,,,,1647,AUG25,0,40,2007,i
3304078,"Cerezo, Jose Orlando",BOL,M,,,,1851,AUG25,0,20,1997,i
3304698,"Cervantes, Alvaro Mauricio",BOL,M,,,,1639,AUG25,0,20,2001,i
3346307,"Cespedes Arze, Rodmy",BOL,M,,,,1427,AUG25,0,20,1980,
3341356,"Cespedes Monje, Santiago Nihat",BOL,M,,,,1411,AUG25,0,40,2010,i
3302717,"Cespedes, Sandra",BOL,F,,,,1769,AUG25,0,20,1987,w
3365409,"Chacon Ceron, Matias",BOL,M,,,,1432,AUG25,0,40,2015,
3350541,"Chacon Tejerina, Nancy Shanel",BOL,F,,,,1521,AUG25,0,40,2013,w
3308383,"Chambi Alcazar, Alvaro",BOL,M,,,,1537,AUG25,0,20,2006,i
3310205,"Chambi Alcazar, Nayra",BOL,F,,,,1513,AUG25,0,20,2001,wi
3316300,"Chambi Choque, Matias",BOL,M,,,,1515,AUG25,0,20,2006,i
3321398,"Chambi Laura, Beymar Miguel",BOL,M,,,,1470,AUG25,0,40,2010,i
3341216,"Chambi Quenta, Angel Jehu",BOL,M,,,,1409,AUG25,0,40,2015,i
3311481,"Chambi Villca, Carlos Manuel",BOL,M,,,,1578,AUG25,0,20,2004,
3338053,"Chavez Bengolea, Dahiler Yahir",BOL,M,,,,1447,AUG25,0,40,2013,
3306925,"Chavez Miranda, Ivon",BOL,F,,,,1552,AUG25,0,20,2001,wi
3334970,"Chavez, Carlos",BOL,M,,,,1698,AUG25,0,20,1974,i
3307646,"Chavez, Perla",BOL,F,,,,1615,AUG25,0,20,2001,wi
3333116,"Chinche Salvatierra, Cristofer",BOL,M,,,,1483,AUG25,0,40,2007,i
3350304,"Chino Borras, Carlos",BOL,M,,,,1681,AUG25,0,20,1999,i
3306933,"Chipana, Gabriel",BOL,M,,,,1998,AUG25,7,20,1997,
3360563,"Chiri Flores, Arley Yhosue",BOL,M,,,,1626,AUG25,0,40,2009,i
3320030,"Chiu Lelyen, Kinyen",BOL,M,,,,1776,AUG25,0,20,1968,i
3351289,"Choque Beltran, Sergio Jaziel",BOL,M,,,,1595,AUG25,0,40,2014,
3364623,"Choque Calizaya, Jaziel Armando",BOL,M,,,,1612,AUG25,0,40,2017,
3345483,"Choque Calle, Rodrigo Jhulian",BOL,M,,,,1423,AUG25,3,40,2013,
3321088,"Choque Crispin, Juan Carlos",BOL,M,,,,1474,AUG25,0,20,2004,i
3321096,"Choque Crispin, Luis Fernando",BOL,M,,,,1527,AUG25,0,20,2006,i
3335283,"Choque Cruz, Miguel",BOL,M,,,,1542,AUG25,0,20,2002,i
3314502,"Choque Juchazara, Jhojan Ariel",BOL,M,,,,1534,AUG25,0,40,2007,i
3343278,"Choque Lima, Maite Jhesenia",BOL,F,,,,1497,AUG25,0,40,2010,wi
3341445,"Choque Lima, Marcelo",BOL,M,,,,1528,AUG25,0,40,2012,i
3318788,"Choque Ortega, Alex",BOL,M,,,,1763,AUG25,0,20,2001,i
3318575,"Choque Quispe, Franz",BOL,M,,,,1602,AUG25,0,20,2003,i
3345530,"Choque Ramos, Gabriela Karen",BOL,F,,,,1432,AUG25,0,40,2014,w
3353630,"Choque Yubanure, Misael Alejandro",BOL,M,,,,1601,AUG25,6,40,2013,
3352501,"Choque, Darwin",BOL,M,,,,1431,AUG25,0,40,2009,i
3310930,"Choque, Luis",BOL,M,,,,1667,AUG25,0,20,2000,i
3339025,"Chuari Condori, Jhamile Emilse",BOL,F,,,,1414,AUG25,0,40,2016,w
3317595,"Chuari Condori, Jhoselin",BOL,F,,,,1539,AUG25,0,20,2003,wi
3304396,"Chugar Blacutt, Marcelo",BOL,M,,,,1577,AUG25,0,20,1991,
3316661,"Chumacero Uzeda, Jafeth Joel",BOL,M,,,,1780,AUG25,0,20,1998,i
3321720,"Chura Gonzales, Cristian",BOL,M,,,,1591,AUG25,6,40,2008,
3366910,"Chura, Guido",BOL,M,,,,1644,AUG25,0,20,1975,
3352960,"Churata Gutierrez, Adriel",BOL,M,,,,1678,AUG25,5,40,2015,
3352978,"Churata Gutierrez, Uriel",BOL,M,,,,1480,AUG25,7,40,2012,
3314499,"Churata Huacani, John Osman",BOL,M,,,,1515,AUG25,0,40,2007,i
3312712,"Churqui Perez, Josue Waldo",BOL,M,,,,1597,AUG25,0,20,2005,i
3324567,"Churqui Vila, Uriel Franz",BOL,M,,,,1602,AUG25,0,40,2009,i
3473430,"Claros Fuentes, David",BOL,M,,,,1706,AUG25,0,20,1991,
3306259,"Claros, Gary",BOL,M,,,,1704,AUG25,0,20,2003,
3335186,"Claure Veizaga, Rene",BOL,M,,,,1551,AUG25,0,20,1984,i
3335194,"Claure Verastegui, Rene David",BOL,M,CM,,,1918,AUG25,0,40,2009,i
3324397,"Coaquira Chipana, Adrian",BOL,M,,NA,,1684,AUG25,0,20,2005,i
3324400,"Coaquira Chipana, Grisel",BOL,F,,,,1542,AUG25,0,40,2008,wi
3331458,"Colodro Pacajes, Santos Mateo",BOL,M,,,,1495,AUG25,0,40,2007,i
3304272,"Colodro, Carlos",BOL,M,,,,1882,AUG25,0,20,1988,i
3342999,"Colque Gutierrez, Lucio",BOL,M,,,,1744,AUG25,0,20,1979,
3342093,"Colque Lugones, Wilhem Eithan",BOL,M,,,,1632,AUG25,0,40,2013,i
3367347,"Colque Rodriguez, Mario Leodan",BOL,M,,,,1615,AUG25,0,20,1990,
3311325,"Colque, Alvaro",BOL,M,,,,1596,AUG25,0,20,2001,i
3305074,"Colque, Aracely",BOL,F,,,,1655,AUG25,0,20,1994,wi
3308260,"Colque, Luis Fernando",BOL,M,,,,1502,AUG25,0,20,0,i
3302741,"Colque, Mauricio",BOL,M,,,,1768,AUG25,0,20,1993,
3352986,"Conde Chima, Ruben",BOL,M,,,,1431,AUG25,0,20,2005,i
3327264,"Conde Laura, Daniel Ovidio",BOL,M,,,,1732,AUG25,0,20,2000,i
3302512,"Condori Calderon, Jhoel",BOL,M,,,,1736,AUG25,0,20,1984,
3325806,"Condori Chambi, Brayan Rafael",BOL,M,,,,1486,AUG25,0,20,1999,i
3351840,"Condori Colque, Maria Concepcion",BOL,F,,,,1407,AUG25,0,20,1995,wi
3347788,"Condori Cruz, Cristian Alvaro",BOL,M,,,,1483,AUG25,0,40,2008,i
3351432,"Condori Duran, Melissa",BOL,F,,,,1582,AUG25,0,20,1985,wi
3340929,"Condori Laura, Dorian",BOL,M,,,,1595,AUG25,0,40,2012,
3319067,"Condori Mamani, Daner Paul",BOL,M,,,,1502,AUG25,0,40,2008,i
3333701,"Condori Rodriguez, Abraham",BOL,M,,,,1526,AUG25,5,20,2000,
3320200,"Condori Rodriguez, Asael",BOL,M,,,,1626,AUG25,6,40,2008,
3320286,"Condori Rodriguez, Ashelen",BOL,F,,,,1426,AUG25,4,40,2008,w
3321100,"Condori Rojas, Abdias Abraham",BOL,M,,,,1498,AUG25,0,40,2007,i
3324095,"Condori Rojas, Samuel Andre",BOL,M,,,,1450,AUG25,0,40,2010,i
3367827,"Condori Saavedra, Waldo Enrique",BOL,M,,,,1597,AUG25,0,20,1994,
3368548,"Condori Semo, Juan Ronald",BOL,M,,,,1416,AUG25,0,40,2014,
3308553,"Condori Terrazas, Jhonatan Deyvid",BOL,M,,,,1662,AUG25,0,20,2004,i
3368866,"Condori Valeriano, Yasser Adhemar",BOL,M,,,,1572,AUG25,0,20,2004,
3306526,"Condori, Ana Paula",BOL,F,WCM,WCM,,1840,AUG25,0,20,2003,wi
3308561,"Condori, Wendy",BOL,F,,,,1589,AUG25,0,20,2003,wi
3304981,"Condori, Zamira",BOL,F,,,,1701,AUG25,0,20,1999,wi
3329127,"Contreras Yanque, Alexis Raul",BOL,M,,,,1642,AUG25,0,40,2011,
3327272,"Copa Escalante, Alejandro Miguel",BOL,M,,,,1550,AUG25,0,40,2007,i
3327795,"Cordero Gutierrez, Nicolas",BOL,M,,,,1552,AUG25,0,40,2009,
3301630,"Cordero, Daniela",BOL,F,WIM,WIM,,1903,AUG25,0,20,1992,w
3315550,"Cordero, Jhasith",BOL,M,,,,AFM,AUG25,1751,0,2001,
3302610,"Cordova, Marco A.",BOL,M,,,,1882,AUG25,0,20,1980,i
3305970,"Cordova, Renato",BOL,M,,,,1823,AUG25,0,20,0,i
3349080,"Coria Choque, Josue Elmer",BOL,M,,,,1429,AUG25,0,40,2013,i
3314472,"Coria, Alex",BOL,M,,,,1595,AUG25,0,40,2007,i
3319962,"Corina Baldiviezo, Melani",BOL,F,,,,1538,AUG25,0,40,2008,wi
3302750,"Coro, Renan",BOL,M,,,,1994,AUG25,0,20,1993,i
3302385,"Coro, Soledad",BOL,F,WCM,WCM,,1700,AUG25,11,20,1994,w
3313891,"Coronado Calderon, Kaled Gabriel",BOL,M,,,,1459,AUG25,0,20,2006,i
3319890,"Coronel, Carlos",BOL,M,,,,1824,AUG25,0,20,1973,i
3335330,"Correa Estrada, Luis Eduardo",BOL,M,,,,1514,AUG25,0,40,2015,i
3333728,"Cortez Chuviru, Gael Marbel",BOL,M,,,,1837,AUG25,7,40,2012,
3364542,"Cortez Quintero, Gustavo Alberto",BOL,M,,,,1601,AUG25,0,40,2012,
3321118,"Cortez, Carlos Esteban",BOL,M,,,,1474,AUG25,0,40,2008,i
3308120,"Costas, Javier",BOL,M,,,,1728,AUG25,0,20,1956,
3336557,"Crespo Cavero, Maddox",BOL,M,,,,1467,AUG25,0,40,2015,i
3318966,"Crespo Chugar, Oscar",BOL,M,,,,1590,AUG25,0,20,2005,i
3315924,"Cruz Choque, Wara Gardenia",BOL,F,,,,1601,AUG25,0,20,2005,wi
3300510,"Cruz Condori, Alfredo",BOL,M,FM,,,1788,AUG25,0,20,1968,
3368564,"Cruz Perez, Anthony Logan",BOL,M,,,,1525,AUG25,0,40,2019,
3368572,"Cruz Perez, Duban Santino",BOL,M,,,,1492,AUG25,0,40,2015,
3333744,"Cruz Quispe, Jose Miguel",BOL,M,,,,1615,AUG25,0,40,2011,i
3335208,"Csapek Careaga, Federico",BOL,M,,,,1710,AUG25,0,20,1984,i
3352510,"Cuellar Alpire, Mariana",BOL,F,,,,1635,AUG25,0,40,2012,w
3336620,"Cuellar Cruz, Nicolas",BOL,M,,,,1786,AUG25,7,40,2008,
3300358,"Cuellar, Luis Eduardo",BOL,M,,,,1886,AUG25,0,20,0,i
3339378,"Cuentas Molina, Adrian",BOL,M,,,,1563,AUG25,0,20,2005,i
3353036,"Cueto Chungara, Pablo Sebastian",BOL,M,,,,1458,AUG25,0,20,2003,i
3300145,"Cueto, Jonny",BOL,M,IM,,,2070,AUG25,0,20,1972,
3322823,"Cusi Ticona, Luis Esteban",BOL,M,,,,1484,AUG25,0,40,2008,i
3331695,"Cussi Mujica, Edwin Obed",BOL,M,,,,1693,AUG25,0,40,2008,
3346323,"Dalton, Kenny",BOL,M,,,,1492,AUG25,0,20,1960,i
3364232,"Davalos Fernandez, Elias",BOL,M,,,,1533,AUG25,0,20,1993,
3321681,"De La Cruz, Giselle Andrea",BOL,F,,,,1605,AUG25,0,40,2007,wi
3317129,"Del Villar, Jose Brayan",BOL,M,,,,1480,AUG25,0,20,1986,i
2283417,"Delgadillo Torrico, Felipe",BOL,M,,,,1866,AUG25,0,20,1970,
3301915,"Delgadillo, Adonay",BOL,M,FM,,,2103,AUG25,0,20,1994,i
3337685,"Delgado Canaviri, Diego Alvaro",BOL,M,,,,1632,AUG25,0,20,2006,i
3310531,"Delgado Coronado, Ruben",BOL,M,,,,1496,AUG25,0,20,2002,i
3343006,"Delgado Estrada, Moises",BOL,M,,,,1417,AUG25,0,20,1982,i
3344835,"Delgado Hoyos, Esteban Antonio",BOL,M,,,,1591,AUG25,0,20,1994,
3344584,"Delgado Villca, Rodrigo Cristian",BOL,M,,,,1494,AUG25,0,40,2011,i
3335216,"Diaz Villamil, Diego Gonzalo",BOL,M,,,,1530,AUG25,0,40,2011,i
3350738,"Dominguez Monrroy, Axel",BOL,M,,,,1561,AUG25,0,20,1998,
3354288,"Dorado Castillo, Jose Lucas",BOL,M,,,,1600,AUG25,0,20,2005,i
3313590,"Duran Coro, Roy Alex",BOL,M,,,,1540,AUG25,0,20,2003,i
3307360,"Duran Luna, Oliver",BOL,M,,,,1776,AUG25,0,20,2004,i
3307522,"Duran, Gustavo",BOL,M,,,,1786,AUG25,0,20,2000,i
3364470,"Eamara Salvatierra, Franklin",BOL,M,,,,1713,AUG25,0,20,1988,
3335224,"Echavarria Huanca, Freddy",BOL,M,,,,1667,AUG25,0,20,1981,i
3318389,"El Hage Serrano, Caely",BOL,F,WCM,WCM,,1844,AUG25,0,40,2010,w
3301184,"El Hage, Saulo",BOL,M,,,,1999,AUG25,0,20,0,i
3319075,"Elias Filipps, Luis Rodrigo",BOL,M,,,,1478,AUG25,0,40,2008,i
3349101,"Encinas Marquez, Cesar Enrique",BOL,M,,,,1475,AUG25,0,20,1999,i
3311740,"Encinas Poquechoque, Neil",BOL,M,,,,1486,AUG25,0,20,2004,i
3343944,"Encinas, Raul",BOL,M,,,,1523,AUG25,0,20,1999,i
3316955,"Enriquez Coronel, Gaia Paola",BOL,F,,,,1682,AUG25,0,20,2003,wi
3321789,"Enriquez Panozo, Dareck",BOL,M,,,,1468,AUG25,0,20,2005,i
3332837,"Equise Fernandez, Jorge Luis",BOL,M,,,,1550,AUG25,0,20,2002,i
3336638,"Escalera Medina, Iker Andre",BOL,M,,,,1508,AUG25,0,40,2014,
3350851,"Escalier Rojas, Bruno Andres",BOL,M,,,,1405,AUG25,4,40,2011,
3321258,"Escobar Huallpa, Nathalia Andrea",BOL,F,,,,1405,AUG25,0,40,2011,w
3326667,"Escobar Mamani, Sebastian",BOL,M,,,,1512,AUG25,0,20,2006,i
3333779,"Escobar Rojas, Marizol",BOL,F,,,,1407,AUG25,0,40,2011,wi
3345408,"Escobar Tronconi, Miguel Angel",BOL,M,,,,1424,AUG25,24,40,2011,
3308596,"Escobar, Sergio",BOL,M,,,,1568,AUG25,0,20,0,i
3324869,"Escudero Gabriel, Patricio",BOL,M,,,,1528,AUG25,0,20,1981,i
3325512,"Escudero Quispe, Efren",BOL,M,,,,1524,AUG25,0,40,2010,i
3329470,"Escudero Quispe, Gabriel",BOL,M,,,,1541,AUG25,0,40,2007,i
3338371,"Escudero Quispe, Jose Israel",BOL,M,,,,1476,AUG25,0,20,1994,i
3341399,"Espejo Tarqui, Jose Maria",BOL,M,,,,1442,AUG25,0,40,2013,
3327582,"Espinoza Coca, Laura",BOL,F,,,,1746,AUG25,6,20,2006,w
3315487,"Espinoza Romero, Andres",BOL,M,,,,1717,AUG25,0,20,2000,i
3321339,"Esquivel Orellana, Omar Oscar",BOL,M,,,,1602,AUG25,0,20,2004,i
3301923,"Estrada, Lucia",BOL,F,WIM,WIM,,2020,AUG25,0,20,1993,wi
3354059,"Falon Mancilla, Franklin Ozem",BOL,M,,,,1448,AUG25,0,40,2007,
3316335,"Felipez Beltran, Joaquin Gael",BOL,M,,,,1507,AUG25,0,40,2008,i
3318290,"Fernandez Arce, Gisnela",BOL,F,,,,1546,AUG25,0,40,2007,wi
3320189,"Fernandez Castillo, Alejandro",BOL,M,,,,1735,AUG25,0,20,2000,i
3321800,"Fernandez Castillo, Ricardo",BOL,M,,,,1657,AUG25,0,20,2003,i
3331288,"Fernandez Conni, Isaac Paulo",BOL,M,,,,1758,AUG25,0,40,2008,
3340732,"Fernandez Guzman, Rene Rodrigo",BOL,M,,,,1573,AUG25,0,20,1994,i
3318400,"Fernandez Laguna, Laura",BOL,F,,,,1537,AUG25,0,40,2008,wi
3328317,"Fernandez Mallco, Alejandro Elvis",BOL,M,,,,1697,AUG25,0,40,2009,
3357600,"Fernandez Martinez, Diego Jose",BOL,M,,,,1418,AUG25,0,40,2007,i
3316041,"Fernandez Mendoza, Emanuel",BOL,M,,,,1644,AUG25,0,20,2006,i
3324087,"Fernandez Queteguari, Ivan",BOL,M,,,,1797,AUG25,0,20,2001,i
3335798,"Fernandez Rocha, Mariana Abigail",BOL,F,,,,1557,AUG25,6,40,2012,w
3335801,"Fernandez Rocha, Mauro Alejandro",BOL,M,,,,1624,AUG25,5,40,2014,
3325920,"Fernandez Ruiz, Adriana",BOL,F,,,,1468,AUG25,0,20,2006,wi
3327132,"Fernandez Ruiz, Rodrigo",BOL,M,,,,1428,AUG25,0,40,2012,i
3340619,"Fernandez Salazar, Nahomy",BOL,F,,,,1451,AUG25,0,40,2013,w
3345785,"Fernandez Torrez, Wilson",BOL,M,,,,1581,AUG25,0,40,2015,i
3314910,"Fernandez, Jose Amiel",BOL,M,,,,1518,AUG25,0,40,2009,i
3314839,"Fernandez, Sergio",BOL,M,,,,1608,AUG25,0,20,2002,i
3321479,"Ferrano Gutierrez, Erick",BOL,M,,,,1654,AUG25,0,20,2005,i
3300170,"Ferrufino, Boris",BOL,M,CM,,,1985,AUG25,0,20,1972,i
3303942,"Filipps, Yamil",BOL,M,,,,1940,AUG25,0,20,1998,
3329070,"Flores Balderrama, Victor Manuel",BOL,M,,,,1745,AUG25,0,20,2001,i
3360857,"Flores Conde, Emanuel Asaf",BOL,M,,,,1441,AUG25,0,40,2012,
3317234,"Flores Estrada, Karen Jhomaly",BOL,F,,,,1714,AUG25,0,20,1998,wi
3334783,"Flores Gambarte, David",BOL,M,,,,1626,AUG25,0,40,2007,i
3308618,"Flores Gutierrez, Alejandro",BOL,M,,,,1689,AUG25,0,20,2001,i
3368050,"Flores Gutierrez, Luis Carlos",BOL,M,,,,ACM,AUG25,1541,0,2010,
3354601,"Flores Huallpa, Diego",BOL,M,,,,1597,AUG25,0,40,2014,
3349233,"Flores Ibanez, Paul Sebastian",BOL,M,,,,1588,AUG25,0,40,2009,i
3350967,"Flores Ibarra, Jose Ignacio",BOL,M,,,,1594,AUG25,0,20,1990,i
3326152,"Flores Linneo, Andiara Carolina",BOL,F,,,,1488,AUG25,0,40,2007,w
3318303,"Flores Maldonado, Keyla",BOL,F,,,,1508,AUG25,0,40,2007,wi
3311546,"Flores Ramos, Fabricio",BOL,M,,,,1662,AUG25,0,20,1998,i
3312224,"Flores Rocha, Derlis",BOL,M,,,,1405,AUG25,0,20,2001,i
3304027,"Flores Velasco, Ricardo Noe",BOL,M,,,,1858,AUG25,0,20,1988,i
3319458,"Flores Victoria, Alvaro Hernan",BOL,M,,,,1610,AUG25,0,20,2006,i
3304124,"Flores, Juan Carlos",BOL,M,,,,1937,AUG25,0,20,1979,
3303594,"Frederiksen, Eguil E.",BOL,M,,,,1664,AUG25,0,20,1964,i
3341542,"Fuentes Diaz, Luis Sebastian",BOL,M,,,,1485,AUG25,4,40,2010,
3322009,"Fuentes Lima, Hermes Oscar",BOL,M,,,,1722,AUG25,0,20,2002,i
3366677,"Fuentes Mamanillo, Michael Andrixson",BOL,M,,,,1650,AUG25,0,40,2009,
3305201,"Fuertes, Juan Jose",BOL,M,,,,1783,AUG25,0,20,1970,
3350576,"Gallardo Rodriguez, Maria Jose",BOL,F,,,,1511,AUG25,0,40,2016,w
3305520,"Gallardo, Reynaldo",BOL,M,,,,1897,AUG25,0,20,1991,
3343952,"Gamboa Delgado, Luana Mailin",BOL,F,,,,1499,AUG25,5,40,2013,w
3322440,"Gamboa Vela, Juan",BOL,M,,,,1596,AUG25,0,20,2004,i
3352536,"Garcia Coca, Lucas Santiago",BOL,M,,,,1438,AUG25,0,40,2015,i
3925030,"Garcia Garban, Jorge Marcos",BOL,M,,,,AGM,AUG25,1976,0,1992,
3367835,"Garcia Soliz, Javier Santiago",BOL,M,,,,1758,AUG25,6,40,2014,
3350975,"Garcia Soto, Javier",BOL,M,,,,1497,AUG25,0,20,1994,i
3320006,"Garcia Vacaflor, Zuleyka",BOL,F,,,,1420,AUG25,0,40,2009,w
3308413,"Garcia Vega, Lenin",BOL,M,,,,1554,AUG25,0,20,2002,i
3310191,"Garcia, Laura Daniela",BOL,F,,,,1521,AUG25,0,20,2002,wi
3301826,"Garcia, Ricardo",BOL,M,,,,1899,AUG25,0,20,1997,i
3332187,"Gareca Ordonez, Carla Angelica",BOL,F,WCM,WCM,,1747,AUG25,5,20,2006,w
3327590,"Gareca Ordonez, Laura",BOL,F,,,,1623,AUG25,0,40,2008,w
3354180,"Garvizu Portillo, Ariana Sharon",BOL,F,,,,1437,AUG25,0,40,2013,w
3312291,"Gaspar, Marcela",BOL,F,,,,1542,AUG25,0,20,2001,wi
3349551,"Gemio Yujra, Daniel Donato",BOL,M,,,,1517,AUG25,0,40,2008,i
3301478,"Gemy, Jose Daniel",BOL,M,IM,,,2366,AUG25,0,20,1992,
3325130,"Gil Marquez, Anahi",BOL,F,,,,1719,AUG25,0,20,2006,wi
3325148,"Gil Marquez, Joel Dickie",BOL,M,,,,1707,AUG25,0,20,2005,i
3351645,"Godoy Villa, Joaquin Jose",BOL,M,,,,1467,AUG25,5,40,2013,
3324923,"Gomes, Juan Alberto",BOL,M,,,,1459,AUG25,0,40,2007,i
3321347,"Gomez Cruz, Mauro Luciano",BOL,M,,,,1561,AUG25,0,40,2008,i
3368190,"Gomez Galarza, Franki",BOL,M,,,,1463,AUG25,0,20,1990,
3336964,"Gomez Garzon, Armando",BOL,M,,,,1662,AUG25,0,20,1981,
3324702,"Gomez Hernandez, Joaquin",BOL,M,,,,1474,AUG25,0,40,2010,i
3306046,"Gomez Montano, Ariel Ivan",BOL,M,,,,1639,AUG25,6,20,1994,
3323110,"Gomez Sarabia, Isaias",BOL,M,,,,1492,AUG25,0,20,1966,i
3310965,"Gomez, Danahi",BOL,F,,,,1638,AUG25,0,20,2002,wi
3343375,"Gongora Mollo, Alexander Javier",BOL,M,,,,1476,AUG25,0,40,2014,i
3323234,"Gonzales Aranibar, Erik",BOL,M,,,,1557,AUG25,0,20,1992,i
3309029,"Gonzales Mendoza, Milton",BOL,M,,,,1812,AUG25,0,20,1978,i
3339106,"Gonzales Porco, Leo Rafael",BOL,M,,,,1492,AUG25,0,40,2012,i
3340740,"Gonzales Serrudo, Cielo Esmeralda",BOL,F,,,,1551,AUG25,0,40,2012,w
3366928,"Gonzales Tumiri, Josue David",BOL,M,,,,1662,AUG25,0,40,2007,
3302334,"Gonzales, Rodolfo",BOL,M,,,,1663,AUG25,0,20,1982,i
3333140,"Gonzalez Eyzaguirre, Jose Abelard",BOL,M,,,,1525,AUG25,0,40,2008,i
3306984,"Granier, Ozner",BOL,M,,,,1760,AUG25,0,20,2002,i
3306976,"Granier, Paola Mair",BOL,F,,,,1784,AUG25,0,20,2000,wi
3331504,"Grimaldis Cardozo, Joaquin",BOL,M,,,,1702,AUG25,0,20,2003,
3311643,"Guachalla, Sebastian",BOL,M,,,,1728,AUG25,0,20,2001,i
3337898,"Guarachi Flores, Alejandro",BOL,M,,,,1692,AUG25,0,40,2007,
3327833,"Guevara, Jose Raul",BOL,M,,,,1641,AUG25,0,20,2005,
3302520,"Gutierrez Berrios, Christian",BOL,M,,,,1844,AUG25,0,20,1991,i
3310477,"Gutierrez Coronado, Matias",BOL,M,,,,1579,AUG25,0,20,2002,i
3339610,"Gutierrez Espinoza, Rommel Josue",BOL,M,,,,1429,AUG25,3,40,2014,
3336220,"Gutierrez Fernandez, Angel Leonel",BOL,M,,,,1467,AUG25,0,40,2009,i
3353923,"Gutierrez Gonzales, Marco Antonio",BOL,M,,,,1467,AUG25,0,20,1990,
3313166,"Gutierrez Malaver, John",BOL,M,,,,1537,AUG25,0,20,2000,
3315940,"Gutierrez Morales, Betzabe",BOL,F,,,,1547,AUG25,0,20,2004,wi
3324028,"Gutierrez Morales, Ronal Cesar .",BOL,M,,,,1451,AUG25,0,20,2000,i
3315100,"Gutierrez Villca, Daniel Matias",BOL,M,,,,1547,AUG25,0,40,2008,i
3313913,"Gutierrez Villca, Samuel Ignacio",BOL,M,,,,1687,AUG25,0,20,2006,i
3324133,"Gutierrez, Felix Daniel",BOL,M,,,,1491,AUG25,0,20,1977,i
3308642,"Gutierrez, Jefferson",BOL,M,,,,1728,AUG25,0,20,2000,i
3302776,"Gutierrez, Roger",BOL,M,,,,1936,AUG25,0,20,1983,i
3340520,"Guzman Fernandez, Nixon Anthony",BOL,M,,,,1671,AUG25,0,40,2008,
3311210,"Guzman Garcia, Pablo Jared",BOL,M,,,,1602,AUG25,0,20,2005,i
3317145,"Guzman Heredia, Simon",BOL,M,,,,1702,AUG25,0,20,1982,i
3346501,"Guzman Morales, Carlos",BOL,M,,,,1460,AUG25,0,20,2000,i
3357023,"Guzman Oquendo, Romina",BOL,F,,,,1490,AUG25,0,20,2005,wi
3313921,"Guzman, Benjamin",BOL,M,,,,1534,AUG25,0,20,2005,i
3312488,"Guzman, Diogo",BOL,M,,,,1596,AUG25,0,20,2006,i
3326373,"Herbas Muriel, Adrian",BOL,M,,,,1430,AUG25,0,40,2011,
3326381,"Herbas Muriel, Gustavo",BOL,M,,NA,,1766,AUG25,0,20,2001,
3334295,"Herrera Beltran, Clever",BOL,M,,,,1525,AUG25,0,20,1995,i
3359727,"Herrera Garcia, Luis Fernando",BOL,M,,,,1625,AUG25,0,40,2007,
3322025,"Herrera Patruni, Juan Carlos",BOL,M,,,,1621,AUG25,0,20,1999,i
3317714,"Herrera Ramallo, Luis Osvaldo",BOL,M,,,,1468,AUG25,0,20,2005,i
3316351,"Herrera Ramallo, Ricardo",BOL,M,,,,1420,AUG25,0,40,2007,i
3317480,"Herrera Rocha, Nils Bryan",BOL,M,,,,1516,AUG25,0,20,2003,i
3302628,"Herrera, Hedzont",BOL,M,,,,1870,AUG25,0,20,1980,i
3307255,"Herrera, Jhon",BOL,M,,,,1801,AUG25,0,20,1997,
3319202,"Hilari Cabrera, Samis Samael",BOL,M,,,,1561,AUG25,0,20,1998,i
3368203,"Hillman, Berman",BOL,M,,,,1701,AUG25,0,20,1968,
3312500,"Hinojosa Cadena, Eduardo",BOL,M,,,,1600,AUG25,0,40,2008,i
3366626,"Huallpa Ovando, Thiago Eison",BOL,M,,,,1449,AUG25,0,40,2015,
3317617,"Huanaco Gutierrez, Jhoselin",BOL,F,,,,1554,AUG25,0,20,2002,wi
3330206,"Huanapaco Mamani, Sameli",BOL,F,,,,1503,AUG25,0,40,2010,wi
3330214,"Huanapaco Mamani, Sarahi",BOL,F,,,,1547,AUG25,0,40,2008,wi
3313930,"Huanca Cuellar, Carlos Daniel",BOL,M,,,,1476,AUG25,0,20,2005,i
3337910,"Huanca Hilario, Nilo Erick",BOL,M,,,,1524,AUG25,0,20,2003,i
3330222,"Huanca Paco, Reily Andy",BOL,M,,,,1519,AUG25,0,20,2006,i
3352692,"Huanca Torrico, Axel Daniel",BOL,M,,,,1473,AUG25,0,40,2011,
3305236,"Huanca, Edson",BOL,M,,,,1898,AUG25,0,20,1999,
3310086,"Huanca, Nayra",BOL,F,,,,1590,AUG25,0,20,2003,wi
3336239,"Huanto Aruquipa, Efren",BOL,M,,,,1528,AUG25,6,40,2009,
3336247,"Huanto Aruquipa, Gerson",BOL,M,,,,1677,AUG25,2,40,2012,
3313948,"Huarachi Apaza, Faramir Franco",BOL,M,,,,1572,AUG25,0,20,2006,i
3323307,"Huarachi Farfan, Jessica",BOL,F,,,,1447,AUG25,0,20,2003,wi
3301486,"Huarachi Montero, Vladimir",BOL,M,,,,1877,AUG25,0,20,1978,i
3357627,"Huarachi Quinteros, Juan Carlos",BOL,M,,,,1522,AUG25,0,20,1991,i
3363350,"Huarachi Vallejos, Brandom Samir",BOL,M,,,,1457,AUG25,3,40,2011,
3310817,"Huarachi, Aldo",BOL,M,,,,1783,AUG25,0,20,2000,i
3308650,"Huarachi, Rhem Josafat",BOL,M,,,,1818,AUG25,0,20,1997,i
3331520,"Huaycho Ricaldes, Anderson",BOL,M,,,,1522,AUG25,0,40,2011,
3331539,"Huaycho Ricaldes, Emerson",BOL,M,,,,1727,AUG25,6,20,2006,
3317498,"Huayllas Mamani, Darien Anthony",BOL,M,,,,1563,AUG25,0,20,2002,i
3342905,"Huaynoca Lopez, Luciana Lizeth",BOL,F,,,,1412,AUG25,0,40,2012,w
3329828,"Huisa Lopez, Abraham Cecilio",BOL,M,,,,1465,AUG25,0,20,2003,i
3324044,"Huiza Levandro, Fabiola",BOL,F,,,,1423,AUG25,0,20,2002,wi
3315746,"Huiza Levandro, Juan",BOL,M,,,,1557,AUG25,0,20,2004,i
3315754,"Huiza Levandro, Ulises",BOL,M,,,,1572,AUG25,0,20,2006,i
3341160,"Hurtado Infante, Brian Daniel",BOL,M,,,,1550,AUG25,0,20,2001,i
3303039,"Hurtado, Jorge",BOL,M,,,,1916,AUG25,0,20,0,i
3342042,"Ibanez Valdez, Analia",BOL,F,,,,1521,AUG25,0,40,2012,w
3322858,"Ibarra Coca, Matias Nicolas",BOL,M,,,,1411,AUG25,0,40,2007,i
3331717,"Ibarra Pinto, Joel Sebastian",BOL,M,,,,1400,AUG25,0,40,2010,
3311791,"Ichazo, Facundo",BOL,M,,,,1754,AUG25,0,20,2005,i
3321819,"Inocente Caceres, Jhoselin",BOL,F,,,,1479,AUG25,0,40,2007,wi
3319563,"Iporre Escobar, Sergio",BOL,M,,,,1677,AUG25,0,20,1992,
3335810,"Iporre Romero, Keyla",BOL,F,,,,1560,AUG25,9,40,2014,w
3314898,"Iquise Calle, Edriam Bladimir",BOL,M,,,,1456,AUG25,0,40,2007,i
3309479,"Iquise Calle, Jhosselyn",BOL,F,,,,1583,AUG25,0,20,2004,wi
3333469,"Iquise Chumacero, Jose Miguel",BOL,M,,,,1491,AUG25,5,40,2009,
3303950,"Iquise, Javier",BOL,M,,,,1872,AUG25,0,20,1983,i
3305066,"Iriarte, Alexis",BOL,M,,,,1862,AUG25,0,20,1995,i
3336255,"Iturri Castillo, Sergio Manuel",BOL,M,,,,1561,AUG25,0,40,2007,i
3331024,"Jaita Miranda, Andy Joel",BOL,M,,,,1438,AUG25,0,20,2006,i
3344720,"Jaldin Soriano, Derek Neythan",BOL,M,,,,1701,AUG25,6,40,2013,
3369005,"Jaldin Torrico, Santiago Andres",BOL,M,,,,1514,AUG25,6,40,2014,
3319377,"Jaldin, Jose Fernando",BOL,M,,,,1498,AUG25,0,20,2004,
3329402,"Janayo Serrano, Pablo",BOL,M,,,,1494,AUG25,0,20,2005,i
3314421,"Janco Fernandez, Marcelo Ruben",BOL,M,,,,1473,AUG25,0,40,2009,i
3311945,"Jarro Quiroz, Joel",BOL,M,,,,1643,AUG25,0,20,2001,i
3320464,"Jarro Rodriguez, Samuel",BOL,M,,,,1552,AUG25,0,20,2005,i
3323943,"Jauregui Jines, Alvaro",BOL,M,,,,1633,AUG25,0,20,2000,i
3335305,"Jimenez Mercado, Julio Esteban",BOL,M,,,,1895,AUG25,9,20,2005,
3314413,"Jimenez, Edwin Nicolas",BOL,M,,,,1500,AUG25,0,40,2007,i
3340031,"Joffre Marino, Cristhian Adrian",BOL,M,,,,1619,AUG25,5,40,2014,
3349934,"Jorge Javier, Neymar Josimar",BOL,M,,,,1445,AUG25,0,40,2011,
3323129,"Jorge Pacheco, Jhamil Deymar",BOL,M,,,,1408,AUG25,0,40,2011,i
3322670,"Jorge Pacheco, Stefanny Leonor",BOL,F,,,,1450,AUG25,0,20,2005,wi
3318109,"Juarez Maldonado, Gerardo",BOL,M,,,,1549,AUG25,0,20,2006,i
3369110,"Justiniano Cabrera, Alejandro",BOL,M,,,,1798,AUG25,7,40,2008,
3312020,"Justiniano Cortez, Sandy",BOL,F,,,,1519,AUG25,0,20,2003,wi
3319717,"Justiniano Flores, Luis Fernando",BOL,M,,,,1838,AUG25,0,40,2008,
3366383,"Justiniano Guizada, Jaime",BOL,M,,,,1742,AUG25,0,20,1955,
3345025,"Kababat Mejia, Raul Ignacio",BOL,M,,,,1629,AUG25,0,40,2008,
3318419,"Kilibarda Acebey, Veroska Isabela",BOL,F,,,,AGM,AUG25,1746,5,2011,w
3350908,"Laime Cardenas, Sebastian",BOL,M,,,,1579,AUG25,0,20,2006,i
3313484,"Laime Carvajal, Vanessa Natalia",BOL,F,,,,1445,AUG25,0,20,2004,wi
3352579,"Laime Martinez, Pablo Alexander",BOL,M,,,,1568,AUG25,0,40,2014,
3310175,"Laime, Ivan",BOL,M,,,,1690,AUG25,0,20,2000,i
3335828,"Laura Cabrera, Jhon Magno",BOL,M,,,,1974,AUG25,0,40,2011,
3326772,"Laura Canaviri, Yair Jhon",BOL,M,,,,1582,AUG25,0,20,2006,i
3335577,"Laura Sarmiento, Jafet Adiel",BOL,M,,,,1605,AUG25,0,40,2013,i
3335585,"Laura Sarmiento, Joaquin Santiago",BOL,M,,,,1489,AUG25,0,40,2010,i
3314871,"Laura, Jose Antonio",BOL,M,,,,1675,AUG25,0,20,2004,i
3334562,"Lavayen Cuellar, Ludwing",BOL,M,,,,1455,AUG25,0,20,2005,i
3311910,"Layme Garcia, Ivan Alejandro",BOL,M,,,,1721,AUG25,0,20,2003,i
3316173,"Layme Garcia, Raily Melany",BOL,F,,,,1401,AUG25,0,40,2010,wi
3332330,"Layme Hilario, Ivan",BOL,M,,,,1603,AUG25,0,20,2003,i
3338126,"Lazcano Gomez, Iker Novak",BOL,M,,,,1428,AUG25,0,40,2013,
3308677,"Leano Garabito, Yarit Abdul",BOL,M,,,,1627,AUG25,0,20,2005,i
3368262,"Leanos Medina, Juan Carlos",BOL,M,,,,1777,AUG25,0,20,1979,
3322157,"Lema Sosa, Alexander",BOL,M,,,,1612,AUG25,0,20,2004,i
3313638,"Lescano, Alejandro",BOL,M,,,,1519,AUG25,0,20,2004,i
3334961,"Lilienfeld Quevedo, Daniel",BOL,M,,,,1733,AUG25,0,20,2003,i
3367754,"Limon Rocha, Anthony Mario",BOL,M,,,,1803,AUG25,0,20,1998,
3332993,"Limpias Quenta, Juan Hugo",BOL,M,,,,1541,AUG25,0,20,2005,
3333167,"Limpias Quenta, Juan Marco",BOL,M,,,,1552,AUG25,0,40,2007,i
3332934,"Llanos Chinuri, Liz Kathia",BOL,F,,,,1470,AUG25,0,20,2003,wi
3351742,"Llanos Mendoza, William Mijael",BOL,M,,,,1559,AUG25,0,40,2017,
3322360,"Llorentty Montalvo, Jorge",BOL,M,,,,1630,AUG25,0,20,2002,i
3331547,"Llusco Argote, Anddy Jadiel",BOL,M,,,,1564,AUG25,0,20,2004,i
3324478,"Llusco, Wilsmer",BOL,M,,,,1734,AUG25,0,20,1998,i
3323137,"Loayza Rocha, Regmar",BOL,M,,,,1429,AUG25,0,40,2009,i
3307778,"Lopez A., Richard",BOL,M,,,,1924,AUG25,0,20,1996,
3319989,"Lopez Castro, Kael Daniel",BOL,M,,,,1599,AUG25,0,20,1988,i
3336271,"Lopez Flores, Ayme Janis",BOL,M,,,,1439,AUG25,0,40,2009,i
3338576,"Lopez Huaraya, Candido",BOL,M,,,,1610,AUG25,0,20,1995,i
3338320,"Lopez Sanchez, Alexi",BOL,M,,,,1746,AUG25,0,20,1993,
3303217,"Lopez, Bruno",BOL,M,CM,,,1871,AUG25,0,20,1999,i
3301079,"Lopez, Mario Yber",BOL,M,FM,,,2014,AUG25,0,20,1959,
3320952,"Lopez, Pablo .",BOL,M,,,,1756,AUG25,0,20,1999,i
3305430,"Lopez, Richard",BOL,M,,,,1950,AUG25,0,20,1996,i
3304701,"Lopez, Vicente",BOL,M,,,,1807,AUG25,0,20,2002,i
3302482,"Loza, Carlos",BOL,M,,,,2041,AUG25,0,20,1961,i
3300854,"Lozada, Juan Pablo",BOL,M,,,,1853,AUG25,0,20,1998,i
3300870,"Lozada, Silvio Ricardo",BOL,M,,,,1757,AUG25,0,20,1991,i
3332721,"Lucana Quispe, Sebastian Israel",BOL,M,,,,1562,AUG25,0,40,2011,
3314995,"Luizaga, Winner Samuel",BOL,M,,,,1759,AUG25,0,20,2001,i
3337251,"Luna Pinaya, Fernando",BOL,M,,,,1472,AUG25,0,20,1990,
3301516,"Luna, Rolando",BOL,M,,,,1976,AUG25,0,20,1961,i
3345300,"Lupati Martinez, Edy",BOL,M,,,,1561,AUG25,0,20,1993,i
3329445,"Lutina Bueno, Leila Daniela",BOL,F,,,,1630,AUG25,0,40,2007,w
3314146,"Maceda, Erleen",BOL,F,,,,1481,AUG25,0,40,2010,wi
3301206,"Maceda, Marcio",BOL,M,,,,1989,AUG25,0,20,1986,i
3338487,"Machaca Choque, Felipe",BOL,M,,,,1473,AUG25,0,20,1967,i
3325822,"Machaca Huallpa, Alan Zelier",BOL,M,,,,1409,AUG25,0,20,2006,i
3337502,"Machaca Paniagua, Leinier Lionel",BOL,M,,,,1578,AUG25,0,40,2012,
3354040,"Macuchapi Mamani, Jehu Benjamin",BOL,M,,,,1484,AUG25,0,40,2014,
3338894,"Maertens Sandoval, Bruno Guillermo",BOL,M,,,,1560,AUG25,0,20,2006,i
3335089,"Magne Alcoba, Bryan Abdiel",BOL,M,,,,1443,AUG25,0,20,2004,i
3331555,"Magne Alcoba, Yonatan Israel",BOL,M,,,,1970,AUG25,6,40,2010,
3320227,"Magne Peis, Joan Paul",BOL,M,,,,1474,AUG25,0,40,2008,i
3311538,"Maldonado Caceres, Ronaldo",BOL,M,,NA,,1624,AUG25,4,20,1997,
3317412,"Maldonado, Eileen Del Rio",BOL,F,,,,1460,AUG25,0,20,2001,wi
3364151,"Mallon Romero, Nelson",BOL,M,,,,1614,AUG25,0,20,1986,
3309282,"Maluenda Balanza, Mauricio",BOL,M,,,,1651,AUG25,0,20,1989,i
3350495,"Mamani Acurana, Ricardo Gabriel",BOL,M,,,,1416,AUG25,0,40,2013,
3355039,"Mamani Alcon, Zahir Amir",BOL,M,,,,1499,AUG25,0,20,2006,i
3318583,"Mamani Alegria, Fabian",BOL,M,,,,1719,AUG25,0,20,2002,i
3318427,"Mamani Alvino, Esdras Adrian",BOL,M,,,,1699,AUG25,10,40,2011,
3362086,"Mamani Apaza, Douglas Miguel",BOL,M,,,,1723,AUG25,6,20,1999,
3308723,"Mamani Apaza, Vladimir Nestor",BOL,M,,,,1802,AUG25,7,20,1997,
3349799,"Mamani Argollo, Willy",BOL,M,,,,1534,AUG25,5,20,1987,
3313646,"Mamani Cantuta, Erik Julian",BOL,M,,,,1693,AUG25,0,20,2003,i
3303969,"Mamani Carlo, Leonardo",BOL,M,,,,1746,AUG25,0,20,1986,
3314391,"Mamani Castro, Paul",BOL,M,,,,1653,AUG25,0,40,2007,i
3352412,"Mamani Chambi, Thiago Willy",BOL,M,,,,1424,AUG25,0,40,2016,i
3313093,"Mamani Chavarria, Josue",BOL,M,,,,1684,AUG25,0,20,1998,i
3342646,"Mamani Choque, Adler Esau",BOL,M,,,,1669,AUG25,6,40,2017,
3330281,"Mamani Choque, Josue Nathaniel",BOL,M,,,,1566,AUG25,0,20,2004,i
3317323,"Mamani Choqueticlla, Jesus",BOL,M,,,,1649,AUG25,0,20,2000,i
3317510,"Mamani Choqueticlla, Jhonatan",BOL,M,,,,1605,AUG25,0,20,2003,i
3322483,"Mamani Cosme, Elizabeth",BOL,F,,,,1620,AUG25,0,20,2004,wi
3322424,"Mamani Cosme, Maria Eugenia",BOL,F,,,,1640,AUG25,0,20,2002,wi
3316963,"Mamani Flores, Dayana",BOL,F,,,,1491,AUG25,0,20,2006,wi
3339734,"Mamani Lima, Joel Samuel",BOL,M,,,,1430,AUG25,0,40,2015,i
3339742,"Mamani Lima, Jose Andres",BOL,M,,,,1642,AUG25,5,40,2010,
3314405,"Mamani Mamani, Rafael",BOL,M,,,,1429,AUG25,0,40,2008,i
3326446,"Mamani Pano, Juan",BOL,M,,,,1524,AUG25,0,20,1992,i
3326799,"Mamani Quino, Marvin Gabriel",BOL,M,,,,1603,AUG25,0,20,2006,i
3337260,"Mamani Quintana, Kevin Fritzw",BOL,M,,,,1542,AUG25,0,40,2008,i
3351564,"Mamani Quispe, Jhonatan Tito",BOL,M,,,,1413,AUG25,0,40,2016,
3364186,"Mamani Ramos, Jheycob Damian",BOL,M,,,,1619,AUG25,0,40,2009,
3339262,"Mamani Solis, Alicia Valentina",BOL,F,,,,1494,AUG25,0,40,2014,w
3339270,"Mamani Solis, Juan Diego",BOL,M,,,,1504,AUG25,0,40,2011,i
3331393,"Mamani Soliz, Jose Daniel",BOL,M,,,,1576,AUG25,0,40,2010,i
3349284,"Mamani Taborga, Cecilia",BOL,F,,,,1420,AUG25,0,40,2010,w
3339637,"Mamani Villca, Vicente Juan",BOL,M,,,,1520,AUG25,5,40,2013,
3311589,"Mamani, Anahi",BOL,F,WFM,WFM,,1806,AUG25,0,20,2004,wi
3308707,"Mamani, Douglas",BOL,M,,,,1805,AUG25,0,20,1999,
3306550,"Mamani, Jhony",BOL,M,,,,1728,AUG25,0,20,0,i
3308731,"Mancilla Murillo, Roger",BOL,M,,,,1520,AUG25,0,20,2002,i
3302636,"Mancilla Vallejos, Javier",BOL,M,,,,1918,AUG25,0,20,1961,i
3305910,"Mancilla, Dieter Hugo",BOL,M,,,,1624,AUG25,0,20,0,
3342930,"Mansilla Espindola, Mark",BOL,M,,,,1597,AUG25,0,40,2011,
3345092,"Maquera Soto, Benjamin",BOL,M,,,,1495,AUG25,0,40,2016,
3345106,"Maquera Soto, Carlos Daniel",BOL,M,,,,1591,AUG25,0,40,2009,i
3308189,"Marca Vargas, William",BOL,M,,,,1791,AUG25,0,20,1967,i
3314383,"Marcapaillo Luque, Alexey",BOL,M,,,,1414,AUG25,0,40,2009,i
3318680,"Marcapaillo Luque, Yamil Bahir",BOL,M,,,,1464,AUG25,0,40,2010,i
3337510,"Marcoz Orellana, Matias Alexis",BOL,M,,,,1441,AUG25,4,40,2013,
3311520,"Marin Yucra, Gabriel Ramiro",BOL,M,,,,1640,AUG25,0,20,2002,i
3302156,"Mariscal, Rodrigo",BOL,M,,,,1979,AUG25,0,20,1999,
3309304,"Marquez, Kevin Gabriel",BOL,M,,,,1591,AUG25,0,20,2003,i
3336409,"Marquez, Ricardo Matias",BOL,M,,,,1651,AUG25,0,40,2013,i
3323013,"Martinez Delgado, Nicole Ariana",BOL,F,,,,1530,AUG25,0,40,2008,w
3318125,"Martinez Flores, Alain Gustavo",BOL,M,,,,1515,AUG25,0,40,2007,i
3317749,"Martinez Flores, Darwin Livio",BOL,M,,,,1521,AUG25,0,20,2004,i
3335682,"Martinez Romay, Mei Andrea",BOL,F,,,,1578,AUG25,0,20,2006,wi
3313662,"Martinez Soliz, Fabio Adrian",BOL,M,,,,1575,AUG25,0,20,2004,i
3301745,"Martinez, Ariel",BOL,M,CM,,,2188,AUG25,6,20,1990,
3307913,"Mattes del Castillo, Addy",BOL,M,,,,1693,AUG25,0,20,1984,i
3352994,"Mayer Shepard, Esteban Gabriel",BOL,M,,,,1434,AUG25,0,40,2007,i
3307336,"Mayta Aiza, Maveric",BOL,M,CM,,,2241,AUG25,12,40,2007,
3307328,"Mayta Aiza, Vicmar",BOL,M,,,,1727,AUG25,5,20,2003,
3344681,"Mebarek Daza, Amin Andres",BOL,M,,,,1736,AUG25,0,20,1987,
3318133,"Medina Espinoza, Edwin Gabriel",BOL,M,,,,1668,AUG25,0,20,2006,i
3302644,"Medrano Guerra, Enio Franz",BOL,M,,,,1566,AUG25,0,20,1960,i
3310159,"Medrano Irahola, Jonathan",BOL,M,,,,1619,AUG25,0,20,2003,i
3351017,"Medrano Quispe, Arnold",BOL,M,,,,1528,AUG25,0,20,1995,i
3338134,"Medrano Soliz, Belinda Gladys",BOL,F,,,,1511,AUG25,0,40,2011,w
3338142,"Medrano Soliz, Jheyson Leonel",BOL,M,,,,1476,AUG25,0,40,2009,
3300722,"Medrano Urresti, David",BOL,M,CM,,,1900,AUG25,0,20,1982,
3307050,"Medrano, Esteban",BOL,M,,,,1651,AUG25,7,20,2003,
3303470,"Medrano, Mario",BOL,M,,,,1942,AUG25,14,20,1991,
3304965,"Medrano, Pablo",BOL,M,,,,1794,AUG25,0,20,1998,i
3303110,"Medrano, Sebastian",BOL,M,,,,1971,AUG25,7,20,2000,
3323501,"Menchaca Villca, Ernesto",BOL,M,,,,1445,AUG25,0,40,2008,i
3336077,"Mendez Calderon, Christian",BOL,M,,,,1571,AUG25,11,40,2011,
3326691,"Mendez Linarez, Jose Luis",BOL,M,,,,1654,AUG25,6,20,1999,
3367371,"Mendez Ordonez, Luis Mario",BOL,M,,,,1450,AUG25,0,40,2013,
3351807,"Mendieta Caba, Joseph Sebastian",BOL,M,,,,1752,AUG25,0,40,2011,i
3341577,"Mendoza Mendez, Valeria Arlette",BOL,F,,,,1561,AUG25,0,40,2010,w
3332870,"Mendoza Perez, Rodrigo",BOL,M,,,,1595,AUG25,0,20,2004,
3302792,"Mendoza, Fredy",BOL,M,,,,1934,AUG25,0,20,1967,
3301931,"Mendoza, Rodrigo",BOL,M,CM,,,2113,AUG25,0,20,1994,
3302407,"Mendoza, Samantha",BOL,F,,,,1748,AUG25,0,20,1992,w
3349381,"Meneces, Jhon Filver",BOL,M,,,,1405,AUG25,0,20,1989,i
3336883,"Mercado Becerra, Nicolas",BOL,M,,,,1415,AUG25,0,40,2009,i
3328481,"Mercado Diaz, Fabricio Edwin",BOL,M,,,,1812,AUG25,7,40,2010,
3310833,"Mercado, Edgar",BOL,M,,,,1924,AUG25,0,20,1993,
3335844,"Merida Moscoso, Cesar Vladimir",BOL,M,,,,1426,AUG25,0,40,2014,i
3335593,"Merlo Yugar, Amilcar Omar",BOL,M,,,,1726,AUG25,0,20,1999,i
3307506,"Meza Crespo, Dario",BOL,M,,,,1912,AUG25,0,20,2001,i
3308758,"Milanesi, Adriane",BOL,F,,,,1498,AUG25,0,20,2005,wi
3332888,"Millares Silva, Ronald",BOL,M,,,,1514,AUG25,0,20,2003,i
3306054,"Mirabal, Yojan",BOL,M,,,,1649,AUG25,6,20,1995,
3318141,"Miranda Churiri, Luis Gabriel",BOL,M,,,,1449,AUG25,0,40,2007,i
3339874,"Miranda Hidalgo, Gabriel Rene",BOL,M,,,,1552,AUG25,0,40,2010,
3305350,"Miranda, Juan",BOL,M,,NA,,1935,AUG25,0,20,1983,i
3300188,"Miranda, Luis",BOL,M,,,,2149,AUG25,0,20,1971,i
3346943,"Miranda, Marvin",BOL,M,,,,1515,AUG25,0,40,2014,
3332896,"Miyagusuku Roca, Richard Andres",BOL,M,,,,1475,AUG25,0,20,2003,i
3338533,"Molina Cavero, Matias",BOL,M,,,,1550,AUG25,0,40,2008,i
3332853,"Molina Chambilla, Jeshel",BOL,F,,,,1507,AUG25,0,20,2002,w
3321940,"Molina, Alfredo",BOL,M,,,,1731,AUG25,0,20,1962,
3303888,"Molina, Jessica",BOL,F,WFM,WFM,,1883,AUG25,7,20,2000,w
3316696,"Molina, Julio Andres",BOL,M,,,,1535,AUG25,0,20,2003,i
3305660,"Molina, Richard",BOL,M,,,,1691,AUG25,0,20,1997,i
3302342,"Molina, Ruben",BOL,M,,,,1798,AUG25,7,20,1993,
3325075,"Mollericona Yujra, Alexander",BOL,M,,,,1610,AUG25,0,20,1997,i
3316408,"Mollinedo Quispe, Daniel",BOL,M,,,,1444,AUG25,0,40,2007,i
3317943,"Mollinedo Quispe, Paola",BOL,F,,,,1455,AUG25,0,20,2005,wi
3325687,"Mollo Figueroa, Nicole",BOL,F,WFM,WFM,,1948,AUG25,0,40,2011,w
3322106,"Mollo Flores, Fabricio",BOL,M,,,,1530,AUG25,0,20,2005,i
3322114,"Mollo Flores, Valeria Mishel",BOL,F,,,,1503,AUG25,0,40,2009,wi
3332900,"Mollo Serrudo, Jose David",BOL,M,,,,1606,AUG25,0,20,2003,i
3344266,"Mollo Taquemallco, Jhair Ernesto",BOL,M,,,,1464,AUG25,0,40,2009,i
3309126,"Mollo Vega, Katherine",BOL,F,,,,1497,AUG25,0,20,2006,wi
3304620,"Mollo, Jhoan",BOL,M,FM,,,1962,AUG25,0,20,2003,i
54703190,"Monasterio Pena, Ian Gustavo",BOL,M,,,,1675,AUG25,0,40,2008,
3319407,"Monasterio Saucedo, Agustin",BOL,M,,,,1769,AUG25,0,20,2005,
3329038,"Monasterios Lopez, Sebastian",BOL,M,,,,1508,AUG25,0,20,2003,i
3321959,"Monje, Joseff Arnol-",BOL,M,,,,1913,AUG25,0,20,2000,i
3300544,"Monroy Carrizo, Javier",BOL,M,CM,,,1919,AUG25,7,20,1966,
3302067,"Monroy G., Javier A.",BOL,M,CM,NA,,2107,AUG25,8,20,1994,
3304019,"Monroy G., Nataly A.",BOL,F,WIM,WIM,,1816,AUG25,0,20,2000,w
3300471,"Monroy, Osvaldo",BOL,M,,,,1790,AUG25,0,20,1971,
3352781,"Montalvo Montoya, Dario",BOL,M,,,,1427,AUG25,0,40,2013,
3335852,"Montano Cardozo, Franco Leonardo",BOL,M,,,,1430,AUG25,3,40,2014,
3326454,"Montano Chacolla, Julio Isaac",BOL,M,,,,1443,AUG25,0,40,2007,i
3339122,"Montano Lima, Leandro David",BOL,M,,,,1526,AUG25,0,40,2009,i
3339130,"Montano Lima, Mateo Adrian",BOL,M,,,,1452,AUG25,0,40,2011,i
3311953,"Montecinos Chavarria, David",BOL,M,,,,1699,AUG25,0,20,1979,i
3305155,"Montenegro Martinez, Vanesa",BOL,F,,,,1650,AUG25,0,20,1999,wi
3339319,"Montenegro Vilches, Lucas Enrique",BOL,M,,,,1443,AUG25,0,40,2012,i
3324052,"Montero Camacho, Victor Andres",BOL,M,,,,1594,AUG25,0,20,2005,i
3300242,"Montero, Kusevic",BOL,M,,,,1979,AUG25,0,20,0,i
3352714,"Montes Pozo, Samuel",BOL,M,,,,1464,AUG25,0,40,2009,i
3322211,"Montevilla C., Elias Alejandro",BOL,M,,,,1734,AUG25,7,20,2006,
3335887,"Montevilla Cahuasa, Amanda",BOL,F,,,,1412,AUG25,0,40,2014,w
3322220,"Montevilla Cahuasa, Jonathan I.",BOL,M,CM,,,2033,AUG25,7,40,2009,
3323900,"Montevilla Cahuasa, Sebastian",BOL,M,,,,1623,AUG25,6,40,2011,
3305929,"Montevilla, Fernando",BOL,M,,,,1446,AUG25,0,20,0,i
3323676,"Montevilla, Jhonny",BOL,M,,,,1542,AUG25,0,20,1982,i
3335410,"Montoya Mercado, Julio Cesar",BOL,M,,,,1514,AUG25,0,20,1978,i
3338495,"Morales Bazan, Carlos Edison",BOL,M,,,,1434,AUG25,0,20,1991,
3321843,"Morales Estrada, Jhoel Henry",BOL,M,,,,1926,AUG25,0,20,2006,
3321851,"Morales Estrada, Jhon Alfredo",BOL,M,,NA,,1678,AUG25,0,20,2001,i
3308197,"Morales Lopez, Gerardo",BOL,M,,,,1645,AUG25,0,20,2001,i
3329097,"Morales Roca, Elilaura",BOL,F,,,,1618,AUG25,0,20,2002,wi
3303748,"Morales, Diego",BOL,M,,,,1878,AUG25,0,20,1993,i
3305252,"Morales, Martin",BOL,M,,,,1555,AUG25,0,20,1985,i
3313972,"Moreno Montero, Victor Ruben",BOL,M,,,,1569,AUG25,0,20,2006,i
3301028,"Moreno Romero, Alejandro",BOL,M,,,,1595,AUG25,5,20,1999,
3343685,"Moreno Rosales, Lucas Daniel",BOL,M,,,,1438,AUG25,0,40,2012,i
3332136,"Moscoso Paz, Esther Angela",BOL,F,,,,1663,AUG25,0,40,2009,w
3342263,"Mosquera Mamani, Severino",BOL,M,,,,1657,AUG25,0,20,2004,i
3306569,"Mostajo, Gaston",BOL,M,,,,1734,AUG25,0,20,1952,i
3349802,"Moya Arce, Josue Moroni",BOL,M,,,,1533,AUG25,0,40,2007,i
3333493,"Moya Taquichiri, Franz Josue",BOL,M,,,,1424,AUG25,0,40,2009,
3302806,"Muguertegui, Edson",BOL,M,,,,1919,AUG25,0,20,1984,i
3341739,"Mujica Salguero, Eiko",BOL,M,,,,1625,AUG25,0,20,2002,i
3336751,"Mullisaca Mamani, Estiben Josue",BOL,M,,,,1646,AUG25,0,40,2007,i
3336549,"Munoz Barboza, Matias Ariel",BOL,M,,,,1681,AUG25,0,20,2005,i
3368874,"Mur Lagraba, Juan Jose",BOL,M,,,,1528,AUG25,0,20,1983,
3336280,"Murga Paz, Diego Emanuel",BOL,M,,,,1568,AUG25,0,40,2013,i
3351165,"Murillo Fernandez, Wendel Efrain",BOL,M,,,,1706,AUG25,6,40,2010,
3327620,"Murillo Gonzales, Mauricio Carlos",BOL,M,,,,1510,AUG25,0,20,2004,i
3301052,"Murillo, Alejandro",BOL,M,,,,1922,AUG25,0,20,0,
3312631,"Murillo, Angela",BOL,F,,,,1601,AUG25,0,20,2006,wi
3310701,"Nava Encinas, Alex",BOL,M,,,,1563,AUG25,0,20,2006,i
3354857,"Nava Pinedo, Noe Bethuel",BOL,M,,,,1661,AUG25,7,20,2006,
3309860,"Nava, Erick",BOL,M,,,,1591,AUG25,0,20,1995,i
3316971,"Navarro Gorena, Angel",BOL,M,,,,1575,AUG25,0,20,1953,i
3344606,"Navarro Mamani, Leonel Albert",BOL,M,,,,1411,AUG25,0,40,2011,
3316700,"Navia Rocha, Oscar",BOL,M,,,,1749,AUG25,7,20,2004,
3323781,"Neyra, Henry -",BOL,M,,,,1575,AUG25,0,20,1985,i
3315827,"Nina Apaza, Phaes Freddy",BOL,M,,,,1566,AUG25,0,20,2004,i
3313700,"Nina Mamani, Hiro Norman",BOL,M,,,,1621,AUG25,0,20,2003,i
3313352,"Nina Mamani, Itamar Esteban",BOL,M,,,,1665,AUG25,0,20,2002,i
3348547,"Nina Maraz, Miguel",BOL,M,,,,1525,AUG25,0,40,2008,
3336760,"Nina Plata, Jesus Ramiro",BOL,M,,,,1516,AUG25,0,20,2004,i
3315010,"Nina Tablada, Vasualdo Elias",BOL,M,,,,1681,AUG25,0,20,2002,
3308200,"Nina, Isaac",BOL,M,,,,1594,AUG25,0,20,0,i
3316920,"Ninaja Zabala, Edgar Jose",BOL,M,,,,1569,AUG25,0,20,2004,i
3318729,"Nunez Tenorio, Carlos Daniel",BOL,M,,,,1617,AUG25,0,20,1999,i
3302490,"Nunez, Samuel",BOL,M,,,,1910,AUG25,0,20,1990,i
3315622,"Nunez, Wilson",BOL,M,,,,1454,AUG25,0,20,1988,i
3320235,"Ocampo Correa, Carlos David",BOL,M,,,,1585,AUG25,0,40,2008,
3351173,"Olivares Velarde, Thiago Sebastian",BOL,M,,,,1469,AUG25,10,40,2009,
3340759,"Olmos Cayo, Dario Alberto",BOL,M,,,,1496,AUG25,0,20,2001,i
3344746,"Omonte Uno, Cristhian",BOL,M,,NA,,1488,AUG25,0,20,2005,i
3364674,"Ono Espinoza, Matteo",BOL,M,,,,1550,AUG25,9,40,2016,
3331121,"Ordonez Miranda, Jose Herlang",BOL,M,,,,1628,AUG25,0,40,2009,
3335895,"Orellana Calla, Daniel",BOL,M,,,,1576,AUG25,0,20,2006,i
3348768,"Orellana Dominguez, Diego Alexander",BOL,M,,,,1688,AUG25,0,40,2010,
3346331,"Orellana Hinojosa, Milka Raquel",BOL,F,,,,1452,AUG25,0,40,2009,wi
3342700,"Orellana Hinojosa, Wilson Gabriel",BOL,M,,,,1700,AUG25,0,40,2010,i
3317099,"Organivia Valverde, Kerry",BOL,M,,,,1849,AUG25,0,20,1976,i
3302911,"Orias, Marcelo",BOL,M,,,,1867,AUG25,0,20,1987,
3348121,"Ortega Benitez, Dominic",BOL,M,,,,1610,AUG25,0,40,2011,
3333906,"Ortega Condori, Ilian Porfirio",BOL,M,,,,1580,AUG25,0,40,2008,
3309339,"Ortega, Gilmar",BOL,M,,,,1696,AUG25,0,20,2004,
3326128,"Ortiz Ala, Ramiel Eddy",BOL,M,,,,1470,AUG25,0,40,2009,
3352439,"Ortiz Marcelo, Andy Cristofer",BOL,M,,,,1523,AUG25,0,40,2012,
3307689,"Oyola, Daniel",BOL,M,,,,1837,AUG25,0,20,0,i
3317153,"Pacheco Arteaga, Natalia",BOL,F,,,,1522,AUG25,0,40,2007,wi
3324613,"Pacheco Blanco, Milton Luis",BOL,M,,,,1447,AUG25,0,40,2007,i
3323153,"Pacheco Chavarria, Alfredo",BOL,M,,,,1474,AUG25,0,20,1980,i
3318605,"Pacheco Lopez, Carla Viviana",BOL,F,,,,1489,AUG25,0,20,2006,wi
3322700,"Pacheco Perez, Abigail",BOL,F,,,,1437,AUG25,0,20,2006,wi
3366545,"Pacheco Vargas, Rafael Vicente",BOL,M,,,,1459,AUG25,0,40,2013,
3336301,"Paco Mamani, Eliezer Jesus",BOL,M,,,,1413,AUG25,0,20,1994,i
3345319,"Paco Vargas, Jhon Erick",BOL,M,,,,1798,AUG25,0,40,2009,
3313727,"Padilla Ponce, Joel Milton",BOL,M,,,,1401,AUG25,0,20,2004,i
3314359,"Padilla Ponce, Josue Alan",BOL,M,,,,1454,AUG25,0,40,2007,i
3339335,"Padilla Quiroz, Irina Lineth",BOL,F,,,,1493,AUG25,0,40,2016,w
3325857,"Paillo Pinto, Jhon Alexander",BOL,M,,,,1555,AUG25,0,20,2002,i
3313735,"Paiva Rocabado, Andres",BOL,M,,,,1561,AUG25,0,20,2003,i
3325180,"Paniagua Adomeit, Abraham",BOL,M,,,,1647,AUG25,0,20,2004,i
3324877,"Paniagua, Eunice Soraya",BOL,F,,NA,,1423,AUG25,0,20,2003,wi
3309940,"Paniagua, Otoniel Gadiel",BOL,M,,NA,,AGM,AUG25,1842,0,1999,i
3301303,"Parada, Felipe",BOL,M,,,,1989,AUG25,0,20,1994,i
3300811,"Paredes, Omar",BOL,M,,,,1998,AUG25,0,20,0,i
3312917,"Pari Aruquipa, Luz Maria",BOL,F,,,,1454,AUG25,0,20,2001,wi
3324516,"Pari Segura, Josue",BOL,M,,,,1455,AUG25,0,20,2004,i
3326470,"Pari Segura, Manuel Alejandro",BOL,M,,,,1421,AUG25,0,40,2008,i
3325865,"Parodi Lenarduzzi, Leon",BOL,M,,,,1627,AUG25,0,20,2002,
3318451,"Parra Yupanqui, Felix Antonio",BOL,M,,,,1517,AUG25,0,40,2008,i
3327639,"Parra, Daniel Alejandro",BOL,M,,,,1600,AUG25,5,20,2002,
3300617,"Parraga, Alejandro",BOL,M,CM,,,2105,AUG25,0,20,1985,i
3336689,"Pascual Orihuela, Luis Alberto",BOL,M,,,,1577,AUG25,0,20,1992,
3315428,"Patino, Brayan",BOL,M,,,,1461,AUG25,0,40,2008,i
3358445,"Paton Gonzales, Jorge Eduardo",BOL,M,,,,1475,AUG25,0,20,2000,i
3300820,"Patty, Oscar",BOL,M,,,,1975,AUG25,0,20,1977,i
3347702,"Patzi Soto, Carla Yamile",BOL,F,,,,1463,AUG25,0,40,2016,w
3325385,"Paucara Manzaneda, Maite Noelia",BOL,F,,,,1581,AUG25,0,40,2011,wi
3321401,"Paucara Manzaneda, Milenka",BOL,F,,,,1526,AUG25,0,40,2008,wi
3354326,"Pelaes Cayo, Tomas",BOL,M,,,,1498,AUG25,0,40,2007,
3318648,"Pena Cabrera, Daniel",BOL,M,,,,1467,AUG25,0,20,2006,i
3333817,"Penaranda Choque, Brigitte",BOL,F,,,,1442,AUG25,0,40,2011,wi
3343723,"Penaranda Leandro, Mario",BOL,M,,,,1539,AUG25,0,20,1997,
3323579,"Penaranda Mamani, Brian Adiel",BOL,M,,,,1423,AUG25,0,40,2010,
3337731,"Perca Quelca, Ronald Rene",BOL,M,,,,1489,AUG25,0,40,2008,i
3306330,"Peredo Claros, Luis Gabriel",BOL,M,,,,1948,AUG25,0,20,1966,i
3313999,"Pereira Solamayo, Jairo Bladimir",BOL,M,,,,1513,AUG25,0,20,2006,
3319091,"Pereira Vargas, Rayd",BOL,M,,,,1464,AUG25,0,40,2008,i
3325873,"Perez Aduviri, Cristian Zenon",BOL,M,,,,1450,AUG25,0,20,2006,i
3305384,"Perez Alvarado, Jose Luis",BOL,M,,,,1745,AUG25,0,20,1985,i
3340040,"Perez Alvarez, Aaron Alejandro",BOL,M,,,,1405,AUG25,0,40,2014,
3366944,"Perez Aramayo, David",BOL,M,,,,1424,AUG25,0,40,2007,
3318478,"Perez Cruz, Matias Ariel",BOL,M,,,,1421,AUG25,0,40,2009,i
3360903,"Perez Pedraza, Jose Alejandro",BOL,M,,,,1446,AUG25,0,40,2013,
3326055,"Perez Pinto, Fabian Alejandro",BOL,M,,,,1524,AUG25,0,40,2010,
3348563,"Perez Quispe, Belen Nineth",BOL,F,,,,1411,AUG25,0,40,2012,wi
3318168,"Perez Toledo, Zenit Zeid",BOL,M,,,,1615,AUG25,0,20,2006,i
3305163,"Perez, Maria Del Rosario",BOL,F,,,,1725,AUG25,0,20,1999,wi
3318893,"Pino Ramirez, Justin Aaron",BOL,M,,,,1620,AUG25,0,20,2003,i
3312933,"Pinto Baltazar, Angel",BOL,M,,,,1695,AUG25,0,20,2000,i
3311961,"Pinto Baltazar, Ruben Dario",BOL,M,,FA,,1608,AUG25,0,20,1991,i
3303144,"Pinto, Daniel",BOL,M,FM,,,2208,AUG25,9,20,2001,
3338509,"Pisoto Flores, Emilita",BOL,F,,,,1465,AUG25,0,20,1993,wi
3340406,"Poma Tinini, Matias Nicolas",BOL,M,,,,1580,AUG25,0,40,2014,i
3324273,"Pomacusi Pomacosi, Abigail",BOL,F,,,,1428,AUG25,0,20,2004,wi
3348130,"Poveda Cueto, Julio Manuel",BOL,M,,,,1481,AUG25,0,40,2012,i
3307417,"Pozo Uria, Daniel Mauricio",BOL,M,,,,1548,AUG25,0,20,2004,i
3335623,"Pozorrico Banda, Diego Elvin",BOL,M,,,,1520,AUG25,0,20,2006,i
3301346,"Prado, Alexandra",BOL,F,WCM,WCM,,1802,AUG25,0,20,1995,w
3309134,"Prata Mogro, Guillermo",BOL,M,,,,1703,AUG25,0,20,2006,i
3321304,"Puchetta Colque , Ramon .",BOL,M,,,,1690,AUG25,0,20,1999,i
3306453,"Puita, Lucio",BOL,M,,,,1900,AUG25,0,20,1992,i
3338207,"Puma Ojeda, Jhostin Angelo",BOL,M,,,,1569,AUG25,0,40,2013,
3316823,"Putare Velez, Anely",BOL,F,,,,1464,AUG25,0,20,2005,wi
3316718,"Putare, Rikson",BOL,M,,,,1652,AUG25,0,20,2000,i
3307719,"Quenta Barrientos, Miguel Angel",BOL,M,,,,1756,AUG25,0,20,1994,
3307115,"Quenta Chambi, Mauricio",BOL,M,,,,1550,AUG25,0,20,2006,i
3310094,"Quenta Chambi, Rumi",BOL,M,,,,1518,AUG25,0,20,2004,i
3321886,"Quilla, Eliseo",BOL,M,,,,1838,AUG25,6,20,1994,
3334988,"Quintana Ramos, Nino Joel",BOL,M,,,,1571,AUG25,0,20,2001,i
3316858,"Quinteros Perez, Oscar Gustavo",BOL,M,,,,1404,AUG25,0,40,2008,i
3328376,"Quiroga Cuba, Carlos Andres",BOL,M,,,,1516,AUG25,0,40,2008,i
3338630,"Quiroga Guerra, Marcelo Leopoldo",BOL,M,,,,1572,AUG25,0,20,1998,i
3319830,"Quiroga, Jose",BOL,M,,,,1735,AUG25,0,20,1968,i
3308103,"Quiroga, Walter Gonzalo",BOL,M,,,,1741,AUG25,0,20,1956,i
3337294,"Quiruchi Negretty, Erik",BOL,M,,,,1641,AUG25,0,20,2001,i
3320529,"Quisbert Ojeda, Jose Antonio",BOL,M,,,,1528,AUG25,0,20,2005,i
3319148,"Quisbert Quispe, Leonidaz Kalel",BOL,M,,,,1591,AUG25,0,40,2009,i
3314332,"Quisbert Ramirez, Cesar",BOL,M,,,,1409,AUG25,0,40,2008,i
3319288,"Quisbert Vega, Brayan Daniel",BOL,M,,,,1745,AUG25,0,20,2002,i
3355047,"Quisbert Villarroel, Jose Carlos",BOL,M,,,,1573,AUG25,0,20,1997,
3354369,"Quisbert Villarroel, Jose Dylan G",BOL,M,,,,1465,AUG25,0,20,2006,i
3353753,"Quisocala Callizaya, Santiago Gilber",BOL,M,,,,1489,AUG25,0,40,2012,
3307425,"Quispe Aviza, Javier Paolo",BOL,M,,,,1761,AUG25,0,20,2004,i
3339769,"Quispe Choquehuanca, Angeles Aydee",BOL,F,,,,1703,AUG25,10,40,2012,w
3317757,"Quispe Condori, Jorge Rafael",BOL,M,,,,1551,AUG25,0,20,2005,i
3339777,"Quispe Coronel, Diego Alejandro",BOL,M,,,,1535,AUG25,0,20,2000,i
3311007,"Quispe Cruz, Daniela",BOL,F,,,,1645,AUG25,0,20,2004,wi
3311813,"Quispe Cruz, Samuel",BOL,M,,,,1646,AUG25,0,20,2006,i
3324532,"Quispe Huanca, Edmilson Mario",BOL,M,,,,1497,AUG25,0,40,2007,i
3321363,"Quispe Lino, Luis Esteban",BOL,M,,,,1749,AUG25,0,20,2004,i
3317765,"Quispe Loza, Kevin Freddy",BOL,M,,,,1521,AUG25,0,20,2004,i
3317552,"Quispe Machaca, Jose Miguel",BOL,M,,,,1658,AUG25,0,20,2003,i
3323927,"Quispe Mamani, Eguilberto Roymar",BOL,M,,,,1458,AUG25,0,40,2010,i
3336417,"Quispe Mamani, Katerin Gabriela",BOL,F,,,,1497,AUG25,6,40,2015,w
3314642,"Quispe Mamani, Melva Milka",BOL,F,,,,1709,AUG25,0,20,1998,wi
3313808,"Quispe Mamani, Nikaela Nazaret",BOL,F,,,,1540,AUG25,6,20,2006,w
3337774,"Quispe Nao, Sofia",BOL,F,,,,1506,AUG25,0,20,1997,wi
3338541,"Quispe Vasquez, Edwin",BOL,M,,,,1625,AUG25,0,20,1986,i
3308820,"Quispe, Jesus",BOL,M,,,,1518,AUG25,0,20,0,i
3316106,"Quispe, Josue William",BOL,M,,,,1755,AUG25,0,20,2000,i
3301699,"Quispe, Juan Gabriel",BOL,M,,,,1947,AUG25,0,20,1996,i
3324621,"Ramallo Aguilar, Ariadne Ricela",BOL,F,,,,1706,AUG25,0,20,2006,w
3354911,"Ramallo Olivio, Jhasmany Carlos",BOL,M,,,,1581,AUG25,0,20,1993,i
3325881,"Ramirez Cerezo, Erick Nadyr",BOL,M,,,,1668,AUG25,0,20,1982,i
3344940,"Ramirez Espinoza, Percy Willy",BOL,M,,,,1566,AUG25,0,20,1946,
3312518,"Ramirez Mollo, Victor",BOL,M,,,,1432,AUG25,0,20,2006,i
3325199,"Ramirez Pinto, Juan Alberto",BOL,M,,,,1522,AUG25,0,40,2008,i
3321029,"Ramirez Tapia, Persy Javier",BOL,M,,,,1667,AUG25,0,20,1978,i
3314936,"Ramirez Zalles, Albert",BOL,M,,,,1417,AUG25,0,40,2008,i
3301680,"Ramirez, Maria Eugenia",BOL,F,WFM,WFM,,1905,AUG25,0,20,1988,wi
3308839,"Ramos Alegria, Alan",BOL,M,,,,1529,AUG25,0,20,2001,i
3315665,"Ramos Alegria, Alejandro",BOL,M,,,,1431,AUG25,0,40,2007,i
3313026,"Ramos Aranda, Aisha Libna",BOL,F,,,,1502,AUG25,0,40,2008,wi
3312526,"Ramos Aranda, Zahid",BOL,M,,,,1797,AUG25,0,20,2006,i
3344380,"Ramos Cano, Lia Brissa",BOL,F,,,,1455,AUG25,0,40,2016,w
3316726,"Rejas, Diego",BOL,M,,,,1637,AUG25,0,20,2000,i
3301010,"Rengel, Mario",BOL,M,,,,2077,AUG25,0,20,1968,i
3348849,"Revollo Hurtado, Libertad Arely",BOL,F,,,,1498,AUG25,0,40,2007,w
3341747,"Revollo Ortiz, Guery Robert",BOL,M,,,,1405,AUG25,0,20,1975,i
3343065,"Reyes Morales, Esteban Marcelo",BOL,M,,,,1618,AUG25,0,20,1999,i
3350770,"Reynaga Castro, Roberto Simon",BOL,M,,,,1570,AUG25,0,40,2008,
3302830,"Ribera Arce, Yorch Willy",BOL,M,,,,1975,AUG25,0,20,1990,
3308090,"Ribera Arteaga, Miguel Yordano",BOL,M,,,,1940,AUG25,0,20,1993,i
3302822,"Ribera Rivero, Willan",BOL,M,,,,1825,AUG25,0,20,1968,
3323528,"Ricalde Benavidez, Anibal",BOL,M,,,,1503,AUG25,0,40,2009,i
3342735,"Ricaldez Martinez, Rodrigo",BOL,M,,,,ACM,AUG25,1538,0,2005,
3311635,"Rios Perez, Ricardo Daniel",BOL,M,,,,1800,AUG25,0,20,2004,i
3318494,"Rios Vargas, Esteban Santiago",BOL,M,,,,1404,AUG25,0,40,2010,i
3316238,"Rivas Perez, Oscar Daniel",BOL,M,,,,1569,AUG25,0,40,2008,i
3339432,"Rivas Ramos, Carlos Dilan",BOL,M,,,,1491,AUG25,0,40,2011,
3336573,"Rivas Ramos, Ivan",BOL,M,,,,1563,AUG25,0,40,2008,
3314901,"Rivera, Mauricio",BOL,M,,,,1588,AUG25,0,20,2006,i
3343316,"Rivero Benavides, Adrian Santiago",BOL,M,,,,1416,AUG25,0,40,2013,i
3308430,"Rivero, Yecid",BOL,M,,,,1968,AUG25,0,20,0,i
3301249,"Robles, Gustavo",BOL,M,,,,1848,AUG25,0,20,1981,
3316734,"Roca, Jose Julio",BOL,M,,,,1587,AUG25,0,20,1999,i
3319105,"Rocha Correa, Jhonn Gregor",BOL,M,,,,1591,AUG25,0,40,2007,
3328384,"Rocha Michel, Jose Ignacio",BOL,M,,,,1688,AUG25,0,40,2009,
3340716,"Rocha Quispe, Beymar Eloy",BOL,M,,,,1543,AUG25,0,40,2012,i
3351670,"Rocha Rojas, Wiliberto",BOL,M,,,,1460,AUG25,4,20,1963,
3318737,"Rocha Suarez, Mauricio Jose",BOL,M,,NA,,AIM,AUG25,1612,0,2000,
3306836,"Rocha, Ignacio",BOL,M,,,,1797,AUG25,6,20,1987,
3336425,"Rodriguez Barrientos, Johan Raziel",BOL,M,,,,1629,AUG25,0,40,2015,
3364291,"Rodriguez Cassia, Erland David",BOL,M,,,,1415,AUG25,0,20,2003,
3317978,"Rodriguez Chapi, Dayana",BOL,F,,,,1584,AUG25,0,20,2005,wi
3325008,"Rodriguez Lujan, Oliver Albert",BOL,M,,,,1501,AUG25,6,40,2008,
3311023,"Rodriguez Nina, Fabian",BOL,M,,,,1761,AUG25,0,20,2006,
3311031,"Rodriguez Nina, Fabiola",BOL,F,,,,1635,AUG25,0,20,2002,w
3348016,"Rodriguez Paz, Fernando",BOL,M,,,,1517,AUG25,0,20,1972,i
3323536,"Rodriguez Porco, Elias Nazareno",BOL,M,,,,1440,AUG25,0,40,2008,i
3323420,"Rodriguez Porco, Jose Fabian",BOL,M,,,,1624,AUG25,0,20,2006,
3346781,"Rodriguez Ramos, Mateo",BOL,M,,,,1487,AUG25,0,40,2009,
3338363,"Rodriguez Rodriguez, Javier Ramiro",BOL,M,,,,1456,AUG25,0,20,1990,i
3308855,"Rodriguez Rodriguez, Jesus Jorge",BOL,M,,,,1663,AUG25,0,20,1994,i
3302059,"Rodriguez Rosas, Denisse",BOL,F,,,,1915,AUG25,0,20,1992,wi
3317366,"Rodriguez Villafan, Ricardo",BOL,M,,,,1708,AUG25,0,20,2000,i
3311015,"Rodriguez, Leonardo",BOL,M,,,,AFM,AUG25,1795,0,2000,i
3333655,"Rojas Carvajal, Ricardo",BOL,M,,,,1668,AUG25,0,20,1997,i
3356620,"Rojas Quispe, Leonardo",BOL,M,,,,1607,AUG25,0,40,2008,
3334210,"Rojas Ramos, Lesli Meliza",BOL,F,,,,1548,AUG25,0,40,2009,wi
3301605,"Rojas Valdivia, Gustavo",BOL,M,,,,1843,AUG25,0,20,1981,i
3310353,"Rojas Villalobos, Gabino",BOL,M,,,,1621,AUG25,0,20,2001,i
3313123,"Rojas Villalobos, Maciel",BOL,F,,,,1603,AUG25,0,20,2000,wi
3301737,"Rojas, Erwin",BOL,M,,,,1492,AUG25,0,20,0,i
3312194,"Rojas, Gavino",BOL,M,,,,1619,AUG25,0,20,2001,i
3307867,"Rojas, Rodrigo",BOL,M,,,,1864,AUG25,0,20,2000,i
3341798,"Romay Rocha, Diego Marcelo",BOL,M,,,,1565,AUG25,12,40,2012,
3362035,"Romero Peralta, Matias",BOL,M,,,,1507,AUG25,0,20,2005,i
3319741,"Romero Perez, Panfilo",BOL,M,,,,1622,AUG25,0,20,1977,i
3333205,"Romero Villarroel, Rodrigo Ever",BOL,M,,,,1671,AUG25,0,40,2007,i
3306593,"Romero, Roly",BOL,M,,,,1887,AUG25,0,20,1986,
3311163,"Roque Flores, Helen",BOL,F,,,,1549,AUG25,0,20,2003,wi
3311171,"Roque Flores, Jean Pol",BOL,M,,,,1463,AUG25,0,20,2005,i
3312259,"Rosales, Rommy",BOL,F,,,,1680,AUG25,0,20,2002,wi
3335968,"Rosas Navarro, Bruno Shahid",BOL,M,,,,1798,AUG25,6,40,2010,
3336581,"Rosas Navarro, Dominic Giselle",BOL,F,,,,1689,AUG25,0,40,2012,w
3303993,"Rosso, Jhohan",BOL,M,,,,1904,AUG25,0,20,2000,i
3302105,"Rozo, Paulo",BOL,M,FM,,,2059,AUG25,0,20,1995,
3305406,"Rozo, Yaro",BOL,M,,,,1770,AUG25,0,20,1994,i
3350452,"Rueda Aguirre, Sander Jefferson",BOL,M,,,,1555,AUG25,0,40,2011,
3367398,"Rueda Gonzales, Efrain Ariel",BOL,M,,,,1577,AUG25,0,20,1982,
3353311,"Ruiz Achacollo, Jose Damir",BOL,M,,,,1595,AUG25,9,40,2016,
3331407,"Ruiz Gutierrez, Yomar",BOL,M,,,,1759,AUG25,0,20,1999,i
3304892,"Ruiz, Samuel",BOL,M,,,,1795,AUG25,0,20,2001,i
3328511,"Saavedra Aiza, Alejandro",BOL,M,,,,1815,AUG25,6,40,2011,
3335976,"Saavedra Castro, Matias Santiago",BOL,M,,,,1723,AUG25,0,40,2010,i
3320251,"Saavedra Mogro, Rafael",BOL,M,,,,1507,AUG25,0,40,2007,i
3300102,"Saavedra, Carlos",BOL,M,FM,,,1945,AUG25,0,20,1957,
3317773,"Saavedra, Jesus",BOL,M,,,,1463,AUG25,0,20,2004,i
3301257,"Saavedra, Nilo",BOL,M,,,,1876,AUG25,6,20,1946,
3325334,"Saavedra, Victor Hugo",BOL,M,,,,1682,AUG25,0,20,1966,i
3321967,"Saenz Cayetano, Moises-",BOL,M,,,,1774,AUG25,0,20,2000,i
3309355,"Sagredo, Franco",BOL,M,,,,1927,AUG25,0,20,1990,i
3302857,"Sainz, Ariel",BOL,M,,,,1910,AUG25,0,20,1991,i
3302865,"Sainz, Oscar",BOL,M,,,,1566,AUG25,0,20,0,i
3335380,"Salamanca Paraguayo, Mateo",BOL,M,,,,1568,AUG25,4,40,2013,
3302237,"Salas, Javier",BOL,M,,,,1782,AUG25,0,20,1960,i
3331598,"Salazar Salinas, Daniel",BOL,M,,,,1508,AUG25,0,20,2004,i
3331601,"Salazar Salinas, Maria Jose",BOL,F,,,,1612,AUG25,0,40,2009,wi
3331610,"Salazar Salinas, Rodrigo",BOL,M,,,,1797,AUG25,0,40,2011,
3305260,"Salazar, David",BOL,M,,,,1951,AUG25,0,20,1949,i
3342204,"Salgueiro Sangalli, Asbel Sebastian",BOL,M,,,,1490,AUG25,0,40,2016,
3338860,"Salvador Taquimallco, Alejandro Bryan",BOL,M,,,,1440,AUG25,0,40,2014,i
3316467,"Salvador Taquimallco, Alex",BOL,M,,,,1455,AUG25,0,20,2006,i
3329771,"Salvador Taquimallco, Michelle",BOL,F,,,,1515,AUG25,0,40,2012,wi
3317579,"Salvador Taquimallco, Ruben",BOL,M,,,,1562,AUG25,0,20,2003,i
3347630,"Salvatierra Estrada, Damian",BOL,M,,,,1425,AUG25,0,40,2008,i
3334554,"Salvatierra Rodriguez, Abel",BOL,M,,,,1729,AUG25,0,20,1979,
3354385,"Salvatierra Zelada, Lucio Alfredo",BOL,M,,,,1669,AUG25,8,40,2009,
3361187,"Sanchez Camacho, Jose Israel",BOL,M,,,,1580,AUG25,0,40,2014,i
3340678,"Sanchez Flores, Carlos Alejandro",BOL,M,,,,1479,AUG25,0,40,2013,
3333639,"Sanchez Ledezma, Camila Cristina",BOL,F,,,,1508,AUG25,4,40,2009,w
3336069,"Sanchez Loayza, Caleb",BOL,M,,,,1428,AUG25,0,40,2013,
3307824,"Sanchez, Davy",BOL,M,,,,1768,AUG25,0,20,1990,i
3312950,"Sanchez, Juan Carlos",BOL,M,,,,1615,AUG25,0,20,2000,i
3307131,"Sanchez, Kevin",BOL,M,,,,1800,AUG25,0,20,2004,i
3301265,"Sanchez, Raul",BOL,M,,,,1929,AUG25,0,20,1967,i
3318184,"Sandoval Canido, Rolando",BOL,M,,,,1485,AUG25,0,40,2007,i
3309401,"Sanez Camacho, Ariel",BOL,M,,,,1809,AUG25,7,20,1986,
3352455,"Santander Flores, Danner Van",BOL,M,,,,1427,AUG25,0,40,2011,i
3352463,"Santander Flores, Dilan Leo",BOL,M,,,,1440,AUG25,0,40,2014,i
3336000,"Santivanez Videz, Nicole Denisse",BOL,F,,,,1548,AUG25,0,40,2012,w
3322246,"Santoja Rocha, Nuri",BOL,M,,,,1684,AUG25,0,20,1992,i
3316629,"Santos Callahuara, Monzerrat",BOL,F,,,,1504,AUG25,0,40,2010,w
3341437,"Santos Maizu, Emanuel",BOL,M,,,,1440,AUG25,0,40,2007,i
3318508,"Santos, Carlos Kevin",BOL,M,,,,1545,AUG25,0,40,2008,i
3317781,"Santos, Jesus Andres",BOL,M,,,,1491,AUG25,0,20,2005,i
3355861,"Sarabia Loayza, Arturo Andrew Romes",BOL,M,,,,1509,AUG25,0,40,2010,
3345394,"Saramani Chavarria, Luz Estefani",BOL,F,,,,1539,AUG25,0,20,2006,wi
3366502,"Saravia, Jheyson",BOL,M,,,,1410,AUG25,6,40,2012,
3358135,"Sarzuri Ramirez, Ibrahim Oscar",BOL,M,,,,1485,AUG25,0,40,2017,
3306607,"Segovia Portal, Franz Reynaldo",BOL,M,,,,1884,AUG25,0,20,1982,i
3335143,"Sempertegui Tames, Juan Diego",BOL,M,,,,1587,AUG25,10,40,2009,
3326721,"Sempertegui Tames, Juan Manuel",BOL,M,,NA,,ACM,AUG25,1551,4,1998,
3367924,"Sepulveda Coria, Andres Orlando",BOL,M,,,,1568,AUG25,5,40,2014,
3346390,"Serrudo Condori, Xialine Tiare",BOL,F,,,,1423,AUG25,0,40,2012,wi
3342948,"Serrudo Santos, Mijael Izau",BOL,M,,,,1518,AUG25,0,40,2011,i
3343960,"Sesgo Rafael, Roberto Carlos",BOL,M,,,,1507,AUG25,0,20,2004,i
3308235,"Severich, Axl",BOL,M,CM,,,1770,AUG25,0,20,2006,i
3308243,"Severich, Gisselle",BOL,F,,,,1526,AUG25,0,20,2001,wi
3321428,"Siles Kora, Brayan",BOL,M,,,,1576,AUG25,0,40,2007,i
3323188,"Siles Kora, Dayana Karolyn",BOL,F,,,,1441,AUG25,0,40,2009,wi
3308898,"Silicuana Quispe, Cristhian",BOL,M,,,,1675,AUG25,0,20,2002,
3338959,"Silicuana Quispe, Katerin",BOL,F,,,,1416,AUG25,0,40,2008,w
3325636,"Silva Lopez, German Mauricio",BOL,M,,,,1436,AUG25,0,40,2009,
3318818,"Silva Lopez, Joel Sebastian",BOL,M,,,,1513,AUG25,0,20,2001,i
3340970,"Silva Lopez, Samuel Adrian",BOL,M,,,,1434,AUG25,0,40,2015,
3314006,"Silva Pardo, Hanns",BOL,M,,,,1589,AUG25,0,20,2005,i
3359468,"Sinani Nacho, Iker Allen",BOL,M,,,,1451,AUG25,0,40,2014,i
3328597,"Sirpa Calizaya, Benjamin",BOL,M,,,,1591,AUG25,0,20,2005,i
3306003,"Solano, Juan Pablo",BOL,M,,,,1914,AUG25,9,20,1996,
3339785,"Solari Quelali, Valeska Tiana",BOL,F,,,,1636,AUG25,4,40,2012,w
3301338,"Solis, Gabriela",BOL,F,,NA,,1949,AUG25,0,20,1986,wi
3336018,"Soliz Colque, Pablo Andre",BOL,M,,,,1582,AUG25,0,40,2010,
3336433,"Soliz Flores, Luz Neyda",BOL,F,,,,1716,AUG25,7,40,2008,w
3340244,"Soliz Guarachi, Adan Sergio",BOL,M,,,,1551,AUG25,0,20,2004,i
3316475,"Soliz Molina, Adrian",BOL,M,,,,1509,AUG25,0,40,2007,i
3306089,"Soruco, Emanuel",BOL,M,,,,1762,AUG25,0,20,1998,i
3305295,"Soruco, Valerie",BOL,F,,,,1755,AUG25,0,20,2001,wi
3328074,"Sosa Castillo, Santos",BOL,M,,,,1720,AUG25,0,20,2000,i
3327450,"Sossa Humerez, Eduardo Emanuel",BOL,M,,,,1672,AUG25,0,20,1990,i
3309584,"Soto Cabellos, Benjamin",BOL,M,,,,1735,AUG25,0,20,2006,i
3305279,"Soto, Jose",BOL,M,,,,1896,AUG25,0,20,1996,i
3306160,"Soto, Nohely",BOL,F,,,,1752,AUG25,0,20,1993,wi
3314294,"Sotomayor Llano, Gael",BOL,M,,,,1443,AUG25,0,40,2008,i
3315169,"Suarez Claros, Henry",BOL,M,,,,1895,AUG25,0,20,2005,
3315118,"Suarez Gutierrez, Camila",BOL,F,,,,1667,AUG25,0,40,2008,wi
3332926,"Suarez Ledezma, Carlos Alberto",BOL,M,,NA,,1490,AUG25,10,20,2003,
3314847,"Suarez Villavicencio, Nerea",BOL,F,,,,1426,AUG25,0,20,2002,wi
3349292,"Subelza Tangara, Ronny Mateo",BOL,M,,,,1424,AUG25,0,40,2016,i
3300234,"Sustach, Marcos",BOL,M,FM,,,2110,AUG25,0,20,1968,
3340430,"Tambo Alarcon, Ignacio Matias",BOL,M,,,,1598,AUG25,0,40,2013,i
3314170,"Tambo, Camila",BOL,F,WCM,WCM,,1539,AUG25,0,40,2007,wi
3321916,"Tapia Espada, Antonio Enrique",BOL,M,,NA,,1891,AUG25,0,20,1999,
3333850,"Tapia Espada, Miguel Anghelo",BOL,M,,,,1561,AUG25,0,20,2004,i
3304604,"Tapia Gaitan, Roger Alexander",BOL,M,,,,1790,AUG25,0,20,1980,i
3305686,"Tapia, Mauricio",BOL,M,,NA,,1811,AUG25,6,20,1993,
3325237,"Taquichiri Menacho, Franz",BOL,M,,,,1530,AUG25,0,20,2005,i
3322718,"Tarcaya Vargas, Adriana",BOL,F,,,,1407,AUG25,0,20,2006,wi
3322726,"Tarcaya Vargas, Cecilia",BOL,F,,,,1581,AUG25,0,20,2005,wi
3327744,"Tarifa Avendano, Kahel Sergio",BOL,M,,,,1468,AUG25,0,20,2002,i
3342131,"Tarqui Aruquipa, Deimar Abdiel",BOL,M,,,,1426,AUG25,0,40,2009,i
3321924,"Tejerina Lazarte, Juan Carlos",BOL,M,,,,1558,AUG25,0,40,2010,i
3317803,"Tejerina, Matias",BOL,M,,,,1402,AUG25,0,20,2004,i
3308995,"Telera, Eduardo",BOL,M,,,,1808,AUG25,0,20,1984,i
3302008,"Tellez Ardaya, Willian",BOL,M,,,,1712,AUG25,0,20,1965,
3304973,"Tellez, Jalder",BOL,M,,,,1781,AUG25,0,20,1998,
3316050,"Teran Medina, Marcelo",BOL,M,,,,1603,AUG25,0,20,2001,
3331334,"Terceros Ynturias, Cristel",BOL,F,,,,1420,AUG25,0,40,2008,w
3315290,"Terrazas , Mijael",BOL,M,,,,1720,AUG25,0,20,2001,i
3329100,"Terrazas Figueroa, Esperanza",BOL,F,,,,1531,AUG25,0,20,2002,wi
3359417,"Ticlla Cordero, Abiel Sayri",BOL,M,,,,1464,AUG25,2,40,2018,
3349977,"Ticona Calizaya, Erik Jonas",BOL,M,,,,1460,AUG25,0,20,2005,i
3336778,"Ticona Mamani, Simon",BOL,M,,,,1545,AUG25,0,20,1956,i
3329623,"Ticona Miranda, Alesandro Gabriel",BOL,M,,,,1500,AUG25,5,40,2008,
3326730,"Ticona Ramirez, Daniel",BOL,M,,,,1527,AUG25,0,20,1986,i
3319113,"Ticona Rocabado, Licael Roderick",BOL,M,IM,,,2385,AUG25,25,20,2008,
3316114,"Ticona, Lourdes",BOL,F,,,,1671,AUG25,0,20,2000,wi
3306615,"Ticona, Reynaldo",BOL,M,,,,1404,AUG25,0,20,1985,i
3309550,"Titichoca Daza, Daniel",BOL,M,CM,,,2131,AUG25,0,20,2003,
3331415,"Tito Ramirez, Jorge Alberto",BOL,M,,,,1762,AUG25,0,20,1993,i
3337324,"Tola Gutierrez, Caroline Xiomara",BOL,F,,,,1466,AUG25,5,40,2011,w
3331636,"Tola Lopez, Matias Victor",BOL,M,,,,1506,AUG25,0,40,2012,i
3343294,"Tola Villca, Arnold Neymar",BOL,M,,,,1592,AUG25,0,40,2012,i
3305953,"Torrejon Mercado, Jhery Jhefry",BOL,M,,,,1745,AUG25,0,20,1994,i
3314880,"Torrejon, Sadot",BOL,M,,,,1669,AUG25,0,20,2004,i
3325890,"Torres Mendoza, Ignacio Lucas",BOL,M,,,,1417,AUG25,0,20,2005,i
3319954,"Torrez Aillon, Javier",BOL,M,,,,1729,AUG25,0,20,1975,i
3336026,"Torrez Basto, Alex Sebastian",BOL,M,,,,1449,AUG25,0,40,2015,
3346587,"Torrez Condarco, Khaled Ramiro",BOL,M,,,,1435,AUG25,0,40,2009,
3326950,"Torrez Gutierrez, Juan Jose",BOL,M,,,,1478,AUG25,0,20,2001,
3368327,"Torrez Peredo, Samuel",BOL,M,,,,1552,AUG25,5,40,2012,
3336441,"Torrez Taboada, Flor Belen",BOL,F,,,,1508,AUG25,0,40,2012,w
3311341,"Torrez, Eddy Kevin",BOL,M,,,,1693,AUG25,0,20,2003,i
3338002,"Torrico Castro, Raikonen Dairo",BOL,M,,,,1601,AUG25,0,40,2013,i
3337545,"Torrico Franco, Jose Alberto",BOL,M,,,,1548,AUG25,0,40,2013,i
3336034,"Torrico Peredo, Edward Valente",BOL,M,,,,1434,AUG25,0,40,2014,i
3336042,"Torrico Peredo, Paula Cattleya",BOL,F,,,,1431,AUG25,0,40,2013,wi
3307140,"Torrico Ramos, Alexis",BOL,M,,NA,,1915,AUG25,0,20,1999,i
3340252,"Torrico Sanchez, Jhair Ernesto",BOL,M,,,,1554,AUG25,0,40,2008,i
3340260,"Torrico Sanchez, Yamir",BOL,M,,,,1617,AUG25,0,20,2006,i
3311066,"Torrico, Carolina",BOL,F,,,,1504,AUG25,0,20,2001,w
3327116,"Torrico, Jose Miguel",BOL,M,,,,1655,AUG25,0,20,2000,i
3301044,"Trigo, Oswaldo",BOL,M,,,,1948,AUG25,0,20,1956,i
3334570,"Trujillo Caceres, Juan David",BOL,M,,,,1686,AUG25,0,20,1976,i
3341941,"Trujillo Caceres, Renato",BOL,M,,,,1432,AUG25,0,20,1979,i
3367614,"Trujillo Castro, Edson",BOL,M,,,,1933,AUG25,0,20,1995,
3349497,"Ugarte Valencia, Alexander",BOL,M,,,,1529,AUG25,0,40,2007,
3349306,"Unzueta Dominguez, Rafael",BOL,M,,,,1469,AUG25,0,40,2015,
3329496,"Urrelo Arellano, Sebastian",BOL,M,,,,1435,AUG25,0,40,2007,i
3339386,"Urzagasti Montero, Nivardo",BOL,M,,,,1442,AUG25,0,20,1993,i
3302016,"Vaca, Jose Miguel",BOL,M,,,,1968,AUG25,0,20,1995,i
3321436,"Valda Quelali, Britany Nicole",BOL,F,,,,1542,AUG25,0,40,2007,w
3304639,"Valdez, Carlita",BOL,F,,,,1709,AUG25,0,20,2001,wi
3318540,"Valero Condori, Luis Angel",BOL,M,,,,1552,AUG25,6,40,2010,
3354075,"Vallesteros Daza, Inocente",BOL,M,,,,1493,AUG25,0,20,1995,
3357520,"Valverde Teran, Jose Uriel",BOL,M,,,,1515,AUG25,0,40,2009,
3351483,"Vargas Alvarez, Fabian",BOL,M,,,,1624,AUG25,0,20,2005,
3304825,"Vargas D, Carolina",BOL,F,WCM,WCM,,1632,AUG25,0,20,2003,wi
3305007,"Vargas D, Crystel",BOL,F,,,,1749,AUG25,0,20,1999,wi
3314774,"Vargas Lopez, Jhonny Julio",BOL,M,,,,1617,AUG25,5,20,1967,
3327647,"Vargas Mamani, Juan Antonio",BOL,M,,,,1582,AUG25,0,40,2007,i
3320049,"Vargas Manuel, Jimmy Erwin",BOL,M,,,,1758,AUG25,0,20,1991,
3335453,"Vargas Miranda, Gregorio",BOL,M,,NA,,1573,AUG25,0,20,1985,i
3351092,"Vargas Mojica, Axel Fabian",BOL,M,,,,1618,AUG25,0,40,2017,i
3336786,"Vargas Quispe, Maciel Celin",BOL,F,,,,1666,AUG25,0,40,2011,wi
3331342,"Vargas Sanchez, Dashely",BOL,F,,,,1459,AUG25,0,40,2008,w
3307875,"Vargas, Jhosua",BOL,M,,,,1941,AUG25,0,20,1997,i
3309380,"Vargas, Marco",BOL,M,,,,1774,AUG25,0,20,2002,i
3303365,"Vargas, Tomas",BOL,M,,,,1848,AUG25,0,20,1993,i
3338819,"Vasquez Bonifacio, Lukas Mathyas",BOL,M,,,,1469,AUG25,0,40,2008,i
3328538,"Vasquez Bueno, Fatima",BOL,F,,,,1494,AUG25,0,20,2004,wi
3319547,"Vasquez Gonzales, Fabricio",BOL,M,,,,1608,AUG25,0,40,2007,i
3341615,"Vasquez Negretty, Alexander Jhon",BOL,M,,,,1502,AUG25,0,40,2009,
3340708,"Vedia Ibarra, Edwin Danel",BOL,M,,,,1651,AUG25,0,40,2009,i
3307727,"Vedia, Jonatan",BOL,M,,,,1869,AUG25,0,20,0,
3343480,"Veizaga Mamani, Kirsten Ivana",BOL,F,,,,1776,AUG25,10,40,2011,w
3316750,"Veizaga, Alexander",BOL,M,,,,1643,AUG25,0,20,2001,i
3320103,"Velarde Alarcon, Jhoana",BOL,F,,,,1819,AUG25,7,40,2007,w
3321533,"Velarde Quispe, Andres John",BOL,M,,,,1635,AUG25,0,20,1998,
3309975,"Velarde, Jose Nicolas",BOL,M,,,,1590,AUG25,0,20,1998,i
3337553,"Velasco Chulve, Carlos Matias",BOL,M,,,,1404,AUG25,0,40,2012,i
3351491,"Velasquez Aguirre, Fabian Mauricio",BOL,M,,,,1430,AUG25,0,40,2011,
3353818,"Velasquez Lima, Javier",BOL,M,,,,1498,AUG25,6,20,2000,
3315088,"Velasquez Martinez, Maria Laura",BOL,F,,,,1480,AUG25,0,20,2002,wi
3325709,"Velasquez Nava, Marcia",BOL,F,,,,1499,AUG25,6,40,2008,w
3325776,"Velasquez Nava, Raquel",BOL,F,,,,1592,AUG25,7,20,2004,w
3333531,"Velasquez Olivera, Dorian Augusto",BOL,M,,,,1535,AUG25,0,40,2009,i
3300218,"Velasquez, Omar",BOL,M,,,,1793,AUG25,0,20,1987,i
3308138,"Velazquez Cruz, Gustavo",BOL,M,,,,1758,AUG25,7,20,1989,
3337430,"Velez Mendoza, Gabriel Ignacio",BOL,M,,,,1771,AUG25,7,40,2008,
3333876,"Velez Solano, John",BOL,M,,,,1761,AUG25,0,20,1999,
3318664,"Velez, Juan Carlos",BOL,M,,,,1887,AUG25,7,20,1994,
3311880,"Veliz Quispe, Cindy Rocio",BOL,F,,,,1530,AUG25,0,20,2003,wi
3317382,"Veniz Colque, Pedro",BOL,M,,,,1566,AUG25,0,20,2000,i
3315894,"Ventura Laruta, Alan",BOL,M,,,,1459,AUG25,0,20,2005,i
3323293,"Vera Medina, Kevin Yordy",BOL,M,,,,1462,AUG25,0,20,2003,i
3304779,"Vera, Pavel",BOL,M,,,,2109,AUG25,0,20,2002,i
3333540,"Verastegui, Alexander",BOL,M,,,,1501,AUG25,0,40,2009,i
3305767,"Vicente Calderon, Henrich",BOL,M,,,,1809,AUG25,0,20,1982,i
3302024,"Vidaurre, Luis",BOL,M,,,,1902,AUG25,0,20,1997,
3300498,"Vila Castro, Carlos Johnny",BOL,M,,,,2106,AUG25,0,20,1967,i
3330486,"Vilca, Eddy",BOL,M,,,,1567,AUG25,0,20,1990,i
3307883,"Villagran, Leonardo",BOL,M,,,,1810,AUG25,0,20,2000,i
3341267,"Villalta Colque, Camila Neptali",BOL,F,,,,1402,AUG25,0,40,2016,w
3342840,"Villalta Colque, Valentina Emma",BOL,F,,,,1500,AUG25,0,40,2014,w
3346676,"Villamontes Rios, Adrian Runaldo",BOL,M,,,,1509,AUG25,0,40,2012,
3353834,"Villanueva Escobar, Arturo Anibal",BOL,M,,,,1421,AUG25,0,40,2012,
3335674,"Villanueva Garcia, Freddy Enrique",BOL,M,,,,1676,AUG25,0,20,2005,i
3306739,"Villarroel Camacho, Windsor",BOL,M,,,,1774,AUG25,0,20,1995,
3335275,"Villarroel Cari, Katerine",BOL,F,,,,1426,AUG25,5,40,2011,w
3351050,"Villarroel Rodriguez, Samuel",BOL,M,,,,1413,AUG25,0,20,1998,i
3314260,"Villazon Zeballos, Manuel",BOL,M,,,,1651,AUG25,7,40,2007,
3311899,"Villazon Zeballos, Nataly",BOL,F,,,,1576,AUG25,0,20,2003,wi
3323790,"Villazon, Humberto -",BOL,M,,,,1647,AUG25,0,20,1982,i
3321380,"Villca Aguirre, Yerko",BOL,M,,,,1664,AUG25,0,40,2007,i
3351246,"Villca Camacho, Jose Manuel",BOL,M,,,,1487,AUG25,5,40,2008,
3322998,"Villca Espinoza, Edgar Castulo",BOL,M,,,,1547,AUG25,0,40,2008,
3345211,"Villca Flores, Danner Emil",BOL,M,,,,1604,AUG25,0,40,2007,i
3314251,"Villca Pereira, Rafael",BOL,M,,,,1814,AUG25,13,40,2007,
3318923,"Villca Villca, Johann Rodrigo",BOL,M,,,,1497,AUG25,0,20,2004,i
3319156,"Villca Villca, Josue Aurelio",BOL,M,,,,1452,AUG25,0,40,2009,i
3328805,"Villegas Garcia, Renata Alejandra",BOL,F,,,,1530,AUG25,6,40,2010,w
3353001,"Villegas Quispe, Sebastian Xavier",BOL,M,,,,1473,AUG25,0,40,2012,i
3315525,"Viquini Serrano, Juan de Dios",BOL,M,,,,1707,AUG25,0,20,2003,i
3343251,"Viza Choque, Ronal",BOL,M,,,,1595,AUG25,0,20,2002,
3346200,"Viza Mamani, Delfin",BOL,M,,,,1648,AUG25,0,20,1995,
3364526,"Wang Tang, Nicolas",BOL,M,,,,1448,AUG25,0,40,2010,
3315320,"Yanez Arcienega, Camilo",BOL,M,,,,1874,AUG25,0,20,2004,
3318001,"Yepez Montenegro, Gloria Luz",BOL,F,WCM,WCM,,1715,AUG25,0,20,2005,w
3315070,"Yucra Mamani, Gustavo",BOL,M,,,,1624,AUG25,0,20,1999,i
3333264,"Yucra Valdes, Diego Alonso",BOL,M,,,,1821,AUG25,0,40,2008,
3343570,"Yujra Condori, Luz Mariela",BOL,F,,,,1422,AUG25,0,40,2012,wi
3336859,"Yujra Condori, Miguel Angel",BOL,M,,,,1482,AUG25,0,40,2011,i
3320278,"Yujra Paredez, Ignacio Tadeo",BOL,M,,,,1859,AUG25,0,40,2008,
3310299,"Yujra Vargas, Fiorela",BOL,F,,,,1608,AUG25,0,20,2004,wi
3314243,"Yujra Vargas, Jhonatan",BOL,M,,,,1518,AUG25,0,40,2007,i
3324559,"Yupanqui Zapata, Rodrigo",BOL,M,,,,1526,AUG25,0,40,2012,
3339181,"Zabala Segundo, Nelson Luciano",BOL,M,,,,1534,AUG25,0,40,2011,
3314235,"Zabala, Andree Alexander",BOL,M,,,,1466,AUG25,0,40,2007,i
3311082,"Zabalaga, Sergio Denis",BOL,M,,,,1743,AUG25,0,20,1999,i
3319652,"Zaigua Pedraza, Carlos",BOL,M,,,,1803,AUG25,0,20,1984,
3342271,"Zambrana Espinoza, Luis Hamilton",BOL,M,,,,1412,AUG25,0,40,2008,
3316513,"Zambrana Estrada, Breyner Andre",BOL,M,,,,1703,AUG25,0,20,2006,i
3322319,"Zambrana Veizaga, Fabio",BOL,M,,,,1520,AUG25,0,40,2008,i
3319164,"Zambrana, Brandon",BOL,M,,,,1479,AUG25,0,20,2000,i
3322378,"Zambrana, Bryan",BOL,M,,,,1521,AUG25,0,20,2002,i
3300200,"Zambrana, Osvaldo",BOL,M,GM,FT,,2376,AUG25,0,10,1981,
3369390,"Zamudio Guzman, Neimar",BOL,M,,,,1646,AUG25,0,40,2013,
3310167,"Zapata, Reynaldo",BOL,M,,,,1794,AUG25,0,20,1998,i
3366995,"Zarate, Paulo",BOL,M,,,,1575,AUG25,0,40,2007,
3344401,"Zeballos Zambrana, Iker Matias",BOL,M,,,,1407,AUG25,0,40,2014,i
3310060,"Zeballos, Atilio",BOL,M,,,,1635,AUG25,0,20,1941,i
3361152,"Zegarra Gomez, Guillermo Israel",BOL,M,,,,1504,AUG25,0,20,2001,
3349063,"Zenteno Benitez, Alexander",BOL,M,,,,1505,AUG25,0,20,1993,i
3314227,"Zenteno Herrera, Diego Pablo",BOL,M,,,,1531,AUG25,0,40,2007,i
3353877,"Zerna Ocampo, Miguel Angel",BOL,M,,,,1548,AUG25,0,40,2011,
3342964,"Zerna Orellana, Carlos Emanuel",BOL,M,,,,1418,AUG25,0,40,2008,
3314200,"Zubieta Echalar, Eduardo",BOL,M,,,,1656,AUG25,0,40,2007,i
3322327,"Zubieta Echalar, Rafaella",BOL,F,,,,1549,AUG25,0,40,2010,wi
3322335,"Zubieta Fernandez, Rafael",BOL,M,,,,1486,AUG25,0,20,1977,i
3323935,"Zurita Cabellos, Joshua Andre",BOL,M,,,,1444,AUG25,0,40,2011,i
3307166,"Zurita Machicado, Camilo",BOL,M,,,,1644,AUG25,0,20,2005,i
3307174,"Zurita Machicado, Santiago",BOL,M,,,,1747,AUG25,0,20,2003,i
3366553,"Zurita Paco, Yon Jairo",BOL,M,,,,1615,AUG25,0,40,2008,
3331105,"Zurita Rodriguez, Helem Alejandra",BOL,F,,,,1404,AUG25,0,40,2010,w