[
  {
    "ID Number": "3249158"
  },
  {
    "ID Number": "3208494"
  },
  {
    "ID Number": "3260275"
  },
  {
    "ID Number": "3260623"
  },
  {
    "ID Number": "3292223"
  },
  {
    "ID Number": "3210944"
  },
  {
    "ID Number": "3248224"
  },
  {
    "ID Number": "3286967"
  },
  {
    "ID Number": "3240665"
  },
  {
    "ID Number": "3244466"
  },
  {
    "ID Number": "3276422"
  },
  {
    "ID Number": "3235904"
  },
  {
    "ID Number": "3236790"
  },
  {
    "ID Number": "3228380"
  },
  {
    "ID Number": "3239497"
  },
  {
    "ID Number": "3227928"
  },
  {
    "ID Number": "3288013"
  },
  {
    "ID Number": "3249441"
  },
  {
    "ID Number": "3293360"
  },
  {
    "ID Number": "3266257"
  },
  {
    "ID Number": "3244792"
  },
  {
    "ID Number": "3241149"
  },
  {
    "ID Number": "3246710"
  },
  {
    "ID Number": "4822749"
  },
  {
    "ID Number": "3205401"
  },
  {
    "ID Number": "3234401"
  },
  {
    "ID Number": "3228754"
  },
  {
    "ID Number": "3285030"
  },
  {
    "ID Number": "3248631"
  },
  {
    "ID Number": "3261891"
  },
  {
    "ID Number": "3217264"
  },
  {
    "ID Number": "3236897"
  },
  {
    "ID Number": "3292398"
  },
  {
    "ID Number": "3239454"
  },
  {
    "ID Number": "3269442"
  },
  {
    "ID Number": "3236757"
  },
  {
    "ID Number": "3234851"
  },
  {
    "ID Number": "3287688"
  },
  {
    "ID Number": "3201554"
  },
  {
    "ID Number": "3249778"
  },
  {
    "ID Number": "3263002"
  },
  {
    "ID Number": "3288897"
  },
  {
    "ID Number": "3237834"
  },
  {
    "ID Number": "3235017"
  },
  {
    "ID Number": "3287696"
  },
  {
    "ID Number": "3270262"
  },
  {
    "ID Number": "3245861"
  },
  {
    "ID Number": "3263657"
  },
  {
    "ID Number": "3239080"
  },
  {
    "ID Number": "3220761"
  },
  {
    "ID Number": "3210952"
  },
  {
    "ID Number": "3238741"
  },
  {
    "ID Number": "3258289"
  },
  {
    "ID Number": "3227120"
  },
  {
    "ID Number": "3275779"
  },
  {
    "ID Number": "3239241"
  },
  {
    "ID Number": "3239683"
  },
  {
    "ID Number": "3244806"
  },
  {
    "ID Number": "3267890"
  },
  {
    "ID Number": "3211517"
  },
  {
    "ID Number": "3234517"
  },
  {
    "ID Number": "3289052"
  },
  {
    "ID Number": "3248933"
  },
  {
    "ID Number": "3248941"
  },
  {
    "ID Number": "3248950"
  },
  {
    "ID Number": "3254178"
  },
  {
    "ID Number": "3225917"
  },
  {
    "ID Number": "3248259"
  },
  {
    "ID Number": "3245306"
  },
  {
    "ID Number": "3293823"
  },
  {
    "ID Number": "3205681"
  },
  {
    "ID Number": "3201732"
  },
  {
    "ID Number": "3229599"
  },
  {
    "ID Number": "3289699"
  },
  {
    "ID Number": "3288900"
  },
  {
    "ID Number": "3270424"
  },
  {
    "ID Number": "25630482"
  },
  {
    "ID Number": "3232433"
  },
  {
    "ID Number": "3232441"
  },
  {
    "ID Number": "3239462"
  },
  {
    "ID Number": "3270670"
  },
  {
    "ID Number": "3264300"
  },
  {
    "ID Number": "3228690"
  },
  {
    "ID Number": "3281710"
  },
  {
    "ID Number": "3261417"
  },
  {
    "ID Number": "3275108"
  },
  {
    "ID Number": "3254321"
  },
  {
    "ID Number": "3248020"
  },
  {
    "ID Number": "3248038"
  },
  {
    "ID Number": "3234045"
  },
  {
    "ID Number": "3229750"
  },
  {
    "ID Number": "3233561"
  },
  {
    "ID Number": "3210707"
  },
  {
    "ID Number": "3231194"
  },
  {
    "ID Number": "3206688"
  },
  {
    "ID Number": "2804395"
  },
  {
    "ID Number": "3269051"
  },
  {
    "ID Number": "3246345"
  },
  {
    "ID Number": "3234916"
  },
  {
    "ID Number": "3238237"
  },
  {
    "ID Number": "3241700"
  },
  {
    "ID Number": "3276813"
  },
  {
    "ID Number": "3217558"
  },
  {
    "ID Number": "3254364"
  },
  {
    "ID Number": "3254372"
  },
  {
    "ID Number": "3219712"
  },
  {
    "ID Number": "3276538"
  },
  {
    "ID Number": "3221695"
  },
  {
    "ID Number": "3267466"
  },
  {
    "ID Number": "3247147"
  },
  {
    "ID Number": "3229548"
  },
  {
    "ID Number": "3263967"
  },
  {
    "ID Number": "3253600"
  },
  {
    "ID Number": "3248046"
  },
  {
    "ID Number": "3286258"
  },
  {
    "ID Number": "3239608"
  },
  {
    "ID Number": "3287661"
  },
  {
    "ID Number": "3261425"
  },
  {
    "ID Number": "3212670"
  },
  {
    "ID Number": "3288919"
  },
  {
    "ID Number": "3221350"
  },
  {
    "ID Number": "3250342"
  },
  {
    "ID Number": "3242943"
  },
  {
    "ID Number": "3220770"
  },
  {
    "ID Number": "3273911"
  },
  {
    "ID Number": "3273938"
  },
  {
    "ID Number": "3241157"
  },
  {
    "ID Number": "3229947"
  },
  {
    "ID Number": "3264319"
  },
  {
    "ID Number": "3251381"
  },
  {
    "ID Number": "3211916"
  },
  {
    "ID Number": "3286800"
  },
  {
    "ID Number": "3256774"
  },
  {
    "ID Number": "3245314"
  },
  {
    "ID Number": "3280845"
  },
  {
    "ID Number": "3202283"
  },
  {
    "ID Number": "3245322"
  },
  {
    "ID Number": "3234487"
  },
  {
    "ID Number": "3255514"
  },
  {
    "ID Number": "3253813"
  },
  {
    "ID Number": "3201031"
  },
  {
    "ID Number": "3257940"
  },
  {
    "ID Number": "3265439"
  },
  {
    "ID Number": "3265447"
  },
  {
    "ID Number": "3266150"
  },
  {
    "ID Number": "3237265"
  },
  {
    "ID Number": "3227790"
  },
  {
    "ID Number": "3219968"
  },
  {
    "ID Number": "3253317"
  },
  {
    "ID Number": "3269957"
  },
  {
    "ID Number": "3209113"
  },
  {
    "ID Number": "3253562"
  },
  {
    "ID Number": "3263061"
  },
  {
    "ID Number": "3213889"
  },
  {
    "ID Number": "3267407"
  },
  {
    "ID Number": "3201996"
  },
  {
    "ID Number": "3234002"
  },
  {
    "ID Number": "3206645"
  },
  {
    "ID Number": "3201040"
  },
  {
    "ID Number": "3203972"
  },
  {
    "ID Number": "3221881"
  },
  {
    "ID Number": "3278140"
  },
  {
    "ID Number": "3213404"
  },
  {
    "ID Number": "3249581"
  },
  {
    "ID Number": "3275426"
  },
  {
    "ID Number": "3249352"
  },
  {
    "ID Number": "3201937"
  },
  {
    "ID Number": "3210847"
  },
  {
    "ID Number": "3284921"
  },
  {
    "ID Number": "3247376"
  },
  {
    "ID Number": "3243257"
  },
  {
    "ID Number": "3289494"
  },
  {
    "ID Number": "3216330"
  },
  {
    "ID Number": "3292835"
  },
  {
    "ID Number": "3294153"
  },
  {
    "ID Number": "3250938"
  },
  {
    "ID Number": "3247473"
  },
  {
    "ID Number": "3283399"
  },
  {
    "ID Number": "3267938"
  },
  {
    "ID Number": "3273725"
  },
  {
    "ID Number": "3212963"
  },
  {
    "ID Number": "3288692"
  },
  {
    "ID Number": "366107990"
  },
  {
    "ID Number": "3259153"
  },
  {
    "ID Number": "3210901"
  },
  {
    "ID Number": "3277658"
  },
  {
    "ID Number": "3203883"
  },
  {
    "ID Number": "3263215"
  },
  {
    "ID Number": "4300726"
  },
  {
    "ID Number": "3255930"
  },
  {
    "ID Number": "3260216"
  },
  {
    "ID Number": "3286711"
  },
  {
    "ID Number": "3279340"
  },
  {
    "ID Number": "3259439"
  },
  {
    "ID Number": "3238326"
  },
  {
    "ID Number": "3255328"
  },
  {
    "ID Number": "3249360"
  },
  {
    "ID Number": "3277666"
  },
  {
    "ID Number": "3278344"
  },
  {
    "ID Number": "3242870"
  },
  {
    "ID Number": "3266354"
  },
  {
    "ID Number": "3259021"
  },
  {
    "ID Number": "3267695"
  },
  {
    "ID Number": "3250725"
  },
  {
    "ID Number": "3203026"
  },
  {
    "ID Number": "3244016"
  },
  {
    "ID Number": "44131356"
  },
  {
    "ID Number": "3205649"
  },
  {
    "ID Number": "3290999"
  },
  {
    "ID Number": "3231976"
  },
  {
    "ID Number": "3277100"
  },
  {
    "ID Number": "3252582"
  },
  {
    "ID Number": "3224678"
  },
  {
    "ID Number": "3237893"
  },
  {
    "ID Number": "3278158"
  },
  {
    "ID Number": "3259455"
  },
  {
    "ID Number": "3239128"
  },
  {
    "ID Number": "3227162"
  },
  {
    "ID Number": "3286720"
  },
  {
    "ID Number": "3259986"
  },
  {
    "ID Number": "3236811"
  },
  {
    "ID Number": "311111839"
  },
  {
    "ID Number": "3217779"
  },
  {
    "ID Number": "3234860"
  },
  {
    "ID Number": "3252590"
  },
  {
    "ID Number": "3240088"
  },
  {
    "ID Number": "3275868"
  },
  {
    "ID Number": "3252507"
  },
  {
    "ID Number": "3228010"
  },
  {
    "ID Number": "3270270"
  },
  {
    "ID Number": "3216594"
  },
  {
    "ID Number": "3202925"
  },
  {
    "ID Number": "3260704"
  },
  {
    "ID Number": "3289702"
  },
  {
    "ID Number": "3206513"
  },
  {
    "ID Number": "3256502"
  },
  {
    "ID Number": "3254739"
  },
  {
    "ID Number": "3263444"
  },
  {
    "ID Number": "3223078"
  },
  {
    "ID Number": "3220796"
  },
  {
    "ID Number": "3259161"
  },
  {
    "ID Number": "3281086"
  },
  {
    "ID Number": "3220800"
  },
  {
    "ID Number": "3247813"
  },
  {
    "ID Number": "3233758"
  },
  {
    "ID Number": "3286738"
  },
  {
    "ID Number": "3258068"
  },
  {
    "ID Number": "3249166"
  },
  {
    "ID Number": "3208516"
  },
  {
    "ID Number": "3246973"
  },
  {
    "ID Number": "3247155"
  },
  {
    "ID Number": "3262430"
  },
  {
    "ID Number": "3264335"
  },
  {
    "ID Number": "3271552"
  },
  {
    "ID Number": "3261832"
  },
  {
    "ID Number": "3270289"
  },
  {
    "ID Number": "343109868"
  },
  {
    "ID Number": "3267415"
  },
  {
    "ID Number": "3278174"
  },
  {
    "ID Number": "3225011"
  },
  {
    "ID Number": "3217159"
  },
  {
    "ID Number": "3251888"
  },
  {
    "ID Number": "3222608"
  },
  {
    "ID Number": "3202372"
  },
  {
    "ID Number": "3247554"
  },
  {
    "ID Number": "5269075"
  },
  {
    "ID Number": "3277798"
  },
  {
    "ID Number": "3240800"
  },
  {
    "ID Number": "3233367"
  },
  {
    "ID Number": "3215741"
  },
  {
    "ID Number": "32002963"
  },
  {
    "ID Number": "3203590"
  },
  {
    "ID Number": "3246981"
  },
  {
    "ID Number": "3221903"
  },
  {
    "ID Number": "3240371"
  },
  {
    "ID Number": "3252426"
  },
  {
    "ID Number": "3213110"
  },
  {
    "ID Number": "3280314"
  },
  {
    "ID Number": "3267156"
  },
  {
    "ID Number": "3203751"
  },
  {
    "ID Number": "3208753"
  },
  {
    "ID Number": "3238768"
  },
  {
    "ID Number": "3254526"
  },
  {
    "ID Number": "3275302"
  },
  {
    "ID Number": "3263452"
  },
  {
    "ID Number": "3247392"
  },
  {
    "ID Number": "3266907"
  },
  {
    "ID Number": "3256367"
  },
  {
    "ID Number": "3277801"
  },
  {
    "ID Number": "3218457"
  },
  {
    "ID Number": "3253619"
  },
  {
    "ID Number": "3239519"
  },
  {
    "ID Number": "3258491"
  },
  {
    "ID Number": "3210561"
  },
  {
    "ID Number": "3259218"
  },
  {
    "ID Number": "3205657"
  },
  {
    "ID Number": "3256944"
  },
  {
    "ID Number": "3213412"
  },
  {
    "ID Number": "3236765"
  },
  {
    "ID Number": "3239624"
  },
  {
    "ID Number": "61100013"
  },
  {
    "ID Number": "3279359"
  },
  {
    "ID Number": "3241440"
  },
  {
    "ID Number": "3227880"
  },
  {
    "ID Number": "3203875"
  },
  {
    "ID Number": "3230180"
  },
  {
    "ID Number": "3216349"
  },
  {
    "ID Number": "3216357"
  },
  {
    "ID Number": "3229777"
  },
  {
    "ID Number": "3271900"
  },
  {
    "ID Number": "3267946"
  },
  {
    "ID Number": "3250350"
  },
  {
    "ID Number": "5801583"
  },
  {
    "ID Number": "3227430"
  },
  {
    "ID Number": "3245080"
  },
  {
    "ID Number": "3267474"
  },
  {
    "ID Number": "3229270"
  },
  {
    "ID Number": "3285642"
  },
  {
    "ID Number": "3242331"
  },
  {
    "ID Number": "3203000"
  },
  {
    "ID Number": "3279456"
  },
  {
    "ID Number": "3231380"
  },
  {
    "ID Number": "3258777"
  },
  {
    "ID Number": "3210065"
  },
  {
    "ID Number": "3261689"
  },
  {
    "ID Number": "3251390"
  },
  {
    "ID Number": "3232638"
  },
  {
    "ID Number": "3260798"
  },
  {
    "ID Number": "3260801"
  },
  {
    "ID Number": "3243664"
  },
  {
    "ID Number": "3241955"
  },
  {
    "ID Number": "3292401"
  },
  {
    "ID Number": "3256375"
  },
  {
    "ID Number": "3253040"
  },
  {
    "ID Number": "3267954"
  },
  {
    "ID Number": "3248275"
  },
  {
    "ID Number": "3241173"
  },
  {
    "ID Number": "3223191"
  },
  {
    "ID Number": "3260712"
  },
  {
    "ID Number": "3263258"
  },
  {
    "ID Number": "3261298"
  },
  {
    "ID Number": "3267164"
  },
  {
    "ID Number": "3270440"
  },
  {
    "ID Number": "3236161"
  },
  {
    "ID Number": "3253627"
  },
  {
    "ID Number": "3262294"
  },
  {
    "ID Number": "3249379"
  },
  {
    "ID Number": "3233588"
  },
  {
    "ID Number": "4300033"
  },
  {
    "ID Number": "3232468"
  },
  {
    "ID Number": "3226700"
  },
  {
    "ID Number": "3244776"
  },
  {
    "ID Number": "3241939"
  },
  {
    "ID Number": "3246213"
  },
  {
    "ID Number": "3216772"
  },
  {
    "ID Number": "3219062"
  },
  {
    "ID Number": "3215164"
  },
  {
    "ID Number": "3213137"
  },
  {
    "ID Number": "3215172"
  },
  {
    "ID Number": "3250369"
  },
  {
    "ID Number": "3261301"
  },
  {
    "ID Number": "3201597"
  },
  {
    "ID Number": "3208613"
  },
  {
    "ID Number": "3233596"
  },
  {
    "ID Number": "3285049"
  },
  {
    "ID Number": "3214192"
  },
  {
    "ID Number": "3275876"
  },
  {
    "ID Number": "3214370"
  },
  {
    "ID Number": "3236919"
  },
  {
    "ID Number": "3236927"
  },
  {
    "ID Number": "3276937"
  },
  {
    "ID Number": "3223205"
  },
  {
    "ID Number": "3223213"
  },
  {
    "ID Number": "3207463"
  },
  {
    "ID Number": "3212270"
  },
  {
    "ID Number": "3261450"
  },
  {
    "ID Number": "3281094"
  },
  {
    "ID Number": "3283232"
  },
  {
    "ID Number": "3202992"
  },
  {
    "ID Number": "3282899"
  },
  {
    "ID Number": "3205371"
  },
  {
    "ID Number": "3229041"
  },
  {
    "ID Number": "3209920"
  },
  {
    "ID Number": "3275051"
  },
  {
    "ID Number": "3280675"
  },
  {
    "ID Number": "3270459"
  },
  {
    "ID Number": "3208540"
  },
  {
    "ID Number": "311214934"
  },
  {
    "ID Number": "3283135"
  },
  {
    "ID Number": "3216659"
  },
  {
    "ID Number": "3207471"
  },
  {
    "ID Number": "3272281"
  },
  {
    "ID Number": "3239470"
  },
  {
    "ID Number": "3238318"
  },
  {
    "ID Number": "3247570"
  },
  {
    "ID Number": "3227804"
  },
  {
    "ID Number": "3269132"
  },
  {
    "ID Number": "3215784"
  },
  {
    "ID Number": "3253660"
  },
  {
    "ID Number": "3252868"
  },
  {
    "ID Number": "3210731"
  },
  {
    "ID Number": "3249174"
  },
  {
    "ID Number": "3251675"
  },
  {
    "ID Number": "311104781"
  },
  {
    "ID Number": "3201066"
  },
  {
    "ID Number": "3210332"
  },
  {
    "ID Number": "3254747"
  },
  {
    "ID Number": "3236838"
  },
  {
    "ID Number": "3221717"
  },
  {
    "ID Number": "3253678"
  },
  {
    "ID Number": "3220400"
  },
  {
    "ID Number": "3254798"
  },
  {
    "ID Number": "3236340"
  },
  {
    "ID Number": "3236935"
  },
  {
    "ID Number": "3254399"
  },
  {
    "ID Number": "3257657"
  },
  {
    "ID Number": "3253350"
  },
  {
    "ID Number": "3247910"
  },
  {
    "ID Number": "3209423"
  },
  {
    "ID Number": "3270211"
  },
  {
    "ID Number": "3248291"
  },
  {
    "ID Number": "3201074"
  },
  {
    "ID Number": "3235734"
  },
  {
    "ID Number": "3218856"
  },
  {
    "ID Number": "3212157"
  },
  {
    "ID Number": "3234770"
  },
  {
    "ID Number": "311104549"
  },
  {
    "ID Number": "3211533"
  },
  {
    "ID Number": "3280870"
  },
  {
    "ID Number": "3218317"
  },
  {
    "ID Number": "3252329"
  },
  {
    "ID Number": "3218465"
  },
  {
    "ID Number": "3249794"
  },
  {
    "ID Number": "3229459"
  },
  {
    "ID Number": "3215466"
  },
  {
    "ID Number": "3255778"
  },
  {
    "ID Number": "3228320"
  },
  {
    "ID Number": "3251268"
  },
  {
    "ID Number": "3234657"
  },
  {
    "ID Number": "3223884"
  },
  {
    "ID Number": "3251438"
  },
  {
    "ID Number": "3233472"
  },
  {
    "ID Number": "3213145"
  },
  {
    "ID Number": "3213153"
  },
  {
    "ID Number": "3260720"
  },
  {
    "ID Number": "3250377"
  },
  {
    "ID Number": "3214206"
  },
  {
    "ID Number": "3216802"
  },
  {
    "ID Number": "3247309"
  },
  {
    "ID Number": "3255522"
  },
  {
    "ID Number": "3220524"
  },
  {
    "ID Number": "3268411"
  },
  {
    "ID Number": "3268420"
  },
  {
    "ID Number": "3211878"
  },
  {
    "ID Number": "3284409"
  },
  {
    "ID Number": "3269469"
  },
  {
    "ID Number": "3235416"
  },
  {
    "ID Number": "3231330"
  },
  {
    "ID Number": "3288315"
  },
  {
    "ID Number": "3229297"
  },
  {
    "ID Number": "3280756"
  },
  {
    "ID Number": "3220486"
  },
  {
    "ID Number": "3205550"
  },
  {
    "ID Number": "3228134"
  },
  {
    "ID Number": "3269230"
  },
  {
    "ID Number": "3269507"
  },
  {
    "ID Number": "3285316"
  },
  {
    "ID Number": "3243770"
  },
  {
    "ID Number": "3273954"
  },
  {
    "ID Number": "3243788"
  },
  {
    "ID Number": "3245349"
  },
  {
    "ID Number": "3257959"
  },
  {
    "ID Number": "3240100"
  },
  {
    "ID Number": "3240118"
  },
  {
    "ID Number": "3287793"
  },
  {
    "ID Number": "9905260"
  },
  {
    "ID Number": "3250580"
  },
  {
    "ID Number": "3235963"
  },
  {
    "ID Number": "3251144"
  },
  {
    "ID Number": "3262308"
  },
  {
    "ID Number": "3209440"
  },
  {
    "ID Number": "3200493"
  },
  {
    "ID Number": "3213447"
  },
  {
    "ID Number": "3243923"
  },
  {
    "ID Number": "3234924"
  },
  {
    "ID Number": "3279197"
  },
  {
    "ID Number": "3209199"
  },
  {
    "ID Number": "3207110"
  },
  {
    "ID Number": "3278590"
  },
  {
    "ID Number": "3276180"
  },
  {
    "ID Number": "3222497"
  },
  {
    "ID Number": "48762385"
  },
  {
    "ID Number": "3257967"
  },
  {
    "ID Number": "3232026"
  },
  {
    "ID Number": "3225968"
  },
  {
    "ID Number": "3233766"
  },
  {
    "ID Number": "3210987"
  },
  {
    "ID Number": "3236943"
  },
  {
    "ID Number": "3214559"
  },
  {
    "ID Number": "3258602"
  },
  {
    "ID Number": "3262316"
  },
  {
    "ID Number": "3245098"
  },
  {
    "ID Number": "3233456"
  },
  {
    "ID Number": "3289737"
  },
  {
    "ID Number": "3217337"
  },
  {
    "ID Number": "3224104"
  },
  {
    "ID Number": "3256340"
  },
  {
    "ID Number": "3243575"
  },
  {
    "ID Number": "3259684"
  },
  {
    "ID Number": "3271080"
  },
  {
    "ID Number": "311211745"
  },
  {
    "ID Number": "3256391"
  },
  {
    "ID Number": "3221008"
  },
  {
    "ID Number": "3293378"
  },
  {
    "ID Number": "3281183"
  },
  {
    "ID Number": "3289745"
  },
  {
    "ID Number": "3242048"
  },
  {
    "ID Number": "3284417"
  },
  {
    "ID Number": "3263274"
  },
  {
    "ID Number": "3259897"
  },
  {
    "ID Number": "3264521"
  },
  {
    "ID Number": "3237648"
  },
  {
    "ID Number": "3274829"
  },
  {
    "ID Number": "3221369"
  },
  {
    "ID Number": "3203328"
  },
  {
    "ID Number": "3214850"
  },
  {
    "ID Number": "3207862"
  },
  {
    "ID Number": "3281230"
  },
  {
    "ID Number": "3254542"
  },
  {
    "ID Number": "3283690"
  },
  {
    "ID Number": "3279472"
  },
  {
    "ID Number": "3218325"
  },
  {
    "ID Number": "3252612"
  },
  {
    "ID Number": "3218880"
  },
  {
    "ID Number": "3242684"
  },
  {
    "ID Number": "3240835"
  },
  {
    "ID Number": "3244512"
  },
  {
    "ID Number": "3258319"
  },
  {
    "ID Number": "3251683"
  },
  {
    "ID Number": "3257070"
  },
  {
    "ID Number": "3257800"
  },
  {
    "ID Number": "3213900"
  },
  {
    "ID Number": "3238296"
  },
  {
    "ID Number": "3280888"
  },
  {
    "ID Number": "3259544"
  },
  {
    "ID Number": "3202321"
  },
  {
    "ID Number": "3213641"
  },
  {
    "ID Number": "3276627"
  },
  {
    "ID Number": "3254674"
  },
  {
    "ID Number": "3216020"
  },
  {
    "ID Number": "3214338"
  },
  {
    "ID Number": "3233774"
  },
  {
    "ID Number": "3259994"
  },
  {
    "ID Number": "3274020"
  },
  {
    "ID Number": "3263479"
  },
  {
    "ID Number": "3205568"
  },
  {
    "ID Number": "3250385"
  },
  {
    "ID Number": "3277011"
  },
  {
    "ID Number": "3259307"
  },
  {
    "ID Number": "3281663"
  },
  {
    "ID Number": "3294030"
  },
  {
    "ID Number": "3204472"
  },
  {
    "ID Number": "3207129"
  },
  {
    "ID Number": "3278859"
  },
  {
    "ID Number": "3225887"
  },
  {
    "ID Number": "3221660"
  },
  {
    "ID Number": "3248054"
  },
  {
    "ID Number": "3239276"
  },
  {
    "ID Number": "3278468"
  },
  {
    "ID Number": "3279669"
  },
  {
    "ID Number": "3220532"
  },
  {
    "ID Number": "3253864"
  },
  {
    "ID Number": "3233740"
  },
  {
    "ID Number": "3203620"
  },
  {
    "ID Number": "3278867"
  },
  {
    "ID Number": "3242102"
  },
  {
    "ID Number": "3278875"
  },
  {
    "ID Number": "3276457"
  },
  {
    "ID Number": "3291154"
  },
  {
    "ID Number": "3203034"
  },
  {
    "ID Number": "3286142"
  },
  {
    "ID Number": "3253694"
  },
  {
    "ID Number": "3253708"
  },
  {
    "ID Number": "12533734"
  },
  {
    "ID Number": "3256642"
  },
  {
    "ID Number": "3201791"
  },
  {
    "ID Number": "3229785"
  },
  {
    "ID Number": "3236960"
  },
  {
    "ID Number": "3238253"
  },
  {
    "ID Number": "3245217"
  },
  {
    "ID Number": "24666866"
  },
  {
    "ID Number": "3260348"
  },
  {
    "ID Number": "3224562"
  },
  {
    "ID Number": "3264033"
  },
  {
    "ID Number": "3254950"
  },
  {
    "ID Number": "3258718"
  },
  {
    "ID Number": "3200272"
  },
  {
    "ID Number": "3219992"
  },
  {
    "ID Number": "3202755"
  },
  {
    "ID Number": "3258785"
  },
  {
    "ID Number": "3203654"
  },
  {
    "ID Number": "3260097"
  },
  {
    "ID Number": "3216373"
  },
  {
    "ID Number": "3213196"
  },
  {
    "ID Number": "3204529"
  },
  {
    "ID Number": "3246663"
  },
  {
    "ID Number": "3209822"
  },
  {
    "ID Number": "3245683"
  },
  {
    "ID Number": "3269329"
  },
  {
    "ID Number": "3282961"
  },
  {
    "ID Number": "3267962"
  },
  {
    "ID Number": "3240428"
  },
  {
    "ID Number": "3265161"
  },
  {
    "ID Number": "3235750"
  },
  {
    "ID Number": "3233510"
  },
  {
    "ID Number": "3263290"
  },
  {
    "ID Number": "3204634"
  },
  {
    "ID Number": "3249980"
  },
  {
    "ID Number": "3285103"
  },
  {
    "ID Number": "3278883"
  },
  {
    "ID Number": "3249999"
  },
  {
    "ID Number": "8619638"
  },
  {
    "ID Number": "3286193"
  },
  {
    "ID Number": "3273423"
  },
  {
    "ID Number": "3259447"
  },
  {
    "ID Number": "3230619"
  },
  {
    "ID Number": "45050082"
  },
  {
    "ID Number": "3248682"
  },
  {
    "ID Number": "3212580"
  },
  {
    "ID Number": "3285820"
  },
  {
    "ID Number": "3201406"
  },
  {
    "ID Number": "3225046"
  },
  {
    "ID Number": "3240444"
  },
  {
    "ID Number": "3220931"
  },
  {
    "ID Number": "3230120"
  },
  {
    "ID Number": "3230139"
  },
  {
    "ID Number": "3235173"
  },
  {
    "ID Number": "3254127"
  },
  {
    "ID Number": "3238598"
  },
  {
    "ID Number": "311111900"
  },
  {
    "ID Number": "3247830"
  },
  {
    "ID Number": "3251519"
  },
  {
    "ID Number": "3254135"
  },
  {
    "ID Number": "3269523"
  },
  {
    "ID Number": "3210995"
  },
  {
    "ID Number": "3249204"
  },
  {
    "ID Number": "3252515"
  },
  {
    "ID Number": "3227308"
  },
  {
    "ID Number": "3270432"
  },
  {
    "ID Number": "3261905"
  },
  {
    "ID Number": "3271889"
  },
  {
    "ID Number": "3290956"
  },
  {
    "ID Number": "3262324"
  },
  {
    "ID Number": "3222748"
  },
  {
    "ID Number": "3242110"
  },
  {
    "ID Number": "3214508"
  },
  {
    "ID Number": "3257649"
  },
  {
    "ID Number": "3275078"
  },
  {
    "ID Number": "3213234"
  },
  {
    "ID Number": "3201899"
  },
  {
    "ID Number": "3248690"
  },
  {
    "ID Number": "3216152"
  },
  {
    "ID Number": "3235769"
  },
  {
    "ID Number": "3246426"
  },
  {
    "ID Number": "3209008"
  },
  {
    "ID Number": "3269078"
  },
  {
    "ID Number": "3226263"
  },
  {
    "ID Number": "4225996"
  },
  {
    "ID Number": "3208788"
  },
  {
    "ID Number": "3275655"
  },
  {
    "ID Number": "25105035"
  },
  {
    "ID Number": "3222900"
  },
  {
    "ID Number": "3254917"
  },
  {
    "ID Number": "3255697"
  },
  {
    "ID Number": "3282783"
  },
  {
    "ID Number": "3201970"
  },
  {
    "ID Number": "3223132"
  },
  {
    "ID Number": "3274284"
  },
  {
    "ID Number": "3274292"
  },
  {
    "ID Number": "3268098"
  },
  {
    "ID Number": "3266192"
  },
  {
    "ID Number": "3258726"
  },
  {
    "ID Number": "3236021"
  },
  {
    "ID Number": "3222500"
  },
  {
    "ID Number": "3246922"
  },
  {
    "ID Number": "3233235"
  },
  {
    "ID Number": "3233243"
  },
  {
    "ID Number": "3262189"
  },
  {
    "ID Number": "3262197"
  },
  {
    "ID Number": "3277879"
  },
  {
    "ID Number": "3280900"
  },
  {
    "ID Number": "3243176"
  },
  {
    "ID Number": "3250393"
  },
  {
    "ID Number": "3252078"
  },
  {
    "ID Number": "3217906"
  },
  {
    "ID Number": "3267199"
  },
  {
    "ID Number": "3208800"
  },
  {
    "ID Number": "3243338"
  },
  {
    "ID Number": "3240967"
  },
  {
    "ID Number": "3209202"
  },
  {
    "ID Number": "3254682"
  },
  {
    "ID Number": "3207919"
  },
  {
    "ID Number": "3249808"
  },
  {
    "ID Number": "3242706"
  },
  {
    "ID Number": "3217450"
  },
  {
    "ID Number": "3269531"
  },
  {
    "ID Number": "3264432"
  },
  {
    "ID Number": "3205460"
  },
  {
    "ID Number": "3249603"
  },
  {
    "ID Number": "3258076"
  },
  {
    "ID Number": "3230481"
  },
  {
    "ID Number": "3206360"
  },
  {
    "ID Number": "3253740"
  },
  {
    "ID Number": "3263487"
  },
  {
    "ID Number": "3212181"
  },
  {
    "ID Number": "3256065"
  },
  {
    "ID Number": "3269485"
  },
  {
    "ID Number": "3262545"
  },
  {
    "ID Number": "3272036"
  },
  {
    "ID Number": "3266273"
  },
  {
    "ID Number": "3241670"
  },
  {
    "ID Number": "3283410"
  },
  {
    "ID Number": "3275892"
  },
  {
    "ID Number": "3210472"
  },
  {
    "ID Number": "3241963"
  },
  {
    "ID Number": "3200795"
  },
  {
    "ID Number": "3212556"
  },
  {
    "ID Number": "3253503"
  },
  {
    "ID Number": "3216381"
  },
  {
    "ID Number": "3219127"
  },
  {
    "ID Number": "3270629"
  },
  {
    "ID Number": "3243184"
  },
  {
    "ID Number": "3243192"
  },
  {
    "ID Number": "3284662"
  },
  {
    "ID Number": "3288935"
  },
  {
    "ID Number": "3230791"
  },
  {
    "ID Number": "3239888"
  },
  {
    "ID Number": "3247082"
  },
  {
    "ID Number": "3280268"
  },
  {
    "ID Number": "3256081"
  },
  {
    "ID Number": "3255808"
  },
  {
    "ID Number": "3200175"
  },
  {
    "ID Number": "3248313"
  },
  {
    "ID Number": "3214419"
  },
  {
    "ID Number": "3277887"
  },
  {
    "ID Number": "3247651"
  },
  {
    "ID Number": "3200426"
  },
  {
    "ID Number": "3264360"
  },
  {
    "ID Number": "3222705"
  },
  {
    "ID Number": "3200191"
  },
  {
    "ID Number": "311104754"
  },
  {
    "ID Number": "311214907"
  },
  {
    "ID Number": "3258335"
  },
  {
    "ID Number": "3236986"
  },
  {
    "ID Number": "3263770"
  },
  {
    "ID Number": "3255298"
  },
  {
    "ID Number": "3255085"
  },
  {
    "ID Number": "3294188"
  },
  {
    "ID Number": "3225291"
  },
  {
    "ID Number": "3225054"
  },
  {
    "ID Number": "3230970"
  },
  {
    "ID Number": "3226778"
  },
  {
    "ID Number": "3269701"
  },
  {
    "ID Number": "3255360"
  },
  {
    "ID Number": "3245691"
  },
  {
    "ID Number": "3202704"
  },
  {
    "ID Number": "3258793"
  },
  {
    "ID Number": "3205509"
  },
  {
    "ID Number": "3258505"
  },
  {
    "ID Number": "3244075"
  },
  {
    "ID Number": "3247171"
  },
  {
    "ID Number": "3238776"
  },
  {
    "ID Number": "3240843"
  },
  {
    "ID Number": "3240851"
  },
  {
    "ID Number": "3233723"
  },
  {
    "ID Number": "3223590"
  },
  {
    "ID Number": "3215474"
  },
  {
    "ID Number": "3267970"
  },
  {
    "ID Number": "3235556"
  },
  {
    "ID Number": "3235564"
  },
  {
    "ID Number": "3247325"
  },
  {
    "ID Number": "3250024"
  },
  {
    "ID Number": "3246132"
  },
  {
    "ID Number": "3245357"
  },
  {
    "ID Number": "3280918"
  },
  {
    "ID Number": "3242404"
  },
  {
    "ID Number": "3265021"
  },
  {
    "ID Number": "3272427"
  },
  {
    "ID Number": "3257975"
  },
  {
    "ID Number": "3274411"
  },
  {
    "ID Number": "3266281"
  },
  {
    "ID Number": "3266290"
  },
  {
    "ID Number": "3265471"
  },
  {
    "ID Number": "3240886"
  },
  {
    "ID Number": "3288501"
  },
  {
    "ID Number": "3209016"
  },
  {
    "ID Number": "3243214"
  },
  {
    "ID Number": "3216624"
  },
  {
    "ID Number": "3220010"
  },
  {
    "ID Number": "3243672"
  },
  {
    "ID Number": "3233073"
  },
  {
    "ID Number": "3268845"
  },
  {
    "ID Number": "3228177"
  },
  {
    "ID Number": "3261182"
  },
  {
    "ID Number": "3202186"
  },
  {
    "ID Number": "3285847"
  },
  {
    "ID Number": "3243680"
  },
  {
    "ID Number": "3226000"
  },
  {
    "ID Number": "3265480"
  },
  {
    "ID Number": "3228568"
  },
  {
    "ID Number": "3261077"
  },
  {
    "ID Number": "3249018"
  },
  {
    "ID Number": "3201414"
  },
  {
    "ID Number": "311105340"
  },
  {
    "ID Number": "3204332"
  },
  {
    "ID Number": "3245365"
  },
  {
    "ID Number": "3206491"
  },
  {
    "ID Number": "3225569"
  },
  {
    "ID Number": "3223922"
  },
  {
    "ID Number": "3248330"
  },
  {
    "ID Number": "3249476"
  },
  {
    "ID Number": "3247660"
  },
  {
    "ID Number": "3219143"
  },
  {
    "ID Number": "3294056"
  },
  {
    "ID Number": "3269930"
  },
  {
    "ID Number": "3251446"
  },
  {
    "ID Number": "3243931"
  },
  {
    "ID Number": "3249484"
  },
  {
    "ID Number": "3224953"
  },
  {
    "ID Number": "3226662"
  },
  {
    "ID Number": "3232646"
  },
  {
    "ID Number": "3239314"
  },
  {
    "ID Number": "3263029"
  },
  {
    "ID Number": "3230287"
  },
  {
    "ID Number": "3267989"
  },
  {
    "ID Number": "3238601"
  },
  {
    "ID Number": "3236382"
  },
  {
    "ID Number": "3288943"
  },
  {
    "ID Number": "3245047"
  },
  {
    "ID Number": "3245136"
  },
  {
    "ID Number": "3204766"
  },
  {
    "ID Number": "3217744"
  },
  {
    "ID Number": "3248348"
  },
  {
    "ID Number": "3265978"
  },
  {
    "ID Number": "3246647"
  },
  {
    "ID Number": "3270297"
  },
  {
    "ID Number": "3243478"
  },
  {
    "ID Number": "3289761"
  },
  {
    "ID Number": "3231666"
  },
  {
    "ID Number": "3288722"
  },
  {
    "ID Number": "3256090"
  },
  {
    "ID Number": "3260550"
  },
  {
    "ID Number": "3257983"
  },
  {
    "ID Number": "3247597"
  },
  {
    "ID Number": "3258580"
  },
  {
    "ID Number": "3249220"
  },
  {
    "ID Number": "3260569"
  },
  {
    "ID Number": "3274535"
  },
  {
    "ID Number": "3266419"
  },
  {
    "ID Number": "3266117"
  },
  {
    "ID Number": "3249239"
  },
  {
    "ID Number": "3241190"
  },
  {
    "ID Number": "3286320"
  },
  {
    "ID Number": "3255190"
  },
  {
    "ID Number": "3275973"
  },
  {
    "ID Number": "3268250"
  },
  {
    "ID Number": "3235637"
  },
  {
    "ID Number": "3227812"
  },
  {
    "ID Number": "3260976"
  },
  {
    "ID Number": "3214435"
  },
  {
    "ID Number": "3281981"
  },
  {
    "ID Number": "3227243"
  },
  {
    "ID Number": "3201120"
  },
  {
    "ID Number": "3206033"
  },
  {
    "ID Number": "3283437"
  },
  {
    "ID Number": "3208648"
  },
  {
    "ID Number": "3249026"
  },
  {
    "ID Number": "3206050"
  },
  {
    "ID Number": "3215750"
  },
  {
    "ID Number": "3204731"
  },
  {
    "ID Number": "3221571"
  },
  {
    "ID Number": "3202364"
  },
  {
    "ID Number": "3207293"
  },
  {
    "ID Number": "3221580"
  },
  {
    "ID Number": "3234533"
  },
  {
    "ID Number": "3205207"
  },
  {
    "ID Number": "3257991"
  },
  {
    "ID Number": "3213935"
  },
  {
    "ID Number": "3260631"
  },
  {
    "ID Number": "3225186"
  },
  {
    "ID Number": "3263495"
  },
  {
    "ID Number": "3242951"
  },
  {
    "ID Number": "3204774"
  },
  {
    "ID Number": "3286819"
  },
  {
    "ID Number": "3239063"
  },
  {
    "ID Number": "3265765"
  },
  {
    "ID Number": "3286339"
  },
  {
    "ID Number": "3207366"
  },
  {
    "ID Number": "3214702"
  },
  {
    "ID Number": "3225127"
  },
  {
    "ID Number": "3226018"
  },
  {
    "ID Number": "5088240"
  },
  {
    "ID Number": "3256413"
  },
  {
    "ID Number": "25900064"
  },
  {
    "ID Number": "3262820"
  },
  {
    "ID Number": "3242854"
  },
  {
    "ID Number": "3262340"
  },
  {
    "ID Number": "3281248"
  },
  {
    "ID Number": "3248526"
  },
  {
    "ID Number": "3254097"
  },
  {
    "ID Number": "3234410"
  },
  {
    "ID Number": "3273113"
  },
  {
    "ID Number": "3253805"
  },
  {
    "ID Number": "3291529"
  },
  {
    "ID Number": "3228401"
  },
  {
    "ID Number": "3201139"
  },
  {
    "ID Number": "3210774"
  },
  {
    "ID Number": "3206432"
  },
  {
    "ID Number": "3277909"
  },
  {
    "ID Number": "3283356"
  },
  {
    "ID Number": "3287076"
  },
  {
    "ID Number": "3276783"
  },
  {
    "ID Number": "3273520"
  },
  {
    "ID Number": "3226026"
  },
  {
    "ID Number": "3227782"
  },
  {
    "ID Number": "3241971"
  },
  {
    "ID Number": "3225356"
  },
  {
    "ID Number": "3262006"
  },
  {
    "ID Number": "3236773"
  },
  {
    "ID Number": "3238750"
  },
  {
    "ID Number": "3243095"
  },
  {
    "ID Number": "33432040"
  },
  {
    "ID Number": "3217795"
  },
  {
    "ID Number": "3200035"
  },
  {
    "ID Number": "3282970"
  },
  {
    "ID Number": "3217809"
  },
  {
    "ID Number": "3244482"
  },
  {
    "ID Number": "3215628"
  },
  {
    "ID Number": "3236994"
  },
  {
    "ID Number": "3242650"
  },
  {
    "ID Number": "3217817"
  },
  {
    "ID Number": "3282848"
  },
  {
    "ID Number": "3200876"
  },
  {
    "ID Number": "3234541"
  },
  {
    "ID Number": "3225615"
  },
  {
    "ID Number": "3214125"
  },
  {
    "ID Number": "3284824"
  },
  {
    "ID Number": "311214498"
  },
  {
    "ID Number": "3220028"
  },
  {
    "ID Number": "3283976"
  },
  {
    "ID Number": "3205517"
  },
  {
    "ID Number": "3243460"
  },
  {
    "ID Number": "3238610"
  },
  {
    "ID Number": "3287556"
  },
  {
    "ID Number": "3289770"
  },
  {
    "ID Number": "3204979"
  },
  {
    "ID Number": "3284670"
  },
  {
    "ID Number": "3263509"
  },
  {
    "ID Number": "736341"
  },
  {
    "ID Number": "3209954"
  },
  {
    "ID Number": "3200205"
  },
  {
    "ID Number": "3244849"
  },
  {
    "ID Number": "3205762"
  },
  {
    "ID Number": "3239187"
  },
  {
    "ID Number": "3237877"
  },
  {
    "ID Number": "3267423"
  },
  {
    "ID Number": "3267997"
  },
  {
    "ID Number": "3258009"
  },
  {
    "ID Number": "3215490"
  },
  {
    "ID Number": "12503452"
  },
  {
    "ID Number": "3260020"
  },
  {
    "ID Number": "3257258"
  },
  {
    "ID Number": "3260429"
  },
  {
    "ID Number": "3256430"
  },
  {
    "ID Number": "3230740"
  },
  {
    "ID Number": "3255093"
  },
  {
    "ID Number": "3234967"
  },
  {
    "ID Number": "3238334"
  },
  {
    "ID Number": "3265560"
  },
  {
    "ID Number": "3244377"
  },
  {
    "ID Number": "3257002"
  },
  {
    "ID Number": "3229068"
  },
  {
    "ID Number": "3240266"
  },
  {
    "ID Number": "9996672"
  },
  {
    "ID Number": "3263886"
  },
  {
    "ID Number": "3226964"
  },
  {
    "ID Number": "3245381"
  },
  {
    "ID Number": "3241734"
  },
  {
    "ID Number": "3221911"
  },
  {
    "ID Number": "3254216"
  },
  {
    "ID Number": "3230759"
  },
  {
    "ID Number": "3268861"
  },
  {
    "ID Number": "3203786"
  },
  {
    "ID Number": "3263703"
  },
  {
    "ID Number": "3202070"
  },
  {
    "ID Number": "3269248"
  },
  {
    "ID Number": "3248356"
  },
  {
    "ID Number": "3269256"
  },
  {
    "ID Number": "3261859"
  },
  {
    "ID Number": "3261735"
  },
  {
    "ID Number": "3240789"
  },
  {
    "ID Number": "3269965"
  },
  {
    "ID Number": "3215504"
  },
  {
    "ID Number": "3214079"
  },
  {
    "ID Number": "3280934"
  },
  {
    "ID Number": "4123549"
  },
  {
    "ID Number": "54146810"
  },
  {
    "ID Number": "3241211"
  },
  {
    "ID Number": "3247090"
  },
  {
    "ID Number": "3277054"
  },
  {
    "ID Number": "3277046"
  },
  {
    "ID Number": "3261190"
  },
  {
    "ID Number": "3252337"
  },
  {
    "ID Number": "3224120"
  },
  {
    "ID Number": "3227820"
  },
  {
    "ID Number": "3207994"
  },
  {
    "ID Number": "3246680"
  },
  {
    "ID Number": "3263711"
  },
  {
    "ID Number": "3230171"
  },
  {
    "ID Number": "3251543"
  },
  {
    "ID Number": "3275000"
  },
  {
    "ID Number": "3247953"
  },
  {
    "ID Number": "3254410"
  },
  {
    "ID Number": "3239055"
  },
  {
    "ID Number": "3264920"
  },
  {
    "ID Number": "3267547"
  },
  {
    "ID Number": "3267555"
  },
  {
    "ID Number": "3224422"
  },
  {
    "ID Number": "3224430"
  },
  {
    "ID Number": "3251160"
  },
  {
    "ID Number": "3254550"
  },
  {
    "ID Number": "3265072"
  },
  {
    "ID Number": "3212610"
  },
  {
    "ID Number": "3214907"
  },
  {
    "ID Number": "3201155"
  },
  {
    "ID Number": "3226034"
  },
  {
    "ID Number": "3240460"
  },
  {
    "ID Number": "3250032"
  },
  {
    "ID Number": "3203360"
  },
  {
    "ID Number": "3257088"
  },
  {
    "ID Number": "3206386"
  },
  {
    "ID Number": "3259498"
  },
  {
    "ID Number": "3256685"
  },
  {
    "ID Number": "3229572"
  },
  {
    "ID Number": "3265498"
  },
  {
    "ID Number": "3262839"
  },
  {
    "ID Number": "3239926"
  },
  {
    "ID Number": "3277917"
  },
  {
    "ID Number": "3258955"
  },
  {
    "ID Number": "3254925"
  },
  {
    "ID Number": "3242161"
  },
  {
    "ID Number": "3268390"
  },
  {
    "ID Number": "3270130"
  },
  {
    "ID Number": "311104709"
  },
  {
    "ID Number": "3216411"
  },
  {
    "ID Number": "3258807"
  },
  {
    "ID Number": "3234436"
  },
  {
    "ID Number": "3238628"
  },
  {
    "ID Number": "3287114"
  },
  {
    "ID Number": "3224830"
  },
  {
    "ID Number": "3248070"
  },
  {
    "ID Number": "3234568"
  },
  {
    "ID Number": "3276635"
  },
  {
    "ID Number": "3243117"
  },
  {
    "ID Number": "3226867"
  },
  {
    "ID Number": "3272290"
  },
  {
    "ID Number": "3271617"
  },
  {
    "ID Number": "3273873"
  },
  {
    "ID Number": "3277445"
  },
  {
    "ID Number": "14203049"
  },
  {
    "ID Number": "3224449"
  },
  {
    "ID Number": "3247600"
  },
  {
    "ID Number": "3269345"
  },
  {
    "ID Number": "3253937"
  },
  {
    "ID Number": "3231275"
  },
  {
    "ID Number": "3247520"
  },
  {
    "ID Number": "3254569"
  },
  {
    "ID Number": "3248364"
  },
  {
    "ID Number": "3259560"
  },
  {
    "ID Number": "3257762"
  },
  {
    "ID Number": "3241505"
  },
  {
    "ID Number": "3259633"
  },
  {
    "ID Number": "3283810"
  },
  {
    "ID Number": "3217469"
  },
  {
    "ID Number": "3283828"
  },
  {
    "ID Number": "3221890"
  },
  {
    "ID Number": "3246817"
  },
  {
    "ID Number": "3232492"
  },
  {
    "ID Number": "3240711"
  },
  {
    "ID Number": "3271439"
  },
  {
    "ID Number": "3260437"
  },
  {
    "ID Number": "3211800"
  },
  {
    "ID Number": "3203301"
  },
  {
    "ID Number": "3231151"
  },
  {
    "ID Number": "3230961"
  },
  {
    "ID Number": "3203794"
  },
  {
    "ID Number": "3227332"
  },
  {
    "ID Number": "3202402"
  },
  {
    "ID Number": "3258351"
  },
  {
    "ID Number": "3258378"
  },
  {
    "ID Number": "3258394"
  },
  {
    "ID Number": "3269264"
  },
  {
    "ID Number": "3219151"
  },
  {
    "ID Number": "3272150"
  },
  {
    "ID Number": "3267105"
  },
  {
    "ID Number": "3271919"
  },
  {
    "ID Number": "3242757"
  },
  {
    "ID Number": "3237516"
  },
  {
    "ID Number": "3248089"
  },
  {
    "ID Number": "3211002"
  },
  {
    "ID Number": "3257487"
  },
  {
    "ID Number": "3208010"
  },
  {
    "ID Number": "3251896"
  },
  {
    "ID Number": "3277690"
  },
  {
    "ID Number": "3275906"
  },
  {
    "ID Number": "3239667"
  },
  {
    "ID Number": "3288323"
  },
  {
    "ID Number": "3238970"
  },
  {
    "ID Number": "3257096"
  },
  {
    "ID Number": "3279219"
  },
  {
    "ID Number": "3245667"
  },
  {
    "ID Number": "3228410"
  },
  {
    "ID Number": "3263517"
  },
  {
    "ID Number": "3232409"
  },
  {
    "ID Number": "3262588"
  },
  {
    "ID Number": "3254577"
  },
  {
    "ID Number": "3257894"
  },
  {
    "ID Number": "3202410"
  },
  {
    "ID Number": "3278190"
  },
  {
    "ID Number": "3243800"
  },
  {
    "ID Number": "3223639"
  },
  {
    "ID Number": "3239748"
  },
  {
    "ID Number": "3258637"
  },
  {
    "ID Number": "3207609"
  },
  {
    "ID Number": "3275310"
  },
  {
    "ID Number": "3232867"
  },
  {
    "ID Number": "3269540"
  },
  {
    "ID Number": "3224503"
  },
  {
    "ID Number": "3250679"
  },
  {
    "ID Number": "3259765"
  },
  {
    "ID Number": "3245101"
  },
  {
    "ID Number": "3274543"
  },
  {
    "ID Number": "3264084"
  },
  {
    "ID Number": "3264815"
  },
  {
    "ID Number": "3252345"
  },
  {
    "ID Number": "3290549"
  },
  {
    "ID Number": "3225690"
  },
  {
    "ID Number": "3251551"
  },
  {
    "ID Number": "3238512"
  },
  {
    "ID Number": "3238520"
  },
  {
    "ID Number": "3205576"
  },
  {
    "ID Number": "3269973"
  },
  {
    "ID Number": "3241220"
  },
  {
    "ID Number": "3246930"
  },
  {
    "ID Number": "3216918"
  },
  {
    "ID Number": "3283453"
  },
  {
    "ID Number": "3243125"
  },
  {
    "ID Number": "3277933"
  },
  {
    "ID Number": "3232913"
  },
  {
    "ID Number": "3274772"
  },
  {
    "ID Number": "3231356"
  },
  {
    "ID Number": "3253759"
  },
  {
    "ID Number": "3215636"
  },
  {
    "ID Number": "3239357"
  },
  {
    "ID Number": "3282104"
  },
  {
    "ID Number": "3245462"
  },
  {
    "ID Number": "3277160"
  },
  {
    "ID Number": "3225836"
  },
  {
    "ID Number": "3260119"
  },
  {
    "ID Number": "3278484"
  },
  {
    "ID Number": "3261751"
  },
  {
    "ID Number": "3267482"
  },
  {
    "ID Number": "3277704"
  },
  {
    "ID Number": "3265684"
  },
  {
    "ID Number": "3232921"
  },
  {
    "ID Number": "3264718"
  },
  {
    "ID Number": "3267490"
  },
  {
    "ID Number": "3227146"
  },
  {
    "ID Number": "3222136"
  },
  {
    "ID Number": "3209962"
  },
  {
    "ID Number": "3242897"
  },
  {
    "ID Number": "3258408"
  },
  {
    "ID Number": "3269094"
  },
  {
    "ID Number": "3232930"
  },
  {
    "ID Number": "3277178"
  },
  {
    "ID Number": "3273962"
  },
  {
    "ID Number": "3283267"
  },
  {
    "ID Number": "3235343"
  },
  {
    "ID Number": "3220338"
  },
  {
    "ID Number": "3277941"
  },
  {
    "ID Number": "3293424"
  },
  {
    "ID Number": "3244091"
  },
  {
    "ID Number": "3287130"
  },
  {
    "ID Number": "3219186"
  },
  {
    "ID Number": "3219194"
  },
  {
    "ID Number": "3212130"
  },
  {
    "ID Number": "3212122"
  },
  {
    "ID Number": "3227618"
  },
  {
    "ID Number": "3247333"
  },
  {
    "ID Number": "3245390"
  },
  {
    "ID Number": "3250458"
  },
  {
    "ID Number": "3215830"
  },
  {
    "ID Number": "3250466"
  },
  {
    "ID Number": "3259390"
  },
  {
    "ID Number": "3256448"
  },
  {
    "ID Number": "3264939"
  },
  {
    "ID Number": "3245152"
  },
  {
    "ID Number": "3252701"
  },
  {
    "ID Number": "3243818"
  },
  {
    "ID Number": "3218686"
  },
  {
    "ID Number": "3251454"
  },
  {
    "ID Number": "3259056"
  },
  {
    "ID Number": "3218295"
  },
  {
    "ID Number": "3255964"
  },
  {
    "ID Number": "3276872"
  },
  {
    "ID Number": "3274551"
  },
  {
    "ID Number": "3218902"
  },
  {
    "ID Number": "3250962"
  },
  {
    "ID Number": "3274560"
  },
  {
    "ID Number": "3237095"
  },
  {
    "ID Number": "3252710"
  },
  {
    "ID Number": "3242420"
  },
  {
    "ID Number": "3279570"
  },
  {
    "ID Number": "3245160"
  },
  {
    "ID Number": "3242064"
  },
  {
    "ID Number": "3278689"
  },
  {
    "ID Number": "3253538"
  },
  {
    "ID Number": "3207617"
  },
  {
    "ID Number": "3248372"
  },
  {
    "ID Number": "3242447"
  },
  {
    "ID Number": "3245004"
  },
  {
    "ID Number": "3292428"
  },
  {
    "ID Number": "3210588"
  },
  {
    "ID Number": "3266729"
  },
  {
    "ID Number": "3284557"
  },
  {
    "ID Number": "3289818"
  },
  {
    "ID Number": "3213951"
  },
  {
    "ID Number": "3287149"
  },
  {
    "ID Number": "3210383"
  },
  {
    "ID Number": "3206416"
  },
  {
    "ID Number": "3234975"
  },
  {
    "ID Number": "3249271"
  },
  {
    "ID Number": "3271943"
  },
  {
    "ID Number": "3263800"
  },
  {
    "ID Number": "3209563"
  },
  {
    "ID Number": "3235815"
  },
  {
    "ID Number": "3203506"
  },
  {
    "ID Number": "3208850"
  },
  {
    "ID Number": "3273750"
  },
  {
    "ID Number": "3277186"
  },
  {
    "ID Number": "3284506"
  },
  {
    "ID Number": "3294064"
  },
  {
    "ID Number": "3219208"
  },
  {
    "ID Number": "3254976"
  },
  {
    "ID Number": "3202267"
  },
  {
    "ID Number": "3287726"
  },
  {
    "ID Number": "3219216"
  },
  {
    "ID Number": "3212467"
  },
  {
    "ID Number": "3271854"
  },
  {
    "ID Number": "3236030"
  },
  {
    "ID Number": "3204405"
  },
  {
    "ID Number": "3204308"
  },
  {
    "ID Number": "3263126"
  },
  {
    "ID Number": "3242226"
  },
  {
    "ID Number": "3291553"
  },
  {
    "ID Number": "3284573"
  },
  {
    "ID Number": "3267911"
  },
  {
    "ID Number": "3282007"
  },
  {
    "ID Number": "3238105"
  },
  {
    "ID Number": "3244610"
  },
  {
    "ID Number": "3244253"
  },
  {
    "ID Number": "3282791"
  },
  {
    "ID Number": "3273679"
  },
  {
    "ID Number": "3254984"
  },
  {
    "ID Number": "3248097"
  },
  {
    "ID Number": "3260143"
  },
  {
    "ID Number": "3221385"
  },
  {
    "ID Number": "3254585"
  },
  {
    "ID Number": "3268004"
  },
  {
    "ID Number": "3270076"
  },
  {
    "ID Number": "3260062"
  },
  {
    "ID Number": "3244911"
  },
  {
    "ID Number": "3272176"
  },
  {
    "ID Number": "3215644"
  },
  {
    "ID Number": "3234894"
  },
  {
    "ID Number": "3246396"
  },
  {
    "ID Number": "3273083"
  },
  {
    "ID Number": "3245705"
  },
  {
    "ID Number": "3207170"
  },
  {
    "ID Number": "3223159"
  },
  {
    "ID Number": "3247341"
  },
  {
    "ID Number": "3234576"
  },
  {
    "ID Number": "3263363"
  },
  {
    "ID Number": "3262600"
  },
  {
    "ID Number": "3267822"
  },
  {
    "ID Number": "3261956"
  },
  {
    "ID Number": "3274055"
  },
  {
    "ID Number": "3246825"
  },
  {
    "ID Number": "3222250"
  },
  {
    "ID Number": "3271188"
  },
  {
    "ID Number": "3257100"
  },
  {
    "ID Number": "3211444"
  },
  {
    "ID Number": "3220427"
  },
  {
    "ID Number": "3220435"
  },
  {
    "ID Number": "3274063"
  },
  {
    "ID Number": "3286070"
  },
  {
    "ID Number": "3273121"
  },
  {
    "ID Number": "3273776"
  },
  {
    "ID Number": "3214826"
  },
  {
    "ID Number": "3259102"
  },
  {
    "ID Number": "3259773"
  },
  {
    "ID Number": "3210863"
  },
  {
    "ID Number": "3259781"
  },
  {
    "ID Number": "3222713"
  },
  {
    "ID Number": "3200264"
  },
  {
    "ID Number": "3226972"
  },
  {
    "ID Number": "3242838"
  },
  {
    "ID Number": "3249280"
  },
  {
    "ID Number": "3228436"
  },
  {
    "ID Number": "3230490"
  },
  {
    "ID Number": "3249816"
  },
  {
    "ID Number": "311111454"
  },
  {
    "ID Number": "3232948"
  },
  {
    "ID Number": "3230015"
  },
  {
    "ID Number": "3269990"
  },
  {
    "ID Number": "3215350"
  },
  {
    "ID Number": "3272443"
  },
  {
    "ID Number": "3211681"
  },
  {
    "ID Number": "3246833"
  },
  {
    "ID Number": "3288420"
  },
  {
    "ID Number": "3279383"
  },
  {
    "ID Number": "3253643"
  },
  {
    "ID Number": "3254704"
  },
  {
    "ID Number": "3228053"
  },
  {
    "ID Number": "3266460"
  },
  {
    "ID Number": "3206610"
  },
  {
    "ID Number": "3291081"
  },
  {
    "ID Number": "3257177"
  },
  {
    "ID Number": "3251101"
  },
  {
    "ID Number": "3280080"
  },
  {
    "ID Number": "3264840"
  },
  {
    "ID Number": "3268020"
  },
  {
    "ID Number": "3230503"
  },
  {
    "ID Number": "3239225"
  },
  {
    "ID Number": "3270025"
  },
  {
    "ID Number": "3229076"
  },
  {
    "ID Number": "3246990"
  },
  {
    "ID Number": "3234827"
  },
  {
    "ID Number": "3232042"
  },
  {
    "ID Number": "3280101"
  },
  {
    "ID Number": "3217353"
  },
  {
    "ID Number": "3235068"
  },
  {
    "ID Number": "3243958"
  },
  {
    "ID Number": "3241246"
  },
  {
    "ID Number": "3257290"
  },
  {
    "ID Number": "3222381"
  },
  {
    "ID Number": "3251853"
  },
  {
    "ID Number": "3259323"
  },
  {
    "ID Number": "3276996"
  },
  {
    "ID Number": "3264106"
  },
  {
    "ID Number": "3276724"
  },
  {
    "ID Number": "3220443"
  },
  {
    "ID Number": "324225087"
  },
  {
    "ID Number": "3208079"
  },
  {
    "ID Number": "3267369"
  },
  {
    "ID Number": "3217493"
  },
  {
    "ID Number": "3278220"
  },
  {
    "ID Number": "3262626"
  },
  {
    "ID Number": "3262634"
  },
  {
    "ID Number": "3237540"
  },
  {
    "ID Number": "3250830"
  },
  {
    "ID Number": "3237680"
  },
  {
    "ID Number": "3239756"
  },
  {
    "ID Number": "3234983"
  },
  {
    "ID Number": "3243826"
  },
  {
    "ID Number": "3234193"
  },
  {
    "ID Number": "3231453"
  },
  {
    "ID Number": "3241254"
  },
  {
    "ID Number": "3201171"
  },
  {
    "ID Number": "3219232"
  },
  {
    "ID Number": "3211991"
  },
  {
    "ID Number": "3225640"
  },
  {
    "ID Number": "3280373"
  },
  {
    "ID Number": "3227340"
  },
  {
    "ID Number": "3290263"
  },
  {
    "ID Number": "3263185"
  },
  {
    "ID Number": "3209547"
  },
  {
    "ID Number": "3205800"
  },
  {
    "ID Number": "3255719"
  },
  {
    "ID Number": "3244920"
  },
  {
    "ID Number": "3239535"
  },
  {
    "ID Number": "3277496"
  },
  {
    "ID Number": "3274322"
  },
  {
    "ID Number": "3250911"
  },
  {
    "ID Number": "3229122"
  },
  {
    "ID Number": "3249654"
  },
  {
    "ID Number": "3265706"
  },
  {
    "ID Number": "3211827"
  },
  {
    "ID Number": "3269027"
  },
  {
    "ID Number": "3250750"
  },
  {
    "ID Number": "3223167"
  },
  {
    "ID Number": "3204359"
  },
  {
    "ID Number": "3234444"
  },
  {
    "ID Number": "3259170"
  },
  {
    "ID Number": "3238989"
  },
  {
    "ID Number": "3260763"
  },
  {
    "ID Number": "3291197"
  },
  {
    "ID Number": "3277500"
  },
  {
    "ID Number": "3205177"
  },
  {
    "ID Number": "3257495"
  },
  {
    "ID Number": "3264130"
  },
  {
    "ID Number": "3233006"
  },
  {
    "ID Number": "3279502"
  },
  {
    "ID Number": "3201198"
  },
  {
    "ID Number": "3255239"
  },
  {
    "ID Number": "3209555"
  },
  {
    "ID Number": "3258823"
  },
  {
    "ID Number": "3241009"
  },
  {
    "ID Number": "3200698"
  },
  {
    "ID Number": "3264556"
  },
  {
    "ID Number": "3276392"
  },
  {
    "ID Number": "33387249"
  },
  {
    "ID Number": "3213250"
  },
  {
    "ID Number": "3204316"
  },
  {
    "ID Number": "3251004"
  },
  {
    "ID Number": "3251012"
  },
  {
    "ID Number": "3251020"
  },
  {
    "ID Number": "3216560"
  },
  {
    "ID Number": "3237796"
  },
  {
    "ID Number": "3278255"
  },
  {
    "ID Number": "3260585"
  },
  {
    "ID Number": "3259803"
  },
  {
    "ID Number": "3259811"
  },
  {
    "ID Number": "3246752"
  },
  {
    "ID Number": "3289923"
  },
  {
    "ID Number": "3203131"
  },
  {
    "ID Number": "3215679"
  },
  {
    "ID Number": "3290000"
  },
  {
    "ID Number": "3251705"
  },
  {
    "ID Number": "3268039"
  },
  {
    "ID Number": "3214869"
  },
  {
    "ID Number": "3230333"
  },
  {
    "ID Number": "3288986"
  },
  {
    "ID Number": "3267849"
  },
  {
    "ID Number": "3259331"
  },
  {
    "ID Number": "3271447"
  },
  {
    "ID Number": "3245713"
  },
  {
    "ID Number": "3241262"
  },
  {
    "ID Number": "3283500"
  },
  {
    "ID Number": "3288994"
  },
  {
    "ID Number": "12414077"
  },
  {
    "ID Number": "3239896"
  },
  {
    "ID Number": "3205096"
  },
  {
    "ID Number": "3229084"
  },
  {
    "ID Number": "3283364"
  },
  {
    "ID Number": "3272125"
  },
  {
    "ID Number": "3291200"
  },
  {
    "ID Number": "3291561"
  },
  {
    "ID Number": "3273482"
  },
  {
    "ID Number": "3276465"
  },
  {
    "ID Number": "3227723"
  },
  {
    "ID Number": "3276473"
  },
  {
    "ID Number": "3264378"
  },
  {
    "ID Number": "3283518"
  },
  {
    "ID Number": "3272915"
  },
  {
    "ID Number": "12424986"
  },
  {
    "ID Number": "3228584"
  },
  {
    "ID Number": "3239942"
  },
  {
    "ID Number": "3249506"
  },
  {
    "ID Number": "3267857"
  },
  {
    "ID Number": "3246779"
  },
  {
    "ID Number": "3277208"
  },
  {
    "ID Number": "3282767"
  },
  {
    "ID Number": "3266982"
  },
  {
    "ID Number": "3214915"
  },
  {
    "ID Number": "3273792"
  },
  {
    "ID Number": "3237486"
  },
  {
    "ID Number": "3276880"
  },
  {
    "ID Number": "3233642"
  },
  {
    "ID Number": "3236412"
  },
  {
    "ID Number": "3258092"
  },
  {
    "ID Number": "3259412"
  },
  {
    "ID Number": "3241548"
  },
  {
    "ID Number": "3241823"
  },
  {
    "ID Number": "3250059"
  },
  {
    "ID Number": "3238717"
  },
  {
    "ID Number": "3249417"
  },
  {
    "ID Number": "3248380"
  },
  {
    "ID Number": "3280691"
  },
  {
    "ID Number": "3236374"
  },
  {
    "ID Number": "3224252"
  },
  {
    "ID Number": "3237028"
  },
  {
    "ID Number": "3229955"
  },
  {
    "ID Number": "3206807"
  },
  {
    "ID Number": "3277518"
  },
  {
    "ID Number": "3248836"
  },
  {
    "ID Number": "3221245"
  },
  {
    "ID Number": "3263894"
  },
  {
    "ID Number": "3266052"
  },
  {
    "ID Number": "3224910"
  },
  {
    "ID Number": "3267709"
  },
  {
    "ID Number": "3238911"
  },
  {
    "ID Number": "3244458"
  },
  {
    "ID Number": "3232050"
  },
  {
    "ID Number": "3205827"
  },
  {
    "ID Number": "3285170"
  },
  {
    "ID Number": "3288447"
  },
  {
    "ID Number": "3271862"
  },
  {
    "ID Number": "3277330"
  },
  {
    "ID Number": "3275922"
  },
  {
    "ID Number": "3237699"
  },
  {
    "ID Number": "3256146"
  },
  {
    "ID Number": "3233170"
  },
  {
    "ID Number": "3278379"
  },
  {
    "ID Number": "3227855"
  },
  {
    "ID Number": "3231321"
  },
  {
    "ID Number": "3243699"
  },
  {
    "ID Number": "3284956"
  },
  {
    "ID Number": "3234584"
  },
  {
    "ID Number": "3232352"
  },
  {
    "ID Number": "3205223"
  },
  {
    "ID Number": "3275450"
  },
  {
    "ID Number": "3202100"
  },
  {
    "ID Number": "3250865"
  },
  {
    "ID Number": "3258238"
  },
  {
    "ID Number": "3236170"
  },
  {
    "ID Number": "311110949"
  },
  {
    "ID Number": "3207188"
  },
  {
    "ID Number": "3251926"
  },
  {
    "ID Number": "3225453"
  },
  {
    "ID Number": "3292258"
  },
  {
    "ID Number": "3263541"
  },
  {
    "ID Number": "3200710"
  },
  {
    "ID Number": "3202836"
  },
  {
    "ID Number": "3234428"
  },
  {
    "ID Number": "3282864"
  },
  {
    "ID Number": "3236471"
  },
  {
    "ID Number": "3263193"
  },
  {
    "ID Number": "3215520"
  },
  {
    "ID Number": "3214028"
  },
  {
    "ID Number": "3239144"
  },
  {
    "ID Number": "3260453"
  },
  {
    "ID Number": "3235688"
  },
  {
    "ID Number": "3270149"
  },
  {
    "ID Number": "3264165"
  },
  {
    "ID Number": "3273130"
  },
  {
    "ID Number": "3243621"
  },
  {
    "ID Number": "3217833"
  },
  {
    "ID Number": "3253767"
  },
  {
    "ID Number": "3278271"
  },
  {
    "ID Number": "3288757"
  },
  {
    "ID Number": "3224570"
  },
  {
    "ID Number": "3231364"
  },
  {
    "ID Number": "6004466"
  },
  {
    "ID Number": "6003290"
  },
  {
    "ID Number": "3261085"
  },
  {
    "ID Number": "3261565"
  },
  {
    "ID Number": "3237141"
  },
  {
    "ID Number": "3213463"
  },
  {
    "ID Number": "3223370"
  },
  {
    "ID Number": "3288765"
  },
  {
    "ID Number": "3218309"
  },
  {
    "ID Number": "3254615"
  },
  {
    "ID Number": "3241270"
  },
  {
    "ID Number": "3248119"
  },
  {
    "ID Number": "12401684"
  },
  {
    "ID Number": "3268683"
  },
  {
    "ID Number": "3258017"
  },
  {
    "ID Number": "3275990"
  },
  {
    "ID Number": "3237150"
  },
  {
    "ID Number": "3259072"
  },
  {
    "ID Number": "3220044"
  },
  {
    "ID Number": "3257045"
  },
  {
    "ID Number": "3247007"
  },
  {
    "ID Number": "3273008"
  },
  {
    "ID Number": "3217515"
  },
  {
    "ID Number": "3212084"
  },
  {
    "ID Number": "3240029"
  },
  {
    "ID Number": "3208150"
  },
  {
    "ID Number": "3214036"
  },
  {
    "ID Number": "3231402"
  },
  {
    "ID Number": "3218015"
  },
  {
    "ID Number": "3284034"
  },
  {
    "ID Number": "3292312"
  },
  {
    "ID Number": "3233090"
  },
  {
    "ID Number": "3261093"
  },
  {
    "ID Number": "3262367"
  },
  {
    "ID Number": "3258122"
  },
  {
    "ID Number": "3243389"
  },
  {
    "ID Number": "3253872"
  },
  {
    "ID Number": "3202763"
  },
  {
    "ID Number": "3251950"
  },
  {
    "ID Number": "3261964"
  },
  {
    "ID Number": "3270157"
  },
  {
    "ID Number": "3286665"
  },
  {
    "ID Number": "3218180"
  },
  {
    "ID Number": "3228444"
  },
  {
    "ID Number": "3224546"
  },
  {
    "ID Number": "3274926"
  },
  {
    "ID Number": "3278018"
  },
  {
    "ID Number": "3246850"
  },
  {
    "ID Number": "9901043"
  },
  {
    "ID Number": "3241289"
  },
  {
    "ID Number": "3215539"
  },
  {
    "ID Number": "3263207"
  },
  {
    "ID Number": "3224856"
  },
  {
    "ID Number": "3263916"
  },
  {
    "ID Number": "3234940"
  },
  {
    "ID Number": "3251730"
  },
  {
    "ID Number": "3243974"
  },
  {
    "ID Number": "3259919"
  },
  {
    "ID Number": "3244890"
  },
  {
    "ID Number": "3213307"
  },
  {
    "ID Number": "3234240"
  },
  {
    "ID Number": "3284638"
  },
  {
    "ID Number": "3263738"
  },
  {
    "ID Number": "3208192"
  },
  {
    "ID Number": "3287998"
  },
  {
    "ID Number": "3276104"
  },
  {
    "ID Number": "3284522"
  },
  {
    "ID Number": "8638209"
  },
  {
    "ID Number": "8639590"
  },
  {
    "ID Number": "3242498"
  },
  {
    "ID Number": "3256162"
  },
  {
    "ID Number": "3256170"
  },
  {
    "ID Number": "311214569"
  },
  {
    "ID Number": "3245519"
  },
  {
    "ID Number": "3212866"
  },
  {
    "ID Number": "5803837"
  },
  {
    "ID Number": "3220052"
  },
  {
    "ID Number": "3246868"
  },
  {
    "ID Number": "3204910"
  },
  {
    "ID Number": "3213978"
  },
  {
    "ID Number": "3254470"
  },
  {
    "ID Number": "3240819"
  },
  {
    "ID Number": "3243591"
  },
  {
    "ID Number": "3238849"
  },
  {
    "ID Number": "3231410"
  },
  {
    "ID Number": "3246949"
  },
  {
    "ID Number": "3203018"
  },
  {
    "ID Number": "3281116"
  },
  {
    "ID Number": "3265790"
  },
  {
    "ID Number": "3293556"
  },
  {
    "ID Number": "3234720"
  },
  {
    "ID Number": "3275221"
  },
  {
    "ID Number": "3249298"
  },
  {
    "ID Number": "3285065"
  },
  {
    "ID Number": "3286371"
  },
  {
    "ID Number": "3260496"
  },
  {
    "ID Number": "3227197"
  },
  {
    "ID Number": "3276317"
  },
  {
    "ID Number": "3230767"
  },
  {
    "ID Number": "3254488"
  },
  {
    "ID Number": "3242170"
  },
  {
    "ID Number": "4800206"
  },
  {
    "ID Number": "3202801"
  },
  {
    "ID Number": "3243230"
  },
  {
    "ID Number": "3258459"
  },
  {
    "ID Number": "3276589"
  },
  {
    "ID Number": "3283291"
  },
  {
    "ID Number": "3241750"
  },
  {
    "ID Number": "3259820"
  },
  {
    "ID Number": "3266311"
  },
  {
    "ID Number": "3293637"
  },
  {
    "ID Number": "3206190"
  },
  {
    "ID Number": "3256561"
  },
  {
    "ID Number": "3281809"
  },
  {
    "ID Number": "3246191"
  },
  {
    "ID Number": "61100188"
  },
  {
    "ID Number": "61100200"
  },
  {
    "ID Number": "3205185"
  },
  {
    "ID Number": "3251993"
  },
  {
    "ID Number": "3247058"
  },
  {
    "ID Number": "3276406"
  },
  {
    "ID Number": "3277356"
  },
  {
    "ID Number": "3203492"
  },
  {
    "ID Number": "3265510"
  },
  {
    "ID Number": "3258475"
  },
  {
    "ID Number": "3201457"
  },
  {
    "ID Number": "3237710"
  },
  {
    "ID Number": "3236153"
  },
  {
    "ID Number": "3213480"
  },
  {
    "ID Number": "3201244"
  },
  {
    "ID Number": "3276651"
  },
  {
    "ID Number": "3263550"
  },
  {
    "ID Number": "3255883"
  },
  {
    "ID Number": "3258653"
  },
  {
    "ID Number": "3272575"
  },
  {
    "ID Number": "3253716"
  },
  {
    "ID Number": "3253848"
  },
  {
    "ID Number": "3244954"
  },
  {
    "ID Number": "3233359"
  },
  {
    "ID Number": "3218384"
  },
  {
    "ID Number": "3212017"
  },
  {
    "ID Number": "3236420"
  },
  {
    "ID Number": "3220885"
  },
  {
    "ID Number": "3247716"
  },
  {
    "ID Number": "3226999"
  },
  {
    "ID Number": "3200019"
  },
  {
    "ID Number": "3248615"
  },
  {
    "ID Number": "3231160"
  },
  {
    "ID Number": "3282023"
  },
  {
    "ID Number": "3282031"
  },
  {
    "ID Number": "3208214"
  },
  {
    "ID Number": "3232077"
  },
  {
    "ID Number": "3267202"
  },
  {
    "ID Number": "3206670"
  },
  {
    "ID Number": "3240738"
  },
  {
    "ID Number": "3240746"
  },
  {
    "ID Number": "3237621"
  },
  {
    "ID Number": "3268055"
  },
  {
    "ID Number": "3271951"
  },
  {
    "ID Number": "3215547"
  },
  {
    "ID Number": "3257266"
  },
  {
    "ID Number": "3276660"
  },
  {
    "ID Number": "3220060"
  },
  {
    "ID Number": "3254046"
  },
  {
    "ID Number": "3204200"
  },
  {
    "ID Number": "3273326"
  },
  {
    "ID Number": "3221334"
  },
  {
    "ID Number": "3255727"
  },
  {
    "ID Number": "311214578"
  },
  {
    "ID Number": "3281345"
  },
  {
    "ID Number": "3202437"
  },
  {
    "ID Number": "3223698"
  },
  {
    "ID Number": "3280969"
  },
  {
    "ID Number": "3236242"
  },
  {
    "ID Number": "3231313"
  },
  {
    "ID Number": "3253422"
  },
  {
    "ID Number": "3276210"
  },
  {
    "ID Number": "3238652"
  },
  {
    "ID Number": "3222632"
  },
  {
    "ID Number": "3243044"
  },
  {
    "ID Number": "4127714"
  },
  {
    "ID Number": "3264173"
  },
  {
    "ID Number": "3220079"
  },
  {
    "ID Number": "3231941"
  },
  {
    "ID Number": "3220613"
  },
  {
    "ID Number": "3221253"
  },
  {
    "ID Number": "3254763"
  },
  {
    "ID Number": "3273148"
  },
  {
    "ID Number": "3258246"
  },
  {
    "ID Number": "2265320"
  },
  {
    "ID Number": "3235394"
  },
  {
    "ID Number": "3203913"
  },
  {
    "ID Number": "3234452"
  },
  {
    "ID Number": "3262375"
  },
  {
    "ID Number": "3201805"
  },
  {
    "ID Number": "3255832"
  },
  {
    "ID Number": "5068380"
  },
  {
    "ID Number": "3281353"
  },
  {
    "ID Number": "3254933"
  },
  {
    "ID Number": "3229661"
  },
  {
    "ID Number": "3263428"
  },
  {
    "ID Number": "25004301"
  },
  {
    "ID Number": "3255638"
  },
  {
    "ID Number": "3282813"
  },
  {
    "ID Number": "3242811"
  },
  {
    "ID Number": "3206840"
  },
  {
    "ID Number": "3272230"
  },
  {
    "ID Number": "3284131"
  },
  {
    "ID Number": "3266320"
  },
  {
    "ID Number": "3252310"
  },
  {
    "ID Number": "3260500"
  },
  {
    "ID Number": "3232514"
  },
  {
    "ID Number": "3215075"
  },
  {
    "ID Number": "3226387"
  },
  {
    "ID Number": "3227251"
  },
  {
    "ID Number": "3271544"
  },
  {
    "ID Number": "3289001"
  },
  {
    "ID Number": "3202895"
  },
  {
    "ID Number": "3242080"
  },
  {
    "ID Number": "3236056"
  },
  {
    "ID Number": "3265595"
  },
  {
    "ID Number": "3244156"
  },
  {
    "ID Number": "3220893"
  },
  {
    "ID Number": "3221199"
  },
  {
    "ID Number": "3248534"
  },
  {
    "ID Number": "3262235"
  },
  {
    "ID Number": "3208249"
  },
  {
    "ID Number": "311214818"
  },
  {
    "ID Number": "3245250"
  },
  {
    "ID Number": "3200434"
  },
  {
    "ID Number": "3262693"
  },
  {
    "ID Number": "3245721"
  },
  {
    "ID Number": "3241319"
  },
  {
    "ID Number": "3293882"
  },
  {
    "ID Number": "3271641"
  },
  {
    "ID Number": "3276775"
  },
  {
    "ID Number": "3286380"
  },
  {
    "ID Number": "3210111"
  },
  {
    "ID Number": "3261603"
  },
  {
    "ID Number": "3250423"
  },
  {
    "ID Number": "3267431"
  },
  {
    "ID Number": "3267440"
  },
  {
    "ID Number": "3291588"
  },
  {
    "ID Number": "3256456"
  },
  {
    "ID Number": "3213498"
  },
  {
    "ID Number": "3247619"
  },
  {
    "ID Number": "3204677"
  },
  {
    "ID Number": "3273806"
  },
  {
    "ID Number": "3234207"
  },
  {
    "ID Number": "3206548"
  },
  {
    "ID Number": "3270521"
  },
  {
    "ID Number": "3248402"
  },
  {
    "ID Number": "3215873"
  },
  {
    "ID Number": "3268292"
  },
  {
    "ID Number": "3284360"
  },
  {
    "ID Number": "3283097"
  },
  {
    "ID Number": "3263932"
  },
  {
    "ID Number": "3267717"
  },
  {
    "ID Number": "3252205"
  },
  {
    "ID Number": "3253449"
  },
  {
    "ID Number": "3277216"
  },
  {
    "ID Number": "3277712"
  },
  {
    "ID Number": "3200973"
  },
  {
    "ID Number": "3217035"
  },
  {
    "ID Number": "3256359"
  },
  {
    "ID Number": "3250083"
  },
  {
    "ID Number": "3258025"
  },
  {
    "ID Number": "3245110"
  },
  {
    "ID Number": "3268128"
  },
  {
    "ID Number": "3258033"
  },
  {
    "ID Number": "3272583"
  },
  {
    "ID Number": "3216306"
  },
  {
    "ID Number": "3264181"
  },
  {
    "ID Number": "3201708"
  },
  {
    "ID Number": "3243133"
  },
  {
    "ID Number": "3293890"
  },
  {
    "ID Number": "3293645"
  },
  {
    "ID Number": "3236668"
  },
  {
    "ID Number": "3208699"
  },
  {
    "ID Number": "3201287"
  },
  {
    "ID Number": "3287564"
  },
  {
    "ID Number": "3221768"
  },
  {
    "ID Number": "3276112"
  },
  {
    "ID Number": "3252191"
  },
  {
    "ID Number": "3222560"
  },
  {
    "ID Number": "3217310"
  },
  {
    "ID Number": "3202879"
  },
  {
    "ID Number": "5023351"
  },
  {
    "ID Number": "3257061"
  },
  {
    "ID Number": "3255271"
  },
  {
    "ID Number": "3258483"
  },
  {
    "ID Number": "3263134"
  },
  {
    "ID Number": "3214044"
  },
  {
    "ID Number": "3222101"
  },
  {
    "ID Number": "3259650"
  },
  {
    "ID Number": "3217841"
  },
  {
    "ID Number": "3202305"
  },
  {
    "ID Number": "3208923"
  },
  {
    "ID Number": "3220087"
  },
  {
    "ID Number": "3254496"
  },
  {
    "ID Number": "3267229"
  },
  {
    "ID Number": "3226832"
  },
  {
    "ID Number": "3236676"
  },
  {
    "ID Number": "3201767"
  },
  {
    "ID Number": "3263584"
  },
  {
    "ID Number": "3260518"
  },
  {
    "ID Number": "3236684"
  },
  {
    "ID Number": "3243494"
  },
  {
    "ID Number": "3232085"
  },
  {
    "ID Number": "3229840"
  },
  {
    "ID Number": "3223027"
  },
  {
    "ID Number": "3263398"
  },
  {
    "ID Number": "3218201"
  },
  {
    "ID Number": "3239780"
  },
  {
    "ID Number": "3200043"
  },
  {
    "ID Number": "34359230"
  },
  {
    "ID Number": "3255549"
  },
  {
    "ID Number": "3269396"
  },
  {
    "ID Number": "3217388"
  },
  {
    "ID Number": "3286657"
  },
  {
    "ID Number": "3284530"
  },
  {
    "ID Number": "5803454"
  },
  {
    "ID Number": "3289834"
  },
  {
    "ID Number": "3249824"
  },
  {
    "ID Number": "3270378"
  },
  {
    "ID Number": "3228991"
  },
  {
    "ID Number": "3264971"
  },
  {
    "ID Number": "3258939"
  },
  {
    "ID Number": "3201295"
  },
  {
    "ID Number": "3268063"
  },
  {
    "ID Number": "3271897"
  },
  {
    "ID Number": "3214141"
  },
  {
    "ID Number": "3214818"
  },
  {
    "ID Number": "3208265"
  },
  {
    "ID Number": "3207064"
  },
  {
    "ID Number": "3237036"
  },
  {
    "ID Number": "3287882"
  },
  {
    "ID Number": "3238784"
  },
  {
    "ID Number": "3287580"
  },
  {
    "ID Number": "3273970"
  },
  {
    "ID Number": "3267610"
  },
  {
    "ID Number": "3212890"
  },
  {
    "ID Number": "3202577"
  },
  {
    "ID Number": "3219461"
  },
  {
    "ID Number": "3248410"
  },
  {
    "ID Number": "3243141"
  },
  {
    "ID Number": "3238660"
  },
  {
    "ID Number": "3288331"
  },
  {
    "ID Number": "3201821"
  },
  {
    "ID Number": "3201309"
  },
  {
    "ID Number": "3238679"
  },
  {
    "ID Number": "3210650"
  },
  {
    "ID Number": "3288781"
  },
  {
    "ID Number": "3208273"
  },
  {
    "ID Number": "3217248"
  },
  {
    "ID Number": "3203689"
  },
  {
    "ID Number": "3201490"
  },
  {
    "ID Number": "3209318"
  },
  {
    "ID Number": "3245403"
  },
  {
    "ID Number": "3228452"
  },
  {
    "ID Number": "3255476"
  },
  {
    "ID Number": "3248569"
  },
  {
    "ID Number": "3215946"
  },
  {
    "ID Number": "3274594"
  },
  {
    "ID Number": "3243451"
  },
  {
    "ID Number": "3257150"
  },
  {
    "ID Number": "3265250"
  },
  {
    "ID Number": "3231178"
  },
  {
    "ID Number": "3286673"
  },
  {
    "ID Number": "3208290"
  },
  {
    "ID Number": "3280705"
  },
  {
    "ID Number": "3252949"
  },
  {
    "ID Number": "3281825"
  },
  {
    "ID Number": "3217647"
  },
  {
    "ID Number": "3276678"
  },
  {
    "ID Number": "3263401"
  },
  {
    "ID Number": "3255557"
  },
  {
    "ID Number": "3232883"
  },
  {
    "ID Number": "3268071"
  },
  {
    "ID Number": "3252353"
  },
  {
    "ID Number": "3235580"
  },
  {
    "ID Number": "3252957"
  },
  {
    "ID Number": "3285952"
  },
  {
    "ID Number": "3250091"
  },
  {
    "ID Number": "3251470"
  },
  {
    "ID Number": "3292606"
  },
  {
    "ID Number": "3246043"
  },
  {
    "ID Number": "3292100"
  },
  {
    "ID Number": "3263940"
  },
  {
    "ID Number": "3276953"
  },
  {
    "ID Number": "3259501"
  },
  {
    "ID Number": "3207226"
  },
  {
    "ID Number": "3281884"
  },
  {
    "ID Number": "3208311"
  },
  {
    "ID Number": "3232093"
  },
  {
    "ID Number": "3287890"
  },
  {
    "ID Number": "3285006"
  },
  {
    "ID Number": "3269124"
  },
  {
    "ID Number": "3227227"
  },
  {
    "ID Number": "3279596"
  },
  {
    "ID Number": "3250105"
  },
  {
    "ID Number": "3206882"
  },
  {
    "ID Number": "3253775"
  },
  {
    "ID Number": "3239004"
  },
  {
    "ID Number": "3233022"
  },
  {
    "ID Number": "3237044"
  },
  {
    "ID Number": "3241041"
  },
  {
    "ID Number": "3266486"
  },
  {
    "ID Number": "3258661"
  },
  {
    "ID Number": "3208460"
  },
  {
    "ID Number": "311211807"
  },
  {
    "ID Number": "3244164"
  },
  {
    "ID Number": "3270637"
  },
  {
    "ID Number": "3270645"
  },
  {
    "ID Number": "3201961"
  },
  {
    "ID Number": "3236188"
  },
  {
    "ID Number": "3241327"
  },
  {
    "ID Number": "3266834"
  },
  {
    "ID Number": "3266842"
  },
  {
    "ID Number": "3261034"
  },
  {
    "ID Number": "3257843"
  },
  {
    "ID Number": "3250121"
  },
  {
    "ID Number": "3275027"
  },
  {
    "ID Number": "3250547"
  },
  {
    "ID Number": "3203409"
  },
  {
    "ID Number": "5749476"
  },
  {
    "ID Number": "3207234"
  },
  {
    "ID Number": "3222314"
  },
  {
    "ID Number": "3215555"
  },
  {
    "ID Number": "46661018"
  },
  {
    "ID Number": "3244326"
  },
  {
    "ID Number": "3226735"
  },
  {
    "ID Number": "3270238"
  },
  {
    "ID Number": "3270246"
  },
  {
    "ID Number": "3289010"
  },
  {
    "ID Number": "3274802"
  },
  {
    "ID Number": "3281370"
  },
  {
    "ID Number": "3271668"
  },
  {
    "ID Number": "3235246"
  },
  {
    "ID Number": "3247759"
  },
  {
    "ID Number": "3267636"
  },
  {
    "ID Number": "3269620"
  },
  {
    "ID Number": "3249301"
  },
  {
    "ID Number": "3250784"
  },
  {
    "ID Number": "3250792"
  },
  {
    "ID Number": "3279030"
  },
  {
    "ID Number": "3278492"
  },
  {
    "ID Number": "3239870"
  },
  {
    "ID Number": "3253597"
  },
  {
    "ID Number": "3276015"
  },
  {
    "ID Number": "3248577"
  },
  {
    "ID Number": "3215563"
  },
  {
    "ID Number": "3227286"
  },
  {
    "ID Number": "3247872"
  },
  {
    "ID Number": "3218619"
  },
  {
    "ID Number": "3247120"
  },
  {
    "ID Number": "3234630"
  },
  {
    "ID Number": "3277224"
  },
  {
    "ID Number": "3245551"
  },
  {
    "ID Number": "3248445"
  },
  {
    "ID Number": "3286835"
  },
  {
    "ID Number": "3262391"
  },
  {
    "ID Number": "3285073"
  },
  {
    "ID Number": "3207390"
  },
  {
    "ID Number": "4445112"
  },
  {
    "ID Number": "3214451"
  },
  {
    "ID Number": "3201317"
  },
  {
    "ID Number": "3256006"
  },
  {
    "ID Number": "311104718"
  },
  {
    "ID Number": "3258971"
  },
  {
    "ID Number": "3216497"
  },
  {
    "ID Number": "3248453"
  },
  {
    "ID Number": "3284727"
  },
  {
    "ID Number": "3242510"
  },
  {
    "ID Number": "3245560"
  },
  {
    "ID Number": "3256588"
  },
  {
    "ID Number": "3244563"
  },
  {
    "ID Number": "3204553"
  },
  {
    "ID Number": "3243532"
  },
  {
    "ID Number": "3246957"
  },
  {
    "ID Number": "3241050"
  },
  {
    "ID Number": "3225593"
  },
  {
    "ID Number": "3224600"
  },
  {
    "ID Number": "3243893"
  },
  {
    "ID Number": "3258831"
  },
  {
    "ID Number": "3275094"
  },
  {
    "ID Number": "3201724"
  },
  {
    "ID Number": "3248216"
  },
  {
    "ID Number": "3245748"
  },
  {
    "ID Number": "718122"
  },
  {
    "ID Number": "3238393"
  },
  {
    "ID Number": "3258130"
  },
  {
    "ID Number": "3256871"
  },
  {
    "ID Number": "3264734"
  },
  {
    "ID Number": "3278549"
  },
  {
    "ID Number": "3246531"
  },
  {
    "ID Number": "3247457"
  },
  {
    "ID Number": "3211169"
  },
  {
    "ID Number": "3231968"
  },
  {
    "ID Number": "3221954"
  },
  {
    "ID Number": "3252817"
  },
  {
    "ID Number": "3253970"
  },
  {
    "ID Number": "3203247"
  },
  {
    "ID Number": "3284042"
  },
  {
    "ID Number": "3236447"
  },
  {
    "ID Number": "3278662"
  },
  {
    "ID Number": "3241238"
  },
  {
    "ID Number": "3278077"
  },
  {
    "ID Number": "3280438"
  },
  {
    "ID Number": "3275248"
  },
  {
    "ID Number": "3261638"
  },
  {
    "ID Number": "3218961"
  },
  {
    "ID Number": "3225682"
  },
  {
    "ID Number": "3251055"
  },
  {
    "ID Number": "3234746"
  },
  {
    "ID Number": "3281124"
  },
  {
    "ID Number": "3262707"
  },
  {
    "ID Number": "3228800"
  },
  {
    "ID Number": "3262243"
  },
  {
    "ID Number": "3257630"
  },
  {
    "ID Number": "3267792"
  },
  {
    "ID Number": "3278298"
  },
  {
    "ID Number": "3264580"
  },
  {
    "ID Number": "46608931"
  },
  {
    "ID Number": "3246965"
  },
  {
    "ID Number": "3265269"
  },
  {
    "ID Number": "3205738"
  },
  {
    "ID Number": "3203433"
  },
  {
    "ID Number": "3291596"
  },
  {
    "ID Number": "3253651"
  },
  {
    "ID Number": "3239403"
  },
  {
    "ID Number": "3239411"
  },
  {
    "ID Number": "3211096"
  },
  {
    "ID Number": "3257754"
  },
  {
    "ID Number": "3214052"
  },
  {
    "ID Number": "3259579"
  },
  {
    "ID Number": "3214060"
  },
  {
    "ID Number": "3260534"
  },
  {
    "ID Number": "3238482"
  },
  {
    "ID Number": "3261042"
  },
  {
    "ID Number": "3230392"
  },
  {
    "ID Number": "3258165"
  },
  {
    "ID Number": "3272613"
  },
  {
    "ID Number": "3284972"
  },
  {
    "ID Number": "3229530"
  },
  {
    "ID Number": "3210685"
  },
  {
    "ID Number": "3204839"
  },
  {
    "ID Number": "3208478"
  },
  {
    "ID Number": "3254640"
  },
  {
    "ID Number": "3244970"
  },
  {
    "ID Number": "3207250"
  },
  {
    "ID Number": "3261344"
  },
  {
    "ID Number": "3271480"
  },
  {
    "ID Number": "3238881"
  },
  {
    "ID Number": "3277232"
  },
  {
    "ID Number": "3252825"
  },
  {
    "ID Number": "3234754"
  },
  {
    "ID Number": "3238873"
  },
  {
    "ID Number": "3233693"
  },
  {
    "ID Number": "3292436"
  },
  {
    "ID Number": "3232980"
  },
  {
    "ID Number": "3242269"
  },
  {
    "ID Number": "3265625"
  },
  {
    "ID Number": "3276694"
  },
  {
    "ID Number": "3237052"
  },
  {
    "ID Number": "3225461"
  },
  {
    "ID Number": "3290719"
  },
  {
    "ID Number": "3221270"
  },
  {
    "ID Number": "3241076"
  },
  {
    "ID Number": "3241084"
  },
  {
    "ID Number": "3274004"
  },
  {
    "ID Number": "3245578"
  },
  {
    "ID Number": "3232999"
  },
  {
    "ID Number": "3221288"
  },
  {
    "ID Number": "3285138"
  },
  {
    "ID Number": "3287637"
  },
  {
    "ID Number": "3219330"
  },
  {
    "ID Number": "3270599"
  },
  {
    "ID Number": "3267725"
  },
  {
    "ID Number": "3265943"
  },
  {
    "ID Number": "3269558"
  },
  {
    "ID Number": "3265951"
  },
  {
    "ID Number": "3212645"
  },
  {
    "ID Number": "3249433"
  },
  {
    "ID Number": "3291057"
  },
  {
    "ID Number": "3233987"
  },
  {
    "ID Number": "3233995"
  },
  {
    "ID Number": "3251110"
  },
  {
    "ID Number": "3205886"
  },
  {
    "ID Number": "3206920"
  },
  {
    "ID Number": "3279618"
  },
  {
    "ID Number": "3216314"
  },
  {
    "ID Number": "3251942"
  },
  {
    "ID Number": "3208370"
  },
  {
    "ID Number": "3211100"
  },
  {
    "ID Number": "3220230"
  },
  {
    "ID Number": "3265277"
  },
  {
    "ID Number": "3238202"
  },
  {
    "ID Number": "3260666"
  },
  {
    "ID Number": "3226271"
  },
  {
    "ID Number": "3262413"
  },
  {
    "ID Number": "3208389"
  },
  {
    "ID Number": "3262065"
  },
  {
    "ID Number": "3210014"
  },
  {
    "ID Number": "3233111"
  },
  {
    "ID Number": "3264980"
  },
  {
    "ID Number": "3203700"
  },
  {
    "ID Number": "3245411"
  },
  {
    "ID Number": "3227235"
  },
  {
    "ID Number": "3200086"
  },
  {
    "ID Number": "3258548"
  },
  {
    "ID Number": "3252396"
  },
  {
    "ID Number": "3241343"
  },
  {
    "ID Number": "3281132"
  },
  {
    "ID Number": "3276740"
  },
  {
    "ID Number": "3281019"
  },
  {
    "ID Number": "3242935"
  },
  {
    "ID Number": "3286681"
  },
  {
    "ID Number": "3255735"
  },
  {
    "ID Number": "9900608"
  },
  {
    "ID Number": "33417261"
  },
  {
    "ID Number": "3276708"
  },
  {
    "ID Number": "3229386"
  },
  {
    "ID Number": "3214168"
  },
  {
    "ID Number": "3231437"
  },
  {
    "ID Number": "3214176"
  },
  {
    "ID Number": "3210693"
  },
  {
    "ID Number": "3233120"
  },
  {
    "ID Number": "3240754"
  },
  {
    "ID Number": "3283224"
  },
  {
    "ID Number": "3266567"
  },
  {
    "ID Number": "3272737"
  },
  {
    "ID Number": "3262774"
  },
  {
    "ID Number": "3262138"
  },
  {
    "ID Number": "3247015"
  },
  {
    "ID Number": "3220460"
  },
  {
    "ID Number": "3252264"
  },
  {
    "ID Number": "3200345"
  },
  {
    "ID Number": "3213994"
  },
  {
    "ID Number": "3228304"
  },
  {
    "ID Number": "3286789"
  },
  {
    "ID Number": "3257681"
  },
  {
    "ID Number": "3213340"
  },
  {
    "ID Number": "3284786"
  },
  {
    "ID Number": "3227154"
  },
  {
    "ID Number": "3217850"
  },
  {
    "ID Number": "3285634"
  },
  {
    "ID Number": "3246914"
  },
  {
    "ID Number": "3276147"
  },
  {
    "ID Number": "3202690"
  },
  {
    "ID Number": "3252981"
  },
  {
    "ID Number": "3258041"
  },
  {
    "ID Number": "3233707"
  },
  {
    "ID Number": "3252990"
  },
  {
    "ID Number": "3270408"
  },
  {
    "ID Number": "3275680"
  },
  {
    "ID Number": "3269647"
  },
  {
    "ID Number": "3223493"
  },
  {
    "ID Number": "3280179"
  },
  {
    "ID Number": "3257355"
  },
  {
    "ID Number": "3250563"
  },
  {
    "ID Number": "3222845"
  },
  {
    "ID Number": "3203450"
  },
  {
    "ID Number": "3266133"
  },
  {
    "ID Number": "3247252"
  },
  {
    "ID Number": "3235483"
  },
  {
    "ID Number": "3245420"
  },
  {
    "ID Number": "3247023"
  },
  {
    "ID Number": "3202933"
  },
  {
    "ID Number": "3277631"
  },
  {
    "ID Number": "3249107"
  },
  {
    "ID Number": "3236714"
  },
  {
    "ID Number": "3265544"
  },
  {
    "ID Number": "3236315"
  },
  {
    "ID Number": "3219364"
  },
  {
    "ID Number": "3250431"
  },
  {
    "ID Number": "3268152"
  },
  {
    "ID Number": "3247791"
  },
  {
    "ID Number": "3288498"
  },
  {
    "ID Number": "3238164"
  },
  {
    "ID Number": "3289036"
  },
  {
    "ID Number": "3256197"
  },
  {
    "ID Number": "3251489"
  },
  {
    "ID Number": "3220478"
  },
  {
    "ID Number": "3204626"
  },
  {
    "ID Number": "3275469"
  },
  {
    "ID Number": "3258840"
  },
  {
    "ID Number": "3248151"
  },
  {
    "ID Number": "3248160"
  },
  {
    "ID Number": "3233715"
  },
  {
    "ID Number": "3280713"
  },
  {
    "ID Number": "8638233"
  },
  {
    "ID Number": "3263606"
  },
  {
    "ID Number": "3293068"
  },
  {
    "ID Number": "3248470"
  },
  {
    "ID Number": "3229904"
  },
  {
    "ID Number": "3238288"
  },
  {
    "ID Number": "3256928"
  },
  {
    "ID Number": "3277240"
  },
  {
    "ID Number": "3239438"
  },
  {
    "ID Number": "3220281"
  },
  {
    "ID Number": "3272931"
  },
  {
    "ID Number": "3291103"
  },
  {
    "ID Number": "3261379"
  },
  {
    "ID Number": "3275272"
  },
  {
    "ID Number": "3223183"
  },
  {
    "ID Number": "3221873"
  },
  {
    "ID Number": "3215148"
  },
  {
    "ID Number": "3237060"
  },
  {
    "ID Number": "3218805"
  },
  {
    "ID Number": "3282830"
  },
  {
    "ID Number": "3260674"
  },
  {
    "ID Number": "3274624"
  },
  {
    "ID Number": "3278085"
  },
  {
    "ID Number": "3278093"
  },
  {
    "ID Number": "3255913"
  },
  {
    "ID Number": "3281035"
  },
  {
    "ID Number": "3278301"
  },
  {
    "ID Number": "3271390"
  },
  {
    "ID Number": "3265293"
  },
  {
    "ID Number": "3218635"
  },
  {
    "ID Number": "3251632"
  },
  {
    "ID Number": "3208591"
  },
  {
    "ID Number": "8628157"
  },
  {
    "ID Number": "3214001"
  },
  {
    "ID Number": "3254658"
  },
  {
    "ID Number": "3283534"
  },
  {
    "ID Number": "3264874"
  },
  {
    "ID Number": "3266494"
  },
  {
    "ID Number": "3266508"
  },
  {
    "ID Number": "3201007"
  },
  {
    "ID Number": "3240770"
  },
  {
    "ID Number": "3278310"
  },
  {
    "ID Number": "3213374"
  },
  {
    "ID Number": "3217507"
  },
  {
    "ID Number": "3255301"
  },
  {
    "ID Number": "311111042"
  },
  {
    "ID Number": "3206203"
  },
  {
    "ID Number": "3251780"
  },
  {
    "ID Number": "3255492"
  },
  {
    "ID Number": "3248488"
  },
  {
    "ID Number": "3264599"
  },
  {
    "ID Number": "3208419"
  },
  {
    "ID Number": "3213382"
  },
  {
    "ID Number": "3212068"
  },
  {
    "ID Number": "3257436"
  },
  {
    "ID Number": "3272940"
  },
  {
    "ID Number": "3236200"
  },
  {
    "ID Number": "3269868"
  },
  {
    "ID Number": "3206777"
  },
  {
    "ID Number": "3269221"
  },
  {
    "ID Number": "3218503"
  },
  {
    "ID Number": "3226948"
  },
  {
    "ID Number": "3213390"
  },
  {
    "ID Number": "3247465"
  },
  {
    "ID Number": "3237346"
  },
  {
    "ID Number": "3239802"
  },
  {
    "ID Number": "3238814"
  },
  {
    "ID Number": "3246051"
  },
  {
    "ID Number": "3255573"
  },
  {
    "ID Number": "3254879"
  },
  {
    "ID Number": "3285979"
  },
  {
    "ID Number": "3278972"
  },
  {
    "ID Number": "3261263"
  },
  {
    "ID Number": "3239810"
  },
  {
    "ID Number": "3288811"
  },
  {
    "ID Number": "3240657"
  },
  {
    "ID Number": "3256200"
  },
  {
    "ID Number": "8602867"
  },
  {
    "ID Number": "3260470"
  },
  {
    "ID Number": "3238300"
  },
  {
    "ID Number": "3232239"
  },
  {
    "ID Number": "3259889"
  },
  {
    "ID Number": "3261069"
  },
  {
    "ID Number": "3274390"
  },
  {
    "ID Number": "3255204"
  },
  {
    "ID Number": "3248127"
  },
  {
    "ID Number": "3278433"
  },
  {
    "ID Number": "3290948"
  },
  {
    "ID Number": "3283542"
  },
  {
    "ID Number": "3256219"
  },
  {
    "ID Number": "3271498"
  },
  {
    "ID Number": "3231445"
  },
  {
    "ID Number": "3274640"
  },
  {
    "ID Number": "3226522"
  },
  {
    "ID Number": "3265412"
  },
  {
    "ID Number": "3288153"
  },
  {
    "ID Number": "3236323"
  },
  {
    "ID Number": "3202534"
  },
  {
    "ID Number": "3232590"
  },
  {
    "ID Number": "3267741"
  },
  {
    "ID Number": "3272648"
  },
  {
    "ID Number": "3221342"
  },
  {
    "ID Number": "3253007"
  },
  {
    "ID Number": "3267512"
  },
  {
    "ID Number": "3262731"
  },
  {
    "ID Number": "3267520"
  },
  {
    "ID Number": "3225224"
  },
  {
    "ID Number": "3257932"
  },
  {
    "ID Number": "3280721"
  },
  {
    "ID Number": "3281205"
  },
  {
    "ID Number": "3292894"
  },
  {
    "ID Number": "3274810"
  },
  {
    "ID Number": "3244202"
  },
  {
    "ID Number": "3281043"
  },
  {
    "ID Number": "3249565"
  },
  {
    "ID Number": "3243761"
  },
  {
    "ID Number": "3230830"
  },
  {
    "ID Number": "3245438"
  },
  {
    "ID Number": "3242714"
  },
  {
    "ID Number": "3221296"
  },
  {
    "ID Number": "3221300"
  },
  {
    "ID Number": "3208427"
  },
  {
    "ID Number": "3205088"
  }
]