ID Number,Name,Fed,Sex,Title,WTit,OTit,FOA,Rating,Gms,K,B-day,Flag
5327040,"Aawar, Amid",LBN,M,,,,1452,AUG25,0,40,2008,
5303729,"Abbas, Khalil",LBN,M,,NI,,1788,AUG25,0,20,0,
5328675,"Abboud, Marc Chadi",LBN,M,,,,1646,AUG25,0,40,2001,
5324734,"Abboud, Ralph",LBN,M,,,,1479,AUG25,0,40,1983,
5323274,"Abboud, Tayseer",LBN,M,,,,1486,AUG25,0,40,1998,i
5321913,"Abdalah Issa, Walid Alkass",LBN,M,,,,1779,AUG25,0,40,2002,i
5319889,"Abdalah, Jad",LBN,M,,,,1527,AUG25,0,40,1977,
5311098,"Abdallah, Jennifer",LBN,F,,,,1499,AUG25,0,40,2004,w
5313759,"Abdel Ahad, Moussa Mario",LBN,M,,,,1861,AUG25,0,20,2006,
5315247,"Abdel Malek, Khalil Amir",LBN,M,,,,1700,AUG25,0,20,1998,i
5308976,"Abdel Mottaleb, Khalouf",LBN,M,,,,1786,AUG25,0,20,1995,i
5306647,"Abdelkarim, Karim",LBN,M,,,,1634,AUG25,0,20,1950,i
5330530,"Abdelkhalek, Wael",LBN,M,,,,1730,AUG25,0,40,2003,
5302129,"Abdo, Moussa",LBN,M,,,,1791,AUG25,0,20,0,
5315565,"Abdul Khalek, Assad Ayman",LBN,M,,,,1574,AUG25,0,20,1965,i
5317487,"Abdullah, Alaadin",LBN,M,,,,1642,AUG25,0,20,2000,i
5309450,"Abdullah, Hamed",LBN,M,,,,1704,AUG25,0,20,1999,i
5302889,"Abdullatif, Hassan",LBN,M,,,,1677,AUG25,0,20,1999,i
5315760,"Abi Azar, Jean",LBN,M,,,,1698,AUG25,0,40,2006,
5318262,"Abi Chaaya, Rolanthony",LBN,M,,,,1499,AUG25,0,40,2015,
5328837,"Abi Ghanem, Joseph",LBN,M,,,,1605,AUG25,0,40,1986,
5324319,"Abi Ghanem, Majd",LBN,M,,,,1525,AUG25,0,40,2009,i
5301700,"Abi Nader, Charles",LBN,M,,,,1615,AUG25,6,20,0,
5307058,"Abi Rached, Joseph",LBN,M,,,,1842,AUG25,0,20,1983,i
5303923,"Abou Adelah, Ghassan",LBN,M,,,,1683,AUG25,0,20,1970,i
5327733,"Abou Dargham, Johnny",LBN,M,,,,1483,AUG25,0,40,1997,
5309867,"Abou Deeb, Mark",LBN,M,,,,1540,AUG25,0,40,2010,
5303010,"Abou El Hussen, Amir",LBN,M,,,,1881,AUG25,0,20,1989,i
5303087,"Abou El Kateh, Adham",LBN,M,,,,1698,AUG25,0,20,0,i
5329779,"Abou Ghaida, Marc",LBN,M,,,,1560,AUG25,0,40,2014,
5310059,"Abou Jaoude, Elie",LBN,M,,,,1873,AUG25,0,20,1982,i
5321204,"Abou Khzam, Ameer",LBN,M,,,,1461,AUG25,0,40,1999,i
5315271,"Abou Taam, Fatima",LBN,F,,,,1717,AUG25,9,40,2009,w
5317495,"Abou Taam, Mahmoud",LBN,M,,,,1500,AUG25,0,20,1994,
5312809,"Abou Zaher Mohamad, Rayan",LBN,M,,,,1598,AUG25,0,40,2009,i
5301378,"Abou Zahr, Ezzeddine",LBN,M,,"NI,FA",,1809,AUG25,0,20,1986,i
5319900,"Abou Zeid, Georges",LBN,M,,,,1557,AUG25,0,40,1976,i
5319919,"Abou Zeid, Joseph",LBN,M,,,,1432,AUG25,0,40,2007,
5327741,"Aboukhdoud, Ali",LBN,M,,,,1562,AUG25,0,40,2006,
5317363,"Abrahamian, Sevag Apig",LBN,M,,,,1536,AUG25,0,20,1994,i
5323657,"Abtar, Khodor",LBN,M,,,,1500,AUG25,0,40,2006,i
5315980,"Abu Alfa, Imad Al Deen",LBN,M,,,,1726,AUG25,0,20,2001,
5327890,"Abu Hjeili, Karim",LBN,M,,,,1705,AUG25,0,40,2012,
5310164,"Abu Izzeddin, Faisal Jad",LBN,M,,,,1731,AUG25,0,20,1986,i
5317509,"Abu Mujahid, Naji",LBN,M,,,,1621,AUG25,0,20,1973,i
5327539,"Adeimi, Jessica",LBN,F,,,,1579,AUG25,0,40,1991,w
689165,"Adeimi, Michel",LBN,M,CM,,,2160,AUG25,0,20,1994,
5314852,"Ahmad, Fawaz Abdelwahab",LBN,M,,,,1662,AUG25,0,40,1997,
5303745,"Ahmad, Jawad",LBN,M,,,,1763,AUG25,0,20,0,
5318858,"Ahmad, Sarah",LBN,F,,,,1547,AUG25,0,40,2005,wi
5321573,"Ahmed, Abbas",LBN,M,,,,1597,AUG25,0,20,1983,
9201068,"Ajaj, Samih",LBN,M,,,,1843,AUG25,0,20,1971,i
5301874,"Akhrass, Roland",LBN,M,,FI,,1984,AUG25,0,20,1979,i
5305411,"Akl, Jad",LBN,M,,,,1608,AUG25,0,20,1997,i
5324521,"Akl, Jad Eli",LBN,M,,,,AFM,AUG25,1872,0,2011,
5330084,"Al Amine, Mohsen",LBN,M,,,,1436,AUG25,0,40,1992,
5330092,"Al Amine, Nouh",LBN,M,,,,1785,AUG25,0,40,2011,
5309662,"Al Anis, Sirine",LBN,F,,NA,,1442,AUG25,5,20,2006,w
5311454,"Al Anis, Tala",LBN,F,,,,1494,AUG25,6,40,2010,w
5317525,"Al Ashi, Ahmad",LBN,M,,,,1432,AUG25,0,40,2010,i
5319935,"Al Asmar, Remy",LBN,F,WCM,WCM,,1838,AUG25,0,40,2007,w
5307295,"Al Assi, Ahmad",LBN,M,,,,1759,AUG25,0,20,1987,
5321050,"Al Bazzal,Ahmad",LBN,M,,,,1660,AUG25,0,40,1988,i
5323282,"Al Dahab, Khaled",LBN,M,,,,1422,AUG25,0,40,2005,
5303710,"Al Dahabi, Mohamad",LBN,M,,NI,,1812,AUG25,0,20,1985,i
5317185,"Al Fawal, Karim",LBN,M,,,,1751,AUG25,0,20,2001,i
5307430,"Al Ghazzawi, Omar",LBN,M,,,,1770,AUG25,0,20,1995,i
5323886,"Al Hajj, Aser",LBN,M,,,,1555,AUG25,0,40,2014,
5329612,"Al Harakeh, Wassim",LBN,M,,,,1562,AUG25,0,40,2003,
5308844,"Al Hassan, Nawal",LBN,F,,,,1495,AUG25,0,20,2002,wi
5312760,"Al Hayek, Ahmad",LBN,M,,,,1712,AUG25,0,20,1980,
5324343,"Al Jurdi, Ribal",LBN,M,,,,1556,AUG25,0,40,2009,
5315751,"Al Jurdy,Firas",LBN,M,,,,1750,AUG25,0,40,1982,
5302803,"Al Kaoury, Mahdi",LBN,M,CM,,,2061,AUG25,0,20,1993,i
5311330,"Al Kass, Abdallah",LBN,M,,,,1779,AUG25,8,40,2002,
5318866,"Al Kassas, Mohammad",LBN,M,,,,1488,AUG25,0,20,2003,i
5322235,"Al Khoury, Yorgo",LBN,M,,,,1427,AUG25,0,40,2006,
5317541,"Al Masri, Omar",LBN,M,,,,1529,AUG25,0,20,2001,
5315999,"Al Mokdad, Bassem",LBN,M,,,,1560,AUG25,0,20,2004,
5321247,"Al Mousawi, Ali",LBN,M,,,,1664,AUG25,0,40,1965,i
5327130,"Al Moussaoui, Hussein",LBN,M,,,,1622,AUG25,0,40,2004,
5301726,"Al Salman, Mohamad",LBN,M,,,,1963,AUG25,0,20,1992,i
5308062,"Al Samad, Mohamad",LBN,M,,,,1789,AUG25,0,20,1984,i
5327547,"Al Sayyed, Bilal",LBN,M,,,,1499,AUG25,0,40,2010,
5329191,"Al Sheikh, Younes",LBN,M,,,,1598,AUG25,6,40,1998,
5318289,"Al Tal, Ammar",LBN,M,,,,1538,AUG25,0,40,2010,i
5330556,"Al Wazzan, Taha",LBN,M,,,,1610,AUG25,0,40,2001,
5329620,"Al Zarif, Hassan",LBN,M,,,,1841,AUG25,0,40,1990,
5317550,"Al Zarif, Karim",LBN,M,,,,1471,AUG25,0,40,2006,i
5304504,"Alaa Eddine, Hani",LBN,M,,,,1905,AUG25,0,20,1970,i
5330505,"Alaeddine,Ali",LBN,M,,,,1502,AUG25,0,40,1968,
5328519,"Alahmad, Ahmad Adnan",LBN,M,,,,1646,AUG25,0,40,2003,
5319943,"Alam, Daniel",LBN,M,,,,1499,AUG25,0,40,2006,
5325757,"Alchoueiry, Sami",LBN,M,,,,1595,AUG25,0,40,1991,i
5315590,"Aldakour Al Aridi, Amine Sarjoun",LBN,M,,,,1558,AUG25,0,20,1999,i
5307570,"Ali Khan, Amani",LBN,F,,NA,,ACM,AUG25,1569,0,1993,w
5323665,"Ali, Haidar",LBN,M,,,,1486,AUG25,0,40,2010,i
5315301,"Alkotob, Al Mazen Ehab",LBN,M,,,,1659,AUG25,0,20,2004,i
5308259,"Alkotob, Wassim",LBN,M,,,,1474,AUG25,0,20,1993,i
5311888,"Alloue, Hussein",LBN,M,,,,1753,AUG25,0,20,1995,i
5328853,"Almawla, Amin Sara",LBN,M,,,,1488,AUG25,0,40,2016,
5328861,"Almawla, Amin Souad",LBN,M,,,,1473,AUG25,0,40,2013,
5324548,"Alnemer, Hussein Ali",LBN,M,,,,1413,AUG25,0,40,2010,
5323304,"Alsousy, Ibrahim",LBN,M,,,,1410,AUG25,0,40,1999,i
5330343,"Alwan, Obayda",LBN,M,,,,1528,AUG25,7,40,2008,
5313899,"Amer, Maarouf Walid",LBN,M,,,,1583,AUG25,0,40,1979,i
5320550,"Andraos , Georges",LBN,M,,,,1500,AUG25,0,40,2009,i
5316928,"Anis, Laetitia",LBN,F,,,,1515,AUG25,0,40,2005,wi
5300843,"Antonios, Johnny",LBN,M,CM,,,2181,AUG25,0,20,1981,i
5317193,"Aoun, Alfred",LBN,M,,,,1672,AUG25,0,20,2000,i
5303931,"Aoun, Sohad",LBN,M,,,,1722,AUG25,0,20,1974,i
5324149,"Aoun,Tima",LBN,F,,,,1465,AUG25,0,40,2007,wi
5300770,"Aramali, Ohannes",LBN,M,,"NI,NA",,1795,AUG25,0,20,0,
5309689,"Arkadan, Abed Rahman",LBN,M,,,,1629,AUG25,0,40,2008,i
5309670,"Arkadan, Adam",LBN,M,,,,1645,AUG25,0,40,2011,
5304946,"Arkadan, Adib",LBN,M,CM,,,2315,AUG25,0,20,2006,
5308747,"Arkadan, Asmaa",LBN,F,,,,1459,AUG25,0,40,2008,wi
5309697,"Arkadan, Ibrahim",LBN,M,,,,1661,AUG25,0,20,2003,i
5309700,"Arkadan, Reem",LBN,F,,,,1577,AUG25,0,40,2006,wi
5312655,"Arkadan,Rayan",LBN,F,,,,1577,AUG25,0,40,2009,wi
5307074,"Arnaout, Abdelrahman",LBN,M,,,,1719,AUG25,0,40,2005,i
5307082,"Arnaout, Ziad",LBN,M,,,,1560,AUG25,0,40,2005,i
5302897,"Arnelian, Nanor",LBN,F,,,,1565,AUG25,0,20,2004,w
5306256,"Asaad, Ali",LBN,M,,,,1631,AUG25,0,40,2004,
5327555,"Asaker, Antoine",LBN,M,,,,1602,AUG25,0,40,2003,i
5303117,"Ashkar, Elie",LBN,M,,,,1890,AUG25,0,20,0,
5301432,"Asmar, Elie",LBN,M,,,,2012,AUG25,0,20,0,i
5322251,"Asmar, Nayis",LBN,M,,,,1641,AUG25,0,40,1990,i
5310504,"Assaad, Joe",LBN,M,CM,,,2236,AUG25,0,20,1998,
5324840,"Assad, Ali",LBN,M,,,,1555,AUG25,0,40,2011,
5309875,"Assad, Nabil",LBN,M,,,,1534,AUG25,0,40,2010,i
5300134,"Assaf, Mansour",LBN,M,CM,,,2240,AUG25,0,20,0,i
5306710,"Assoum, Nour",LBN,F,,,,1685,AUG25,0,20,2005,w
5328322,"Assoum, Rania",LBN,F,,,,1493,AUG25,0,40,2011,w
5317592,"Atayan, Antranik",LBN,M,,,,1432,AUG25,0,20,1970,
5318327,"Atayan, Carlo",LBN,M,,,,1485,AUG25,0,40,2014,
5317606,"Atayan, Michel",LBN,M,,,,1638,AUG25,0,40,2012,
5329841,"Attar, Hassan",LBN,M,,,,1625,AUG25,0,40,2001,
5328683,"Attar, Mohammad",LBN,M,,,,1517,AUG25,0,40,2006,
5329868,"Attar, Youssef",LBN,M,,,,1423,AUG25,0,40,2004,
5329876,"Attar, Zein",LBN,M,,,,1432,AUG25,0,40,2002,
5313562,"Attieh, Kate",LBN,F,,,,1759,AUG25,0,40,2012,w
5313570,"Attieh, Skye",LBN,F,WCM,WCM,,1916,AUG25,0,40,2015,w
5301734,"Attieh, Wael",LBN,M,,,,1801,AUG25,0,20,0,i
5300916,"Atwi, Ali",LBN,M,,,,2113,AUG25,0,20,1988,i
5300452,"Atwi, Hassan",LBN,M,,,,1758,AUG25,0,20,0,i
5318335,"Atwi, Hussein Hassan",LBN,M,,,,1446,AUG25,0,20,1975,i
5313830,"Atwy , Mohammad Nour",LBN,M,,,,1728,AUG25,0,20,1995,i
5316430,"Awad, Ghali",LBN,M,,,,1693,AUG25,0,40,2007,i
5318343,"Awada, Jawad",LBN,M,,,,1495,AUG25,0,40,2006,i
5305136,"Ayach, Fadi",LBN,M,,NA,,1789,AUG25,0,20,1977,i
5324572,"Ayache, Ali",LBN,M,,,,1645,AUG25,0,40,2010,
5305233,"Ayoub, Auriane",LBN,F,,,,1518,AUG25,0,40,2011,w
5307155,"Ayoub, Aziz",LBN,M,,,,1513,AUG25,0,20,1972,i
5313163,"Ayoub, Bilal",LBN,M,,,,1577,AUG25,0,20,2000,
5307830,"Ayoub, Haitham",LBN,M,,,,1663,AUG25,0,20,1976,i
5301742,"Ayoub, Maurice",LBN,M,,NA,,1936,AUG25,0,20,0,i
5317304,"Ayoub, Sergio",LBN,M,,,,1489,AUG25,0,40,2004,
5307848,"Ayoub, youssef",LBN,M,,,,1786,AUG25,0,20,1977,i
5324874,"Ayoubi, Mounzer",LBN,M,,,,1585,AUG25,0,40,2005,
5325765,"Ayyash, Hadi",LBN,M,,,,1481,AUG25,0,40,2004,i
5321603,"Baba, Mohamad",LBN,M,,,,1494,AUG25,0,40,2008,i
5315328,"Badaoui,Sandra",LBN,F,,,,1503,AUG25,0,40,1991,w
5325773,"Baddour, Daniel",LBN,M,,,,1465,AUG25,0,40,2004,
5322391,"Bader El Din , Leen",LBN,F,,,,1495,AUG25,7,40,2013,w
5324882,"Bader, Omar Khaled",LBN,M,,,,1557,AUG25,0,40,1999,i
5305217,"Badieh, Mahmoud",LBN,M,,,,1863,AUG25,0,40,2008,
5314224,"Badr, Daniel",LBN,M,,,,1605,AUG25,0,20,1993,
5323312,"Badr, Mario",LBN,M,,,,1670,AUG25,0,40,1970,i
5311942,"Badra, Ahmad",LBN,M,,,,1802,AUG25,0,20,1976,i
5313430,"Baghdadi, Mohamad",LBN,M,,,,1701,AUG25,0,20,2004,i
5314780,"Bakdach, Samer",LBN,M,,,,1738,AUG25,0,20,1984,i
5316448,"Baker, Ibrahim",LBN,M,,,,1685,AUG25,0,20,1985,i
5322278,"Balt, fffffffffffffffffff",LBN,M,,,,1488,AUG25,0,40,1988,i
5300096,"Barakat, Rafic",LBN,M,,,,1861,AUG25,0,20,1962,
5315182,"Baroud, Teymour",LBN,M,,,,1523,AUG25,0,40,2012,
5316022,"Barza, Chris",LBN,M,,,,1789,AUG25,0,20,2002,i
5319676,"Basha, Omar",LBN,M,,,,1684,AUG25,0,40,2005,i
5317045,"Bassal, Ali",LBN,M,,,,1534,AUG25,0,20,1988,i
5302900,"Bassam, Adam",LBN,M,,,,1525,AUG25,0,20,2004,i
5300657,"Bassel, Charaf",LBN,M,,,,2083,AUG25,0,20,1986,i
5310911,"Bassil, Michael",LBN,M,,,,1689,AUG25,0,20,1997,i
5319986,"Bassil, Thomas",LBN,M,,,,1674,AUG25,0,40,2006,i
5320712,"Baydoun , Radwan",LBN,M,,,,1542,AUG25,0,40,2014,i
5317053,"Baydoun, Abel El Rahman",LBN,M,,,,1748,AUG25,0,20,1998,i
5314267,"Baydoun, Rayan",LBN,M,,,,1653,AUG25,0,20,2004,
5305497,"Bazarbashian, Krikor",LBN,M,,,,1689,AUG25,0,20,1996,i
5323690,"Bazzi, Ali Hadi",LBN,M,,,,1445,AUG25,0,40,2007,i
5323703,"Bazzi, Hassan",LBN,M,,,,1506,AUG25,0,40,2004,i
5323908,"Bchara, Anthony",LBN,M,,,,1542,AUG25,0,20,2006,
5323916,"Bchara, Charbel",LBN,M,,,,1783,AUG25,0,40,2009,
5323924,"Bchara, Eugenie",LBN,F,,,,1678,AUG25,0,20,2006,w
5314941,"Bchouty, Mounir Maroun",LBN,M,,,,1786,AUG25,0,20,1999,i
5319439,"Beaini, Peter",LBN,M,,,,1562,AUG25,0,40,1999,i
5311144,"Bechaalany, Fared",LBN,M,,,,1657,AUG25,0,20,1999,i
5311950,"Bechalany, Farid",LBN,M,,,,1747,AUG25,0,20,1970,i
5300479,"Bedrosian, Danielle",LBN,F,,,,1579,AUG25,0,20,0,w
5304474,"Bedrossian, Pascal",LBN,M,,,,1609,AUG25,0,20,2000,i
5300827,"Berbari, Imad",LBN,M,,,,1734,AUG25,0,20,0,
5310067,"Berri, Ibrahim",LBN,M,,,,1613,AUG25,0,20,1995,i
5317614,"Birro, Louay",LBN,M,,,,1491,AUG25,0,20,1999,i
5308720,"Bitar, Joseph",LBN,M,,,,1858,AUG25,0,20,1976,i
5305853,"Bitar, Roland",LBN,M,,,,1685,AUG25,0,20,1985,i
5301467,"Bohlok, Houssam",LBN,M,,,,1894,AUG25,0,20,1986,
5311349,"Bou Alia, Mohamad",LBN,M,,,,1549,AUG25,0,40,1990,i
5322677,"Bou Ghannam, Bahaa",LBN,M,,,,1612,AUG25,0,40,2011,i
5310237,"Bou Ghannam, Mazen",LBN,M,,,,1597,AUG25,0,20,1961,
5323711,"Bou Ghannam, Rani",LBN,M,,,,1570,AUG25,0,40,2003,i
5322286,"Bou Hamdan, Shadi",LBN,M,,,,1534,AUG25,0,40,2007,i
5324378,"Bou Maachar, Nadim Andre",LBN,M,,,,1606,AUG25,0,40,2003,i
5324386,"Bou Maachar, Tarek Andre",LBN,M,,,,1522,AUG25,0,40,1995,i
5318122,"Bou Mjahid, Hadi",LBN,M,,,,1428,AUG25,0,40,2007,i
5318130,"Bou Mjahid, Naji",LBN,M,,,,1486,AUG25,0,20,1975,i
5309492,"Boukhari, Ahmad",LBN,M,,,,1569,AUG25,0,20,1977,
5302749,"Boulos, Carlos",LBN,M,CM,,,2150,AUG25,13,20,2004,
5307945,"Boulos, Robert",LBN,M,,,,1850,AUG25,0,20,1971,i
5324092,"Bourji,Ali Ghaleb",LBN,M,,,,1465,AUG25,0,40,2011,
5327180,"Boustani, Thomas",LBN,M,,,,1452,AUG25,0,40,2011,
5316030,"Boyrazian, Raffi",LBN,M,,,,1455,AUG25,0,40,1987,i
5307597,"Braidy, Mohamad",LBN,M,,NA,,1675,AUG25,0,20,1995,
5300649,"Braydi, Chawki",LBN,M,,NA,,1722,AUG25,0,20,1964,i
5308135,"Briedi,Ali",LBN,M,,,,1523,AUG25,0,20,2004,i
5304571,"Brounsouzian, Hrair",LBN,M,,,,1921,AUG25,0,20,1977,i
5324904,"Bsat, Kinana",LBN,M,,,,1727,AUG25,8,40,2009,
5315808,"Chaaban, Mazen",LBN,M,,,,1650,AUG25,0,20,2000,
5328900,"Chaaban, Mohamad Dib Nidal",LBN,M,,,,1533,AUG25,0,40,2006,
5323720,"Chaalan, Hatem",LBN,M,,,,1582,AUG25,0,40,1974,i
5305861,"Chaaya, Antoine",LBN,M,,,,1624,AUG25,0,20,1968,i
5327059,"Chaaya, Charbel",LBN,M,,,,1449,AUG25,0,40,2011,i
5321123,"Chaaya, Morched",LBN,M,,,,1645,AUG25,0,20,1978,
5330394,"Chadad,Imad",LBN,M,,,,1457,AUG25,0,40,1971,
5327563,"Chaheen, Raed",LBN,M,,,,1496,AUG25,6,40,2009,
5323932,"Chahine, Youssuf",LBN,M,,,,1553,AUG25,0,40,2011,i
5301653,"Chahrour, Ibrahim",LBN,M,IM,,,2091,AUG25,0,20,1997,i
5314950,"Chalhoub, Antoine Edgar",LBN,M,,,,1628,AUG25,0,40,2008,
5314968,"Chalhoub, Antoine Wiliam",LBN,M,,,,1726,AUG25,0,20,2006,
5324610,"Chami, Amir",LBN,M,,,,1623,AUG25,0,40,2013,
5321611,"Chami, Mahmoud",LBN,M,,,,1463,AUG25,0,40,2007,i
5317630,"Chammas, Georgio",LBN,M,,,,1563,AUG25,0,20,2001,i
5313961,"Chamoun , George Oliver",LBN,M,,,,1701,AUG25,0,20,2004,i
5316901,Chamoun Elias,LBN,M,,,,1615,AUG25,0,20,1986,i
5321620,"Chamseddine, Chadi",LBN,M,,,,1415,AUG25,0,40,1999,i
5324920,"Chamseddine, Ibrahim",LBN,M,,,,1609,AUG25,0,40,2005,i
5308690,"Charife, Ahmad",LBN,M,,,,1604,AUG25,0,20,1964,i
5304776,"Chartouni, Marc",LBN,M,,,,1575,AUG25,0,40,2005,i
5306000,"Chartouni, Mario",LBN,M,,,,1521,AUG25,0,20,2002,i
5303303,"Chatila, Abdulkader",LBN,M,,,,1728,AUG25,0,20,1970,i
5304768,"Chatila, Mohamad",LBN,M,,,,1745,AUG25,0,40,1989,i
5309514,"Cheaito, Mohamad",LBN,M,,,,1724,AUG25,0,20,1980,i
5303397,"Chebli, Haytham",LBN,M,,,,1612,AUG25,0,20,0,i
5322006,"Chedid, Anthony",LBN,M,,,,1654,AUG25,0,40,2004,i
5330610,"Chedid, Robin",LBN,M,,,,1453,AUG25,0,40,2004,
5318882,"Chehab, Hussein",LBN,M,,,,1404,AUG25,0,40,1988,
5313732,"Chidiac , Emile Charbel",LBN,M,,,,1638,AUG25,0,20,1997,i
5313724,"Chidiac , Emile Philippe",LBN,M,,,,1627,AUG25,0,20,2001,i
5313929,Chidiac Alexandre,LBN,M,,,,1600,AUG25,0,40,2009,i
5313910,Chidiac Joseph,LBN,M,,,,1681,AUG25,0,40,2007,i
5313180,"Chidiac, Ghady",LBN,M,,,,1764,AUG25,0,20,2001,i
5311993,"Chihade, Ragheb",LBN,M,,,,1534,AUG25,0,20,1975,i
5304466,"Chlela, Karen",LBN,F,,FA,,1550,AUG25,0,20,2001,wi
5303400,"Chokir, Bilal",LBN,M,,,,1722,AUG25,0,20,0,i
5301785,"Chokr, Mohamad",LBN,M,,,,1900,AUG25,0,20,0,i
5318033,"Costantine, Christiano",LBN,M,,,,1485,AUG25,0,40,2007,i
5314275,"Daccache, Elie",LBN,M,,,,1597,AUG25,0,20,2001,i
5322294,"Dagher, Habib",LBN,M,,,,ACM,AUG25,1450,0,1985,
5327210,"Dahabi, Samir",LBN,M,,,,1832,AUG25,0,40,2003,
5326192,"Daher, Walid",LBN,M,,,,1678,AUG25,0,40,1989,i
5305187,"Dalli, Samer",LBN,M,,,,AFM,AUG25,1639,0,2000,i
5320577,"Daou , Kenan",LBN,M,,,,1613,AUG25,0,20,1994,i
5304806,"Daou, Ziad",LBN,M,,,,1793,AUG25,0,20,1972,i
5320003,"Daouk, Wissam",LBN,M,,,,1566,AUG25,0,40,2006,
5316081,"Darweeche , Hussein",LBN,M,,,,1698,AUG25,0,40,2014,
5313082,"Darweeche, Roaa",LBN,F,WCM,WCM,,1669,AUG25,0,20,2006,wi
5324947,"Darwich, Adam",LBN,M,,,,1417,AUG25,0,40,2004,i
5309239,"Darwich,Mohamad",LBN,M,,,,1545,AUG25,0,20,1979,i
5312663,"Darwiche, Mohamad",LBN,M,,,,1891,AUG25,9,40,2014,
5312035,"Dbouk, Mohamad",LBN,M,,,,1562,AUG25,0,40,2000,
5312043,"Debes, Salem",LBN,M,,,,1589,AUG25,0,20,1988,i
5307589,"Debes, Wael Mansour",LBN,M,,,,1602,AUG25,0,20,1996,i
5313872,"Dergham , Fadi Christian",LBN,M,,,,1565,AUG25,0,40,2006,
5324955,"Dernaika, Omar",LBN,M,,,,1445,AUG25,0,40,2011,
5317649,"Dhaini, Ali",LBN,M,,,,1503,AUG25,0,40,2007,i
5300940,"Dia, Ahmad",LBN,M,,,,1665,AUG25,0,20,0,i
5321140,"Dia, Hadi",LBN,M,,,,1612,AUG25,0,40,2006,i
5317657,"Diab, Majd",LBN,M,,,,1610,AUG25,0,40,2007,
5305330,"Diab, Moetassem",LBN,M,,,,1741,AUG25,0,20,1993,i
5310776,"Dib, Danielle",LBN,F,,,,1518,AUG25,0,40,2008,wi
5310784,"Dib, Maria",LBN,F,,,,1544,AUG25,0,40,2008,wi
5314283,"Dirani, Hussien",LBN,M,,,,1479,AUG25,0,20,1988,
5327237,"Dokmak, Rida",LBN,M,,,,1545,AUG25,0,40,2006,
5307465,"Doueihy,Toufic",LBN,M,,NA,,1650,AUG25,0,20,1990,i
5300959,"Edelbi, Amir",LBN,M,,,,1680,AUG25,0,40,0,i
5303133,"Edelby, Ahmad",LBN,M,,,,1573,AUG25,0,20,1968,
5326443,"Eid, Christopher",LBN,M,,,,1459,AUG25,0,40,2007,
5300118,"Eid, Fadi",LBN,M,IM,FT,,2276,AUG25,0,20,1970,
5310792,"Eid, Floron",LBN,M,,,,1552,AUG25,0,20,1975,
5328373,"Eid, Joe",LBN,M,,,,1517,AUG25,0,40,2011,
5307880,"Eid, Wissam",LBN,M,,,,1690,AUG25,0,20,1995,i
5330424,"Eido, Nawar",LBN,M,,,,1561,AUG25,0,40,1974,
5311160,"El Agha, Hashem",LBN,M,,,,1789,AUG25,0,20,2002,i
5306140,"El Ahmadieh, Raed",LBN,M,,,,1604,AUG25,0,20,1966,
5327970,"El Aly, Issam",LBN,M,,,,1523,AUG25,0,40,2012,
5330149,"El Amine, Abdallah",LBN,M,,,,1507,AUG25,0,40,1994,
5327768,"El Aoji, Karim",LBN,M,,,,1446,AUG25,0,40,2003,
5318955,"El Baba, Mohamad",LBN,M,,,,1546,AUG25,0,40,2008,i
5313090,"El Chaar Abed el Rahman ,Oussama",LBN,M,,,,1533,AUG25,0,40,2011,i
5317665,"El Dada, Samar",LBN,F,,,,1486,AUG25,0,40,2014,w
5309980,"El Dahr, Charbel",LBN,M,,,,1632,AUG25,0,40,2006,i
5309778,"El Habboub, Hicham",LBN,M,,,,1651,AUG25,3,40,2010,
5309557,"El Hachach, Ramy",LBN,M,,,,1486,AUG25,0,20,1992,i
5315832,"El Haddad, Michel",LBN,M,,,,1663,AUG25,0,40,2000,
5309999,"El Hajj, Youssef",LBN,M,,,,1647,AUG25,0,20,1986,i
5314038,"El Harake , Hisham Rafi",LBN,M,,,,1484,AUG25,0,20,2002,i
5323320,"El Hariri, Karim",LBN,M,,,,1638,AUG25,0,40,1999,i
5303150,"El Hayek , Mohamad",LBN,M,,,,1711,AUG25,0,20,0,i
5322030,"El Hindi, Said",LBN,M,,,,1427,AUG25,3,40,1992,
5321298,"El Horr, Bassel",LBN,M,,,,1452,AUG25,0,40,1982,i
5304733,"El Hossari, Machaal",LBN,M,,,,1505,AUG25,0,20,1984,i
5302714,"El Itaoui, Mohammad Merhi",LBN,M,,,,1574,AUG25,0,20,1953,i
5309948,"El Jamal, Adam",LBN,M,,,,1537,AUG25,0,40,2010,i
5316464,"El Jarmaki, Mohammad",LBN,M,,,,1558,AUG25,0,20,1994,i
5300380,"El Jawich, Amro",LBN,M,FM,FT,,2240,AUG25,0,20,1995,i
5323525,"El Jawich, Louay",LBN,M,,,,1574,AUG25,9,40,2016,
5302919,"El Jawich, Mohammad",LBN,M,,,,1732,AUG25,0,20,2006,i
5323533,"El Jawich, Qusay",LBN,M,,,,1438,AUG25,7,40,2016,
5321638,"El Jisr,Omar",LBN,M,,,,1414,AUG25,0,40,2015,i
5300878,"El Jouzou, Houssam",LBN,M,,,,1876,AUG25,0,20,0,i
5308798,"El Jundi, Karim",LBN,M,,,,1575,AUG25,0,40,2006,
5313953,"El Khatib ,Ali .M",LBN,M,,,,1675,AUG25,0,20,2002,
5309093,"El Khechin, Imad",LBN,M,,,,1752,AUG25,0,20,1983,i
5320127,"EL Khoury, Alexander",LBN,M,,,,1747,AUG25,0,40,2013,
5324220,"El Khoury, Antonio",LBN,M,,,,1696,AUG25,0,40,2012,
5311020,"El Khoury, Brayan",LBN,M,,,,1981,AUG25,0,20,1995,
5315360,"El Khoury, Camille Peter",LBN,M,,,,1733,AUG25,0,40,2006,i
5323967,"El Khoury, Charbel",LBN,M,,,,1614,AUG25,0,40,2008,i
5320135,"EL Khoury, Elias",LBN,M,,,,1615,AUG25,0,40,2010,
5324238,"El Khoury, Jean Pierre",LBN,M,,,,1459,AUG25,0,40,2015,
5326982,"El Khoury, Jio",LBN,M,,,,1444,AUG25,0,40,2014,
5323975,"El Khoury, John",LBN,M,,,,1408,AUG25,0,40,2011,i
5310938,"El Khoury, Tarek",LBN,M,,,,1643,AUG25,0,20,2000,i
5322421,"El Khoury,Christopher",LBN,M,,,,1488,AUG25,0,40,2011,
5324181,"El Khoury,Diego",LBN,M,,,,1514,AUG25,0,40,2011,
5316111,"El Koudsi, Ahmad",LBN,M,,,,1478,AUG25,0,40,2014,
5325790,"El Lakkis, Houssam",LBN,M,,,,1722,AUG25,0,40,1991,i
5300401,"EL Mahmoud, AbdulAziz",LBN,M,CM,FT,,1960,AUG25,0,20,1972,
5321646,"El Masri, Ahmad",LBN,M,,,,ACM,AUG25,1609,5,1981,
5315379,"El Mawla, Khalil Issa",LBN,M,,,,1627,AUG25,0,20,2003,i
5311624,"El Melhem, Elias",LBN,M,,,,1567,AUG25,0,20,1971,i
5313520,"El Nawar, Peter",LBN,M,,,,1725,AUG25,0,40,2008,i
5319471,"El Rahi , Adrian",LBN,M,,,,1764,AUG25,0,40,2006,
5329388,"El Ratta, Mohammad Ali",LBN,M,,,,1550,AUG25,0,40,2001,
5324416,"El Sabagh, Reda Maher",LBN,M,,,,1437,AUG25,0,40,2001,i
5302927,"El Saleh, Riham",LBN,F,,,,1728,AUG25,0,20,1998,wi
5324980,"El Tannir, Yasmine",LBN,F,,,,1427,AUG25,0,40,2012,wi
5330840,"El Tayah, Antoine",LBN,M,,,,1528,AUG25,0,40,1997,
5315646,"El Zaart, Yassine",LBN,M,,,,1638,AUG25,0,20,2000,i
5313210,"El Zein, Zayne-Eddine",LBN,M,FM,,,2122,AUG25,0,40,2011,
5322308,"El Zouhairy, Roudy",LBN,M,,,,1489,AUG25,0,40,2010,i
5322316,"Elhage, Joe",LBN,M,,,,1853,AUG25,0,20,2004,
5309565,"Ezzeddine, Mahmoud",LBN,M,,,,1612,AUG25,0,20,1988,i
5329400,"Fadel, Ali",LBN,M,,,,1412,AUG25,6,40,2012,
5319463,"Fadel, Mustapha",LBN,M,,,,1505,AUG25,0,20,1997,
5310261,"Fadel, Youssef",LBN,M,,,,1657,AUG25,0,20,1965,
5327997,"Fadlallah, Jad",LBN,M,,,,1579,AUG25,0,40,2009,
5310946,"Fakhoury, Ali",LBN,M,,,,1599,AUG25,0,20,1998,i
5304270,"Fakhoury, Dory",LBN,M,,,,1669,AUG25,0,20,1995,i
5315972,"Fakhoury, Tarek",LBN,M,,,,1689,AUG25,0,40,1982,i
5325480,"Fakhredeldeen, Mojtaba",LBN,M,,,,1557,AUG25,0,40,2009,i
5330661,"Fakih, Hussein",LBN,M,,,,1418,AUG25,0,40,1996,
5301491,"Fakih, Mohamad",LBN,M,,,,1774,AUG25,0,20,1986,i
5325994,"Fakih,Ali",LBN,M,,,,1497,AUG25,0,40,1989,
5306817,"Fakoua, Khalil",LBN,M,,,,1687,AUG25,0,20,1950,i
5324998,"Fala, Ali",LBN,M,,,,1491,AUG25,0,40,2004,i
5307384,"Faour, Walid",LBN,M,,,,1537,AUG25,0,20,1986,i
5313139,"Farah, Henry",LBN,M,,,,1552,AUG25,0,40,2011,i
5306833,"Farah, Ralph",LBN,M,,,,1723,AUG25,0,20,1950,i
5305250,"Faraj, Daoud",LBN,M,,,,1672,AUG25,0,40,1971,
5321158,"Fares, Ali",LBN,M,,,,1603,AUG25,0,20,1998,
5320453,"Fares, Hussein",LBN,M,,,,1678,AUG25,0,20,2000,i
5317215,"Farfour, Hussein",LBN,M,,NA,,1676,AUG25,0,40,2005,i
5328411,"Farhat, Ali Samer",LBN,M,,,,1542,AUG25,0,40,2014,
5303443,"Farhat, Hady",LBN,M,,,,1728,AUG25,0,20,1999,i
5303788,"Farhat, Jawad",LBN,M,,,,1856,AUG25,0,20,2002,
5305209,"Farhat, Mohamad Ali",LBN,M,,,,1579,AUG25,0,40,2007,i
5325005,"Farhat, Mohamad Ram",LBN,M,,,,1426,AUG25,0,40,2002,i
5302579,"Farhat, Mohamed",LBN,M,,NA,,1869,AUG25,0,20,1982,i
5322057,"Farhat, Nabil",LBN,M,,,,1500,AUG25,0,40,2006,i
5310806,"Farhat, Nour",LBN,M,,,,1422,AUG25,0,40,2006,i
5312574,"Farhat,Abbas Ali",LBN,M,,,,1552,AUG25,0,40,1999,
5316898,"Farra, Marc Anwar",LBN,M,,,,1731,AUG25,0,20,1990,
5319692,"Fatfat, Omar",LBN,M,,,,1622,AUG25,0,20,1998,
5302587,"Fawaz, Kassem",LBN,M,,FA,,1651,AUG25,0,20,0,i
5309743,"Fawaz, Nadia",LBN,F,WCM,WCM,,1970,AUG25,0,40,2010,w
5308879,"Fawaz,Mohamad",LBN,M,,,,2001,AUG25,0,40,2009,
5317088,"Fayad, Steven",LBN,M,,,,1600,AUG25,0,20,2004,
5310296,"Ferzli, Michel Dany",LBN,M,,,,1653,AUG25,0,20,1967,i
5310288,"Ferzli,Michael",LBN,M,,,,1856,AUG25,0,20,2001,
5317096,"Flayhan, Zouhair",LBN,M,,,,1650,AUG25,0,20,1984,
5317223,"Fleyhan, Zouhair",LBN,M,,,,1562,AUG25,0,20,1984,i
5313635,"Fouani, Mohamad",LBN,M,,,,1599,AUG25,0,20,2001,i
5303460,"Fouani, Rida",LBN,M,,,,1813,AUG25,0,20,0,i
5305721,"Francis, Habib",LBN,M,,,,1781,AUG25,0,20,1994,i
5321301,"Francis, Myriam",LBN,F,,,,1410,AUG25,0,40,2001,w
5317428,"Frem, Antonios",LBN,M,,,,1442,AUG25,0,40,2009,i
5317673,"Frem, Christos",LBN,M,,,,1420,AUG25,0,40,2012,i
5307821,"Fugate, David Courtney",LBN,M,,,,1906,AUG25,0,20,1977,i
5319714,"Gabrees, Ahmad",LBN,M,,,,1537,AUG25,0,20,2004,
5323550,"Garabet, Charbel",LBN,M,,,,ACM,AUG25,1605,0,2009,
5328969,"Geagea, Karim",LBN,M,,,,1500,AUG25,0,40,1987,
5306019,"Gebara, Rony",LBN,M,,,,1518,AUG25,0,20,1962,i
5318890,"Ghabris, Ahmad",LBN,M,,,,1421,AUG25,0,40,2008,
5330670,"Ghaida, Ribal",LBN,M,,,,1537,AUG25,0,40,2009,
5313970,"Ghandour ,Wissam Hicham",LBN,M,,,,1641,AUG25,0,20,1990,i
5327598,"Ghandour, Mohamad",LBN,M,,,,1483,AUG25,0,40,1986,i
5329418,"Ghandour, Najib",LBN,M,,,,1475,AUG25,0,40,2013,
5315840,"Ghanem, Ahmad",LBN,M,,,,1754,AUG25,0,20,1997,i
5329949,"Ghanem, Carl",LBN,M,,,,1560,AUG25,0,40,2015,
5315387,"Ghanem, Haitham Yehia",LBN,M,,,,1608,AUG25,0,40,2010,
5321310,"Gharghour, Anthony",LBN,M,,,,1739,AUG25,0,40,2007,i
5325021,"Gharios, Kyle",LBN,M,,,,1408,AUG25,0,40,2012,i
5311179,"Gharissa, Mahmoud",LBN,M,,,,1507,AUG25,0,20,2004,i
5302773,"Ghattas, Elias",LBN,M,,,,1842,AUG25,0,20,0,i
5323754,"Ghazal, Anthony",LBN,M,,,,1410,AUG25,0,40,2010,i
5304512,"Ghazal, Khaled",LBN,M,,,,1657,AUG25,0,20,1970,i
5320941,"Ghezzawi , Souheil",LBN,M,,,,1641,AUG25,0,40,2007,i
5303478,"Ghnatios, Ralph",LBN,M,,FI,,1800,AUG25,0,20,1990,
5311039,"Ghorabi, Adam",LBN,M,,,,1535,AUG25,0,40,2007,
5320461,"Ghoson, Ali",LBN,M,,,,1537,AUG25,0,20,2000,i
5320470,"Ghoson, Sara",LBN,M,,,,1441,AUG25,0,20,2000,i
5328560,"Ghossoub, Anthony",LBN,M,,,,1776,AUG25,0,40,2004,
5323576,"Girard, Sebastien",LBN,M,,,,AIM,AUG25,1714,0,2010,
4136845,"Grishina, Alexandra",LBN,F,WFM,WFM,,2012,AUG25,0,20,1982,wi
5323983,"Gulgulian, Marc",LBN,M,,,,1520,AUG25,0,40,2006,i
5327601,"Habanjar, Mohammad",LBN,M,,,,1510,AUG25,6,40,2015,
5303486,"Habash, Mohamad",LBN,M,,FI,,1847,AUG25,0,20,1992,
5320070,"Hachem, Jean Paul",LBN,M,,,,1623,AUG25,0,40,2007,i
5328764,"Hachem, Marc",LBN,M,,,,1527,AUG25,0,40,2008,
5327610,"Haddad, Charbel-Anthony",LBN,M,,,,1510,AUG25,0,40,2004,
5328977,"Haddad, Cyril",LBN,M,,,,1509,AUG25,0,40,2015,
5314330,"Haddad, Joe",LBN,M,,,,1806,AUG25,0,40,2000,
5316669,"Haddad, Peter",LBN,M,,,,1662,AUG25,0,40,2010,
5330688,"Haddad, Talia",LBN,M,,,,1452,AUG25,0,40,2003,
5321557,"Haddad,Karim",LBN,M,,,,1512,AUG25,0,40,1999,i
5326494,"Hadla, Hadi",LBN,M,,,,1511,AUG25,0,40,2012,
5322324,"Hage, Peter",LBN,M,,,,1440,AUG25,0,40,2003,i
5320798,"Haidar , Bachar",LBN,M,,,,1584,AUG25,0,20,1989,
5323762,"Haidar, Bahaa",LBN,M,,,,1681,AUG25,0,40,2003,i
5318386,"Haidar, Hadi",LBN,M,,,,1516,AUG25,0,40,2008,i
5303958,"Haidar, Wassim",LBN,M,,,,1795,AUG25,0,20,1986,
5319757,"Haidoura, Yara",LBN,F,,,,1448,AUG25,0,40,2010,w
5323568,"Hajjar, Joe",LBN,M,,,,1455,AUG25,0,40,2009,i
5302790,"Hakim, Botrous",LBN,M,,,,1667,AUG25,0,20,0,i
5325803,"Hakim, Mohamad",LBN,M,,,,1414,AUG25,0,40,1996,i
5314720,"Halima, Misbah",LBN,M,,,,1507,AUG25,0,40,1999,i
5305349,"Hamad, Chadi Syr",LBN,M,,,,1686,AUG25,0,20,1960,i
5317690,"Hamad, Ismael",LBN,M,,,,1737,AUG25,0,20,2005,
5302315,"Hamad, Mohammad",LBN,M,,FA,,1870,AUG25,0,20,0,i
5317100,"Hamadeh, Karim",LBN,M,,,,1566,AUG25,0,20,2000,i
5312671,"Hamadeh, Sally",LBN,F,,,,1599,AUG25,0,40,2011,w
5303621,"Hamawi, Karim",LBN,M,,,,1856,AUG25,0,20,1998,i
5320631,"Hamdan , Hasan",LBN,M,,,,1503,AUG25,0,40,2012,i
5309379,"Hamdar, Nawar",LBN,M,,,,1530,AUG25,0,20,2003,
5310326,"Hamdar, Sabine",LBN,M,,,,1458,AUG25,0,40,2007,
5303818,"Hamdoun, Jad",LBN,M,,,,1515,AUG25,0,20,2003,i
5306310,"Hamdoun, Karim",LBN,M,,,,1515,AUG25,0,40,2009,i
5303826,"Hamdoun, Rayan",LBN,M,,,,1428,AUG25,0,40,2005,i
5306329,"Hamieh, Hassan",LBN,M,,,,1677,AUG25,0,20,1994,i
5323355,"Hamiyeh, Hassan",LBN,M,,,,1625,AUG25,0,40,1994,i
5314356,"Hammoud, Amro",LBN,M,,,,1514,AUG25,0,40,2011,
5314364,"Hammoud, Khaled",LBN,M,,,,1586,AUG25,0,20,2004,i
5301009,"Hammoud, Nadim",LBN,M,,,,1909,AUG25,0,20,1991,
5314380,"Hammoud, Wael",LBN,M,,,,1593,AUG25,0,20,2001,i
5316979,"Hammoudi, Adam",LBN,M,,,,1588,AUG25,0,20,2006,
5302277,"Hammoudi, Murjan",LBN,M,,,,1870,AUG25,0,20,0,i
5312108,"Hamoud, Wael",LBN,M,,,,1542,AUG25,0,20,2001,i
5309387,"Hamoushi, Mohamad Ali",LBN,M,,,,1739,AUG25,0,20,1995,
5322871,"Hamza, Ali",LBN,M,,,,1638,AUG25,0,40,1999,
5328772,"Hamze, Adam",LBN,M,,,,1423,AUG25,0,40,2013,
5325048,"Hankir, Adam",LBN,M,,,,1423,AUG25,0,40,2014,
5303494,"Hanna, Elie",LBN,M,,,,1829,AUG25,0,20,0,
5320496,"Hanna, Kevin Claude",LBN,M,,,,1582,AUG25,0,40,2005,
5330440,"Harajli, Haidar",LBN,M,,,,1441,AUG25,0,40,2000,
5326613,"Harakeh, Jihad",LBN,M,,,,1484,AUG25,0,20,1991,
5309573,"Harakeh, Jihad",LBN,M,,,,1620,AUG25,0,20,1980,i
5310512,"Harb, Jad Jihad",LBN,M,,,,1756,AUG25,0,20,1999,i
5303834,"Harb, Mohamad",LBN,M,,,,1617,AUG25,0,40,0,i
5317118,"Harika, Marc",LBN,M,,,,1548,AUG25,0,20,2001,i
5322073,"Harika, Rodolph",LBN,M,,,,1464,AUG25,0,40,2007,
5309786,"Hariri, Ahmad",LBN,M,,,,1489,AUG25,0,40,2007,i
5317703,"Hariri, Ahmad Ibrahim",LBN,M,,,,1435,AUG25,0,40,2006,i
5309310,"Hariri, Hadi Moustafa",LBN,M,,,,1880,AUG25,0,20,1988,
5309883,"Hariri, Kareem",LBN,M,,,,1541,AUG25,0,40,2009,i
5302323,"Hariri, Nizar",LBN,M,,,,1968,AUG25,0,20,0,i
5309301,"Hariri-Awada, Chadi",LBN,M,,,,1701,AUG25,0,20,1981,i
5314771,"Harmoush, Tarek",LBN,M,,,,1586,AUG25,0,20,1971,
5315174,Hasan Jad,LBN,M,,,,AFM,AUG25,1597,0,2006,
5326540,"Hassabo, Christopher",LBN,M,,,,1488,AUG25,0,40,2007,
5326214,"Hassan, Rami Nazih",LBN,M,,,,1424,AUG25,0,40,2006,i
5324769,"Hassaniyeh, Roudy",LBN,M,,,,1518,AUG25,0,40,2005,i
5316880,hassoun mohamad,LBN,M,,,,1521,AUG25,0,40,2007,
5326621,"Havati, Gabriel Setrag",LBN,M,,,,1669,AUG25,0,40,2008,i
5321328,"Hawa, Ziad",LBN,M,,,,1662,AUG25,0,40,1998,i
5325064,"Hawshar, Mohamad",LBN,M,,,,1494,AUG25,0,40,2008,
5314437,"Haydari, Ali",LBN,M,,,,1552,AUG25,0,20,1994,i
5323789,"Hayek, Ali",LBN,M,,,,1518,AUG25,0,40,2009,i
5314984,"Hayek, Antoine",LBN,M,,,,1420,AUG25,0,20,1957,i
5318408,"Hayek, Toufic",LBN,M,,,,1462,AUG25,0,20,1997,i
5325650,"Hazimeh, Ahmad Ali",LBN,M,,,,1906,AUG25,0,20,2006,
5328012,"Hbayter, Georgios",LBN,M,,,,1582,AUG25,8,40,2009,
5321662,"Heleiwa, Sacha",LBN,M,,,,1426,AUG25,0,40,2010,
5316189,"Helou, Jad Bechara",LBN,M,,,,1639,AUG25,0,20,1991,i
5304598,"Hijazi, Asma",LBN,F,,,,1575,AUG25,0,20,1970,wi
5326150,"Hijazi, Hadi",LBN,M,,,,1580,AUG25,0,40,2009,
5316197,"Hijazi, Kassem Rabih",LBN,M,,,,1573,AUG25,8,40,2009,
5303338,"Hijazi, Mohammed M",LBN,M,,,,1774,AUG25,0,20,1972,i
5321670,"Hmaid, Nemer",LBN,M,,,,1524,AUG25,0,40,1998,i
5319773,"Hoblos, Abdul Rahim",LBN,M,,,,1505,AUG25,0,40,2007,
5306094,"Houjeyri, Sami",LBN,M,,,,1807,AUG25,0,20,1986,i
5327792,"Houmani, Ali",LBN,M,,,,1506,AUG25,0,40,2004,
5300410,"Houmsi, Ghassan",LBN,M,,,,1902,AUG25,0,20,1970,i
5309115,"Housseiny, Ali",LBN,M,,,,1597,AUG25,0,20,2000,
5305560,"Hovagumian, Ara",LBN,M,,,,1633,AUG25,0,20,1970,i
5320500,"Hreiche, Hasan",LBN,M,,,,1452,AUG25,0,40,2000,
5302242,"Hussein, Mohamad Ali",LBN,M,,,,1588,AUG25,0,20,1987,i
5303141,"Iaali, Abdelrahman",LBN,M,,,,1859,AUG25,0,20,1994,
5325510,"Ibrahim, Adonis",LBN,M,,,,1497,AUG25,0,40,2004,i
5312850,"Ibrahim, Issam",LBN,M,,NA,,1746,AUG25,0,20,2003,
5311640,"Ibrahim, Yorgo",LBN,M,,,,1581,AUG25,0,40,2006,i
5325811,"Imad, Roy",LBN,M,,,,1465,AUG25,0,40,2005,i
5311390,"Iskandarian, Edward",LBN,M,,,,1756,AUG25,0,20,2006,
5304113,"Issa, Ahmad",LBN,M,,,,1782,AUG25,0,20,1970,
5313449,"Issa, Ali",LBN,M,,,,1665,AUG25,0,40,2005,i
5315867,"Issa, Charbel",LBN,M,,,,1459,AUG25,0,40,2005,i
5315875,"Issa, Mounir",LBN,M,,,,1648,AUG25,0,20,1966,i
5308437,"Issa, Omar",LBN,M,,,,1527,AUG25,0,40,1996,i
5315409,"Itani, Abed Al Rahman Jana",LBN,M,,,,1505,AUG25,0,20,2003,i
5325080,"Itani, Ahmd Youssef",LBN,M,,,,1620,AUG25,0,40,2006,i
5319005,"Itani, Dany",LBN,M,,,,ACM,AUG25,1405,0,2009,
5321697,"Itani, Mohamad",LBN,M,,,,1433,AUG25,0,40,1976,i
5309140,"Itani, Mohamad",LBN,M,,,,1617,AUG25,0,20,1975,i
5310601,"Itani, Omar",LBN,M,,,,1560,AUG25,0,20,2004,i
5307660,"Jaafar, Ali",LBN,M,,,,1720,AUG25,0,20,1997,i
5323991,"Jaber, Majd",LBN,M,,,,1595,AUG25,0,40,2009,
5317720,"Jaber, Mila",LBN,F,,,,1408,AUG25,0,40,2014,w
5311659,"Jaber, Mohammad Khalil",LBN,M,,,,1607,AUG25,0,20,1998,
5300800,"Jalloul, Maya",LBN,F,WFM,WFM,,1933,AUG25,0,20,1990,wi
5304121,"Janbein, Abdallah",LBN,M,,,,1676,AUG25,0,20,1970,i
5318424,"Janbein, Hassan",LBN,M,,,,1502,AUG25,0,40,1965,i
5304130,"Janbein, Omar",LBN,M,,,,1698,AUG25,0,20,1970,i
5303214,"Janbein, Salah",LBN,M,,,,1672,AUG25,0,20,0,i
5315654,"Jaramani Malaeb, Hilal",LBN,M,,,,1611,AUG25,0,20,1970,i
5315204,"Jarrah, Jad",LBN,M,,,,1511,AUG25,0,40,2003,
5315190,"Jarrah, Taha",LBN,M,,,,1536,AUG25,0,20,2004,
5302137,"Jawhar, Oussama",LBN,M,,IA,,1814,AUG25,0,20,1970,i
5313902,"Jbeily, Elias Joseph",LBN,M,,,,1556,AUG25,0,20,1999,i
5328691,"Jeradeh, Rym",LBN,F,,,,1546,AUG25,0,40,2006,w
5310016,"Jomaa, Yasser",LBN,M,,,,1575,AUG25,0,20,1971,i
5302609,"Jouni, Hassan",LBN,M,,,,1735,AUG25,0,20,1970,
5326648,"Jouni, Mohamad Ali",LBN,M,,,,1429,AUG25,0,40,2011,i
5329000,"Kaafarani, Abbas",LBN,M,,,,1634,AUG25,0,40,2012,
5329035,"Kaafarani, Majd",LBN,M,,,,1461,AUG25,0,40,2015,
5306604,"Kaakati, Wael",LBN,M,,,,1646,AUG25,0,20,1976,i
5319803,"Kaakour, Rami",LBN,M,,,,1584,AUG25,0,20,2004,
5329477,"Kabalan, Ali",LBN,M,,,,1453,AUG25,0,40,2008,
5303630,"Kabalan, Farah",LBN,M,,,,1754,AUG25,0,20,0,i
5302692,"Kabalan, Mohamad",LBN,M,,,,1693,AUG25,0,20,2003,i
5310610,"Kabbara, Ahmad",LBN,M,,,,1732,AUG25,0,20,1945,i
5313597,"kablaoui, Fouad Fahed",LBN,M,,,,1467,AUG25,0,40,2007,i
5329078,"Kadamani, Jawad",LBN,M,,,,1457,AUG25,0,40,1983,
5310440,"Kaddah, Hassan",LBN,M,,,,1558,AUG25,0,20,1997,i
5316227,"Kalfayan, Andre",LBN,M,,,,1473,AUG25,0,20,1968,i
5321077,"Kalfayan,Garo",LBN,M,,NA,,1659,AUG25,0,20,2001,
5310369,"Kalouche, Samuel",LBN,M,,,,1578,AUG25,0,40,2011,i
5303699,"Kaloust, Giorgio",LBN,M,,,,2064,AUG25,0,20,2002,
5307260,"Kaloust, Guy",LBN,M,,,,1567,AUG25,0,40,2008,
5304814,"Kamar, Mohamad",LBN,M,,,,1771,AUG25,0,20,1993,
5317738,"Kamar, Saleh Mohamad",LBN,M,,,,1590,AUG25,0,20,1998,i
5327008,"Kanberian, Jason",LBN,M,,,,1523,AUG25,0,40,2012,
5330378,"Kanjo,Mostafa",LBN,M,,,,1487,AUG25,0,40,1993,
5323371,"Kanso, Nur",LBN,F,,,,1404,AUG25,0,40,2006,wi
5327318,"Karaali, Hadi",LBN,M,,,,1407,AUG25,0,40,1998,
5317444,"Karajian, Serj",LBN,M,,,,1547,AUG25,0,20,1998,i
5317002,"Karam, Carlo",LBN,M,,,,ACM,AUG25,1494,0,2008,
5317746,"Karam, Elie",LBN,M,,,,1402,AUG25,0,40,2012,i
5303877,"Karam, Michel",LBN,M,,,,1986,AUG25,0,20,0,i
5306590,"Karam, Peter",LBN,M,,,,1548,AUG25,0,40,2010,
5315166,"Karam, Raymond",LBN,M,,,,1665,AUG25,0,40,2007,i
5314992,"Karam,Mark",LBN,M,,,,1783,AUG25,0,40,2007,
5310458,"Karim, Jukka Niemela",LBN,M,,,,1615,AUG25,0,20,1985,i
5326656,"Karkoubi, Aisha",LBN,F,,,,1545,AUG25,0,40,2008,wi
5324009,"Karout, Al Horr",LBN,M,,,,1477,AUG25,7,40,2014,
5324017,"Karout, Manessa",LBN,F,,,,1484,AUG25,5,40,2016,w
5307422,"Kashmar, ahmad",LBN,M,,,,1572,AUG25,0,20,1977,
5321700,"Kass, Abdallah",LBN,M,,,,1609,AUG25,0,40,2002,i
5318432,"Kassaa, Karim",LBN,M,,,,1418,AUG25,0,40,2008,
5309085,"Kassar, Bashar",LBN,M,,,,1958,AUG25,0,20,2006,
5307392,"Kassar, Paul",LBN,M,,,,1513,AUG25,0,20,1968,
5305578,"Kassar, Pierre",LBN,M,,,,1446,AUG25,0,20,1968,
5330947,"Kassem, Ahmad",LBN,M,,,,1600,AUG25,9,40,2007,
5300150,"Kassis, Antoine",LBN,M,FM,,,2011,AUG25,0,20,1972,
5304393,"Katerjian, Vladimir",LBN,M,,,,1706,AUG25,0,20,2000,
5311268,"Katibah, Walid",LBN,M,,,,1427,AUG25,0,40,2011,i
10302573,"Kattan, Ghada",LBN,F,,,,1504,AUG25,0,20,1971,wi
5305144,"Kattan, Saeb Maher",LBN,M,,,,1486,AUG25,0,20,1998,i
5310628,"Kaypekian, Ignace",LBN,M,,,,1552,AUG25,0,40,1995,i
5312442,"Kazandjian,Aram",LBN,M,,,,AFM,AUG25,1672,0,1982,
5329086,"Kazzi, Karl Georges",LBN,M,,,,1607,AUG25,0,40,2002,
5316243,"Kchouri, Adam",LBN,M,,,,1434,AUG25,0,40,2005,i
5315000,"Kchouri, Karim",LBN,M,,,,1484,AUG25,0,20,1970,i
5314496,"Kendirjian, Aram",LBN,M,,,,1569,AUG25,0,20,1982,i
5301041,"Kfoury, Jimmy",LBN,M,,,,1675,AUG25,0,40,0,i
5303222,"Kfoury, Raymond",LBN,M,,,,1728,AUG25,0,20,1965,i
5305985,"Khachan, Simon",LBN,M,,,,1761,AUG25,0,20,1967,i
5317762,"Khaddaj, Yamen Ameen",LBN,M,,,,1533,AUG25,0,20,1997,i
5303885,"Khadra, Michael",LBN,M,,,,1804,AUG25,0,20,1979,i
4628250,"Khairallah, Faisal",LBN,M,FM,,,2069,AUG25,0,20,1975,
5302994,"Khairallah, Ralph",LBN,M,,NA,,1891,AUG25,0,20,1998,i
5318440,"Khalaf, Nicolas",LBN,M,,,,1459,AUG25,0,20,1994,i
5303893,"Khalidi, Mohamad",LBN,M,,,,1641,AUG25,0,20,0,
5311063,"Khalifeh, Khodor",LBN,M,,,,1536,AUG25,0,20,1995,i
5313368,"Khalil, Abbass",LBN,M,,,,1632,AUG25,0,20,1997,i
5301831,"Khalil, Adnan",LBN,M,,,,1959,AUG25,0,20,0,i
5323380,"Khalil, Ali",LBN,M,,,,1410,AUG25,0,40,2008,i
5328039,"Khalil, Lorentz Philipe",LBN,M,,,,1431,AUG25,0,40,2010,
5304520,"Khalili, Moustafa",LBN,M,,,,1845,AUG25,0,20,1992,
5303656,"Khallouf, Abdallah",LBN,M,,FI,,1928,AUG25,0,20,1995,
5304350,"Khanjian, Samir",LBN,M,,,,1414,AUG25,0,20,1964,i
5321883,"Khansa, Samir",LBN,M,,,,1536,AUG25,0,40,2002,i
5326060,"Kharrat, Albashir",LBN,M,,,,1447,AUG25,0,40,2009,
5306396,"Khatchadourian, Chris",LBN,M,,,,1608,AUG25,0,20,1988,i
5303974,"Khatib, Mohamad",LBN,M,,,,1675,AUG25,0,20,1970,i
5317797,"Khawli, Nicolas",LBN,M,,,,1587,AUG25,0,40,2005,
5327806,"Khayat, Ryan",LBN,M,,,,1514,AUG25,0,40,2007,
5314526,"Khazaal, Houssam",LBN,M,,,,1662,AUG25,4,20,2001,
5318467,"Khazzaka, Ziad",LBN,M,,NA,,1495,AUG25,0,20,1980,i
5300029,"Khechen, Nabil E",LBN,M,IM,,,1929,AUG25,0,20,1948,i
5318475,"Kheirallah, Abdullah",LBN,M,,,,1469,AUG25,0,20,1999,i
5327342,"Khochkhoch, Walid",LBN,M,,,,1512,AUG25,0,40,2000,
5306914,"Khoder, Akram",LBN,M,FM,,,2244,AUG25,9,20,2005,
5305900,"Khoder, Mazen",LBN,M,,,,1500,AUG25,0,20,1974,i
5308984,"Khodor, Rim",LBN,F,,,,1400,AUG25,0,40,2007,w
5318815,"KHoudor,Hassan",LBN,M,,,,1687,AUG25,0,20,2001,i
5309352,"Khouji, Mohamad",LBN,M,,,,1584,AUG25,0,20,2000,i
5315026,"Khouri, Georges Raed",LBN,M,,,,1471,AUG25,0,40,2007,i
5303230,"Khoury, Elias",LBN,M,,,,1734,AUG25,0,20,1972,i
5328047,"Khoury, Gaby",LBN,M,,,,1417,AUG25,0,40,1982,
5309590,"Khoury, Majd",LBN,M,,,,1606,AUG25,0,20,2001,i
5307635,"khoury, Rabih",LBN,M,,,,1633,AUG25,6,20,1981,
5308739,"Khoury,Pierre",LBN,M,,,,1473,AUG25,0,40,1974,
5325820,"Kibbi, Mohammad",LBN,M,,,,1503,AUG25,0,40,1998,i
5310520,"Kiwan, Shadi",LBN,M,,,,1408,AUG25,0,20,2004,i
5320682,"Kobeissey , Ali-Elasghar",LBN,M,,,,1470,AUG25,0,40,2013,
5320666,"Kobeissey , Daniel",LBN,M,,,,1419,AUG25,0,40,2011,
5320623,"Kobeissey , Jessica",LBN,F,,,,1527,AUG25,6,40,2017,w
5302250,"Kobeissi, Daniel",LBN,M,,,,2023,AUG25,0,20,1993,i
5304652,"Kobrosli, Mohamad",LBN,M,,,,1547,AUG25,0,20,2002,
5310105,"Kordi, Moustafa",LBN,M,,,,1522,AUG25,0,20,1990,i
5316677,"Kourani, Mohammad",LBN,M,,,,1562,AUG25,0,20,2004,i
5316251,"Koussaifi, Marc Firas",LBN,M,,,,1591,AUG25,0,40,2006,i
5310113,"Kreidy, Elias",LBN,M,,,,1608,AUG25,0,20,1997,i
5312965,"Krikorian Garbis, Gaelle",LBN,F,,,,1589,AUG25,0,20,2002,wi
5306027,"Krikorian, Jessy",LBN,F,,,,1509,AUG25,0,20,2002,wi
5319650,"Krisht,Ali",LBN,M,,,,1493,AUG25,0,20,1977,
5304822,"Kurdi, Mustafa",LBN,M,,,,1578,AUG25,0,40,2005,i
5310962,"Labban, Wafic",LBN,M,,,,1560,AUG25,0,20,1995,i
5302960,"Lakhoyan, Hrag",LBN,M,,,,1727,AUG25,0,20,2004,i
5314534,"Lebreton, Cyril",LBN,M,,,,1685,AUG25,0,20,2000,i
5330882,"Lezzeik, Hady",LBN,M,,,,1503,AUG25,0,40,2012,
5307325,"Louak, Milad",LBN,M,,,,1538,AUG25,0,20,1998,
5315042,"Louis, Sarmad Nady",LBN,M,,,,1607,AUG25,0,40,2006,
5310121,"Lteif, Hicham",LBN,M,,,,1619,AUG25,0,20,1973,
5317126,"Maalouf, Charbel",LBN,M,,,,1743,AUG25,0,40,2008,i
5307066,"Maasarani, Karim",LBN,M,,,,1511,AUG25,0,40,2005,i
5300681,"Maasarani, Mahmoud",LBN,M,,"FI,NA",,1955,AUG25,0,20,1968,
5315441,"Mahdi, Ahmad Firas",LBN,M,,,,1515,AUG25,0,20,1975,
5314739,"Mahdi, Issa",LBN,M,,,,1554,AUG25,0,20,2002,i
5325986,"Mahdi,Mahdi",LBN,M,,,,1547,AUG25,0,40,1984,
5303559,"Maita, Khaled",LBN,M,,,,1670,AUG25,0,20,0,i
5317452,"Majd , Rizk",LBN,M,,,,1538,AUG25,0,20,2003,
5307627,"Majied, Amer",LBN,M,,,,1760,AUG25,0,20,1988,i
5325137,"Makhlouta, Georgio",LBN,M,,,,1431,AUG25,0,40,2014,i
5312957,"Makhoulian Bedros,Asso Sako",LBN,M,,,,1629,AUG25,0,20,1992,i
5311071,"Malaeb, Jamal",LBN,M,,,,1584,AUG25,0,20,1984,i
5312868,"Malaeb, Osmat",LBN,M,,,,1744,AUG25,0,40,2006,i
5315689,"Malaeb, Ramzi",LBN,M,,,,1553,AUG25,0,20,1988,i
5306426,"Malaeb, Rawad",LBN,M,,,,1642,AUG25,0,20,1983,i
5321719,"Malah, Mahdi",LBN,M,,,,1490,AUG25,0,40,1970,i
5315450,"Malouk, Mahmoud",LBN,M,,,,1603,AUG25,0,20,1998,i
5301408,"Manhal, Najib",LBN,M,,,,1756,AUG25,0,20,0,i
5312825,"Mansour Youssef ,Habib",LBN,M,,,,ACM,AUG25,1507,0,2007,i
5310636,"Mansour, Halim",LBN,M,,,,1784,AUG25,0,20,1999,i
5314550,"Mansour, Mohammad",LBN,M,,,,1626,AUG25,0,20,2001,i
5325838,"Mansour, Naya",LBN,F,,,,1441,AUG25,0,40,2010,w
5329990,"Mansour, Sam",LBN,M,,,,1526,AUG25,0,40,2013,
5315697,"Mardikian, Antranik Marc",LBN,M,,,,1819,AUG25,0,40,2012,
5315700,"Mardikian, Antranik Mardig",LBN,M,,,,1691,AUG25,0,40,2009,
5318181,"Mardikian, Antranik Maria",LBN,F,,,,1503,AUG25,0,40,2011,w
5313821,"Mardiros , Gabriel Theodoulos",LBN,M,,,,1561,AUG25,0,40,2006,i
5319641,"Maroun,Andrew",LBN,M,,,,1614,AUG25,0,20,2002,i
5318904,"Masri, Ali Rida",LBN,M,,,,1596,AUG25,9,40,2011,
5320151,"Masri, Hasanein",LBN,M,,,,1674,AUG25,0,40,1992,
5319048,"Masri, Mohamad",LBN,M,,,,1692,AUG25,8,40,2012,
5321735,"Massoud, Jad",LBN,M,,,,1538,AUG25,0,40,2006,i
5301572,"Matta, Dany",LBN,M,,,,1722,AUG25,0,20,1975,
5321069,"Matta,Etienne",LBN,M,,,,1646,AUG25,0,40,2003,
5317860,"Mattar, Amer Menem",LBN,M,,,,1544,AUG25,0,20,2000,i
5321387,"Mattar, Mia",LBN,M,,,,1464,AUG25,0,40,2007,i
5315905,"Mawad, Pierre",LBN,M,,,,1555,AUG25,0,40,1994,
5328462,"Mazbouh, Bassam",LBN,M,,,,1471,AUG25,0,40,1969,
5306434,"Mazbouh, Thaer",LBN,M,,,,1525,AUG25,0,20,1962,
5307333,"Medawar, Jad",LBN,M,,,,1725,AUG25,0,20,1982,i
5304300,"Megarbane, Julien",LBN,M,,,,1653,AUG25,0,40,1998,i
5317134,"Merheb, Georgio",LBN,M,,,,1549,AUG25,0,40,2008,i
5325145,"Mhamad, Metlej",LBN,M,,,,1497,AUG25,0,40,2003,i
5316871,Mhanna Jean,LBN,M,,,,1679,AUG25,0,40,2013,
5301084,"Mikati, Hani",LBN,M,,,,1782,AUG25,0,20,1962,i
5302374,"Mikati, Mohammad",LBN,M,,,,1919,AUG25,0,20,0,i
5303249,"Milan, Sami",LBN,M,,,,1536,AUG25,0,20,0,i
5310393,"Moadad, Rayan",LBN,M,,,,1647,AUG25,0,20,1996,i
5327369,"Moarbes, Charbel",LBN,M,,,,1703,AUG25,0,40,2005,
5313996,"Moghnieh, Baker Mohamad",LBN,M,,,,1590,AUG25,0,20,1990,
5324033,"Moghnieh, Hassan",LBN,M,,,,1656,AUG25,0,40,1992,i
5307376,"Moghnieh, Hussein",LBN,M,,,,AIM,AUG25,1674,0,1982,
5318920,"Moghnieh, Hussein Khalil",LBN,M,,,,1411,AUG25,0,40,1987,i
5314747,"Moghnieh, Mohamad",LBN,M,,,,1521,AUG25,0,20,1990,
5321395,"Mohamad Al Habib, Ghazal",LBN,M,,,,1550,AUG25,0,40,2006,i
5309050,"Mohsen, Jawad",LBN,M,,,,1468,AUG25,0,40,2001,
5317878,"Mokdad, Mohamad",LBN,M,,,,1678,AUG25,0,20,1993,
5314593,"Monzer, Kamal",LBN,M,,,,1611,AUG25,0,20,1961,i
5317029,"Monzer, Mohamad Jawad",LBN,M,,,,1705,AUG25,0,40,2009,i
5318521,"Mostafa, Alam",LBN,M,,,,1504,AUG25,0,20,1990,i
5317240,"Moteirek, Mohamad Ali",LBN,M,,,,1662,AUG25,0,20,2003,i
5312710,"Mouawad, Anthony",LBN,M,,,,1570,AUG25,7,40,2012,
5317142,"Mouawad, Joseph",LBN,M,,,,1489,AUG25,0,20,1998,i
5315476,"Mouawad,Sergio",LBN,M,,,,1469,AUG25,5,40,2015,
5300630,"Moudallal, Tarek",LBN,M,,,,1803,AUG25,0,20,1978,
5304857,"Moughames, Ronald",LBN,M,,,,1873,AUG25,15,20,1992,
5322340,"Moukarzel, Charbel",LBN,M,,,,1597,AUG25,0,40,2007,i
5318785,"Mounayar, Maroun",LBN,M,,,,1659,AUG25,0,40,1964,
5322103,"Mourad, Mohamad",LBN,M,,,,1555,AUG25,7,20,2004,
5300517,"Mouradian, Knarik",LBN,F,WIM,WIM,,2096,AUG25,0,20,1983,w
5317894,"Moussa, Elias",LBN,M,,,,1441,AUG25,0,20,2000,i
5317908,"Moussa, Georges",LBN,M,,FA,,1589,AUG25,0,40,2005,i
5302633,"Mouwakdie, Mathieu",LBN,M,,,,1672,AUG25,0,20,0,i
5300290,"Mrad, Charif",LBN,M,,,,1767,AUG25,0,20,1970,
5302978,"Mrad, Hamza",LBN,M,,,,1709,AUG25,0,20,2002,i
5321174,"Mrad, Mohamad",LBN,M,,,,1579,AUG25,0,40,2008,i
5326737,"Mrad, Mohamad Ayman",LBN,M,,,,1649,AUG25,0,40,2008,i
5313201,"Mroue, Bachar",LBN,M,,,,1667,AUG25,0,40,2006,i
5317150,"Nabhan, Charbel",LBN,M,,,,1791,AUG25,0,40,2006,i
5325161,"Nabhan, Joe",LBN,M,,,,1419,AUG25,0,40,2010,i
5317312,"Naboulsi, Ziad",LBN,M,,,,1638,AUG25,0,40,1974,i
5300495,"Nader, Elias",LBN,M,,,,2130,AUG25,0,20,0,i
5306442,"Nadi, Samir",LBN,M,,,,1755,AUG25,0,20,1963,i
5326753,"Nady, Rama",LBN,F,,,,1507,AUG25,0,40,2011,w
5321417,"Naim, Jean",LBN,M,,,,1580,AUG25,0,40,1991,i
5315484,"Najem, Jean Pierre",LBN,M,,,,1433,AUG25,0,40,2008,i
5320526,"Najem, Mohamad",LBN,M,,,,1543,AUG25,0,20,2000,i
5313392,"Najiya, Mia",LBN,F,,,,1532,AUG25,0,40,2010,w
5300100,"Najjar, Ahmad",LBN,M,FM,,,2108,AUG25,0,20,1966,
5302811,"Najjar, Ahmad Abedel Karim",LBN,M,,,,1788,AUG25,0,20,0,i
5313112,"Nakib Adham, Rabih",LBN,M,,,,1416,AUG25,0,40,2011,i
5317924,"Nalbandian, Marco",LBN,M,,,,1617,AUG25,0,40,2005,i
5327105,"Nammour, Richard",LBN,M,,,,1440,AUG25,0,40,1988,i
5326222,"Nasr, Jason",LBN,M,,,,1430,AUG25,0,40,2015,
5327830,"Nasr, Yamen",LBN,M,,,,1667,AUG25,0,40,2005,
5317940,"Nasrallah, Sara",LBN,F,,,,1426,AUG25,0,40,1999,wi
5310849,"Nassar, Ibrahim",LBN,M,,,,1683,AUG25,0,20,1951,i
5304261,"Nassar, Marc",LBN,M,,,,2020,AUG25,0,20,1996,
5301343,"Nassar, Marwan",LBN,M,,,,2065,AUG25,0,20,1983,i
5301580,"Nassar, Ziad",LBN,M,,,,1756,AUG25,0,20,0,i
5320720,"Nasser , Ali",LBN,M,,,,1422,AUG25,0,40,2015,
5313317,"Nasser, Hadi",LBN,M,,,,1890,AUG25,0,20,2001,
5303982,"Nasser, Youssef",LBN,M,,,,1670,AUG25,0,20,1993,
5312795,"Nassif Charbel , Elie",LBN,M,,,,1471,AUG25,0,40,2012,
5311403,"Nassif, Mariel",LBN,M,,,,1407,AUG25,0,40,2010,i
5311411,"Nassif, Maroun",LBN,M,,,,1590,AUG25,0,40,2008,i
5330955,"Nassif, Roaa",LBN,F,,,,1559,AUG25,0,40,2015,w
5326230,"Nassour, Roudy",LBN,M,,,,1463,AUG25,0,40,2002,i
5308240,"Nassrallah, Mouslem",LBN,M,,NA,,ACM,AUG25,1691,0,2001,i
5306450,"Nawfal, Raja",LBN,M,,,,1519,AUG25,0,20,1985,i
5310857,"Nejmeh, Hussein",LBN,M,,,,1439,AUG25,0,40,1993,i
14100908,"Nekrasova, Elena",LBN,F,WFM,WFM,,1906,AUG25,0,20,1970,w
5319838,"Neshabeh, Abdallah",LBN,M,,,,1428,AUG25,0,40,2006,i
5330963,"Nour, Toufik",LBN,M,,,,1495,AUG25,0,40,2002,
5328071,"Nouraldeen, Roni",LBN,M,,,,1540,AUG25,0,40,2002,
5330033,"Noureddine, Roni",LBN,M,,,,1778,AUG25,0,40,2002,
5325382,"Nurpetlian, Nayiri",LBN,F,,,,1505,AUG25,0,40,2015,w
5311284,"Obeid, Omar",LBN,M,,,,1717,AUG25,0,20,1999,i
5302269,"Oknayan, Jirair",LBN,M,,,,1983,AUG25,0,20,1991,i
5301599,"Oknayan, Krikor",LBN,M,,,,1654,AUG25,0,20,0,
5301602,"Oknayan, Razmig",LBN,M,,,,1992,AUG25,0,20,1992,i
5327644,"Orabi, Derar",LBN,M,,,,1557,AUG25,0,40,2003,i
5327652,"Orabi, Mohammed",LBN,M,,,,1635,AUG25,0,40,2007,i
5324475,"Ouayday, Oussama",LBN,M,,,,1616,AUG25,0,40,2006,
5324483,"Ouayday, Sara",LBN,F,,,,1415,AUG25,0,40,2008,w
5316324,"Ourabi, Ismail",LBN,M,,,,1595,AUG25,7,20,1992,
5315069,"Ouzer, Hussein",LBN,M,,,,1513,AUG25,0,20,2001,i
5325552,"Qabalan, Ali",LBN,M,,,,1560,AUG25,0,40,2008,i
5317959,"Qudsi, Mohammad",LBN,M,,,,1722,AUG25,8,40,2012,
5302064,"Rabah, Rabih",LBN,M,,,,1861,AUG25,0,20,1973,i
5328489,"Rached, Jeffrey",LBN,M,,,,1499,AUG25,0,40,2003,
5328810,"Rahal, Ali Hassan",LBN,M,,,,1451,AUG25,0,40,1998,
5325927,"Rahhal,Serje",LBN,M,,,,1567,AUG25,0,40,2001,
5314011,"Ramadan , Khaled Ibrahim",LBN,M,,,,1686,AUG25,0,20,2000,i
5314020,"Ramadan , Khaled Mohamad",LBN,M,,,,1587,AUG25,0,40,1990,i
5307341,"Ramadan, Khaled",LBN,M,,,,1551,AUG25,0,20,1995,i
5301122,"Ramadan, Wissam",LBN,M,,,,1644,AUG25,0,20,0,
5301130,"Rammal, Ayman",LBN,M,,,,1730,AUG25,0,20,1985,
5303265,"Rashidi, Rabih",LBN,M,,,,1829,AUG25,0,20,0,i
5305594,"Rechmani, Fouad",LBN,M,,,,1608,AUG25,0,20,1974,i
5315077,"Richa, Antoine",LBN,M,,,,1699,AUG25,0,20,1959,i
5310466,"Rizkalah, Anthony Georges",LBN,M,,,,1644,AUG25,0,20,2001,i
5310474,"Romanos, Jad Antoinne",LBN,M,,,,1677,AUG25,0,20,1981,i
5324688,"Ryan, Maroun",LBN,M,,,,1527,AUG25,0,40,2003,i
5325862,"Saab, Mario",LBN,M,,,,1505,AUG25,0,40,1996,
5313937,"saad , Yara",LBN,F,,,,1534,AUG25,0,40,2006,w
5302170,"Saad, Charbel",LBN,M,,,,1897,AUG25,0,20,0,i
5324696,"Saad, Tarek",LBN,M,,,,1868,AUG25,9,40,2011,
5315948,"Saade, Richard",LBN,M,,,,1725,AUG25,0,40,1997,
5311110,"Saadeddine, Adam",LBN,M,,,,2049,AUG25,9,40,2012,
5302838,"Saadeh, Antoine",LBN,M,,,,1686,AUG25,0,20,1976,i
5310482,"Saadeh, Rami",LBN,M,,,,1574,AUG25,0,20,1986,i
5322359,"Saati, Chadi",LBN,M,,,,1424,AUG25,0,40,1998,i
5311128,"Saba, Georges",LBN,M,,NA,,1736,AUG25,0,20,1998,i
5325188,"Sabbagh, Rida",LBN,M,,,,1435,AUG25,0,40,2001,
5325200,"Saber, Samer",LBN,M,,,,1463,AUG25,0,40,1994,
5307023,"Safi, Michel",LBN,M,,,,1716,AUG25,0,20,1990,
5307716,"Sakka, Bashir",LBN,M,,,,1631,AUG25,0,20,1987,i
5327431,"Sakr, Abdo",LBN,M,,,,1492,AUG25,0,40,1982,i
5300185,"Sakr, Nassim",LBN,M,CM,,,2074,AUG25,0,20,1973,i
5310490,"Sakr, Nassim Boulos",LBN,M,,,,1507,AUG25,0,20,1975,i
5301858,"Sakr, Wissam",LBN,M,,,,1923,AUG25,0,20,0,i
5329124,"Salameh, Baligh Wissam",LBN,M,,,,1562,AUG25,0,40,2012,
5326567,"Salameh, Celio Wissam",LBN,M,,,,1782,AUG25,0,40,2012,
5303990,"Salameh, Rami",LBN,M,,,,1782,AUG25,0,20,1970,i
5307783,"Salameh, Sleiman",LBN,M,,,,1864,AUG25,0,20,1976,i
5302641,"Salameh, Wassim",LBN,M,,,,1803,AUG25,0,20,0,i
5327679,"Saleh, Jihad",LBN,M,,,,1519,AUG25,0,40,2002,
5325234,"Saleh, Karim",LBN,M,,,,1457,AUG25,0,40,1997,
5318190,"Salem, Ralph",LBN,M,,,,1702,AUG25,0,40,2015,
5326249,"Saliba, Marc Samer",LBN,M,,,,1439,AUG25,0,40,2006,
5307350,"Saliba, Nicolas",LBN,M,,"FI,NA",,1863,AUG25,0,20,1985,i
5304369,"Saliba, Sam Andrew",LBN,M,,,,1746,AUG25,0,20,2002,i
5315093,"Saliba, Walid Karl",LBN,M,,,,1459,AUG25,0,40,2005,i
5323843,"Salloukh, Wassim",LBN,M,,,,1426,AUG25,0,40,2011,i
5310644,"Salman, Fatima",LBN,F,,,,1596,AUG25,0,20,2006,w
5326257,"Salman, Jamal",LBN,M,,,,1659,AUG25,0,20,1998,
5328748,"Salman, Karim",LBN,M,,,,1496,AUG25,0,40,2019,
5307511,"Salman, Lana",LBN,F,,,,1441,AUG25,0,40,2009,wi
5307503,"Salman, Samer",LBN,M,,,,1876,AUG25,0,20,2004,i
5324041,"Samaha, Hadi",LBN,M,,,,1494,AUG25,0,40,2009,i
5327440,"Samman, Karim",LBN,M,,,,1608,AUG25,0,40,2000,
5309620,"Saridar, Toufic",LBN,M,,,,1810,AUG25,0,20,1997,i
5319528,"Saroufim, Jason",LBN,M,,,,1481,AUG25,0,40,2000,i
5313490,"Sayde, Sergio",LBN,M,,,,1672,AUG25,0,20,2001,i
5310407,"Sayed Ahmad, Ali Ghadi",LBN,M,,,,1445,AUG25,0,40,2010,
5313627,"Sayegh , Imad Jad",LBN,M,,,,1611,AUG25,0,20,1998,i
5303273,"Sayegh, Elias",LBN,M,,,,1860,AUG25,0,20,0,
5314631,"Sayyah, Jawad",LBN,M,,,,1477,AUG25,0,20,2003,i
5325668,"Seblini, Ali",LBN,M,,,,1461,AUG25,0,40,2001,
5322367,"Seifeddine, Ghazi",LBN,M,,,,1610,AUG25,8,40,2015,
5318548,"Semaan, Abbas",LBN,M,,,,1597,AUG25,0,20,1989,i
5312353,"Semaan, Jamal",LBN,M,,,,1668,AUG25,0,20,1970,i
5320534,"Semaan, Nathalie",LBN,M,,,,1499,AUG25,0,40,2000,i
5321905,"Seropian, Zareh",LBN,M,,,,1445,AUG25,0,40,2010,
5322375,"Sfeir, Anthony",LBN,M,,,,1471,AUG25,0,40,2004,i
5310423,"Shami, Abdelrahman",LBN,M,,,,1425,AUG25,0,40,2007,i
5300444,"Shamieh, Jamal",LBN,M,,FT,,2056,AUG25,0,20,1985,
5300509,"Shamieh, Mahmoud",LBN,M,CM,,,2159,AUG25,0,20,1987,i
5302196,"Shamieh, Sara",LBN,F,WCM,WCM,"FI,FA",1889,AUG25,0,20,1990,wi
5304687,"Shamieh, Sayed",LBN,M,,FI,,1897,AUG25,0,20,1988,i
5328829,"Shamseddine, Hussein",LBN,M,,,,1536,AUG25,0,40,2006,
5314640,"Shamseddine, Jad",LBN,M,,,,1466,AUG25,0,20,1981,
5316618,"Sharafeddine, Jawad",LBN,M,,,,1486,AUG25,0,20,2000,i
5301629,"Sharbel, Marwan",LBN,M,,,,1838,AUG25,0,20,0,
5314658,"Sharif, Nour",LBN,F,,,,1472,AUG25,0,40,1996,w
5310032,"Shbib, Nader",LBN,M,,,,1611,AUG25,0,20,2000,i
5322014,"Shehab, Mohammad",LBN,M,,,,1547,AUG25,0,40,2010,
5300746,"Shihab, Khaled",LBN,M,,,,1919,AUG25,0,20,0,
5315212,"Shmoury, Abdelrahim",LBN,M,,,,1674,AUG25,0,40,2005,
5320739,"Sinno , Abdul Salam",LBN,M,,,,AFM,AUG25,1541,0,1985,
5320771,"Sinno , Hicham",LBN,M,,,,ACM,AUG25,1558,0,2004,
5320747,"Sinno , Mohamad-Osman",LBN,M,,,,1540,AUG25,0,40,2005,i
5307791,"Sinno, Hassan",LBN,M,,,,1723,AUG25,0,20,1987,i
5322120,"Sioufi, Marc",LBN,M,,,,1600,AUG25,0,40,2005,i
5324068,"Sioufi, Oussama",LBN,M,,,,1617,AUG25,0,20,2001,
5321441,"Sires, Fahed",LBN,M,,,,1561,AUG25,0,40,2002,i
5303664,"Slaiby, Youssef",LBN,M,,,,1764,AUG25,0,20,0,i
5325242,"Sleem, Jalal",LBN,M,,,,1584,AUG25,0,40,2003,i
5312370,"Sleiman, Nasr",LBN,M,,,,1767,AUG25,0,20,1970,i
5331129,"Sleiman, Youssef",LBN,M,,,,1530,AUG25,5,40,2013,
5307007,"Slim, Nadim",LBN,M,,,,1820,AUG25,8,20,1988,
5325897,"Soboh,Rakan",LBN,M,,,,1546,AUG25,0,40,2010,i
5300754,"Somoff, Abdo",LBN,M,FM,,,1979,AUG25,0,20,1961,i
5303044,"Somoff, Christina",LBN,F,,,,1467,AUG25,0,40,2006,wi
5320267,"Souaid, Elie",LBN,M,,,,1446,AUG25,0,40,1994,
5312388,"Soued, Khaled",LBN,M,,,,1717,AUG25,0,20,1970,i
5300010,"Sursock, Sameer",LBN,M,FM,,,2037,AUG25,0,20,0,
5321182,"Sweidan, Ali",LBN,M,,,,1431,AUG25,0,40,2002,i
5307236,"Tabaja, Ali",LBN,M,,,,1569,AUG25,0,40,2007,i
5323436,"Taha, Diaa",LBN,M,,,,1429,AUG25,0,40,1970,i
5317169,"Talayeh, Rawad",LBN,M,,,,1546,AUG25,0,20,1989,
5318211,"Tannoury, Bassam",LBN,M,,,,1500,AUG25,0,20,1985,
5318564,"Tannoury, Youssef",LBN,M,,,,1542,AUG25,0,40,2010,i
5316910,Tarabay Hady,LBN,M,,,,1932,AUG25,0,20,2004,
5325889,"Tarabay, Bernard",LBN,M,,,,1469,AUG25,0,40,2005,i
5313147,"Tarchichi, Anthony",LBN,M,,,,1428,AUG25,0,40,2007,i
5318572,"Tarraf, Hassan",LBN,M,,,,1475,AUG25,0,40,1965,
5322146,"Tartoussi, Mahmoud Ghazi",LBN,M,,,,1555,AUG25,0,40,1999,i
5326796,"Tawil, Charbel",LBN,M,,,,1508,AUG25,0,40,2010,i
5301270,"Temraz, Samer",LBN,M,,,,1647,AUG25,0,20,0,
5318220,"Tenbelian, Haig",LBN,M,,,,1512,AUG25,0,20,2006,
5309638,"Thoumi, Antoine",LBN,M,,,,1851,AUG25,0,20,1983,
5309930,"Tohme, Johnny",LBN,M,,,,1445,AUG25,0,20,1998,
5300398,"Tomb, Maroun",LBN,M,CM,,,2177,AUG25,0,20,1984,i
5304709,"Torossian, Hovhannes",LBN,M,,,,1824,AUG25,0,20,1970,i
5319862,"Totonji, Kamal",LBN,M,,,,1629,AUG25,0,20,1995,
5301335,"Toufayli, Adnan",LBN,M,,,,1720,AUG25,0,20,1970,i
5328110,"Touma, Fadi",LBN,M,,,,1548,AUG25,7,40,2005,
5314682,"Tro, Zeittian",LBN,M,,,,1807,AUG25,0,20,2000,i
5321476,"Usta, Abdul Rahman",LBN,M,,,,1419,AUG25,0,40,1981,i
5321484,"Usta, Hasan",LBN,M,,,,1613,AUG25,0,40,2014,
5321492,"Usta, Jamal",LBN,M,,,,1440,AUG25,0,40,2011,
5309077,"Vayanos,George Marwan",LBN,M,,,,2130,AUG25,0,20,2006,
5325269,"Wadih, Michel",LBN,M,,,,1731,AUG25,0,40,2009,
5319250,Wafic Jumaa,LBN,M,,,,1474,AUG25,0,40,2011,i
5301866,"Ward, Serge",LBN,M,,,,1819,AUG25,0,20,0,
5323851,"Wehbe, Roy",LBN,M,,,,1791,AUG25,0,40,2008,
5301297,"Wehbi, Issa",LBN,M,,,,1794,AUG25,0,20,0,
5310652,"Wehbi, Joe",LBN,M,,,,1559,AUG25,0,20,2002,i
5323177,"Wehbi, Roy Sabr",LBN,M,,,,1710,AUG25,0,40,2008,i
5328713,"Yaghi, Hosen Samir",LBN,M,,,,1518,AUG25,0,40,1988,
5311187,"Yaman, Wajeeh",LBN,M,,,,1777,AUG25,0,20,1996,i
5328128,"Yamin, Badaoui",LBN,M,,,,1653,AUG25,0,40,2006,
5328500,"Yamine, Badaoui",LBN,M,,,,1620,AUG25,0,40,2005,
5319153,Yasmine El Hajj Chehade,LBN,F,,,,1488,AUG25,0,40,2014,w
5323606,"Yazbeck, Marcel",LBN,M,,,,1520,AUG25,0,40,2008,
5324785,"Yazbek, Elie",LBN,M,,,,1414,AUG25,0,40,2011,i
5327873,"Yehya, Hussein",LBN,M,,,,1528,AUG25,0,40,1995,
5329167,"Younes, Abdelrahman El Khatib",LBN,M,,,,1492,AUG25,0,40,1955,
5325277,"Younes, El Kaakour",LBN,M,,,,1488,AUG25,0,40,1991,i
5321506,"Younes, Mohamad Hussein",LBN,M,,,,1682,AUG25,0,20,2004,
5304903,"Younes, Ramy",LBN,M,,,,1691,AUG25,0,20,1974,i
5323860,"Younes, Rida",LBN,M,,,,1497,AUG25,0,40,2003,i
5330319,"Younis, Hussein",LBN,M,,,,1761,AUG25,0,40,1972,
5330327,"Younis, Moustafa",LBN,M,,,,1546,AUG25,0,40,1963,
5329744,"Younis, Youssef El Sedeek",LBN,M,,,,1420,AUG25,27,40,2006,
5313694,"Zaarour , Abdullah Rabeeh",LBN,M,,,,1577,AUG25,0,20,1987,
5307368,"Zaidan, Saad El-Din",LBN,M,,,,1539,AUG25,0,20,1969,i
5302200,"Zeidan, Mohammad",LBN,M,,,,1943,AUG25,0,20,0,i
5305080,"Zeidan, Omar",LBN,M,,,,1569,AUG25,0,40,1970,i
5328152,"Zein Eddine, Nour",LBN,F,,,,1492,AUG25,0,40,2000,w
5310660,"Zein Hachem, Kassem",LBN,M,,,,1438,AUG25,0,20,1993,i
5317282,"Zeitjian,Sarkis",LBN,M,,,,1597,AUG25,8,40,2017,
5317177,"Zeitouni, Jad",LBN,M,,,,1557,AUG25,0,20,1994,i
5303591,"Zgheib, Georges",LBN,M,,,,1770,AUG25,0,20,0,i
5310148,"Zgheib, Marwan",LBN,M,,,,1733,AUG25,0,20,1967,i
5324793,"Ziade, Tony",LBN,M,,,,1595,AUG25,0,40,2004,i
5301459,"Zoghbi, Jean Paul",LBN,M,,,,1720,AUG25,0,20,1968,
5315530,"Zrour, Hanna",LBN,M,,,,1626,AUG25,0,20,1987,
5316740,"Zrour, Nabil Badoui",LBN,M,,,,1544,AUG25,0,40,1984,