[
  {
    "ID Number": "10400222",
    "Name": "Karelina, Polina",
    "Fed": "BAH",
    "Sex": "F",
    "Title": "WFM",
    "WTit": "WFM",
    "OTit": "",
    "FOA": "1882",
    "Rating": "AUG25",
    "Gms": "0",
    "K": "20",
    "B-day": "2001",
    "Flag": "wi"
  },
  {
    "ID Number": "10401202",
    "Name": "Pride, Avian",
    "Fed": "BAH",
    "Sex": "M",
    "Title": "",
    "WTit": "",
    "OTit": "",
    "FOA": "1669",
    "Rating": "AUG25",
    "Gms": "0",
    "K": "40",
    "B-day": "2007",
    "Flag": "i"
  },
  {
    "ID Number": "10401601",
    "Name": "Pride, Chika",
    "Fed": "BAH",
    "Sex": "F",
    "Title": "WCM",
    "WTit": "WCM",
    "OTit": "",
    "FOA": "1490",
    "Rating": "AUG25",
    "Gms": "0",
    "K": "40",
    "B-day": "2010",
    "Flag": "wi"
  },
  {
    "ID Number": "10400494",
    "Name": "Thomas, Nelissa",
    "Fed": "BAH",
    "Sex": "F",
    "Title": "WCM",
    "WTit": "WCM",
    "OTit": "",
    "FOA": "1665",
    "Rating": "AUG25",
    "Gms": "0",
    "K": "20",
    "B-day": "1997",
    "Flag": "w"
  }
]