[
  {
    "ID Number": "11900652"
  },
  {
    "ID Number": "11900261"
  },
  {
    "ID Number": "11900598"
  },
  {
    "ID Number": "11901233"
  },
  {
    "ID Number": "11900601"
  },
  {
    "ID Number": "11900687"
  },
  {
    "ID Number": "361096937"
  },
  {
    "ID Number": "11901284"
  },
  {
    "ID Number": "11900571"
  },
  {
    "ID Number": "11900792"
  },
  {
    "ID Number": "11900920"
  },
  {
    "ID Number": "11900270"
  },
  {
    "ID Number": "11900628"
  },
  {
    "ID Number": "11900113"
  },
  {
    "ID Number": "11900580"
  },
  {
    "ID Number": "11901225"
  },
  {
    "ID Number": "11900059"
  },
  {
    "ID Number": "11900199"
  },
  {
    "ID Number": "11900547"
  },
  {
    "ID Number": "11900997"
  }
]