[
  {
    "ID Number": "11900652",
    "Name": "Bernard, Joel",
    "Fed": "HAI",
    "Sex": "M",
    "Title": "",
    "WTit": "DI",
    "OTit": "",
    "FOA": "1430",
    "Rating": "AUG25",
    "Gms": "0",
    "K": "20",
    "B-day": "1975",
    "Flag": "i"
  },
  {
    "ID Number": "11900261",
    "Name": "Brice, Guerdy",
    "Fed": "HAI",
    "Sex": "M",
    "Title": "",
    "WTit": "",
    "OTit": "",
    "FOA": "1981",
    "Rating": "AUG25",
    "Gms": "0",
    "K": "20",
    "B-day": "1983",
    "Flag": "i"
  },
  {
    "ID Number": "11900598",
    "Name": "Britus, Samuel Gabius",
    "Fed": "HAI",
    "Sex": "M",
    "Title": "",
    "WTit": "",
    "OTit": "",
    "FOA": "1930",
    "Rating": "AUG25",
    "Gms": "0",
    "K": "20",
    "B-day": "1992",
    "Flag": "i"
  },
  {
    "ID Number": "11901233",
    "Name": "Charleus, Jacklin",
    "Fed": "HAI",
    "Sex": "M",
    "Title": "",
    "WTit": "DI",
    "OTit": "",
    "FOA": "1810",
    "Rating": "AUG25",
    "Gms": "0",
    "K": "20",
    "B-day": "1984",
    "Flag": "i"
  },
  {
    "ID Number": "11900601",
    "Name": "Chatelain, Philippe Victor",
    "Fed": "HAI",
    "Sex": "M",
    "Title": "",
    "WTit": "",
    "OTit": "",
    "FOA": "1561",
    "Rating": "AUG25",
    "Gms": "0",
    "K": "20",
    "B-day": "1970",
    "Flag": "i"
  },
  {
    "ID Number": "11900687",
    "Name": "Docteur, Jean Peterson",
    "Fed": "HAI",
    "Sex": "M",
    "Title": "",
    "WTit": "",
    "OTit": "",
    "FOA": "1878",
    "Rating": "AUG25",
    "Gms": "0",
    "K": "20",
    "B-day": "1989",
    "Flag": "i"
  },
  {
    "ID Number": "361096937",
    "Name": "Etienne, Angelo",
    "Fed": "HAI",
    "Sex": "M",
    "Title": "FM",
    "WTit": "SI",
    "OTit": "",
    "FOA": "2131",
    "Rating": "AUG25",
    "Gms": "0",
    "K": "20",
    "B-day": "2002",
    "Flag": "i"
  },
  {
    "ID Number": "11901284",
    "Name": "Gabriel, Davidson",
    "Fed": "HAI",
    "Sex": "M",
    "Title": "CM",
    "WTit": "",
    "OTit": "",
    "FOA": "2003",
    "Rating": "AUG25",
    "Gms": "0",
    "K": "20",
    "B-day": "1999",
    "Flag": "i"
  },
  {
    "ID Number": "11900571",
    "Name": "Germinal, Kemly",
    "Fed": "HAI",
    "Sex": "M",
    "Title": "CM",
    "WTit": "",
    "OTit": "",
    "FOA": "1950",
    "Rating": "AUG25",
    "Gms": "0",
    "K": "20",
    "B-day": "1993",
    "Flag": "i"
  },
  {
    "ID Number": "11900792",
    "Name": "Guillaume, Jude Mirvens",
    "Fed": "HAI",
    "Sex": "M",
    "Title": "CM",
    "WTit": "",
    "OTit": "",
    "FOA": "1918",
    "Rating": "AUG25",
    "Gms": "0",
    "K": "20",
    "B-day": "1988",
    "Flag": "i"
  },
  {
    "ID Number": "11900920",
    "Name": "Jean Francois, Valencia",
    "Fed": "HAI",
    "Sex": "F",
    "Title": "",
    "WTit": "",
    "OTit": "",
    "FOA": "1644",
    "Rating": "AUG25",
    "Gms": "0",
    "K": "40",
    "B-day": "2007",
    "Flag": "wi"
  },
  {
    "ID Number": "11900270",
    "Name": "Jean Louis, Marckens",
    "Fed": "HAI",
    "Sex": "M",
    "Title": "FM",
    "WTit": "",
    "OTit": "",
    "FOA": "2030",
    "Rating": "AUG25",
    "Gms": "0",
    "K": "20",
    "B-day": "1997",
    "Flag": "i"
  },
  {
    "ID Number": "11900628",
    "Name": "Lamour, Pouplard",
    "Fed": "HAI",
    "Sex": "M",
    "Title": "",
    "WTit": "",
    "OTit": "",
    "FOA": "1905",
    "Rating": "AUG25",
    "Gms": "0",
    "K": "20",
    "B-day": "0",
    "Flag": "i"
  },
  {
    "ID Number": "11900113",
    "Name": "Luxama, Jacques Muller",
    "Fed": "HAI",
    "Sex": "M",
    "Title": "CM",
    "WTit": "NA",
    "OTit": "",
    "FOA": "1959",
    "Rating": "AUG25",
    "Gms": "0",
    "K": "20",
    "B-day": "1984",
    "Flag": "i"
  },
  {
    "ID Number": "11900580",
    "Name": "Paul, Joason",
    "Fed": "HAI",
    "Sex": "M",
    "Title": "",
    "WTit": "",
    "OTit": "",
    "FOA": "1839",
    "Rating": "AUG25",
    "Gms": "0",
    "K": "20",
    "B-day": "1995",
    "Flag": "i"
  },
  {
    "ID Number": "11901225",
    "Name": "Plaisival, Emmanuel",
    "Fed": "HAI",
    "Sex": "M",
    "Title": "",
    "WTit": "",
    "OTit": "",
    "FOA": "1764",
    "Rating": "AUG25",
    "Gms": "0",
    "K": "20",
    "B-day": "1991",
    "Flag": "i"
  },
  {
    "ID Number": "11900059",
    "Name": "Sanon, Mondoly",
    "Fed": "HAI",
    "Sex": "M",
    "Title": "CM",
    "WTit": "",
    "OTit": "",
    "FOA": "2037",
    "Rating": "AUG25",
    "Gms": "0",
    "K": "20",
    "B-day": "0",
    "Flag": "i"
  },
  {
    "ID Number": "11900199",
    "Name": "Seide, Henri",
    "Fed": "HAI",
    "Sex": "M",
    "Title": "",
    "WTit": "NI",
    "OTit": "",
    "FOA": "1851",
    "Rating": "AUG25",
    "Gms": "0",
    "K": "20",
    "B-day": "0",
    "Flag": "i"
  },
  {
    "ID Number": "11900547",
    "Name": "Seine, Rose Berline",
    "Fed": "HAI",
    "Sex": "F",
    "Title": "WCM",
    "WTit": "WCM",
    "OTit": "",
    "FOA": "1786",
    "Rating": "AUG25",
    "Gms": "0",
    "K": "20",
    "B-day": "2004",
    "Flag": "wi"
  },
  {
    "ID Number": "11900997",
    "Name": "Senatus, Roben",
    "Fed": "HAI",
    "Sex": "M",
    "Title": "",
    "WTit": "",
    "OTit": "",
    "FOA": "1847",
    "Rating": "AUG25",
    "Gms": "0",
    "K": "20",
    "B-day": "1988",
    "Flag": "i"
  }
]