ID Number,Name,Fed,Sex,Title,WTit,OTit,Rating,Gms,K,RatingMonth,B-day,Flag
6520839,"Abarca Calderon, Jose Fabian",CRC,M,,,,1622,0,20,SEP25,2002,
6509380,"Abarca Matarrita, Juan Pablo",CRC,M,,,,1668,0,20,SEP25,2004,
6533981,"Abarca Piedra, Oscar David",CRC,M,,,,1610,0,20,SEP25,2001,i
6534554,"Abarca Tijerino, Jorge Alberto",CRC,M,,,,1635,0,20,SEP25,1988,
6507433,"Abarca Webb, Pedro Andres",CRC,M,,,,1705,0,20,SEP25,1998,i
6504434,"Acevedo Mendez, Conny",CRC,F,,,,1536,0,20,SEP25,1996,wi
6504442,"Acevedo Mendez, Jennifer",CRC,F,WFM,WFM,NA,1787,0,20,SEP25,1999,w
6504450,"Acevedo Mendez, Oscar",CRC,M,,,,1784,0,20,SEP25,1994,i
6504469,"Acuna Arias, Minor",CRC,M,,,,1622,0,20,SEP25,1967,
6510884,"Acuna Carrillo, Ricardo",CRC,M,,,,1801,0,20,SEP25,1967,i
6513824,"Acuna Nunez, Ignacio",CRC,M,,,,1884,0,40,SEP25,2008,
6511856,"Adanis Mora, Naomy",CRC,F,,,,1485,0,20,SEP25,2004,wi
6550096,"Aguero Espinoza, Sebasthian",CRC,M,,NA,,1862,15,20,SEP25,2003,
6518400,"Aguero Monge, Alicia Natalia",CRC,F,,,,1469,0,40,SEP25,2009,w
6501931,"Aguilar Alfaro, Juan Carlos",CRC,M,,,,1938,0,20,SEP25,1990,i
6568750,"Aguilar Arguedas, Manuel Enrique",CRC,M,,,,1563,0,20,SEP25,1996,i
6569862,"Aguilar Brenes, Steven Rolando",CRC,M,,,,1523,0,20,SEP25,2006,
6501923,"Aguilar Delgado, Alberto",CRC,M,,,,1842,0,20,SEP25,1988,i
6503683,"Aguilar Lopez, Jose Manuel",CRC,M,,,,1822,0,20,SEP25,1979,i
6519881,"Aguilar Obando, Tomas",CRC,M,,,,1441,0,20,SEP25,2006,i
6500994,"Aguilar Pina, Luis Gerardo",CRC,M,,,,1885,0,20,SEP25,1962,i
6513212,"Alfaro Alpizar, Carlos",CRC,M,,,,1636,0,20,SEP25,2000,i
6523633,"Alfaro Bolanos, Fabiola",CRC,F,,,,1407,0,20,SEP25,2002,wi
6523730,"Alfaro Bolanos, Josue",CRC,M,,,,1444,0,20,SEP25,2006,i
6501966,"Alfaro Guillen, Jose Raul",CRC,M,,,,1977,0,20,SEP25,1991,
6507441,"Alfaro Leon, Allison",CRC,F,,,,1557,0,20,SEP25,2000,wi
6507450,"Alfaro Leon, Andrey",CRC,M,,,,1773,0,20,SEP25,1998,i
6565166,"Alfaro Letendre, Benjamin",CRC,M,,,,1454,0,40,SEP25,2012,
6500749,"Alfaro Murillo, Carlos Andres",CRC,M,CM,,,2098,0,20,SEP25,1985,
6500013,"Alfaro Rojas, Alfonso Jose",CRC,M,FM,,,2319,7,10,SEP25,1989,
6512712,"Alfaro Salas, Armando Roberto",CRC,M,,,,1671,0,20,SEP25,1975,i
6559786,"Alfaro Salas, Jeison",CRC,M,,,,1428,0,40,SEP25,2011,i
6509312,"Alfaro Williams, Gwyne",CRC,M,,,,1759,0,20,SEP25,1991,i
6533760,"Alpizar Castro, Luis",CRC,M,,,,1593,0,20,SEP25,2003,i
6505775,"Alpizar Gonzalez, Marlon Alberto",CRC,M,,,,1617,0,20,SEP25,1996,
6521070,"Alvarado Acosta, Joshua Ranses",CRC,M,,,,1655,0,20,SEP25,1998,i
6510515,"Alvarado Alvarez, Rafael Angel",CRC,M,,,,1461,0,20,SEP25,1999,i
6513581,"Alvarado Bolanos, Jeremy",CRC,M,,,,1618,0,20,SEP25,2003,i
6504183,"Alvarado Castro, Francisco",CRC,M,,,,1680,0,20,SEP25,1997,i
6504191,"Alvarado Castro, Jeaustin",CRC,M,,,,1764,0,20,SEP25,1999,i
6553761,"Alvarado Guzman, Alberto",CRC,M,,,,1551,0,20,SEP25,1981,
6507476,"Alvarado Jimenez, Cesar",CRC,M,,,,1779,0,20,SEP25,1984,i
6515320,"Alvarado Jimenez, Diego",CRC,M,,,,1706,0,20,SEP25,1986,i
6515339,"Alvarado Jimenez, Jorge",CRC,M,,,,1833,0,20,SEP25,1983,i
6555322,"Alvarado Machado, Bryan Alberto",CRC,M,,,,1743,8,40,SEP25,2011,
6555071,"Alvarado Machado, E. Daniela",CRC,F,,,,1442,0,40,SEP25,2008,w
6503403,"Alvarado Machado, Verny",CRC,M,,,,2022,0,20,SEP25,1950,i
6523641,"Alvarado Monge, Noelia Patricia",CRC,F,,,,1485,0,20,SEP25,2001,wi
6530214,"Alvarado Rivera, Daniel",CRC,M,,,,1658,0,20,SEP25,1983,i
6508073,"Alvarado Villalobos, Juan Pablo",CRC,M,,,,1679,0,20,SEP25,2000,i
6564356,"Alvarado Wiciak, Ana Luisa",CRC,F,,,,1489,0,40,SEP25,2010,w
6500420,"Alvarado, Dizan Ernesto",CRC,M,,,,1911,0,20,SEP25,1967,i
6513590,"Alvarez Alvarez, Johanel",CRC,M,,NA,,1539,0,20,SEP25,2002,i
6516734,"Alvarez Calderon, Leana Maria",CRC,F,,,,1572,0,20,SEP25,2000,wi
6528015,"Alvarez Carmona, Jostin",CRC,M,,,,1670,0,20,SEP25,1998,i
6559468,"Alvarez Gonzalez, Cristopher",CRC,M,,,,1519,0,40,SEP25,2010,
6500056,"Alvarez Hernandez, David",CRC,M,,,,2048,0,20,SEP25,1987,i
6515517,"Alvarez Lara, Jahanel",CRC,M,,,,1666,0,20,SEP25,1978,i
6504515,"Alvarez Mora, Jorge Mario",CRC,M,,,,AIM,1781,0,SEP25,1994,
6558828,"Alvarez Ramirez, Emanuel",CRC,M,,,,1688,0,40,SEP25,2012,
6512526,"Alvarez Ugalde, Isaac",CRC,M,,,,1513,0,20,SEP25,2006,i
6525377,"Amaya Grant, Yannik Ricardo",CRC,M,,,,1723,0,20,SEP25,1982,i
6502822,"Amaya Madrigal, Alvaro Josue",CRC,M,,,,1859,0,20,SEP25,1981,
6510043,"Anchia Martinez, Raul",CRC,M,,,,1476,0,20,SEP25,2004,i
6554857,"Andrade Jara, Aythana de Dios",CRC,F,,,,1456,0,40,SEP25,2009,w
6533990,"Andreani, Nicolas",CRC,M,,,,1625,0,20,SEP25,2001,i
6501435,"Angulo Cubero, Oscar",CRC,M,,AO,,AGM,2154,0,SEP25,1989,i
6509177,"Angulo Hernandez, Maria Jesus",CRC,F,,,,1697,0,20,SEP25,2004,wi
6544045,"Angulo Perez, Sebastian",CRC,M,CM,,,1965,8,40,SEP25,2014,
6518281,"Angulo Valladares, Kyara Melissa",CRC,F,,,,1419,0,20,SEP25,2006,wi
6516009,"Antony, Jurgen",CRC,M,,,,1936,0,20,SEP25,1985,i
6505783,"Aragon Alvarado, Christopher",CRC,M,,,,1864,0,20,SEP25,1995,i
6502830,"Aragon Masis, Sergio",CRC,M,,,,1783,0,20,SEP25,1980,i
6559476,"Arauz Morales, Victor Ivan",CRC,M,,,,1618,0,40,SEP25,2012,
6502946,"Araya Fuentes, Cristian",CRC,M,,"FI,IA",,1921,0,20,SEP25,1994,
6562698,"Araya Garita, Amanda",CRC,F,,,,1489,0,40,SEP25,2015,w
6509061,"Araya Lopez, Luis",CRC,M,,,,2013,0,20,SEP25,1977,i
6518010,"Araya Mera, Marisa Raquel",CRC,F,,,,1497,0,20,SEP25,2004,w
6526500,"Araya Munoz, Jose Adelicio",CRC,M,,,,1461,0,20,SEP25,2004,i
6510930,"Araya Solano, Edgar",CRC,M,,,,1828,0,20,SEP25,1976,i
6511520,"Araya Tropper, Ariel",CRC,M,,,,1447,0,40,SEP25,2007,i
6500188,"Araya Umana, Carlos",CRC,M,CM,,,1969,0,20,SEP25,1955,i
6509088,"Arce Castro, Danny",CRC,M,,,,1800,0,20,SEP25,1994,i
6508995,"Arce Cubillo, Victor",CRC,M,,,,1768,0,20,SEP25,1993,i
6520340,"Arce Fernandez, Kaylor",CRC,M,,,,1500,0,20,SEP25,2003,i
6526993,"Arce Granados, Ian",CRC,M,,,,1483,0,20,SEP25,2006,
6507948,"Arce Mendez, Elias",CRC,M,,,,1748,0,20,SEP25,1998,i
6503942,"Arce Oviedo, Cesar",CRC,M,,,,1852,0,20,SEP25,1975,i
6562825,"Ardon Porras, Andres",CRC,M,,,,1565,0,20,SEP25,2006,
6517307,"Arevalo Rojas, Andrea",CRC,F,,,,1570,0,20,SEP25,2002,wi
6507301,"Arguedas Bolanos, Sharline",CRC,F,,,,1638,7,20,SEP25,2001,w
6571310,"Arguedas Gomez, Jeferson Antonio",CRC,M,,,,1639,0,20,SEP25,2004,
6508189,"Arguello Acuna, Graciela",CRC,F,,FA,,1582,0,20,SEP25,1995,wi
6530400,"Arguello Alvarado, Gael",CRC,M,,,,1672,0,40,SEP25,2007,
6523536,"Arguello Rivera, Jackson Israel",CRC,M,,,,1678,0,20,SEP25,1994,i
6512577,"Arias Becerra, Michael",CRC,M,,,,1665,0,20,SEP25,1999,i
6555861,"Arias Carmona, Diana",CRC,F,,,,1609,0,40,SEP25,2008,w
6504337,"Arias Fonseca, Martin",CRC,M,,,,1571,0,20,SEP25,1977,
6500269,"Arias Formoso, Rodolfo",CRC,M,,,,1980,0,20,SEP25,1956,
6518893,"Arias Gomez, Luis Alfredo",CRC,M,,,,1606,0,20,SEP25,2003,i
6563260,"Arias Portuguez, Neythan Aaron",CRC,M,,,,1501,0,40,SEP25,2012,
6500366,"Arias Santana, Mauricio",CRC,M,IM,SI,,2313,0,20,SEP25,1977,i
6558100,"Arias Vargas, Marco Vinicio",CRC,M,,,,1674,0,20,SEP25,1993,i
6543421,"Arias Vargas, Roberto",CRC,M,,,,1560,0,20,SEP25,1988,
6510892,"Arias Walker, Alexa Nicole",CRC,F,,,,1645,0,20,SEP25,2005,wi
6502032,"Arostegui Gonzalez, Ricardo",CRC,M,CM,,,1750,0,20,SEP25,1989,
6550800,"Arrieta Lopez, Iker Gorka",CRC,M,,,,1436,0,40,SEP25,2008,
6550649,"Arrieta Lopez, Mikel Gael",CRC,M,,,,1480,0,40,SEP25,2013,
6510507,"Arroyo Alberto, Alejandro Jose",CRC,M,,,,1829,0,20,SEP25,1997,i
6500757,"Arroyo Valverde, Luis Emilio",CRC,M,,,,1977,0,20,SEP25,1964,i
6512631,"Arroyo Vargas, Jose Antonio",CRC,M,,,,1649,0,20,SEP25,1983,i
6520669,"Artavia Elizondo, Gerardo",CRC,M,,,,1564,0,40,SEP25,2007,i
6504574,"Artavia Munoz, Giovanni",CRC,M,,,,1851,0,20,SEP25,1997,i
6523552,"Artavia Padilla, Esteban",CRC,M,,,,1575,0,20,SEP25,1998,i
6566502,"Ascanio Herrera, Sergio Enrique",CRC,M,,,,1631,0,20,SEP25,1980,i
6525148,"Ascanio Monsalve, Natalia Isabel",CRC,F,,,,1546,0,40,SEP25,2010,w
6507492,"Astorga Guevara, Melvin Emilio",CRC,M,,,,1657,0,20,SEP25,1993,i
6512259,"Astua Castillo, Victor",CRC,M,,,,1402,0,20,SEP25,2005,i
6572464,"Astua Soto, Elias",CRC,M,,,,1523,0,40,SEP25,2009,
6503357,"Avendano Porras, Rodrigo",CRC,M,,,,1980,7,20,SEP25,1999,
6518583,"Avila Apu, Jose Pablo",CRC,M,,,,1593,0,20,SEP25,2003,
6570607,"Avila Artavia, Josue",CRC,M,,,,1683,0,20,SEP25,1995,
6554440,"Azofeifa Retana, Cesar Augusto",CRC,M,,,,ACM,1568,0,SEP25,1977,
6572979,"Azuaje Paris, Jose Ignacio",CRC,M,,,,1603,0,40,SEP25,2008,
6525393,"Badilla Calvo, Christopher",CRC,M,,,,1690,0,20,SEP25,2002,
6560075,"Badilla Fallas, Karol",CRC,F,,,,1519,0,20,SEP25,1994,wi
6505597,"Badilla Flores, Luciano",CRC,M,,,,1616,0,20,SEP25,1999,
6501460,"Badilla Hernandez, Johans",CRC,M,,,,1759,0,20,SEP25,1982,i
6513263,"Badilla Moya, Cristian",CRC,M,,,,1470,0,20,SEP25,2006,i
6503420,"Balmaceda Segura, Randall",CRC,M,,,,1656,0,20,SEP25,1962,i
6570194,"Baltodano Mendoza, Matias",CRC,M,,,,1634,0,40,SEP25,2011,
6551092,"Baltodano Zomer, Alegria",CRC,F,,,,1507,0,20,SEP25,1971,w
6550517,"Baquero Graterol, Asiel Andres",CRC,M,,,,1531,0,40,SEP25,2011,
6550657,"Baquero Graterol, Azael Augusto",CRC,M,,,,1413,0,40,SEP25,2014,
6516440,"Barboza Sanabria, Estela",CRC,F,,,,1562,0,20,SEP25,1981,wi
6508200,"Barboza Viquez, Martin Eduardo",CRC,M,CM,,,1896,0,40,SEP25,2007,
6510051,"Barquero Alfaro, Alejandro",CRC,M,,,,1669,0,20,SEP25,2004,i
6506585,"Barquero Cordero, Samantha",CRC,F,,,,1491,0,20,SEP25,1992,wi
6556175,"Barrantes Altamirano, Jose Daniel",CRC,M,,,,1489,0,20,SEP25,2006,i
6523196,"Barrantes Batalla, Gerardo",CRC,M,,,,1664,0,20,SEP25,1988,
6515401,"Barrantes Cartin, Gonzalo",CRC,M,,,,1686,0,20,SEP25,1962,i
6521185,"Barrantes Castro, Gilberto",CRC,M,,,,1536,0,20,SEP25,1984,i
6512089,"Barrantes Chavarria, Marco",CRC,M,,,,1823,0,20,SEP25,1959,i
6569919,"Barrantes Garro, Matias",CRC,M,,,,1504,0,40,SEP25,2015,
6518826,"Barrantes Granados, Ian Daniel",CRC,M,,,,1973,0,40,SEP25,2007,
6520871,"Barrantes Jimenez, Keisy",CRC,F,,,,1492,1,20,SEP25,2006,w
6506798,"Barrantes Najera, Pablo",CRC,M,,,,1941,0,20,SEP25,1954,i
6500358,"Barrios Zamora, Carlos",CRC,M,,"SI,FI,FT,IA",,2041,0,20,SEP25,1976,i
6521088,"Barrueta Suarez, David Manuel",CRC,M,,,,1785,0,20,SEP25,1979,i
6505392,"Baum Gutierrez, Ismael",CRC,M,,,,1580,0,20,SEP25,1991,
6558488,"Bautista Ugalde, Jose Pablo",CRC,M,,,,1545,0,20,SEP25,2000,i
6501478,"Bejarano Sandoval, Allan Armando",CRC,M,,,,1777,0,20,SEP25,1988,
6532403,"Bejarano Tames, Michael Andres",CRC,M,,,,1566,0,40,SEP25,2013,
6549284,"Bejarano Villalobos, Isaac",CRC,M,,,,1662,0,40,SEP25,2011,i
6558160,"Benavides Avila, Saul",CRC,M,,,,1420,0,40,SEP25,2011,
6511406,"Benavides Ordonez, Melany",CRC,F,,,,1499,0,20,SEP25,2004,w
6502075,"Benitez Canales, Roy",CRC,M,,,,1872,0,20,SEP25,1984,i
6552692,"Bermudez Arce, Ximena Sofia",CRC,F,,,,1434,0,40,SEP25,2010,w
6521240,"Bermudez Hernandez, Amanda",CRC,F,,,,1460,0,40,SEP25,2007,w
6500242,"Bermudez Vives, Sergio",CRC,M,FM,,,2126,0,20,SEP25,1971,i
6558682,"Berzosa Madriz, Hector Julian",CRC,M,,,,1554,0,40,SEP25,2016,
6515347,"Blanco Bolanos, Allan Enrique",CRC,M,,,,1881,0,20,SEP25,1990,i
6519482,"Blanco Gonzalez, Justin Jesus",CRC,M,,,,1657,0,20,SEP25,2003,i
6508227,"Blanco Rojas, Benjamin",CRC,M,,,,1922,0,20,SEP25,1997,
6558119,"Blanco Villalobos, Sebastian",CRC,M,,,,1483,0,40,SEP25,2007,i
6504205,"Blando Chacon, Erick",CRC,M,,,,1888,0,20,SEP25,1996,i
6544592,"Bluvol Nadeau, Ayen Claude",CRC,M,,NA,,1737,0,20,SEP25,2003,i
6568661,"Bogantes Hidalgo, Jose Alberto",CRC,M,,,,1651,0,20,SEP25,1993,
6504582,"Bogantes Robleto, Karina",CRC,F,WCM,WCM,FI,1776,0,20,SEP25,1994,w
6501486,"Bolanos Arguello, Alexis",CRC,M,,,,1663,0,20,SEP25,1982,
6537138,"Bolanos Barth, Francisco",CRC,M,,,,1643,0,20,SEP25,1958,
6558224,"Bolanos Chavarria, Kaleb Josue",CRC,M,,,,1505,0,20,SEP25,1999,
6507972,"Bolanos Diaz, Daniel",CRC,M,,,,1679,6,20,SEP25,2002,
6512810,"Bolanos Guerrero, Fabricio",CRC,M,,,,1889,0,20,SEP25,1966,i
6520693,"Bolanos Soto, Heiner",CRC,M,,,,1783,0,20,SEP25,1993,i
6562361,"Bonilla Castillo, Cindy Julieth",CRC,F,,,,1487,0,40,SEP25,2007,w
6506089,"Bonilla Mora, Luis Daniel",CRC,M,,,,1808,0,20,SEP25,1994,i
6508235,"Bonilla Morales, Bryan",CRC,M,,,,1724,0,20,SEP25,2002,i
6506216,"Bonilla Morales, Kevin",CRC,M,,,,1786,0,20,SEP25,1997,
6508251,"Bonilla Ortiz, Johel Sebastian",CRC,M,,,,1609,0,20,SEP25,2003,i
6505600,"Bonilla Rodriguez, Andres",CRC,M,,NA,,1803,0,20,SEP25,1987,
6500862,"Bonilla Sequeira, Pablo",CRC,M,,,,2004,0,20,SEP25,1976,
6510639,"Boza Araya, Enrique",CRC,M,,,,1797,0,20,SEP25,1962,i
6509185,"Brenes Benavides, Delianny",CRC,F,WCM,WCM,,1630,0,20,SEP25,2003,wi
6520847,"Brenes Miranda, Aymed",CRC,M,,,,1485,0,20,SEP25,2005,i
6526845,"Brenes Rodriguez, Erick Antonio",CRC,M,,,,1543,0,20,SEP25,1986,i
6501010,"Brenes Salgado, Juan Carlos",CRC,M,,,,1992,0,20,SEP25,1985,i
6515258,"Brenes Sanchez, Cindy",CRC,F,,,,1453,0,20,SEP25,1984,wi
6514391,"Brenes Sosa, Axel",CRC,M,,,,1488,0,20,SEP25,2004,i
6532357,"Brenes Valverde, Jhon Marco",CRC,M,,,,1614,0,20,SEP25,2003,i
6572499,"Brenes Vega, Gabriel Enrique",CRC,M,,,,1490,0,20,SEP25,1996,
6550070,"Brenes Zuniga, Julian Martin",CRC,M,,,,1618,0,20,SEP25,2005,i
6563783,"Briceno Little, Diego",CRC,M,,,,1468,0,40,SEP25,2008,
6504078,"Brizuela Benavides, Jorge",CRC,M,,,,1850,0,20,SEP25,1950,i
6521835,"Brizuela Hidalgo, Sebastian",CRC,M,,,,1687,0,40,SEP25,2008,
6504213,"Buitrago Mosquera, Antonio",CRC,M,,,,1891,0,20,SEP25,1998,
6562833,"Burbano Vargas, Jose Ricaurte",CRC,M,,,,1581,0,20,SEP25,1972,i
6572901,"Burgos Gomez, Ander Yarel",CRC,M,,,,1467,0,40,SEP25,2009,
6524486,"Bustamante Gonzalez, Carlos Andres",CRC,M,,,,1562,0,20,SEP25,2005,
6505252,"Bustamante Grijalba, Ariadna",CRC,F,,NI,,1619,0,20,SEP25,1998,w
6519814,"Bustos Arias, Darien",CRC,M,,SI,,AIM,1779,0,SEP25,1996,i
6508847,"Bustos Torres, Eduardo",CRC,M,,,,1621,0,20,SEP25,1971,i
6507522,"Cabezas Solano, David Alejandro",CRC,M,FM,,,2257,0,20,SEP25,2004,
6501133,"Cabrera Chaves, Marco Antonio",CRC,M,,,,2062,0,20,SEP25,1989,i
6501516,"Cabrera Chaves, Vinicio Jose",CRC,M,,,,1824,0,20,SEP25,1991,
6520456,"Cadena Diaz, Ivannia",CRC,F,,,,1413,0,40,SEP25,2007,w
6521274,"Cadena Diaz, Mateo",CRC,M,,,,1705,0,40,SEP25,2010,
6510256,"Calderon Brenes, Brandon",CRC,M,,,,1638,0,20,SEP25,2004,i
6510264,"Calderon Brenes, Tiffany",CRC,F,,,,1507,0,40,SEP25,2007,wi
6506615,"Calderon Quesada, Carlos",CRC,M,,,,1488,0,20,SEP25,1977,i
6549292,"Calderon Sandoval, Matias Esteban",CRC,M,,,,1469,0,40,SEP25,2011,
6569463,"Calderon Villalobos, Alexis",CRC,M,,,,1679,0,20,SEP25,1950,
6511414,"Calderon Zuniga, Juan Pablo",CRC,M,,,,1515,0,20,SEP25,2005,i
6515096,"Calvo Campos, Adrian",CRC,M,,,,1800,0,20,SEP25,2001,
6501524,"Calvo Gutierrez, Luis Guillermo",CRC,M,,,,1872,0,20,SEP25,1998,
6509606,"Calvo Navarrete, Karolay",CRC,F,,,,1576,0,20,SEP25,1998,wi
6540546,"Camacho Thompson, Esteban",CRC,M,,,,1430,0,20,SEP25,1990,i
6523200,"Cambronero Ramirez, Ronald",CRC,M,,,,1754,0,20,SEP25,1971,i
6502962,"Campos Argueta, Lazaro",CRC,M,,,,1872,0,20,SEP25,1991,i
6515720,"Campos Astorga, Priscila",CRC,F,,"SI,NA",,1677,0,20,SEP25,1999,w
6515738,"Campos Astorga, Santiago",CRC,M,,,,1477,0,20,SEP25,2005,
6500447,"Campos Cerdas, Jorge",CRC,M,,,,1913,0,20,SEP25,1957,i
6533698,"Campos Garcia, Andres Mauricio",CRC,M,,,,1521,0,40,SEP25,2007,i
6557856,"Campos Gonzalez, Gabriel",CRC,M,,,,1625,7,40,SEP25,2007,
6501788,"Campos Martinez, Itzel Karina",CRC,F,,,,1704,0,20,SEP25,1988,wi
6506917,"Campos Matamoros, Jose Miguel",CRC,M,,,,1746,0,20,SEP25,1993,i
6515746,"Campos Mendez, Diego Alonso",CRC,M,,,,1714,0,20,SEP25,1967,i
6534961,"Campos Munoz, Valentina",CRC,F,,,,1699,9,40,SEP25,2010,w
6562396,"Campos Prendas, Fabian",CRC,M,,,,1535,0,40,SEP25,2007,
6516130,"Campos Quintanilla, Karen D",CRC,F,,NA,,1621,0,20,SEP25,2000,wi
6500315,"Campos Sanchez, Roberto",CRC,M,,,,1996,0,20,SEP25,1973,i
6505295,"Campos Valverde, Nathalie",CRC,F,,,,1705,0,20,SEP25,1994,wi
6525490,"Canales Chinchilla, Victoria",CRC,F,WCM,WCM,,1765,0,20,SEP25,2005,w
6503748,"Cantillo Alvarado, Luis Manuel",CRC,M,,,,1953,0,20,SEP25,1967,i
6568475,"Carballo Hernandez, Rolando",CRC,M,,,,1428,0,20,SEP25,1961,
6517358,"Cardenas Vargas, Jean Carlo",CRC,M,,,,1785,13,20,SEP25,2002,
6559794,"Carmiol Diaz, Maximiliano",CRC,M,,,,1608,0,40,SEP25,2008,
6501540,"Carranza Fernandez, Jorge",CRC,M,,,,1882,0,20,SEP25,1994,i
6556612,"Carrillo Fallas, Derek",CRC,M,,,,1479,0,40,SEP25,2012,i
6532551,"Carrillo Jimenez, Nils Adrian",CRC,M,,,,1784,0,20,SEP25,2001,i
6510876,"Carrillo Naranjo, Gerardo",CRC,M,,,,1809,0,20,SEP25,1970,i
6504604,"Carrion Ruiz, Daniel",CRC,M,,,,1531,0,20,SEP25,1995,i
6516858,"Cartin Aguilar, Luis Javier",CRC,M,,,,1893,0,20,SEP25,2004,
6534007,"Cartin Cascante, Carlos Josue",CRC,M,,,,1554,0,20,SEP25,1999,i
6500625,"Carvajal Gorgona, Jonathan",CRC,M,FM,FT,,2160,0,20,SEP25,1986,i
6504612,"Carvajal Pena, Daniel",CRC,M,,,,1938,0,20,SEP25,1998,
6515533,"Carvajal Rivera, Maria Camila",CRC,F,,,,1440,0,40,SEP25,2010,wi
6529690,"Casasa Vargas, Jaime",CRC,M,,,,1489,0,20,SEP25,1960,
6556442,"Casasola Barrantes, Jose David",CRC,M,,,,1537,0,40,SEP25,2010,
6523528,"Casco Calderon, Joshua",CRC,M,,,,1703,0,20,SEP25,1997,i
6565190,"Casierra Bonilla, Francisco",CRC,M,,,,1448,0,40,SEP25,2012,
6530443,"Castillo Aragon, Jeremy Joshua",CRC,M,,,,1528,0,40,SEP25,2007,
6519890,"Castillo Chavarria, Sebastian",CRC,M,,,,1733,0,40,SEP25,2007,
6520901,"Castillo Mena, Carlos Mario",CRC,M,,,,1705,0,20,SEP25,2006,i
6524133,"Castillo Mendez, Carlos Rafael",CRC,M,,,,1493,0,40,SEP25,2009,
6528252,"Castillo Mendez, Yuriel",CRC,M,,,,1471,0,40,SEP25,2010,
6507395,"Castillo Morales, Thais",CRC,F,WIM,WIM,NA,1830,0,20,SEP25,1999,w
6503454,"Castillo Trujillo, Ivan",CRC,M,,,,1964,0,20,SEP25,1966,i
6515207,"Castillo Zuniga, Francisco",CRC,M,,,,1657,0,20,SEP25,1995,i
6516483,"Castro Aguilar, Ernesto",CRC,M,,,,1792,0,20,SEP25,1983,i
6511279,"Castro Brenes, Danny Adrian",CRC,M,,,,1472,0,20,SEP25,2002,i
6548601,"Castro Campos, Alana Patricia",CRC,F,,,,1460,0,40,SEP25,2011,w
6506178,"Castro Castillo, Juan Jose",CRC,M,,,,1846,0,20,SEP25,1993,i
6504310,"Castro Garcia, Adrian",CRC,M,,,,1978,0,20,SEP25,1995,i
6507050,"Castro Garcia, Alejandro",CRC,M,,,,1791,0,20,SEP25,2002,i
6507069,"Castro Garcia, Ileana",CRC,F,WCM,WCM,,1668,0,20,SEP25,1998,wi
6527892,"Castro Jaramillo, Kevin",CRC,M,,,,1514,0,20,SEP25,2002,i
6568955,"Castro Jimenez, Manuel Martin",CRC,M,,,,1449,0,20,SEP25,1955,
6550452,"Castro Laurent, Mathias",CRC,M,,,,1529,0,40,SEP25,2012,
6501028,"Castro Madrigal, Randall",CRC,M,,,,AIM,1960,0,SEP25,1976,i
6506356,"Castro Richard, Ixel",CRC,F,,,,1510,0,20,SEP25,2000,wi
6504655,"Castro Ulloa, Rolando",CRC,M,,,,1852,0,20,SEP25,1999,i
6518184,"Cavallini Mena, Giancarlo",CRC,M,,,,1432,0,40,SEP25,2009,i
6548830,"Cerdas Amador, Felipe",CRC,M,,,,1418,0,40,SEP25,2012,
6548849,"Cerdas Amador, Matias",CRC,M,,,,1462,0,40,SEP25,2009,
6507565,"Cespedes Perez, Ruben",CRC,M,,,,1852,0,20,SEP25,1998,i
6566510,"Cespedes Rodriguez, Luis Michel",CRC,M,,,,2013,0,20,SEP25,1972,
6511287,"Cespedes Vargas, Marlon Adrian",CRC,M,,,,1462,0,20,SEP25,2003,i
6561055,"Chacon Barboza, Carlos Humberto",CRC,M,,,,1520,0,40,SEP25,2013,
6564470,"Chacon Gonzalez, Jefferson Josue",CRC,M,,,,1422,0,40,SEP25,2010,i
6532799,"Chacon Jarquin, Eduardo Jose",CRC,M,,,,1571,0,20,SEP25,1976,i
6521983,"Chacon Jimenez, Oscar Daniel",CRC,M,,,,1528,0,20,SEP25,2004,i
6515932,"Chacon Lopez, William",CRC,M,,NA,,1768,0,20,SEP25,1985,i
6558259,"Chan Chen, Johnny",CRC,M,,,,1615,0,20,SEP25,1956,
6557317,"Chandrasekaran, Suneka",CRC,M,,,,1556,0,20,SEP25,1998,
6568432,"Chang Bustamante, Emilio",CRC,M,,,,1611,0,20,SEP25,2003,
6528414,"Charaja Umana, Nataly Crisbeth",CRC,F,,,,1436,0,40,SEP25,2010,w
6523366,"Charpentier Badilla, Ian Sebastian",CRC,M,,,,1458,0,40,SEP25,2012,
6500030,"Charpentier Morales, William",CRC,M,FM,,,2217,0,20,SEP25,1960,i
6571034,"Chavarria Aragon, Nelson De Jesus",CRC,M,,,,1430,0,20,SEP25,2004,
6506410,"Chavarria Cedeno, Bryan",CRC,M,,,,1624,7,20,SEP25,1989,
6507573,"Chavarria Segura, Joseph",CRC,M,,,,1711,0,20,SEP25,1985,i
6521924,"Chavarria, Juan Carlos",CRC,M,,,,1588,0,20,SEP25,2000,i
6504094,"Chaves Alfaro, Adrian",CRC,M,,,,1986,0,20,SEP25,1996,i
6508308,"Chaves Alfaro, Beatriz",CRC,F,,NA,,1597,0,20,SEP25,1998,wi
6504116,"Chaves Alfaro, Pamela",CRC,F,,,,1863,0,20,SEP25,1991,wi
6513867,"Chaves Chavarria, Ana Carolina",CRC,F,,,,1538,0,40,SEP25,2008,wi
6532934,"Chaves Diaz, Luis Guillermo",CRC,M,,,,1453,0,20,SEP25,1966,
6506348,"Chaves Godinez, Edgar Daniel",CRC,M,,,,1801,0,20,SEP25,1994,
6548156,"Chaves Madrigal, Pablo Alonso",CRC,M,,,,1542,0,20,SEP25,2000,i
6506771,"Chaves Mora, Rafael",CRC,M,,,,2016,0,20,SEP25,1963,i
6571042,"Chaves Morales, Daniel Dario",CRC,M,,,,1616,0,20,SEP25,2006,
6521304,"Chaves Morales, Jeyco Fabian",CRC,M,,,,1430,0,20,SEP25,2006,
333088497,"Chaves Moya, Nattanahel Alberto",CRC,M,,,,AFM,1734,0,SEP25,1977,
6515070,"Chaves Navarro, Erick Antonio",CRC,M,,,,1405,0,20,SEP25,2003,i
6518095,"Chaves Olazo, Axel Andrey",CRC,M,,,,1630,0,20,SEP25,2004,
6511678,"Chaves Sanchez, Ana Sofia",CRC,F,,,,1489,0,20,SEP25,1999,wi
6502180,"Chaves Sanchez, Gabriel A",CRC,M,CM,NA,,2031,0,20,SEP25,1995,
6508820,"Chaves Solera, Milton",CRC,M,,NA,,1714,0,20,SEP25,1967,i
6527540,"Chaves Solis, Santiago",CRC,M,,,,1530,0,40,SEP25,2009,
6502172,"Chaves Villalobos, David G",CRC,M,,,,1932,0,20,SEP25,1990,
6506097,"Chaves Williams, Jose Andres",CRC,M,,,,1774,0,20,SEP25,1999,
6535941,"Chavez Diaz, Yadier Jose",CRC,M,,,,1447,0,40,SEP25,2008,
6558020,"Chavez Flores, Jose Edwin",CRC,M,,,,1518,0,20,SEP25,1979,
6534929,"Chavez Rodriguez, Jose Edwin",CRC,M,,,,1508,0,40,SEP25,2010,
6511058,"Chavez Tagle, Eduardo Andrei",CRC,M,,,,1513,0,20,SEP25,2005,i
6500072,"Chinchilla Miranda, Eugenio",CRC,M,FM,,,2041,9,20,SEP25,1966,
6508855,"Chinchilla Nunez, Sebastian",CRC,M,,,,1512,0,20,SEP25,2006,i
6566545,"Chinchilla Valverde, Jose David",CRC,M,,,,1581,0,20,SEP25,2006,i
6564810,"Colina Calderon, Victor Josue",CRC,M,,,,1523,0,40,SEP25,2011,
6522122,"Colindres Gaitan, Juan Pablo",CRC,M,,,,1430,0,20,SEP25,2004,i
6527990,"Conejo Mesen, Christopher",CRC,M,,,,1554,0,40,SEP25,2009,
6527825,"Cordero Cortes, Anderson",CRC,M,,,,1455,0,40,SEP25,2007,
6528902,"Cordero Cortes, Enderson",CRC,M,,,,1533,0,40,SEP25,2011,
6556183,"Cordero Esquivel, Gabriel",CRC,M,,,,1562,0,40,SEP25,2009,i
6503489,"Cordero Maroto, Nelson",CRC,M,,NI,,1783,0,20,SEP25,1979,i
6511295,"Cordero Urena, Gabriel",CRC,M,,,,1438,0,20,SEP25,2003,i
6500439,"Cordoba Solano, Edwin",CRC,M,,,,1911,0,20,SEP25,1961,i
6518729,"Coronado Pasquier, Alejandro",CRC,M,,,,1461,0,20,SEP25,2004,i
6548717,"Coronado Rojas, Sebastian",CRC,M,,,,1525,0,40,SEP25,2012,i
6561306,"Corrales Abarca, Jimena",CRC,F,,,,1496,2,40,SEP25,2009,w
6559557,"Corrales Arias, Cristopher",CRC,M,,,,ACM,1495,0,SEP25,2005,
6564429,"Corrales Chavarria, Oscar A",CRC,M,,,,1509,0,40,SEP25,2008,
6561071,"Corrales Corrales, Ana Maria",CRC,F,,,,1523,2,40,SEP25,2015,w
6560938,"Corrales Corrales, Fidel",CRC,M,,,,1428,1,40,SEP25,2017,
6523218,"Corrales Mora, Fernando",CRC,M,,,,1570,0,20,SEP25,2001,
6508715,"Correa Mata, Allan",CRC,M,,,,1720,0,20,SEP25,1986,
6542930,"Cortes Acuna, Samuel Camilo",CRC,M,,,,1483,0,40,SEP25,2009,
6556841,"Cortes Medrano, Juan Carlos",CRC,M,,,,1523,0,40,SEP25,2008,
6570542,"Cosman, Jackson Robert",CRC,M,,,,1794,0,40,SEP25,2012,
6518192,"Cossio Carvajal, Bruno",CRC,M,,,,2102,0,40,SEP25,2008,
6507999,"Coto Bonilla, Darian",CRC,M,CM,,,1776,0,20,SEP25,2003,i
6506941,"Coto Calderon, Juan Diego",CRC,M,,,,1768,0,20,SEP25,2004,
6545823,"Cruz Badilla, Francisco Antonio",CRC,M,,,,1571,0,20,SEP25,1995,
6559816,"Cruz Trana, Andrey Josue",CRC,M,,,,1468,0,40,SEP25,2007,i
6510124,"Cubero Moreno, Nayeli",CRC,F,,,,1459,0,20,SEP25,2002,wi
6520464,"Cubillo Duran, Aaron Josue",CRC,M,,NA,,1638,0,40,SEP25,2007,
6562418,"Davila Amador, Jordi Saltiel",CRC,M,,,,1491,0,20,SEP25,2006,
6511791,"De la Cruz Arce, Andre",CRC,M,,,,1525,0,20,SEP25,2003,i
6535844,"De Leon Urbina, Mario Alejandro",CRC,M,,,,1559,0,20,SEP25,1988,i
6503004,"Del Cid Winter, Roberto",CRC,M,,,,1721,0,20,SEP25,1984,i
6508863,"Dengo Soto, Andres Gabriel",CRC,M,,,,1626,0,20,SEP25,2002,i
6515045,"Diaz Calderon, Jahir",CRC,M,,,,1513,0,20,SEP25,2000,i
6513646,"Diaz Charpentier, Ashly Valeria",CRC,F,,,,1639,0,40,SEP25,2007,w
6511708,"Diaz Charpentier, Kristel Meliss",CRC,F,WIM,WIM,,1941,0,20,SEP25,2004,w
6562426,"Diaz Cunningham, Randall Jose",CRC,M,,,,1573,0,40,SEP25,2007,
6554172,"Diaz Guzman, Manfred Yariel",CRC,M,,,,1516,0,40,SEP25,2010,i
6504531,"Diaz Picado, Abner",CRC,M,,,,1627,0,20,SEP25,1989,
6556337,"Diaz Sequeira, Maikely Jesus",CRC,F,,,,1425,0,40,SEP25,2008,wi
6507590,"Dinarte Villagra, Victor Andres",CRC,M,,,,1749,0,20,SEP25,1983,
6572502,"Dixon Little, Jaden Dashawn",CRC,M,,,,1512,0,40,SEP25,2007,
6569617,"Dodaro Gamez, Alessandro",CRC,M,,,,1487,0,40,SEP25,2008,
6508766,"Duque Araya, Cristofer",CRC,M,,,,1734,0,20,SEP25,1999,
6569366,"Duran Araya, Aaron Mathias",CRC,M,,,,1549,0,40,SEP25,2012,
6501583,"Duran Vega, Andres",CRC,M,,,,2028,0,20,SEP25,1996,i
6501311,"Duran Vega, Sergio",CRC,M,IM,,,2239,9,20,SEP25,1993,
6508324,"Duran Venegas, Oscar Alonso",CRC,M,,,,1716,0,20,SEP25,2003,i
6562841,"Echeverria Rodriguez, Mauricio",CRC,M,,,,1497,0,20,SEP25,2000,
6564836,"Elizalde Brisuela, Eduardo",CRC,M,,,,1751,0,20,SEP25,1987,
6510078,"Elizondo Montero, Juan Luis",CRC,M,,,,1539,0,20,SEP25,2001,i
6559387,"Elizondo Zumbado, Mauricio Jose",CRC,M,,,,1670,0,40,SEP25,2010,
6514464,"Erler Pelzer, Ian Kevin",CRC,M,,,,1459,0,20,SEP25,2002,i
6506186,"Espinosa Rivas, Natalia",CRC,F,,,,1870,0,20,SEP25,1985,wi
6521177,"Espinoza Cortes, Miguel Angel",CRC,M,,,,1462,0,20,SEP25,1986,i
6501036,"Espinoza Guerrero, Warner",CRC,M,,,,1863,0,20,SEP25,1970,i
6559573,"Espinoza Jimenez, Joselyn",CRC,F,,,,1402,0,40,SEP25,2010,w
6509673,"Espinoza Sevilla, Eric",CRC,M,,,,1735,0,20,SEP25,1962,i
6508332,"Espitia Torres, Mateo",CRC,M,,NA,,1955,16,20,SEP25,2003,
6522742,"Esquivel Calderon, Neddy Leonardo",CRC,M,,,,1533,0,40,SEP25,2010,i
6563031,"Esquivel Elizondo, Jeremy",CRC,M,,,,1677,0,40,SEP25,2009,
6512879,"Esquivel Jimenez, Douglas Daniel",CRC,M,,,,1596,0,20,SEP25,2005,i
6506240,"Esquivel Vargas, Hersson",CRC,M,,,,1586,0,20,SEP25,1985,i
6501605,"Esquivel Vargas, Jose Edmond",CRC,M,FM,,,2147,0,20,SEP25,1997,i
6532438,"Estrada Rodriguez, Hendrik",CRC,M,,,,1732,0,40,SEP25,2009,
6548415,"Fallas Corrales, Jasag Daniel",CRC,M,,,,1489,0,20,SEP25,2006,i
6510523,"Fallas Lopez, Raul Mauricio",CRC,M,,,,1600,0,20,SEP25,1987,
6509045,"Fallas Marin, Kaleb",CRC,M,,,,1473,0,20,SEP25,2005,i
6504728,"Fallas Saborio, Alejandro",CRC,M,,,,1881,0,20,SEP25,1998,
6521100,"Fallas Samudio, Cristopher",CRC,M,,,,1467,0,20,SEP25,1999,i
6515410,"Fauaz Bringas, Matias",CRC,M,,,,1477,0,40,SEP25,2008,i
6522777,"Fauaz Bringas, Tobias",CRC,M,,,,1442,0,40,SEP25,2012,i
6523870,"Fernandez Alvarado, Jared Saul",CRC,M,,,,1437,0,40,SEP25,2013,
6506453,"Fernandez Barrero, Javier",CRC,M,,,,1750,0,20,SEP25,1981,
6562612,"Fernandez Fernandez, Denis Alankai",CRC,M,,,,1449,0,20,SEP25,1999,
6543049,"Fernandez Jimenez, Cesar",CRC,M,,,,1704,0,40,SEP25,2010,i
6563953,"Fernandez Jimenez, Mathias",CRC,M,,,,1617,0,40,SEP25,2010,
6544053,"Fernandez Mayorga, Elena",CRC,F,,,,1525,0,40,SEP25,2014,w
6501630,"Fernandez Sanchez, Ana Patricia",CRC,F,WCM,WCM,,1765,0,20,SEP25,1989,wi
6501621,"Fernandez Sanchez, Mario Andres",CRC,M,FM,,,2056,0,20,SEP25,1991,
6503519,"Fernandez Sibaja, Felipe Josue",CRC,M,CM,,,1974,9,20,SEP25,1991,
6505759,"Fernandez Vargas, Luis Gustavo",CRC,M,,,,1720,0,20,SEP25,1960,i
6512640,"Figueroa Castillo, Katherin",CRC,F,,,,1607,0,20,SEP25,2005,wi
6560300,"Flores Elizondo, Mathias",CRC,M,,,,1462,0,40,SEP25,2012,
6505406,"Flores Rojas, Federico",CRC,M,,,,1983,0,20,SEP25,1994,i
6506372,"Flores Varela, Federico",CRC,M,,,,1881,0,20,SEP25,1956,i
6511627,"Frajman Kierszenson, Lior",CRC,M,,,,1504,0,40,SEP25,2008,i
6532802,"Frajman Lerner, Mauricio",CRC,M,,,,1466,0,20,SEP25,1950,i
109363,"Francia Roa, Victor Ricardo",CRC,M,,NA,,1631,0,20,SEP25,1969,
6568025,"Franco Matarrita, Carlos G.",CRC,M,,,,1678,0,40,SEP25,2007,
6511066,"Frater Gonzalez, Gabriel",CRC,M,,,,ACM,1597,0,SEP25,2005,i
6519571,"Fuentes Solano, Nahum Alfonso",CRC,M,,,,1678,0,20,SEP25,2006,
6513530,"Funez Fonseca, Bernal",CRC,M,,NA,,1531,0,20,SEP25,1999,i
6534864,"Gabb Diaz, Jorvic Jefferson",CRC,M,,,,1635,0,20,SEP25,2006,
6534970,"Gabb Diaz, Nayareth",CRC,F,,,,1521,0,40,SEP25,2010,w
6542280,"Gabb Torres, Henry",CRC,M,,,,1504,0,20,SEP25,1982,
6556345,"Gabriel Brizuela, Yonaikel Emanuel",CRC,M,,,,1637,0,40,SEP25,2008,
6558429,"Gadyukov, Addir",CRC,M,,,,1675,0,20,SEP25,1969,i
6564712,"Galan Rodriguez, Gabriel",CRC,M,,,,1590,0,20,SEP25,2006,i
6506801,"Galvan Ventemilla, Renan",CRC,M,,,,1797,0,20,SEP25,1990,i
6502270,"Gamboa Alvarado, Olga Leticia",CRC,F,WFM,WFM,,1955,0,20,SEP25,1990,wi
6506666,"Gamboa Chacon, Andres Alonso",CRC,M,,,,1813,0,20,SEP25,1998,i
6520723,"Gamboa Galeano, Juan Andres",CRC,M,,,,1563,0,20,SEP25,2004,i
6516912,"Gamboa Guillen, Ignacio Andres",CRC,M,,,,1492,0,40,SEP25,2007,i
6508340,"Gamboa Navarro, Andrea Maria",CRC,F,,,,1558,0,20,SEP25,1997,w
6506020,"Gamboa Vargas, Jose Pablo",CRC,M,,,,1744,0,20,SEP25,1995,
3955176,"Garcia Delgado, Rafael Eduardo",CRC,M,,NI,,1562,0,20,SEP25,2002,i
6522785,"Garcia Fajardo, Samuel",CRC,M,,,,1492,0,40,SEP25,2012,
6569625,"Garcia Gaspar, Alberto",CRC,M,,,,1459,0,20,SEP25,2003,
6565735,"Garcia Mendez, Julian",CRC,M,,,,1436,0,40,SEP25,2013,
6549047,"Garcia Molina, Carlos Andres",CRC,M,,,,1553,0,20,SEP25,2005,
6566383,"Garcia Morales, Brainer Steven",CRC,M,,,,1683,0,40,SEP25,2009,
6510663,"Garcia Pineda, Marlon Ariel",CRC,M,,,,1836,0,20,SEP25,2000,i
6528309,"Garcia Rodriguez, Carlos",CRC,M,,,,1637,0,20,SEP25,1970,i
6503543,"Garcia Sanchez, Barnal",CRC,M,,,,1715,0,20,SEP25,1982,i
6556000,"Garcia Valdez, Xochilth Fernanda",CRC,F,,,,1442,0,40,SEP25,2010,w
6556396,"Garita Vargas, Zoe",CRC,F,,,,1561,0,40,SEP25,2011,wi
6534325,"Garro Cordero, David",CRC,M,,,,1616,0,20,SEP25,2004,
6535950,"Garro Cordero, Felipe",CRC,M,,,,1703,0,40,SEP25,2007,
6502881,"Garro Reyes, Juan Mauricio",CRC,M,,,,1886,0,20,SEP25,1971,i
6551289,"Giachino, Lucas",CRC,M,,,,1650,7,40,SEP25,2014,
6559212,"Gil Gonzalez, Vaniet",CRC,M,,,,1554,0,40,SEP25,2007,i
6512330,"Gingrich, Andrew",CRC,M,,,,1707,0,20,SEP25,1989,i
6513905,"Godinez Garro, Jeremy Josue",CRC,M,,,,1749,0,20,SEP25,1997,i
6519644,"Godinez Solano, Jose Rodolfo",CRC,M,,,,1741,0,20,SEP25,1996,i
333087140,"Gomez Angulo, Pablo Alberto",CRC,M,,,,1741,0,20,SEP25,1985,i
6554105,"Gomez Fallas, Gabriel",CRC,M,,,,1557,0,40,SEP25,2008,
6557805,"Gomez Guerrero, Fabrizio Josue",CRC,M,,,,1630,0,40,SEP25,2009,
6502849,"Gomez Huertas, Stanley",CRC,M,,IA,,1912,0,20,SEP25,1979,i
6508359,"Gomez Rivera, Felipe",CRC,M,,,,1488,0,20,SEP25,2003,i
6552765,"Gomez Rodriguez, Santiago Alejandro",CRC,M,,,,1733,0,40,SEP25,2014,
6530818,"Gomez Salazar, Bryan Andres",CRC,M,,,,1576,0,20,SEP25,1997,i
6505635,"Gomez Sanchez, Eduardo",CRC,M,,,,1631,0,20,SEP25,1990,
6500170,"Gonzalez Acosta, Bernal",CRC,M,GM,,,2447,0,10,SEP25,1973,i
6500501,"Gonzalez Acosta, Jaime Roy",CRC,M,,,,2055,0,20,SEP25,1981,i
6514014,"Gonzalez Aguero, Ignacio",CRC,M,,,,1486,0,40,SEP25,2008,i
6514022,"Gonzalez Aguero, Julian",CRC,M,,,,1634,0,40,SEP25,2011,
6561683,"Gonzalez Alfaro, John Alberto",CRC,M,,,,1636,0,20,SEP25,1984,
6523889,"Gonzalez Arguedas, Felipe",CRC,M,,,,1692,0,40,SEP25,2013,
6567428,"Gonzalez Barboza, Josue David",CRC,M,,,,1582,0,40,SEP25,2011,
6518842,"Gonzalez Barrantes, Aaron Yoreth",CRC,M,,,,1593,0,40,SEP25,2008,
6562400,"Gonzalez Cambronero, Juan Carlos",CRC,M,,,,1527,0,40,SEP25,2010,
6550274,"Gonzalez Carrillo, Fabian",CRC,M,,,,1438,0,20,SEP25,1984,
6508871,"Gonzalez Cascante, Roy",CRC,M,,,,1582,0,20,SEP25,2000,i
6522670,"Gonzalez Jara, Danny",CRC,M,,,,1443,0,40,SEP25,2008,i
6548741,"Gonzalez Perez, Osvaldo Andres",CRC,M,,,,1550,0,40,SEP25,2010,
6500706,"Gonzalez Quesada, Eva",CRC,F,,,,1937,0,20,SEP25,1985,wi
6549055,"Gonzalez Ramos, Andres",CRC,M,,,,1762,0,40,SEP25,2008,
6529879,"Gonzalez Rivera, Miguel Angel",CRC,M,,,,1623,0,20,SEP25,1963,i
6527086,"Gonzalez Rojas, Alexander",CRC,M,,,,1539,0,20,SEP25,2006,
6531709,"Gonzalez Samudio, Evangelista",CRC,M,,,,1729,0,20,SEP25,1974,i
6502318,"Gonzalez Sanchez, Esteban",CRC,M,,,,1679,0,20,SEP25,1984,
6514030,"Gonzalez Sanchez, Juan Ricardo",CRC,M,,,,1468,0,40,SEP25,2007,i
6522076,"Gonzalez Villalba, Ariel",CRC,M,,,,1504,0,20,SEP25,1945,i
6511082,"Gonzalez Zeledon, Mauricio",CRC,M,,,,1770,0,20,SEP25,1976,i
6534350,"Gonzalez Zuniga, Carlos Rodolfo",CRC,M,,,,1553,0,20,SEP25,1985,i
6521347,"Goyo Barragan, Alejandro",CRC,M,,,,1571,0,40,SEP25,2008,
6500528,"Granados Ramirez, Carlos Ricardo",CRC,M,,FT,,2185,0,20,SEP25,1966,i
6511201,"Granados Wing, Brian Saul",CRC,M,,,,1768,0,20,SEP25,1999,
6523188,"Grillo Espinoza, Hanzel",CRC,M,,,,1529,0,20,SEP25,2001,i
6546943,"Gruner Monzon, Carl Michael",CRC,M,,,,1475,0,20,SEP25,1987,
6509894,"Guadamuz Hernandez, Ismael A",CRC,M,,,,1722,0,20,SEP25,1997,
6554938,"Guadamuz Murillo, Sebastian",CRC,M,,,,1408,0,40,SEP25,2013,
6548563,"Guardiola Gonzalez, Jose Daniel",CRC,M,,,,1419,0,40,SEP25,2009,i
6556574,"Guerrero Diaz, Leticia Fiorella",CRC,F,,,,1481,0,40,SEP25,2012,w
6511813,"Guerrero Jimenez, Luis Fernando",CRC,M,,NA,,1489,0,20,SEP25,2003,i
6504744,"Guevara Ceciliano, Maria Celeste",CRC,F,,,,1568,0,20,SEP25,2001,wi
6507107,"Guevara Cornejo, Gabriel",CRC,M,,,,1632,0,20,SEP25,2005,i
6510167,"Guevara Gomez, Mario",CRC,M,,,,1753,0,20,SEP25,1990,i
6516726,"Guevara Lezcano, Diego",CRC,M,,,,1544,0,20,SEP25,2004,
6558437,"Guevara Villalobos, Andres Jesus",CRC,M,,,,1587,0,20,SEP25,1982,i
6527876,"Guillen Murillo, Sergio Guillermo",CRC,M,,,,1799,0,20,SEP25,1952,i
6511210,"Gutierrez Arbaiza, Jordan",CRC,M,,,,1449,0,20,SEP25,2001,i
6512224,"Gutierrez Soto, Gilberth",CRC,M,,,,1735,0,20,SEP25,1970,
6563627,"Gutierrez Zapata, Mariana",CRC,F,,,,1445,0,40,SEP25,2013,w
6508006,"Guzman Hidalgo, Camila",CRC,F,WCM,WCM,,1527,0,20,SEP25,2006,wi
6506046,"Guzman Hidalgo, Nicolas",CRC,M,,,,1760,0,20,SEP25,2002,
3501442,"Hernandez Alvarez, Tania Regla",CRC,F,WIM,WIM,,1938,0,20,SEP25,1963,wi
6531733,"Hernandez Avila, Edgar Javier",CRC,M,,,,1589,0,20,SEP25,1977,i
6512070,"Hernandez Avila, Marco",CRC,M,,,,1735,0,20,SEP25,1965,i
6500226,"Hernandez Basante, Francisco",CRC,M,IM,,,2227,0,20,SEP25,1972,i
6520170,"Hernandez Brenes, Keicy Pamela",CRC,F,,,,1504,0,40,SEP25,2008,wi
6520413,"Hernandez Brenes, Keylor",CRC,M,,,,1485,0,20,SEP25,2004,i
6510086,"Hernandez Castro, Esteban",CRC,M,,,,1466,0,20,SEP25,2001,i
6510671,"Hernandez Cerdas, Jose Alejandro",CRC,M,,,,1815,0,20,SEP25,2000,i
6501672,"Hernandez Coto, Carlos Enrique",CRC,M,CM,,,1913,0,20,SEP25,1980,i
6534155,"Hernandez Cruz, Jose Luis",CRC,M,,,,1599,0,20,SEP25,2005,
6568491,"Hernandez Espinoza, Juan Diego",CRC,M,,,,1601,0,20,SEP25,1998,i
6574998,"Hernandez Fernandez, Alfredo Gael",CRC,M,,,,1468,0,40,SEP25,2010,
6522300,"Hernandez Jimenez, Andres",CRC,M,,,,1582,0,20,SEP25,2004,i
6510353,"Hernandez Jimenez, Caleb",CRC,M,,,,1458,0,20,SEP25,2006,i
6534724,"Hernandez Jimenez, Tania Isabel",CRC,F,,,,1490,0,40,SEP25,2012,w
6512364,"Hernandez Leandro, Alejandro",CRC,M,,,,AFM,1578,0,SEP25,2000,i
6512372,"Hernandez Leandro, Aliza",CRC,F,,,,1618,0,20,SEP25,2002,wi
6512380,"Hernandez Leandro, Fabian",CRC,M,,,,1482,0,20,SEP25,2005,i
6513069,"Hernandez Loria, Maria Jimena",CRC,F,,,,1475,0,20,SEP25,2006,w
6513077,"Hernandez Loria, Maria Valeria",CRC,F,,,,1552,0,20,SEP25,2006,w
6519792,"Hernandez Morales, Jose Aparicio",CRC,M,,,,1569,0,20,SEP25,1971,i
6521355,"Hernandez Obando, Jeison Ivan",CRC,M,,,,1635,0,20,SEP25,2000,i
6517439,"Hernandez Ocampo, Sergio",CRC,M,,,,1606,0,20,SEP25,1986,i
63300028,"Hernandez Perez, Javier Francisco",CRC,M,,,,AFM,1822,9,SEP25,2009,
6510914,"Hernandez Sanchez, Kenneth",CRC,M,,,,1798,0,20,SEP25,2000,i
6571859,"Hernandez Serrano, Martin William",CRC,M,,,,1435,0,20,SEP25,1968,
6532942,"Hernandez, Oliver",CRC,M,,,,1451,0,20,SEP25,1984,i
6517447,"Herra Azofeifa, Jose Pablo",CRC,M,,,,1647,0,20,SEP25,1985,i
6550282,"Herrera Alvarez, Maicol Antonio",CRC,M,,,,1548,0,20,SEP25,2002,
6506488,"Herrera Boschini, Gabriel",CRC,M,,,,1737,0,20,SEP25,1997,
6528562,"Herrera Cajina, Jose Alberto",CRC,M,,,,1410,0,20,SEP25,2004,
6557864,"Herrera Carmona, Jhoel",CRC,M,,,,1650,0,40,SEP25,2012,
6550592,"Herrera Cordoba, Cala",CRC,F,,,,1407,0,40,SEP25,2016,w
6552340,"Herrera Cubillo, Kevin Daniel",CRC,M,,,,1529,0,20,SEP25,2005,i
6554415,"Herrera Dodero, Alonso",CRC,M,,,,1626,0,20,SEP25,1987,i
6554431,"Herrera Dodero, Camilo",CRC,M,,,,1503,0,20,SEP25,1984,i
6563058,"Herrera Fernandez, Felipe",CRC,M,,,,AFM,1769,0,SEP25,2009,
6508812,"Herrera Garcia, Ricardo",CRC,M,,,,1600,0,20,SEP25,1969,i
6562850,"Herrera Granados, Derec Roberto",CRC,M,,,,1555,0,40,SEP25,2008,
6509690,"Herrera Granados, Felipe",CRC,M,,NA,,1542,0,20,SEP25,2002,
6508650,"Herrera Granados, Maria Jose",CRC,F,,,,1704,0,20,SEP25,1995,wi
6522033,"Herrera Maroto, Odrick Andres",CRC,M,,,,1600,0,20,SEP25,2000,
6524915,"Herrera Retana, Gerardo",CRC,M,,,,1809,0,20,SEP25,1968,
6519652,"Hidalgo Castillo, Samantha",CRC,F,,,,1576,0,20,SEP25,2005,wi
6503055,"Hidalgo Herrera, Horacio",CRC,M,,,,1800,0,20,SEP25,1982,
6519024,"Hidalgo Mendez, Emilio",CRC,M,,,,1483,0,40,SEP25,2010,
6571468,"Hidalgo Perez, Audrey",CRC,F,,,,1556,0,40,SEP25,2012,w
6572529,"Hondoy Amador, Axel Jafeth",CRC,M,,,,1649,0,20,SEP25,2005,
6516777,"Huaman Bengoa, Valeska Priscilla",CRC,F,,,,1643,0,20,SEP25,2005,wi
6521380,"Huaman Vargas, Yuri",CRC,M,,,,1701,0,20,SEP25,2005,i
6571794,"Huang Sanders, Ariela Maria",CRC,F,,,,1577,0,40,SEP25,2009,w
6571867,"Huang Sanders, Gabriel David",CRC,M,,,,1415,0,20,SEP25,2004,
6504370,"Huertas Badilla, Allan",CRC,M,,,,1816,0,20,SEP25,1969,i
6513913,"Huertas Gutierrez, Esteban David",CRC,M,,,,1544,0,20,SEP25,2002,i
6521533,"Hurtado Anguizola, Kendall",CRC,M,,,,1610,0,20,SEP25,2001,
6556256,"Hurtado Hernandez, Matias",CRC,M,,,,1433,0,40,SEP25,2010,
6522319,"Ibarra Valverde, Kevin",CRC,M,,,,1621,0,20,SEP25,2001,i
6501702,"Incer Arias, Manuel",CRC,M,,,,1720,0,20,SEP25,1951,
6556361,"Irola Araya, Camila",CRC,F,,,,1550,0,40,SEP25,2010,w
6515843,"Jara Madrigal, Ximena",CRC,F,,,,1573,0,40,SEP25,2009,w
6513328,"Jaramillo Naranjo, Sebastian",CRC,M,,NA,,1652,0,20,SEP25,2003,i
6517226,"Jarquin Duran, Ricardo",CRC,M,,,,1744,0,20,SEP25,1980,i
6550177,"Jarquin Pizarro, Seyni Lisbeth",CRC,F,,,,1414,0,40,SEP25,2007,wi
6571123,"Jarrin Carranza, Jean Mathew",CRC,M,,,,1515,0,40,SEP25,2011,
6523595,"Jean Adrien, Wilberge",CRC,F,,,,1503,0,20,SEP25,1963,wi
6501176,"Jimenez Aguilar, Gustavo",CRC,M,,"NI,NA",,1875,0,20,SEP25,1982,i
6501052,"Jimenez Alvarado, Alonso",CRC,M,,,,2133,0,20,SEP25,1988,i
6522971,"Jimenez Bennett, Fernando",CRC,M,,,,1422,0,20,SEP25,2003,i
6528082,"Jimenez Cerdas, Matias",CRC,M,,,,1408,0,40,SEP25,2011,i
6500463,"Jimenez Esquivel, Greivin",CRC,M,,NA,,AIM,1963,0,SEP25,1973,
6559417,"Jimenez Fernandez, Braytton",CRC,M,,,,1501,0,20,SEP25,2004,i
6506380,"Jimenez Fernandez, Esteban A.",CRC,M,,,,1559,0,20,SEP25,1986,i
6558836,"Jimenez Gamboa, Diego",CRC,M,,,,1579,0,40,SEP25,2013,
6504779,"Jimenez Garcia, Emmanuel",CRC,M,IM,,,2400,20,10,SEP25,1997,
6513085,"Jimenez Guevara, Stuard",CRC,M,,,,1623,0,20,SEP25,1995,i
6510981,"Jimenez Jimenez, Alberto",CRC,M,,,,1716,0,20,SEP25,1986,
6512011,"Jimenez Jimenez, Alesson",CRC,F,,,,1515,0,20,SEP25,2005,wi
6500137,"Jimenez Molina, Juan Leon",CRC,M,FM,,,2015,9,20,SEP25,1953,
6516122,"Jimenez Mora, Jose Pablo",CRC,M,,,,1783,0,20,SEP25,1991,i
6508103,"Jimenez Navarro, Diego",CRC,M,,,,1546,0,20,SEP25,2005,i
6512399,"Jimenez Quesada, Marlon",CRC,M,,,,1471,0,20,SEP25,1972,i
6568688,"Jimenez Rodriguez, Steven",CRC,M,,,,1467,0,40,SEP25,2008,
6501168,"Jimenez Rojas, Fabian",CRC,M,,,,1887,0,20,SEP25,1989,
6517455,"Jimenez Rojas, Isaac",CRC,M,,,,1491,0,40,SEP25,2009,
6509932,"Jimenez Salas, Kristel",CRC,F,,NA,,1542,0,20,SEP25,2001,w
6526292,"Jimenez Salinas, Maikel",CRC,M,,,,1669,0,20,SEP25,2002,i
6500471,"Jimenez Sancho, Pedro Pablo",CRC,M,,,,1861,0,20,SEP25,1973,i
6550290,"Jimenez Santamaria, Jose Daniel",CRC,M,,,,1555,0,40,SEP25,2008,i
6551300,"Jimenez Solera, Michella",CRC,F,,,,1447,0,40,SEP25,2012,w
6519032,"Jimenez Valverde, Benjamin Isaac",CRC,M,,,,1560,0,40,SEP25,2009,i
6533787,"Jimenez Villalobos, Christian",CRC,M,,,,1648,0,20,SEP25,2001,i
6530834,"Jiron Beirute, Adrian",CRC,M,,,,1593,0,20,SEP25,1971,i
6544428,"Juarez Hidalgo, Jimena",CRC,F,,,,1440,6,20,SEP25,2006,w
6559220,"Ketover Jenkins, Jacob Lawrence",CRC,M,,,,1484,0,40,SEP25,2007,
6554130,"Kurth Sanchez, Sebastian",CRC,M,,,,1492,0,40,SEP25,2008,
6570038,"La Touche Barrantes, Julian",CRC,M,,,,1539,0,40,SEP25,2010,
6516742,"Lacayo Kirov, Esther",CRC,F,,,,1471,0,20,SEP25,2004,wi
6563600,"Lacayo Kolyzhikhin, Ivan",CRC,M,,,,1553,0,40,SEP25,2013,
6570046,"Lara Mesen, Sophia Natalia",CRC,F,,,,1441,0,40,SEP25,2010,w
6569404,"Lara Moreno, Jose Adrian",CRC,M,,,,1453,0,40,SEP25,2011,
6512720,"Laurent, Carlos",CRC,M,,,,1549,0,20,SEP25,1970,i
6511422,"Le Roy Caceres, Viviana",CRC,F,,,,1455,0,20,SEP25,2004,wi
6531741,"Leandro Fuentes, Raul Martin",CRC,M,,,,1505,0,20,SEP25,1990,i
6513158,"Leandro Miranda, Cristopher",CRC,M,,,,1470,0,20,SEP25,2000,i
6565727,"Leguizamon Santamaria, Daniel A",CRC,M,,,,1465,4,20,SEP25,1993,
6518290,"Leiva Calvo, Luis Fernando",CRC,M,,,,1555,0,20,SEP25,1980,i
6555926,"Leiva Coto, Isaac Antonio",CRC,M,,,,1564,0,40,SEP25,2014,
6518222,"Leon Bermudez, Marcelo Tobias",CRC,M,,,,1516,0,40,SEP25,2010,i
6518230,"Leon Bermudez, Saul Jesus",CRC,M,,,,1457,0,40,SEP25,2012,i
6549985,"Leon Castro, Raquel Fiorela",CRC,F,,,,1510,0,20,SEP25,1987,wi
6511430,"Leon Cubero, Anthony",CRC,M,,,,1559,0,20,SEP25,2005,
6511317,"Leon Cubero, Brandon",CRC,M,,,,1649,0,20,SEP25,2003,i
6567010,"Leon Garcia, Brandon Liang",CRC,M,,,,1574,0,20,SEP25,2006,
6506054,"Leon Vargas, Mercedes Lucia",CRC,F,,NA,,1605,0,20,SEP25,2000,wi
6507654,"Leon Villalobos, Carlos Andres",CRC,M,,,,1704,0,20,SEP25,1997,i
6518338,"Leyva Montero, Rodolfo",CRC,M,,,,1968,0,20,SEP25,1968,
6558453,"Lezcano Martinez, Christopher",CRC,M,,,,1731,0,40,SEP25,2011,
6564933,"Liang Wu, Guan Zhong",CRC,M,,,,1626,0,20,SEP25,1992,i
6561543,"Lin Liao, Samuel",CRC,M,,,,1562,7,40,SEP25,2008,
6532853,"Lippi Azofeifa, Luciana",CRC,F,,,,1468,0,40,SEP25,2012,w
6558186,"Lippi Mena, Andres Eduardo",CRC,M,,NA,,1447,0,20,SEP25,1984,i
6576281,"Livingston Urena, Olston Isaac",CRC,M,,,,1533,0,20,SEP25,1979,
6543863,"Lizano Quiros, Matias Haziel",CRC,M,FM,,,2136,0,40,SEP25,2008,
6558461,"Loaiza Zuniga, Daniel Alejandro",CRC,M,,,,1540,0,20,SEP25,1995,i
6511562,"Lobo Meneses, Andrea Alejandra",CRC,F,,,,1571,0,40,SEP25,2007,wi
6509207,"Lobo Meneses, Natalia",CRC,F,,"SI,NA",,1664,0,20,SEP25,2003,wi
6514332,"Lopez Acevedo, William Alonso",CRC,M,,,,1684,0,20,SEP25,1977,i
6508014,"Lopez Bustos, David",CRC,M,,,,1664,0,20,SEP25,2004,i
6506291,"Lopez Duarte, Victor",CRC,M,,,,1826,0,20,SEP25,1985,
5110645,"Lopez Gomez, Jose Pablo",CRC,M,,,,1975,0,20,SEP25,1988,i
6573983,"Lopez Gomez, Santiago David",CRC,M,,,,1481,0,40,SEP25,2011,
6521878,"Lopez Hangen, Miguel Angel",CRC,M,,,,1416,0,40,SEP25,2010,i
6522343,"Lopez Lopez, Juan Francisco",CRC,M,,,,1652,0,20,SEP25,2004,i
6522912,"Lopez Rojas, Aaron",CRC,M,,,,1612,0,40,SEP25,2010,i
6502369,"Loria Cambronero, Giovanni Alonso",CRC,M,,,,1904,0,20,SEP25,1994,i
6556566,"Loria Molina, Sofia",CRC,F,,,,1594,0,40,SEP25,2012,w
6500480,"Machado Ramirez, Allan",CRC,M,,,,1985,0,20,SEP25,1983,i
6570143,"Madrigal Barrantes, Erick",CRC,M,,,,1492,0,40,SEP25,2008,
6571875,"Madrigal Mora, Hector Luis",CRC,M,,,,1630,0,20,SEP25,1985,
6519849,"Madrigal Morales, Fernando",CRC,M,,,,1891,0,20,SEP25,1968,i
6557112,"Madriz Rojas, Jose Francisco",CRC,M,,,,AFM,1604,0,SEP25,1988,
6501192,"Maltes Calderon, Sadrac",CRC,M,,,,1867,0,20,SEP25,1989,i
6570160,"Manzanares Artinano, Alberto",CRC,M,,,,1493,0,20,SEP25,1990,
6563708,"Manzanares Pinto, Guillermo",CRC,M,,,,1484,0,40,SEP25,2011,
6503080,"Marenco Fernandez, Oscar",CRC,M,,,,1938,0,20,SEP25,1981,i
6550827,"Marenco Garcia, Christopher E.",CRC,M,,,,1774,0,40,SEP25,2008,
6530982,"Marin Chacon, Andrey Alberto",CRC,M,,,,1543,0,20,SEP25,1996,i
6560016,"Marin Guevara, Mariana",CRC,F,,,,1558,0,40,SEP25,2012,w
6502385,"Marin Leon, Bryan Jesus",CRC,M,,,,1900,0,20,SEP25,1991,i
6503381,"Marin Leon, Valeria",CRC,F,WCM,WCM,,1767,0,20,SEP25,2000,wi
6504027,"Marin Lopez, Marco",CRC,M,,,,1954,0,20,SEP25,1986,i
6508146,"Marin Masis, Jose Esteban",CRC,M,CM,,,1903,0,20,SEP25,2000,i
6556604,"Marin Vargas, Aaron",CRC,M,,,,1454,0,40,SEP25,2012,
6523560,"Marino Martinez, Jesus David",CRC,M,,,,AFM,1635,0,SEP25,2004,i
6502393,"Martinez Acuna, Huber",CRC,M,,,,1874,0,20,SEP25,1986,
6509142,"Martinez Paz, Jonathan",CRC,M,,,,1666,0,20,SEP25,1999,i
6559115,"Masis Chaves, Sebastian",CRC,M,,,,1739,0,40,SEP25,2011,
6552854,"Mata Ballestero, Yerick Alexander",CRC,M,,,,1405,0,20,SEP25,2004,
6527140,"Mata Barquero, Brandon",CRC,M,,,,1474,0,20,SEP25,2006,
6551394,"Mata Solis, Jose Gerardo",CRC,M,,,,1411,0,20,SEP25,1961,
6512410,"Mata Tencio, Randall",CRC,M,,,,1884,9,20,SEP25,2002,
6524885,"Matamoros Canales, Pablo Daniel",CRC,M,,,,1565,0,20,SEP25,2004,
6554911,"Matarrita Masis, Jeyko",CRC,M,,,,1442,0,40,SEP25,2011,
6503802,"Matarrita Sequeira, Ricardo",CRC,M,,,,1766,8,20,SEP25,1976,
6500021,"Maynard Salazar, Francis",CRC,M,,,,2053,0,20,SEP25,1962,
6523919,"Mayorga Araya, Larissa",CRC,F,,,,1535,0,40,SEP25,2014,w
6514065,"Mayorga Araya, Sofia",CRC,F,WIM,WIM,,1858,0,40,SEP25,2009,w
6511090,"Mayorga Jimenez, Kevin",CRC,M,,,,1645,0,20,SEP25,1997,
6565654,"McPhail Chaves, Stephanie",CRC,F,,,,1553,0,20,SEP25,1981,wi
6508405,"Medina Mayorga, David Josue",CRC,M,,,,1572,0,20,SEP25,2003,i
6514081,"Medina Mayorga, Raquel",CRC,F,,,,1579,0,40,SEP25,2008,wi
6572820,"Medrano Guadamuz, Pablo Josias",CRC,M,,,,1587,0,40,SEP25,2014,
6505899,"Mejia Machado, Axel Neyl",CRC,M,,,,1694,0,20,SEP25,1993,i
6561691,"Mejias Ramirez, Luis Fernando",CRC,M,,,,1529,0,20,SEP25,1990,
6513522,"Melendez Arce, Kalet",CRC,M,,,,1799,0,20,SEP25,2003,i
6500552,"Melendez Vega, Esteban",CRC,M,,,,1982,0,20,SEP25,1978,i
6573886,"Mena Alvarez, Aidan Malik",CRC,M,,,,1538,0,40,SEP25,2010,
6520863,"Mena Brenes, Deyvid",CRC,M,,,,1594,0,20,SEP25,2005,i
6554946,"Mena Paz, Ezly Yalena",CRC,F,,,,1420,0,40,SEP25,2013,w
6556582,"Mena Sanchez, Janiel Jesus",CRC,M,,,,1484,0,40,SEP25,2012,
6516068,"Mena Vilchez, Ulises",CRC,M,,,,1722,0,20,SEP25,1952,
6557228,"Mendez Calvo, Ronald Alberto",CRC,M,,,,1645,0,20,SEP25,2001,
6513565,"Mendez Gonzalez, Jose Armando",CRC,M,,,,1735,0,20,SEP25,1998,i
6507336,"Mendez Moreno, Kevin Alberto",CRC,M,,,,1792,0,20,SEP25,2001,
6562817,"Mendez Ordonez, Johanan",CRC,M,,,,1414,0,40,SEP25,2011,
6510477,"Mendez Orozco, Fernando A",CRC,M,,,,1641,0,20,SEP25,1954,i
6500897,"Mendez Reyes, Oscar",CRC,M,,,,1920,0,20,SEP25,1988,i
6544533,"Meneses Castro, Jose Alejandro",CRC,M,,,,1633,0,20,SEP25,2002,
6545564,"Mesen Badilla, Carlos Manuel",CRC,M,,,,1588,0,20,SEP25,1993,i
6559689,"Mesen Diaz, Emma",CRC,F,,,,1533,0,40,SEP25,2014,w
6509479,"Mesen Jimenez, Elias Andrey",CRC,M,,,,1694,0,20,SEP25,1988,i
6544860,"Mesen Vega, Roberspiel",CRC,M,,"SI,NI",,1560,0,20,SEP25,1980,i
6520960,"Meza Arauz, Roney Alexander",CRC,M,,,,1499,0,20,SEP25,2004,i
6513697,"Meza Vega, Jose Antonio",CRC,M,,FA,,1812,7,20,SEP25,2004,
1512110,"Mihajlov, Sebastian",CRC,M,IM,,,2482,0,10,SEP25,1999,
6571808,"Milanes Tamayo Araya, Nicolas Antonio",CRC,M,,,,1457,0,20,SEP25,1999,
6565875,"Millon Alvarado, Christian",CRC,M,,,,1461,0,20,SEP25,1981,
6513700,"Millon Zamora, Cristian Josue",CRC,M,,,,1700,0,20,SEP25,2005,i
6500250,"Minero Pineda, Boris",CRC,M,,,,2068,0,20,SEP25,1970,i
6500277,"Minero Pineda, Carlos",CRC,M,,,,2004,0,20,SEP25,1972,i
6500374,"Minero Pineda, Sergio",CRC,M,IM,,,2384,0,20,SEP25,1974,i
6509347,"Miranda Arroyo, Jose Pablo",CRC,M,,,,1719,0,20,SEP25,2000,i
6561047,"Miranda Barrientos, Gabriel",CRC,M,,,,1577,0,40,SEP25,2010,
6513719,"Miranda Blanco, Aylan Josue",CRC,M,,,,1498,0,20,SEP25,2003,i
6535852,"Miranda Flores, Samy Manuel",CRC,M,,,,1713,0,20,SEP25,2006,
6509959,"Miranda Solano, Keylor",CRC,M,,,,AFM,1710,0,SEP25,1975,i
6508022,"Miranda Villalta, Jose Pablo",CRC,M,,,,1590,0,40,SEP25,2007,i
6551343,"Mock Hegg, Christopher",CRC,M,,,,1659,0,40,SEP25,2011,
6518818,"Mojica Zapata, Jose",CRC,M,,,,1704,0,20,SEP25,1951,i
6515363,"Molina Garcia, Alvaro Jose",CRC,M,,,,1727,0,20,SEP25,1987,i
6520995,"Molina Valverde, Weshly",CRC,F,,,,1468,0,20,SEP25,2006,wi
6518761,"Molina Venegas, Julian Ernesto",CRC,M,,,,1699,0,20,SEP25,1997,i
6524567,"Moncada Mata, Didier",CRC,M,,,,1661,0,20,SEP25,1986,i
6553044,"Moncada Sanchez, Samuel",CRC,M,,,,1471,0,20,SEP25,2004,i
6557589,"Monestel Sequeira, Andy Gabriel",CRC,M,,,,1490,0,40,SEP25,2012,i
6502415,"Monge Calvo, Hugo Luis",CRC,M,,,,1826,0,20,SEP25,1984,
6517480,"Monge Hernandez, Pablo Javier",CRC,M,,,,1738,0,20,SEP25,1983,i
6506500,"Monge Marin, Ernesto",CRC,M,,,,1830,0,20,SEP25,1998,i
6565891,"Monge Mata, Israel",CRC,M,,,,1429,0,40,SEP25,2011,
6513352,"Monge Ramirez, Abigail",CRC,F,,,,1456,0,40,SEP25,2007,wi
6558127,"Monge Villagra, Sebastian",CRC,M,,,,1516,0,40,SEP25,2007,i
6547648,"Monroy Soto, Esteban Ernesto",CRC,M,,,,1664,0,40,SEP25,2008,i
6509720,"Montealegre C., Federico",CRC,M,,,,1632,0,20,SEP25,1995,i
6500943,"Montenegro Masis, Pedro",CRC,M,,,,2103,0,20,SEP25,1989,i
6528651,"Montenegro Rojas, Mario Alejandro",CRC,M,,,,1545,0,40,SEP25,2010,
6520561,"Montero Alpizar, Sebastian",CRC,M,,,,1738,0,20,SEP25,1990,i
6551351,"Montero Chaves, Xavier",CRC,M,,,,1509,0,40,SEP25,2012,
6522181,"Montero Romero, Dany Jose",CRC,M,,NA,,1896,7,20,SEP25,2004,
6566855,"Montes Lopez, Daniel Antonio",CRC,M,,,,1613,0,40,SEP25,2008,
6561926,"Mora Acuna, Johnny Gabriel",CRC,M,,,,1453,0,40,SEP25,2008,
6531202,"Mora Barrantes, Pablo Jesus",CRC,M,,,,1603,0,20,SEP25,2000,i
6517536,"Mora Chacon, Mario Enrique",CRC,M,,,,1857,0,20,SEP25,1988,i
6521541,"Mora Chavarria, Sebastian Noel",CRC,M,,,,1705,0,20,SEP25,2006,
6514944,"Mora Fallas, Julian Antonio",CRC,M,,,,1614,0,40,SEP25,2007,i
6533507,"Mora Fallas, Maria Laura",CRC,F,,,,1405,0,20,SEP25,2003,w
6504841,"Mora Granados, Luis Arturo",CRC,M,,,,1944,0,20,SEP25,1995,i
6544258,"Mora Lopez, Maria Jose",CRC,F,,,,1568,0,40,SEP25,2008,wi
6522920,"Mora Mora, Jose Alberto",CRC,M,,,,1567,0,40,SEP25,2010,i
6510736,"Mora Nunez, Kevin",CRC,M,,,,1655,0,20,SEP25,2000,i
6555691,"Mora Rojas, Adam Alonso",CRC,M,,,,1474,0,40,SEP25,2009,i
6559450,"Mora Sanchez, Francisco Jesus",CRC,M,,,,1602,0,20,SEP25,2005,
6524702,"Mora Solano, Brandon Steven",CRC,M,,,,1405,0,20,SEP25,2005,i
6526306,"Mora Soto, Jorge Adan",CRC,M,,,,1597,0,20,SEP25,2001,i
6562159,"Moraga Espinoza, Christina",CRC,F,,,,1505,0,40,SEP25,2013,w
6510850,"Morales Cascante, Luis Diego",CRC,M,,,,1431,0,20,SEP25,2006,
6509495,"Morales Chacon, Mauricio",CRC,M,,,,1745,0,20,SEP25,1999,i
6512429,"Morales Jimenez, Dennis Alonso",CRC,M,,,,1634,0,20,SEP25,2003,i
6558135,"Morales Leiton, Mateo",CRC,M,,,,1556,0,40,SEP25,2014,
6532730,"Morales Masis, Francisco",CRC,M,,,,1619,0,20,SEP25,1983,i
6528317,"Morales Sanchez, Reyner",CRC,M,,,,1672,0,20,SEP25,1970,i
6564607,"Morales Vasquez, Thiago Marcel",CRC,M,,,,1572,0,40,SEP25,2014,
6518303,"Morales Zumbado, Raul",CRC,M,,,,1549,0,20,SEP25,1968,
6508669,"Moran Hernandez, Juan Alfredo",CRC,M,,,,1702,0,20,SEP25,1990,i
6500951,"Moran, Mike",CRC,M,,,,1654,0,20,SEP25,1949,i
6528953,"Morantes Rodriguez, Jose Nicolas",CRC,M,,,,1627,0,20,SEP25,1990,i
6505910,"Morera Campos, Heizel Maria",CRC,F,WIM,WIM,NA,1823,0,20,SEP25,1997,w
6505473,"Morera Campos, Yanori Maria",CRC,F,WCM,WCM,,1818,0,20,SEP25,1992,w
6570879,"Morun Moreira, Lucas",CRC,M,,,,1522,0,40,SEP25,2012,
6530320,"Moya Cabrera, Mathias Bernardo",CRC,M,,,,1446,0,40,SEP25,2011,
6511716,"Moya Morales, Rafael",CRC,M,,,,1789,0,20,SEP25,1957,i
6520308,"Moya Salas, Frander",CRC,M,,,,1557,0,20,SEP25,2000,i
6523790,"Munoz Aguilar, Ismael",CRC,M,,,,1469,0,40,SEP25,2011,
6572782,"Munoz Calderon, Efrain",CRC,M,,,,1540,0,40,SEP25,2012,
6522998,"Munoz Garcia, Flavio Estuardo",CRC,M,,,,1850,0,20,SEP25,2003,
6512933,"Munoz Ramirez, Kyara Vanessa",CRC,F,,NA,,1525,0,20,SEP25,2005,w
6500579,"Munoz Solis, Carolina",CRC,F,WIM,WIM,FI,1960,0,20,SEP25,1980,wi
6516041,"Munoz Solis, Esteban",CRC,M,,,,1705,0,20,SEP25,1983,i
6504884,"Munoz Valerio, Airton Ariel",CRC,M,,,,1821,0,20,SEP25,1995,i
6501079,"Murillo Arguedas, Jaime",CRC,M,,,,1867,0,20,SEP25,1973,i
6571280,"Murillo Arias, Daniel Antonio",CRC,M,,,,1601,0,20,SEP25,1986,
6518931,"Murillo Borovik, Alexander",CRC,M,,,,1728,0,20,SEP25,2003,i
6505660,"Murillo Chaves, Esteban",CRC,M,,,,1973,0,20,SEP25,2000,i
6544479,"Murillo Fernandez, Emilio",CRC,M,,,,1671,0,20,SEP25,1981,i
6504892,"Murillo Gonzalez, Carlos Esteban",CRC,M,FM,FI,,1997,0,20,SEP25,1998,
6507344,"Murillo Gonzalez, David",CRC,M,,,,1658,0,20,SEP25,2000,i
6502857,"Murillo Ortiz, Gustavo",CRC,M,,,,1978,0,20,SEP25,1981,i
6510868,"Murillo Picado, Ricardo",CRC,M,,,,1624,0,40,SEP25,2007,i
6514120,"Murillo Rojas, Pablo Samuel",CRC,M,,,,1467,0,40,SEP25,2007,i
6500218,"Murillo Tsijli, Alexis",CRC,M,IM,FA,,2203,0,20,SEP25,1971,i
6500196,"Murillo Tsijli, Manuel",CRC,M,,,,1891,0,20,SEP25,1965,
6510590,"Murillo Varela, Ricardo",CRC,M,,,,1830,0,20,SEP25,1982,
6519938,"Navarrete Badilla, Myckel",CRC,M,,NA,,1783,0,20,SEP25,2004,
6563198,"Navarro Todd, Luis Carlos",CRC,M,,,,1503,0,20,SEP25,2004,i
6563112,"Navas Pereira, Eduardo Kane",CRC,M,,,,1533,0,40,SEP25,2011,
6544487,"Nelson Ulloa, Brian Ricardo",CRC,M,,,,ACM,1572,0,SEP25,1984,i
6508421,"Nunez Castro, Max Alejandro",CRC,M,,,,1576,0,20,SEP25,2000,i
6505694,"Nunez Gonzalez, Joshebeth Elena",CRC,F,,,,1710,0,20,SEP25,1994,wi
6504396,"Nunez Gonzalez, Neeshmy",CRC,F,WCM,WCM,FA,1838,0,20,SEP25,1995,wi
6511570,"Nunez Okubo, Emy",CRC,F,,,,1431,0,40,SEP25,2007,wi
6508430,"Nunez Okubo, Isao",CRC,M,CM,,,1771,0,20,SEP25,2005,i
6500927,"Nunez Valverde, Jairo",CRC,M,,,,1982,0,20,SEP25,1980,
6566561,"Obando Areas, Jose Nemesio",CRC,M,,,,1614,0,20,SEP25,1979,
6523579,"Obando Carmona, Alonso",CRC,M,,,,1725,0,20,SEP25,1996,i
6540651,"Obando Lopez, Andres",CRC,M,,,,1663,0,20,SEP25,1987,
6509754,"Ocampo Arias, Jose Ignacio",CRC,M,,,,1594,0,20,SEP25,2003,i
6514138,"Ocampo Nunez, Jose Fabian",CRC,M,,,,1576,0,40,SEP25,2007,i
6512674,"Ocanegra, Danny",CRC,M,,,,1959,0,20,SEP25,1990,i
6513379,"Orlich Ramirez, Jose Rodrigo",CRC,M,,,,1503,0,40,SEP25,2007,i
6558976,"Orna Chaves, Alejandro Jesus",CRC,M,,,,1418,0,40,SEP25,2015,
6558852,"Orna Chaves, David Gabriel",CRC,M,,,,1643,0,40,SEP25,2014,
6512020,"Orozco Centeno, Mariana",CRC,F,,,,1521,0,20,SEP25,2004,wi
6508448,"Orozco Centeno, Melissa",CRC,F,,,,1674,0,20,SEP25,2001,wi
6517544,"Orozco Rodriguez, Yarod G",CRC,M,,,,1738,0,20,SEP25,1999,i
6558984,"Orozco Sanchez, Matias",CRC,M,,,,1462,0,40,SEP25,2014,
6566901,"Ortega Canisales, Aaden Josue",CRC,M,,,,1647,0,40,SEP25,2009,
6505708,"Ortiz Benavides, Victor",CRC,M,,,,1495,0,20,SEP25,1999,
6535089,"Ortiz Sojo, Jorge Fernando",CRC,M,,,,1438,0,20,SEP25,1967,i
6568823,"Osorio Thurman, Kenneth Ariel",CRC,M,,,,1449,0,40,SEP25,2011,
6553125,"Ovalles Guerrero, Diego",CRC,M,,,,1433,0,40,SEP25,2013,
6519512,"Paniagua Castro, Boris",CRC,M,,,,1667,0,20,SEP25,1966,i
6568440,"Paredes, Jose Rafael",CRC,M,,,,1437,0,20,SEP25,1977,i
6516718,"Pastor Carvajal, Jeigoth",CRC,M,CM,NA,,1997,0,20,SEP25,2004,
6500390,"Peraza Alvarez, Rafael Eduardo",CRC,M,,,,1969,0,20,SEP25,1970,i
6559395,"Peraza Artavia, Pablo Josue",CRC,M,,SI,,1629,0,20,SEP25,1981,
6567126,"Peraza Cedrez, Daniel",CRC,M,,,,1408,0,20,SEP25,1983,
6573290,"Pereira Torres, Deiner Alfred",CRC,M,,,,1427,0,40,SEP25,2009,
6509975,"Perez Acuna, Yuliana",CRC,F,,,,1420,0,20,SEP25,2002,wi
6561128,"Perez Amador, Sebastian Alberto",CRC,M,,,,1411,0,40,SEP25,2016,
6518311,"Perez Gastelu, Jorge Alejandro",CRC,M,,,,2076,0,20,SEP25,1983,i
6511325,"Perez Granados, Marian",CRC,F,,,,1470,0,20,SEP25,2002,wi
6518354,"Perez Granados, Moises",CRC,M,,,,1609,0,20,SEP25,1986,i
6529178,"Perez Ramirez, Carlos Alberto",CRC,M,,,,1841,0,20,SEP25,1991,i
6507956,"Picado Brenes, Elias",CRC,M,,,,1771,0,20,SEP25,1963,i
6563473,"Picado Huertas, Oscar Antonio",CRC,M,,,,1446,0,40,SEP25,2009,
6523838,"Piedra Madrigal, Carlos Andres",CRC,M,,,,1755,0,20,SEP25,1995,i
6512593,"Pineda Vargas, Kevin",CRC,M,,,,1617,0,20,SEP25,1999,i
6519857,"Pomares Herrera, Efrain",CRC,M,,,,1653,0,20,SEP25,1948,
6524370,"Pomares Mendez, Noel David",CRC,M,,,,1663,0,20,SEP25,1997,i
6500544,"Porras Bolivar, Gerald",CRC,M,,,,1990,0,20,SEP25,1971,i
6559824,"Porras Briones, Saymon",CRC,M,,,,1450,0,20,SEP25,2005,i
6559832,"Porras Calderon, Oscar Jose",CRC,M,,,,1573,0,40,SEP25,2007,i
6563210,"Porras Cascante, Oscar Jose",CRC,M,,,,1457,0,20,SEP25,1963,i
6504930,"Porras Chavarria, Michael",CRC,M,,,,1766,0,20,SEP25,2002,i
6504949,"Porras Chavarria, Pamela Maria",CRC,F,,NA,,1585,0,20,SEP25,2000,wi
6504957,"Porras Chavarria, Steve",CRC,M,,NA,,1906,0,20,SEP25,1998,i
6504965,"Pozo Gonzalez, Estefania",CRC,F,,,,1625,0,20,SEP25,1999,wi
6508030,"Quesada Calderon, Carolayne",CRC,M,,,,1758,0,20,SEP25,2002,i
6503900,"Quesada Campos, Jordi Alessandre",CRC,M,CM,,,1981,0,20,SEP25,1999,
6513743,"Quesada Fallas, Esteban",CRC,M,,,,1841,9,20,SEP25,2006,
6550894,"Quesada Gamboa, Kevin",CRC,M,,,,1621,0,20,SEP25,2005,
6525113,"Quesada Guevara, Max",CRC,M,,,,1716,0,20,SEP25,1969,i
6513166,"Quesada Leon, Joshua",CRC,M,,,,1861,9,20,SEP25,2002,
6525059,"Quesada Mendez, Jose Pablo",CRC,M,,,,1535,0,40,SEP25,2008,i
6503578,"Quesada Monge, Edgar Eduardo",CRC,M,,,,1458,0,20,SEP25,1968,i
6508464,"Quesada Salcedo, Jacobo",CRC,M,,,,1705,0,20,SEP25,2000,i
6503160,"Quesada Ulate, Randall",CRC,M,,,,2057,0,20,SEP25,1983,i
6525067,"Quesada Vasquez, Greivin Gerardo",CRC,M,,,,1402,0,40,SEP25,2008,i
6534716,"Quevedo Bermudez, Sergio",CRC,M,,,,1642,0,20,SEP25,1999,i
6511333,"Quiros Acuna, Nicole",CRC,F,,,,1561,0,20,SEP25,2002,wi
6511589,"Quiros Acuna, Sebastian",CRC,M,,,,1595,0,40,SEP25,2007,i
6503586,"Quiros Araya, Jose Pablo",CRC,M,,,,2019,0,20,SEP25,1980,i
6507751,"Quiros Avendano, Luis Alejandro",CRC,M,,,,1774,0,20,SEP25,1999,i
6503594,"Quiros Cajina, Allan",CRC,M,,,,1637,0,20,SEP25,1992,
6562876,"Quiros Fernandez, Dereck",CRC,M,,,,1634,0,20,SEP25,2006,
6570089,"Quiros Gomez, Marvin Gabriel",CRC,M,,,,1423,0,20,SEP25,2006,
6516629,"Ramirez Aguilar, Julian Jose",CRC,M,,,,1941,9,40,SEP25,2009,
6503608,"Ramirez Almeciga, Cristian A.",CRC,M,,,,1935,0,20,SEP25,1995,i
6503616,"Ramirez Almeciga, Yenny Melisa",CRC,F,,,,1740,0,20,SEP25,1997,wi
6505007,"Ramirez Arroyo, Joan Emmanuel",CRC,M,,,,1958,0,20,SEP25,1997,i
6532128,"Ramirez Avendano, Freddy",CRC,M,,,,1620,0,20,SEP25,1949,
6510582,"Ramirez Camacho, Daniel",CRC,M,,NA,,1716,0,20,SEP25,1995,i
6501087,"Ramirez Gonzalez, Jose Alexander",CRC,M,,,,1791,0,20,SEP25,1981,
6503349,"Ramirez Gonzalez, Maria Jose",CRC,F,WFM,WFM,,1774,0,20,SEP25,1997,w
6565808,"Ramirez Guillen, Josua Steven",CRC,M,,,,1461,0,20,SEP25,2004,
6558291,"Ramirez Hidalgo, Mauricio",CRC,M,,,,1594,0,20,SEP25,1995,
6507760,"Ramirez Jimenez, Eddy",CRC,M,,,,1900,0,20,SEP25,1984,
6508480,"Ramirez Madrid, Daniel Alberto",CRC,M,,,,1602,0,20,SEP25,2006,i
6505945,"Ramirez Madrid, Gerardo Alfonso",CRC,M,FM,,,1896,0,20,SEP25,2002,
6508472,"Ramirez Marchena, Carlos Andres",CRC,M,,,,1696,0,20,SEP25,2002,i
6507778,"Ramirez Monge, Cassandra",CRC,F,,,,1645,0,20,SEP25,1999,wi
6507786,"Ramirez Monge, Karina",CRC,F,,,,1628,0,20,SEP25,1997,wi
6562485,"Ramirez Ordonez, Brandon Adrian",CRC,M,,,,1517,0,40,SEP25,2007,
6504990,"Ramirez Pacheco, Andres Alonso",CRC,M,,,,1662,0,20,SEP25,1991,
6503179,"Ramirez Quesada, Franklin",CRC,M,,,,1781,0,20,SEP25,1966,i
6509983,"Ramirez Valerio, Christian",CRC,M,,,,1773,0,20,SEP25,1978,i
6511635,"Ramos Rodriguez, Daniel",CRC,M,,,,1896,0,40,SEP25,2009,
6548776,"Ramos Serrano, David Andreny",CRC,M,,,,1659,0,20,SEP25,2004,
6576290,"Razuvaev, Fedor",CRC,M,,,,1533,0,20,SEP25,1986,
6522360,"Redondo Chavarria, Carlos Andres",CRC,M,,,,1642,0,20,SEP25,2004,i
6509355,"Redondo Gomez, Werner",CRC,M,,,,1876,0,20,SEP25,1978,
6501397,"Redondo Vargas, Diego Alejandro",CRC,M,,,,1916,0,20,SEP25,1975,i
6511970,"Redondo Washington, Josymar",CRC,M,,,,AIM,1758,0,SEP25,2005,
6553133,"Reyes Molina, Eliot Jozeph",CRC,M,,,,1533,0,40,SEP25,2011,i
6559271,"Reyes Sarmiento, Aaron",CRC,M,,,,1578,0,40,SEP25,2008,
6564488,"Rincon Betancourt, Jose Alejandro",CRC,M,,,,1514,0,40,SEP25,2010,
6509509,"Rivas Calderon, Victor Julio",CRC,M,,,,1745,0,20,SEP25,1994,
6509797,"Rivera Coto, Isaac",CRC,M,,,,1789,0,20,SEP25,1994,i
6505961,"Rivera Gonzalez, Jose Alexis",CRC,M,,NA,,1895,0,20,SEP25,2000,i
6534635,"Rivera Gutierrez, Geannina Isabela",CRC,F,,,,1766,8,40,SEP25,2009,w
6561969,"Rivera Mora, Gabriel",CRC,M,,,,1574,0,40,SEP25,2009,
6515649,"Rivera Morales, Jose Francisco",CRC,M,,,,1473,0,20,SEP25,2001,i
6508677,"Rivera Obando, Juan Jose",CRC,M,,,,1736,0,20,SEP25,1993,i
6563880,"Rivera Oses, Joel David",CRC,M,,,,1414,0,40,SEP25,2008,
6545572,"Rivera Sibaja, Gustavo Adolfo",CRC,M,,,,1802,0,20,SEP25,1966,i
6553060,"Rizo Vanegas, Yostin Jossue",CRC,M,,,,ACM,1526,0,SEP25,2002,i
6519954,"Rodriguez Abarca, Aron",CRC,M,,,,1523,0,40,SEP25,2008,i
6528988,"Rodriguez Altamirano, Pablo Arush",CRC,M,,,,1513,0,40,SEP25,2011,
6523005,"Rodriguez Araya, Oscar Mario",CRC,M,,,,1525,0,20,SEP25,2001,i
6502903,"Rodriguez Arrieta, Jose Allan",CRC,M,,FI,,1858,0,20,SEP25,1984,i
6502911,"Rodriguez Arrieta, Maria Elena",CRC,F,WIM,WIM,,1830,0,20,SEP25,1990,w
6565816,"Rodriguez Blando, Mathias",CRC,M,,,,1470,0,40,SEP25,2010,
6568726,"Rodriguez Campos, Jhonan Josue",CRC,M,,,,1606,0,40,SEP25,2010,i
6506127,"Rodriguez Campos, Jonathan",CRC,M,,,,1756,0,20,SEP25,1983,i
6519865,"Rodriguez Castillo, Gerardo",CRC,M,,,,1584,0,20,SEP25,2000,i
6500668,"Rodriguez Chaverri, David",CRC,M,,,,2012,0,20,SEP25,1979,i
6518370,"Rodriguez Ching, Luis Carlos",CRC,M,,,,1897,0,20,SEP25,1962,i
6560148,"Rodriguez Gonzalez, David",CRC,M,,,,1441,0,20,SEP25,1990,i
6550959,"Rodriguez Gonzalez, Santiago",CRC,M,,,,1703,0,40,SEP25,2008,
6512682,"Rodriguez Jimenez, Jose Daniel",CRC,M,,,,1848,0,20,SEP25,2001,
6563236,"Rodriguez Munguia, Rafael",CRC,M,,,,1530,0,20,SEP25,1990,
6512046,"Rodriguez Nunez, Diana Paula",CRC,F,,,,1416,0,20,SEP25,2004,wi
6508502,"Rodriguez Potoy, Nilson Jose",CRC,M,,,,1410,0,20,SEP25,2003,i
6514308,"Rodriguez Retana, Sofia",CRC,F,,,,1579,0,20,SEP25,2006,wi
6500340,"Rodriguez Rodriguez, Adrian",CRC,M,,,,2067,0,20,SEP25,1972,i
6526322,"Rodriguez Romero, Axel Gabriel",CRC,M,,,,1774,0,20,SEP25,2002,i
6572103,"Rodriguez Romero, Walter Hugo",CRC,M,,,,1512,0,20,SEP25,1987,
6567118,"Rodriguez Solis, Pablo Andres",CRC,M,,,,1505,0,40,SEP25,2013,
6524575,"Rodriguez Vargas, Brandon Jesus",CRC,M,,NA,,1566,0,20,SEP25,2004,
6553079,"Rodriguez Vargas, Luis Fernando",CRC,M,,,,1507,0,20,SEP25,2000,i
6565328,"Rodriguez Zuniga, Matias Yermay",CRC,M,,,,1685,0,40,SEP25,2011,
6526799,"Rodriguez, Yovanny Wilfredo",CRC,M,,,,1854,0,20,SEP25,1970,i
6513760,"Rojas Arias, Sebastian",CRC,M,,,,1576,0,20,SEP25,2005,i
6539190,"Rojas Barrantes, Rad el",CRC,M,,,,1594,0,20,SEP25,1984,
6552358,"Rojas Bogantes, Carlos Daniel",CRC,M,,,,1448,0,40,SEP25,2010,i
6553087,"Rojas Cascante, Derek",CRC,M,,,,1498,0,40,SEP25,2008,
6504388,"Rojas Castro, Ismael",CRC,M,,,,1915,0,20,SEP25,1970,i
6519660,"Rojas Chacon, Steven",CRC,M,,,,1545,0,20,SEP25,2003,i
6508510,"Rojas Cisneros, Kevin",CRC,M,,,,1949,0,20,SEP25,1999,i
6517579,"Rojas Esquivel, Alejandro",CRC,M,,,,1452,0,40,SEP25,2007,i
6517587,"Rojas Esquivel, Luis Julian",CRC,M,,,,1482,0,20,SEP25,2004,i
6509517,"Rojas Guillen, Paulo Cesar",CRC,M,,,,1464,0,20,SEP25,1986,i
6521673,"Rojas Hidalgo, Jorge",CRC,M,,,,1428,0,20,SEP25,2004,i
6511139,"Rojas Melendez, Luis Arturo",CRC,M,,,,1523,0,20,SEP25,1995,i
6562728,"Rojas Montero, Alex Francisco",CRC,M,,,,1552,0,20,SEP25,1985,i
6516920,"Rojas Montoya, Esteban",CRC,M,,,,1503,0,40,SEP25,2008,i
6513409,"Rojas Mora, Ana Lucia",CRC,F,,,,1445,0,40,SEP25,2008,wi
6513417,"Rojas Mora, Elena",CRC,F,,,,1501,0,40,SEP25,2010,wi
6513425,"Rojas Mora, Jose Elias",CRC,M,,,,1614,0,20,SEP25,2005,i
6512992,"Rojas Mora, Juan Gerardo",CRC,M,,,,1549,0,20,SEP25,2004,i
6513441,"Rojas Mora, Maria Salvadora",CRC,F,,,,1638,0,20,SEP25,2006,wi
6560377,"Rojas Ordonez, Christian Gabriel",CRC,M,,,,1560,0,40,SEP25,2007,
6511473,"Rojas Pacheco, Camila",CRC,F,,,,1543,0,20,SEP25,2005,wi
6548482,"Rojas Vindas, Emmanuel de Jesus",CRC,M,,,,1915,0,40,SEP25,2007,
6561721,"Roldan Brenes, Eduardo Eugenio",CRC,M,,,,1688,0,20,SEP25,2004,
6509800,"Roman Alvarado, Mercy",CRC,F,,,,1500,0,20,SEP25,1998,wi
6506755,"Roman Rodriguez, Carlos",CRC,M,,,,1657,0,20,SEP25,1998,
6512607,"Romero Bello, Roger",CRC,M,,,,1726,0,20,SEP25,1998,
6505015,"Romero Bonilla, Jonathan",CRC,M,,,,1511,0,20,SEP25,1989,i
6556914,"Romero Cerdas, Moises Alonso",CRC,M,,,,1547,0,40,SEP25,2010,
6562655,"Romero Diaz, Santiago",CRC,M,,,,1541,0,40,SEP25,2012,
6550630,"Romero Pereira, Thomas David",CRC,M,,,,1478,0,40,SEP25,2015,i
6508049,"Rosales Gonzalez, Erick Josue",CRC,M,,NA,,1866,0,20,SEP25,2001,i
6512062,"Rosales Gonzalez, Jessica",CRC,F,,NA,,1596,0,20,SEP25,2001,wi
6548490,"Rosales Rodriguez, Isaac Israel",CRC,M,,,,1693,0,20,SEP25,2006,
6506160,"Rosenstock Gelber, Samuel",CRC,M,,,,1548,0,20,SEP25,2005,i
6500048,"Rovira Mas, Jorge",CRC,M,CM,,,1931,0,20,SEP25,1950,
6507352,"Rubi Lopez, Bryan Jose",CRC,M,,,,1526,0,20,SEP25,1998,i
6524494,"Ruiz Alfaro, Darrel",CRC,M,,,,1844,8,20,SEP25,2005,
6538495,"Ruiz Blais, Julien Angel",CRC,M,,,,1662,0,20,SEP25,1985,
6501249,"Ruiz Blais, Sebastian",CRC,M,,,,2174,0,20,SEP25,1989,i
6505040,"Ruiz Carranza, Klever",CRC,M,,,,1756,0,20,SEP25,1949,
6509991,"Ruiz Coronado, Maykel",CRC,M,,,,1640,0,20,SEP25,2000,i
6575420,"Ruiz Guadamuz, Franklin Manuel",CRC,M,,,,1738,0,20,SEP25,1995,
6501850,"Ruiz Segura, John Phillips",CRC,M,,,,1499,0,20,SEP25,1952,
6502580,"Ruiz Simes, Glenn",CRC,M,,NA,,1613,0,20,SEP25,1987,
6522378,"Saenz Jarquin, Maykol",CRC,M,,,,1749,0,20,SEP25,1998,i
6560911,"Salas Chinchilla, Mariangel",CRC,F,,,,1426,0,40,SEP25,2012,w
6507158,"Salas Estrada, Ana Maria",CRC,F,,,,1456,0,20,SEP25,1997,w
6505716,"Salas Torres, Pamela",CRC,F,WCM,WCM,,1872,0,20,SEP25,1998,wi
6516700,"Salazar Artavia, Keylor",CRC,M,,,,1544,0,40,SEP25,2009,i
6524800,"Salazar Delgado, Aylin Naomi",CRC,F,,,,1521,0,40,SEP25,2008,w
6558798,"Salazar Espinoza, Mauricio",CRC,M,,,,1453,0,40,SEP25,2012,
6511643,"Salazar Gould, Kristy Valeria",CRC,F,,,,1742,0,40,SEP25,2008,w
6505090,"Salazar Gould, Melanie",CRC,F,CM,WFM,,1865,0,20,SEP25,2003,wi
6568394,"Salazar Hernandez, Allan Z.",CRC,M,,,,1544,0,20,SEP25,1982,
6508529,"Salazar Nunez, Basilio",CRC,M,,,,1731,0,20,SEP25,1999,i
6508537,"Salazar Nunez, Ismael",CRC,M,,,,1595,0,20,SEP25,2000,i
6509576,"Salazar Obando, Carlos",CRC,M,,,,1780,0,20,SEP25,1977,i
6568408,"Salazar Quiros, Maria Regina",CRC,F,,,,1519,0,40,SEP25,2012,w
6567479,"Salazar Segura, Kevin Gabriel",CRC,M,,,,1466,0,40,SEP25,2012,
6503640,"Salazar Zumbado, Stanley",CRC,M,,,,1908,0,20,SEP25,1984,i
6506810,"Salinas Salazar, Emmanuel",CRC,M,,,,1700,0,20,SEP25,1992,i
6527728,"Samper Porras, David",CRC,M,,,,1542,0,40,SEP25,2007,
6521134,"Sanchez Campos, Alexander",CRC,M,,,,1636,0,20,SEP25,2002,i
6523412,"Sanchez Centeno, Deivid Andres",CRC,M,,,,1454,0,40,SEP25,2010,
6523315,"Sanchez Centeno, Lisandra Angeline",CRC,F,,,,1441,0,20,SEP25,2005,w
6505104,"Sanchez Corrales, Carlos Julian",CRC,M,,,,1682,0,20,SEP25,1999,i
6512097,"Sanchez Delgado, Roberto",CRC,M,,,,1674,0,20,SEP25,1958,i
6502601,"Sanchez Garro, Juan Gabriel",CRC,M,,,,1967,0,20,SEP25,1986,i
6561179,"Sanchez Icaza, Brian",CRC,M,,,,1439,0,40,SEP25,2014,
6550363,"Sanchez Rodriguez, Luis Mc",CRC,M,,,,1624,0,20,SEP25,1988,i
6566677,"Sanchez Sanchez, Karen Eliza",CRC,F,,,,1611,0,40,SEP25,2007,w
6521681,"Sancho Lopez, Angel",CRC,M,,,,1517,0,20,SEP25,2005,i
6508880,"Sandi Barrantes, Victoria",CRC,F,,NA,,1617,7,20,SEP25,2004,w
6509150,"Sandi Castro, Allan",CRC,M,,,,1751,0,20,SEP25,1999,
6511490,"Sandi Quiros, Debora Shasly",CRC,F,,,,1623,0,20,SEP25,2005,wi
6511376,"Sandi Quiros, Junior Andrey",CRC,M,,,,1708,0,20,SEP25,2003,i
6572111,"Sandi Vargas, Kevin Andrey",CRC,M,,,,1475,0,20,SEP25,1998,
6573177,"Sandoval Blanco, Gustavo",CRC,M,,,,1553,0,40,SEP25,2008,
6535011,"Sandoval Loaiciga, Aldric",CRC,M,,,,1457,0,40,SEP25,2012,
6563244,"Santhosh, Mithila Lakshmi",CRC,F,,,,1507,0,40,SEP25,2016,w
6524460,"Santhosh, Shanmugam",CRC,M,,,,1467,0,20,SEP25,1987,
6555683,"Seas Alvarez, Jordan Leonardo",CRC,M,,,,1533,0,20,SEP25,2006,
6503918,"Segura Calderon, Ronald",CRC,M,,,,1708,0,20,SEP25,1958,i
6507379,"Segura Cordero, Ariel",CRC,M,,,,1646,0,40,SEP25,2007,
6531083,"Segura Mora, Jairo",CRC,M,,,,1698,0,20,SEP25,1987,i
6545580,"Segura Rojas, Angelo",CRC,M,,,,1539,0,20,SEP25,2003,i
6517102,"Segura Sanchez, Francisco",CRC,M,,,,1466,0,20,SEP25,2006,i
6530389,"Segura Sandoval, Geovanny",CRC,M,,,,1470,0,20,SEP25,1996,
6506151,"Sell Soto, Carlos",CRC,M,,,,1934,0,20,SEP25,1967,i
6511651,"Semana Ramirez, Brenda",CRC,F,WCM,WCM,,1545,0,40,SEP25,2008,wi
6511597,"Semana Ramirez, Jerian",CRC,M,,,,1622,0,20,SEP25,2006,i
6556221,"Serrano Fonseca, Rachel Nicole",CRC,F,,,,1458,0,40,SEP25,2015,w
6519679,"Serrano Marin, Jorge",CRC,M,,,,1711,0,20,SEP25,1998,
6536433,"Serrano Quiros, Allan Mauricio",CRC,M,,,,1433,0,20,SEP25,1980,
6521495,"Serrasin Fonseca, Roberth Esteban",CRC,M,,,,1474,0,40,SEP25,2007,
6506062,"Shih Gould, Annie",CRC,F,WCM,WCM,,1845,0,20,SEP25,2004,wi
6506070,"Shih Gould, Danny",CRC,M,FM,,,1836,0,20,SEP25,2006,i
6517595,"Shion Solis, Esteban Jesus",CRC,M,,,,1635,0,20,SEP25,2005,i
6510000,"Sibaja Tellez, Josue",CRC,M,,,,1747,0,20,SEP25,1998,i
6507263,"Sierra Berrocal, Auriel",CRC,M,,,,1586,0,20,SEP25,2004,i
6507271,"Sierra Berrocal, Gabriela",CRC,F,,,,1555,0,20,SEP25,2003,wi
6512739,"Smith Dittel, Magdiel",CRC,M,,,,1620,0,20,SEP25,2000,i
6544070,"Solano Arias, Saul",CRC,M,,,,1639,0,40,SEP25,2012,i
6528325,"Solano Calderon, Fabricio",CRC,M,,,,1658,0,20,SEP25,1970,
6560890,"Solano Carranza, Alejandro",CRC,M,,,,1524,0,40,SEP25,2011,i
6505155,"Solano Cordero, Jorge Alexis",CRC,M,,,,1872,7,20,SEP25,2001,
6500323,"Solano Cruz, Agustin",CRC,M,CM,,,1871,0,20,SEP25,1965,i
6504299,"Solano Cuya, Bryan",CRC,M,IM,,,2289,0,20,SEP25,1996,
6570844,"Solano Hidalgo, Kenneth",CRC,M,,,,1573,0,40,SEP25,2011,
6500609,"Solano Lopez, Royner",CRC,M,,,,1967,0,20,SEP25,1974,i
6535860,"Solano Monge, Luis Guillermo",CRC,M,,,,1435,0,20,SEP25,1968,
6506321,"Solano Piedra, Max",CRC,M,,,,1782,0,20,SEP25,1994,i
6562051,"Solano Portillo, Manuel David",CRC,M,,,,1440,0,40,SEP25,2010,
6504280,"Solano Saltachin, Carlos Andres",CRC,M,,,,1885,0,20,SEP25,2001,i
6507166,"Solano Saltachin, Javier",CRC,M,,,,1605,0,20,SEP25,2003,i
6507174,"Solano Saltachin, Ruth",CRC,F,,,,1510,0,20,SEP25,2005,wi
6509827,"Soler Rivas, Andres",CRC,M,,,,1533,0,20,SEP25,2001,i
6565905,"Soley Rojas, Fabricio",CRC,M,,,,1401,0,20,SEP25,1991,
6550142,"Solis Alvarado, Abigail",CRC,F,,,,1450,0,40,SEP25,2011,w
6542972,"Solis Barrantes, Carlos Fernando",CRC,M,,,,1663,0,20,SEP25,1992,i
6530567,"Solis Barrantes, Samantha",CRC,F,,,,1457,0,40,SEP25,2011,wi
6506828,"Solis Gatgens, Isaac",CRC,M,,,,1714,0,20,SEP25,1998,
6504159,"Solis Gomez, Jose Alberto",CRC,M,,,,1851,0,20,SEP25,1963,i
6500641,"Solis L., Efren A.",CRC,M,CM,,,1844,9,20,SEP25,1967,
6507867,"Solis Prieto, Javier",CRC,M,,,,1812,0,20,SEP25,1997,
6550460,"Solis Rojas, Jose Pablo",CRC,M,,,,1482,0,40,SEP25,2013,
6519580,"Solis Solano, Eduardo Mauricio",CRC,M,,,,1579,0,20,SEP25,2004,i
6534015,"Sor, Dafne",CRC,F,,,,1513,0,20,SEP25,1999,wi
6502652,"Sotela Vargas, Felipe",CRC,M,,,,1899,0,20,SEP25,1983,i
6542999,"Sotelo Izaguirre, Isaac David",CRC,M,,,,1656,0,20,SEP25,1992,
6507387,"Soto Alfaro, Braulio",CRC,M,,,,1654,0,20,SEP25,2002,i
6558909,"Soto Barrantes, Ariana",CRC,F,,,,1591,0,40,SEP25,2012,w
6520383,"Soto Castillo, Jeremy",CRC,M,,,,1453,0,20,SEP25,2002,i
6516050,"Soto Clausen, Luis Diego",CRC,M,,,,1768,0,20,SEP25,1957,
6508774,"Soto Cordoba, Anthony",CRC,M,,,,1766,0,20,SEP25,1997,
6528066,"Soto Diaz, Adonis",CRC,M,,,,1538,0,40,SEP25,2009,i
6505171,"Soto Garita, Santiago",CRC,M,,,,1804,0,20,SEP25,1999,i
6523846,"Soto Gurdian, Bernardo",CRC,M,,,,1476,0,20,SEP25,1977,i
6516165,"Soto Mendez, Erick",CRC,M,,,,1779,0,20,SEP25,1976,i
6557821,"Soto Molina, Marlon Mathias",CRC,M,,,,1623,0,20,SEP25,2006,i
6572472,"Soto Peralta, Raul",CRC,M,,,,1544,0,20,SEP25,1988,
6572120,"Soto Rivera, Matias",CRC,M,,,,1469,0,40,SEP25,2009,
6554881,"Soto Rodriguez, Deykel Alexander",CRC,M,,,,1428,0,40,SEP25,2010,
6534945,"Soto Sanchez, Alejandro",CRC,M,,,,1508,0,40,SEP25,2010,
6535020,"Soto Sanchez, Eduardo",CRC,M,,,,1444,0,40,SEP25,2013,
6520138,"Soza Aleman, Johan Josue",CRC,M,,,,1634,0,20,SEP25,1998,
6550380,"Soza Moreno, Emmanuel Jesus",CRC,M,,,,1648,0,20,SEP25,1981,i
6518150,"Soza Rojas, Dennilson G",CRC,M,,,,1626,0,20,SEP25,2003,i
6527981,"Stawski Oliva, Andres",CRC,M,,,,1678,9,20,SEP25,1997,
2036762,"Stewart, William John",CRC,M,FM,,,2223,0,20,SEP25,1987,i
6507875,"Tapia Alvarez, Alejandro",CRC,M,,,,1715,0,20,SEP25,1999,i
6500960,"Tapia Quiros, Gustavo",CRC,M,CM,,,2007,0,20,SEP25,1982,i
6502679,"Tenorio Naranjo, Ismael",CRC,M,,,,1962,0,20,SEP25,1989,i
6506550,"Thames Montero, Jorge",CRC,M,,,,1767,0,20,SEP25,1961,i
6565344,"Tijerino Salazar, Ian Josue",CRC,M,,,,1503,0,40,SEP25,2011,
6542956,"Tolokonnikov, Roman",CRC,M,,,,1500,0,20,SEP25,2006,i
6502687,"Toro Soto, Anthony Roy",CRC,M,,,,1994,0,20,SEP25,1992,
6506003,"Torrentes Arias, Greivin",CRC,M,,,,1760,0,20,SEP25,1979,i
6556795,"Torres Angulo, Gary Esteban",CRC,M,,,,1655,0,40,SEP25,2008,
6501222,"Torres Barquero, Joseph",CRC,M,,,,1893,0,20,SEP25,1986,i
6505538,"Torres Escalante, Eduardo",CRC,M,,,,1747,0,20,SEP25,1946,i
6561020,"Torres Rodriguez, Daniel Iosev",CRC,M,,,,1621,0,40,SEP25,2009,i
6508790,"Torres Romero, Cristhian",CRC,M,,,,1750,0,20,SEP25,2001,i
6520278,"Torres Urena, Edgar Jose",CRC,M,,,,1531,0,40,SEP25,2008,i
6500200,"Trigueros Fallas, Gustavo Adolfo",CRC,M,FM,,,2190,0,20,SEP25,1969,i
6558640,"Ugalde Chaves, Carlo Cesar",CRC,M,,,,1559,0,40,SEP25,2008,
6500129,"Ugalde Garcia, Ronald",CRC,M,,,,2028,0,20,SEP25,1963,i
6531237,"Ugalde Green, Fernando Jose",CRC,M,,,,1465,0,20,SEP25,2001,i
6522289,"Ulate Climaco, Kevin Mauricio",CRC,M,,,,1418,0,40,SEP25,2007,i
6516033,"Ulate Shedden, Aldo",CRC,M,,,,1670,0,20,SEP25,1983,
6501885,"Ulloa Avellan, Oscar",CRC,M,,,,1939,0,20,SEP25,1991,i
6559328,"Ulloa Jimenez, Santiago",CRC,M,,,,1740,14,20,SEP25,2006,
6513042,"Ulloa Soto, Jose David",CRC,M,,,,1413,0,20,SEP25,1985,
6562744,"Umanzor Arguedas, Juan Carlos",CRC,M,,,,1542,0,20,SEP25,1972,
6519067,"Urbano Murillo, Antonio",CRC,M,,,,1504,0,40,SEP25,2007,i
6500650,"Urbina Quiroz, Edwin",CRC,M,,,,2141,8,20,SEP25,1989,
6561519,"Urena Matamoros, Sebastian",CRC,M,,,,1611,0,40,SEP25,2011,
6504167,"Vaglio Mattey, Emanuel",CRC,M,CM,,,2279,0,20,SEP25,1997,
6500145,"Vaglio Munoz, Jaime",CRC,M,IM,,,2199,0,20,SEP25,1956,i
6500331,"Valdes Romero, Leonardo",CRC,M,IM,,,2412,0,10,SEP25,1975,
6505260,"Valdez Torres, Nestor Josue",CRC,M,,,,1911,0,20,SEP25,2000,i
6569439,"Valdivia Meneses, Marc Taylor",CRC,M,,,,1610,0,20,SEP25,2005,
6545599,"Valerio Sanchez, Eros Anre",CRC,M,,,,1609,0,20,SEP25,2003,i
6564437,"Valverde Cordero, Juan Pablo",CRC,M,,,,1722,0,40,SEP25,2009,i
6523323,"Valverde Herrera, Jose Daniel",CRC,M,,,,1580,0,40,SEP25,2008,i
6515223,"Valverde Mora, Mauricio",CRC,M,,,,1866,0,20,SEP25,2003,
6506330,"Valverde Solano, Enrique",CRC,M,,,,1614,0,20,SEP25,1962,i
6526110,"Valverde Vega, Santiago",CRC,M,,,,1504,0,40,SEP25,2009,i
6525091,"Van Brunt, John Calvin",CRC,M,,,,1671,0,40,SEP25,2008,i
6511600,"Vargas Abadia, Alejandro",CRC,M,,,,1460,0,20,SEP25,2006,i
6517234,"Vargas Alfaro, Ronny",CRC,M,,,,1716,0,20,SEP25,1979,i
6524869,"Vargas Arguedas, Caleb",CRC,M,,,,1809,0,40,SEP25,2007,
6560849,"Vargas Artavia, Joshua David",CRC,M,,,,1485,0,40,SEP25,2011,i
6509070,"Vargas Briceno, Carlos",CRC,M,,,,1762,0,20,SEP25,1990,i
6500064,"Vargas Gonzalez, Alexis",CRC,M,,,,2106,0,20,SEP25,1958,i
6567100,"Vargas Leon, Bernardo Andres",CRC,M,,,,1530,0,20,SEP25,1996,
6504361,"Vargas Miranda, Diego",CRC,M,,,,1783,0,20,SEP25,1989,
6511147,"Vargas Ovejero, Gustavo Aldemar",CRC,M,,,,1650,0,20,SEP25,1990,i
6502717,"Vargas Pacheco, Olivier",CRC,M,,,,1765,0,20,SEP25,1986,i
6500676,"Vargas Serrano, Pablo Andres",CRC,M,,,,1942,0,20,SEP25,1986,i
6514219,"Vargas Solano, Aaron",CRC,M,,,,1588,0,20,SEP25,2006,i
6561187,"Vargas Vargas, Yeison David",CRC,M,,,,AFM,1624,2,SEP25,2014,
6502725,"Vargas Villalobos, Alberto",CRC,M,,,,1980,0,20,SEP25,1957,i
6500382,"Vargas Villalobos, Oliverio",CRC,M,,,,1972,0,20,SEP25,1955,i
6514545,"Vargas Zamora, Carlos Yahir",CRC,M,,,,1575,0,20,SEP25,2000,i
6549365,"Vasquez Morera, Jose Miguel",CRC,M,,,,1470,0,20,SEP25,1998,
6500536,"Vega Araya, Edwin",CRC,M,,,,1860,0,20,SEP25,1969,i
6557830,"Vega Godinez, Cristhopher David",CRC,M,,,,1620,0,20,SEP25,2002,
6535780,"Vega Hidalgo, Edgar",CRC,M,,,,1654,0,20,SEP25,1983,
6555047,"Velasquez Mora, Steven Daniel",CRC,M,,,,1557,0,40,SEP25,2007,
6551122,"Venegas Sandoval, Ariana",CRC,F,,NA,,1547,0,40,SEP25,2007,w
6515037,"Vidaurre Alpizar, Celeste",CRC,F,,,,1557,0,20,SEP25,2002,wi
6554970,"Viera Jara, Marcelo Emmanuel",CRC,M,,,,1507,0,40,SEP25,2015,
6572588,"Villagrasa Miralles, Andrea",CRC,F,,,,1446,0,20,SEP25,1993,w
6520804,"Villalobos Arrieta, Eduardo",CRC,M,,,,1695,0,20,SEP25,1961,i
6523544,"Villalobos Hernandez, Juan Daniel",CRC,M,,,,1635,0,20,SEP25,1998,i
6570020,"Villalobos Miranda, Gael Alberto",CRC,M,,,,1466,0,40,SEP25,2013,
6502768,"Villalobos Venegas, Daniel",CRC,M,,,,1920,0,20,SEP25,1991,i
6513964,"Villalta Leiton, Kevin",CRC,M,,,,1599,0,40,SEP25,2008,i
6511503,"Villalta Leiton, Nicole Tamara",CRC,F,,,,1517,0,20,SEP25,2005,wi
6554199,"Villalta Ramirez, Freivelyn",CRC,F,,,,1460,0,40,SEP25,2010,w
6566430,"Villanueva Iglesias, Mathy F.",CRC,F,,,,1442,0,40,SEP25,2012,w
6566448,"Villanueva Morales, Hian Yaimir",CRC,M,,,,1652,0,40,SEP25,2012,
6507905,"Villar Aguero, Marco Vinicio",CRC,M,,,,1827,0,20,SEP25,1995,i
6556035,"Villarreal Chavarria, Amy Samantha",CRC,F,,,,1542,0,40,SEP25,2012,w
6552820,"Villegas Robles, Tomas",CRC,M,,,,1553,0,40,SEP25,2012,
6512798,"Villegas Rodriguez, Jeremy",CRC,M,,,,AIM,1838,18,SEP25,2003,
6502920,"Vindas Moran, Roberto Camilo",CRC,M,,,,1923,0,20,SEP25,1986,i
6549241,"Vindas Rapson, Abigail",CRC,F,,,,1545,0,40,SEP25,2010,w
6524249,"Vindas Vega, Adriel",CRC,M,,,,1616,0,20,SEP25,2006,
6571107,"Viquez Alfaro, Gabriel",CRC,M,,,,1582,0,40,SEP25,2008,
6500820,"Vives Rodriguez, David Alberto",CRC,M,,,,2037,0,20,SEP25,1987,i
6521568,"Wabe Garro, Zuyen",CRC,F,,,,1447,0,20,SEP25,2001,wi
6510809,"Wagemans Alvarado, Bryan",CRC,M,,,,1728,0,20,SEP25,2000,i
6550150,"Wahrmann Brenes, Emma",CRC,F,,,,1556,0,40,SEP25,2013,w
6511694,"Wong Alvarez, Daniel Enrique",CRC,M,,,,1783,0,20,SEP25,1982,i
6519504,"Xu Carranza, David",CRC,M,,,,1449,0,20,SEP25,2000,i
6562027,"Yepes Ramirez, Tomas Javier",CRC,M,,,,1546,0,40,SEP25,2014,
6563252,"Young Zhou, Jason",CRC,M,,,,1514,0,40,SEP25,2008,
6534589,"Zamora Lopez, Norbin",CRC,M,,,,1627,0,20,SEP25,2001,i
6502865,"Zamora Mejias, Alonso Gerardo",CRC,M,,,,1959,0,20,SEP25,1990,i
6507921,"Zamora Rodriguez, Elbert",CRC,M,,,,1852,0,20,SEP25,1997,i
6509851,"Zeledon Perez, Edgar",CRC,M,,FA,,1903,0,20,SEP25,2001,
6501907,"Zhang Alarcon, Juan",CRC,M,,,,1852,0,20,SEP25,1991,i
6556264,"Zhen Cen, Jia Jun",CRC,M,,,,1489,0,40,SEP25,2010,
6558054,"Zheng Liang, Kun Men",CRC,M,,,,1521,0,20,SEP25,2000,i
6503306,"Zumbado Gutierrez, Marco Antonio",CRC,M,,,,2062,0,20,SEP25,1967,
6549098,"Zumbado Moreira, Andres",CRC,M,,,,1659,0,20,SEP25,2006,
6512518,"Zuniga Chavarria, Manuel",CRC,M,,,,1812,0,20,SEP25,1984,i