[
  {
    "ID Number": "7710380"
  },
  {
    "ID Number": "7701926"
  },
  {
    "ID Number": "7708629"
  },
  {
    "ID Number": "7711433"
  },
  {
    "ID Number": "7707428"
  },
  {
    "ID Number": "7702450"
  },
  {
    "ID Number": "7706413"
  },
  {
    "ID Number": "7703015"
  },
  {
    "ID Number": "7700601"
  },
  {
    "ID Number": "7712480"
  },
  {
    "ID Number": "7706910"
  },
  {
    "ID Number": "7702485"
  },
  {
    "ID Number": "7701730"
  },
  {
    "ID Number": "7702612"
  },
  {
    "ID Number": "7701365"
  },
  {
    "ID Number": "7712251"
  },
  {
    "ID Number": "7712340"
  },
  {
    "ID Number": "7712260"
  },
  {
    "ID Number": "7702493"
  },
  {
    "ID Number": "7705700"
  },
  {
    "ID Number": "7705697"
  },
  {
    "ID Number": "7705689"
  },
  {
    "ID Number": "7707177"
  },
  {
    "ID Number": "7708181"
  },
  {
    "ID Number": "7700911"
  },
  {
    "ID Number": "7710682"
  },
  {
    "ID Number": "7705336"
  },
  {
    "ID Number": "7714912"
  },
  {
    "ID Number": "7705832"
  },
  {
    "ID Number": "7702760"
  },
  {
    "ID Number": "7704208"
  },
  {
    "ID Number": "7703295"
  },
  {
    "ID Number": "7700237"
  },
  {
    "ID Number": "7713436"
  },
  {
    "ID Number": "7706375"
  },
  {
    "ID Number": "7706995"
  },
  {
    "ID Number": "7704178"
  },
  {
    "ID Number": "7700440"
  },
  {
    "ID Number": "7702175"
  },
  {
    "ID Number": "7714971"
  },
  {
    "ID Number": "7700113"
  },
  {
    "ID Number": "7705026"
  },
  {
    "ID Number": "7705018"
  },
  {
    "ID Number": "7700342"
  },
  {
    "ID Number": "7705409"
  },
  {
    "ID Number": "7702604"
  },
  {
    "ID Number": "7704747"
  },
  {
    "ID Number": "7700636"
  },
  {
    "ID Number": "7704755"
  },
  {
    "ID Number": "7712561"
  },
  {
    "ID Number": "7700130"
  },
  {
    "ID Number": "11100265"
  },
  {
    "ID Number": "7702191"
  },
  {
    "ID Number": "7700989"
  },
  {
    "ID Number": "7706936"
  },
  {
    "ID Number": "7703554"
  },
  {
    "ID Number": "7703686"
  },
  {
    "ID Number": "7700512"
  },
  {
    "ID Number": "7713525"
  },
  {
    "ID Number": "7705603"
  },
  {
    "ID Number": "7701250"
  },
  {
    "ID Number": "7701896"
  },
  {
    "ID Number": "7701454"
  },
  {
    "ID Number": "7702477"
  },
  {
    "ID Number": "7710402"
  },
  {
    "ID Number": "7709986"
  },
  {
    "ID Number": "7702566"
  },
  {
    "ID Number": "7701462"
  },
  {
    "ID Number": "7700024"
  },
  {
    "ID Number": "7709706"
  },
  {
    "ID Number": "7700474"
  },
  {
    "ID Number": "7700180"
  },
  {
    "ID Number": "7705131"
  },
  {
    "ID Number": "7700644"
  },
  {
    "ID Number": "7700520"
  },
  {
    "ID Number": "7701470"
  },
  {
    "ID Number": "7700652"
  },
  {
    "ID Number": "7701659"
  },
  {
    "ID Number": "7706839"
  },
  {
    "ID Number": "7702507"
  },
  {
    "ID Number": "7711921"
  },
  {
    "ID Number": "7700040"
  },
  {
    "ID Number": "7708556"
  },
  {
    "ID Number": "7707983"
  },
  {
    "ID Number": "2014203"
  },
  {
    "ID Number": "7712383"
  },
  {
    "ID Number": "7705859"
  },
  {
    "ID Number": "7706111"
  },
  {
    "ID Number": "7707240"
  },
  {
    "ID Number": "7701705"
  },
  {
    "ID Number": "7701497"
  },
  {
    "ID Number": "7700415"
  },
  {
    "ID Number": "7709846"
  },
  {
    "ID Number": "7700156"
  },
  {
    "ID Number": "7710003"
  },
  {
    "ID Number": "7708700"
  },
  {
    "ID Number": "7708130"
  },
  {
    "ID Number": "7700660"
  },
  {
    "ID Number": "3912167"
  },
  {
    "ID Number": "7707258"
  },
  {
    "ID Number": "7713878"
  },
  {
    "ID Number": "7709439"
  },
  {
    "ID Number": "7703210"
  },
  {
    "ID Number": "7703589"
  },
  {
    "ID Number": "7703112"
  },
  {
    "ID Number": "7705468"
  },
  {
    "ID Number": "7707266"
  },
  {
    "ID Number": "7705344"
  },
  {
    "ID Number": "7706782"
  },
  {
    "ID Number": "7704127"
  },
  {
    "ID Number": "7701373"
  },
  {
    "ID Number": "7708726"
  },
  {
    "ID Number": "7708424"
  },
  {
    "ID Number": "7702060"
  },
  {
    "ID Number": "7711611"
  },
  {
    "ID Number": "7708025"
  },
  {
    "ID Number": "7703317"
  },
  {
    "ID Number": "7701128"
  },
  {
    "ID Number": "7700768"
  },
  {
    "ID Number": "7703511"
  },
  {
    "ID Number": "7700075"
  },
  {
    "ID Number": "7703058"
  },
  {
    "ID Number": "7710135"
  },
  {
    "ID Number": "7700253"
  },
  {
    "ID Number": "7700393"
  },
  {
    "ID Number": "7706014"
  },
  {
    "ID Number": "7706022"
  },
  {
    "ID Number": "7700300"
  },
  {
    "ID Number": "7704844"
  },
  {
    "ID Number": "7708084"
  },
  {
    "ID Number": "7711069"
  },
  {
    "ID Number": "7710267"
  },
  {
    "ID Number": "7700695"
  },
  {
    "ID Number": "7708300"
  },
  {
    "ID Number": "7705417"
  },
  {
    "ID Number": "7703848"
  },
  {
    "ID Number": "7704780"
  },
  {
    "ID Number": "7709927"
  },
  {
    "ID Number": "7707851"
  },
  {
    "ID Number": "7708351"
  },
  {
    "ID Number": "7705670"
  },
  {
    "ID Number": "7715218"
  },
  {
    "ID Number": "7708599"
  },
  {
    "ID Number": "7703228"
  },
  {
    "ID Number": "7700350"
  },
  {
    "ID Number": "7701136"
  },
  {
    "ID Number": "7711662"
  },
  {
    "ID Number": "7703465"
  },
  {
    "ID Number": "7705999"
  },
  {
    "ID Number": "7706898"
  },
  {
    "ID Number": "7705204"
  },
  {
    "ID Number": "7703473"
  },
  {
    "ID Number": "7707134"
  },
  {
    "ID Number": "7706367"
  },
  {
    "ID Number": "7704925"
  },
  {
    "ID Number": "7705743"
  },
  {
    "ID Number": "7705573"
  },
  {
    "ID Number": "7705085"
  },
  {
    "ID Number": "7701071"
  },
  {
    "ID Number": "7707479"
  },
  {
    "ID Number": "7704968"
  },
  {
    "ID Number": "7704879"
  },
  {
    "ID Number": "7705565"
  },
  {
    "ID Number": "7707290"
  },
  {
    "ID Number": "7705727"
  },
  {
    "ID Number": "7713452"
  },
  {
    "ID Number": "7700261"
  },
  {
    "ID Number": "7702280"
  },
  {
    "ID Number": "7702884"
  },
  {
    "ID Number": "7706804"
  },
  {
    "ID Number": "7706650"
  },
  {
    "ID Number": "7707096"
  },
  {
    "ID Number": "7702310"
  },
  {
    "ID Number": "7707991"
  },
  {
    "ID Number": "7707843"
  },
  {
    "ID Number": "7702949"
  },
  {
    "ID Number": "7703716"
  },
  {
    "ID Number": "7703244"
  },
  {
    "ID Number": "7703791"
  },
  {
    "ID Number": "7708254"
  },
  {
    "ID Number": "7712871"
  },
  {
    "ID Number": "7706030"
  },
  {
    "ID Number": "7701349"
  },
  {
    "ID Number": "7700148"
  },
  {
    "ID Number": "7700920"
  },
  {
    "ID Number": "7711697"
  },
  {
    "ID Number": "7708203"
  },
  {
    "ID Number": "7706553"
  },
  {
    "ID Number": "7710194"
  },
  {
    "ID Number": "7709196"
  },
  {
    "ID Number": "7700059"
  },
  {
    "ID Number": "7702728"
  },
  {
    "ID Number": "7700245"
  },
  {
    "ID Number": "7703260"
  },
  {
    "ID Number": "7702671"
  },
  {
    "ID Number": "7706871"
  },
  {
    "ID Number": "7707002"
  },
  {
    "ID Number": "7707029"
  },
  {
    "ID Number": "7713410"
  },
  {
    "ID Number": "7705360"
  },
  {
    "ID Number": "7700482"
  },
  {
    "ID Number": "7700083"
  },
  {
    "ID Number": "7709218"
  },
  {
    "ID Number": "7707606"
  },
  {
    "ID Number": "7702914"
  },
  {
    "ID Number": "7701950"
  },
  {
    "ID Number": "7702841"
  },
  {
    "ID Number": "7706588"
  },
  {
    "ID Number": "7700539"
  },
  {
    "ID Number": "7700210"
  },
  {
    "ID Number": "7712090"
  },
  {
    "ID Number": "7705662"
  },
  {
    "ID Number": "7701993"
  },
  {
    "ID Number": "7700369"
  },
  {
    "ID Number": "7701233"
  },
  {
    "ID Number": "7704690"
  },
  {
    "ID Number": "7704453"
  },
  {
    "ID Number": "7700172"
  },
  {
    "ID Number": "7707754"
  },
  {
    "ID Number": "7707967"
  },
  {
    "ID Number": "7700725"
  },
  {
    "ID Number": "7704666"
  },
  {
    "ID Number": "7705212"
  },
  {
    "ID Number": "7702442"
  },
  {
    "ID Number": "143105003"
  },
  {
    "ID Number": "7700091"
  },
  {
    "ID Number": "7705441"
  },
  {
    "ID Number": "7709250"
  },
  {
    "ID Number": "7703929"
  },
  {
    "ID Number": "7705875"
  },
  {
    "ID Number": "7702515"
  },
  {
    "ID Number": "7713070"
  },
  {
    "ID Number": "7709870"
  },
  {
    "ID Number": "7712359"
  },
  {
    "ID Number": "7701900"
  },
  {
    "ID Number": "7706006"
  },
  {
    "ID Number": "7703171"
  },
  {
    "ID Number": "3901513"
  },
  {
    "ID Number": "7704224"
  },
  {
    "ID Number": "7704232"
  },
  {
    "ID Number": "7704240"
  },
  {
    "ID Number": "7711905"
  },
  {
    "ID Number": "7704100"
  },
  {
    "ID Number": "7708360"
  },
  {
    "ID Number": "7708378"
  },
  {
    "ID Number": "7700270"
  },
  {
    "ID Number": "7714300"
  },
  {
    "ID Number": "7714718"
  },
  {
    "ID Number": "7700067"
  },
  {
    "ID Number": "7704801"
  },
  {
    "ID Number": "7704917"
  },
  {
    "ID Number": "7700229"
  },
  {
    "ID Number": "7700032"
  },
  {
    "ID Number": "7702329"
  },
  {
    "ID Number": "7702345"
  },
  {
    "ID Number": "7703910"
  },
  {
    "ID Number": "7704640"
  },
  {
    "ID Number": "7702736"
  },
  {
    "ID Number": "7708602"
  },
  {
    "ID Number": "7709323"
  },
  {
    "ID Number": "7702469"
  },
  {
    "ID Number": "7702850"
  },
  {
    "ID Number": "7711930"
  },
  {
    "ID Number": "7706979"
  },
  {
    "ID Number": "7703767"
  },
  {
    "ID Number": "7704054"
  },
  {
    "ID Number": "7700288"
  },
  {
    "ID Number": "7708432"
  },
  {
    "ID Number": "7704038"
  },
  {
    "ID Number": "7700377"
  },
  {
    "ID Number": "7702744"
  },
  {
    "ID Number": "7708149"
  },
  {
    "ID Number": "7710607"
  },
  {
    "ID Number": "7706618"
  },
  {
    "ID Number": "7706880"
  },
  {
    "ID Number": "7706669"
  },
  {
    "ID Number": "7705387"
  },
  {
    "ID Number": "7710224"
  },
  {
    "ID Number": "7705425"
  },
  {
    "ID Number": "7701276"
  },
  {
    "ID Number": "7701586"
  },
  {
    "ID Number": "7701594"
  },
  {
    "ID Number": "7700121"
  },
  {
    "ID Number": "7710283"
  },
  {
    "ID Number": "7706928"
  },
  {
    "ID Number": "7707959"
  },
  {
    "ID Number": "7709340"
  },
  {
    "ID Number": "7702809"
  },
  {
    "ID Number": "7702868"
  },
  {
    "ID Number": "7700733"
  },
  {
    "ID Number": "7705760"
  },
  {
    "ID Number": "7711336"
  },
  {
    "ID Number": "7700938"
  },
  {
    "ID Number": "7700199"
  },
  {
    "ID Number": "7703651"
  },
  {
    "ID Number": "7700946"
  },
  {
    "ID Number": "7700423"
  },
  {
    "ID Number": "7700466"
  },
  {
    "ID Number": "7700890"
  },
  {
    "ID Number": "7700458"
  },
  {
    "ID Number": "7714505"
  },
  {
    "ID Number": "7700490"
  },
  {
    "ID Number": "7700741"
  },
  {
    "ID Number": "7702698"
  },
  {
    "ID Number": "7715595"
  },
  {
    "ID Number": "7706855"
  },
  {
    "ID Number": "7705093"
  },
  {
    "ID Number": "7703937"
  },
  {
    "ID Number": "7705352"
  },
  {
    "ID Number": "7713363"
  },
  {
    "ID Number": "7700598"
  },
  {
    "ID Number": "7700903"
  },
  {
    "ID Number": "7700954"
  },
  {
    "ID Number": "7702876"
  },
  {
    "ID Number": "7703520"
  },
  {
    "ID Number": "7703236"
  },
  {
    "ID Number": "7702035"
  },
  {
    "ID Number": "7704135"
  },
  {
    "ID Number": "7704356"
  },
  {
    "ID Number": "7712391"
  },
  {
    "ID Number": "7701667"
  },
  {
    "ID Number": "7701721"
  },
  {
    "ID Number": "7712421"
  },
  {
    "ID Number": "7701390"
  },
  {
    "ID Number": "7701438"
  },
  {
    "ID Number": "7713428"
  },
  {
    "ID Number": "7709390"
  },
  {
    "ID Number": "7704526"
  },
  {
    "ID Number": "7701446"
  },
  {
    "ID Number": "7700318"
  },
  {
    "ID Number": "7701098"
  },
  {
    "ID Number": "7700750"
  },
  {
    "ID Number": "7702639"
  },
  {
    "ID Number": "7701616"
  },
  {
    "ID Number": "7705735"
  },
  {
    "ID Number": "7702426"
  },
  {
    "ID Number": "7702523"
  },
  {
    "ID Number": "7703287"
  },
  {
    "ID Number": "7702590"
  },
  {
    "ID Number": "7700105"
  },
  {
    "ID Number": "7711875"
  }
]