[
  {
    "ID Number": "7710380",
    "Name": "Abdulla, Alex",
    "Fed": "TTO",
    "Sex": "M",
    "Title": "",
    "WTit": "",
    "OTit": "",
    "Rating": "1632",
    "Gms": "0",
    "K": "40",
    "RatingMonth": "AUG25",
    "B-day": "2000",
    "Flag": "i"
  },
  {
    "ID Number": "7701926",
    "Name": "Aboud, Sebastien",
    "Fed": "TTO",
    "Sex": "M",
    "Title": "",
    "WTit": "",
    "OTit": "",
    "Rating": "1981",
    "Gms": "0",
    "K": "40",
    "RatingMonth": "AUG25",
    "B-day": "0",
    "Flag": "i"
  },
  {
    "ID Number": "7708629",
    "Name": "Absolam, Denique",
    "Fed": "TTO",
    "Sex": "F",
    "Title": "",
    "WTit": "",
    "OTit": "",
    "Rating": "1488",
    "Gms": "0",
    "K": "40",
    "RatingMonth": "AUG25",
    "B-day": "1993",
    "Flag": "wi"
  },
  {
    "ID Number": "7711433",
    "Name": "Adam, Arav",
    "Fed": "TTO",
    "Sex": "M",
    "Title": "",
    "WTit": "",
    "OTit": "",
    "Rating": "1572",
    "Gms": "0",
    "K": "40",
    "RatingMonth": "AUG25",
    "B-day": "2012",
    "Flag": ""
  },
  {
    "ID Number": "7707428",
    "Name": "Adam, Ashvin",
    "Fed": "TTO",
    "Sex": "M",
    "Title": "",
    "WTit": "",
    "OTit": "",
    "Rating": "1452",
    "Gms": "0",
    "K": "40",
    "RatingMonth": "AUG25",
    "B-day": "2010",
    "Flag": ""
  },
  {
    "ID Number": "7702450",
    "Name": "Agostini, Kyron",
    "Fed": "TTO",
    "Sex": "M",
    "Title": "",
    "WTit": "",
    "OTit": "",
    "Rating": "1512",
    "Gms": "0",
    "K": "20",
    "RatingMonth": "AUG25",
    "B-day": "2003",
    "Flag": "i"
  },
  {
    "ID Number": "7706413",
    "Name": "Ali, Alan",
    "Fed": "TTO",
    "Sex": "M",
    "Title": "",
    "WTit": "",
    "OTit": "",
    "Rating": "1618",
    "Gms": "0",
    "K": "20",
    "RatingMonth": "AUG25",
    "B-day": "1979",
    "Flag": "i"
  },
  {
    "ID Number": "7703015",
    "Name": "Ali, Amy",
    "Fed": "TTO",
    "Sex": "F",
    "Title": "WCM",
    "WTit": "WCM",
    "OTit": "",
    "Rating": "1602",
    "Gms": "0",
    "K": "20",
    "RatingMonth": "AUG25",
    "B-day": "2001",
    "Flag": "wi"
  },
  {
    "ID Number": "7700601",
    "Name": "Ali, Ian",
    "Fed": "TTO",
    "Sex": "M",
    "Title": "",
    "WTit": "",
    "OTit": "",
    "Rating": "1770",
    "Gms": "0",
    "K": "20",
    "RatingMonth": "AUG25",
    "B-day": "1959",
    "Flag": "i"
  },
  {
    "ID Number": "7712480",
    "Name": "Ali, Reaz",
    "Fed": "TTO",
    "Sex": "M",
    "Title": "",
    "WTit": "",
    "OTit": "",
    "Rating": "1761",
    "Gms": "0",
    "K": "40",
    "RatingMonth": "AUG25",
    "B-day": "2009",
    "Flag": ""
  },
  {
    "ID Number": "7706910",
    "Name": "Allum, Adrian",
    "Fed": "TTO",
    "Sex": "M",
    "Title": "",
    "WTit": "",
    "OTit": "",
    "Rating": "1505",
    "Gms": "0",
    "K": "40",
    "RatingMonth": "AUG25",
    "B-day": "2013",
    "Flag": ""
  },
  {
    "ID Number": "7702485",
    "Name": "Allum, Zachary",
    "Fed": "TTO",
    "Sex": "M",
    "Title": "",
    "WTit": "",
    "OTit": "",
    "Rating": "1608",
    "Gms": "0",
    "K": "40",
    "RatingMonth": "AUG25",
    "B-day": "2005",
    "Flag": "i"
  },
  {
    "ID Number": "7701730",
    "Name": "Ammon, Christian",
    "Fed": "TTO",
    "Sex": "M",
    "Title": "",
    "WTit": "",
    "OTit": "",
    "Rating": "1876",
    "Gms": "0",
    "K": "20",
    "RatingMonth": "AUG25",
    "B-day": "1997",
    "Flag": "i"
  },
  {
    "ID Number": "7702612",
    "Name": "Archer, Carl",
    "Fed": "TTO",
    "Sex": "M",
    "Title": "",
    "WTit": "",
    "OTit": "",
    "Rating": "1771",
    "Gms": "0",
    "K": "20",
    "RatingMonth": "AUG25",
    "B-day": "1971",
    "Flag": "i"
  },
  {
    "ID Number": "7701365",
    "Name": "Attong, Ian",
    "Fed": "TTO",
    "Sex": "M",
    "Title": "",
    "WTit": "",
    "OTit": "",
    "Rating": "1527",
    "Gms": "0",
    "K": "40",
    "RatingMonth": "AUG25",
    "B-day": "1961",
    "Flag": "i"
  },
  {
    "ID Number": "7712251",
    "Name": "Austin, Adrianna",
    "Fed": "TTO",
    "Sex": "F",
    "Title": "",
    "WTit": "",
    "OTit": "",
    "Rating": "1433",
    "Gms": "0",
    "K": "40",
    "RatingMonth": "AUG25",
    "B-day": "2008",
    "Flag": "w"
  },
  {
    "ID Number": "7712340",
    "Name": "Austin, Angelo",
    "Fed": "TTO",
    "Sex": "M",
    "Title": "",
    "WTit": "",
    "OTit": "",
    "Rating": "1513",
    "Gms": "0",
    "K": "40",
    "RatingMonth": "AUG25",
    "B-day": "2010",
    "Flag": ""
  },
  {
    "ID Number": "7712260",
    "Name": "Austin, Annabelle",
    "Fed": "TTO",
    "Sex": "F",
    "Title": "",
    "WTit": "",
    "OTit": "",
    "Rating": "1536",
    "Gms": "0",
    "K": "40",
    "RatingMonth": "AUG25",
    "B-day": "2012",
    "Flag": "w"
  },
  {
    "ID Number": "7702493",
    "Name": "Austin, Marlon",
    "Fed": "TTO",
    "Sex": "M",
    "Title": "",
    "WTit": "",
    "OTit": "",
    "Rating": "1773",
    "Gms": "0",
    "K": "20",
    "RatingMonth": "AUG25",
    "B-day": "1974",
    "Flag": ""
  },
  {
    "ID Number": "7705700",
    "Name": "Balliram, Luke",
    "Fed": "TTO",
    "Sex": "M",
    "Title": "",
    "WTit": "",
    "OTit": "",
    "Rating": "1543",
    "Gms": "0",
    "K": "40",
    "RatingMonth": "AUG25",
    "B-day": "2008",
    "Flag": ""
  },
  {
    "ID Number": "7705697",
    "Name": "Balliram, Taydan",
    "Fed": "TTO",
    "Sex": "M",
    "Title": "",
    "WTit": "",
    "OTit": "",
    "Rating": "ACM",
    "Gms": "1663",
    "K": "0",
    "RatingMonth": "AUG25",
    "B-day": "2010",
    "Flag": ""
  },
  {
    "ID Number": "7705689",
    "Name": "Balliram, Tristan",
    "Fed": "TTO",
    "Sex": "M",
    "Title": "",
    "WTit": "",
    "OTit": "",
    "Rating": "ACM",
    "Gms": "1544",
    "K": "0",
    "RatingMonth": "AUG25",
    "B-day": "2010",
    "Flag": ""
  },
  {
    "ID Number": "7707177",
    "Name": "Balroop, Rishi",
    "Fed": "TTO",
    "Sex": "M",
    "Title": "",
    "WTit": "",
    "OTit": "",
    "Rating": "1541",
    "Gms": "0",
    "K": "40",
    "RatingMonth": "AUG25",
    "B-day": "2004",
    "Flag": "i"
  },
  {
    "ID Number": "7708181",
    "Name": "Baptiste, Vade",
    "Fed": "TTO",
    "Sex": "M",
    "Title": "",
    "WTit": "",
    "OTit": "",
    "Rating": "1477",
    "Gms": "0",
    "K": "40",
    "RatingMonth": "AUG25",
    "B-day": "2008",
    "Flag": "i"
  },
  {
    "ID Number": "7700911",
    "Name": "Bartholomew, Kena",
    "Fed": "TTO",
    "Sex": "M",
    "Title": "",
    "WTit": "",
    "OTit": "",
    "Rating": "1885",
    "Gms": "0",
    "K": "20",
    "RatingMonth": "AUG25",
    "B-day": "1985",
    "Flag": "i"
  },
  {
    "ID Number": "7710682",
    "Name": "Bassant, Zac",
    "Fed": "TTO",
    "Sex": "M",
    "Title": "",
    "WTit": "",
    "OTit": "",
    "Rating": "1491",
    "Gms": "0",
    "K": "40",
    "RatingMonth": "AUG25",
    "B-day": "2010",
    "Flag": ""
  },
  {
    "ID Number": "7705336",
    "Name": "Belgrave, Paschal",
    "Fed": "TTO",
    "Sex": "M",
    "Title": "",
    "WTit": "",
    "OTit": "",
    "Rating": "1698",
    "Gms": "0",
    "K": "40",
    "RatingMonth": "AUG25",
    "B-day": "1976",
    "Flag": "i"
  },
  {
    "ID Number": "7714912",
    "Name": "Bernard, Omari",
    "Fed": "TTO",
    "Sex": "M",
    "Title": "",
    "WTit": "",
    "OTit": "",
    "Rating": "1597",
    "Gms": "5",
    "K": "40",
    "RatingMonth": "AUG25",
    "B-day": "2010",
    "Flag": ""
  },
  {
    "ID Number": "7705832",
    "Name": "Bharath, Sameer",
    "Fed": "TTO",
    "Sex": "M",
    "Title": "",
    "WTit": "",
    "OTit": "",
    "Rating": "1489",
    "Gms": "0",
    "K": "40",
    "RatingMonth": "AUG25",
    "B-day": "2007",
    "Flag": ""
  },
  {
    "ID Number": "7702760",
    "Name": "Bhola, Daniel",
    "Fed": "TTO",
    "Sex": "M",
    "Title": "",
    "WTit": "",
    "OTit": "",
    "Rating": "1873",
    "Gms": "0",
    "K": "20",
    "RatingMonth": "AUG25",
    "B-day": "1999",
    "Flag": "i"
  },
  {
    "ID Number": "7704208",
    "Name": "Bhola, Naresh",
    "Fed": "TTO",
    "Sex": "M",
    "Title": "",
    "WTit": "",
    "OTit": "",
    "Rating": "1623",
    "Gms": "0",
    "K": "40",
    "RatingMonth": "AUG25",
    "B-day": "1965",
    "Flag": "i"
  },
  {
    "ID Number": "7703295",
    "Name": "Boodoo, Zidane",
    "Fed": "TTO",
    "Sex": "M",
    "Title": "",
    "WTit": "",
    "OTit": "",
    "Rating": "1543",
    "Gms": "0",
    "K": "40",
    "RatingMonth": "AUG25",
    "B-day": "2004",
    "Flag": "i"
  },
  {
    "ID Number": "7700237",
    "Name": "Bowles, Andrew",
    "Fed": "TTO",
    "Sex": "M",
    "Title": "CM",
    "WTit": "",
    "OTit": "",
    "Rating": "1716",
    "Gms": "0",
    "K": "20",
    "RatingMonth": "AUG25",
    "B-day": "1953",
    "Flag": ""
  },
  {
    "ID Number": "7713436",
    "Name": "Bramble, Dereon",
    "Fed": "TTO",
    "Sex": "M",
    "Title": "",
    "WTit": "",
    "OTit": "",
    "Rating": "1580",
    "Gms": "0",
    "K": "40",
    "RatingMonth": "AUG25",
    "B-day": "2011",
    "Flag": ""
  },
  {
    "ID Number": "7706375",
    "Name": "Brathwaite, Kelon",
    "Fed": "TTO",
    "Sex": "M",
    "Title": "",
    "WTit": "",
    "OTit": "",
    "Rating": "1568",
    "Gms": "0",
    "K": "40",
    "RatingMonth": "AUG25",
    "B-day": "2008",
    "Flag": "i"
  },
  {
    "ID Number": "7706995",
    "Name": "Brathwaite, Kiara",
    "Fed": "TTO",
    "Sex": "F",
    "Title": "",
    "WTit": "",
    "OTit": "",
    "Rating": "1448",
    "Gms": "0",
    "K": "40",
    "RatingMonth": "AUG25",
    "B-day": "2009",
    "Flag": "wi"
  },
  {
    "ID Number": "7704178",
    "Name": "Browne, Paul",
    "Fed": "TTO",
    "Sex": "M",
    "Title": "",
    "WTit": "",
    "OTit": "",
    "Rating": "1907",
    "Gms": "0",
    "K": "20",
    "RatingMonth": "AUG25",
    "B-day": "1975",
    "Flag": "i"
  },
  {
    "ID Number": "7700440",
    "Name": "Cabralis, Quinn",
    "Fed": "TTO",
    "Sex": "M",
    "Title": "FM",
    "WTit": "NA",
    "OTit": "",
    "Rating": "2212",
    "Gms": "0",
    "K": "20",
    "RatingMonth": "AUG25",
    "B-day": "1995",
    "Flag": ""
  },
  {
    "ID Number": "7702175",
    "Name": "Callender, Noel",
    "Fed": "TTO",
    "Sex": "M",
    "Title": "",
    "WTit": "",
    "OTit": "",
    "Rating": "1625",
    "Gms": "0",
    "K": "40",
    "RatingMonth": "AUG25",
    "B-day": "1951",
    "Flag": "i"
  },
  {
    "ID Number": "7714971",
    "Name": "Campo, Caleb",
    "Fed": "TTO",
    "Sex": "M",
    "Title": "",
    "WTit": "",
    "OTit": "",
    "Rating": "1457",
    "Gms": "0",
    "K": "40",
    "RatingMonth": "AUG25",
    "B-day": "2013",
    "Flag": ""
  },
  {
    "ID Number": "7700113",
    "Name": "Cave, Christo",
    "Fed": "TTO",
    "Sex": "M",
    "Title": "FM",
    "WTit": "",
    "OTit": "",
    "Rating": "2142",
    "Gms": "0",
    "K": "20",
    "RatingMonth": "AUG25",
    "B-day": "1961",
    "Flag": "i"
  },
  {
    "ID Number": "7705026",
    "Name": "Chaitram, Aaron",
    "Fed": "TTO",
    "Sex": "M",
    "Title": "",
    "WTit": "",
    "OTit": "",
    "Rating": "1437",
    "Gms": "0",
    "K": "40",
    "RatingMonth": "AUG25",
    "B-day": "2007",
    "Flag": "i"
  },
  {
    "ID Number": "7705018",
    "Name": "Chaitram, Aiden",
    "Fed": "TTO",
    "Sex": "M",
    "Title": "",
    "WTit": "",
    "OTit": "",
    "Rating": "1463",
    "Gms": "0",
    "K": "40",
    "RatingMonth": "AUG25",
    "B-day": "2010",
    "Flag": "i"
  },
  {
    "ID Number": "7700342",
    "Name": "Chang, Eddison, Dr.",
    "Fed": "TTO",
    "Sex": "M",
    "Title": "",
    "WTit": "",
    "OTit": "",
    "Rating": "2015",
    "Gms": "0",
    "K": "20",
    "RatingMonth": "AUG25",
    "B-day": "1977",
    "Flag": "i"
  },
  {
    "ID Number": "7705409",
    "Name": "Charles, Aalliyah",
    "Fed": "TTO",
    "Sex": "F",
    "Title": "",
    "WTit": "",
    "OTit": "",
    "Rating": "1574",
    "Gms": "0",
    "K": "40",
    "RatingMonth": "AUG25",
    "B-day": "1999",
    "Flag": "wi"
  },
  {
    "ID Number": "7702604",
    "Name": "Charles, Denise",
    "Fed": "TTO",
    "Sex": "F",
    "Title": "",
    "WTit": "",
    "OTit": "",
    "Rating": "1781",
    "Gms": "0",
    "K": "40",
    "RatingMonth": "AUG25",
    "B-day": "1975",
    "Flag": "wi"
  },
  {
    "ID Number": "7704747",
    "Name": "Charles-Richards, Kamaria",
    "Fed": "TTO",
    "Sex": "F",
    "Title": "",
    "WTit": "",
    "OTit": "",
    "Rating": "1458",
    "Gms": "0",
    "K": "40",
    "RatingMonth": "AUG25",
    "B-day": "2003",
    "Flag": "wi"
  },
  {
    "ID Number": "7700636",
    "Name": "Chin, Nicholas",
    "Fed": "TTO",
    "Sex": "M",
    "Title": "",
    "WTit": "",
    "OTit": "",
    "Rating": "1872",
    "Gms": "0",
    "K": "20",
    "RatingMonth": "AUG25",
    "B-day": "0",
    "Flag": "i"
  },
  {
    "ID Number": "7704755",
    "Name": "Chin, Peter",
    "Fed": "TTO",
    "Sex": "M",
    "Title": "",
    "WTit": "",
    "OTit": "",
    "Rating": "1518",
    "Gms": "0",
    "K": "40",
    "RatingMonth": "AUG25",
    "B-day": "2006",
    "Flag": "i"
  },
  {
    "ID Number": "7712561",
    "Name": "Choi, Jinhyeok",
    "Fed": "TTO",
    "Sex": "M",
    "Title": "",
    "WTit": "",
    "OTit": "",
    "Rating": "1459",
    "Gms": "0",
    "K": "40",
    "RatingMonth": "AUG25",
    "B-day": "2007",
    "Flag": "i"
  },
  {
    "ID Number": "7700130",
    "Name": "Chong, Kurtis",
    "Fed": "TTO",
    "Sex": "M",
    "Title": "",
    "WTit": "",
    "OTit": "",
    "Rating": "2073",
    "Gms": "0",
    "K": "20",
    "RatingMonth": "AUG25",
    "B-day": "1961",
    "Flag": "i"
  },
  {
    "ID Number": "11100265",
    "Name": "Christopher, David",
    "Fed": "TTO",
    "Sex": "M",
    "Title": "",
    "WTit": "",
    "OTit": "",
    "Rating": "2086",
    "Gms": "0",
    "K": "20",
    "RatingMonth": "AUG25",
    "B-day": "0",
    "Flag": "i"
  },
  {
    "ID Number": "7702191",
    "Name": "Chuniesingh, Nikielia",
    "Fed": "TTO",
    "Sex": "F",
    "Title": "",
    "WTit": "",
    "OTit": "",
    "Rating": "1656",
    "Gms": "0",
    "K": "20",
    "RatingMonth": "AUG25",
    "B-day": "1997",
    "Flag": "wi"
  },
  {
    "ID Number": "7700989",
    "Name": "Cobham, Marcus",
    "Fed": "TTO",
    "Sex": "M",
    "Title": "CM",
    "WTit": "",
    "OTit": "",
    "Rating": "1981",
    "Gms": "0",
    "K": "20",
    "RatingMonth": "AUG25",
    "B-day": "1979",
    "Flag": ""
  },
  {
    "ID Number": "7706936",
    "Name": "Cowie, Frank",
    "Fed": "TTO",
    "Sex": "M",
    "Title": "",
    "WTit": "",
    "OTit": "",
    "Rating": "1590",
    "Gms": "0",
    "K": "40",
    "RatingMonth": "AUG25",
    "B-day": "1963",
    "Flag": "i"
  },
  {
    "ID Number": "7703554",
    "Name": "Creese, Josau",
    "Fed": "TTO",
    "Sex": "M",
    "Title": "",
    "WTit": "",
    "OTit": "",
    "Rating": "1723",
    "Gms": "0",
    "K": "40",
    "RatingMonth": "AUG25",
    "B-day": "1977",
    "Flag": "i"
  },
  {
    "ID Number": "7703686",
    "Name": "Cudjoe, Shawn",
    "Fed": "TTO",
    "Sex": "M",
    "Title": "",
    "WTit": "",
    "OTit": "",
    "Rating": "1896",
    "Gms": "0",
    "K": "40",
    "RatingMonth": "AUG25",
    "B-day": "1969",
    "Flag": "i"
  },
  {
    "ID Number": "7700512",
    "Name": "Cupid, Kevin",
    "Fed": "TTO",
    "Sex": "M",
    "Title": "FM",
    "WTit": "",
    "OTit": "",
    "Rating": "2178",
    "Gms": "15",
    "K": "20",
    "RatingMonth": "AUG25",
    "B-day": "1991",
    "Flag": ""
  },
  {
    "ID Number": "7713525",
    "Name": "Daniel, Cristino",
    "Fed": "TTO",
    "Sex": "M",
    "Title": "",
    "WTit": "",
    "OTit": "",
    "Rating": "1426",
    "Gms": "0",
    "K": "40",
    "RatingMonth": "AUG25",
    "B-day": "2010",
    "Flag": ""
  },
  {
    "ID Number": "7705603",
    "Name": "Dasent, Joseph",
    "Fed": "TTO",
    "Sex": "M",
    "Title": "",
    "WTit": "",
    "OTit": "",
    "Rating": "1780",
    "Gms": "0",
    "K": "40",
    "RatingMonth": "AUG25",
    "B-day": "2000",
    "Flag": "i"
  },
  {
    "ID Number": "7701250",
    "Name": "Davis, Daryl",
    "Fed": "TTO",
    "Sex": "M",
    "Title": "CM",
    "WTit": "NA",
    "OTit": "",
    "Rating": "1835",
    "Gms": "0",
    "K": "20",
    "RatingMonth": "AUG25",
    "B-day": "1972",
    "Flag": "i"
  },
  {
    "ID Number": "7701896",
    "Name": "De Silva, Darrien",
    "Fed": "TTO",
    "Sex": "M",
    "Title": "",
    "WTit": "",
    "OTit": "",
    "Rating": "1627",
    "Gms": "0",
    "K": "40",
    "RatingMonth": "AUG25",
    "B-day": "1997",
    "Flag": "i"
  },
  {
    "ID Number": "7701454",
    "Name": "Dennis, Brent",
    "Fed": "TTO",
    "Sex": "M",
    "Title": "",
    "WTit": "",
    "OTit": "",
    "Rating": "1687",
    "Gms": "0",
    "K": "20",
    "RatingMonth": "AUG25",
    "B-day": "1975",
    "Flag": "i"
  },
  {
    "ID Number": "7702477",
    "Name": "Dixon, Brian",
    "Fed": "TTO",
    "Sex": "M",
    "Title": "",
    "WTit": "",
    "OTit": "",
    "Rating": "1603",
    "Gms": "0",
    "K": "40",
    "RatingMonth": "AUG25",
    "B-day": "1997",
    "Flag": "i"
  },
  {
    "ID Number": "7710402",
    "Name": "Dolly, Nicholas",
    "Fed": "TTO",
    "Sex": "M",
    "Title": "",
    "WTit": "",
    "OTit": "",
    "Rating": "1462",
    "Gms": "0",
    "K": "40",
    "RatingMonth": "AUG25",
    "B-day": "2013",
    "Flag": "i"
  },
  {
    "ID Number": "7709986",
    "Name": "Dolly, Samantha",
    "Fed": "TTO",
    "Sex": "F",
    "Title": "",
    "WTit": "",
    "OTit": "",
    "Rating": "1675",
    "Gms": "5",
    "K": "40",
    "RatingMonth": "AUG25",
    "B-day": "2010",
    "Flag": "w"
  },
  {
    "ID Number": "7702566",
    "Name": "Dover, Kelvin",
    "Fed": "TTO",
    "Sex": "M",
    "Title": "",
    "WTit": "",
    "OTit": "",
    "Rating": "1772",
    "Gms": "0",
    "K": "40",
    "RatingMonth": "AUG25",
    "B-day": "1998",
    "Flag": "i"
  },
  {
    "ID Number": "7701462",
    "Name": "Drayton, Doff",
    "Fed": "TTO",
    "Sex": "M",
    "Title": "",
    "WTit": "",
    "OTit": "",
    "Rating": "ACM",
    "Gms": "1763",
    "K": "0",
    "RatingMonth": "AUG25",
    "B-day": "1955",
    "Flag": "i"
  },
  {
    "ID Number": "7700024",
    "Name": "Duchesne, E.L.",
    "Fed": "TTO",
    "Sex": "M",
    "Title": "",
    "WTit": "",
    "OTit": "",
    "Rating": "2230",
    "Gms": "0",
    "K": "20",
    "RatingMonth": "AUG25",
    "B-day": "0",
    "Flag": "i"
  },
  {
    "ID Number": "7709706",
    "Name": "Duffrin, Adelia",
    "Fed": "TTO",
    "Sex": "F",
    "Title": "",
    "WTit": "",
    "OTit": "",
    "Rating": "1520",
    "Gms": "4",
    "K": "40",
    "RatingMonth": "AUG25",
    "B-day": "2007",
    "Flag": "w"
  },
  {
    "ID Number": "7700474",
    "Name": "Duke, Mateo",
    "Fed": "TTO",
    "Sex": "M",
    "Title": "",
    "WTit": "",
    "OTit": "",
    "Rating": "1743",
    "Gms": "0",
    "K": "40",
    "RatingMonth": "AUG25",
    "B-day": "1999",
    "Flag": "i"
  },
  {
    "ID Number": "7700180",
    "Name": "Duncan, Leonard",
    "Fed": "TTO",
    "Sex": "M",
    "Title": "CM",
    "WTit": "",
    "OTit": "",
    "Rating": "1802",
    "Gms": "0",
    "K": "20",
    "RatingMonth": "AUG25",
    "B-day": "1954",
    "Flag": ""
  },
  {
    "ID Number": "7705131",
    "Name": "Dyaanand, Kiran",
    "Fed": "TTO",
    "Sex": "M",
    "Title": "",
    "WTit": "",
    "OTit": "",
    "Rating": "1469",
    "Gms": "0",
    "K": "40",
    "RatingMonth": "AUG25",
    "B-day": "2002",
    "Flag": "i"
  },
  {
    "ID Number": "7700644",
    "Name": "Everon, John",
    "Fed": "TTO",
    "Sex": "M",
    "Title": "",
    "WTit": "",
    "OTit": "",
    "Rating": "1832",
    "Gms": "0",
    "K": "20",
    "RatingMonth": "AUG25",
    "B-day": "1955",
    "Flag": "i"
  },
  {
    "ID Number": "7700520",
    "Name": "Fitzpatrick, Chantal",
    "Fed": "TTO",
    "Sex": "F",
    "Title": "",
    "WTit": "",
    "OTit": "",
    "Rating": "1841",
    "Gms": "0",
    "K": "40",
    "RatingMonth": "AUG25",
    "B-day": "1990",
    "Flag": "wi"
  },
  {
    "ID Number": "7701470",
    "Name": "Flower, Trevor",
    "Fed": "TTO",
    "Sex": "M",
    "Title": "",
    "WTit": "",
    "OTit": "",
    "Rating": "1798",
    "Gms": "0",
    "K": "20",
    "RatingMonth": "AUG25",
    "B-day": "1958",
    "Flag": "i"
  },
  {
    "ID Number": "7700652",
    "Name": "Fortune, David",
    "Fed": "TTO",
    "Sex": "M",
    "Title": "",
    "WTit": "",
    "OTit": "",
    "Rating": "1859",
    "Gms": "0",
    "K": "20",
    "RatingMonth": "AUG25",
    "B-day": "1949",
    "Flag": "i"
  },
  {
    "ID Number": "7701659",
    "Name": "Francis, Samuel",
    "Fed": "TTO",
    "Sex": "M",
    "Title": "",
    "WTit": "",
    "OTit": "",
    "Rating": "1843",
    "Gms": "0",
    "K": "40",
    "RatingMonth": "AUG25",
    "B-day": "0",
    "Flag": "i"
  },
  {
    "ID Number": "7706839",
    "Name": "Francis-Ramai, Mathias",
    "Fed": "TTO",
    "Sex": "M",
    "Title": "",
    "WTit": "",
    "OTit": "",
    "Rating": "1555",
    "Gms": "0",
    "K": "40",
    "RatingMonth": "AUG25",
    "B-day": "2005",
    "Flag": "i"
  },
  {
    "ID Number": "7702507",
    "Name": "Francois, Miguel",
    "Fed": "TTO",
    "Sex": "M",
    "Title": "",
    "WTit": "",
    "OTit": "",
    "Rating": "1862",
    "Gms": "0",
    "K": "20",
    "RatingMonth": "AUG25",
    "B-day": "1976",
    "Flag": "i"
  },
  {
    "ID Number": "7711921",
    "Name": "Frederick, Jon",
    "Fed": "TTO",
    "Sex": "M",
    "Title": "",
    "WTit": "",
    "OTit": "",
    "Rating": "1481",
    "Gms": "0",
    "K": "40",
    "RatingMonth": "AUG25",
    "B-day": "2008",
    "Flag": ""
  },
  {
    "ID Number": "7700040",
    "Name": "Geofroy, Marilyn",
    "Fed": "TTO",
    "Sex": "F",
    "Title": "WCM",
    "WTit": "WCM",
    "OTit": "",
    "Rating": "1847",
    "Gms": "0",
    "K": "40",
    "RatingMonth": "AUG25",
    "B-day": "1956",
    "Flag": "w"
  },
  {
    "ID Number": "7708556",
    "Name": "George, Ezekiel",
    "Fed": "TTO",
    "Sex": "M",
    "Title": "",
    "WTit": "",
    "OTit": "",
    "Rating": "1453",
    "Gms": "0",
    "K": "40",
    "RatingMonth": "AUG25",
    "B-day": "2006",
    "Flag": "i"
  },
  {
    "ID Number": "7707983",
    "Name": "George, Spencer",
    "Fed": "TTO",
    "Sex": "M",
    "Title": "",
    "WTit": "",
    "OTit": "",
    "Rating": "1462",
    "Gms": "0",
    "K": "40",
    "RatingMonth": "AUG25",
    "B-day": "2013",
    "Flag": ""
  },
  {
    "ID Number": "2014203",
    "Name": "Gill, Joseph",
    "Fed": "TTO",
    "Sex": "M",
    "Title": "CM",
    "WTit": "",
    "OTit": "",
    "Rating": "1973",
    "Gms": "0",
    "K": "20",
    "RatingMonth": "AUG25",
    "B-day": "1992",
    "Flag": "i"
  },
  {
    "ID Number": "7712383",
    "Name": "Gill, Tyrese",
    "Fed": "TTO",
    "Sex": "M",
    "Title": "",
    "WTit": "",
    "OTit": "",
    "Rating": "1916",
    "Gms": "7",
    "K": "20",
    "RatingMonth": "AUG25",
    "B-day": "2006",
    "Flag": ""
  },
  {
    "ID Number": "7705859",
    "Name": "Gillette, James",
    "Fed": "TTO",
    "Sex": "M",
    "Title": "",
    "WTit": "",
    "OTit": "",
    "Rating": "1421",
    "Gms": "0",
    "K": "40",
    "RatingMonth": "AUG25",
    "B-day": "2007",
    "Flag": ""
  },
  {
    "ID Number": "7706111",
    "Name": "Gillette, Luke",
    "Fed": "TTO",
    "Sex": "M",
    "Title": "",
    "WTit": "",
    "OTit": "",
    "Rating": "1711",
    "Gms": "6",
    "K": "40",
    "RatingMonth": "AUG25",
    "B-day": "2010",
    "Flag": ""
  },
  {
    "ID Number": "7707240",
    "Name": "Gooding, Vishal",
    "Fed": "TTO",
    "Sex": "M",
    "Title": "",
    "WTit": "",
    "OTit": "",
    "Rating": "1446",
    "Gms": "0",
    "K": "40",
    "RatingMonth": "AUG25",
    "B-day": "2004",
    "Flag": "i"
  },
  {
    "ID Number": "7701705",
    "Name": "Gordon, Anderson",
    "Fed": "TTO",
    "Sex": "M",
    "Title": "",
    "WTit": "",
    "OTit": "",
    "Rating": "1994",
    "Gms": "0",
    "K": "20",
    "RatingMonth": "AUG25",
    "B-day": "1974",
    "Flag": "i"
  },
  {
    "ID Number": "7701497",
    "Name": "Grant, Ian",
    "Fed": "TTO",
    "Sex": "M",
    "Title": "",
    "WTit": "",
    "OTit": "",
    "Rating": "1767",
    "Gms": "6",
    "K": "20",
    "RatingMonth": "AUG25",
    "B-day": "1973",
    "Flag": ""
  },
  {
    "ID Number": "7700415",
    "Name": "Guerrero, Rafael",
    "Fed": "TTO",
    "Sex": "M",
    "Title": "",
    "WTit": "",
    "OTit": "",
    "Rating": "1920",
    "Gms": "0",
    "K": "40",
    "RatingMonth": "AUG25",
    "B-day": "1994",
    "Flag": "i"
  },
  {
    "ID Number": "7709846",
    "Name": "Harford, Adam",
    "Fed": "TTO",
    "Sex": "M",
    "Title": "",
    "WTit": "",
    "OTit": "",
    "Rating": "1487",
    "Gms": "0",
    "K": "40",
    "RatingMonth": "AUG25",
    "B-day": "2010",
    "Flag": "i"
  },
  {
    "ID Number": "7700156",
    "Name": "Harper, Ryan",
    "Fed": "TTO",
    "Sex": "M",
    "Title": "FM",
    "WTit": "NA",
    "OTit": "",
    "Rating": "2131",
    "Gms": "0",
    "K": "20",
    "RatingMonth": "AUG25",
    "B-day": "1977",
    "Flag": ""
  },
  {
    "ID Number": "7710003",
    "Name": "Harry, Caleb",
    "Fed": "TTO",
    "Sex": "M",
    "Title": "",
    "WTit": "",
    "OTit": "",
    "Rating": "1504",
    "Gms": "5",
    "K": "40",
    "RatingMonth": "AUG25",
    "B-day": "2015",
    "Flag": ""
  },
  {
    "ID Number": "7708700",
    "Name": "Haynes, Anthony Daniel",
    "Fed": "TTO",
    "Sex": "M",
    "Title": "",
    "WTit": "",
    "OTit": "",
    "Rating": "1424",
    "Gms": "0",
    "K": "40",
    "RatingMonth": "AUG25",
    "B-day": "2010",
    "Flag": ""
  },
  {
    "ID Number": "7708130",
    "Name": "Haynes, Trevor Anthony",
    "Fed": "TTO",
    "Sex": "M",
    "Title": "",
    "WTit": "",
    "OTit": "",
    "Rating": "1612",
    "Gms": "0",
    "K": "20",
    "RatingMonth": "AUG25",
    "B-day": "1956",
    "Flag": ""
  },
  {
    "ID Number": "7700660",
    "Name": "Heerah, Rohan",
    "Fed": "TTO",
    "Sex": "M",
    "Title": "",
    "WTit": "",
    "OTit": "",
    "Rating": "1863",
    "Gms": "0",
    "K": "20",
    "RatingMonth": "AUG25",
    "B-day": "1964",
    "Flag": "i"
  },
  {
    "ID Number": "3912167",
    "Name": "Hermoso Rodriguez, Ysvett",
    "Fed": "TTO",
    "Sex": "F",
    "Title": "WFM",
    "WTit": "WFM",
    "OTit": "",
    "Rating": "1895",
    "Gms": "9",
    "K": "20",
    "RatingMonth": "AUG25",
    "B-day": "1991",
    "Flag": "w"
  },
  {
    "ID Number": "7707258",
    "Name": "Hosein, Rayshard",
    "Fed": "TTO",
    "Sex": "M",
    "Title": "",
    "WTit": "",
    "OTit": "",
    "Rating": "1533",
    "Gms": "0",
    "K": "40",
    "RatingMonth": "AUG25",
    "B-day": "2005",
    "Flag": "i"
  },
  {
    "ID Number": "7713878",
    "Name": "Hosein, Yuri",
    "Fed": "TTO",
    "Sex": "M",
    "Title": "",
    "WTit": "",
    "OTit": "",
    "Rating": "1655",
    "Gms": "0",
    "K": "40",
    "RatingMonth": "AUG25",
    "B-day": "2014",
    "Flag": ""
  },
  {
    "ID Number": "7709439",
    "Name": "Humphrey, Ty",
    "Fed": "TTO",
    "Sex": "M",
    "Title": "",
    "WTit": "",
    "OTit": "",
    "Rating": "ACM",
    "Gms": "1651",
    "K": "6",
    "RatingMonth": "AUG25",
    "B-day": "2016",
    "Flag": ""
  },
  {
    "ID Number": "7703210",
    "Name": "Hunte, Keelan",
    "Fed": "TTO",
    "Sex": "M",
    "Title": "",
    "WTit": "NI",
    "OTit": "",
    "Rating": "1759",
    "Gms": "0",
    "K": "20",
    "RatingMonth": "AUG25",
    "B-day": "1986",
    "Flag": "i"
  },
  {
    "ID Number": "7703589",
    "Name": "Iligan, Rodelio",
    "Fed": "TTO",
    "Sex": "M",
    "Title": "",
    "WTit": "",
    "OTit": "",
    "Rating": "1870",
    "Gms": "0",
    "K": "40",
    "RatingMonth": "AUG25",
    "B-day": "0",
    "Flag": "i"
  },
  {
    "ID Number": "7703112",
    "Name": "Inkim, Matthew",
    "Fed": "TTO",
    "Sex": "M",
    "Title": "",
    "WTit": "",
    "OTit": "",
    "Rating": "1687",
    "Gms": "0",
    "K": "20",
    "RatingMonth": "AUG25",
    "B-day": "2003",
    "Flag": "i"
  },
  {
    "ID Number": "7705468",
    "Name": "Inkim, Thomas",
    "Fed": "TTO",
    "Sex": "M",
    "Title": "",
    "WTit": "",
    "OTit": "",
    "Rating": "1720",
    "Gms": "0",
    "K": "40",
    "RatingMonth": "AUG25",
    "B-day": "1963",
    "Flag": "i"
  },
  {
    "ID Number": "7707266",
    "Name": "Jagadeesh, Ghanashyaam",
    "Fed": "TTO",
    "Sex": "M",
    "Title": "",
    "WTit": "",
    "OTit": "",
    "Rating": "1548",
    "Gms": "0",
    "K": "40",
    "RatingMonth": "AUG25",
    "B-day": "2007",
    "Flag": "i"
  },
  {
    "ID Number": "7705344",
    "Name": "James, Cordel",
    "Fed": "TTO",
    "Sex": "M",
    "Title": "",
    "WTit": "",
    "OTit": "",
    "Rating": "1698",
    "Gms": "0",
    "K": "40",
    "RatingMonth": "AUG25",
    "B-day": "1981",
    "Flag": "i"
  },
  {
    "ID Number": "7706782",
    "Name": "James, Ethan",
    "Fed": "TTO",
    "Sex": "M",
    "Title": "",
    "WTit": "",
    "OTit": "",
    "Rating": "1471",
    "Gms": "0",
    "K": "40",
    "RatingMonth": "AUG25",
    "B-day": "2008",
    "Flag": "i"
  },
  {
    "ID Number": "7704127",
    "Name": "James, Fidel",
    "Fed": "TTO",
    "Sex": "M",
    "Title": "",
    "WTit": "",
    "OTit": "",
    "Rating": "1711",
    "Gms": "0",
    "K": "40",
    "RatingMonth": "AUG25",
    "B-day": "1959",
    "Flag": "i"
  },
  {
    "ID Number": "7701373",
    "Name": "James, Keevin",
    "Fed": "TTO",
    "Sex": "M",
    "Title": "",
    "WTit": "",
    "OTit": "",
    "Rating": "1865",
    "Gms": "0",
    "K": "20",
    "RatingMonth": "AUG25",
    "B-day": "1981",
    "Flag": ""
  },
  {
    "ID Number": "7708726",
    "Name": "James, Levi",
    "Fed": "TTO",
    "Sex": "M",
    "Title": "",
    "WTit": "",
    "OTit": "",
    "Rating": "1730",
    "Gms": "5",
    "K": "40",
    "RatingMonth": "AUG25",
    "B-day": "2011",
    "Flag": ""
  },
  {
    "ID Number": "7708424",
    "Name": "James, Nathanael",
    "Fed": "TTO",
    "Sex": "M",
    "Title": "",
    "WTit": "",
    "OTit": "",
    "Rating": "1434",
    "Gms": "0",
    "K": "40",
    "RatingMonth": "AUG25",
    "B-day": "2010",
    "Flag": "i"
  },
  {
    "ID Number": "7702060",
    "Name": "James, Shemilah",
    "Fed": "TTO",
    "Sex": "F",
    "Title": "WCM",
    "WTit": "WCM",
    "OTit": "",
    "Rating": "1770",
    "Gms": "0",
    "K": "20",
    "RatingMonth": "AUG25",
    "B-day": "2003",
    "Flag": "w"
  },
  {
    "ID Number": "7711611",
    "Name": "Jogie, Ari",
    "Fed": "TTO",
    "Sex": "M",
    "Title": "",
    "WTit": "",
    "OTit": "",
    "Rating": "1477",
    "Gms": "0",
    "K": "40",
    "RatingMonth": "AUG25",
    "B-day": "2010",
    "Flag": ""
  },
  {
    "ID Number": "7708025",
    "Name": "Johnson, Adaya",
    "Fed": "TTO",
    "Sex": "F",
    "Title": "",
    "WTit": "",
    "OTit": "",
    "Rating": "1569",
    "Gms": "0",
    "K": "40",
    "RatingMonth": "AUG25",
    "B-day": "2011",
    "Flag": "w"
  },
  {
    "ID Number": "7703317",
    "Name": "Johnson, Chaya",
    "Fed": "TTO",
    "Sex": "F",
    "Title": "",
    "WTit": "",
    "OTit": "",
    "Rating": "1513",
    "Gms": "0",
    "K": "20",
    "RatingMonth": "AUG25",
    "B-day": "2005",
    "Flag": "wi"
  },
  {
    "ID Number": "7701128",
    "Name": "Johnson, Gabriella",
    "Fed": "TTO",
    "Sex": "F",
    "Title": "WIM",
    "WTit": "WIM",
    "OTit": "LSI",
    "Rating": "1820",
    "Gms": "0",
    "K": "20",
    "RatingMonth": "AUG25",
    "B-day": "2000",
    "Flag": "w"
  },
  {
    "ID Number": "7700768",
    "Name": "Johnson, Joshua",
    "Fed": "TTO",
    "Sex": "M",
    "Title": "FM",
    "WTit": "FI,NA",
    "OTit": "",
    "Rating": "2213",
    "Gms": "9",
    "K": "20",
    "RatingMonth": "AUG25",
    "B-day": "1999",
    "Flag": ""
  },
  {
    "ID Number": "7703511",
    "Name": "Jones, Akeisha",
    "Fed": "TTO",
    "Sex": "F",
    "Title": "",
    "WTit": "",
    "OTit": "",
    "Rating": "1595",
    "Gms": "0",
    "K": "20",
    "RatingMonth": "AUG25",
    "B-day": "2001",
    "Flag": "wi"
  },
  {
    "ID Number": "7700075",
    "Name": "Jones, David",
    "Fed": "TTO",
    "Sex": "M",
    "Title": "",
    "WTit": "",
    "OTit": "",
    "Rating": "1887",
    "Gms": "0",
    "K": "20",
    "RatingMonth": "AUG25",
    "B-day": "1974",
    "Flag": ""
  },
  {
    "ID Number": "7703058",
    "Name": "Jones, Joanna",
    "Fed": "TTO",
    "Sex": "F",
    "Title": "",
    "WTit": "",
    "OTit": "",
    "Rating": "1410",
    "Gms": "0",
    "K": "40",
    "RatingMonth": "AUG25",
    "B-day": "2001",
    "Flag": "wi"
  },
  {
    "ID Number": "7710135",
    "Name": "Jones, Marcus",
    "Fed": "TTO",
    "Sex": "M",
    "Title": "",
    "WTit": "",
    "OTit": "",
    "Rating": "1464",
    "Gms": "0",
    "K": "40",
    "RatingMonth": "AUG25",
    "B-day": "2013",
    "Flag": ""
  },
  {
    "ID Number": "7700253",
    "Name": "Joseph, Jerome",
    "Fed": "TTO",
    "Sex": "M",
    "Title": "",
    "WTit": "",
    "OTit": "",
    "Rating": "1974",
    "Gms": "0",
    "K": "40",
    "RatingMonth": "AUG25",
    "B-day": "0",
    "Flag": "i"
  },
  {
    "ID Number": "7700393",
    "Name": "Joseph, Marcus",
    "Fed": "TTO",
    "Sex": "M",
    "Title": "FM",
    "WTit": "",
    "OTit": "",
    "Rating": "2121",
    "Gms": "0",
    "K": "20",
    "RatingMonth": "AUG25",
    "B-day": "1987",
    "Flag": ""
  },
  {
    "ID Number": "7706014",
    "Name": "Joseph, Sajan",
    "Fed": "TTO",
    "Sex": "M",
    "Title": "",
    "WTit": "",
    "OTit": "",
    "Rating": "1470",
    "Gms": "0",
    "K": "40",
    "RatingMonth": "AUG25",
    "B-day": "2009",
    "Flag": "i"
  },
  {
    "ID Number": "7706022",
    "Name": "Joseph, Sanjiv",
    "Fed": "TTO",
    "Sex": "M",
    "Title": "",
    "WTit": "",
    "OTit": "",
    "Rating": "1532",
    "Gms": "0",
    "K": "40",
    "RatingMonth": "AUG25",
    "B-day": "2008",
    "Flag": "i"
  },
  {
    "ID Number": "7700300",
    "Name": "Kennedy, Jane",
    "Fed": "TTO",
    "Sex": "F",
    "Title": "",
    "WTit": "",
    "OTit": "",
    "Rating": "1842",
    "Gms": "0",
    "K": "40",
    "RatingMonth": "AUG25",
    "B-day": "1989",
    "Flag": "wi"
  },
  {
    "ID Number": "7704844",
    "Name": "Khafra, Enen-Sa-Tefa Ab",
    "Fed": "TTO",
    "Sex": "M",
    "Title": "",
    "WTit": "NA",
    "OTit": "",
    "Rating": "1909",
    "Gms": "0",
    "K": "20",
    "RatingMonth": "AUG25",
    "B-day": "1998",
    "Flag": ""
  },
  {
    "ID Number": "7708084",
    "Name": "Khan, Ajay",
    "Fed": "TTO",
    "Sex": "M",
    "Title": "",
    "WTit": "",
    "OTit": "",
    "Rating": "1422",
    "Gms": "0",
    "K": "40",
    "RatingMonth": "AUG25",
    "B-day": "2007",
    "Flag": "i"
  },
  {
    "ID Number": "7711069",
    "Name": "Khan, Zidan",
    "Fed": "TTO",
    "Sex": "M",
    "Title": "",
    "WTit": "",
    "OTit": "",
    "Rating": "1475",
    "Gms": "0",
    "K": "40",
    "RatingMonth": "AUG25",
    "B-day": "2013",
    "Flag": "i"
  },
  {
    "ID Number": "7710267",
    "Name": "King, Cameron",
    "Fed": "TTO",
    "Sex": "M",
    "Title": "",
    "WTit": "",
    "OTit": "",
    "Rating": "1467",
    "Gms": "0",
    "K": "40",
    "RatingMonth": "AUG25",
    "B-day": "2008",
    "Flag": "i"
  },
  {
    "ID Number": "7700695",
    "Name": "Knight, Colin",
    "Fed": "TTO",
    "Sex": "M",
    "Title": "",
    "WTit": "",
    "OTit": "",
    "Rating": "1917",
    "Gms": "0",
    "K": "20",
    "RatingMonth": "AUG25",
    "B-day": "1964",
    "Flag": "i"
  },
  {
    "ID Number": "7708300",
    "Name": "Kumar, Alexandra",
    "Fed": "TTO",
    "Sex": "F",
    "Title": "",
    "WTit": "",
    "OTit": "",
    "Rating": "ACM",
    "Gms": "1523",
    "K": "0",
    "RatingMonth": "AUG25",
    "B-day": "2012",
    "Flag": "w"
  },
  {
    "ID Number": "7705417",
    "Name": "La Fleur, Juninho",
    "Fed": "TTO",
    "Sex": "M",
    "Title": "",
    "WTit": "",
    "OTit": "",
    "Rating": "1681",
    "Gms": "0",
    "K": "40",
    "RatingMonth": "AUG25",
    "B-day": "2007",
    "Flag": "i"
  },
  {
    "ID Number": "7703848",
    "Name": "La Fleur, Zara",
    "Fed": "TTO",
    "Sex": "F",
    "Title": "WCM",
    "WTit": "WCM",
    "OTit": "SI",
    "Rating": "1769",
    "Gms": "8",
    "K": "20",
    "RatingMonth": "AUG25",
    "B-day": "2006",
    "Flag": "w"
  },
  {
    "ID Number": "7704780",
    "Name": "Lackhai, Tristan",
    "Fed": "TTO",
    "Sex": "M",
    "Title": "",
    "WTit": "",
    "OTit": "",
    "Rating": "1573",
    "Gms": "0",
    "K": "40",
    "RatingMonth": "AUG25",
    "B-day": "2006",
    "Flag": "i"
  },
  {
    "ID Number": "7709927",
    "Name": "Laing, Adam",
    "Fed": "TTO",
    "Sex": "M",
    "Title": "",
    "WTit": "",
    "OTit": "",
    "Rating": "1458",
    "Gms": "0",
    "K": "40",
    "RatingMonth": "AUG25",
    "B-day": "2012",
    "Flag": ""
  },
  {
    "ID Number": "7707851",
    "Name": "Laing, Raquel",
    "Fed": "TTO",
    "Sex": "F",
    "Title": "",
    "WTit": "",
    "OTit": "",
    "Rating": "1430",
    "Gms": "0",
    "K": "40",
    "RatingMonth": "AUG25",
    "B-day": "2010",
    "Flag": "w"
  },
  {
    "ID Number": "7708351",
    "Name": "Lalla, Eli",
    "Fed": "TTO",
    "Sex": "M",
    "Title": "",
    "WTit": "",
    "OTit": "",
    "Rating": "1403",
    "Gms": "0",
    "K": "40",
    "RatingMonth": "AUG25",
    "B-day": "2013",
    "Flag": ""
  },
  {
    "ID Number": "7705670",
    "Name": "Lalsie, Kyle",
    "Fed": "TTO",
    "Sex": "M",
    "Title": "",
    "WTit": "",
    "OTit": "",
    "Rating": "1521",
    "Gms": "0",
    "K": "40",
    "RatingMonth": "AUG25",
    "B-day": "2004",
    "Flag": "i"
  },
  {
    "ID Number": "7715218",
    "Name": "Lau, Jacek",
    "Fed": "TTO",
    "Sex": "M",
    "Title": "",
    "WTit": "",
    "OTit": "",
    "Rating": "1588",
    "Gms": "0",
    "K": "40",
    "RatingMonth": "AUG25",
    "B-day": "2012",
    "Flag": ""
  },
  {
    "ID Number": "7708599",
    "Name": "Lee, Brad",
    "Fed": "TTO",
    "Sex": "M",
    "Title": "",
    "WTit": "",
    "OTit": "",
    "Rating": "1603",
    "Gms": "0",
    "K": "20",
    "RatingMonth": "AUG25",
    "B-day": "1988",
    "Flag": ""
  },
  {
    "ID Number": "7703228",
    "Name": "Lee, Courtney",
    "Fed": "TTO",
    "Sex": "M",
    "Title": "",
    "WTit": "",
    "OTit": "",
    "Rating": "1863",
    "Gms": "0",
    "K": "20",
    "RatingMonth": "AUG25",
    "B-day": "1949",
    "Flag": "i"
  },
  {
    "ID Number": "7700350",
    "Name": "Lee, Hayden",
    "Fed": "TTO",
    "Sex": "M",
    "Title": "",
    "WTit": "",
    "OTit": "",
    "Rating": "1836",
    "Gms": "6",
    "K": "20",
    "RatingMonth": "AUG25",
    "B-day": "1966",
    "Flag": ""
  },
  {
    "ID Number": "7701136",
    "Name": "Leemoon, Brian",
    "Fed": "TTO",
    "Sex": "M",
    "Title": "",
    "WTit": "",
    "OTit": "",
    "Rating": "1815",
    "Gms": "0",
    "K": "40",
    "RatingMonth": "AUG25",
    "B-day": "1966",
    "Flag": "i"
  },
  {
    "ID Number": "7711662",
    "Name": "Lewis, Maliq",
    "Fed": "TTO",
    "Sex": "M",
    "Title": "",
    "WTit": "",
    "OTit": "",
    "Rating": "1548",
    "Gms": "0",
    "K": "40",
    "RatingMonth": "AUG25",
    "B-day": "2011",
    "Flag": ""
  },
  {
    "ID Number": "7703465",
    "Name": "Lewis, Tyrell",
    "Fed": "TTO",
    "Sex": "M",
    "Title": "",
    "WTit": "",
    "OTit": "",
    "Rating": "1624",
    "Gms": "0",
    "K": "40",
    "RatingMonth": "AUG25",
    "B-day": "2002",
    "Flag": "i"
  },
  {
    "ID Number": "7705999",
    "Name": "Lookit, Lucas",
    "Fed": "TTO",
    "Sex": "M",
    "Title": "",
    "WTit": "",
    "OTit": "",
    "Rating": "1404",
    "Gms": "0",
    "K": "40",
    "RatingMonth": "AUG25",
    "B-day": "2008",
    "Flag": "i"
  },
  {
    "ID Number": "7706898",
    "Name": "Lutawan, Adrian",
    "Fed": "TTO",
    "Sex": "M",
    "Title": "",
    "WTit": "",
    "OTit": "",
    "Rating": "1502",
    "Gms": "0",
    "K": "40",
    "RatingMonth": "AUG25",
    "B-day": "2009",
    "Flag": ""
  },
  {
    "ID Number": "7705204",
    "Name": "Ly Fook, Nicholas",
    "Fed": "TTO",
    "Sex": "M",
    "Title": "",
    "WTit": "",
    "OTit": "",
    "Rating": "1431",
    "Gms": "0",
    "K": "20",
    "RatingMonth": "AUG25",
    "B-day": "2005",
    "Flag": "i"
  },
  {
    "ID Number": "7703473",
    "Name": "Lynch, Jennika",
    "Fed": "TTO",
    "Sex": "F",
    "Title": "",
    "WTit": "",
    "OTit": "",
    "Rating": "1663",
    "Gms": "0",
    "K": "20",
    "RatingMonth": "AUG25",
    "B-day": "2002",
    "Flag": "wi"
  },
  {
    "ID Number": "7707134",
    "Name": "Mahabir, Yuri Harvard",
    "Fed": "TTO",
    "Sex": "M",
    "Title": "",
    "WTit": "",
    "OTit": "",
    "Rating": "1566",
    "Gms": "0",
    "K": "40",
    "RatingMonth": "AUG25",
    "B-day": "2007",
    "Flag": "i"
  },
  {
    "ID Number": "7706367",
    "Name": "Mahadeo, Amir",
    "Fed": "TTO",
    "Sex": "M",
    "Title": "",
    "WTit": "",
    "OTit": "",
    "Rating": "1631",
    "Gms": "0",
    "K": "20",
    "RatingMonth": "AUG25",
    "B-day": "2005",
    "Flag": ""
  },
  {
    "ID Number": "7704925",
    "Name": "Mahadeo, Sanjeev",
    "Fed": "TTO",
    "Sex": "M",
    "Title": "",
    "WTit": "",
    "OTit": "",
    "Rating": "1712",
    "Gms": "0",
    "K": "40",
    "RatingMonth": "AUG25",
    "B-day": "1999",
    "Flag": ""
  },
  {
    "ID Number": "7705743",
    "Name": "Maharaj, Keshav",
    "Fed": "TTO",
    "Sex": "M",
    "Title": "",
    "WTit": "",
    "OTit": "",
    "Rating": "1458",
    "Gms": "0",
    "K": "20",
    "RatingMonth": "AUG25",
    "B-day": "2005",
    "Flag": "i"
  },
  {
    "ID Number": "7705573",
    "Name": "Maharaj, Kevin",
    "Fed": "TTO",
    "Sex": "M",
    "Title": "",
    "WTit": "",
    "OTit": "",
    "Rating": "1500",
    "Gms": "0",
    "K": "40",
    "RatingMonth": "AUG25",
    "B-day": "2007",
    "Flag": ""
  },
  {
    "ID Number": "7705085",
    "Name": "Maharaj, Sanat",
    "Fed": "TTO",
    "Sex": "M",
    "Title": "",
    "WTit": "",
    "OTit": "",
    "Rating": "1440",
    "Gms": "0",
    "K": "40",
    "RatingMonth": "AUG25",
    "B-day": "2006",
    "Flag": "i"
  },
  {
    "ID Number": "7701071",
    "Name": "Maharaj, Steve",
    "Fed": "TTO",
    "Sex": "M",
    "Title": "",
    "WTit": "",
    "OTit": "",
    "Rating": "1904",
    "Gms": "0",
    "K": "20",
    "RatingMonth": "AUG25",
    "B-day": "0",
    "Flag": ""
  },
  {
    "ID Number": "7707479",
    "Name": "Maharaj, Vandina",
    "Fed": "TTO",
    "Sex": "F",
    "Title": "",
    "WTit": "",
    "OTit": "",
    "Rating": "1408",
    "Gms": "0",
    "K": "40",
    "RatingMonth": "AUG25",
    "B-day": "2009",
    "Flag": "wi"
  },
  {
    "ID Number": "7704968",
    "Name": "Maharaj, Varenyam",
    "Fed": "TTO",
    "Sex": "M",
    "Title": "",
    "WTit": "",
    "OTit": "",
    "Rating": "1756",
    "Gms": "0",
    "K": "20",
    "RatingMonth": "AUG25",
    "B-day": "2002",
    "Flag": "i"
  },
  {
    "ID Number": "7704879",
    "Name": "Maharaj-Ali, Jaedon",
    "Fed": "TTO",
    "Sex": "M",
    "Title": "",
    "WTit": "",
    "OTit": "",
    "Rating": "1579",
    "Gms": "0",
    "K": "40",
    "RatingMonth": "AUG25",
    "B-day": "2003",
    "Flag": "i"
  },
  {
    "ID Number": "7705565",
    "Name": "Malle, Angel",
    "Fed": "TTO",
    "Sex": "M",
    "Title": "",
    "WTit": "",
    "OTit": "",
    "Rating": "1542",
    "Gms": "0",
    "K": "40",
    "RatingMonth": "AUG25",
    "B-day": "2001",
    "Flag": "i"
  },
  {
    "ID Number": "7707290",
    "Name": "Mano, Syon",
    "Fed": "TTO",
    "Sex": "M",
    "Title": "",
    "WTit": "",
    "OTit": "",
    "Rating": "1524",
    "Gms": "0",
    "K": "40",
    "RatingMonth": "AUG25",
    "B-day": "2007",
    "Flag": "i"
  },
  {
    "ID Number": "7705727",
    "Name": "Manocha, Cayleigh",
    "Fed": "TTO",
    "Sex": "F",
    "Title": "",
    "WTit": "",
    "OTit": "",
    "Rating": "1473",
    "Gms": "0",
    "K": "40",
    "RatingMonth": "AUG25",
    "B-day": "2008",
    "Flag": "wi"
  },
  {
    "ID Number": "7713452",
    "Name": "Manswell, Castillo",
    "Fed": "TTO",
    "Sex": "M",
    "Title": "",
    "WTit": "",
    "OTit": "",
    "Rating": "1535",
    "Gms": "0",
    "K": "40",
    "RatingMonth": "AUG25",
    "B-day": "2010",
    "Flag": ""
  },
  {
    "ID Number": "7700261",
    "Name": "Marcelle, Joffrey",
    "Fed": "TTO",
    "Sex": "M",
    "Title": "",
    "WTit": "",
    "OTit": "",
    "Rating": "1987",
    "Gms": "0",
    "K": "20",
    "RatingMonth": "AUG25",
    "B-day": "1977",
    "Flag": "i"
  },
  {
    "ID Number": "7702280",
    "Name": "Martin, Athena",
    "Fed": "TTO",
    "Sex": "F",
    "Title": "",
    "WTit": "",
    "OTit": "",
    "Rating": "1480",
    "Gms": "0",
    "K": "20",
    "RatingMonth": "AUG25",
    "B-day": "2005",
    "Flag": "wi"
  },
  {
    "ID Number": "7702884",
    "Name": "Martin, David",
    "Fed": "TTO",
    "Sex": "M",
    "Title": "",
    "WTit": "FI",
    "OTit": "",
    "Rating": "1694",
    "Gms": "0",
    "K": "40",
    "RatingMonth": "AUG25",
    "B-day": "1956",
    "Flag": "i"
  },
  {
    "ID Number": "7706804",
    "Name": "Martin, Joshua",
    "Fed": "TTO",
    "Sex": "M",
    "Title": "",
    "WTit": "",
    "OTit": "",
    "Rating": "1462",
    "Gms": "0",
    "K": "40",
    "RatingMonth": "AUG25",
    "B-day": "2007",
    "Flag": "i"
  },
  {
    "ID Number": "7706650",
    "Name": "Martin, Kayla",
    "Fed": "TTO",
    "Sex": "F",
    "Title": "",
    "WTit": "NA",
    "OTit": "",
    "Rating": "1470",
    "Gms": "0",
    "K": "20",
    "RatingMonth": "AUG25",
    "B-day": "2004",
    "Flag": "w"
  },
  {
    "ID Number": "7707096",
    "Name": "Martin, Kevin",
    "Fed": "TTO",
    "Sex": "M",
    "Title": "",
    "WTit": "",
    "OTit": "",
    "Rating": "1425",
    "Gms": "0",
    "K": "40",
    "RatingMonth": "AUG25",
    "B-day": "1977",
    "Flag": "i"
  },
  {
    "ID Number": "7702310",
    "Name": "Martin, Mikel",
    "Fed": "TTO",
    "Sex": "M",
    "Title": "",
    "WTit": "",
    "OTit": "",
    "Rating": "1898",
    "Gms": "0",
    "K": "20",
    "RatingMonth": "AUG25",
    "B-day": "2001",
    "Flag": "i"
  },
  {
    "ID Number": "7707991",
    "Name": "Martin, Neyah",
    "Fed": "TTO",
    "Sex": "F",
    "Title": "",
    "WTit": "",
    "OTit": "",
    "Rating": "1474",
    "Gms": "0",
    "K": "40",
    "RatingMonth": "AUG25",
    "B-day": "2013",
    "Flag": "wi"
  },
  {
    "ID Number": "7707843",
    "Name": "Martinez, Robert",
    "Fed": "TTO",
    "Sex": "M",
    "Title": "",
    "WTit": "",
    "OTit": "",
    "Rating": "1717",
    "Gms": "0",
    "K": "40",
    "RatingMonth": "AUG25",
    "B-day": "1987",
    "Flag": "i"
  },
  {
    "ID Number": "7702949",
    "Name": "Mason, Kriston",
    "Fed": "TTO",
    "Sex": "M",
    "Title": "",
    "WTit": "",
    "OTit": "",
    "Rating": "1582",
    "Gms": "0",
    "K": "20",
    "RatingMonth": "AUG25",
    "B-day": "1997",
    "Flag": "i"
  },
  {
    "ID Number": "7703716",
    "Name": "Maynard, David",
    "Fed": "TTO",
    "Sex": "M",
    "Title": "",
    "WTit": "",
    "OTit": "",
    "Rating": "1522",
    "Gms": "3",
    "K": "20",
    "RatingMonth": "AUG25",
    "B-day": "1953",
    "Flag": ""
  },
  {
    "ID Number": "7703244",
    "Name": "Maynard, Lennox",
    "Fed": "TTO",
    "Sex": "M",
    "Title": "",
    "WTit": "",
    "OTit": "",
    "Rating": "1789",
    "Gms": "0",
    "K": "40",
    "RatingMonth": "AUG25",
    "B-day": "0",
    "Flag": "i"
  },
  {
    "ID Number": "7703791",
    "Name": "Mc Intosh, Isaiah",
    "Fed": "TTO",
    "Sex": "M",
    "Title": "FM",
    "WTit": "",
    "OTit": "",
    "Rating": "2246",
    "Gms": "0",
    "K": "20",
    "RatingMonth": "AUG25",
    "B-day": "2000",
    "Flag": ""
  },
  {
    "ID Number": "7708254",
    "Name": "Mc Letchie, Nicholas",
    "Fed": "TTO",
    "Sex": "M",
    "Title": "",
    "WTit": "",
    "OTit": "",
    "Rating": "1671",
    "Gms": "0",
    "K": "40",
    "RatingMonth": "AUG25",
    "B-day": "2014",
    "Flag": ""
  },
  {
    "ID Number": "7712871",
    "Name": "McClatchie, Zephaniah",
    "Fed": "TTO",
    "Sex": "M",
    "Title": "",
    "WTit": "",
    "OTit": "",
    "Rating": "1547",
    "Gms": "0",
    "K": "40",
    "RatingMonth": "AUG25",
    "B-day": "2009",
    "Flag": ""
  },
  {
    "ID Number": "7706030",
    "Name": "Medina, Joshua",
    "Fed": "TTO",
    "Sex": "M",
    "Title": "CM",
    "WTit": "",
    "OTit": "",
    "Rating": "1965",
    "Gms": "7",
    "K": "40",
    "RatingMonth": "AUG25",
    "B-day": "2008",
    "Flag": ""
  },
  {
    "ID Number": "7701349",
    "Name": "Mentor, Hermes",
    "Fed": "TTO",
    "Sex": "M",
    "Title": "",
    "WTit": "",
    "OTit": "",
    "Rating": "1787",
    "Gms": "0",
    "K": "20",
    "RatingMonth": "AUG25",
    "B-day": "0",
    "Flag": "i"
  },
  {
    "ID Number": "7700148",
    "Name": "Merritt, Mario",
    "Fed": "TTO",
    "Sex": "M",
    "Title": "FM",
    "WTit": "",
    "OTit": "",
    "Rating": "2143",
    "Gms": "0",
    "K": "20",
    "RatingMonth": "AUG25",
    "B-day": "1977",
    "Flag": ""
  },
  {
    "ID Number": "7700920",
    "Name": "Mitchell, Adrian",
    "Fed": "TTO",
    "Sex": "M",
    "Title": "",
    "WTit": "",
    "OTit": "",
    "Rating": "1887",
    "Gms": "0",
    "K": "40",
    "RatingMonth": "AUG25",
    "B-day": "1988",
    "Flag": "i"
  },
  {
    "ID Number": "7711697",
    "Name": "Mitchell, Deandre",
    "Fed": "TTO",
    "Sex": "M",
    "Title": "",
    "WTit": "",
    "OTit": "",
    "Rating": "1646",
    "Gms": "0",
    "K": "40",
    "RatingMonth": "AUG25",
    "B-day": "2010",
    "Flag": ""
  },
  {
    "ID Number": "7708203",
    "Name": "Mohammed, Celine Angelina",
    "Fed": "TTO",
    "Sex": "F",
    "Title": "",
    "WTit": "",
    "OTit": "",
    "Rating": "1477",
    "Gms": "0",
    "K": "40",
    "RatingMonth": "AUG25",
    "B-day": "2002",
    "Flag": "w"
  },
  {
    "ID Number": "7706553",
    "Name": "Mohammed, Kiran",
    "Fed": "TTO",
    "Sex": "M",
    "Title": "",
    "WTit": "",
    "OTit": "",
    "Rating": "1636",
    "Gms": "0",
    "K": "20",
    "RatingMonth": "AUG25",
    "B-day": "2005",
    "Flag": "i"
  },
  {
    "ID Number": "7710194",
    "Name": "Mohammed, Samiyah",
    "Fed": "TTO",
    "Sex": "F",
    "Title": "",
    "WTit": "",
    "OTit": "",
    "Rating": "1448",
    "Gms": "0",
    "K": "40",
    "RatingMonth": "AUG25",
    "B-day": "2012",
    "Flag": "w"
  },
  {
    "ID Number": "7709196",
    "Name": "Mohan, Sofia",
    "Fed": "TTO",
    "Sex": "F",
    "Title": "",
    "WTit": "",
    "OTit": "",
    "Rating": "1423",
    "Gms": "0",
    "K": "40",
    "RatingMonth": "AUG25",
    "B-day": "2008",
    "Flag": "wi"
  },
  {
    "ID Number": "7700059",
    "Name": "Moheni, A E",
    "Fed": "TTO",
    "Sex": "F",
    "Title": "",
    "WTit": "",
    "OTit": "",
    "Rating": "2005",
    "Gms": "0",
    "K": "20",
    "RatingMonth": "AUG25",
    "B-day": "0",
    "Flag": "wi"
  },
  {
    "ID Number": "7702728",
    "Name": "Moheni, Thuku",
    "Fed": "TTO",
    "Sex": "M",
    "Title": "",
    "WTit": "",
    "OTit": "",
    "Rating": "1513",
    "Gms": "0",
    "K": "40",
    "RatingMonth": "AUG25",
    "B-day": "1948",
    "Flag": "i"
  },
  {
    "ID Number": "7700245",
    "Name": "Munro, Allan",
    "Fed": "TTO",
    "Sex": "M",
    "Title": "FM",
    "WTit": "",
    "OTit": "",
    "Rating": "1953",
    "Gms": "0",
    "K": "20",
    "RatingMonth": "AUG25",
    "B-day": "1986",
    "Flag": ""
  },
  {
    "ID Number": "7703260",
    "Name": "Munroe-Brown, Brad",
    "Fed": "TTO",
    "Sex": "M",
    "Title": "",
    "WTit": "",
    "OTit": "",
    "Rating": "1608",
    "Gms": "0",
    "K": "20",
    "RatingMonth": "AUG25",
    "B-day": "2006",
    "Flag": ""
  },
  {
    "ID Number": "7702671",
    "Name": "Munroe-Brown, Joshua",
    "Fed": "TTO",
    "Sex": "M",
    "Title": "",
    "WTit": "",
    "OTit": "",
    "Rating": "1655",
    "Gms": "0",
    "K": "40",
    "RatingMonth": "AUG25",
    "B-day": "2000",
    "Flag": "i"
  },
  {
    "ID Number": "7706871",
    "Name": "Muradali, Kyan",
    "Fed": "TTO",
    "Sex": "M",
    "Title": "",
    "WTit": "",
    "OTit": "",
    "Rating": "1559",
    "Gms": "0",
    "K": "40",
    "RatingMonth": "AUG25",
    "B-day": "2011",
    "Flag": "i"
  },
  {
    "ID Number": "7707002",
    "Name": "Murray, Ross",
    "Fed": "TTO",
    "Sex": "M",
    "Title": "",
    "WTit": "",
    "OTit": "",
    "Rating": "1557",
    "Gms": "0",
    "K": "40",
    "RatingMonth": "AUG25",
    "B-day": "2004",
    "Flag": "i"
  },
  {
    "ID Number": "7707029",
    "Name": "Murray, Zachary",
    "Fed": "TTO",
    "Sex": "M",
    "Title": "",
    "WTit": "",
    "OTit": "",
    "Rating": "AFM",
    "Gms": "1545",
    "K": "0",
    "RatingMonth": "AUG25",
    "B-day": "2009",
    "Flag": "i"
  },
  {
    "ID Number": "7713410",
    "Name": "Myneni, Sree Anwita Sai",
    "Fed": "TTO",
    "Sex": "F",
    "Title": "",
    "WTit": "",
    "OTit": "",
    "Rating": "1505",
    "Gms": "5",
    "K": "40",
    "RatingMonth": "AUG25",
    "B-day": "2013",
    "Flag": "w"
  },
  {
    "ID Number": "7705360",
    "Name": "Nedd, Sean",
    "Fed": "TTO",
    "Sex": "M",
    "Title": "",
    "WTit": "NA",
    "OTit": "",
    "Rating": "1932",
    "Gms": "0",
    "K": "40",
    "RatingMonth": "AUG25",
    "B-day": "1978",
    "Flag": "i"
  },
  {
    "ID Number": "7700482",
    "Name": "Nelson, Ronnie",
    "Fed": "TTO",
    "Sex": "M",
    "Title": "",
    "WTit": "",
    "OTit": "",
    "Rating": "1756",
    "Gms": "0",
    "K": "40",
    "RatingMonth": "AUG25",
    "B-day": "1999",
    "Flag": "i"
  },
  {
    "ID Number": "7700083",
    "Name": "Noel, Roderick",
    "Fed": "TTO",
    "Sex": "M",
    "Title": "",
    "WTit": "FA",
    "OTit": "",
    "Rating": "1879",
    "Gms": "0",
    "K": "20",
    "RatingMonth": "AUG25",
    "B-day": "1958",
    "Flag": "i"
  },
  {
    "ID Number": "7709218",
    "Name": "Norbert, Leonov",
    "Fed": "TTO",
    "Sex": "M",
    "Title": "",
    "WTit": "",
    "OTit": "",
    "Rating": "1501",
    "Gms": "0",
    "K": "40",
    "RatingMonth": "AUG25",
    "B-day": "2005",
    "Flag": ""
  },
  {
    "ID Number": "7707606",
    "Name": "Nurse, Xavier",
    "Fed": "TTO",
    "Sex": "M",
    "Title": "",
    "WTit": "",
    "OTit": "",
    "Rating": "1584",
    "Gms": "0",
    "K": "40",
    "RatingMonth": "AUG25",
    "B-day": "2009",
    "Flag": ""
  },
  {
    "ID Number": "7702914",
    "Name": "Oliverie, Kristian",
    "Fed": "TTO",
    "Sex": "M",
    "Title": "",
    "WTit": "",
    "OTit": "",
    "Rating": "1604",
    "Gms": "0",
    "K": "40",
    "RatingMonth": "AUG25",
    "B-day": "1995",
    "Flag": ""
  },
  {
    "ID Number": "7701950",
    "Name": "Pacheco, Dimitri",
    "Fed": "TTO",
    "Sex": "M",
    "Title": "",
    "WTit": "",
    "OTit": "",
    "Rating": "1732",
    "Gms": "0",
    "K": "20",
    "RatingMonth": "AUG25",
    "B-day": "1997",
    "Flag": "i"
  },
  {
    "ID Number": "7702841",
    "Name": "Patihk, Marc",
    "Fed": "TTO",
    "Sex": "M",
    "Title": "",
    "WTit": "",
    "OTit": "",
    "Rating": "1768",
    "Gms": "0",
    "K": "20",
    "RatingMonth": "AUG25",
    "B-day": "1972",
    "Flag": "i"
  },
  {
    "ID Number": "7706588",
    "Name": "Patrick, John",
    "Fed": "TTO",
    "Sex": "M",
    "Title": "",
    "WTit": "",
    "OTit": "",
    "Rating": "1405",
    "Gms": "0",
    "K": "40",
    "RatingMonth": "AUG25",
    "B-day": "2006",
    "Flag": "i"
  },
  {
    "ID Number": "7700539",
    "Name": "Paul, Jarryon",
    "Fed": "TTO",
    "Sex": "M",
    "Title": "",
    "WTit": "",
    "OTit": "",
    "Rating": "1822",
    "Gms": "0",
    "K": "40",
    "RatingMonth": "AUG25",
    "B-day": "1996",
    "Flag": "i"
  },
  {
    "ID Number": "7700210",
    "Name": "Paul, Jayson",
    "Fed": "TTO",
    "Sex": "M",
    "Title": "",
    "WTit": "",
    "OTit": "",
    "Rating": "1950",
    "Gms": "0",
    "K": "20",
    "RatingMonth": "AUG25",
    "B-day": "1992",
    "Flag": "i"
  },
  {
    "ID Number": "7712090",
    "Name": "Paul, Jesu",
    "Fed": "TTO",
    "Sex": "M",
    "Title": "",
    "WTit": "",
    "OTit": "",
    "Rating": "1536",
    "Gms": "0",
    "K": "40",
    "RatingMonth": "AUG25",
    "B-day": "2012",
    "Flag": ""
  },
  {
    "ID Number": "7705662",
    "Name": "Paul, Trevor",
    "Fed": "TTO",
    "Sex": "M",
    "Title": "",
    "WTit": "",
    "OTit": "",
    "Rating": "1511",
    "Gms": "3",
    "K": "20",
    "RatingMonth": "AUG25",
    "B-day": "1967",
    "Flag": ""
  },
  {
    "ID Number": "7701993",
    "Name": "Pegus, Melchezidek",
    "Fed": "TTO",
    "Sex": "M",
    "Title": "",
    "WTit": "",
    "OTit": "",
    "Rating": "1708",
    "Gms": "0",
    "K": "40",
    "RatingMonth": "AUG25",
    "B-day": "1998",
    "Flag": "i"
  },
  {
    "ID Number": "7700369",
    "Name": "Perryman, Sean",
    "Fed": "TTO",
    "Sex": "M",
    "Title": "",
    "WTit": "",
    "OTit": "",
    "Rating": "2041",
    "Gms": "0",
    "K": "20",
    "RatingMonth": "AUG25",
    "B-day": "0",
    "Flag": "i"
  },
  {
    "ID Number": "7701233",
    "Name": "Phillip, Petersen",
    "Fed": "TTO",
    "Sex": "M",
    "Title": "",
    "WTit": "NA",
    "OTit": "",
    "Rating": "1500",
    "Gms": "0",
    "K": "40",
    "RatingMonth": "AUG25",
    "B-day": "1955",
    "Flag": "i"
  },
  {
    "ID Number": "7704690",
    "Name": "Phillips, Marliyah",
    "Fed": "TTO",
    "Sex": "F",
    "Title": "",
    "WTit": "",
    "OTit": "",
    "Rating": "1433",
    "Gms": "0",
    "K": "20",
    "RatingMonth": "AUG25",
    "B-day": "2005",
    "Flag": "wi"
  },
  {
    "ID Number": "7704453",
    "Name": "Portell, Gerard",
    "Fed": "TTO",
    "Sex": "M",
    "Title": "",
    "WTit": "",
    "OTit": "",
    "Rating": "1675",
    "Gms": "0",
    "K": "40",
    "RatingMonth": "AUG25",
    "B-day": "1995",
    "Flag": "i"
  },
  {
    "ID Number": "7700172",
    "Name": "Pouchet, Michael",
    "Fed": "TTO",
    "Sex": "M",
    "Title": "FM",
    "WTit": "",
    "OTit": "",
    "Rating": "1983",
    "Gms": "0",
    "K": "20",
    "RatingMonth": "AUG25",
    "B-day": "0",
    "Flag": "i"
  },
  {
    "ID Number": "7707754",
    "Name": "Prabhakar, Chandresh",
    "Fed": "TTO",
    "Sex": "M",
    "Title": "",
    "WTit": "",
    "OTit": "",
    "Rating": "1562",
    "Gms": "0",
    "K": "40",
    "RatingMonth": "AUG25",
    "B-day": "2007",
    "Flag": "i"
  },
  {
    "ID Number": "7707967",
    "Name": "Prabhakar, Rakesh",
    "Fed": "TTO",
    "Sex": "M",
    "Title": "",
    "WTit": "",
    "OTit": "",
    "Rating": "1719",
    "Gms": "0",
    "K": "40",
    "RatingMonth": "AUG25",
    "B-day": "1963",
    "Flag": "i"
  },
  {
    "ID Number": "7700725",
    "Name": "Primus, Prince",
    "Fed": "TTO",
    "Sex": "M",
    "Title": "",
    "WTit": "",
    "OTit": "",
    "Rating": "1619",
    "Gms": "0",
    "K": "20",
    "RatingMonth": "AUG25",
    "B-day": "1955",
    "Flag": ""
  },
  {
    "ID Number": "7704666",
    "Name": "Ragbir, Kiran",
    "Fed": "TTO",
    "Sex": "M",
    "Title": "",
    "WTit": "",
    "OTit": "",
    "Rating": "1567",
    "Gms": "0",
    "K": "40",
    "RatingMonth": "AUG25",
    "B-day": "2001",
    "Flag": "i"
  },
  {
    "ID Number": "7705212",
    "Name": "Ragoobar, Keagan",
    "Fed": "TTO",
    "Sex": "M",
    "Title": "",
    "WTit": "",
    "OTit": "",
    "Rating": "1668",
    "Gms": "0",
    "K": "20",
    "RatingMonth": "AUG25",
    "B-day": "2005",
    "Flag": "i"
  },
  {
    "ID Number": "7702442",
    "Name": "Rahaman, Najarah",
    "Fed": "TTO",
    "Sex": "F",
    "Title": "",
    "WTit": "",
    "OTit": "",
    "Rating": "1613",
    "Gms": "0",
    "K": "20",
    "RatingMonth": "AUG25",
    "B-day": "1997",
    "Flag": "wi"
  },
  {
    "ID Number": "143105003",
    "Name": "Rajkumar, Daniel",
    "Fed": "TTO",
    "Sex": "M",
    "Title": "",
    "WTit": "",
    "OTit": "",
    "Rating": "AIM",
    "Gms": "1936",
    "K": "9",
    "RatingMonth": "AUG25",
    "B-day": "2010",
    "Flag": ""
  },
  {
    "ID Number": "7700091",
    "Name": "Ramadhar, Kishore",
    "Fed": "TTO",
    "Sex": "M",
    "Title": "CM",
    "WTit": "",
    "OTit": "",
    "Rating": "1836",
    "Gms": "5",
    "K": "20",
    "RatingMonth": "AUG25",
    "B-day": "1960",
    "Flag": ""
  },
  {
    "ID Number": "7705441",
    "Name": "Ramadhin, Avinath",
    "Fed": "TTO",
    "Sex": "M",
    "Title": "",
    "WTit": "",
    "OTit": "",
    "Rating": "1815",
    "Gms": "0",
    "K": "40",
    "RatingMonth": "AUG25",
    "B-day": "1988",
    "Flag": "i"
  },
  {
    "ID Number": "7709250",
    "Name": "Rambally, Arjun",
    "Fed": "TTO",
    "Sex": "M",
    "Title": "",
    "WTit": "",
    "OTit": "",
    "Rating": "1474",
    "Gms": "4",
    "K": "40",
    "RatingMonth": "AUG25",
    "B-day": "2010",
    "Flag": ""
  },
  {
    "ID Number": "7703929",
    "Name": "Rambally, Eon",
    "Fed": "TTO",
    "Sex": "M",
    "Title": "",
    "WTit": "",
    "OTit": "",
    "Rating": "1498",
    "Gms": "0",
    "K": "20",
    "RatingMonth": "AUG25",
    "B-day": "1970",
    "Flag": "i"
  },
  {
    "ID Number": "7705875",
    "Name": "Ramdass, Jonathan",
    "Fed": "TTO",
    "Sex": "M",
    "Title": "",
    "WTit": "",
    "OTit": "",
    "Rating": "1555",
    "Gms": "0",
    "K": "20",
    "RatingMonth": "AUG25",
    "B-day": "2006",
    "Flag": "i"
  },
  {
    "ID Number": "7702515",
    "Name": "Ramdath, Simon",
    "Fed": "TTO",
    "Sex": "M",
    "Title": "",
    "WTit": "",
    "OTit": "",
    "Rating": "1911",
    "Gms": "0",
    "K": "20",
    "RatingMonth": "AUG25",
    "B-day": "1997",
    "Flag": ""
  },
  {
    "ID Number": "7713070",
    "Name": "Ramdatt, Nilesh",
    "Fed": "TTO",
    "Sex": "M",
    "Title": "",
    "WTit": "",
    "OTit": "",
    "Rating": "1512",
    "Gms": "4",
    "K": "40",
    "RatingMonth": "AUG25",
    "B-day": "2012",
    "Flag": ""
  },
  {
    "ID Number": "7709870",
    "Name": "Ramdial, Gabriel",
    "Fed": "TTO",
    "Sex": "M",
    "Title": "",
    "WTit": "",
    "OTit": "",
    "Rating": "1539",
    "Gms": "0",
    "K": "40",
    "RatingMonth": "AUG25",
    "B-day": "2009",
    "Flag": ""
  },
  {
    "ID Number": "7712359",
    "Name": "Ramkissoon, Adam",
    "Fed": "TTO",
    "Sex": "M",
    "Title": "",
    "WTit": "",
    "OTit": "",
    "Rating": "1454",
    "Gms": "0",
    "K": "40",
    "RatingMonth": "AUG25",
    "B-day": "2010",
    "Flag": "i"
  },
  {
    "ID Number": "7701900",
    "Name": "Ramlogan, Rishon",
    "Fed": "TTO",
    "Sex": "M",
    "Title": "",
    "WTit": "",
    "OTit": "",
    "Rating": "1857",
    "Gms": "0",
    "K": "40",
    "RatingMonth": "AUG25",
    "B-day": "2000",
    "Flag": "i"
  },
  {
    "ID Number": "7706006",
    "Name": "Ramnarine Singh, Aradhana",
    "Fed": "TTO",
    "Sex": "F",
    "Title": "",
    "WTit": "",
    "OTit": "",
    "Rating": "1605",
    "Gms": "0",
    "K": "40",
    "RatingMonth": "AUG25",
    "B-day": "2008",
    "Flag": "w"
  },
  {
    "ID Number": "7703171",
    "Name": "Ramnarine, Jordaine",
    "Fed": "TTO",
    "Sex": "M",
    "Title": "",
    "WTit": "",
    "OTit": "",
    "Rating": "1598",
    "Gms": "0",
    "K": "40",
    "RatingMonth": "AUG25",
    "B-day": "2002",
    "Flag": "i"
  },
  {
    "ID Number": "3901513",
    "Name": "Ramos Caldera, Cesar",
    "Fed": "TTO",
    "Sex": "M",
    "Title": "CM",
    "WTit": "",
    "OTit": "",
    "Rating": "1823",
    "Gms": "1",
    "K": "20",
    "RatingMonth": "AUG25",
    "B-day": "1945",
    "Flag": ""
  },
  {
    "ID Number": "7704224",
    "Name": "Ramoutar, Alan-Safar",
    "Fed": "TTO",
    "Sex": "M",
    "Title": "IM",
    "WTit": "",
    "OTit": "",
    "Rating": "2313",
    "Gms": "9",
    "K": "10",
    "RatingMonth": "AUG25",
    "B-day": "2003",
    "Flag": ""
  },
  {
    "ID Number": "7704232",
    "Name": "Ramoutar, Anahita",
    "Fed": "TTO",
    "Sex": "F",
    "Title": "",
    "WTit": "",
    "OTit": "",
    "Rating": "1550",
    "Gms": "0",
    "K": "40",
    "RatingMonth": "AUG25",
    "B-day": "2006",
    "Flag": "wi"
  },
  {
    "ID Number": "7704240",
    "Name": "Ramoutar, Ariana",
    "Fed": "TTO",
    "Sex": "F",
    "Title": "",
    "WTit": "",
    "OTit": "",
    "Rating": "1469",
    "Gms": "0",
    "K": "40",
    "RatingMonth": "AUG25",
    "B-day": "2006",
    "Flag": "wi"
  },
  {
    "ID Number": "7711905",
    "Name": "Rampersad, Jaeden",
    "Fed": "TTO",
    "Sex": "M",
    "Title": "",
    "WTit": "",
    "OTit": "",
    "Rating": "1421",
    "Gms": "0",
    "K": "40",
    "RatingMonth": "AUG25",
    "B-day": "2010",
    "Flag": "i"
  },
  {
    "ID Number": "7704100",
    "Name": "Rampersad, Rayden",
    "Fed": "TTO",
    "Sex": "M",
    "Title": "CM",
    "WTit": "",
    "OTit": "",
    "Rating": "1509",
    "Gms": "0",
    "K": "40",
    "RatingMonth": "AUG25",
    "B-day": "2007",
    "Flag": ""
  },
  {
    "ID Number": "7708360",
    "Name": "Rampersad, Ved",
    "Fed": "TTO",
    "Sex": "M",
    "Title": "",
    "WTit": "",
    "OTit": "",
    "Rating": "1498",
    "Gms": "0",
    "K": "40",
    "RatingMonth": "AUG25",
    "B-day": "2013",
    "Flag": ""
  },
  {
    "ID Number": "7708378",
    "Name": "Rampersad, Veer",
    "Fed": "TTO",
    "Sex": "M",
    "Title": "",
    "WTit": "",
    "OTit": "",
    "Rating": "1452",
    "Gms": "0",
    "K": "40",
    "RatingMonth": "AUG25",
    "B-day": "2012",
    "Flag": ""
  },
  {
    "ID Number": "7700270",
    "Name": "Ramrattan, Ian",
    "Fed": "TTO",
    "Sex": "M",
    "Title": "",
    "WTit": "",
    "OTit": "",
    "Rating": "1696",
    "Gms": "0",
    "K": "40",
    "RatingMonth": "AUG25",
    "B-day": "0",
    "Flag": "i"
  },
  {
    "ID Number": "7714300",
    "Name": "Ramroop, Rivaldo",
    "Fed": "TTO",
    "Sex": "M",
    "Title": "",
    "WTit": "",
    "OTit": "",
    "Rating": "1583",
    "Gms": "0",
    "K": "40",
    "RatingMonth": "AUG25",
    "B-day": "2006",
    "Flag": ""
  },
  {
    "ID Number": "7714718",
    "Name": "Ramsaroop, Sandhya",
    "Fed": "TTO",
    "Sex": "F",
    "Title": "",
    "WTit": "",
    "OTit": "",
    "Rating": "1484",
    "Gms": "0",
    "K": "40",
    "RatingMonth": "AUG25",
    "B-day": "2012",
    "Flag": "w"
  },
  {
    "ID Number": "7700067",
    "Name": "Ramsingh, Yogendranath",
    "Fed": "TTO",
    "Sex": "M",
    "Title": "CM",
    "WTit": "",
    "OTit": "",
    "Rating": "2097",
    "Gms": "0",
    "K": "20",
    "RatingMonth": "AUG25",
    "B-day": "1965",
    "Flag": ""
  },
  {
    "ID Number": "7704801",
    "Name": "Ramsumair, Daenon",
    "Fed": "TTO",
    "Sex": "M",
    "Title": "",
    "WTit": "",
    "OTit": "",
    "Rating": "1846",
    "Gms": "0",
    "K": "20",
    "RatingMonth": "AUG25",
    "B-day": "2001",
    "Flag": "i"
  },
  {
    "ID Number": "7704917",
    "Name": "Ramtahal, Justin",
    "Fed": "TTO",
    "Sex": "M",
    "Title": "",
    "WTit": "",
    "OTit": "",
    "Rating": "1410",
    "Gms": "0",
    "K": "40",
    "RatingMonth": "AUG25",
    "B-day": "2003",
    "Flag": "i"
  },
  {
    "ID Number": "7700229",
    "Name": "Raphael, Christopher",
    "Fed": "TTO",
    "Sex": "M",
    "Title": "",
    "WTit": "",
    "OTit": "",
    "Rating": "1981",
    "Gms": "0",
    "K": "20",
    "RatingMonth": "AUG25",
    "B-day": "1992",
    "Flag": "i"
  },
  {
    "ID Number": "7700032",
    "Name": "Raphael, John",
    "Fed": "TTO",
    "Sex": "M",
    "Title": "",
    "WTit": "",
    "OTit": "",
    "Rating": "2069",
    "Gms": "0",
    "K": "20",
    "RatingMonth": "AUG25",
    "B-day": "1957",
    "Flag": "i"
  },
  {
    "ID Number": "7702329",
    "Name": "Razark, Sadiqah",
    "Fed": "TTO",
    "Sex": "F",
    "Title": "WFM",
    "WTit": "WFM",
    "OTit": "LSI,FA",
    "Rating": "1482",
    "Gms": "0",
    "K": "20",
    "RatingMonth": "AUG25",
    "B-day": "1998",
    "Flag": "wi"
  },
  {
    "ID Number": "7702345",
    "Name": "Razark, Zaakir",
    "Fed": "TTO",
    "Sex": "M",
    "Title": "",
    "WTit": "NA",
    "OTit": "",
    "Rating": "1513",
    "Gms": "0",
    "K": "20",
    "RatingMonth": "AUG25",
    "B-day": "2002",
    "Flag": "i"
  },
  {
    "ID Number": "7703910",
    "Name": "Reid, Shaun",
    "Fed": "TTO",
    "Sex": "M",
    "Title": "",
    "WTit": "",
    "OTit": "",
    "Rating": "1798",
    "Gms": "0",
    "K": "40",
    "RatingMonth": "AUG25",
    "B-day": "1987",
    "Flag": "i"
  },
  {
    "ID Number": "7704640",
    "Name": "Richards, Kaleb",
    "Fed": "TTO",
    "Sex": "M",
    "Title": "",
    "WTit": "",
    "OTit": "",
    "Rating": "1614",
    "Gms": "0",
    "K": "40",
    "RatingMonth": "AUG25",
    "B-day": "2002",
    "Flag": "i"
  },
  {
    "ID Number": "7702736",
    "Name": "Richards, Mark",
    "Fed": "TTO",
    "Sex": "M",
    "Title": "",
    "WTit": "",
    "OTit": "",
    "Rating": "1896",
    "Gms": "0",
    "K": "40",
    "RatingMonth": "AUG25",
    "B-day": "0",
    "Flag": "i"
  },
  {
    "ID Number": "7708602",
    "Name": "Richardson, Jerome",
    "Fed": "TTO",
    "Sex": "M",
    "Title": "",
    "WTit": "",
    "OTit": "",
    "Rating": "1671",
    "Gms": "0",
    "K": "20",
    "RatingMonth": "AUG25",
    "B-day": "1994",
    "Flag": ""
  },
  {
    "ID Number": "7709323",
    "Name": "Roberts, Michael",
    "Fed": "TTO",
    "Sex": "M",
    "Title": "",
    "WTit": "",
    "OTit": "",
    "Rating": "1553",
    "Gms": "0",
    "K": "40",
    "RatingMonth": "AUG25",
    "B-day": "2008",
    "Flag": "i"
  },
  {
    "ID Number": "7702469",
    "Name": "Robertson, Jordan",
    "Fed": "TTO",
    "Sex": "M",
    "Title": "",
    "WTit": "",
    "OTit": "",
    "Rating": "1599",
    "Gms": "0",
    "K": "40",
    "RatingMonth": "AUG25",
    "B-day": "2003",
    "Flag": "i"
  },
  {
    "ID Number": "7702850",
    "Name": "Rodney, Christopher",
    "Fed": "TTO",
    "Sex": "M",
    "Title": "",
    "WTit": "",
    "OTit": "",
    "Rating": "1873",
    "Gms": "0",
    "K": "40",
    "RatingMonth": "AUG25",
    "B-day": "1960",
    "Flag": "i"
  },
  {
    "ID Number": "7711930",
    "Name": "Rodriguez, Micah",
    "Fed": "TTO",
    "Sex": "M",
    "Title": "",
    "WTit": "",
    "OTit": "",
    "Rating": "1570",
    "Gms": "0",
    "K": "40",
    "RatingMonth": "AUG25",
    "B-day": "2005",
    "Flag": ""
  },
  {
    "ID Number": "7706979",
    "Name": "Rodriguez, Ricardo",
    "Fed": "TTO",
    "Sex": "M",
    "Title": "",
    "WTit": "",
    "OTit": "",
    "Rating": "1477",
    "Gms": "0",
    "K": "40",
    "RatingMonth": "AUG25",
    "B-day": "2006",
    "Flag": "i"
  },
  {
    "ID Number": "7703767",
    "Name": "Romany, Ronaldo",
    "Fed": "TTO",
    "Sex": "M",
    "Title": "",
    "WTit": "",
    "OTit": "",
    "Rating": "1473",
    "Gms": "0",
    "K": "40",
    "RatingMonth": "AUG25",
    "B-day": "2004",
    "Flag": "i"
  },
  {
    "ID Number": "7704054",
    "Name": "Roopnarine, Reece",
    "Fed": "TTO",
    "Sex": "M",
    "Title": "",
    "WTit": "",
    "OTit": "",
    "Rating": "1708",
    "Gms": "0",
    "K": "20",
    "RatingMonth": "AUG25",
    "B-day": "2003",
    "Flag": "i"
  },
  {
    "ID Number": "7700288",
    "Name": "Rosales, Guelmo",
    "Fed": "TTO",
    "Sex": "M",
    "Title": "",
    "WTit": "",
    "OTit": "",
    "Rating": "1986",
    "Gms": "0",
    "K": "20",
    "RatingMonth": "AUG25",
    "B-day": "1977",
    "Flag": "i"
  },
  {
    "ID Number": "7708432",
    "Name": "Sagramsingh, Ricardo",
    "Fed": "TTO",
    "Sex": "M",
    "Title": "",
    "WTit": "",
    "OTit": "",
    "Rating": "1421",
    "Gms": "0",
    "K": "40",
    "RatingMonth": "AUG25",
    "B-day": "2010",
    "Flag": "i"
  },
  {
    "ID Number": "7704038",
    "Name": "Saha, Anusha",
    "Fed": "TTO",
    "Sex": "F",
    "Title": "",
    "WTit": "",
    "OTit": "",
    "Rating": "1647",
    "Gms": "0",
    "K": "20",
    "RatingMonth": "AUG25",
    "B-day": "2004",
    "Flag": "wi"
  },
  {
    "ID Number": "7700377",
    "Name": "Salloum, Justin",
    "Fed": "TTO",
    "Sex": "M",
    "Title": "",
    "WTit": "",
    "OTit": "",
    "Rating": "1984",
    "Gms": "0",
    "K": "40",
    "RatingMonth": "AUG25",
    "B-day": "1991",
    "Flag": "i"
  },
  {
    "ID Number": "7702744",
    "Name": "Sama, Savon",
    "Fed": "TTO",
    "Sex": "M",
    "Title": "",
    "WTit": "",
    "OTit": "",
    "Rating": "1620",
    "Gms": "0",
    "K": "40",
    "RatingMonth": "AUG25",
    "B-day": "0",
    "Flag": ""
  },
  {
    "ID Number": "7708149",
    "Name": "Sammy, Christopher",
    "Fed": "TTO",
    "Sex": "M",
    "Title": "",
    "WTit": "",
    "OTit": "",
    "Rating": "1424",
    "Gms": "0",
    "K": "40",
    "RatingMonth": "AUG25",
    "B-day": "2009",
    "Flag": "i"
  },
  {
    "ID Number": "7710607",
    "Name": "Sammy, Styris",
    "Fed": "TTO",
    "Sex": "M",
    "Title": "",
    "WTit": "",
    "OTit": "",
    "Rating": "1505",
    "Gms": "0",
    "K": "40",
    "RatingMonth": "AUG25",
    "B-day": "2007",
    "Flag": ""
  },
  {
    "ID Number": "7706618",
    "Name": "Sampath, Avidesh",
    "Fed": "TTO",
    "Sex": "M",
    "Title": "",
    "WTit": "",
    "OTit": "",
    "Rating": "1581",
    "Gms": "0",
    "K": "40",
    "RatingMonth": "AUG25",
    "B-day": "2005",
    "Flag": "i"
  },
  {
    "ID Number": "7706880",
    "Name": "Samuel Bisnath, Kael",
    "Fed": "TTO",
    "Sex": "M",
    "Title": "CM",
    "WTit": "",
    "OTit": "",
    "Rating": "2023",
    "Gms": "0",
    "K": "40",
    "RatingMonth": "AUG25",
    "B-day": "2009",
    "Flag": ""
  },
  {
    "ID Number": "7706669",
    "Name": "Samuel Bisnath, Keira",
    "Fed": "TTO",
    "Sex": "F",
    "Title": "",
    "WTit": "",
    "OTit": "",
    "Rating": "1472",
    "Gms": "0",
    "K": "20",
    "RatingMonth": "AUG25",
    "B-day": "2004",
    "Flag": "w"
  },
  {
    "ID Number": "7705387",
    "Name": "Sandy, Jared",
    "Fed": "TTO",
    "Sex": "M",
    "Title": "",
    "WTit": "",
    "OTit": "",
    "Rating": "1679",
    "Gms": "0",
    "K": "40",
    "RatingMonth": "AUG25",
    "B-day": "1999",
    "Flag": "i"
  },
  {
    "ID Number": "7710224",
    "Name": "Sayyid, Akeera",
    "Fed": "TTO",
    "Sex": "F",
    "Title": "",
    "WTit": "",
    "OTit": "",
    "Rating": "1543",
    "Gms": "4",
    "K": "40",
    "RatingMonth": "AUG25",
    "B-day": "2003",
    "Flag": "w"
  },
  {
    "ID Number": "7705425",
    "Name": "Scoon, Kalel",
    "Fed": "TTO",
    "Sex": "M",
    "Title": "",
    "WTit": "",
    "OTit": "",
    "Rating": "1666",
    "Gms": "0",
    "K": "40",
    "RatingMonth": "AUG25",
    "B-day": "2006",
    "Flag": ""
  },
  {
    "ID Number": "7701276",
    "Name": "Seaforth, Sylvan",
    "Fed": "TTO",
    "Sex": "M",
    "Title": "",
    "WTit": "",
    "OTit": "",
    "Rating": "1815",
    "Gms": "0",
    "K": "20",
    "RatingMonth": "AUG25",
    "B-day": "1956",
    "Flag": "i"
  },
  {
    "ID Number": "7701586",
    "Name": "Sealy, Gerard",
    "Fed": "TTO",
    "Sex": "M",
    "Title": "",
    "WTit": "",
    "OTit": "",
    "Rating": "1710",
    "Gms": "0",
    "K": "20",
    "RatingMonth": "AUG25",
    "B-day": "2000",
    "Flag": "i"
  },
  {
    "ID Number": "7701594",
    "Name": "Sealy, Jon Raphael",
    "Fed": "TTO",
    "Sex": "M",
    "Title": "",
    "WTit": "",
    "OTit": "",
    "Rating": "1537",
    "Gms": "0",
    "K": "20",
    "RatingMonth": "AUG25",
    "B-day": "2001",
    "Flag": "i"
  },
  {
    "ID Number": "7700121",
    "Name": "Sears, Frank",
    "Fed": "TTO",
    "Sex": "M",
    "Title": "CM",
    "WTit": "NA",
    "OTit": "",
    "Rating": "1757",
    "Gms": "5",
    "K": "20",
    "RatingMonth": "AUG25",
    "B-day": "1944",
    "Flag": ""
  },
  {
    "ID Number": "7710283",
    "Name": "Seegoolam, Aiden",
    "Fed": "TTO",
    "Sex": "M",
    "Title": "",
    "WTit": "",
    "OTit": "",
    "Rating": "1428",
    "Gms": "0",
    "K": "40",
    "RatingMonth": "AUG25",
    "B-day": "2009",
    "Flag": "i"
  },
  {
    "ID Number": "7706928",
    "Name": "Seunarine, Vishal",
    "Fed": "TTO",
    "Sex": "M",
    "Title": "",
    "WTit": "",
    "OTit": "",
    "Rating": "1596",
    "Gms": "0",
    "K": "40",
    "RatingMonth": "AUG25",
    "B-day": "1992",
    "Flag": "i"
  },
  {
    "ID Number": "7707959",
    "Name": "Shah, Rydell",
    "Fed": "TTO",
    "Sex": "M",
    "Title": "",
    "WTit": "",
    "OTit": "",
    "Rating": "1627",
    "Gms": "0",
    "K": "40",
    "RatingMonth": "AUG25",
    "B-day": "1979",
    "Flag": "i"
  },
  {
    "ID Number": "7709340",
    "Name": "Siewdass, Tristan",
    "Fed": "TTO",
    "Sex": "M",
    "Title": "",
    "WTit": "",
    "OTit": "",
    "Rating": "1783",
    "Gms": "0",
    "K": "40",
    "RatingMonth": "AUG25",
    "B-day": "2009",
    "Flag": ""
  },
  {
    "ID Number": "7702809",
    "Name": "Simeon, Chad",
    "Fed": "TTO",
    "Sex": "M",
    "Title": "",
    "WTit": "",
    "OTit": "",
    "Rating": "1870",
    "Gms": "0",
    "K": "40",
    "RatingMonth": "AUG25",
    "B-day": "1988",
    "Flag": "i"
  },
  {
    "ID Number": "7702868",
    "Name": "Sims, Andre",
    "Fed": "TTO",
    "Sex": "M",
    "Title": "",
    "WTit": "",
    "OTit": "",
    "Rating": "1662",
    "Gms": "0",
    "K": "40",
    "RatingMonth": "AUG25",
    "B-day": "1998",
    "Flag": "i"
  },
  {
    "ID Number": "7700733",
    "Name": "Singh, Carlyle",
    "Fed": "TTO",
    "Sex": "M",
    "Title": "",
    "WTit": "",
    "OTit": "",
    "Rating": "1676",
    "Gms": "0",
    "K": "20",
    "RatingMonth": "AUG25",
    "B-day": "1948",
    "Flag": ""
  },
  {
    "ID Number": "7705760",
    "Name": "Singh, Kavira",
    "Fed": "TTO",
    "Sex": "F",
    "Title": "",
    "WTit": "",
    "OTit": "",
    "Rating": "1478",
    "Gms": "0",
    "K": "40",
    "RatingMonth": "AUG25",
    "B-day": "2008",
    "Flag": "wi"
  },
  {
    "ID Number": "7711336",
    "Name": "Singh, Liam",
    "Fed": "TTO",
    "Sex": "M",
    "Title": "",
    "WTit": "",
    "OTit": "",
    "Rating": "1422",
    "Gms": "0",
    "K": "40",
    "RatingMonth": "AUG25",
    "B-day": "2013",
    "Flag": "i"
  },
  {
    "ID Number": "7700938",
    "Name": "Singh, Mahendra",
    "Fed": "TTO",
    "Sex": "M",
    "Title": "",
    "WTit": "",
    "OTit": "",
    "Rating": "1924",
    "Gms": "0",
    "K": "20",
    "RatingMonth": "AUG25",
    "B-day": "1998",
    "Flag": "i"
  },
  {
    "ID Number": "7700199",
    "Name": "Singh, Ravishen",
    "Fed": "TTO",
    "Sex": "M",
    "Title": "CM",
    "WTit": "",
    "OTit": "",
    "Rating": "1989",
    "Gms": "0",
    "K": "20",
    "RatingMonth": "AUG25",
    "B-day": "1977",
    "Flag": ""
  },
  {
    "ID Number": "7703651",
    "Name": "Singh, Reece",
    "Fed": "TTO",
    "Sex": "M",
    "Title": "",
    "WTit": "",
    "OTit": "",
    "Rating": "1537",
    "Gms": "0",
    "K": "40",
    "RatingMonth": "AUG25",
    "B-day": "2001",
    "Flag": "i"
  },
  {
    "ID Number": "7700946",
    "Name": "Singh, Vishnu",
    "Fed": "TTO",
    "Sex": "M",
    "Title": "IM",
    "WTit": "",
    "OTit": "",
    "Rating": "2188",
    "Gms": "0",
    "K": "20",
    "RatingMonth": "AUG25",
    "B-day": "1995",
    "Flag": ""
  },
  {
    "ID Number": "7700423",
    "Name": "Smith, Alpacino",
    "Fed": "TTO",
    "Sex": "M",
    "Title": "",
    "WTit": "",
    "OTit": "",
    "Rating": "1897",
    "Gms": "0",
    "K": "20",
    "RatingMonth": "AUG25",
    "B-day": "1993",
    "Flag": "i"
  },
  {
    "ID Number": "7700466",
    "Name": "Smith, Javanna",
    "Fed": "TTO",
    "Sex": "F",
    "Title": "WFM",
    "WTit": "WFM",
    "OTit": "",
    "Rating": "1836",
    "Gms": "0",
    "K": "20",
    "RatingMonth": "AUG25",
    "B-day": "1997",
    "Flag": "wi"
  },
  {
    "ID Number": "7700890",
    "Name": "Smith, Russell",
    "Fed": "TTO",
    "Sex": "M",
    "Title": "",
    "WTit": "",
    "OTit": "",
    "Rating": "1966",
    "Gms": "0",
    "K": "40",
    "RatingMonth": "AUG25",
    "B-day": "1958",
    "Flag": "i"
  },
  {
    "ID Number": "7700458",
    "Name": "Smith, Vandoff",
    "Fed": "TTO",
    "Sex": "M",
    "Title": "",
    "WTit": "",
    "OTit": "",
    "Rating": "1815",
    "Gms": "0",
    "K": "20",
    "RatingMonth": "AUG25",
    "B-day": "1995",
    "Flag": "i"
  },
  {
    "ID Number": "7714505",
    "Name": "Smith, Zayvion",
    "Fed": "TTO",
    "Sex": "M",
    "Title": "",
    "WTit": "",
    "OTit": "",
    "Rating": "1416",
    "Gms": "0",
    "K": "40",
    "RatingMonth": "AUG25",
    "B-day": "2009",
    "Flag": ""
  },
  {
    "ID Number": "7700490",
    "Name": "Smith, Zurich",
    "Fed": "TTO",
    "Sex": "M",
    "Title": "",
    "WTit": "",
    "OTit": "",
    "Rating": "1573",
    "Gms": "0",
    "K": "20",
    "RatingMonth": "AUG25",
    "B-day": "2000",
    "Flag": "i"
  },
  {
    "ID Number": "7700741",
    "Name": "Solomon, Ian",
    "Fed": "TTO",
    "Sex": "M",
    "Title": "",
    "WTit": "",
    "OTit": "",
    "Rating": "1728",
    "Gms": "0",
    "K": "20",
    "RatingMonth": "AUG25",
    "B-day": "1957",
    "Flag": "i"
  },
  {
    "ID Number": "7702698",
    "Name": "Sonoo, Karissa",
    "Fed": "TTO",
    "Sex": "F",
    "Title": "",
    "WTit": "",
    "OTit": "",
    "Rating": "1662",
    "Gms": "0",
    "K": "40",
    "RatingMonth": "AUG25",
    "B-day": "2001",
    "Flag": "wi"
  },
  {
    "ID Number": "7715595",
    "Name": "Sookdeo, Devesh",
    "Fed": "TTO",
    "Sex": "M",
    "Title": "",
    "WTit": "",
    "OTit": "",
    "Rating": "1504",
    "Gms": "0",
    "K": "40",
    "RatingMonth": "AUG25",
    "B-day": "2010",
    "Flag": ""
  },
  {
    "ID Number": "7706855",
    "Name": "Sookdeo, Saanjive",
    "Fed": "TTO",
    "Sex": "M",
    "Title": "",
    "WTit": "",
    "OTit": "",
    "Rating": "1555",
    "Gms": "0",
    "K": "40",
    "RatingMonth": "AUG25",
    "B-day": "2005",
    "Flag": "i"
  },
  {
    "ID Number": "7705093",
    "Name": "Sookdeo, Tristan",
    "Fed": "TTO",
    "Sex": "M",
    "Title": "",
    "WTit": "",
    "OTit": "",
    "Rating": "1605",
    "Gms": "0",
    "K": "40",
    "RatingMonth": "AUG25",
    "B-day": "2006",
    "Flag": "i"
  },
  {
    "ID Number": "7703937",
    "Name": "Sookoor, Sameer",
    "Fed": "TTO",
    "Sex": "M",
    "Title": "",
    "WTit": "",
    "OTit": "",
    "Rating": "1458",
    "Gms": "0",
    "K": "40",
    "RatingMonth": "AUG25",
    "B-day": "2006",
    "Flag": "i"
  },
  {
    "ID Number": "7705352",
    "Name": "Sookraj, Druva",
    "Fed": "TTO",
    "Sex": "M",
    "Title": "",
    "WTit": "",
    "OTit": "",
    "Rating": "1667",
    "Gms": "5",
    "K": "20",
    "RatingMonth": "AUG25",
    "B-day": "1981",
    "Flag": ""
  },
  {
    "ID Number": "7713363",
    "Name": "Sookraj, Sameer",
    "Fed": "TTO",
    "Sex": "M",
    "Title": "",
    "WTit": "",
    "OTit": "",
    "Rating": "1534",
    "Gms": "0",
    "K": "40",
    "RatingMonth": "AUG25",
    "B-day": "2012",
    "Flag": ""
  },
  {
    "ID Number": "7700598",
    "Name": "Soondarsingh, Aditi",
    "Fed": "TTO",
    "Sex": "F",
    "Title": "WCM",
    "WTit": "WCM",
    "OTit": "",
    "Rating": "1812",
    "Gms": "0",
    "K": "20",
    "RatingMonth": "AUG25",
    "B-day": "1988",
    "Flag": "wi"
  },
  {
    "ID Number": "7700903",
    "Name": "Soondarsingh, Bhisham",
    "Fed": "TTO",
    "Sex": "M",
    "Title": "",
    "WTit": "",
    "OTit": "",
    "Rating": "1810",
    "Gms": "0",
    "K": "40",
    "RatingMonth": "AUG25",
    "B-day": "1949",
    "Flag": "i"
  },
  {
    "ID Number": "7700954",
    "Name": "Soondarsingh, Dev",
    "Fed": "TTO",
    "Sex": "M",
    "Title": "CM",
    "WTit": "",
    "OTit": "",
    "Rating": "2028",
    "Gms": "0",
    "K": "20",
    "RatingMonth": "AUG25",
    "B-day": "1987",
    "Flag": "i"
  },
  {
    "ID Number": "7702876",
    "Name": "Soverall, Peter",
    "Fed": "TTO",
    "Sex": "M",
    "Title": "",
    "WTit": "",
    "OTit": "",
    "Rating": "1746",
    "Gms": "0",
    "K": "20",
    "RatingMonth": "AUG25",
    "B-day": "1955",
    "Flag": "i"
  },
  {
    "ID Number": "7703520",
    "Name": "Squires, Collette",
    "Fed": "TTO",
    "Sex": "F",
    "Title": "",
    "WTit": "",
    "OTit": "",
    "Rating": "1559",
    "Gms": "0",
    "K": "40",
    "RatingMonth": "AUG25",
    "B-day": "2001",
    "Flag": "wi"
  },
  {
    "ID Number": "7703236",
    "Name": "Superville, Arthur",
    "Fed": "TTO",
    "Sex": "M",
    "Title": "",
    "WTit": "",
    "OTit": "",
    "Rating": "1516",
    "Gms": "4",
    "K": "20",
    "RatingMonth": "AUG25",
    "B-day": "1952",
    "Flag": ""
  },
  {
    "ID Number": "7702035",
    "Name": "Thomas, Lewson",
    "Fed": "TTO",
    "Sex": "M",
    "Title": "",
    "WTit": "",
    "OTit": "",
    "Rating": "1794",
    "Gms": "0",
    "K": "40",
    "RatingMonth": "AUG25",
    "B-day": "0",
    "Flag": "i"
  },
  {
    "ID Number": "7704135",
    "Name": "Thomas, Rickson",
    "Fed": "TTO",
    "Sex": "M",
    "Title": "",
    "WTit": "",
    "OTit": "",
    "Rating": "1880",
    "Gms": "0",
    "K": "20",
    "RatingMonth": "AUG25",
    "B-day": "1989",
    "Flag": "i"
  },
  {
    "ID Number": "7704356",
    "Name": "Thompson, Anthony",
    "Fed": "TTO",
    "Sex": "M",
    "Title": "",
    "WTit": "",
    "OTit": "",
    "Rating": "1858",
    "Gms": "0",
    "K": "40",
    "RatingMonth": "AUG25",
    "B-day": "1979",
    "Flag": "i"
  },
  {
    "ID Number": "7712391",
    "Name": "Tuberoso, Liam",
    "Fed": "TTO",
    "Sex": "M",
    "Title": "",
    "WTit": "",
    "OTit": "",
    "Rating": "1417",
    "Gms": "0",
    "K": "40",
    "RatingMonth": "AUG25",
    "B-day": "2006",
    "Flag": "i"
  },
  {
    "ID Number": "7701667",
    "Name": "Tyson, Keith",
    "Fed": "TTO",
    "Sex": "M",
    "Title": "",
    "WTit": "",
    "OTit": "",
    "Rating": "1650",
    "Gms": "0",
    "K": "40",
    "RatingMonth": "AUG25",
    "B-day": "1965",
    "Flag": "i"
  },
  {
    "ID Number": "7701721",
    "Name": "Valentine, Bryan",
    "Fed": "TTO",
    "Sex": "M",
    "Title": "",
    "WTit": "",
    "OTit": "",
    "Rating": "1606",
    "Gms": "0",
    "K": "20",
    "RatingMonth": "AUG25",
    "B-day": "1961",
    "Flag": "i"
  },
  {
    "ID Number": "7712421",
    "Name": "Vassell, Isaiah",
    "Fed": "TTO",
    "Sex": "M",
    "Title": "",
    "WTit": "",
    "OTit": "",
    "Rating": "1849",
    "Gms": "6",
    "K": "40",
    "RatingMonth": "AUG25",
    "B-day": "2010",
    "Flag": ""
  },
  {
    "ID Number": "7701390",
    "Name": "Walcott, Alex",
    "Fed": "TTO",
    "Sex": "M",
    "Title": "",
    "WTit": "",
    "OTit": "",
    "Rating": "1665",
    "Gms": "0",
    "K": "40",
    "RatingMonth": "AUG25",
    "B-day": "1998",
    "Flag": "i"
  },
  {
    "ID Number": "7701438",
    "Name": "Waldron, Omari",
    "Fed": "TTO",
    "Sex": "M",
    "Title": "",
    "WTit": "",
    "OTit": "",
    "Rating": "1947",
    "Gms": "0",
    "K": "20",
    "RatingMonth": "AUG25",
    "B-day": "1992",
    "Flag": "i"
  },
  {
    "ID Number": "7713428",
    "Name": "Walker, Khadija",
    "Fed": "TTO",
    "Sex": "F",
    "Title": "",
    "WTit": "",
    "OTit": "",
    "Rating": "1580",
    "Gms": "0",
    "K": "40",
    "RatingMonth": "AUG25",
    "B-day": "1999",
    "Flag": "wi"
  },
  {
    "ID Number": "7709390",
    "Name": "Williams, Saqiv",
    "Fed": "TTO",
    "Sex": "M",
    "Title": "",
    "WTit": "",
    "OTit": "",
    "Rating": "1647",
    "Gms": "0",
    "K": "20",
    "RatingMonth": "AUG25",
    "B-day": "2005",
    "Flag": ""
  },
  {
    "ID Number": "7704526",
    "Name": "Williams, Shorndel",
    "Fed": "TTO",
    "Sex": "M",
    "Title": "",
    "WTit": "",
    "OTit": "",
    "Rating": "1899",
    "Gms": "0",
    "K": "40",
    "RatingMonth": "AUG25",
    "B-day": "1989",
    "Flag": "i"
  },
  {
    "ID Number": "7701446",
    "Name": "Wilson, Jonathan",
    "Fed": "TTO",
    "Sex": "M",
    "Title": "",
    "WTit": "",
    "OTit": "",
    "Rating": "1873",
    "Gms": "0",
    "K": "40",
    "RatingMonth": "AUG25",
    "B-day": "1993",
    "Flag": "i"
  },
  {
    "ID Number": "7700318",
    "Name": "Wiltshire, Esan",
    "Fed": "TTO",
    "Sex": "M",
    "Title": "CM",
    "WTit": "",
    "OTit": "",
    "Rating": "2060",
    "Gms": "0",
    "K": "20",
    "RatingMonth": "AUG25",
    "B-day": "1990",
    "Flag": "i"
  },
  {
    "ID Number": "7701098",
    "Name": "Wiltshire, Louis",
    "Fed": "TTO",
    "Sex": "M",
    "Title": "",
    "WTit": "",
    "OTit": "",
    "Rating": "1749",
    "Gms": "0",
    "K": "20",
    "RatingMonth": "AUG25",
    "B-day": "1936",
    "Flag": "i"
  },
  {
    "ID Number": "7700750",
    "Name": "Winter Atwell, Adrian",
    "Fed": "TTO",
    "Sex": "M",
    "Title": "FM",
    "WTit": "NA",
    "OTit": "",
    "Rating": "2090",
    "Gms": "0",
    "K": "20",
    "RatingMonth": "AUG25",
    "B-day": "1985",
    "Flag": ""
  },
  {
    "ID Number": "7702639",
    "Name": "Wong, Samson",
    "Fed": "TTO",
    "Sex": "M",
    "Title": "",
    "WTit": "",
    "OTit": "",
    "Rating": "1803",
    "Gms": "0",
    "K": "40",
    "RatingMonth": "AUG25",
    "B-day": "1971",
    "Flag": "i"
  },
  {
    "ID Number": "7701616",
    "Name": "Worrell, David",
    "Fed": "TTO",
    "Sex": "M",
    "Title": "",
    "WTit": "",
    "OTit": "",
    "Rating": "1827",
    "Gms": "0",
    "K": "40",
    "RatingMonth": "AUG25",
    "B-day": "0",
    "Flag": "i"
  },
  {
    "ID Number": "7705735",
    "Name": "Yashvardhan Bunsee, Ari",
    "Fed": "TTO",
    "Sex": "M",
    "Title": "",
    "WTit": "",
    "OTit": "",
    "Rating": "1550",
    "Gms": "0",
    "K": "40",
    "RatingMonth": "AUG25",
    "B-day": "2009",
    "Flag": "i"
  },
  {
    "ID Number": "7702426",
    "Name": "Yearwood, Sean",
    "Fed": "TTO",
    "Sex": "M",
    "Title": "CM",
    "WTit": "NA",
    "OTit": "",
    "Rating": "1839",
    "Gms": "0",
    "K": "20",
    "RatingMonth": "AUG25",
    "B-day": "2003",
    "Flag": "i"
  },
  {
    "ID Number": "7702523",
    "Name": "Yearwood, Shannon",
    "Fed": "TTO",
    "Sex": "F",
    "Title": "CM",
    "WTit": "WFM",
    "OTit": "",
    "Rating": "1781",
    "Gms": "0",
    "K": "20",
    "RatingMonth": "AUG25",
    "B-day": "2000",
    "Flag": "wi"
  },
  {
    "ID Number": "7703287",
    "Name": "Yearwood, Sheldon",
    "Fed": "TTO",
    "Sex": "M",
    "Title": "",
    "WTit": "",
    "OTit": "",
    "Rating": "1502",
    "Gms": "0",
    "K": "20",
    "RatingMonth": "AUG25",
    "B-day": "2006",
    "Flag": "i"
  },
  {
    "ID Number": "7702590",
    "Name": "Yearwood, Sylvan",
    "Fed": "TTO",
    "Sex": "M",
    "Title": "",
    "WTit": "",
    "OTit": "",
    "Rating": "1725",
    "Gms": "0",
    "K": "40",
    "RatingMonth": "AUG25",
    "B-day": "1999",
    "Flag": "i"
  },
  {
    "ID Number": "7700105",
    "Name": "Yee, Frank",
    "Fed": "TTO",
    "Sex": "M",
    "Title": "FM",
    "WTit": "",
    "OTit": "",
    "Rating": "1975",
    "Gms": "0",
    "K": "20",
    "RatingMonth": "AUG25",
    "B-day": "1970",
    "Flag": "i"
  },
  {
    "ID Number": "7711875",
    "Name": "Zhan, Julian",
    "Fed": "TTO",
    "Sex": "M",
    "Title": "",
    "WTit": "",
    "OTit": "",
    "Rating": "1592",
    "Gms": "0",
    "K": "40",
    "RatingMonth": "AUG25",
    "B-day": "2010",
    "Flag": ""
  }
]