ID Number,Name,Fed,Sex,Title,WTit,OTit,Rating,Gms,K,RatingMonth,B-day,Flag
8708975,Abigail Banda,ZAM,F,,,,1425,0,40,AUG25,2002,wi
8708355,Aggrey Kabaso,ZAM,M,,,,1879,0,40,AUG25,1978,i
8716390,Akabiwa Akatama,ZAM,M,,,,1912,0,40,AUG25,1994,i
8705275,"Akazembe, Moses",ZAM,M,,,,1837,0,20,AUG25,1974,
8709963,Angel Safeli,ZAM,M,,,,1922,0,20,AUG25,1960,i
8710422,Arthur Kalaluka,ZAM,M,,,,1840,0,40,AUG25,1973,i
8710171,Atusaye Gladson Mwenifumbo,ZAM,M,,,,1840,0,20,AUG25,1998,
8701067,Banda Aaron,ZAM,M,,,,1908,0,20,AUG25,1973,
8714436,Banda Aaron Goodson,ZAM,M,,,,1850,0,20,AUG25,1998,i
8729654,Banda Abel,ZAM,M,,,,1830,0,40,AUG25,1992,
8722501,Banda Alton,ZAM,M,,,,2030,8,20,AUG25,2002,
8722498,Banda Bertha,ZAM,F,,,,1530,3,40,AUG25,2012,w
8733309,Banda Botha Gift,ZAM,M,,,,1927,0,40,AUG25,2001,
8712506,Banda Collins,ZAM,M,,,,1873,0,40,AUG25,1982,i
8727112,Banda Daniel,ZAM,M,,,,1849,0,40,AUG25,1988,i
8707081,Banda Fackson,ZAM,M,,,,1827,0,40,AUG25,1976,
8725810,Banda Gift,ZAM,M,,,,1619,0,40,AUG25,2008,
8712271,Banda Madalisto,ZAM,M,,,,1812,0,40,AUG25,1992,
8705755,Banda Maria,ZAM,F,,,,1747,0,20,AUG25,2003,w
8711860,Banda Molo,ZAM,M,,,,1781,0,40,AUG25,1974,
8711232,Banda Ongani,ZAM,M,,,,1878,0,40,AUG25,1995,i
8712824,Banda Osacr,ZAM,M,,,,1862,0,40,AUG25,2000,i
8716544,Banda Paliyani,ZAM,M,,,,1881,0,40,AUG25,1986,i
8707499,Banda Paul,ZAM,M,,,,1905,0,20,AUG25,1986,i
8726531,Banda Wamundila,ZAM,M,,,,1738,0,40,AUG25,1999,i
8704520,"Banda, Brian",ZAM,M,,,,1908,0,20,AUG25,1989,i
8700788,"Banda, Esther",ZAM,M,,,,1451,0,20,AUG25,0,
8705291,"Banda, Ferguson",ZAM,M,,,,1837,0,40,AUG25,0,i
415383,"Banda, Graham",ZAM,M,,,,1800,0,20,AUG25,1961,i
8705305,"Banda, Simon",ZAM,M,,,,1737,0,40,AUG25,2000,i
8724032,Bangwa Joseph,ZAM,M,,,,1918,0,40,AUG25,2008,i
8709998,Benaya Lennox,ZAM,M,,,,1815,0,40,AUG25,1994,
8705100,"Bernard, Jay",ZAM,M,,,,1884,0,20,AUG25,0,i
8723192,Besa Darlington,ZAM,M,,,,1814,0,20,AUG25,1989,i
8701571,"Bloomfield, Harvey",ZAM,M,,,,1946,0,20,AUG25,1984,
8708150,Bob Nyirenda,ZAM,M,,,,1745,0,40,AUG25,1957,i
8708177,Bonaventure Ngosa,ZAM,M,,,,1880,0,40,AUG25,1978,i
8708193,Brian Makwele,ZAM,M,,,,1946,0,20,AUG25,1992,i
8708207,Brian Muleba,ZAM,M,,,,1833,0,40,AUG25,1978,
8710430,Brian Ntanga,ZAM,M,,,,1821,0,40,AUG25,2000,i
8712280,Bupe Chibomba,ZAM,M,,,,1816,0,20,AUG25,1994,i
8718385,Butanda Benson,ZAM,M,,,,1961,0,20,AUG25,1988,i
8700613,"Buumba, Obrian",ZAM,M,,,,1851,0,20,AUG25,1987,i
8714568,Bwalya Eusters,ZAM,M,,,,1863,0,40,AUG25,1997,
8711500,Bwalya Joe,ZAM,M,,,,1857,0,20,AUG25,1990,
8708053,Bwalya Kangwa,ZAM,M,,,,1493,0,40,AUG25,2000,i
8727821,Bwalya Margret,ZAM,F,,,,1764,11,40,AUG25,2010,w
8706964,"Bwalya Mulwale, Lubuuto",ZAM,F,WCM,WCM,,1931,0,20,AUG25,2001,w
8709815,Bwalya Musa,ZAM,M,,,,1805,0,40,AUG25,1996,i
8732183,Bwalya Nason,ZAM,M,,,,1793,0,40,AUG25,2003,
8729107,Bwalya Wence,ZAM,M,,,,1779,0,20,AUG25,1995,
8702250,"Bwalya, David",ZAM,M,,,,1945,0,40,AUG25,0,i
8704538,"Bwalya, Ernest",ZAM,M,,,,1805,0,20,AUG25,1979,i
8700834,"Bwalya, Gift",ZAM,M,,,,1830,0,40,AUG25,1996,i
8700257,"Bwalya, Gillan",ZAM,M,IM,,,2295,24,10,AUG25,1988,
8705119,"Bwalya, Peter",ZAM,M,,,,2029,0,40,AUG25,1983,
8730512,Bwanga Brian,ZAM,M,,,,1855,0,40,AUG25,1989,
8722196,Bwanga Emmanuel,ZAM,M,,,,2015,0,20,AUG25,2001,
8712573,Bwembya Mula,ZAM,M,,,,1995,0,20,AUG25,1996,i
8729115,Bweupe Kangwa Brighton,ZAM,M,,,,1829,0,40,AUG25,1998,i
8700427,"Castillo, Christian",ZAM,M,,,,1934,0,20,AUG25,1995,i
8709220,Catherine Phiri,ZAM,F,,,,1516,0,40,AUG25,2005,w
8724083,Chaampa Walker,ZAM,M,,,,1783,0,40,AUG25,1992,i
8708509,Chabala Kapilya,ZAM,M,,,,1794,0,40,AUG25,1983,
8724741,Chabala Lwando,ZAM,M,,,,1717,0,20,AUG25,1985,
8701598,"Chabala, Efford",ZAM,M,,SI,,1963,0,20,AUG25,1983,
8724814,Chakaba Emmanuel,ZAM,M,,,,1914,0,40,AUG25,1989,i
8724504,Chala Mwila,ZAM,M,,,,1803,0,40,AUG25,1997,
8729123,Chali Graynor,ZAM,M,,,,1891,0,40,AUG25,1997,i
8718334,Chali Maini,ZAM,M,,,,1778,0,40,AUG25,1995,i
8723605,Chalwe George,ZAM,M,,,,1742,0,40,AUG25,1996,
8704805,"Chama, Frank",ZAM,M,,,,1847,0,40,AUG25,1977,i
8704813,"Chama, Peter",ZAM,M,,,,1956,0,20,AUG25,1994,i
8712832,Champa Walker,ZAM,M,,,,1929,0,40,AUG25,1986,i
8712840,Chanda Bernard,ZAM,M,,,,1764,0,40,AUG25,1999,i
8717478,Chanda Brian,ZAM,M,,,,1882,0,40,AUG25,1987,i
8707316,Chanda Ellis,ZAM,M,,,,1888,0,20,AUG25,1988,i
8724415,Chanda Gerald,ZAM,M,,,,1655,0,40,AUG25,2003,
8724733,Chanda Jerry,ZAM,M,,,,1935,0,40,AUG25,1987,
8724750,Chanda Joseph,ZAM,M,,,,1748,0,40,AUG25,2000,i
8732167,Chanda Katongo,ZAM,M,,,,1848,0,40,AUG25,1999,
8722609,Chanda Keith,ZAM,M,,,,1891,0,40,AUG25,2000,i
8713707,Chanda Kunda,ZAM,M,,,,2002,0,20,AUG25,1976,i
8733287,chanda Ronald,ZAM,M,,,,1782,0,40,AUG25,1993,
8727473,CHANSA EMMANUEL,ZAM,M,,,,1761,0,40,AUG25,2008,
8728810,Chansa Emmanuel,ZAM,M,,,,1608,3,40,AUG25,2009,
8716846,Chansa Francis,ZAM,M,,,,1848,0,40,AUG25,1964,i
8701610,"Chansa, Jackson",ZAM,M,,,,2046,0,20,AUG25,1983,i
8700737,Charles Mununkila,ZAM,M,,,,1786,0,20,AUG25,1980,
8702632,"Chasaya, Terence",ZAM,M,,,,2012,0,20,AUG25,1995,
8711143,Chatupa Freeman,ZAM,M,,,,1832,0,20,AUG25,1963,i
8700990,"Chefu, Tresford",ZAM,M,,,,1879,0,20,AUG25,1996,i
8700850,"Cheleka, Namakau",ZAM,F,,,,1620,0,40,AUG25,1996,wi
8723826,Chelu Moses,ZAM,M,,,,1611,0,40,AUG25,2009,i
8726965,Chemba Joana,ZAM,F,,SI,,1561,0,20,AUG25,1988,w
8716340,Chembe Sean Kunda,ZAM,M,,,,1699,0,40,AUG25,2008,i
8714576,Chewe Joshua,ZAM,M,,,,1737,12,20,AUG25,2004,
8708347,Chibale Alfred,ZAM,M,,,,1917,0,40,AUG25,2002,i
8730474,Chibale Bevery,ZAM,F,,,,1563,0,40,AUG25,2004,w
8711518,Chibale Herris,ZAM,M,,,,1851,5,20,AUG25,1988,
8701369,"Chibale, Kalale",ZAM,M,,,,1947,0,40,AUG25,1994,
8709467,Chibambo Aaron,ZAM,M,,,,1791,0,20,AUG25,1988,
8729247,Chibesa Evans,ZAM,M,,,,1855,0,40,AUG25,1986,i
8706042,Chibeza Mumba,ZAM,M,,,,1877,0,40,AUG25,1982,i
8712867,Chibiya Benison,ZAM,M,,,,1774,0,20,AUG25,1998,
8709440,Chibolya Ketty,ZAM,F,WCM,WCM,,1519,0,40,AUG25,2000,wi
8714541,Chibuye Christopher,ZAM,M,,,,2029,0,20,AUG25,2001,
8709475,Chibuye James,ZAM,M,,,,2015,0,20,AUG25,1998,
8717648,Chibuye Senti,ZAM,M,,,,1830,0,40,AUG25,1996,
8717125,Chibuye Seth,ZAM,M,,,,1756,0,40,AUG25,1997,i
8706565,"Chibwata, Paul",ZAM,M,,,,2103,0,20,AUG25,0,
8718342,Chibwe Lukonde Victor,ZAM,M,,SI,,1819,0,40,AUG25,1979,
8723206,Chifuko William,ZAM,M,,,,1687,0,40,AUG25,1989,i
8718911,Chifwa Mailen,ZAM,M,,,,1842,0,40,AUG25,1985,
8730539,Chifwembe Bwalya,ZAM,M,,,,1814,0,40,AUG25,2006,
8724261,Chikamba Bruce Emmanuel,ZAM,M,,,,1865,0,40,AUG25,1994,
8719594,Chikete Arlindo,ZAM,M,,,,1875,0,40,AUG25,1997,i
8712441,Chikomba Martin,ZAM,M,,,,1911,0,40,AUG25,1984,i
8722935,Chikuku Chileshe,ZAM,M,,,,1832,0,40,AUG25,1994,i
8730784,Chikunji Jebius,ZAM,M,,,,1844,0,40,AUG25,1995,
8710449,Chikuse Phiri,ZAM,M,,,,1852,0,40,AUG25,1989,i
8704040,"Chikuse, Leslie",ZAM,M,,,,2017,0,20,AUG25,1976,
8730490,Chikweto conrad,ZAM,M,,,,1708,0,40,AUG25,1989,
8723524,Chilala Banji,ZAM,M,,,,2055,0,40,AUG25,1978,i
8706956,Chilambe Faith,ZAM,F,,,,1588,0,40,AUG25,1998,wi
8704554,"Chilambe, Mushabati",ZAM,M,,,,1829,0,40,AUG25,1976,i
8729069,Chilamo Norbert,ZAM,M,,,,1868,0,40,AUG25,1995,i
8732434,Chilantemba Mulenga,ZAM,M,,,,1748,0,40,AUG25,1999,
8725527,Chilatimba Mulenga,ZAM,M,,,,1853,0,40,AUG25,1999,i
8711895,Chileshe John,ZAM,M,,,,1749,0,40,AUG25,1972,i
8728429,Chileshe Josephine,ZAM,F,,,,1440,0,40,AUG25,2001,w
8714584,Chileshe Nkandu,ZAM,M,,,,1739,0,20,AUG25,2003,
8707391,Chileya Levy,ZAM,M,,,,1920,0,20,AUG25,1980,i
8723842,Chilila Kasweka,ZAM,M,,,,1839,0,40,AUG25,1989,i
8712883,Chiluba Innocent,ZAM,M,,,,1844,0,20,AUG25,1994,
8704058,"Chiluba, Kinley",ZAM,M,,,,1765,0,40,AUG25,1985,
8725519,Chilufya Bright,ZAM,M,,,,1758,0,40,AUG25,1996,
8724164,Chilufya Daniel,ZAM,M,,,,1609,0,40,AUG25,2007,
8716170,Chilufya Edward E.,ZAM,M,,,,1845,0,40,AUG25,1995,i
8712530,Chilufya Emmanuel,ZAM,M,,,,1890,0,40,AUG25,1984,i
8718652,Chilufya Ernest,ZAM,M,,,,1675,0,40,AUG25,1974,i
8718644,Chilufya Ernest Jr,ZAM,M,,,,1507,0,40,AUG25,2008,i
8706832,Chilufya Maureen,ZAM,F,,,,1504,0,40,AUG25,0,wi
8710783,Chilufya Morgan,ZAM,M,,,,1824,0,40,AUG25,1992,
8731926,Chilufya Newton,ZAM,M,,,,1825,0,40,AUG25,1999,
8710465,Chilufya Phiri,ZAM,F,,,,1560,0,20,AUG25,1997,wi
8704848,"Chilufya, Mukubulo",ZAM,M,,,,1885,0,20,AUG25,1980,
8704856,"Chilufya, Mumba",ZAM,F,,,,1480,0,40,AUG25,1976,wi
8733635,Chilwesa Anthony,ZAM,M,,,,1693,0,40,AUG25,1983,
8711402,Chimanya Greenwell,ZAM,M,,,,1990,0,20,AUG25,1997,
8731462,Chimbwe Xavier,ZAM,M,,,,1824,0,40,AUG25,2003,
8710791,Chimpunza James,ZAM,M,,,,1885,0,40,AUG25,1982,i
8710660,Chimpusa Christopher,ZAM,M,,,,1797,0,40,AUG25,1980,i
8719110,Chimuka Mozel,ZAM,M,,,,1597,0,40,AUG25,2004,i
8709149,Chimuka Simayola,ZAM,M,,,,1937,0,20,AUG25,1982,i
8707855,Chimwanga Mutakela,ZAM,M,,,,1910,0,40,AUG25,1983,i
8714592,Chimwaya Kelvin,ZAM,M,,,,1650,0,20,AUG25,1979,
8704570,"Chinama, Maybin",ZAM,M,,,,1982,0,40,AUG25,1980,
8707669,Chinapu Eric,ZAM,M,,,,1901,0,20,AUG25,1987,
8719250,Chintu Mcfarlen,ZAM,M,,,,1922,0,20,AUG25,1989,
8732124,Chinyanta Mathews,ZAM,M,,,,1638,0,40,AUG25,1992,
8712905,Chipeta Oscar,ZAM,M,,,,1836,0,40,AUG25,1994,i
8707170,Chipo Gift Mubambe,ZAM,M,,,,1830,0,40,AUG25,1976,i
8730407,Chipomo Moses,ZAM,M,,,,1652,0,40,AUG25,2001,
8708851,Chipoya Micheal,ZAM,M,,,,1863,0,20,AUG25,1994,
8714193,Chipuka Faith,ZAM,F,,,,1525,0,20,AUG25,1993,wi
8711941,Chipungu Taurai,ZAM,M,,,,1668,0,40,AUG25,1983,i
8705607,"Chipunzya, James",ZAM,M,,,,1900,0,40,AUG25,1980,i
8712298,Chipusa Christopher,ZAM,M,,,,1878,0,40,AUG25,1980,i
8722528,Chirwa Peter,ZAM,M,,,,1771,0,40,AUG25,1993,
8701024,Chirwa Zenaida,ZAM,F,,,,1555,0,40,AUG25,2004,w
8716650,Chisala Vernasio,ZAM,M,,,,1859,0,40,AUG25,1993,
8714444,Chisapa Yamba,ZAM,M,,,,1906,0,40,AUG25,1980,i
8715327,Chisata Reymond,ZAM,M,,,,1836,0,40,AUG25,1994,i
8709912,Chisha Chiti,ZAM,M,,,,1734,0,40,AUG25,1977,i
8711933,Chisha Kelly,ZAM,M,,,,1965,0,20,AUG25,1987,i
8723044,Chishimba Gladys,ZAM,F,,,,1570,0,20,AUG25,1991,w
8705798,"Chishimba, Libakeni",ZAM,F,,,,1513,0,40,AUG25,2003,wi
8730792,Chishinge Gift,ZAM,M,,,,1670,0,40,AUG25,2003,
8728925,Chisomo Richard,ZAM,M,,,,1749,0,40,AUG25,1980,
8704228,"Chisompola, Alistair",ZAM,M,,,,1900,0,20,AUG25,1982,i
8716285,Chisopa Dalitso,ZAM,M,,,,2096,0,20,AUG25,1998,
8711925,Chisulo Allan,ZAM,M,,,,1802,0,20,AUG25,1975,
8705348,"Chiswela, Eric",ZAM,M,,,,1893,0,20,AUG25,0,i
8711054,Chitalu Moses,ZAM,M,,,,2000,0,20,AUG25,1986,i
8714452,Chitalu Neverest,ZAM,M,,,,1729,0,40,AUG25,1999,i
8718261,Chiti Carol,ZAM,F,,,,1493,0,40,AUG25,1996,wi
8721920,Chiti Lungoya,ZAM,M,,,,1719,0,40,AUG25,2005,i
8702705,"Chitula , Barnabas",ZAM,M,,,,1897,0,20,AUG25,1992,
8714630,Chitula Agatha,ZAM,F,,,,1558,8,20,AUG25,1992,w
8705569,Chitula Evans,ZAM,M,,,,1942,0,20,AUG25,1989,i
8708274,Chiumya Brighton,ZAM,M,,,,1949,0,20,AUG25,1984,
8711909,Chiwowa Joe,ZAM,M,,,,1979,0,40,AUG25,1981,i
8712930,Chola Cohen,ZAM,M,,,,1937,0,40,AUG25,2000,i
8727430,Chola Gabriel,ZAM,M,,,,1777,0,40,AUG25,1994,i
8712301,Chola Kafwimbi,ZAM,M,,,,1755,0,40,AUG25,1989,i
8711127,Chola Meek,ZAM,M,,,,1845,0,40,AUG25,1989,i
8723222,Chola Moses,ZAM,M,,,,1846,0,40,AUG25,2007,i
8716277,Chola Mwila,ZAM,M,,,,1983,0,40,AUG25,1988,i
8701113,"Chola, Midosantos",ZAM,M,,,,2018,0,20,AUG25,1982,
8712310,Chomba Ngosa,ZAM,M,,,,1713,0,40,AUG25,1988,i
8709254,Chongo Collins,ZAM,M,,,,1873,0,40,AUG25,1986,i
8723583,Chongo Malama,ZAM,M,,,,1760,0,40,AUG25,2007,
8718377,Chongo Rodrick,ZAM,M,,,,1950,0,20,AUG25,1984,i
8731624,Chongo Samuel,ZAM,M,,,,1838,0,40,AUG25,1984,
8712956,Choolwe Hamakwa,ZAM,M,,,,1859,0,20,AUG25,1990,i
8728739,Choolwe Moonga,ZAM,M,,,,1886,0,40,AUG25,2008,
8728976,Choolwe Mukonka,ZAM,M,,,,1580,0,40,AUG25,2012,i
8722188,Choolwe Museli,ZAM,M,,,,1773,0,40,AUG25,1989,
8705356,"Chulu, Panku",ZAM,M,,,,1871,0,20,AUG25,1981,
8700435,"Chumfwa, Kelvin",ZAM,M,IM,,,2199,0,20,AUG25,1986,
8700117,"Chumfwa, Stanley",ZAM,M,IM,,,2246,0,20,AUG25,1976,
8728097,Daka Andrew,ZAM,M,,,,1845,0,20,AUG25,2002,
8730571,Daka Daniel,ZAM,M,,,,1657,0,40,AUG25,1989,
8707421,Daka Henry,ZAM,M,,,,1821,0,40,AUG25,1981,i
8705364,"Daka, Justin",ZAM,M,,,,2226,17,20,AUG25,1988,
8707987,Damson Chama,ZAM,M,,,,1634,0,40,AUG25,2003,i
8710996,Daniel Chishimba,ZAM,M,,,,1789,0,40,AUG25,1984,i
8710104,David Clive Mutale,ZAM,M,,,,1802,0,20,AUG25,1994,
8726760,David Zulu,ZAM,M,,,,1849,0,40,AUG25,1972,i
8722617,Desmond Munyandi,ZAM,M,,,,1865,0,20,AUG25,2001,
8700729,"Dimba, James",ZAM,M,CM,,,2097,8,20,AUG25,1987,
8728160,Dube Joshua,ZAM,M,,,,1928,0,40,AUG25,1990,i
8709173,Edward Cheembela,ZAM,M,,,,1975,0,40,AUG25,1983,i
8705712,Elastridah Yombwe,ZAM,F,,,,1671,0,40,AUG25,1997,wi
8707910,Elliot Blessings Zulu,ZAM,M,,,,1922,0,20,AUG25,1998,
8707979,Emanuel Mutuna,ZAM,M,,,,1960,0,20,AUG25,2003,
8709114,Emmanuel Chipambala,ZAM,M,,,,1899,0,40,AUG25,1992,i
8708487,Emmy Romanshi,ZAM,M,,,,1909,0,40,AUG25,1978,i
8708541,Enerst Shamano,ZAM,M,,,,1761,0,40,AUG25,1981,i
8728003,EVANS CHIKASA,ZAM,M,,,,1653,0,40,AUG25,1986,i
8710198,Evans Phiri,ZAM,M,,,,1777,0,40,AUG25,1977,i
8709289,Fidelis Kaluba,ZAM,M,,,,1792,0,40,AUG25,1998,i
8710015,Fikoloma Jim,ZAM,M,,,,1884,0,40,AUG25,1995,
8728364,Francis Noah David,ZAM,M,,,,1422,0,40,AUG25,2010,i
8708304,Fred Malawa,ZAM,M,,,,1980,0,20,AUG25,1996,
8709858,Fred Shindala,ZAM,M,,,,1925,0,40,AUG25,1979,i
8710872,Frobisher Ngoma,ZAM,M,,,,1745,0,40,AUG25,1965,i
8719276,Fumbe Henry,ZAM,M,,,,1765,0,40,AUG25,1978,
8711844,Fwanyanga Lucky,ZAM,M,,,,1748,0,40,AUG25,1993,i
14321360,"Fwati, Chipepo Kunda",ZAM,M,,NI,,1879,11,40,AUG25,1974,
8709084,Gabriel Simfukwe,ZAM,M,,,,1872,0,40,AUG25,1987,i
8729271,Genesi Nicks,ZAM,M,,,,1836,0,40,AUG25,1993,i
8708452,Gilbert Besa,ZAM,M,,,,1773,0,40,AUG25,1986,
8709300,Givas Mukumbi,ZAM,M,,,,1909,0,20,AUG25,1990,i
8707197,Goma Panji,ZAM,M,,,,2015,0,20,AUG25,1989,
8724423,Goma Victor,ZAM,M,,,,1573,0,40,AUG25,2006,i
8732230,Gondwe Prosper,ZAM,M,,,,1686,0,40,AUG25,2011,
8700060,"Gondwe, Hlanganiso",ZAM,M,,,,1971,0,20,AUG25,1991,
8700630,"Gondwe, Kondwani Maxwell",ZAM,M,CM,,,2050,0,20,AUG25,1989,
8709270,Goodson Kalolo,ZAM,M,,,,1900,0,20,AUG25,1998,i
8714479,Haambote Wesley,ZAM,M,,,,1951,0,20,AUG25,1992,
8713430,Haambozi Emmanuel,ZAM,M,,,,1769,0,40,AUG25,1991,i
8730806,Habeenzu Hichuundu,ZAM,M,,,,1681,0,40,AUG25,2002,
8714606,Haefner Che,ZAM,M,,,,1789,0,40,AUG25,2003,i
8724865,Hamaleka Rinka,ZAM,M,,,,1512,0,40,AUG25,1996,i
8705259,"Hamoonga, David",ZAM,M,,,,1980,0,20,AUG25,0,
8700648,"Hamoonga, Linda Banti",ZAM,F,WCM,WCM,,1801,0,20,AUG25,1988,wi
8722013,Hamuciliba Palicha,ZAM,M,,,,1856,0,40,AUG25,2005,i
8707839,Handema Goodfellow,ZAM,M,,,,1917,0,40,AUG25,1981,i
8723400,Handiya John,ZAM,M,,,,2006,0,20,AUG25,2005,
8723419,Handiya Joseph,ZAM,M,FM,,,2090,9,20,AUG25,2005,
8728968,Hantuba Keane,ZAM,M,,,,1833,0,40,AUG25,1998,i
8704244,"Hapaku, Charles",ZAM,M,CM,,,2120,0,20,AUG25,1990,
8710961,Hilary Lutangu,ZAM,M,,,,1860,0,40,AUG25,1981,i
8718202,Hoare Rita Ilona,ZAM,F,,,,1569,0,40,AUG25,1986,wi
8708169,Humphrey Mulenga,ZAM,M,,,,1905,0,20,AUG25,1978,i
8712522,Hussein Khan,ZAM,M,,,,1845,0,40,AUG25,1974,i
8729280,ILunga John,ZAM,M,,,,1815,0,40,AUG25,2008,i
8733414,Ilunga Samson,ZAM,M,,,,1625,0,40,AUG25,2007,
8709793,Inambao Wamunyima,ZAM,M,,,,1628,0,40,AUG25,1980,i
8709742,James Mulenga,ZAM,M,,,,1837,0,20,AUG25,1992,
8714614,Jere Jonathan,ZAM,M,,,,1911,0,40,AUG25,1983,i
8723729,Jere Masuzyo,ZAM,M,,,,1800,0,40,AUG25,1988,i
8700249,"Jere, Daniel",ZAM,M,IM,,,2366,0,10,AUG25,1986,i
8728461,Jigyasu Dinodia,ZAM,M,,,,1477,0,40,AUG25,2009,
8701644,"Jilowa, Tito",ZAM,M,,,,2045,0,20,AUG25,1987,
8705372,"Jilowa, William",ZAM,M,,,,2035,0,40,AUG25,1982,
8728909,JOANNA LUNGU,ZAM,F,,,,1518,0,40,AUG25,2012,w
8709947,Jonas Mumba,ZAM,M,,,,1770,0,40,AUG25,1958,i
8700494,"Jonathan, Thomas",ZAM,M,CM,,,1767,0,40,AUG25,2000,i
8710163,Joseph Ambali,ZAM,M,,,,1783,0,40,AUG25,1975,i
8708517,Joshua Mambwe,ZAM,M,,,,1905,0,40,AUG25,1991,i
8706077,Kabamba Mulwale Bwalya,ZAM,F,,,,1710,0,20,AUG25,1993,w
8711526,Kabamba Penias,ZAM,M,,,,1738,0,40,AUG25,1993,i
8714622,Kabambesha Mike,ZAM,M,,,,1909,0,40,AUG25,1995,i
8708843,Kabaso Bwalya,ZAM,M,,,,2066,0,20,AUG25,1986,i
8711399,Kabaso Consolatrice,ZAM,F,,,,1612,0,40,AUG25,2010,w
8704066,"Kabaso, Albert",ZAM,M,,,,1899,0,40,AUG25,0,i
8724547,Kabengele Christopher,ZAM,M,,,,1879,0,40,AUG25,1969,i
8712964,Kabika Henry,ZAM,M,,,,1746,0,40,AUG25,2000,i
8711534,kabinda Benjamin,ZAM,M,,,,1780,0,20,AUG25,2002,i
8711542,Kabinda Jonathan,ZAM,M,,,,1808,0,40,AUG25,2004,i
8713340,Kabinga Salome,ZAM,F,,,,1516,0,40,AUG25,1994,wi
8712328,Kabita Remmy Mubanga,ZAM,M,,,,1857,0,40,AUG25,1997,i
8707650,Kabungo Chiwama,ZAM,M,,,,1833,0,20,AUG25,1989,i
8732132,Kabuswe Pride,ZAM,M,,,,1722,0,40,AUG25,1977,
8712816,Kabwe Mwinsa,ZAM,F,,,,1477,0,40,AUG25,1998,wi
8729077,kabwe Peter,ZAM,M,,,,1809,0,40,AUG25,2000,
8707200,Kabwe Timothy,ZAM,M,,,,2195,7,20,AUG25,1983,
8711410,Kachenje Elvis,ZAM,M,,,,1882,0,20,AUG25,1995,
8706417,"Kachenjela, Charles",ZAM,M,,,,1989,0,20,AUG25,1988,i
8716439,Kachinga Silungwe,ZAM,M,,,,1602,0,40,AUG25,1984,i
8700028,"Kafumbwe, Webster",ZAM,M,CM,,,1925,0,20,AUG25,1955,i
8711429,Kafunda William,ZAM,M,,,,1878,0,20,AUG25,1991,
8705550,Kaimana Clifford,ZAM,M,,,,1989,0,20,AUG25,1992,
8717010,Kajoba John,ZAM,M,,,,1852,0,40,AUG25,1995,i
8701660,"Kakoma, Davy",ZAM,M,,,,1992,0,20,AUG25,1977,
8719284,Kakomba Victor,ZAM,M,,,,1836,0,40,AUG25,1983,i
8704074,"Kalaba, Abby",ZAM,M,,,,1957,0,20,AUG25,1991,i
8704260,"Kalaba, Mutale",ZAM,M,,,,1925,0,20,AUG25,1981,
8712581,Kalale Collins,ZAM,M,,,,1912,0,20,AUG25,1994,i
8712972,Kalaluka Richard,ZAM,M,,,,1914,0,20,AUG25,2000,i
8707464,Kalandala William,ZAM,M,,,,1728,0,40,AUG25,1999,i
8708878,Kalandanya Solomon,ZAM,M,,,,1882,0,20,AUG25,1992,
8704600,"Kalapizya, Moses",ZAM,M,,,,1867,0,40,AUG25,0,i
8711879,Kalata Chanda,ZAM,M,,,,2025,0,40,AUG25,1970,i
8723567,Kalenga Jackson,ZAM,M,,,,1812,0,40,AUG25,2001,i
8716889,Kalenga Peter,ZAM,M,,,,1792,0,40,AUG25,1986,i
8707340,Kalikeka Kambe,ZAM,F,,,,1690,0,40,AUG25,1990,wi
8727155,Kalimba Andrew,ZAM,M,,,,1813,0,40,AUG25,1999,i
8700079,"Kalinga, Peter",ZAM,M,,,,1806,0,40,AUG25,1994,
8712980,Kalobwe Lamzy,ZAM,M,,,,1872,0,40,AUG25,1994,i
8723010,Kalombo Cheleka,ZAM,M,,,,1833,0,40,AUG25,1997,i
8706840,Kalonga Charles,ZAM,M,,,,1941,0,40,AUG25,0,i
8712999,Kaluba Fidelis,ZAM,M,,,,1877,0,40,AUG25,2000,
8714819,Kaluba Yanick,ZAM,M,,,,1813,0,20,AUG25,1999,
8711186,Kalumba Oscar,ZAM,M,,,,1903,0,20,AUG25,1985,i
8707618,Kalumbu Mercy,ZAM,F,,,,1582,0,40,AUG25,1990,wi
8724377,Kalumyana Libanga,ZAM,M,,,,1918,0,40,AUG25,1987,i
8700036,"Kalunga, Willy",ZAM,M,CM,,,2205,0,20,AUG25,1963,i
8711550,Kalungu Paul,ZAM,M,,,,1697,0,40,AUG25,2001,i
8722250,Kalyapu Noah,ZAM,M,,,,1917,0,20,AUG25,2002,
8718830,Kalyondo Eddie,ZAM,M,,,,1848,0,40,AUG25,1980,
8711577,Kambele Lawrence,ZAM,M,,,,1783,0,40,AUG25,1982,i
8702756,"Kambeni, Gilbert",ZAM,M,,,,1813,0,40,AUG25,2001,i
8733120,Kambole Wilson,ZAM,M,,,,1689,0,40,AUG25,2009,
8704759,"Kameya, Robson",ZAM,M,,,,2000,0,20,AUG25,1978,
8729166,Kamundi Situmbeko,ZAM,M,,,,1728,0,40,AUG25,1987,i
8706085,Kandangwe Joster,ZAM,M,,,,1946,0,20,AUG25,1982,
8716269,Kanema Lapson,ZAM,M,,,,1825,0,40,AUG25,1981,i
8714550,Kangwa Daniel,ZAM,M,,,,1920,0,40,AUG25,1984,i
8704279,"Kangwa, Moses",ZAM,M,,,,1898,0,20,AUG25,1986,
8705542,"Kangwa, William Chibesa",ZAM,M,,,,1902,0,20,AUG25,0,i
8718407,Kaniki Lombe,ZAM,M,,,,1811,0,40,AUG25,1999,i
8732345,Kanjanta Sante,ZAM,M,,,,1692,0,40,AUG25,1998,
8711755,Kankinza Robson,ZAM,M,,,,1812,0,40,AUG25,1958,i
8711283,Kankomba Victor,ZAM,M,,,,1898,0,20,AUG25,1994,
8728569,Kano Godfrey,ZAM,M,,,,1754,0,40,AUG25,2003,
8707219,Kantalamba Mushota,ZAM,M,,,,2051,0,20,AUG25,1993,
8711585,Kanyanta Bwalya,ZAM,M,,,,1864,0,40,AUG25,1983,i
8707103,Kanyanta Frank,ZAM,M,,,,1729,0,20,AUG25,1976,i
8717249,Kanyembo Enock,ZAM,M,,,,1666,0,40,AUG25,2004,i
8712336,Kanyika Louis,ZAM,M,,,,1894,0,40,AUG25,1993,i
8708495,Kanyoka Kennedy,ZAM,M,,,,2106,0,20,AUG25,1999,
8723036,Kanyombe Henry,ZAM,M,,,,1612,0,20,AUG25,1986,
8700290,"Kaoma, Kateulue",ZAM,M,,,,1893,0,40,AUG25,0,i
8701431,"Kaoma, Micheal",ZAM,M,,,,2212,15,20,AUG25,1994,
8730547,Kaonga Christopher,ZAM,M,,,,1653,0,40,AUG25,1993,
8701679,"Kaonga, Allan",ZAM,M,,,,2020,0,20,AUG25,1990,
8710503,Kapalaya Lubosha,ZAM,M,,,,1703,0,20,AUG25,1978,
8714835,Kapambwe Micheal,ZAM,M,,,,1862,0,40,AUG25,1998,i
8721939,Kapela Christopher,ZAM,M,,,,1770,0,40,AUG25,1974,i
8716862,Kapembwa David,ZAM,M,,,,1929,0,40,AUG25,1980,i
8711615,Kapembwa Kennedy,ZAM,M,,,,1762,0,40,AUG25,1987,i
8711070,Kapembwa Trevor,ZAM,M,,,,1858,0,20,AUG25,1987,
8719292,Kapiya Pathias,ZAM,M,,,,1827,0,40,AUG25,1986,i
8724385,Kasakula Joseph,ZAM,M,,,,1845,0,40,AUG25,1996,i
8726884,Kasapo Jackson,ZAM,M,,,,1862,0,40,AUG25,1995,i
8733821,Kasepa Rophan,ZAM,M,,,,1675,0,40,AUG25,2006,
8729875,Kashimoto Abraham,ZAM,M,,,,1809,0,40,AUG25,1978,
8706620,"Kashiwa, Steven",ZAM,M,,,,1836,0,40,AUG25,0,i
8713006,Kasoma Chihinga,ZAM,M,,,,1723,0,40,AUG25,1981,i
8711623,Kasonde Abraham,ZAM,M,,,,1821,0,40,AUG25,1968,i
8724300,Kasonde Arthur,ZAM,M,,,,1862,0,40,AUG25,1974,
8727449,Kasonde Happy,ZAM,M,,,,1864,0,40,AUG25,1996,i
8729085,Kasonde Mukuka,ZAM,M,,,,1565,0,40,AUG25,1999,
8712417,Kasweka Charles,ZAM,M,,,,1785,0,40,AUG25,1976,i
8719500,Katakala Jonathan,ZAM,M,,,,1747,0,40,AUG25,1996,i
8701695,"Katebe, Linus",ZAM,M,,,,2065,0,20,AUG25,1979,i
8724482,Katebula Maguya,ZAM,M,,,,1729,0,40,AUG25,1987,i
8716404,Katita Luboso,ZAM,M,,,,1680,0,40,AUG25,1972,
8726990,Katoka Moses,ZAM,M,,,,1811,0,40,AUG25,2001,i
8722110,Katoma Apostal,ZAM,M,,,,1839,0,40,AUG25,1987,i
8729174,Katongo Robnison,ZAM,M,,,,1936,0,40,AUG25,1996,i
8700370,"Katowa, Kennedy",ZAM,M,,,,1950,0,20,AUG25,1976,
8705410,"Katoyo, Joesph",ZAM,M,,,,1829,0,40,AUG25,0,
8716226,Katuta Emmanuel,ZAM,M,,,,1783,0,40,AUG25,2000,i
8733139,Katwishi Aaron,ZAM,M,,,,1635,0,40,AUG25,2008,
8701709,"Kaulule Siame, Kela",ZAM,M,CM,,,2115,0,20,AUG25,1987,i
8722668,Kaumba Chikesenge,ZAM,M,,,,1846,0,40,AUG25,2000,i
8726728,Kaumba Mutende,ZAM,M,,,,ACM,1879,0,AUG25,1981,i
8700044,"Kausu, Criston",ZAM,M,CM,,,2205,0,40,AUG25,1957,i
8710589,kawesha Innocentia,ZAM,F,,,,1464,2,20,AUG25,2004,w
8700281,"Kayonde, Andrew",ZAM,M,IM,,,2307,0,10,AUG25,1988,
8711100,Kayongo John,ZAM,M,,,,1635,0,20,AUG25,1978,i
8708290,Keagan Lwandamina,ZAM,M,,,,1935,0,20,AUG25,1992,
8709297,Kelvin Mashebe,ZAM,M,,,,1960,0,40,AUG25,1981,i
8711631,Kenjelani Benson,ZAM,M,,,,1770,0,40,AUG25,1991,i
8708320,Kenneth Tembo,ZAM,M,,,,1834,0,20,AUG25,1984,
8706212,"Keta, Daniel",ZAM,M,CM,,,1843,0,40,AUG25,2002,i
8721610,Khwawe Pottias,ZAM,M,,,,1999,0,40,AUG25,1988,i
8711852,Kolomwe Willian,ZAM,M,,,,1724,0,20,AUG25,1984,
8708835,Kosamu Godwin,ZAM,M,,,,1916,0,40,AUG25,1996,i
8713456,Kumwenda Emmanuel,ZAM,M,,,,1750,0,40,AUG25,2001,i
8726850,Kunda Chesenga,ZAM,M,,,,1959,0,40,AUG25,1992,i
8712085,Kunda Eddie,ZAM,M,,,,1782,0,40,AUG25,1986,i
8725195,Kunda Hope Mpundu,ZAM,F,,,,1649,0,40,AUG25,2001,w
8713464,Kunda Kasongo Jonathan,ZAM,M,,,,1835,0,40,AUG25,1990,i
8721955,Kunda Nicholas,ZAM,M,,,,1687,0,40,AUG25,1976,i
8730814,Kunda Temwani Shawn,ZAM,M,,,,1748,0,40,AUG25,2005,
8733830,Kwalela Mwendabai,ZAM,M,,,,1881,0,40,AUG25,1990,
8711003,Lackson Mbao,ZAM,M,,,,1878,0,40,AUG25,1986,
8709319,Lackson Sinkutwa,ZAM,M,,,,1882,0,20,AUG25,1994,
8705097,"Lemmy, Chishala",ZAM,M,,,,2148,0,20,AUG25,1990,
8710805,Lifelo Ryan,ZAM,M,,,,1796,0,40,AUG25,1986,i
8728585,Likando Joseph,ZAM,M,,,,1812,0,20,AUG25,2000,
8714029,Likando Namakau,ZAM,F,,,,1756,0,20,AUG25,1988,w
8730822,Likezo Ryan,ZAM,M,,,,1877,0,40,AUG25,2005,
8729298,Likubangwa Mudia,ZAM,M,,,,1771,0,40,AUG25,1991,i
8734224,Limande Misheck,ZAM,M,,,,1738,0,40,AUG25,1989,
8718679,Liminde Jackson,ZAM,M,,,,1956,0,40,AUG25,1964,i
8706638,"Litana, Rodney",ZAM,M,,,,1826,0,40,AUG25,0,i
8713715,Litebele Damain,ZAM,M,,,,1860,0,20,AUG25,1990,i
8722005,Liungu Abraham,ZAM,M,,,,1923,0,40,AUG25,2006,i
8715483,Livingi Blessings,ZAM,M,,,,1756,0,40,AUG25,1994,
8732221,Liviza Florence,ZAM,F,,,,1592,0,40,AUG25,2004,w
8711780,Lombe Charles,ZAM,M,,,,1890,0,20,AUG25,1987,i
8712700,Lota Willard,ZAM,M,,,,1888,0,40,AUG25,1991,i
8711887,Luambula Humphrey,ZAM,M,,,,2072,0,20,AUG25,1964,
8717133,Luanga Jackson,ZAM,M,,,,1881,0,40,AUG25,1980,i
8704287,"Luanja, Geoffrey",ZAM,M,FM,,,2123,0,20,AUG25,1988,
8721947,Luchembe Emmanuel,ZAM,M,,,,1875,0,40,AUG25,1991,i
8727376,Luka Ruaraidh Gillies Shields,ZAM,M,,,,1405,0,40,AUG25,2014,i
8718687,Lukamo Kumwanda,ZAM,M,,,,1733,0,40,AUG25,1985,i
8716897,Lukonga Aongola,ZAM,M,,,,1777,0,40,AUG25,1983,
8718695,Luneta Weston,ZAM,M,,,,1816,0,40,AUG25,1974,i
8707502,Lungu Felix,ZAM,M,,,,1830,0,40,AUG25,1986,i
8713022,Lungu John,ZAM,M,,,,1655,0,40,AUG25,1989,i
8707227,Lungu Nelson,ZAM,M,,,,1946,0,40,AUG25,1996,i
8713030,Lungu Samwani,ZAM,M,,,,1738,0,40,AUG25,1990,
8704031,Lungu Tedius,ZAM,M,,,,1907,0,20,AUG25,1985,
8729611,Lungu Vanasio,ZAM,M,,,,1892,0,40,AUG25,2000,
8700354,"Lungu, Genesis",ZAM,M,,,,1721,0,40,AUG25,1984,i
8700052,"Lungu, Nase",ZAM,M,FM,,,2143,0,20,AUG25,1973,
8701733,"Lungu, Nathan",ZAM,M,,,,1965,0,20,AUG25,0,
8718709,Lupulwe Lloyd,ZAM,M,,,,1757,0,40,AUG25,1989,
8702225,"Lwamfwe, Kabwe",ZAM,M,,,,2041,0,20,AUG25,1987,
8727120,Lwanga Jackson,ZAM,M,,,,1846,0,40,AUG25,1981,i
8719144,Lwenyeka Bupe,ZAM,M,,,,1614,0,40,AUG25,2009,i
8719152,Lwenyeka Tumelo,ZAM,M,,,,1844,7,40,AUG25,2013,
8702233,"Lwenyeka, Brian",ZAM,M,,,,1920,0,20,AUG25,1982,i
8704295,"Lyapa , Chisha",ZAM,M,,,,1931,0,20,AUG25,1978,
8708185,Macbollan Sompwe,ZAM,M,,,,1813,0,40,AUG25,1987,i
8718350,Machiko Flamboyant,ZAM,M,,,,1732,0,20,AUG25,1979,
8708231,Macmillan Mwenya,ZAM,M,,,,1814,0,40,AUG25,1993,i
8723699,Mafuta Joshua,ZAM,M,,,,1720,0,40,AUG25,2003,
8732140,Mahere James,ZAM,M,,,,1816,0,40,AUG25,2000,
8713049,Maimbola Isaac,ZAM,M,,,,1753,0,40,AUG25,1995,i
8707812,Maimbolwa Isaac,ZAM,M,,,,1922,0,40,AUG25,1998,
8701741,"Maingaila, Caroline",ZAM,M,,,,1653,0,40,AUG25,0,i
8726094,Maipambe Patrick Jr,ZAM,M,,,,1534,0,40,AUG25,2010,i
8719306,Makanga Kasata Levi,ZAM,M,,,,1965,0,40,AUG25,1988,i
8720444,Makanga Kusanta,ZAM,M,,,,2122,0,20,AUG25,2001,
8733848,Makayi Makayi,ZAM,M,,,,1751,0,40,AUG25,1990,
8714843,Makoba Joseph,ZAM,M,,,,1904,0,20,AUG25,1990,
8711330,Makumbi Texon,ZAM,M,,,,1713,0,40,AUG25,1986,i
8704635,"Makwaya, Kiddy",ZAM,M,,,,2033,8,20,AUG25,1972,
8729301,Makwaza Niza,ZAM,M,,,,1711,0,40,AUG25,2004,i
8714851,Malama Kenneth,ZAM,M,,,,1916,0,20,AUG25,1989,
8710759,Malama Richard,ZAM,M,,,,1867,0,40,AUG25,1989,i
8719314,Malama Vincent,ZAM,M,,,,1752,0,40,AUG25,1982,i
8711259,Malambo Abigail,ZAM,F,,,,1578,0,40,AUG25,1987,wi
8718563,Malambo Chimuka,ZAM,M,,,,1826,0,40,AUG25,1988,i
8733325,Malambo Conrad,ZAM,M,,,,1789,0,40,AUG25,1993,
8707073,Malambo Engelbert,ZAM,M,,,,1947,0,20,AUG25,1998,i
8716250,Malambo Joe Libando,ZAM,M,,,,1641,0,40,AUG25,2001,i
8704643,"Malambo, Thulani",ZAM,M,,,,1932,0,40,AUG25,1985,i
8714860,Malichi Kennedy,ZAM,M,,,,1986,0,40,AUG25,1995,i
8705666,"Malosa, Perkins",ZAM,M,,,,1881,0,40,AUG25,0,i
8708363,Malwa Nswana,ZAM,M,,,,1879,0,20,AUG25,2004,i
8722463,Manase Musonga,ZAM,M,,,,1908,0,40,AUG25,1998,i
8701466,"Manase, Musona",ZAM,M,,,,1947,0,20,AUG25,1996,i
8722129,Manda Suvie,ZAM,M,,,,1702,0,40,AUG25,1986,i
8722226,Mandona Emmanuel,ZAM,M,,,,1869,0,40,AUG25,2002,
8722137,Mangani Dalisto,ZAM,M,,,,1696,0,40,AUG25,1990,i
8704767,"Mangani, Happy J",ZAM,M,,,,1893,0,20,AUG25,1988,
8723702,Mano Innocent,ZAM,M,,,,1916,0,20,AUG25,2005,
8711488,Manzi Joseph,ZAM,M,,,,1671,0,40,AUG25,1984,i
8719420,Maoka Chella Taizya,ZAM,M,,,,1737,0,40,AUG25,2000,i
8723028,Mapalo Chibale,ZAM,M,,,,1802,0,40,AUG25,2002,i
8713472,Mapalo Daniel,ZAM,M,,,,1825,0,40,AUG25,1986,
8711771,Mapulanga Golden,ZAM,M,,,,1693,0,20,AUG25,1980,
8713057,Mapulanga Sydney,ZAM,M,,,,1754,0,40,AUG25,1980,i
8704317,"Mary, Mashane",ZAM,F,,FA,,1521,3,20,AUG25,1994,w
8709459,Masautso Phiri,ZAM,M,,,,1963,0,40,AUG25,1985,i
8708134,"Masebo, Kupasha",ZAM,M,,,,1849,0,20,AUG25,0,i
8728577,Masenke Jasper,ZAM,M,,,,1709,0,40,AUG25,1999,
8707235,Mashabe Kelvin,ZAM,M,,,,1948,0,40,AUG25,1981,i
8731780,Masheke Joel,ZAM,M,,,,1793,0,40,AUG25,1999,
8721653,Mashonga Kaseba Agness,ZAM,F,,,,1549,0,40,AUG25,1999,wi
8708789,Masikini Cornelius,ZAM,M,,,,2104,8,20,AUG25,1999,
8728763,Master Himaksh Choudhary,ZAM,M,,,,1425,0,40,AUG25,2015,
8712115,Matanda Jonas,ZAM,M,,,,1602,0,40,AUG25,2000,
8726507,Matanga Kawala,ZAM,M,,,,1713,0,40,AUG25,1996,
8707510,Mate Emmanuel,ZAM,M,,,,1940,6,20,AUG25,1986,
8716307,Mate Stephen,ZAM,M,,,,1891,0,40,AUG25,1988,i
8734186,Matomola Mundia,ZAM,M,,,,1675,0,40,AUG25,1996,
8712360,Mawachi Huxwell Kim,ZAM,M,,,,1828,0,40,AUG25,1980,i
8709696,Max Sakala,ZAM,M,,,,1561,0,40,AUG25,2002,i
8700419,"Mayani, Bridget",ZAM,F,,,,1602,0,20,AUG25,1994,wi
8706425,"Mayimbo, Clement",ZAM,M,,,,2047,0,20,AUG25,1987,
8710570,Mayoche Monica,ZAM,F,,,,1551,0,20,AUG25,1996,w
8729182,Mazimba John,ZAM,M,,,,1856,0,40,AUG25,2000,i
8714690,Mbambara Sylvester,ZAM,M,,,,1726,0,40,AUG25,1967,i
8700184,"Mbambara, Tizenge",ZAM,M,,,,2084,0,40,AUG25,1979,i
8710635,Mbao James Jimmy,ZAM,M,,,,1844,0,20,AUG25,1990,
8713812,Mbao Obed,ZAM,M,,,,1724,0,40,AUG25,1992,i
8704945,"Mbao, Chrispin",ZAM,M,,,,1802,0,40,AUG25,1983,i
8700591,"Mbatha, Constance",ZAM,F,WFM,WFM,,1774,13,20,AUG25,1986,w
8717141,Mbaulu Aaron,ZAM,M,,,,1774,0,40,AUG25,1987,
8712514,Mbewe Chisomo,ZAM,M,,,,1841,0,40,AUG25,1996,i
8713480,Mbewe Ignitious,ZAM,M,,,,1814,0,40,AUG25,1986,
8726876,Mbewe Sangulikani,ZAM,M,,,,1761,0,40,AUG25,2000,i
8702993,"Mbewe, Anna",ZAM,F,,,,1659,0,40,AUG25,1995,wi
8722951,Mbilika Edmound,ZAM,M,,,,1656,0,20,AUG25,1980,
8722145,Mbita Thema,ZAM,M,,,,1764,0,40,AUG25,1983,i
8723095,Mbulo Kennedy,ZAM,M,,,,1730,0,20,AUG25,2005,
8711046,Mbulo P. Kasuba,ZAM,M,,,,2025,0,20,AUG25,1994,
8730830,Medai David,ZAM,M,,,,1662,0,40,AUG25,2001,
8711470,Meleka Joseph,ZAM,M,,,,1854,0,20,AUG25,1995,
8708258,Melody Mailo,ZAM,M,,,,1915,0,40,AUG25,1983,i
8725446,Mendulo Cynthia,ZAM,F,,,,1479,0,40,AUG25,1996,wi
8708312,Meya Indala,ZAM,M,,,,1881,0,20,AUG25,1996,i
8724407,Mhlanga Happy,ZAM,M,,,,1896,0,40,AUG25,2003,i
8709890,Mike Mwale,ZAM,M,,,,1932,0,40,AUG25,1983,
8727171,Mikosa Lubinda,ZAM,M,,,,1842,0,20,AUG25,2001,
8704325,"Mikula, Chanda",ZAM,M,,,,1932,0,40,AUG25,1972,i
8718393,Milambo Francis,ZAM,M,,,,1697,0,40,AUG25,1988,i
8704961,"Milukutu, Sydney",ZAM,M,,,,1927,0,40,AUG25,0,i
8713065,Mirinzi Remy,ZAM,M,,,,1765,0,40,AUG25,1997,i
8724059,Miselo Jonas,ZAM,M,,,,1771,0,40,AUG25,2001,i
8707243,Mistala Birone,ZAM,M,,,,1706,0,40,AUG25,1977,i
8713499,Miti Gerrald,ZAM,M,,,,2006,0,20,AUG25,1997,
8733961,Mkandawire Francis,ZAM,M,,,,1617,11,40,AUG25,2001,
8718318,Mkandawire Samuel,ZAM,M,,,,1740,0,40,AUG25,2008,
8718326,Mkandawire Samuel Mpunga,ZAM,M,,,,1697,0,20,AUG25,1980,i
8714886,Mkandawire Simon,ZAM,M,,,,1672,0,40,AUG25,1994,i
8708215,Modwell Mukumbi,ZAM,M,,,,1906,0,20,AUG25,1992,i
8712379,Mofya Joseph,ZAM,M,,FI,,1834,0,20,AUG25,1984,
8726868,Mofya Stephen,ZAM,M,,,,2082,0,40,AUG25,2007,
8718946,Moola Fidelis,ZAM,M,,,,1812,0,40,AUG25,1986,i
8719322,Moola Samuel,ZAM,M,,,,1817,0,40,AUG25,1988,i
8729760,Moonga Kizito,ZAM,M,,,,1840,0,40,AUG25,1985,i
8718598,Moono Marvin,ZAM,M,,,,1785,0,40,AUG25,1983,i
8727015,Moose Emily,ZAM,F,,,,1489,0,40,AUG25,2001,wi
8729310,Mpanda Mutakwa,ZAM,M,,,,1721,0,40,AUG25,1983,i
8728100,Mpande Sabe,ZAM,M,,,,1700,0,40,AUG25,1993,i
8703965,"Mpanga, Kasao",ZAM,M,,,,1968,0,20,AUG25,1984,i
8703973,"Mpangala, Gilbert",ZAM,M,,,,1891,0,20,AUG25,1986,i
8719330,Mpansaila Ben,ZAM,M,,,,1939,0,40,AUG25,1999,i
8724156,Mpansaile Ben,ZAM,M,,,,1883,0,40,AUG25,1999,i
8712425,Mpasu Chola,ZAM,M,,,,1780,0,40,AUG25,1997,
8707251,Mpundu Frank,ZAM,M,,,,2050,0,40,AUG25,1980,
8714495,Mpundu Mwansa,ZAM,M,,,,1699,0,40,AUG25,1997,i
8700206,"Mtine, Joy",ZAM,F,,,,1740,0,20,AUG25,1963,wi
8714037,Mtonga Augustine,ZAM,M,,,,2151,0,20,AUG25,2001,
8711267,Mtonga Rajab,ZAM,M,,,,1804,0,20,AUG25,1976,i
8728232,"Mtonga, Wamulume",ZAM,M,,,,1677,0,40,AUG25,1989,i
8711240,Mubanga Chanda Patrick,ZAM,M,,,,2011,0,20,AUG25,1982,
8728186,Mubanga Mwansa,ZAM,M,,,,1705,0,40,AUG25,1999,
8708819,Mubanga Prosper,ZAM,M,,,,1846,0,20,AUG25,2000,
8717028,Mubanga Remmy,ZAM,M,,,,1880,0,40,AUG25,1996,i
8734160,Mubanga Shadrec Chola,ZAM,M,,,,1704,0,40,AUG25,1982,
8701768,"Mubanga, Mwandu",ZAM,M,,,,1987,0,20,AUG25,1985,
8713510,Mubita Chikamba,ZAM,M,,,,1799,0,40,AUG25,1988,i
8719438,Mubita Fredrick,ZAM,M,,,,1847,0,20,AUG25,1982,i
8713073,Mubita Leviticus,ZAM,M,,,,1879,0,40,AUG25,1980,i
8704333,"Mubita, Mwangelwa",ZAM,M,,,,1966,0,20,AUG25,1990,
8704341,"Mubukwanu, Emmanuel",ZAM,M,,,,1951,0,20,AUG25,1978,i
8730415,Muchampa William,ZAM,M,,,,1628,0,40,AUG25,1998,
8718601,Muchenje Hartley,ZAM,M,,,,1794,0,40,AUG25,1981,
8718776,Muchimba Eusebias,ZAM,M,,,,1806,0,40,AUG25,1991,i
8708371,Muchindo Daniel,ZAM,M,,,,1888,0,20,AUG25,1985,i
8719349,Muchinshi Chabu,ZAM,M,,,,1591,0,40,AUG25,1984,i
8718555,Mudenda Daniel,ZAM,M,,,,1830,0,40,AUG25,1988,i
8723486,Mudenda Mangwezi,ZAM,M,,,,1791,0,40,AUG25,1988,i
8724075,Mudenda Morris,ZAM,M,,,,1644,0,40,AUG25,1997,i
8711453,Mudima Ocient,ZAM,M,,FA,,1938,0,40,AUG25,1980,i
8722790,Mudolo Solomon,ZAM,M,,,,1777,0,40,AUG25,1992,i
8723460,Mufana Hunter,ZAM,M,,,,1744,0,40,AUG25,1984,i
8724342,Mugala Thandy,ZAM,F,,,,1645,0,40,AUG25,2000,wi
8712387,Muhongo Nixon,ZAM,M,,,,1878,0,20,AUG25,2000,
8729620,Mujajati Andrew,ZAM,M,,,,1894,0,40,AUG25,1985,
8705437,"Mukali, Mwaka",ZAM,M,,,,1858,0,40,AUG25,1989,i
8704350,"Mukanka, Botha",ZAM,M,,,,1864,0,20,AUG25,0,
8718717,Mukelabai Nawa,ZAM,M,,,,1814,0,40,AUG25,1975,i
8704368,"Mukonde, Darius",ZAM,M,,,,1997,9,20,AUG25,1976,
8713081,Mukosha Bwalya,ZAM,M,,,,1622,0,40,AUG25,2000,i
8707413,Mukosha Joshua,ZAM,M,,,,2132,0,20,AUG25,1995,
8724563,Mukosi Maboshe,ZAM,M,,,,1743,0,40,AUG25,1987,i
8726680,Mukuka Kaoma,ZAM,M,,,,1770,0,40,AUG25,2001,
8707049,Mukupa Taimon,ZAM,M,,,,1924,0,40,AUG25,1981,i
8702136,"Mukupa, Stephen",ZAM,M,,,,1951,0,40,AUG25,1971,i
8707804,Mukutu Sydney,ZAM,M,,,,1777,0,40,AUG25,1974,i
8710708,Mukuwa Kelvin,ZAM,M,,,,1876,0,20,AUG25,1977,i
8716528,Mukwabila Kelvin,ZAM,M,,,,1849,0,40,AUG25,1995,i
8700842,"Mulauzi, Joshua",ZAM,M,,,,1955,0,20,AUG25,1996,
8723052,Mulaya Kasongo,ZAM,M,,,,1682,0,40,AUG25,1990,i
8724296,Mulema Benjamin,ZAM,M,,,,1769,0,40,AUG25,1983,i
8713529,Mulemfwe Chanda,ZAM,M,,,,1714,0,40,AUG25,1991,
8713537,Mulemfwe Peter,ZAM,M,,,,1856,0,40,AUG25,1996,i
8704660,"Mulenga , Brian",ZAM,M,,,,1966,0,20,AUG25,1979,i
8724040,Mulenga Benard,ZAM,M,,,,1884,0,40,AUG25,2004,i
8714908,Mulenga Benjamin,ZAM,M,,NA,,1920,6,20,AUG25,1978,
8718423,Mulenga Bwalya,ZAM,M,,,,2000,0,20,AUG25,1989,
8707383,Mulenga Chileshe Rapheal,ZAM,M,CM,,,1932,0,20,AUG25,1999,i
8724350,Mulenga Geoffrey,ZAM,M,,,,1773,0,40,AUG25,1976,i
8724857,Mulenga Hassan,ZAM,M,,,,1582,0,40,AUG25,1990,
8730598,Mulenga Mumba,ZAM,M,,,,1814,0,40,AUG25,1995,
8711801,Mulenga Mwila,ZAM,M,,,,1791,0,40,AUG25,1992,i
8723290,Mulenga Victor,ZAM,M,,,,1794,0,40,AUG25,1998,i
8705160,"Mulenga, Alfred",ZAM,M,,,,1938,0,20,AUG25,1977,i
8703183,"Mulenga, Emmanuel",ZAM,M,,,,1773,0,40,AUG25,1993,i
8705178,"Mulenga, Gerrand",ZAM,M,,,,1836,0,20,AUG25,1966,i
8702144,"Mulenga, Peter",ZAM,M,,,,1871,0,20,AUG25,1980,i
8701776,"Mulenga, Prince Daniel",ZAM,M,FM,,,2206,0,20,AUG25,1992,
8701784,"Mulenga, Titus",ZAM,M,,,,1926,0,20,AUG25,1979,i
8712735,Muleya Franklin,ZAM,M,,,,1884,0,20,AUG25,1989,
8718547,Muleya Neto,ZAM,M,,,,1741,0,40,AUG25,1981,i
8724806,Mulilandula Enock,ZAM,M,,,,1881,0,40,AUG25,2000,i
8722838,Mulimbika Golden,ZAM,M,,,,1669,0,40,AUG25,1977,i
8728500,Mulmfwe Ezekiel,ZAM,M,,,,1759,0,40,AUG25,2000,i
8718806,Mulonda Bright,ZAM,M,,,,1937,0,40,AUG25,1973,i
8702152,"Mulonda, Simon",ZAM,M,,,,1794,0,40,AUG25,0,i
8707570,Mulubwa Bright,ZAM,M,,,,1785,0,40,AUG25,1991,i
8706921,Mululu Linah,ZAM,F,,,,1763,0,20,AUG25,1982,w
8705186,"Mululu, Arnold",ZAM,M,,,,1980,0,20,AUG25,1984,
8705720,Muma Vernon,ZAM,M,,,,1968,0,20,AUG25,1976,i
8722420,Mumba Abiud,ZAM,M,,,,1860,0,20,AUG25,1988,
8707871,Mumba Bwalya,ZAM,M,,,,1842,0,40,AUG25,1985,i
8727090,Mumba Chalwe Samson,ZAM,M,,,,1659,0,40,AUG25,1999,i
8719357,Mumba Elijah,ZAM,M,,,,1928,0,20,AUG25,1991,
8721963,Mumba Mabvuto,ZAM,M,,,,1715,0,40,AUG25,2000,i
8711666,Mumba Omen,ZAM,M,,,,1812,0,40,AUG25,2002,i
8710775,Mumba Patrick,ZAM,M,,,,1831,0,40,AUG25,1996,i
8716447,Mumba Samuel,ZAM,M,,,,2067,0,20,AUG25,2003,
8704376,"Mumba, Andrew",ZAM,M,,,,1667,0,40,AUG25,1993,i
8702160,"Mumba, Micheal",ZAM,M,,,,1844,0,20,AUG25,1986,i
8713090,Mumbela Saviour,ZAM,M,,,,1817,0,40,AUG25,1989,i
8728127,Mumbi Lombe,ZAM,M,,,,1891,0,40,AUG25,2004,
8710384,Mundanya Matanda,ZAM,M,,,,1835,0,40,AUG25,2000,i
8721629,Mundundu Collins,ZAM,M,,,,1909,0,20,AUG25,1990,i
8700680,"Munenga, Douglas D",ZAM,M,FM,,,2359,0,20,AUG25,1993,
8704708,"Munshya, Kenson",ZAM,M,,,,1669,0,40,AUG25,0,i
8719365,Munthali Davy,ZAM,M,,,,1720,0,40,AUG25,1986,i
8729433,Munyinda Tumelo,ZAM,M,,,,1570,0,40,AUG25,2012,
8716161,Mupeta Blessed,ZAM,M,,,,1935,0,20,AUG25,1998,
8706166,Mupota Robert Chilufya,ZAM,M,,,,1964,0,20,AUG25,1991,
8709246,Musa Bwalya,ZAM,M,,,,1721,0,40,AUG25,1996,i
8729344,Musaba Frank,ZAM,M,,,,1739,0,40,AUG25,1999,i
8707790,Musaba John,ZAM,M,,,,1803,0,40,AUG25,1994,i
8707065,Musaba Justin,ZAM,M,,,,1893,0,20,AUG25,1980,i
8710619,Musabandesu Justin,ZAM,M,,,,1825,12,20,AUG25,1985,
8714924,Musaninde Mbewe,ZAM,M,,,,1871,0,40,AUG25,1992,i
8718415,Musanje Elliot,ZAM,M,,,,1710,0,40,AUG25,1987,i
8701792,"Musanje, Rapheal",ZAM,M,,,,1839,0,20,AUG25,0,
8721270,Musemvu Persistance,ZAM,M,,,,1597,0,40,AUG25,2007,i
8704384,"Musende, Gershom",ZAM,M,,,,1995,0,20,AUG25,1976,
8713103,Musenge Ngandu,ZAM,M,,,,1793,0,40,AUG25,1999,
8705003,"Musenge, Humphrey",ZAM,M,,,,1743,0,40,AUG25,1962,i
157104993,"MUSHAMBI, PERCY",ZAM,M,,,,1907,0,40,AUG25,1975,
8730431,Mushiba Ndalamei,ZAM,M,,,,1978,0,40,AUG25,2002,
8730466,Mushinga Tatenda,ZAM,M,,,,1933,0,40,AUG25,1990,i
8701806,"Mushipi, Justin",ZAM,M,,,,1878,0,20,AUG25,1987,i
8731454,Musonda Bupe,ZAM,M,,,,1570,0,40,AUG25,2000,
8724091,Musonda Chibwe,ZAM,M,,,,1864,0,40,AUG25,1997,
8706050,Musonda Chola,ZAM,M,FM,,,2166,17,20,AUG25,2000,
8713545,Musonda Collins,ZAM,M,,,,1800,0,40,AUG25,2000,i
8722773,Musonda Cuthbert,ZAM,M,,,,1660,0,40,AUG25,1980,i
8733147,Musonda Ernest,ZAM,M,,,,1664,0,40,AUG25,1997,
8728135,Musonda Godjones,ZAM,M,,,,1907,0,20,AUG25,2001,
8729352,Musonda Kennedy,ZAM,M,,,,1660,0,40,AUG25,1964,i
8708800,Musonda Salimu,ZAM,M,,,,2022,0,40,AUG25,1998,i
8724270,Musonda Steven,ZAM,M,,,,1768,0,40,AUG25,2002,
8703990,"Musonda, Brian",ZAM,M,,,,1962,0,20,AUG25,1985,i
8706247,"Musonda, Elias",ZAM,M,,,,2015,0,20,AUG25,1998,
8717150,Musonge Perry,ZAM,M,,,,1836,0,40,AUG25,1998,
8714347,Musongole Brave,ZAM,M,,,,1806,0,40,AUG25,1994,i
8714517,Musuku Noddy,ZAM,M,,,,1947,0,20,AUG25,1999,i
8714932,Musumuko Wezi,ZAM,M,,,,1683,0,40,AUG25,2000,i
8701814,"Mutakwa, Augustine",ZAM,M,,,,1814,0,20,AUG25,1984,
8710694,Mutale Derrick,ZAM,M,,,,1747,0,40,AUG25,1982,i
8709360,Mutale Godfrey,ZAM,M,,,,1829,0,40,AUG25,1977,i
8713111,Mutale John,ZAM,M,,,,1806,0,40,AUG25,1976,i
8729964,Mutale Mumba Janelle,ZAM,F,,,,1529,16,40,AUG25,2016,w
8700524,"Mutale, Michael M",ZAM,M,,,,1966,0,40,AUG25,1985,i
8701822,"Mutambo, Ashley",ZAM,M,,,,1956,0,20,AUG25,1984,
8702462,"Mutambo, Webster",ZAM,M,,,,1964,0,20,AUG25,1989,
8713553,Mutayomba Mwila,ZAM,M,,,,1817,0,40,AUG25,1984,i
8713120,Muthali Adrian,ZAM,M,,,,1806,0,40,AUG25,1990,i
8724555,Mutinda Gabriel,ZAM,M,,,,1698,0,40,AUG25,2004,
8724512,Mutonga Wamulume,ZAM,M,,,,1765,0,40,AUG25,1989,i
8701849,"Mutuna, Chama",ZAM,M,,,,1818,0,40,AUG25,0,
8704120,"Mututubanya, Portiah",ZAM,F,,NA,,1737,0,20,AUG25,1994,w
8701857,"Muunga, Peter",ZAM,M,,,,1860,0,40,AUG25,0,i
8712484,Muwowo Emmanuel,ZAM,M,,,,1962,0,40,AUG25,1987,
8710813,Muwowo Fedson,ZAM,M,,,,1816,0,40,AUG25,1989,i
8724873,Muyambango Misheck,ZAM,M,,,,1840,0,40,AUG25,1995,i
8701326,"Muyangana, Maureen",ZAM,F,,,,1672,0,40,AUG25,1999,wi
8725373,Muyawa Nanda,ZAM,M,,,,1725,0,40,AUG25,1997,i
8705194,"Muyenga, Bright",ZAM,M,,,,2035,0,20,AUG25,1982,
8714100,Muyunda Joshua,ZAM,M,,,,1755,0,40,AUG25,1999,i
8713146,Muzazu Mwewa,ZAM,M,,,,1807,0,40,AUG25,2000,i
8705500,"Mvale, Isaak",ZAM,M,,,,1856,0,40,AUG25,1990,i
8732531,Mvula Mcgerald,ZAM,M,,,,1667,0,40,AUG25,1975,
8718733,Mvula Micheal,ZAM,M,,,,1764,0,40,AUG25,1994,i
8733430,Mwafulilwa Towera,ZAM,F,,,,1473,0,40,AUG25,2002,w
8727279,Mwala Rita,ZAM,F,,,,1455,0,40,AUG25,2011,wi
8712450,Mwale Billy,ZAM,M,,,,1702,0,40,AUG25,1987,i
8722820,Mwale Madalisto,ZAM,M,,,,1724,0,40,AUG25,2002,i
8724954,Mwale Mathews,ZAM,M,,,,1701,0,40,AUG25,1978,
8706271,"Mwale, Douglas",ZAM,M,,,,1899,0,20,AUG25,1990,i
8703299,"Mwale, Naomi",ZAM,F,,,,1798,12,20,AUG25,2005,w
8703302,"Mwale, Samuel",ZAM,M,,,,1937,0,20,AUG25,2002,
8700265,"Mwali, Chitumbo",ZAM,M,IM,,,2365,0,20,AUG25,1986,
8728518,Mwamba Geofrey,ZAM,M,,,,1693,0,20,AUG25,1995,
8710511,Mwambanya Mukwemba Stephen,ZAM,M,,,,1662,0,20,AUG25,1976,
8717168,Mwambu Chiyangi,ZAM,M,,,,1734,0,40,AUG25,1981,
8711313,Mwanahamuntu Chinyama,ZAM,F,,,,1423,0,40,AUG25,2008,wi
8712760,Mwanawasa Henry,ZAM,M,,,,1616,0,40,AUG25,1982,
8724610,Mwangelwa Emmanuel,ZAM,M,,,,1606,0,40,AUG25,2000,i
8700478,"Mwango , Lorita",ZAM,F,WFM,WFM,,1941,0,20,AUG25,1994,wi
8712395,Mwango Christantous,ZAM,M,,,,1766,0,40,AUG25,1995,i
8711496,Mwangwewo Victor,ZAM,M,,,,1827,0,40,AUG25,1964,i
8716722,Mwansa Derrick,ZAM,M,,,,1815,0,40,AUG25,1983,
8726019,Mwansa Eustance,ZAM,M,,,,1825,0,40,AUG25,2003,
8708720,Mwansa Job,ZAM,M,,,,1749,0,40,AUG25,1987,i
8729905,Mwansa Karen,ZAM,F,,,,1491,0,40,AUG25,2003,w
8713154,Mwansa Malama,ZAM,M,,,,1964,0,20,AUG25,1983,
8728666,Mwansa Natasha,ZAM,F,,,,1538,2,40,AUG25,2003,w
8730857,Mwansa sambo,ZAM,M,,,,1563,0,40,AUG25,2004,
8713375,Mwansa Sebastian,ZAM,M,,,,1793,0,40,AUG25,1975,i
8708584,Mwansa Shadreck,ZAM,M,,,,1638,0,20,AUG25,1983,i
8716560,Mwansa Shadrick,ZAM,M,,,,1773,0,40,AUG25,1991,
8701873,"Mwansa, Mambwe",ZAM,M,,,,2012,0,20,AUG25,1978,
8705674,"Mwansa, Patrick",ZAM,M,,,,1930,0,20,AUG25,1988,i
8701881,"Mwansa, Richard",ZAM,M,,,,1998,0,20,AUG25,1975,i
8705208,"Mwansa, Webster",ZAM,M,,,,1955,0,40,AUG25,0,
8705518,Mwanza Christopher,ZAM,M,,,,1925,0,40,AUG25,1988,i
8710821,Mwanza Daniel,ZAM,M,,,,1909,0,20,AUG25,1980,
8707596,Mwanza George,ZAM,M,,,,1731,0,40,AUG25,1995,i
8734208,Mwanza Jacob,ZAM,M,,,,1734,0,40,AUG25,1996,
8724776,Mwanza Kalunga,ZAM,M,,,,1650,0,40,AUG25,1986,i
8723435,Mwanza Kango,ZAM,M,,,,1761,0,40,AUG25,1976,i
8722153,Mwanza Kennedy,ZAM,M,,,,1908,0,40,AUG25,1988,i
8712476,Mwanza Kingsley,ZAM,M,,,,2047,0,40,AUG25,1992,
8708932,Mwanza Mabvuto,ZAM,M,,,,1820,0,40,AUG25,1984,
8715092,Mwanza Reuben,ZAM,M,,,,1894,0,40,AUG25,1970,i
8706859,Mwanza Samuel,ZAM,M,,,,1894,0,20,AUG25,1982,i
8704406,"Mwanza, Brian",ZAM,M,,,,1753,0,20,AUG25,1980,
8708886,Mwape Dennis,ZAM,M,,,,2015,0,20,AUG25,1987,
8723834,Mwape Enerst,ZAM,M,,,,1762,0,40,AUG25,2005,i
8714720,Mwape Jerry,ZAM,M,,,,1785,0,40,AUG25,1964,
8714940,Mwape Leonard,ZAM,M,,,,1975,0,40,AUG25,1995,i
8713162,Mwape Mwewa,ZAM,M,,,,1960,0,20,AUG25,2001,
8705453,"Mwape, William",ZAM,M,,,,2085,0,20,AUG25,1992,
8718920,Mweemba Albert,ZAM,M,,,,1876,0,40,AUG25,1982,
8721980,Mweetwa Fredah,ZAM,F,,,,1834,0,40,AUG25,2007,wi
8722021,Mweetwa Vernon,ZAM,M,,NA,,1717,0,40,AUG25,1981,
8723060,Mweetwa Victoria,ZAM,F,,,,1551,3,40,AUG25,2010,w
8729891,Mwekama Davies,ZAM,M,,,,1801,0,40,AUG25,2008,
8727384,Mwelwa Chikwanda,ZAM,M,,,,1785,0,40,AUG25,1993,i
8733880,Mwelwa Jacob,ZAM,M,,,,1753,0,40,AUG25,1988,
8711690,Mwelwa Sharon,ZAM,F,,,,1455,0,40,AUG25,2002,wi
8713170,Mwenda John,ZAM,M,,,,1790,0,40,AUG25,1995,i
8708762,Mwenya Arthur,ZAM,M,,,,1867,0,20,AUG25,1984,
8725225,Mwenya Mwale Beauty,ZAM,F,,,,1511,0,40,AUG25,2003,w
8704716,"Mwenya, Oscar",ZAM,M,CM,,,2131,0,20,AUG25,1982,
8733155,Mwewa Brian,ZAM,M,,,,1753,0,40,AUG25,1982,
8733333,Mwewa Francis,ZAM,M,,,,1704,0,40,AUG25,1997,
8733163,Mwewa Richings,ZAM,M,,,,1693,0,40,AUG25,1993,
8728410,Mwewa Stephen,ZAM,M,,,,1722,0,40,AUG25,1999,
8700940,"Mwewa, Isabel",ZAM,F,,,,1607,0,40,AUG25,1997,wi
8728607,Mwikisa Mike,ZAM,M,,,,1870,0,40,AUG25,2002,
8711917,Mwila Kauseni,ZAM,M,,,,1951,0,20,AUG25,1986,
8710732,Mwila Victor,ZAM,M,,,,1857,0,40,AUG25,1979,i
8706670,"Mwila, Bupe",ZAM,M,,,,1654,0,40,AUG25,1993,i
8706298,"Mwilola, Phylis Namasiku",ZAM,F,WCM,WCM,,1681,0,20,AUG25,1990,w
8714959,Mwiya Victor,ZAM,M,,,,1795,0,40,AUG25,1995,i
8724598,Mzumara Pyela,ZAM,M,,,,1796,0,20,AUG25,1989,
8712158,Mzyeche Simon,ZAM,M,,,,1820,0,40,AUG25,1980,i
8721971,Nachula Natasha,ZAM,F,,,,1776,0,40,AUG25,2007,wi
8708924,Nakaonga Ireen,ZAM,F,,,,1602,0,40,AUG25,1992,wi
8727414,Nakuweza Joe,ZAM,M,,,,1929,0,40,AUG25,1977,i
8733228,Nali Malingi,ZAM,M,,,,1632,0,40,AUG25,1992,
8711011,Nalishebo Oscar,ZAM,M,,,,1801,0,20,AUG25,1989,i
8707758,Nalishebo Sitali,ZAM,M,,,,1832,0,40,AUG25,1988,i
8727341,Namasiku Hambayi,ZAM,F,,,,1442,0,40,AUG25,2007,wi
8726973,Namasiku Sindala,ZAM,F,,,,1430,0,40,AUG25,1998,w
8728836,Namiluko Phati,ZAM,M,,,,1657,4,40,AUG25,2012,
8732213,Namukuko Sally,ZAM,F,,,,1465,0,40,AUG25,2000,w
8726213,Namwai Alinuswe V,ZAM,F,,,,1574,6,40,AUG25,2010,w
8710597,Nchete Machenje,ZAM,M,,,,1702,0,40,AUG25,1988,i
8716633,Nchima Philip,ZAM,M,,,,1874,0,20,AUG25,1996,
8710856,Nchimunya Chilyabanyama,ZAM,M,,,,1657,0,40,AUG25,1991,i
8726132,Nchimunya Nchimunya,ZAM,M,,,,1692,0,40,AUG25,1984,i
8711950,Ncube Wilson,ZAM,M,,,,1696,0,40,AUG25,1997,i
8728348,Ndala Adonai,ZAM,M,,,,1588,0,40,AUG25,2011,
8713570,Ndawa Sinyandwa,ZAM,M,,,,1801,0,40,AUG25,1977,i
8707006,Ndhlovu Micheal,ZAM,M,,,,1955,0,20,AUG25,1989,
8710830,Ndhlovu Ottis,ZAM,M,,,,1873,0,40,AUG25,1994,i
8700109,"Ndhlovu, Lahende",ZAM,M,,,,2200,0,40,AUG25,1969,i
8721688,Ndlovu Dumisani,ZAM,M,,,,1963,0,20,AUG25,2001,
8728682,Ndlovu Luse,ZAM,F,,,,1516,0,40,AUG25,2004,wi
8724369,Ndombo Nicholas,ZAM,M,,,,1628,0,20,AUG25,1987,
8733171,Nduwa Andrew,ZAM,M,,,,1722,0,40,AUG25,1988,
8712409,Ngambi Aaron,ZAM,M,,,,1846,0,40,AUG25,1993,i
8733180,Ngambi Mpazi,ZAM,M,,,,1704,0,40,AUG25,1982,
8722706,Ngambi Vadin,ZAM,M,,,,1821,0,40,AUG25,1995,i
8711135,Ngambi Victor,ZAM,M,,NA,,1913,6,20,AUG25,1976,
8724970,Ngandu Chitende,ZAM,M,,,,1860,0,40,AUG25,1983,i
8731586,Ngandu Lucy Norie,ZAM,F,,,,1500,0,40,AUG25,1998,w
8731390,Ngandu Norie Lucy,ZAM,F,,,,1588,0,40,AUG25,1998,w
8713189,Ngandwe Maikalange,ZAM,M,,,,1857,0,20,AUG25,1994,i
8712263,Ngandwe William,ZAM,M,,,,1935,0,40,AUG25,1980,i
8719446,Ngenda Joshua,ZAM,M,,,,1692,0,40,AUG25,2000,i
8706999,Ngenda Promise,ZAM,M,,,,1824,0,40,AUG25,1980,i
8713197,Ngobola Frank,ZAM,M,,,,1876,0,40,AUG25,1989,
8711968,Ngoliya Brian,ZAM,M,,,,1881,0,40,AUG25,1995,i
8729212,Ngoma Elvis,ZAM,M,,,,1775,0,40,AUG25,1995,
8725004,Ngoma Joyce,ZAM,F,,,,1454,0,40,AUG25,2000,wi
8725012,Ngoma Mercy,ZAM,F,,,,1515,0,40,AUG25,2004,wi
8731438,Ngoma Mukwesa,ZAM,M,,,,1653,0,40,AUG25,1987,
8707138,Ngoma Sobuza,ZAM,M,,,,1900,0,20,AUG25,1984,
8705461,"Ngoma, Isaac",ZAM,M,,,,1723,0,20,AUG25,2000,
8731659,Ngomi Charles,ZAM,M,,,,1730,0,40,AUG25,1978,
8708266,Ngomi Henry Chambula,ZAM,M,,,,2040,0,20,AUG25,1986,
8728526,Ngonda Licacha,ZAM,M,,,,1716,0,40,AUG25,1967,i
8701890,Ngonga Bornface,ZAM,M,,,,2095,0,20,AUG25,1987,
8721998,Ngonga Petros,ZAM,M,,,,1900,0,40,AUG25,2006,i
8708223,Ngosa Sebastian,ZAM,M,,,,1972,0,20,AUG25,1987,
8733341,Ngozo Godfrey,ZAM,M,,,,1759,0,40,AUG25,1998,
8710554,Ngulube Dorothy,ZAM,F,,,,1604,0,40,AUG25,1996,wi
8707278,Ngulube Stanley,ZAM,M,,,,1813,0,20,AUG25,1964,i
8713731,Nguni Phillip,ZAM,M,,,,1827,0,40,AUG25,1971,i
8714657,Nguni Sarah,ZAM,F,,,,1758,0,40,AUG25,2008,wi
8704422,"Ngwale, Philimino",ZAM,M,,,,1840,0,40,AUG25,1961,i
8712492,Ngwila Nezala,ZAM,M,,,,1835,0,20,AUG25,1982,
157200004,"Nindi, Edgar",ZAM,M,,,,1789,0,40,AUG25,1988,i
8708614,Niza Chilingwe,ZAM,F,,,,1654,0,20,AUG25,2000,w
8713588,Njamba Reuben,ZAM,M,,,,1869,0,40,AUG25,1972,i
8707537,Njapau Dennis,ZAM,M,,,,1874,0,40,AUG25,1995,
8712182,Njovu Henry,ZAM,M,,,,1746,0,40,AUG25,1979,i
8707260,Njovu Kondwelani,ZAM,M,,,,1847,0,20,AUG25,1976,
8718903,Njovu Mwandu Christopher,ZAM,M,,,,1733,0,40,AUG25,1966,i
8704430,"Nkata, Henry",ZAM,M,,,,1807,0,40,AUG25,0,i
8722811,Nkhata Harrison,ZAM,M,,,,1765,0,40,AUG25,1961,
8722803,Nkhata Henry,ZAM,M,,,,1983,0,40,AUG25,1989,i
8716498,Nkhoma Cephas Lyson,ZAM,M,,,,1849,0,40,AUG25,1986,
8719373,Nkhoma David,ZAM,M,,,,1707,0,40,AUG25,1995,i
8734178,Nkhoma Jerry Chipekwe,ZAM,M,,,,1626,0,40,AUG25,1993,
8722625,Nkhoma Musa,ZAM,M,,,,1884,0,40,AUG25,1994,i
8707286,Nkhupi Robert,ZAM,M,,,,1779,0,20,AUG25,1975,
8711976,Nkhuwa Joshua,ZAM,M,,,,1978,0,20,AUG25,1994,
8710180,Nkhuwa Nathan,ZAM,M,,,,1815,0,40,AUG25,1990,i
8713014,Nkokola Ngulube,ZAM,M,,,,1929,0,20,AUG25,1990,i
8701903,"Nkole, Mubanga",ZAM,M,,,,1935,0,40,AUG25,1992,i
8713200,Nkoloma Nevers,ZAM,M,,,,1816,0,40,AUG25,1995,i
8713219,Nkunika Dumisani,ZAM,M,,,,1667,0,40,AUG25,1999,
8718610,Nkwanda Jonathan,ZAM,M,,,,1923,0,40,AUG25,1988,i
8714525,Nosiku Muyunda,ZAM,M,,,,1867,0,20,AUG25,1978,
8700532,"Nsakanya, Chanda",ZAM,M,,LSI,,1965,0,20,AUG25,1974,
8707294,Nsanganyi Mutute,ZAM,M,,,,1843,0,40,AUG25,1994,i
8719543,Nsele Nedson,ZAM,M,,,,1851,0,40,AUG25,2002,i
8707707,Nshikokola Christabel,ZAM,F,,,,1463,0,40,AUG25,1995,wi
8707626,Nshikokola Karen,ZAM,F,,,,1437,0,40,AUG25,1990,wi
8705992,Nshikokola Mutema,ZAM,F,,,,1475,0,20,AUG25,2006,wi
8707367,Nshikokola Precious,ZAM,F,,,,1456,4,20,AUG25,1989,w
8709700,Nshikokola Zangowanachipwila,ZAM,F,WCM,WCM,,1450,2,20,AUG25,2006,w
8706310,"Nshikokola, Ericho",ZAM,M,,,,1729,0,20,AUG25,1967,
8703442,"Nshikokola, Mapalo",ZAM,M,,,,1808,0,20,AUG25,1999,
8703450,"Nshikokola, Mutailenu",ZAM,M,FM,,,1875,0,20,AUG25,2001,i
8706328,"Nshikokola, Philip",ZAM,M,,,,1860,0,20,AUG25,1986,
8718474,Nshimbi Rodrick,ZAM,M,,,,1865,0,40,AUG25,1987,i
8711437,Nsofwa Mando,ZAM,M,,,,1854,0,40,AUG25,1985,i
8723249,Nsokolo Nabby,ZAM,M,,,,1778,0,40,AUG25,1990,i
8727236,Ntanda Brighton,ZAM,M,,,,1820,0,40,AUG25,1985,i
8729379,Nthanda Brighton,ZAM,M,,,,1737,0,40,AUG25,2002,
8732493,Nthani Brian,ZAM,M,,,,1822,0,40,AUG25,1984,
8719381,Nthani Paul,ZAM,M,,,,1627,0,40,AUG25,2000,i
8700915,"Nyambe, Maketo",ZAM,M,CM,,,2108,0,20,AUG25,1992,
8711984,Nyendwa John,ZAM,M,,,,1821,0,20,AUG25,1984,i
8700567,"Nyimbili, Dalington",ZAM,M,CM,,,1945,0,20,AUG25,1996,
8718431,Nyirenda Kalenge,ZAM,M,,,,1782,0,40,AUG25,1999,i
8713596,Nyirenda Kennedy,ZAM,M,,,,1663,0,40,AUG25,2000,i
8713600,Nyirenda King Elliot,ZAM,M,,,,1725,0,40,AUG25,1976,i
8722919,Nyirenda Nashion,ZAM,M,,,,1702,0,40,AUG25,1993,i
8731616,Nyirenda Temwani,ZAM,M,,,,1926,0,40,AUG25,1989,
8730873,Nyirenda Thomas,ZAM,M,,,,1750,0,40,AUG25,2002,
8723443,Nyirenda William,ZAM,M,,,,1910,0,40,AUG25,2000,
8704139,"Nyirenda, Alick",ZAM,M,,,,2000,0,20,AUG25,1992,
8712204,Nyoni Tembwe,ZAM,M,,,,1597,0,40,AUG25,1994,
8711348,Nyundu Rabecca,ZAM,F,,,,1463,0,40,AUG25,1998,wi
8732892,Nzazi Daniel,ZAM,M,,,,1855,0,40,AUG25,2000,
8707545,Omaling Oogu,ZAM,M,,,,1907,0,20,AUG25,1995,
8728143,Omar Rafik,ZAM,M,,,,1638,0,40,AUG25,2000,i
8703523,"Palatema, Yvonne",ZAM,F,,,,1576,0,40,AUG25,1993,wi
8709130,Patrick Ngandu,ZAM,M,,,,1858,0,20,AUG25,1982,
8708240,Patrick Sakala,ZAM,M,,,,1812,0,40,AUG25,1987,
8703531,"Patrick, Linda",ZAM,M,,,,1900,0,20,AUG25,2001,
8708398,Penjemali Haggai,ZAM,M,,,,1954,0,40,AUG25,1993,i
8710457,Pephias Sosala,ZAM,M,,,,1809,0,40,AUG25,1997,
8709777,Pepulani Phiri,ZAM,M,,,,1687,0,40,AUG25,1998,i
8709769,Pervious Njapau,ZAM,M,,,,1852,0,40,AUG25,1998,
8710350,Peter Chembe,ZAM,M,,,,1814,0,20,AUG25,1980,
8709785,Peter Samukumbi,ZAM,M,,,,1787,0,20,AUG25,1995,
8718296,Phiri Angel,ZAM,M,,,,1794,0,40,AUG25,1993,i
8709840,Phiri Bertha,ZAM,F,WCM,WCM,,1771,0,20,AUG25,1995,wi
8712433,Phiri Boas,ZAM,M,,,,1752,0,40,AUG25,1995,i
8718890,Phiri Charles,ZAM,M,,,,1909,0,20,AUG25,1995,i
8731144,Phiri Christopher,ZAM,M,,,,1452,2,40,AUG25,2011,
8711739,Phiri Davies,ZAM,M,,,,2014,0,20,AUG25,1993,
8711593,Phiri Elias,ZAM,M,,,,1947,0,40,AUG25,1985,i
8711224,Phiri Elisha,ZAM,M,,,,1910,0,40,AUG25,1993,i
8727023,Phiri Emmanuel,ZAM,M,,,,1755,0,40,AUG25,2003,i
8713766,Phiri Fred,ZAM,M,,,,1781,0,40,AUG25,1989,
8709327,Phiri Fredrick,ZAM,M,,,,1861,0,40,AUG25,1998,i
8728534,Phiri George,ZAM,M,,,,1811,0,20,AUG25,2002,
8709378,Phiri Gift,ZAM,M,,,,1992,0,20,AUG25,1984,
8713227,Phiri I. Joseph,ZAM,M,,,,1941,0,20,AUG25,1994,i
8710724,Phiri Joe,ZAM,M,,,,1651,0,20,AUG25,2006,
8723354,Phiri Joseph S.,ZAM,M,,,,1923,0,40,AUG25,2003,
8722960,Phiri Jupiter,ZAM,M,,,,1812,0,40,AUG25,2000,i
8722765,Phiri Justine,ZAM,M,,,,1863,0,40,AUG25,2001,i
8728593,Phiri Lukas,ZAM,M,,,,1776,0,40,AUG25,2001,
8711038,Phiri Lyford,ZAM,M,,,,1815,0,20,AUG25,1986,
8712794,Phiri Nathan,ZAM,M,,,,1983,0,40,AUG25,1990,i
8726558,Phiri Pearson,ZAM,M,,,,1696,0,40,AUG25,1987,i
8708401,Phiri Tapela,ZAM,M,,,,1615,0,40,AUG25,1996,i
8703574,"Phiri, Eddie",ZAM,M,,,,1961,0,40,AUG25,1992,i
8704147,"Phiri, Godwin",ZAM,M,CM,,,2105,17,20,AUG25,1992,
8700222,"Phiri, Joseph",ZAM,M,,,,2037,0,20,AUG25,1982,i
8700176,"Phiri, Martin",ZAM,M,,,,2114,0,40,AUG25,1980,i
8704155,"Phiri, Maybin",ZAM,M,,,,2014,0,40,AUG25,0,i
8700192,"Phiri, Payani",ZAM,M,,,,1954,0,20,AUG25,1965,
8700443,"Phiri, Richmond",ZAM,M,IM,,,2269,0,20,AUG25,1988,
8705046,"Phiri, Stephen",ZAM,M,,,,1942,0,40,AUG25,0,i
8705232,"Phiri, Steven",ZAM,M,,,,1985,0,20,AUG25,1986,
8706727,"Phiri, Wilson",ZAM,M,,,,1891,0,40,AUG25,0,
8728470,Priyanshu Dinodia,ZAM,M,,,,1644,12,40,AUG25,2014,
8728542,Rafik Omer,ZAM,M,,,,1826,0,40,AUG25,2001,i
8709823,Raymond Chilufya,ZAM,M,,,,2007,0,40,AUG25,1983,i
8710902,Reuben Liambela,ZAM,M,,NA,,1809,0,40,AUG25,1991,
8709157,Richard Chingwe,ZAM,M,,,,1875,0,20,AUG25,1983,i
8730881,Sachitemba Nathan,ZAM,M,,,,1653,0,40,AUG25,2001,
8700702,"Saina, Yvonne",ZAM,F,,,,1825,0,40,AUG25,1987,wi
8728623,Sakala Edward,ZAM,M,,,,1698,0,40,AUG25,2003,
8722978,Sakala Owen,ZAM,M,,,,1806,0,20,AUG25,1972,
8713618,Sakala Richard,ZAM,M,,,,1840,0,40,AUG25,1980,i
8707677,Sakala Ronald,ZAM,M,,,,1977,0,20,AUG25,1978,
8701946,"Sakala, Andrew",ZAM,M,,,,AIM,1945,0,AUG25,1980,i
8705062,"Sakala, Joseph Z.",ZAM,M,,,,1920,0,40,AUG25,0,i
8701954,"Sakala, Peter",ZAM,M,,,,2042,0,20,AUG25,1988,
8714770,Sakanya Waya,ZAM,F,,,,1408,0,40,AUG25,2000,wi
8728119,Sakaumba Antonio,ZAM,M,,,,1825,0,20,AUG25,2001,
8724539,Samakumbi Peter,ZAM,M,,,,1731,0,40,AUG25,1995,i
8723800,Samamba Samuel,ZAM,M,,,,1806,0,40,AUG25,2000,i
8708410,Sambo Noah,ZAM,M,,,,1825,0,40,AUG25,1972,i
8723680,Sampa Christopher,ZAM,M,,,,1865,0,20,AUG25,1987,i
8732981,Sampa kangwa,ZAM,M,,,,1810,0,40,AUG25,1999,
8710074,Samuel Mulenga,ZAM,M,,,,1953,0,20,AUG25,1996,
8713782,Sauti Harry,ZAM,M,,,,1751,0,20,AUG25,1960,
8719179,Sauti Joshua Lisuku,ZAM,M,,,,1865,5,40,AUG25,2011,
8719187,Sauti Luyepo,ZAM,M,,,,1709,0,20,AUG25,2006,
8714975,Sauti Lyambo,ZAM,M,,,,1755,0,20,AUG25,1995,
8719195,Sauti Nilla,ZAM,F,,,,1668,0,20,AUG25,2003,w
8720355,Sauti Nsabe,ZAM,M,,,,1616,0,40,AUG25,1984,i
8723672,Sautu Rabson,ZAM,M,,,,1882,0,40,AUG25,1993,i
8723451,Selakanya Moses,ZAM,M,,,,1723,0,40,AUG25,1994,i
8711216,Seluka Rainford,ZAM,M,,,,1846,0,40,AUG25,1984,
8718768,Shamazubaula Stephen Fichite,ZAM,M,,,,1531,0,40,AUG25,1990,i
8718440,Shamba Obert,ZAM,M,,,,1853,0,40,AUG25,2000,i
8708649,Shamfungo Chibamba,ZAM,M,,,,1969,0,20,AUG25,1993,i
8713634,Shamilimo Musongo,ZAM,M,,,,1911,0,40,AUG25,1992,i
8703736,"Shamwaka, Lweendo Arnold Luyando",ZAM,M,,,,1956,0,20,AUG25,1995,
8734216,Shandele Malumo freeburn,ZAM,M,,,,1590,0,40,AUG25,1965,
8706336,"Shandele, Ginnethon",ZAM,M,,,,1826,0,40,AUG25,1987,
8707162,Shane Kennedy,ZAM,M,CM,,,1913,0,40,AUG25,2008,
8713774,Shankalala Webby,ZAM,M,,,,1693,0,40,AUG25,1989,
8711992,Shankanga Chrispin,ZAM,M,,,,1803,0,20,AUG25,1971,i
74601580,"Sharon, Rafael",ZAM,M,,,,2200,0,40,AUG25,2008,
8728291,Shaurya Danave,ZAM,M,,,,1523,2,40,AUG25,2014,
8716331,Shawa Charles,ZAM,M,,,,1814,0,20,AUG25,1980,
8717192,Shayoya Leornard,ZAM,M,,,,1617,0,40,AUG25,1965,
8702241,"Shula, Derrick",ZAM,M,,,,1846,0,40,AUG25,1977,i
8733910,Siakaala Mike Hingandu,ZAM,M,,,,1663,0,40,AUG25,1996,
8707553,Siakasimbo Aubrey,ZAM,M,,,,2004,0,20,AUG25,1994,i
8731764,Siamalido Alex,ZAM,M,,,,1519,3,40,AUG25,2011,
8713235,Siamalindo Cletus,ZAM,M,,,,1939,0,40,AUG25,1991,i
8703744,"Siamayuwa, Eric",ZAM,M,,,,1944,0,20,AUG25,1993,i
8726205,Siame Joseph,ZAM,M,,,,1624,0,40,AUG25,1999,i
8727589,siameja amolly,ZAM,M,,,,1749,0,40,AUG25,2009,
8730610,Sianyinda Lubomba,ZAM,M,,,,1531,16,40,AUG25,2015,
8728844,Sianyinda lubona twalumba,ZAM,M,,,,ACM,1985,17,AUG25,2012,
8705690,"Sibamba, Robinson",ZAM,M,,,,1903,0,40,AUG25,0,i
8713642,Sibenda Fidelis,ZAM,M,,,,1877,0,40,AUG25,1985,i
8725080,Sichali Kisa,ZAM,F,,,,1577,0,40,AUG25,2013,w
8721904,Sichali William,ZAM,M,,,,1796,0,40,AUG25,1977,i
8700095,"Sichilima, Cephas",ZAM,M,IM,,,2246,0,40,AUG25,1972,i
8712778,Sichinga Milimo,ZAM,M,,,,1955,0,40,AUG25,1983,
8730270,Sichivula Taizya Noel,ZAM,M,,,,1708,0,40,AUG25,2003,
8711704,Sichone Rabson,ZAM,M,,,,1804,0,40,AUG25,1996,i
8703779,"Sichone, Alinaswe",ZAM,M,,,,2062,0,20,AUG25,1996,
8702268,"Sichone, Paul",ZAM,M,,,,1869,0,20,AUG25,1986,i
8713243,Sichula Mathews,ZAM,M,,,,1837,0,40,AUG25,1997,i
8718628,Sihoka Kenny,ZAM,M,,,,1789,0,40,AUG25,1985,i
8711445,Sikambale Rodrick,ZAM,M,,,,1986,0,40,AUG25,1987,i
8722358,Sikasunda Lottie,ZAM,M,,,,1924,0,40,AUG25,1978,i
8726620,Sikasunda Willard,ZAM,M,,,,1923,0,40,AUG25,2003,i
8709106,Sikazwe Nonde,ZAM,M,,,,1696,0,40,AUG25,1991,
8710740,Sikota Morris,ZAM,M,,,,1795,0,20,AUG25,1974,
8714983,Sikwaliyangu Totoli,ZAM,M,,,,1785,0,40,AUG25,2001,i
8726744,Sikwaliyungu Tolilo,ZAM,M,,,,1837,0,40,AUG25,1984,i
8704775,"Silavwe, Danny",ZAM,M,,,,1788,0,20,AUG25,1975,
8711828,Siloya Kayoyo,ZAM,M,,,,1807,0,40,AUG25,1993,i
8718571,Siluka Namasiku,ZAM,F,,,,1410,0,40,AUG25,1997,wi
8722994,Silwamba Sylvester Bwalya,ZAM,M,,,,1821,0,40,AUG25,1985,
8730520,Silwimba Aubrey,ZAM,M,,,,1728,0,40,AUG25,2004,
8710848,Silwizya Joe,ZAM,M,,,,1671,0,40,AUG25,1986,i
8701989,"Simasiku, Tabala",ZAM,M,,,,1937,0,20,AUG25,1974,i
8723001,Simbanda Mwiya,ZAM,M,,,,1857,0,40,AUG25,1995,i
8701997,"Simbeye, Kachinga",ZAM,M,,,,1905,0,20,AUG25,1987,i
8707960,"Simenda, Daisy",ZAM,F,WCM,WCM,,1793,0,20,AUG25,1998,w
8722374,Simfukwe Abel,ZAM,M,,,,1761,0,40,AUG25,1978,i
8710490,Simfukwe Francis,ZAM,M,,,,1861,0,40,AUG25,1985,i
8708118,Simon Chanda,ZAM,M,,,,1891,0,20,AUG25,1998,i
8709866,Simon Sinkala,ZAM,M,,,,1848,0,40,AUG25,1973,
8729921,Simpende Darrius,ZAM,M,,,,1629,0,40,AUG25,1998,
8708657,Simubala Madubeko Evans,ZAM,M,,,,1895,0,20,AUG25,1983,
8706484,"Simukoko, Fenwick",ZAM,M,,,,1959,0,40,AUG25,0,i
8710627,Simulilika Vasco,ZAM,M,,,,1897,0,40,AUG25,1996,i
8700540,"Simulundu, Judah",ZAM,M,,,,2034,0,20,AUG25,1985,
8723974,Simutowe Patrick,ZAM,M,,,,1664,0,40,AUG25,2004,
8700168,"Simutowe, Amon",ZAM,M,GM,,,2449,0,10,AUG25,1982,i
8700389,"Simutowe, Musatwe",ZAM,M,CM,,,2149,0,20,AUG25,1979,i
8722285,Simwaka Walusungu Nozyani,ZAM,F,,,,1425,0,40,AUG25,2001,w
8730741,Simwala Edward,ZAM,M,,,,1733,0,40,AUG25,1983,
8708797,Simwanda Joe,ZAM,M,,,,2041,0,40,AUG25,1970,i
8711798,Simwanza Dillan,ZAM,M,,,,1775,0,40,AUG25,1992,i
8711291,Simwinga Chishinga,ZAM,M,,,,1878,0,20,AUG25,1991,i
8719390,Sinkala Chipasha,ZAM,M,,,,1950,0,20,AUG25,1995,
8713251,Sinkala Given,ZAM,M,,,,1888,0,40,AUG25,2001,i
8716854,Sinkala Henry,ZAM,M,,,,1802,0,40,AUG25,1977,i
8723664,Sinyangwe Bonny,ZAM,M,,,,1804,0,40,AUG25,1986,
8705496,"Sinyangwe, Mischeck",ZAM,M,,,,1889,0,20,AUG25,1985,
8727260,Sinyinza ernest,ZAM,M,,,,1826,0,40,AUG25,1993,
8727287,Sipalo Beta,ZAM,F,,,,1498,0,40,AUG25,2006,wi
8728640,Sipalo Neta,ZAM,F,,,,1470,0,40,AUG25,2001,w
8724067,Sitali Nawa,ZAM,M,,,,1762,0,40,AUG25,2001,i
8713332,Sitali Vivian,ZAM,F,,,,1632,0,20,AUG25,1991,wi
8711380,Situmbaeto Pumulo,ZAM,M,,,,1843,0,20,AUG25,1984,
8729808,Sitwala immanuel,ZAM,M,,,,1697,0,40,AUG25,2000,
8704473,"Siuluta , Arnold",ZAM,M,,,,2013,0,20,AUG25,0,
8706972,Siulutu Arnold,ZAM,M,,,,1966,0,40,AUG25,1988,i
8724237,Siwale Simon,ZAM,M,,,,1464,0,40,AUG25,2000,
8728399,Siwila Chimwemwe,ZAM,M,,,,1800,0,40,AUG25,2002,
8707430,Siyingwa Wisdom,ZAM,M,,,,1893,0,20,AUG25,1985,i
8707723,Soko Sydney,ZAM,M,,,,1880,0,40,AUG25,1981,i
8708096,Soneka Mulemba,ZAM,F,,,,1425,0,40,AUG25,2004,wi
8704783,"Songiso, Sydney",ZAM,M,,,,1974,0,40,AUG25,1985,i
8726655,Songo Codiria,ZAM,F,,,,1426,0,40,AUG25,1998,w
8726183,Sosala Bwalya,ZAM,M,,,,1741,0,40,AUG25,2006,
8727180,Sosala Pius,ZAM,M,,,,1625,0,40,AUG25,1998,
8708444,Stanley Jaston Banda,ZAM,M,,,,1765,0,20,AUG25,1964,i
8711275,Sumbulani Chrispin,ZAM,M,,,,1847,0,20,AUG25,1997,
8730458,Sunga Kaluba,ZAM,M,,,,1979,0,40,AUG25,1997,
8718458,Swatu Fandisha,ZAM,M,,,,1953,0,20,AUG25,1977,
8704490,"Swatu, Tebby",ZAM,M,,,,2020,8,20,AUG25,0,
8710155,Syabwanta Simpilo,ZAM,M,,,,1766,0,40,AUG25,1990,i
8732191,Tamba Reuben,ZAM,M,,,,1652,0,40,AUG25,1988,
8709181,Tarvaris Ngalande,ZAM,M,,,,1686,0,40,AUG25,1983,i
8724431,Tembo Charles,ZAM,M,,,,1789,0,40,AUG25,1998,i
8726752,Tembo Hazi Ibbi,ZAM,M,,,,1742,0,40,AUG25,1989,i
8716463,Tembo Ian,ZAM,M,,,,1768,0,40,AUG25,1987,
8722161,Tembo Japhet,ZAM,M,,,,1779,0,40,AUG25,1994,i
8715300,Tembo Joseph,ZAM,M,,,,1710,0,40,AUG25,1997,i
8707898,Tembo Milika,ZAM,F,,,,1580,0,20,AUG25,1994,wi
8707154,Tembo Osward 1,ZAM,M,,,,1914,0,20,AUG25,1990,i
8700125,"Tembo, Epah",ZAM,F,WIM,WIM,,1894,0,20,AUG25,1993,wi
8706808,"Tembo, Max",ZAM,M,,,,1681,0,40,AUG25,2005,i
8703906,"Tembo, Nayson",ZAM,M,,,,1799,0,40,AUG25,1993,i
8702004,"Tembo, Osward",ZAM,M,,,,1860,0,20,AUG25,1977,
8700346,"Tembo, Sekelani",ZAM,M,,,,1957,0,20,AUG25,1998,i
8707456,Thawete Evans,ZAM,M,,,,1859,0,40,AUG25,1986,i
8702020,"Tilimboyi, Marshall",ZAM,M,,,,1977,0,40,AUG25,0,i
8709831,Timothy Bwalya,ZAM,M,,,,1743,0,40,AUG25,1984,i
8709165,Timothy Nguni,ZAM,M,,,,1848,0,40,AUG25,1990,i
8708126,Tina Mweembe Sibajene,ZAM,F,,,,1572,0,40,AUG25,2000,wi
8727422,Tonga Given,ZAM,M,,,,1636,0,40,AUG25,1992,i
8718369,Totoli Sikwa,ZAM,M,,,,1849,0,40,AUG25,2001,i
8709670,Tryson Phiri,ZAM,M,,,,1612,0,40,AUG25,2002,i
8723133,Tuombe Maximillian,ZAM,M,,,,1997,0,40,AUG25,2000,
8729930,Vankhedekar Nikhil Nitya,ZAM,F,,,,1508,3,40,AUG25,2015,w
8728453,VED RAO,ZAM,M,,,,1408,4,40,AUG25,2012,
8703914,"Vukani, Kakanda",ZAM,M,,,,1945,0,20,AUG25,1994,
8705070,"Waichefya, Kolandi",ZAM,M,,,,1899,0,40,AUG25,1986,i
8708045,Wakunguma Nyambe,ZAM,M,,,,1852,0,40,AUG25,2000,i
8713260,Wamulume Wamuwi,ZAM,M,,,,1897,0,40,AUG25,1990,i
8734194,Wankumbu Mwape,ZAM,M,,,,1638,0,40,AUG25,1996,
8709955,Wilfred Mutosa,ZAM,M,,,,1723,0,40,AUG25,1957,i
8711810,Yombwe Bornface,ZAM,M,,,,1819,0,40,AUG25,1994,i
8707375,Zeko Rose,ZAM,F,WCM,WCM,,1665,0,20,AUG25,1970,wi
8714118,Zimba Andrew,ZAM,M,,,,1848,0,40,AUG25,1980,i
8731357,Zimba Bagel,ZAM,M,,,,1641,0,40,AUG25,1999,
8730350,Zimba Simon,ZAM,M,,,,1738,0,40,AUG25,1981,
8704180,"Zimba, Alfred",ZAM,M,,,,1872,0,40,AUG25,1996,i
8718865,Zimbiri Misheck,ZAM,M,,,,1881,0,40,AUG25,1992,i
8718822,Zulu Andrew,ZAM,M,,,,1728,0,40,AUG25,1999,i
8713685,Zulu Angel,ZAM,M,,,,1849,0,40,AUG25,2004,
8710546,Zulu Asiya,ZAM,F,,,,1509,0,20,AUG25,1994,wi
8722889,Zulu Blessings,ZAM,M,,,,1676,0,40,AUG25,1996,i
8726191,Zulu Cephas,ZAM,M,,,,1722,0,40,AUG25,1983,i
8726981,Zulu Deborah,ZAM,F,,,,1570,0,40,AUG25,1995,wi
8725063,Zulu Francis,ZAM,M,,,,1816,0,40,AUG25,1986,i
8722897,Zulu Jackson,ZAM,M,,,,1564,0,40,AUG25,1997,i
8718636,Zulu Lottie A.,ZAM,M,,,,1919,0,40,AUG25,1987,i
8714312,Zulu Reuben,ZAM,M,,,,1830,0,40,AUG25,1997,i
8714991,Zulu Samuel,ZAM,M,,,,1788,0,40,AUG25,1980,i
8713294,Zulu Simon,ZAM,M,,,,1768,0,40,AUG25,1994,i
8728879,Zulu Taonga,ZAM,M,,,,AFM,1500,20,AUG25,2013,
8706387,"Zulu, Moses",ZAM,M,,,,1886,6,20,AUG25,1983,
8704198,"Zulu, Rodgers",ZAM,M,,,,1902,0,40,AUG25,0,i
8705089,"Zulu, Shadrick",ZAM,M,,,,1926,0,20,AUG25,1997,
8702047,"Zulu, Thomas",ZAM,M,,,,2101,9,20,AUG25,1988,
8708673,Zyambo Kenny,ZAM,M,,,,1725,0,40,AUG25,2001,i