[
  {
    "ID Number": "20694229"
  },
  {
    "ID Number": "2810115"
  },
  {
    "ID Number": "12500283"
  },
  {
    "ID Number": "5400740"
  },
  {
    "ID Number": "5400651"
  },
  {
    "ID Number": "4646215"
  },
  {
    "ID Number": "26080192"
  },
  {
    "ID Number": "134104992"
  },
  {
    "ID Number": "5402190"
  },
  {
    "ID Number": "5400600"
  },
  {
    "ID Number": "26076918"
  },
  {
    "ID Number": "5401500"
  },
  {
    "ID Number": "652032531"
  },
  {
    "ID Number": "676446"
  },
  {
    "ID Number": "5402425"
  },
  {
    "ID Number": "5402417"
  },
  {
    "ID Number": "36007293"
  },
  {
    "ID Number": "5400996"
  },
  {
    "ID Number": "647640"
  },
  {
    "ID Number": "14107449"
  },
  {
    "ID Number": "601926"
  },
  {
    "ID Number": "806404"
  },
  {
    "ID Number": "654876"
  },
  {
    "ID Number": "5401275"
  },
  {
    "ID Number": "5401267"
  },
  {
    "ID Number": "5401372"
  },
  {
    "ID Number": "5400430"
  },
  {
    "ID Number": "26087464"
  },
  {
    "ID Number": "6401074"
  },
  {
    "ID Number": "5401658"
  },
  {
    "ID Number": "36018180"
  },
  {
    "ID Number": "36052400"
  },
  {
    "ID Number": "5401321"
  },
  {
    "ID Number": "5400376"
  },
  {
    "ID Number": "652058930"
  },
  {
    "ID Number": "602019"
  },
  {
    "ID Number": "600180"
  },
  {
    "ID Number": "5400422"
  },
  {
    "ID Number": "5400384"
  },
  {
    "ID Number": "5400449"
  },
  {
    "ID Number": "5401003"
  },
  {
    "ID Number": "611808"
  },
  {
    "ID Number": "20603762"
  },
  {
    "ID Number": "1301225"
  },
  {
    "ID Number": "5400830"
  },
  {
    "ID Number": "5401216"
  },
  {
    "ID Number": "623830"
  },
  {
    "ID Number": "5400023"
  },
  {
    "ID Number": "5400040"
  },
  {
    "ID Number": "5401070"
  },
  {
    "ID Number": "5401062"
  },
  {
    "ID Number": "5401240"
  },
  {
    "ID Number": "5400716"
  },
  {
    "ID Number": "5400813"
  },
  {
    "ID Number": "551059266"
  },
  {
    "ID Number": "824909"
  },
  {
    "ID Number": "200999"
  },
  {
    "ID Number": "606340"
  },
  {
    "ID Number": "650609"
  },
  {
    "ID Number": "654183"
  },
  {
    "ID Number": "4121082"
  }
]