[
  {
    "ID Number": "20694229",
    "Name": "Apap, Titouan",
    "Fed": "MNC",
    "Sex": "M",
    "Title": "",
    "WTit": "",
    "OTit": "",
    "Rating": "1813",
    "Gms": "0",
    "K": "20",
    "RatingMonth": "AUG25",
    "B-day": "2000",
    "Flag": "i"
  },
  {
    "ID Number": "2810115",
    "Name": "Aronin, Pavel",
    "Fed": "MNC",
    "Sex": "M",
    "Title": "",
    "WTit": "",
    "OTit": "",
    "Rating": "2005",
    "Gms": "0",
    "K": "20",
    "RatingMonth": "AUG25",
    "B-day": "1979",
    "Flag": "i"
  },
  {
    "ID Number": "12500283",
    "Name": "Bagheri, Amir",
    "Fed": "MNC",
    "Sex": "M",
    "Title": "GM",
    "WTit": "FT",
    "OTit": "",
    "Rating": "2403",
    "Gms": "0",
    "K": "10",
    "RatingMonth": "AUG25",
    "B-day": "1978",
    "Flag": "i"
  },
  {
    "ID Number": "5400740",
    "Name": "Berezovska , Svetlana",
    "Fed": "MNC",
    "Sex": "F",
    "Title": "WCM",
    "WTit": "WCM",
    "OTit": "NI,NA",
    "Rating": "1826",
    "Gms": "0",
    "K": "20",
    "RatingMonth": "AUG25",
    "B-day": "1971",
    "Flag": "w"
  },
  {
    "ID Number": "5400651",
    "Name": "Berezovsky, Fiorina",
    "Fed": "MNC",
    "Sex": "F",
    "Title": "WCM",
    "WTit": "WCM",
    "OTit": "",
    "Rating": "1748",
    "Gms": "0",
    "K": "40",
    "RatingMonth": "AUG25",
    "B-day": "2007",
    "Flag": "w"
  },
  {
    "ID Number": "4646215",
    "Name": "Berezovsky, Igor",
    "Fed": "MNC",
    "Sex": "M",
    "Title": "IM",
    "WTit": "",
    "OTit": "",
    "Rating": "2309",
    "Gms": "0",
    "K": "20",
    "RatingMonth": "AUG25",
    "B-day": "1971",
    "Flag": "i"
  },
  {
    "ID Number": "26080192",
    "Name": "Berthaut, Alexandre",
    "Fed": "MNC",
    "Sex": "M",
    "Title": "",
    "WTit": "",
    "OTit": "",
    "Rating": "1939",
    "Gms": "0",
    "K": "20",
    "RatingMonth": "AUG25",
    "B-day": "1998",
    "Flag": ""
  },
  {
    "ID Number": "134104992",
    "Name": "Bosov, Kirill",
    "Fed": "MNC",
    "Sex": "M",
    "Title": "",
    "WTit": "",
    "OTit": "",
    "Rating": "1696",
    "Gms": "0",
    "K": "20",
    "RatingMonth": "AUG25",
    "B-day": "2002",
    "Flag": "i"
  },
  {
    "ID Number": "5402190",
    "Name": "Bozzo , Antonio",
    "Fed": "MNC",
    "Sex": "M",
    "Title": "",
    "WTit": "",
    "OTit": "",
    "Rating": "1706",
    "Gms": "0",
    "K": "20",
    "RatingMonth": "AUG25",
    "B-day": "1991",
    "Flag": "i"
  },
  {
    "ID Number": "5400600",
    "Name": "Buono, Richard",
    "Fed": "MNC",
    "Sex": "M",
    "Title": "",
    "WTit": "",
    "OTit": "",
    "Rating": "1663",
    "Gms": "0",
    "K": "20",
    "RatingMonth": "AUG25",
    "B-day": "1965",
    "Flag": "i"
  },
  {
    "ID Number": "26076918",
    "Name": "Cahen, Alexis",
    "Fed": "MNC",
    "Sex": "M",
    "Title": "",
    "WTit": "",
    "OTit": "",
    "Rating": "AIM",
    "Gms": "2091",
    "K": "0",
    "RatingMonth": "AUG25",
    "B-day": "2000",
    "Flag": ""
  },
  {
    "ID Number": "5401500",
    "Name": "Carr , Alexandre",
    "Fed": "MNC",
    "Sex": "M",
    "Title": "",
    "WTit": "",
    "OTit": "",
    "Rating": "1567",
    "Gms": "0",
    "K": "40",
    "RatingMonth": "AUG25",
    "B-day": "2010",
    "Flag": "i"
  },
  {
    "ID Number": "652032531",
    "Name": "Charrier, Francois",
    "Fed": "MNC",
    "Sex": "M",
    "Title": "",
    "WTit": "",
    "OTit": "",
    "Rating": "1755",
    "Gms": "0",
    "K": "40",
    "RatingMonth": "AUG25",
    "B-day": "2014",
    "Flag": ""
  },
  {
    "ID Number": "676446",
    "Name": "Chung, Mathilde",
    "Fed": "MNC",
    "Sex": "F",
    "Title": "WFM",
    "WTit": "WFM",
    "OTit": "",
    "Rating": "1990",
    "Gms": "0",
    "K": "20",
    "RatingMonth": "AUG25",
    "B-day": "1999",
    "Flag": "wi"
  },
  {
    "ID Number": "5402425",
    "Name": "Cohen , Aden",
    "Fed": "MNC",
    "Sex": "M",
    "Title": "",
    "WTit": "",
    "OTit": "",
    "Rating": "1406",
    "Gms": "0",
    "K": "40",
    "RatingMonth": "AUG25",
    "B-day": "2018",
    "Flag": ""
  },
  {
    "ID Number": "5402417",
    "Name": "Cohen , Amani",
    "Fed": "MNC",
    "Sex": "F",
    "Title": "",
    "WTit": "",
    "OTit": "",
    "Rating": "1448",
    "Gms": "0",
    "K": "40",
    "RatingMonth": "AUG25",
    "B-day": "2016",
    "Flag": "w"
  },
  {
    "ID Number": "36007293",
    "Name": "Cuttoli, Alexandre",
    "Fed": "MNC",
    "Sex": "M",
    "Title": "",
    "WTit": "",
    "OTit": "",
    "Rating": "1992",
    "Gms": "0",
    "K": "20",
    "RatingMonth": "AUG25",
    "B-day": "2005",
    "Flag": "i"
  },
  {
    "ID Number": "5400996",
    "Name": "Dinoni Attali, Myriam",
    "Fed": "MNC",
    "Sex": "F",
    "Title": "",
    "WTit": "",
    "OTit": "",
    "Rating": "1516",
    "Gms": "0",
    "K": "40",
    "RatingMonth": "AUG25",
    "B-day": "2010",
    "Flag": "wi"
  },
  {
    "ID Number": "647640",
    "Name": "Dornbusch, Philippe",
    "Fed": "MNC",
    "Sex": "M",
    "Title": "",
    "WTit": "FI",
    "OTit": "",
    "Rating": "1894",
    "Gms": "0",
    "K": "20",
    "RatingMonth": "AUG25",
    "B-day": "1963",
    "Flag": "i"
  },
  {
    "ID Number": "14107449",
    "Name": "Dornbusch, Tatiana",
    "Fed": "MNC",
    "Sex": "F",
    "Title": "WGM",
    "WTit": "WGM",
    "OTit": "FI",
    "Rating": "2098",
    "Gms": "0",
    "K": "20",
    "RatingMonth": "AUG25",
    "B-day": "1982",
    "Flag": "w"
  },
  {
    "ID Number": "601926",
    "Name": "Dubois, Martine",
    "Fed": "MNC",
    "Sex": "F",
    "Title": "WIM",
    "WTit": "WIM",
    "OTit": "NA",
    "Rating": "1846",
    "Gms": "0",
    "K": "20",
    "RatingMonth": "AUG25",
    "B-day": "1959",
    "Flag": "w"
  },
  {
    "ID Number": "806404",
    "Name": "Efimov, Igor",
    "Fed": "MNC",
    "Sex": "M",
    "Title": "GM",
    "WTit": "FST",
    "OTit": "",
    "Rating": "2397",
    "Gms": "0",
    "K": "10",
    "RatingMonth": "AUG25",
    "B-day": "1960",
    "Flag": ""
  },
  {
    "ID Number": "654876",
    "Name": "Engel, Norbert",
    "Fed": "MNC",
    "Sex": "M",
    "Title": "",
    "WTit": "",
    "OTit": "",
    "Rating": "1767",
    "Gms": "0",
    "K": "20",
    "RatingMonth": "AUG25",
    "B-day": "1950",
    "Flag": "i"
  },
  {
    "ID Number": "5401275",
    "Name": "Fournier, Benjamin",
    "Fed": "MNC",
    "Sex": "M",
    "Title": "",
    "WTit": "",
    "OTit": "",
    "Rating": "1782",
    "Gms": "0",
    "K": "20",
    "RatingMonth": "AUG25",
    "B-day": "2001",
    "Flag": "i"
  },
  {
    "ID Number": "5401267",
    "Name": "Gerbaudo, Pascal",
    "Fed": "MNC",
    "Sex": "M",
    "Title": "",
    "WTit": "",
    "OTit": "",
    "Rating": "1773",
    "Gms": "0",
    "K": "20",
    "RatingMonth": "AUG25",
    "B-day": "1967",
    "Flag": "i"
  },
  {
    "ID Number": "5401372",
    "Name": "Grover, renaud",
    "Fed": "MNC",
    "Sex": "M",
    "Title": "",
    "WTit": "",
    "OTit": "",
    "Rating": "1627",
    "Gms": "0",
    "K": "20",
    "RatingMonth": "AUG25",
    "B-day": "1967",
    "Flag": "i"
  },
  {
    "ID Number": "5400430",
    "Name": "Imbert, Jean Laurent",
    "Fed": "MNC",
    "Sex": "M",
    "Title": "",
    "WTit": "",
    "OTit": "",
    "Rating": "1765",
    "Gms": "0",
    "K": "20",
    "RatingMonth": "AUG25",
    "B-day": "1979",
    "Flag": "i"
  },
  {
    "ID Number": "26087464",
    "Name": "Jamalov, Adam",
    "Fed": "MNC",
    "Sex": "M",
    "Title": "",
    "WTit": "",
    "OTit": "",
    "Rating": "1864",
    "Gms": "0",
    "K": "20",
    "RatingMonth": "AUG25",
    "B-day": "2003",
    "Flag": "i"
  },
  {
    "ID Number": "6401074",
    "Name": "Jose de Ribbegren, Kenia",
    "Fed": "MNC",
    "Sex": "F",
    "Title": "WCM",
    "WTit": "WCM",
    "OTit": "",
    "Rating": "1879",
    "Gms": "0",
    "K": "20",
    "RatingMonth": "AUG25",
    "B-day": "1985",
    "Flag": "wi"
  },
  {
    "ID Number": "5401658",
    "Name": "Karpov , Gregory",
    "Fed": "MNC",
    "Sex": "M",
    "Title": "",
    "WTit": "",
    "OTit": "",
    "Rating": "1434",
    "Gms": "0",
    "K": "40",
    "RatingMonth": "AUG25",
    "B-day": "2012",
    "Flag": ""
  },
  {
    "ID Number": "36018180",
    "Name": "Kien, Clovis",
    "Fed": "MNC",
    "Sex": "M",
    "Title": "",
    "WTit": "",
    "OTit": "",
    "Rating": "1800",
    "Gms": "0",
    "K": "20",
    "RatingMonth": "AUG25",
    "B-day": "2005",
    "Flag": ""
  },
  {
    "ID Number": "36052400",
    "Name": "Kien, Lancelot",
    "Fed": "MNC",
    "Sex": "M",
    "Title": "",
    "WTit": "",
    "OTit": "",
    "Rating": "1677",
    "Gms": "0",
    "K": "40",
    "RatingMonth": "AUG25",
    "B-day": "2007",
    "Flag": "i"
  },
  {
    "ID Number": "5401321",
    "Name": "Kriuchkov , Nikita",
    "Fed": "MNC",
    "Sex": "M",
    "Title": "",
    "WTit": "",
    "OTit": "",
    "Rating": "1414",
    "Gms": "0",
    "K": "40",
    "RatingMonth": "AUG25",
    "B-day": "2014",
    "Flag": ""
  },
  {
    "ID Number": "5400376",
    "Name": "Lamblin, Jean",
    "Fed": "MNC",
    "Sex": "M",
    "Title": "",
    "WTit": "",
    "OTit": "",
    "Rating": "2096",
    "Gms": "0",
    "K": "20",
    "RatingMonth": "AUG25",
    "B-day": "2001",
    "Flag": "i"
  },
  {
    "ID Number": "652058930",
    "Name": "Lea, Melissa",
    "Fed": "MNC",
    "Sex": "F",
    "Title": "",
    "WTit": "",
    "OTit": "",
    "Rating": "1444",
    "Gms": "0",
    "K": "40",
    "RatingMonth": "AUG25",
    "B-day": "2013",
    "Flag": "w"
  },
  {
    "ID Number": "602019",
    "Name": "Lebel-Arias, Julia",
    "Fed": "MNC",
    "Sex": "F",
    "Title": "WIM",
    "WTit": "WIM",
    "OTit": "",
    "Rating": "1729",
    "Gms": "0",
    "K": "20",
    "RatingMonth": "AUG25",
    "B-day": "1944",
    "Flag": "w"
  },
  {
    "ID Number": "600180",
    "Name": "Levacic, Damir",
    "Fed": "MNC",
    "Sex": "M",
    "Title": "IM",
    "WTit": "FT",
    "OTit": "",
    "Rating": "2033",
    "Gms": "0",
    "K": "20",
    "RatingMonth": "AUG25",
    "B-day": "1959",
    "Flag": ""
  },
  {
    "ID Number": "5400422",
    "Name": "Lomandong, Marc-Antoine",
    "Fed": "MNC",
    "Sex": "M",
    "Title": "",
    "WTit": "",
    "OTit": "",
    "Rating": "2002",
    "Gms": "0",
    "K": "20",
    "RatingMonth": "AUG25",
    "B-day": "2003",
    "Flag": "i"
  },
  {
    "ID Number": "5400384",
    "Name": "Lomandong, Noela-Joyce",
    "Fed": "MNC",
    "Sex": "F",
    "Title": "WFM",
    "WTit": "WFM",
    "OTit": "",
    "Rating": "2052",
    "Gms": "0",
    "K": "20",
    "RatingMonth": "AUG25",
    "B-day": "2001",
    "Flag": "wi"
  },
  {
    "ID Number": "5400449",
    "Name": "Lomandong, Roland",
    "Fed": "MNC",
    "Sex": "M",
    "Title": "",
    "WTit": "",
    "OTit": "",
    "Rating": "1808",
    "Gms": "0",
    "K": "20",
    "RatingMonth": "AUG25",
    "B-day": "1973",
    "Flag": "i"
  },
  {
    "ID Number": "5401003",
    "Name": "Lusher , Mark",
    "Fed": "MNC",
    "Sex": "M",
    "Title": "",
    "WTit": "",
    "OTit": "",
    "Rating": "1753",
    "Gms": "0",
    "K": "20",
    "RatingMonth": "AUG25",
    "B-day": "1970",
    "Flag": "i"
  },
  {
    "ID Number": "611808",
    "Name": "Maiffret, Patrick",
    "Fed": "MNC",
    "Sex": "M",
    "Title": "",
    "WTit": "",
    "OTit": "",
    "Rating": "1852",
    "Gms": "0",
    "K": "20",
    "RatingMonth": "AUG25",
    "B-day": "1956",
    "Flag": ""
  },
  {
    "ID Number": "20603762",
    "Name": "Mattei, Jean-charles",
    "Fed": "MNC",
    "Sex": "M",
    "Title": "",
    "WTit": "",
    "OTit": "",
    "Rating": "1803",
    "Gms": "0",
    "K": "20",
    "RatingMonth": "AUG25",
    "B-day": "1948",
    "Flag": "i"
  },
  {
    "ID Number": "1301225",
    "Name": "Meylan, Andre",
    "Fed": "MNC",
    "Sex": "M",
    "Title": "CM",
    "WTit": "",
    "OTit": "",
    "Rating": "2156",
    "Gms": "0",
    "K": "20",
    "RatingMonth": "AUG25",
    "B-day": "1995",
    "Flag": ""
  },
  {
    "ID Number": "5400830",
    "Name": "Mishustin , Oleg",
    "Fed": "MNC",
    "Sex": "M",
    "Title": "",
    "WTit": "",
    "OTit": "",
    "Rating": "1884",
    "Gms": "0",
    "K": "20",
    "RatingMonth": "AUG25",
    "B-day": "1953",
    "Flag": "i"
  },
  {
    "ID Number": "5401216",
    "Name": "Nasibullin, Emil",
    "Fed": "MNC",
    "Sex": "M",
    "Title": "",
    "WTit": "",
    "OTit": "",
    "Rating": "1898",
    "Gms": "0",
    "K": "20",
    "RatingMonth": "AUG25",
    "B-day": "1974",
    "Flag": "i"
  },
  {
    "ID Number": "623830",
    "Name": "Nelis, Jean-Francois",
    "Fed": "MNC",
    "Sex": "M",
    "Title": "",
    "WTit": "",
    "OTit": "",
    "Rating": "2159",
    "Gms": "0",
    "K": "20",
    "RatingMonth": "AUG25",
    "B-day": "1968",
    "Flag": "i"
  },
  {
    "ID Number": "5400023",
    "Name": "Rapaire, Jean-Michel",
    "Fed": "MNC",
    "Sex": "M",
    "Title": "",
    "WTit": "",
    "OTit": "",
    "Rating": "1824",
    "Gms": "0",
    "K": "20",
    "RatingMonth": "AUG25",
    "B-day": "1965",
    "Flag": "i"
  },
  {
    "ID Number": "5400040",
    "Name": "Ribbegren, Karl Johan",
    "Fed": "MNC",
    "Sex": "M",
    "Title": "",
    "WTit": "",
    "OTit": "",
    "Rating": "2100",
    "Gms": "0",
    "K": "20",
    "RatingMonth": "AUG25",
    "B-day": "1955",
    "Flag": "i"
  },
  {
    "ID Number": "5401070",
    "Name": "Samorukov, Boris",
    "Fed": "MNC",
    "Sex": "M",
    "Title": "",
    "WTit": "",
    "OTit": "",
    "Rating": "1413",
    "Gms": "0",
    "K": "40",
    "RatingMonth": "AUG25",
    "B-day": "2011",
    "Flag": "i"
  },
  {
    "ID Number": "5401062",
    "Name": "Samorukov, Egor",
    "Fed": "MNC",
    "Sex": "M",
    "Title": "",
    "WTit": "",
    "OTit": "",
    "Rating": "1417",
    "Gms": "0",
    "K": "40",
    "RatingMonth": "AUG25",
    "B-day": "2008",
    "Flag": "i"
  },
  {
    "ID Number": "5401240",
    "Name": "Stoyanov, Victor",
    "Fed": "MNC",
    "Sex": "M",
    "Title": "",
    "WTit": "",
    "OTit": "",
    "Rating": "1542",
    "Gms": "0",
    "K": "40",
    "RatingMonth": "AUG25",
    "B-day": "2014",
    "Flag": "i"
  },
  {
    "ID Number": "5400716",
    "Name": "Thoreux-Josso, Aaron",
    "Fed": "MNC",
    "Sex": "M",
    "Title": "",
    "WTit": "",
    "OTit": "",
    "Rating": "1728",
    "Gms": "0",
    "K": "40",
    "RatingMonth": "AUG25",
    "B-day": "2007",
    "Flag": ""
  },
  {
    "ID Number": "5400813",
    "Name": "Thoreux-Josso, Ambre",
    "Fed": "MNC",
    "Sex": "F",
    "Title": "",
    "WTit": "",
    "OTit": "",
    "Rating": "1471",
    "Gms": "0",
    "K": "40",
    "RatingMonth": "AUG25",
    "B-day": "2009",
    "Flag": "wi"
  },
  {
    "ID Number": "551059266",
    "Name": "To, Nam Long",
    "Fed": "MNC",
    "Sex": "M",
    "Title": "",
    "WTit": "",
    "OTit": "",
    "Rating": "1566",
    "Gms": "0",
    "K": "40",
    "RatingMonth": "AUG25",
    "B-day": "2012",
    "Flag": "i"
  },
  {
    "ID Number": "824909",
    "Name": "Tortorella, Giancarlo",
    "Fed": "MNC",
    "Sex": "M",
    "Title": "",
    "WTit": "",
    "OTit": "",
    "Rating": "1839",
    "Gms": "0",
    "K": "20",
    "RatingMonth": "AUG25",
    "B-day": "1968",
    "Flag": "i"
  },
  {
    "ID Number": "200999",
    "Name": "Van Hoolandt, Patrick",
    "Fed": "MNC",
    "Sex": "M",
    "Title": "FM",
    "WTit": "",
    "OTit": "",
    "Rating": "1921",
    "Gms": "0",
    "K": "20",
    "RatingMonth": "AUG25",
    "B-day": "1958",
    "Flag": ""
  },
  {
    "ID Number": "606340",
    "Name": "Verdier, Patrice",
    "Fed": "MNC",
    "Sex": "M",
    "Title": "FM",
    "WTit": "",
    "OTit": "",
    "Rating": "2075",
    "Gms": "0",
    "K": "20",
    "RatingMonth": "AUG25",
    "B-day": "1962",
    "Flag": ""
  },
  {
    "ID Number": "650609",
    "Name": "Vigny, Philippe",
    "Fed": "MNC",
    "Sex": "M",
    "Title": "",
    "WTit": "",
    "OTit": "",
    "Rating": "1821",
    "Gms": "0",
    "K": "20",
    "RatingMonth": "AUG25",
    "B-day": "1964",
    "Flag": "i"
  },
  {
    "ID Number": "654183",
    "Name": "Villegas, Pierre",
    "Fed": "MNC",
    "Sex": "M",
    "Title": "IM",
    "WTit": "FI,NA",
    "OTit": "",
    "Rating": "2307",
    "Gms": "0",
    "K": "10",
    "RatingMonth": "AUG25",
    "B-day": "1992",
    "Flag": ""
  },
  {
    "ID Number": "4121082",
    "Name": "Zvereva, Marija",
    "Fed": "MNC",
    "Sex": "F",
    "Title": "WIM",
    "WTit": "WIM",
    "OTit": "",
    "Rating": "1914",
    "Gms": "0",
    "K": "20",
    "RatingMonth": "AUG25",
    "B-day": "1978",
    "Flag": "w"
  }
]