[
  {
    "ID Number": "16400216"
  },
  {
    "ID Number": "16400240"
  },
  {
    "ID Number": "15800059"
  },
  {
    "ID Number": "16402383"
  },
  {
    "ID Number": "16401239"
  },
  {
    "ID Number": "16400275"
  },
  {
    "ID Number": "16401794"
  },
  {
    "ID Number": "16400550"
  },
  {
    "ID Number": "16400291"
  },
  {
    "ID Number": "16400801"
  },
  {
    "ID Number": "16400356"
  },
  {
    "ID Number": "16400364"
  },
  {
    "ID Number": "16401190"
  },
  {
    "ID Number": "16400402"
  },
  {
    "ID Number": "11000805"
  },
  {
    "ID Number": "15800067"
  },
  {
    "ID Number": "16401387"
  },
  {
    "ID Number": "16401131"
  },
  {
    "ID Number": "16401719"
  },
  {
    "ID Number": "16402480"
  },
  {
    "ID Number": "16401360"
  },
  {
    "ID Number": "16400623"
  },
  {
    "ID Number": "16401727"
  },
  {
    "ID Number": "16401565"
  },
  {
    "ID Number": "16401298"
  },
  {
    "ID Number": "16400500"
  },
  {
    "ID Number": "16400607"
  },
  {
    "ID Number": "16400470"
  },
  {
    "ID Number": "16400704"
  },
  {
    "ID Number": "16401980"
  },
  {
    "ID Number": "16401468"
  },
  {
    "ID Number": "16400488"
  },
  {
    "ID Number": "16401107"
  }
]