ID Number,Name,Fed,Sex,Title,WTit,OTit,Rating,Gms,K,RatingMonth,B-day,Flag
504599,"Aakio, Seppo",FIN,M,,,,2013,0,20,SEP25,1954,
510726,"Aalto, Patrik",FIN,M,FM,,,2296,9,20,SEP25,2004,
511803,"Aalto, Seppo",FIN,M,,,,1908,0,40,SEP25,1937,i
506885,"Aalto, Timo",FIN,M,,,,1932,0,40,SEP25,1972,i
503100,"Aapola, Lauri",FIN,M,,,,1969,0,40,SEP25,1970,i
513750,"Aapola, Volter",FIN,M,,,,1681,0,20,SEP25,2006,i
521981,"Aberg, Pessi",FIN,M,,,,1716,0,40,SEP25,2011,
504254,"Aberg, Tomi",FIN,M,,,,2107,0,20,SEP25,1980,
501840,"Agopov, Mikael",FIN,M,IM,,,2416,0,10,SEP25,1978,
505765,"Agopov, Vladimir",FIN,M,,,,1984,0,40,SEP25,1953,i
523747,"Ahlman, Aksel",FIN,M,,,,1591,0,40,SEP25,2010,
507857,"Ahlqvist, Esa",FIN,M,,,,1899,0,20,SEP25,1983,i
505994,"Ahokas, Heikki",FIN,M,,,,1899,0,20,SEP25,1975,i
513970,"Ahola, Eetu",FIN,M,,,,1923,9,20,SEP25,2005,
509191,"Ahonen, Jari",FIN,M,,,,1914,0,40,SEP25,1974,
511951,"Ahonen, Martin",FIN,M,,,,AIM,1797,0,SEP25,1991,
520179,"Ahtola, Aaron",FIN,M,,,,1622,0,40,SEP25,2011,
507571,"Ahvenjarvi, Jani",FIN,M,FM,,,2319,0,20,SEP25,1995,
505382,"Ailasmaa, Kimmo",FIN,M,,,,1784,0,20,SEP25,1961,i
521337,"Airamaa, Alex",FIN,M,,,,1648,0,40,SEP25,2006,i
505498,"Akkanen, Timo",FIN,M,,,,1791,0,20,SEP25,1960,
7603053,"Al Argha, Fatima",FIN,F,,,,1661,0,20,SEP25,2003,wi
7603720,"Al Hamoud, Malek",FIN,M,,,,1875,0,20,SEP25,1968,i
7601433,"Al Najar, Huda",FIN,F,,,,1798,0,20,SEP25,1962,wi
507997,"Al-Hajaj, Amjad",FIN,M,,,,1971,0,20,SEP25,1993,
7604408,"Al-Hamoud, Lyal",FIN,F,,,,1603,0,40,SEP25,2003,wi
7604157,"Al-Hamoud, Sham",FIN,F,,,,1703,0,20,SEP25,2001,wi
512265,"Alamaki, Jaakko",FIN,M,,,,1799,3,20,SEP25,1980,
500380,"Alava, Mikko",FIN,M,FM,,,2195,0,20,SEP25,1964,i
511200,"Alenius, Arto",FIN,M,,,,1872,0,40,SEP25,1948,i
510866,"Alho, Mikko",FIN,M,,,,2031,0,20,SEP25,1988,
512060,"Alho, Olli",FIN,M,,,,1828,3,40,SEP25,1965,
503002,"Alho, Sauli",FIN,M,,,,2104,0,20,SEP25,1978,i
516740,"Alic, Muamer",FIN,M,,,,2020,0,20,SEP25,1988,i
509701,"Alisaari, Vellu",FIN,M,,,,1511,3,20,SEP25,1979,
506893,"Alkkiomaki, Jyrki",FIN,M,,,,1912,0,20,SEP25,1945,
508136,"Almi, Olavi",FIN,M,,,,1939,0,40,SEP25,1944,i
521302,"Altimir, Otto",FIN,M,,,,1425,0,40,SEP25,2006,i
512982,"Andreev, Atos",FIN,M,,,,1712,0,20,SEP25,2002,i
519499,"Antonov, Alexey",FIN,M,,,,1658,0,40,SEP25,2003,
504670,"Anttila, Perttu",FIN,M,CM,,,2209,0,20,SEP25,1986,
513687,"Anttonen, Lasse",FIN,M,,,,1708,0,40,SEP25,1968,i
33417075,Archishman Das,FIN,M,,,,1601,0,40,SEP25,2014,
513199,"Arfwedson, Peter",FIN,M,,,,2025,0,40,SEP25,1956,i
7600127,"Argha, Hicham",FIN,M,FM,,,2070,0,20,SEP25,1960,
55702090,"Arlovskaya, Ekaterina",FIN,F,,,,1555,3,40,SEP25,2001,w
514659,"Aropaltio, Tapio",FIN,M,,,,1946,0,20,SEP25,1995,
504610,"Arpalahti, Antti",FIN,M,,,,2071,0,20,SEP25,1983,i
503797,"Arppi, Heikki",FIN,M,,,,1966,0,20,SEP25,1957,
516538,"Arstila, Petteri",FIN,M,,,,2114,0,40,SEP25,1968,
517518,"Ashforth, Timo",FIN,M,,,,1732,0,20,SEP25,2006,i
515990,"Asikainen, Eeli",FIN,M,,,,2162,0,40,SEP25,2010,
502952,"Asomaki, Pekka",FIN,M,,,,2082,0,20,SEP25,1961,
516473,"Asplund, Eva-Maria",FIN,F,,,,1581,0,40,SEP25,2003,wi
510815,"Astikainen, Antero",FIN,M,,,,1836,0,20,SEP25,1957,i
513997,"Aulanko, Oskari",FIN,M,,,,1567,0,40,SEP25,2006,i
510602,"Aura, Daniel",FIN,M,,,,1889,0,20,SEP25,2004,
505633,"Aura, Kristian",FIN,M,,,,1864,0,20,SEP25,1964,
512869,"Aurela, Valtteri",FIN,M,,,,1657,0,40,SEP25,2003,i
44105045,"Bacherikov, Alexander",FIN,M,,,,1800,0,20,SEP25,2006,i
519898,"Backman, Aaron",FIN,M,,,,1834,4,20,SEP25,2000,
510360,"Bederdin, Lilja",FIN,F,WFM,WFM,,2108,8,20,SEP25,2001,w
502766,"Behm, Jukka",FIN,M,,,,2112,0,20,SEP25,1978,i
4135555,"Belaya, Nastasya",FIN,F,WFM,WFM,,2031,5,20,SEP25,1980,w
520756,"Berg, Tuukka",FIN,M,,,,1633,0,40,SEP25,1986,
504033,"Bergman, Thomas",FIN,M,,,,AIM,1909,0,SEP25,1977,
518760,"Bhaumik, Mehr",FIN,F,,,,1616,3,40,SEP25,2014,w
6325440,"Bicer, Sena Aksel",FIN,M,,,,1914,0,20,SEP25,1998,i
500151,"Binham, Timothy F.",FIN,M,IM,,,2233,0,10,SEP25,1956,
512184,"Bjarnemark, Douglas",FIN,M,,,,2055,0,20,SEP25,1970,
510955,"Bjorkhem, Daniel",FIN,M,,,,1975,0,40,SEP25,1982,i
520586,"Bjugg, Benjamin",FIN,M,,,,1750,0,40,SEP25,2005,i
4163907,"Blinkov, Pavel",FIN,M,,,,2231,0,20,SEP25,1987,i
507326,"Blinov, Jurij",FIN,M,,,,1939,0,20,SEP25,1957,i
518085,"Blomberg, Daniel",FIN,M,,,,1767,0,40,SEP25,2001,i
519405,"Blomstedt, Kristian",FIN,M,,,,1748,0,40,SEP25,2004,
515370,"Bogdanov, Jaromir",FIN,M,,,,1500,0,40,SEP25,2007,i
511021,"Bomb, Timo",FIN,M,,,,1828,0,40,SEP25,1962,i
509299,"Borenius, Mika",FIN,M,,,,1899,0,40,SEP25,1969,i
506702,"Bostrom, Bo",FIN,M,,,,1935,0,40,SEP25,1950,i
519456,"Brade, Henry",FIN,M,,,,1739,0,20,SEP25,1985,
515582,"Bungov, Ilja",FIN,M,,,,1485,0,40,SEP25,2007,i
515728,"Buselli, Daniel",FIN,M,,,,1829,0,20,SEP25,1996,
503509,"Byggmastar, Lars",FIN,M,,,,2159,0,20,SEP25,1959,
501891,"Calonius, Mikael",FIN,M,,,,2059,0,20,SEP25,1975,
523453,"Calpe, Roman",FIN,M,,,,1934,0,40,SEP25,1996,
522627,"Collander, David",FIN,M,,,,1935,0,40,SEP25,2008,
522619,"Collander, Joel",FIN,M,,,,1902,0,40,SEP25,2008,
515736,"Connell, Oskar",FIN,M,,,,1873,0,40,SEP25,1998,i
516058,"Corbanese, Demetrio",FIN,M,,,,1823,0,20,SEP25,2003,i
523151,"DAmato, Carolina",FIN,F,,,,1522,4,40,SEP25,2015,w
518476,"DAmato, Francesco",FIN,M,,,,1781,4,40,SEP25,2010,
518247,"DAmato, Raffaele",FIN,M,,,,1758,5,40,SEP25,2014,
504688,"Dannenberg, Alia",FIN,F,,,,1920,0,20,SEP25,1975,w
506257,"Davidsainen, Kari",FIN,M,,,,1758,0,20,SEP25,1948,i
517828,"Degot, Konstantin",FIN,M,,,,1968,0,40,SEP25,2004,i
507938,"Demidov, Jan",FIN,M,,,,2195,0,20,SEP25,2000,i
522236,"Do, Tuong Vinh",FIN,M,,,,1854,0,40,SEP25,2009,
521990,"Donovan, Sabrina",FIN,F,,,,1502,8,40,SEP25,2012,w
520705,"Donovan, Stephen",FIN,M,,,,1743,9,40,SEP25,2011,
517666,"Dyral, Dody",FIN,M,,,,1667,0,40,SEP25,2002,i
505170,"Ebeling, Daniel",FIN,M,IM,,,2455,0,10,SEP25,1996,i
506591,"Ebeling, Gabriela",FIN,F,,,,1740,0,20,SEP25,1998,wi
508080,"Ebeling, Mariela",FIN,F,,,,1670,0,20,SEP25,2003,wi
500410,"Ebeling, Mika",FIN,M,FM,,,2210,0,20,SEP25,1964,
508071,"Ebeling, Mikaela",FIN,F,,,,1823,0,20,SEP25,2000,wi
518166,"Eerikainen, Risto",FIN,M,,NA,,1767,0,20,SEP25,1991,
516201,"Eerola, Antti",FIN,M,,,,1849,0,40,SEP25,1974,i
513091,"Eerola, Axel",FIN,M,,,,1458,0,40,SEP25,2005,i
521477,"Eerolainen, Tomas",FIN,M,,,,1556,0,40,SEP25,2005,i
518956,"Eidsto, Einar",FIN,M,,,,1887,0,40,SEP25,2000,i
518662,"Ekman, Netta",FIN,F,WCM,WCM,,1897,0,40,SEP25,1992,wi
510106,"Elg, Marko",FIN,M,,,,1957,0,40,SEP25,1986,
506672,"Elomaa, Arto",FIN,M,,,,2149,0,20,SEP25,1993,i
511790,"Elonheimo, Lauri",FIN,M,,,,1947,0,40,SEP25,1987,i
504696,"Eloranta, Kari",FIN,M,,,,1953,0,20,SEP25,1968,
506540,"Enberg, Viktor",FIN,M,,,,1939,0,40,SEP25,1976,i
504262,"Engelberg, Jan",FIN,M,,,,1865,0,20,SEP25,1971,
509060,"Eranne, Jani",FIN,M,,,,1768,0,40,SEP25,2001,
508705,"Eranne, Tomi",FIN,M,,,,1790,0,20,SEP25,1998,i
503894,"Eriksson, Jon",FIN,M,,,,2088,0,20,SEP25,1974,i
503886,"Eriksson, Tom",FIN,M,,,,1973,0,20,SEP25,1962,
508500,"Erlund, Kaj",FIN,M,,,,1955,0,20,SEP25,1953,
516171,"Eronen, Mikko",FIN,M,,,,1764,0,40,SEP25,1958,i
520241,"Ervasti, Kalle",FIN,M,,,,1646,0,40,SEP25,1992,
501751,"Eskelinen, Aarno",FIN,M,,,,2162,0,20,SEP25,1964,i
502154,"Eskola, Risto",FIN,M,,,,2058,0,20,SEP25,1965,i
519340,"Farnalskiy, Artur",FIN,M,,,,1578,0,40,SEP25,2013,i
4674693,"Fehr, Jukka",FIN,M,,,,1965,0,20,SEP25,1975,i
501093,"Fieandt, John",FIN,M,,,,2113,0,20,SEP25,1955,i
508403,"Filen, Hannu",FIN,M,,,,1882,0,20,SEP25,1953,
518158,"Finni, Harri",FIN,M,,,,1759,0,40,SEP25,1977,
508110,"Frisk, Ensio",FIN,M,,,,1881,0,20,SEP25,1941,i
508489,"Funck, Kaj",FIN,M,,,,1881,0,40,SEP25,1942,i
24177334,"Galchenko, Vadim",FIN,M,,,,2165,0,20,SEP25,1998,i
515019,"Garanin, Egor",FIN,M,,,,1643,0,40,SEP25,2002,i
519740,"Gatzios, Konstantinos",FIN,M,,,,1694,3,20,SEP25,1996,
522988,"Gemenetzis, Iris",FIN,F,,,,1609,5,40,SEP25,2016,w
515710,"Gonzalez Jimenez, Manuel",FIN,M,,,,1668,0,40,SEP25,1974,i
521035,"Gorbushin, Egor",FIN,M,,,,1856,0,40,SEP25,2010,
505226,"Graeffe, Petri",FIN,M,,,,2039,0,20,SEP25,1968,
505919,"Granat, Simo",FIN,M,,,,1962,0,20,SEP25,1963,
510009,"Grek, Marko",FIN,M,,,,1999,0,40,SEP25,1972,i
518948,"Gronlund, Niklas",FIN,M,,,,1884,0,40,SEP25,1969,
503720,"Gronroos, Matti",FIN,M,,,,1941,0,20,SEP25,1950,i
516457,"Gurevicius, Laurynas",FIN,M,,,,1878,0,40,SEP25,2001,i
500780,"Gustavsson, Kent",FIN,M,,,,1861,0,20,SEP25,1954,i
508438,"Haanila, Erkki",FIN,M,,,,1864,0,20,SEP25,1948,
521671,"Haapala, Daniel",FIN,M,,,,1841,0,40,SEP25,2000,
504106,"Haapamaki, Marko",FIN,M,,,,2084,0,40,SEP25,1966,i
515280,"Haapamaki, Mika",FIN,M,,,,1702,0,40,SEP25,1970,
511030,"Haapanen, Aapo",FIN,M,,,,1919,0,20,SEP25,1976,
515442,"Haapasalmi, Markku",FIN,M,,,,1409,0,40,SEP25,1969,
500500,"Haapasalo, Jukka-Pekka",FIN,M,,,,2058,0,20,SEP25,1964,
516678,"Haataja, Keijo",FIN,M,,,,1715,0,40,SEP25,1978,
503355,"Haataja, Riku",FIN,M,,,,2109,0,20,SEP25,1971,
514985,"Haddara, Marwan",FIN,M,,,,1891,0,20,SEP25,1993,i
505501,"Hagelberg, Lauri",FIN,M,,NA,,2070,0,20,SEP25,1985,
505404,"Haggren, Stig-Olof",FIN,M,,,,1980,0,20,SEP25,1936,i
504114,"Hagman, Margareta",FIN,F,,,,1770,0,40,SEP25,1954,wi
502782,"Haimi, Aleksandr",FIN,M,,,,2001,0,40,SEP25,1970,i
511943,"Hakala, Jani",FIN,M,,,,1918,0,40,SEP25,1975,i
504122,"Hakala, Mika",FIN,M,,,,1923,0,40,SEP25,1968,i
505510,"Hakanen, Tuomo",FIN,M,,,,2055,0,20,SEP25,1987,i
515116,"Hakkarainen, Tomi",FIN,M,,,,1882,0,40,SEP25,1982,
515973,"Hakkinen, Aleksandr",FIN,M,,,,2071,4,40,SEP25,2008,
511005,"Hakkinen, Henrik",FIN,M,,,,1814,0,20,SEP25,1978,
500186,"Hakulinen, Esko-Matti",FIN,M,FM,,,2327,0,20,SEP25,1968,i
517682,"Hakulinen, Pauli",FIN,M,,,,1928,0,40,SEP25,1996,
520020,"Hakulinen, Riki",FIN,M,,,,1848,0,40,SEP25,1995,
520438,"Hakulinen, Roope",FIN,M,,,,1681,0,40,SEP25,1992,
510890,"Hakulinen, Timo",FIN,M,,,,1743,0,40,SEP25,1962,i
508144,"Hall, Raimo",FIN,M,,,,1906,0,20,SEP25,1937,i
501271,"Hallenberg, Sami",FIN,M,,,,2134,0,20,SEP25,1977,
508098,"Hallman, Valo",FIN,M,FM,,,2219,0,20,SEP25,2001,i
518565,"Halme, Lucas",FIN,M,,,,1820,0,20,SEP25,2005,
502774,"Halmeenmaki, Tuomo",FIN,M,,,,2068,0,20,SEP25,1968,i
502529,"Halmesvirta, Anssi",FIN,M,,,,1855,0,20,SEP25,1956,
510491,"Halonen, Juhani",FIN,M,,,,1830,0,20,SEP25,1998,i
516660,"Hamalainen, Joel",FIN,M,,,,1819,0,40,SEP25,1986,i
509221,"Hamalainen, Jussi",FIN,M,,,,2055,0,20,SEP25,1987,
501530,"Hamalainen, Sami",FIN,M,,NA,,2108,0,20,SEP25,1970,
515612,"Hamberg, Jarkko",FIN,M,,,,1722,0,40,SEP25,1982,
516066,"Hamina, Martti",FIN,M,,NA,,1803,4,20,SEP25,1955,
506265,"Hanninen, Heikki",FIN,M,,,,1827,0,20,SEP25,1957,i
521094,"Hansen, Kaius",FIN,M,,,,1604,0,40,SEP25,2007,i
509000,"Harju, Antero",FIN,M,,,,1931,0,40,SEP25,1943,i
505773,"Harju, Jukka",FIN,M,,,,2059,0,20,SEP25,1968,
504270,"Harju, Tommi",FIN,M,,,,1984,0,40,SEP25,1974,i
502367,"Harjula, Mika",FIN,M,,,,2186,0,20,SEP25,1964,i
503134,"Hartikainen, Jarmo",FIN,M,CM,,,2061,0,20,SEP25,1963,
501417,"Hartikainen, Markku",FIN,M,FM,,,2281,0,20,SEP25,1973,
501549,"Hartio, Ilkka",FIN,M,,,,1932,4,20,SEP25,1961,
520454,"Hashemi, Ali",FIN,M,,,,1669,0,40,SEP25,1997,i
519960,"Hasu, Lassi",FIN,M,,,,1895,0,40,SEP25,2003,
504157,"Haurunen, Tuomo",FIN,M,,,,1625,0,20,SEP25,1951,i
503037,"Hautala, Roman",FIN,M,,,,2236,0,20,SEP25,1973,i
506915,"Hautamaki, Panu",FIN,M,,,,1912,0,40,SEP25,1990,i
508241,"Hautaniemi, Jarmo",FIN,M,,,,1972,0,20,SEP25,1956,
500372,"Havansi, Erkki E.T.",FIN,M,,,,2140,0,20,SEP25,1941,
518239,"Havela, Jari",FIN,M,,,,1621,0,40,SEP25,1955,i
510904,"Haverinen, Jarmo",FIN,M,,,,1687,0,20,SEP25,1977,i
517879,"Havumaki, Asko",FIN,M,,,,1660,0,40,SEP25,1964,
507865,"Havumaki, Jani",FIN,M,,,,1903,0,20,SEP25,1983,
522996,"Havusela, Aleksi",FIN,M,,,,1885,5,40,SEP25,2009,
504530,"Heikkila, Antti",FIN,M,,,,1878,0,20,SEP25,1939,i
517372,"Heikkila, Onni",FIN,M,,,,1565,0,40,SEP25,2005,i
508330,"Heikkila, Samu",FIN,M,,,,1892,0,40,SEP25,1986,i
513628,"Heikkinen, Juha",FIN,M,,,,1722,5,40,SEP25,1965,
501301,"Heikkinen, Jyrki",FIN,M,,,,2050,0,20,SEP25,1967,
501379,"Heinila, Ilari",FIN,M,,,,1698,0,40,SEP25,1945,i
502286,"Heinimaki, Leo",FIN,M,,,,2072,0,20,SEP25,1948,i
506273,"Heino, Aimo",FIN,M,,,,1698,4,20,SEP25,1956,
515175,"Heino, Hannu",FIN,M,,NA,,1989,0,40,SEP25,1947,i
502537,"Heino, Juha",FIN,M,,,,2093,0,20,SEP25,1967,
522090,"Heino, Oliver",FIN,M,,,,1581,0,40,SEP25,2015,
517011,"Heino, Pessi",FIN,M,,,,2183,5,40,SEP25,2010,
503495,"Heinola, Kari P.",FIN,M,,,,2181,0,20,SEP25,1963,i
1706063,"Heinola, Vesa",FIN,M,CM,,,2151,0,20,SEP25,1972,
506281,"Heinonen, Mauno",FIN,M,,,,1800,0,20,SEP25,1952,i
513636,"Heiska, Jari",FIN,M,,,,1911,0,40,SEP25,1966,i
514101,"Helander, Benjamin",FIN,M,,,,1983,0,20,SEP25,1999,
514365,"Helanti, Jaakko",FIN,M,,,,1904,0,20,SEP25,1971,
500496,"Helenius, Martti",FIN,M,,,,2239,0,20,SEP25,1963,
502480,"Helin, Tapio",FIN,M,,,,2168,0,20,SEP25,1983,i
513261,"Hellen, Bo-Erik",FIN,M,,,,2007,0,20,SEP25,1962,
506680,"Hellstrom, Jarkko",FIN,M,,,,1798,0,20,SEP25,1968,
520039,"Helmisola, Matti",FIN,M,,,,1868,0,20,SEP25,1971,
500992,"Henriksson, Christer",FIN,M,FM,,,2345,0,20,SEP25,1972,i
503045,"Henriksson, Svante",FIN,M,,,,2091,0,20,SEP25,1982,
500240,"Henttinen, Markku I.O.",FIN,M,FM,,,2197,0,20,SEP25,1960,
519820,"Hentunen, Leo",FIN,M,,,,1926,0,20,SEP25,1996,
515744,"Hero, Topi",FIN,M,,,,1561,0,40,SEP25,2005,i
503932,"Herranen, Matti",FIN,M,,,,2094,0,20,SEP25,1979,i
516015,"Hietakari, Anttu",FIN,M,,,,1596,0,40,SEP25,1989,i
521604,"Hietala, Juha",FIN,M,,,,1961,0,40,SEP25,1981,
512419,"Hietala, Kai",FIN,M,,,,1912,0,20,SEP25,1975,
660876,"Hietala, Pekka",FIN,M,,,,1960,0,20,SEP25,1957,
511765,"Hietala, Riku",FIN,M,,,,2070,0,40,SEP25,1985,i
517984,"Hietalahti, Matias",FIN,M,,,,1744,0,40,SEP25,2009,i
520861,"Hietanen, Ari",FIN,M,,,,1841,0,40,SEP25,1970,
519880,"Hietanen, Herman",FIN,M,,,,2109,5,40,SEP25,2008,
510912,"Hiisio, Pasi",FIN,M,,,,1695,0,20,SEP25,1963,i
512885,"Hilden, Santeri",FIN,M,,,,1614,0,40,SEP25,2002,i
505986,"Hiltunen, Ville",FIN,M,,,,1878,0,20,SEP25,1993,i
500615,"Hintikka, Eero",FIN,M,,,,1923,0,20,SEP25,1945,
518093,"Hirvonen, Henry",FIN,M,,,,1860,0,40,SEP25,1996,i
501450,"Hogberg, Toivo",FIN,M,,,,1875,0,40,SEP25,1940,i
501239,"Hokkanen, Petri",FIN,M,FM,,,2187,0,20,SEP25,1972,
514179,"Hollmerus, Elisabet",FIN,F,,,,1707,0,20,SEP25,2005,wi
505528,"Holmela, Kari",FIN,M,,,,1852,0,20,SEP25,1956,
500933,"Holmsten, Aleksei",FIN,M,IM,,,2269,0,10,SEP25,1970,
500542,"Holopainen, Timo",FIN,M,,,,2122,0,20,SEP25,1959,
517224,"Holsa, Jorma",FIN,M,,,,1653,0,40,SEP25,1952,i
504564,"Honkanen, Marko",FIN,M,,,,2086,0,20,SEP25,1980,
516333,"Honkanen, Teemu",FIN,M,,,,1935,0,20,SEP25,1986,
519090,"Horttanainen, Emil",FIN,M,,,,1745,0,40,SEP25,2005,
504793,"Hosia, Akseli",FIN,M,,,,1960,0,20,SEP25,1994,i
501719,"Houtsonen, Pedri",FIN,M,,,,2128,0,20,SEP25,1965,i
512001,"Huhtamaki, Heikki",FIN,M,,,,1912,0,40,SEP25,1970,i
506656,"Huhtanen, Eero",FIN,M,,,,1643,0,40,SEP25,1991,i
350191295,"Huiskonen, Janne",FIN,M,,,,1895,0,40,SEP25,1965,i
521396,"Hulkko, Markus",FIN,M,,,,1688,0,40,SEP25,1997,
521795,"Huotari, Leevi",FIN,M,,,,1532,0,40,SEP25,2010,i
509990,"Huovinen, Jere",FIN,M,,,,2253,0,20,SEP25,1996,
514390,"Huovinen, Sauli",FIN,M,,,,1891,0,40,SEP25,1980,i
506036,"Huttunen, Janne",FIN,M,,,,1979,0,40,SEP25,1969,i
509930,"Huttunen, Jarkko",FIN,M,,,,1962,0,40,SEP25,1980,i
501484,"Hynna, Kevin",FIN,M,,,,1949,0,20,SEP25,1971,i
504289,"Hynninen, Juha",FIN,M,,,,2224,0,20,SEP25,1986,
503240,"Hytonen, Harri",FIN,M,,,,2045,0,20,SEP25,1960,i
506931,"Hytonen, Janne",FIN,M,,,,1763,0,40,SEP25,1985,i
510270,"Hytonen, Timo",FIN,M,,,,1983,0,20,SEP25,1985,
523348,"Hyttinen, Pyry",FIN,M,,,,1554,0,40,SEP25,2011,
501131,"Hyvarinen, Juha",FIN,M,,,,1930,0,20,SEP25,1948,i
505757,"Ihaksi, Arto",FIN,M,,,,1929,0,20,SEP25,1965,i
523100,"Ihalainen, Juho",FIN,M,,,,1894,0,40,SEP25,1995,
507393,"Ihonen, Jari",FIN,M,,,,2070,0,40,SEP25,1972,i
504629,"Iinattiniemi, Kari",FIN,M,,,,1998,0,20,SEP25,1967,i
506940,"Iivonen, Markku",FIN,M,,,,2078,0,20,SEP25,1980,
514012,"Ikaheimo, Markku",FIN,M,,,,1607,0,40,SEP25,1960,i
504297,"Ilmoni, Tommy",FIN,M,,,,1954,0,20,SEP25,1972,i
505056,"Immonen, Vihtori",FIN,M,,,,2103,0,20,SEP25,1993,i
518573,"Impivaara, Anton",FIN,M,,,,1972,0,20,SEP25,2006,
515426,"Inkala, Pasi",FIN,M,,,,1844,0,40,SEP25,1971,
522139,"Inki, Atte",FIN,M,,,,1723,0,40,SEP25,2002,i
513350,"Inkinen, Julius",FIN,M,,,,1857,0,40,SEP25,1981,i
501654,"Innala, Heikki-Pekka",FIN,M,FM,,,2263,0,20,SEP25,1961,i
514896,"Irjala, Arttu",FIN,M,,,,1950,0,20,SEP25,2005,
516040,"Irjala, Atte",FIN,M,,,,1483,0,40,SEP25,2007,i
24295787,"Ivanaynen, Natalia",FIN,F,,,,1782,0,20,SEP25,1968,wi
514977,"Jaakkola, Niklas",FIN,M,,,,2143,0,40,SEP25,2010,
515485,"Jaakkola, Reijo",FIN,M,,,,1683,0,40,SEP25,1996,i
514551,"Jaakkola, Vesa",FIN,M,,,,ACM,1704,0,SEP25,1969,i
508926,"Jaaskelainen, Aleksandr",FIN,M,,,,1731,0,20,SEP25,2000,i
512729,"Jaaskelainen, Jani",FIN,M,,,,1922,0,40,SEP25,1974,i
502731,"Jaderholm, Bo",FIN,M,,,,1885,0,20,SEP25,1932,i
509973,"Jalas, Aaro",FIN,M,,,,1756,0,40,SEP25,1967,i
509809,"Jansson, Torolf",FIN,M,,,,1726,0,20,SEP25,1950,i
503371,"Jantti, Petri",FIN,M,,,,2092,0,20,SEP25,1976,i
505234,"Jarnefelt, Wilhelm",FIN,M,,,,1896,0,20,SEP25,1949,i
510572,"Jarnstrom, Henrik",FIN,M,,,,1795,0,20,SEP25,1952,i
516368,"Jaruta, Alexander",FIN,M,,,,1686,0,40,SEP25,2007,i
520160,"Jarvela, Helmi",FIN,F,,,,1575,0,40,SEP25,2015,w
503924,"Jarvela, Jari",FIN,M,,,,2090,0,20,SEP25,1960,
517259,"Jarvelin, Patrik",FIN,M,,,,1888,0,40,SEP25,1996,
504220,"Jarvenpaa, Jari",FIN,M,FM,,,2209,0,20,SEP25,1981,
513067,"Jarvensivu, Noa",FIN,M,,,,1506,0,40,SEP25,1999,i
517992,"Jarvi, Leo",FIN,M,,,,1702,0,40,SEP25,2010,
515531,"Jarvinen, Joel",FIN,M,,,,1619,0,40,SEP25,2007,
523534,"Jarvinen, Miika",FIN,M,,,,1620,0,40,SEP25,2004,
504548,"Jarvinen, Rauno",FIN,M,,,,2203,0,20,SEP25,1988,i
514128,"Jarviniemi, Olli",FIN,M,,,,1666,0,40,SEP25,2001,i
513458,"Jauhiainen, Kari",FIN,M,,,,1890,0,20,SEP25,1966,
517526,"Jaurakkajarvi, Jonne",FIN,M,,,,1545,0,40,SEP25,2005,i
511870,"Joentakanen, Kullervo",FIN,M,,,,2149,0,20,SEP25,1980,i
502278,"Joentausta, Hannu",FIN,M,,,,2085,0,20,SEP25,1955,
503959,"Johansson, Jan-Gosta",FIN,M,,,,1948,0,40,SEP25,1949,i
513202,"Johansson, Joakim",FIN,M,,,,1860,0,40,SEP25,1968,i
502448,"Johansson, Jukka",FIN,M,,,,2016,0,20,SEP25,1975,
513210,"Johansson, Niklas",FIN,M,,,,1631,0,40,SEP25,1969,i
505242,"Jokinen, Esko",FIN,M,,,,1758,0,40,SEP25,1941,i
513040,"Jokinen, Sini",FIN,F,,,,1633,0,20,SEP25,2006,wi
503177,"Jolkkonen, Kim",FIN,M,,,,1968,0,40,SEP25,1971,i
1154931,"Jonhede, Marko",FIN,M,,,,1931,0,20,SEP25,1971,
500968,"Jouhki, Yrjo M.",FIN,M,FM,,,2312,0,20,SEP25,1973,
513385,"Joutsivuo, Timo",FIN,M,,,,1891,0,40,SEP25,1961,i
501506,"Julkunen, Tapio",FIN,M,,,,1926,0,20,SEP25,1959,
504637,"Junnila, Ville",FIN,M,,,,1995,0,20,SEP25,1981,i
505544,"Juntunen, Reijo",FIN,M,,,,1726,0,40,SEP25,1965,
508128,"Juselius, Harry",FIN,M,,,,1870,0,20,SEP25,1961,i
520551,"Juutila, Rauno",FIN,M,,,,1666,0,40,SEP25,1959,
514780,"Juvonen, Aleksi",FIN,M,,,,1792,0,40,SEP25,1988,i
509639,"Jylha-Ollila, Kaarlo",FIN,M,,,,1778,0,20,SEP25,1954,
514373,"Jyska, Ilmari",FIN,M,,,,1860,0,40,SEP25,1980,
514470,"Kaariainen, Kaarle",FIN,M,,,,1617,0,40,SEP25,2008,i
506800,"Kaatiala, Pekka",FIN,M,,,,2027,0,20,SEP25,1961,i
521183,"Kachanov, Alexander",FIN,M,,,,ACM,1510,0,SEP25,2012,
509540,"Kahonen, Osmo",FIN,M,,,,1921,0,40,SEP25,1955,i
518816,"Kahre, Kim",FIN,M,,,,2119,0,20,SEP25,2000,
506958,"Kahri, Antti",FIN,M,,,,2116,0,20,SEP25,1988,
504017,"Kainulainen, Joona",FIN,M,,,,2026,0,20,SEP25,1980,i
521647,"Kaisto, Eemil",FIN,M,,,,1838,0,40,SEP25,2007,
523593,"Kaitaranta, Sameli",FIN,M,,,,2021,0,40,SEP25,2001,
519464,"Kaitila, Aleksi",FIN,M,,,,1700,0,20,SEP25,1991,
509957,"Kakranen, Aapo",FIN,M,,,,1920,0,20,SEP25,1984,i
501778,"Kallio, Heikki",FIN,M,GM,,,2492,0,10,SEP25,1980,i
506966,"Kallio, Juho",FIN,M,,,,1993,0,40,SEP25,1986,i
519650,"Kallunki, Karoliina",FIN,F,,,,1659,0,20,SEP25,2006,w
518611,"Kallunki, Konsta",FIN,M,,,,2053,0,20,SEP25,2004,
522864,"Kanevskiy, Aleksandr",FIN,M,,,,1801,0,40,SEP25,2010,
512150,"Kangas, Ari",FIN,M,,,,1880,0,40,SEP25,1961,i
504734,"Kangas, Lauri",FIN,M,,NA,,2056,0,20,SEP25,1984,
503614,"Kangas, Mauno",FIN,M,,,,1853,0,20,SEP25,1939,
504807,"Kangasniemi, Jussi",FIN,M,,,,1914,0,20,SEP25,1963,i
523240,"Kanjovski, Michael",FIN,M,,,,1655,0,40,SEP25,2008,
500194,"Kanko, Ilkka",FIN,M,FM,,,2175,0,20,SEP25,1934,i
503690,"Kapanen, Konsta",FIN,M,,,,2076,0,20,SEP25,1984,
508225,"Karasmaki, Seppo",FIN,M,,,,1783,0,20,SEP25,1962,
506044,"Karenlampi, Pirkka",FIN,M,,,,2018,0,20,SEP25,1972,i
513113,"Karhula, Adam",FIN,M,,,,1653,0,20,SEP25,2005,i
512893,"Karhula, Sandro",FIN,M,,,,1744,0,20,SEP25,2002,i
501336,"Karhunen, Kari",FIN,M,FM,,,2335,0,40,SEP25,1966,i
513474,"Karhunen, Kauko",FIN,M,,,,1803,0,40,SEP25,1949,i
518522,"Karimies, Tiitus",FIN,M,,,,1725,0,40,SEP25,2007,
512400,"Karjalainen, Joni",FIN,M,,,,1933,0,40,SEP25,1990,i
516848,"Karjalainen, Nuutti",FIN,M,,,,1813,0,20,SEP25,2000,i
519014,"Karki, Miska",FIN,M,,,,1750,0,40,SEP25,2003,
513601,"Karlsson, Bo",FIN,M,,,,1797,0,20,SEP25,1968,i
511455,"Karlsson, Reijo",FIN,M,,,,1850,0,40,SEP25,1971,
512613,"Karna, Timo",FIN,M,,,,1745,0,40,SEP25,1964,
507369,"Karppinen, Martti",FIN,M,,,,1864,4,20,SEP25,1953,
509159,"Karppinen, Mikael",FIN,M,,,,1859,0,40,SEP25,1974,i
522457,"Karthik, Aadharsh",FIN,M,,,,1684,0,40,SEP25,2012,
504076,"Karttinen, Risto",FIN,M,,,,1911,0,20,SEP25,1977,
502081,"Karttunen, Mika",FIN,M,IM,,,2490,0,10,SEP25,1981,
521051,"Karvala, Matias",FIN,M,,,,1658,0,40,SEP25,2009,i
514268,"Karvi, Timo",FIN,M,,,,2027,0,40,SEP25,1953,i
504742,"Karvinen, Kimmo",FIN,M,,,,1987,0,20,SEP25,1985,
511692,"Kaseva, Janne",FIN,M,,,,2029,0,20,SEP25,1983,
512710,"Kaskinen, Timo",FIN,M,,,,1982,0,40,SEP25,1973,
503215,"Kastinen, Riku",FIN,M,,,,1952,0,20,SEP25,1963,i
501794,"Kauko, Jussi",FIN,M,FM,,,2231,0,20,SEP25,1976,
504165,"Kauko, Pekka",FIN,M,,,,1834,0,20,SEP25,1945,
501557,"Kauma, Matti",FIN,M,,,,2068,0,40,SEP25,1954,i
504203,"Kaunonen, Jouni",FIN,M,,,,1654,0,20,SEP25,1952,
500585,"Kauppala, Pekka",FIN,M,,,,2046,0,20,SEP25,1961,
521264,"Kauppila, Lauri",FIN,M,,,,1734,0,40,SEP25,2010,
503390,"Kauppila, Osmo",FIN,M,FM,,,2309,0,20,SEP25,1981,
500623,"Kauppinen, Martti",FIN,M,,,,2198,0,20,SEP25,1963,i
514993,"Kauppinen, Matti",FIN,M,,,,1735,0,40,SEP25,1996,i
509256,"Kauranen, Matti",FIN,M,,,,2128,0,20,SEP25,1968,
503436,"Kaveniemi, Kari",FIN,M,,,,1920,0,20,SEP25,1961,
519430,"Kaverina, Anastasia",FIN,F,,,,1428,0,40,SEP25,2004,wi
34101737,"Keinanen, Anastasia",FIN,F,WIM,WIM,,2236,5,20,SEP25,2001,w
509825,"Keinanen, Toivo",FIN,M,IM,,,2503,9,10,SEP25,2002,
505714,"Keipi, Jaakko",FIN,M,,,,1976,0,40,SEP25,1957,
514560,"Kekalainen, Timo",FIN,M,,,,1981,0,20,SEP25,1989,
500348,"Kekki, Petri",FIN,M,IM,,,2284,0,10,SEP25,1966,
919330,"Kelmendi, Isak",FIN,M,,,,1790,0,20,SEP25,1978,
516155,"Kelo, Kauko",FIN,M,,,,1758,0,20,SEP25,1978,
511048,"Keloharju, Matti",FIN,M,,,,1876,0,40,SEP25,1965,
514403,"Kemppainen, Mikael",FIN,M,,,,1989,0,40,SEP25,1971,i
505790,"Kemppainen, Tuomo",FIN,M,,,,2037,0,40,SEP25,1980,i
521744,"Kemppinen, Juha",FIN,M,,,,1884,0,40,SEP25,1966,
508560,"Kesanen, Viljami",FIN,M,,,,1880,4,20,SEP25,1994,
523887,"Kesavaara, Aarni",FIN,M,,,,1549,3,40,SEP25,2011,
503851,"Keskinen, Lauri",FIN,M,,,,2114,0,20,SEP25,1983,i
502065,"Keskinen, Sauli",FIN,M,FM,,,2324,0,20,SEP25,1977,i
501433,"Keskisarja, Teemu",FIN,M,FM,,,2215,0,20,SEP25,1971,
514942,"Keso, Elias",FIN,M,FM,,,2253,0,20,SEP25,2005,i
503452,"Ketelimaki, Teemu",FIN,M,,,,1869,0,40,SEP25,1978,i
505730,"Keto-Tokoi, Markko",FIN,M,,,,1943,0,20,SEP25,1966,
503975,"Ketola, Ville",FIN,M,,,,AIM,2046,0,SEP25,1975,
513741,"Kettunen, Juha",FIN,M,,,,1909,0,40,SEP25,1965,i
510505,"Khanov, Peter Malachi",FIN,M,,,,1976,9,20,SEP25,1998,
508535,"Kholopov, Evgeny",FIN,M,,,,2168,0,20,SEP25,1977,
502243,"Kiili, Markus",FIN,M,,,,2091,0,20,SEP25,1973,
523003,"Kiili, Veikko",FIN,M,,,,1652,0,40,SEP25,2010,
504238,"Kiiski, Joona",FIN,M,,,,1995,0,20,SEP25,1982,i
507873,"Kiiskinen, Arto",FIN,M,,,,1885,0,40,SEP25,1953,i
501824,"Kilpela, Panu",FIN,M,,,,2105,0,20,SEP25,1975,i
501255,"Kilpi, Teemu",FIN,M,,,,2084,0,20,SEP25,1967,i
513059,"Kilpio, Vesa",FIN,M,,,,1798,0,40,SEP25,1947,i
501204,"Kiltti, Jyrki",FIN,M,,,,2179,0,20,SEP25,1970,i
508373,"Kimpiharju, Tapio",FIN,M,,,,1852,0,40,SEP25,1956,
507580,"Kinnari, Timo",FIN,M,,,,1860,0,40,SEP25,1965,i
505064,"Kinnunen, Kari",FIN,M,,,,2137,0,20,SEP25,1966,
515523,"Kinnunen, Konsta",FIN,M,,,,1581,0,40,SEP25,2006,i
501638,"Kinnunen, Markku",FIN,M,,,,1933,0,20,SEP25,1954,
501646,"Kinnunen, Seppo",FIN,M,,,,1937,0,20,SEP25,1964,
505560,"Kinnunen, Visa",FIN,M,,,,1803,0,40,SEP25,1975,
521418,"Kinnusvuori, Jani",FIN,M,,NA,,1473,0,40,SEP25,1989,
500550,"Kirjavainen, Pertti",FIN,M,,,,2250,0,20,SEP25,1956,i
514969,"Kirov, Vanessa",FIN,F,,,,1580,0,40,SEP25,2008,wi
505412,"Kiuttu, Roope",FIN,M,FM,,,2410,0,10,SEP25,1993,i
511889,"Kivi, Jouni",FIN,M,,,,2025,0,40,SEP25,1959,
500569,"Kiviaho, Allan",FIN,M,,,,2067,0,20,SEP25,1935,i
506303,"Kiviaho, Pauli",FIN,M,,,,1578,0,20,SEP25,1955,
503258,"Kivijarvi, Juha",FIN,M,,,,2182,0,20,SEP25,1973,
511773,"Kivilahti, Rami",FIN,M,,,,2024,0,20,SEP25,1971,
501921,"Kivimaki, Jaakko",FIN,M,,,,2177,0,20,SEP25,1954,
510513,"Kivimaki, Kasper",FIN,M,,,,2123,0,20,SEP25,1999,
501689,"Kivinen, Jyrki",FIN,M,,,,1964,0,20,SEP25,1965,
500399,"Kivipelto, Kaj",FIN,M,FM,,,2083,0,20,SEP25,1945,
5800803,"Kivisto, Mikko",FIN,M,FM,,,2214,0,20,SEP25,1963,
506168,"Kivitalo, Laura",FIN,F,WFM,WFM,,2030,0,20,SEP25,1992,wi
501697,"Kivivuori, Ilppo",FIN,M,,,,1941,0,40,SEP25,1965,
501077,"Kohvakka, Raimo",FIN,M,,,,1953,0,20,SEP25,1951,i
506052,"Koivistoinen, Timo",FIN,M,,,,1939,0,20,SEP25,1969,i
506311,"Koivumaki, Marko",FIN,M,,,,1738,0,20,SEP25,1971,
505781,"Koivunen, Jussi",FIN,M,,,,2047,0,20,SEP25,1981,
505358,"Koivusalo, Ville",FIN,M,,,,1947,0,20,SEP25,1981,
509779,"Kokkala, Janne",FIN,M,,,,1883,0,20,SEP25,1988,
501352,"Kokkila, Tero",FIN,M,FM,,,2252,0,20,SEP25,1968,
501123,"Kokko, Esa",FIN,M,,,,1956,0,20,SEP25,1969,i
519154,"Kokkonen, Kristian",FIN,M,,,,1597,0,40,SEP25,2011,
514918,"Kokkonen, Lassi",FIN,M,,,,1977,0,20,SEP25,2004,
515183,"Kokkonen, Sirpa",FIN,F,,,,1558,0,20,SEP25,1968,wi
521256,"Kolotushkin, Grigorii",FIN,M,,,,1689,0,40,SEP25,2010,
511170,"Komulainen, Lauri",FIN,M,,,,2011,0,20,SEP25,1991,
34434712,"Kondratev, Denis Al.",FIN,M,,,,AFM,2023,0,SEP25,1985,
503827,"Kononen, Keijo",FIN,M,,,,2222,0,20,SEP25,1978,
508993,"Konttinen, Timo",FIN,M,,,,1969,0,40,SEP25,1976,i
515868,"Koota, Ilkka",FIN,M,,,,1897,0,40,SEP25,2008,
516546,"Koota, Kati",FIN,F,,,,1544,0,40,SEP25,1972,wi
523763,"Kopakkala, Aku",FIN,M,,,,1894,0,40,SEP25,1958,
1706594,"Kopsa, Petri",FIN,M,,,,1978,0,20,SEP25,1969,
509116,"Korhonen, Aki",FIN,M,,,,2022,0,20,SEP25,1982,i
504769,"Korhonen, Marko",FIN,M,,,,2070,0,20,SEP25,1972,
515272,"Korhonen, Taneli",FIN,M,,,,1720,0,40,SEP25,1991,i
350191034,"Korjus, Marko",FIN,M,,,,1760,0,20,SEP25,1973,
350191043,"Korjus, Onni",FIN,M,,,,1950,0,20,SEP25,2001,
500666,"Korman, Henrik",FIN,M,,,,2221,0,20,SEP25,1965,i
513016,"Korpela, Olavi",FIN,M,,,,1736,0,40,SEP25,1942,
517097,"Korpelainen, Paul",FIN,M,,,,1932,0,20,SEP25,1994,
505200,"Kortesharju, Jaakko",FIN,M,,,,1970,0,40,SEP25,1982,i
505579,"Korttila, Matti",FIN,M,,,,2077,0,40,SEP25,1982,i
520110,"Korupolu, Sukrith",FIN,M,,,,1759,0,40,SEP25,2009,
514721,"Koskenkorva, Pekka",FIN,M,,,,1665,0,40,SEP25,1981,i
515310,"Koski, Juha-Pekka",FIN,M,,,,1867,0,40,SEP25,1977,i
516031,"Koski, Kimmo",FIN,M,,,,1518,0,40,SEP25,1966,i
503487,"Koski, Pekka",FIN,M,,,,1856,0,20,SEP25,1941,
505870,"Koskimaa, Esko",FIN,M,,,,1906,0,20,SEP25,1971,
520047,"Koskimaa, Niila",FIN,M,,,,1710,0,40,SEP25,2013,
501859,"Koskinen, Antti",FIN,M,,,,2053,0,20,SEP25,1981,
506460,"Koskinen, Erkki",FIN,M,,,,1915,0,20,SEP25,1954,i
512680,"Koskinen, Hannu E.",FIN,M,,,,1846,0,20,SEP25,1954,
500720,"Koskinen, Henri",FIN,M,FM,,,2122,0,20,SEP25,1964,
511854,"Koskinen, Matti",FIN,M,,,,1923,0,40,SEP25,1962,
503347,"Koskinen, Mika",FIN,M,,,,2089,0,20,SEP25,1970,i
504823,"Koskinen, Riku",FIN,M,,,,1997,0,20,SEP25,1993,
503380,"Koskinen, Veikko",FIN,M,,,,1864,0,20,SEP25,1946,
504173,"Kosmo, Santul",FIN,M,,,,2248,0,20,SEP25,1982,
507709,"Kosonen, Markku",FIN,M,,,,1532,0,40,SEP25,1945,
506982,"Kotilainen, Ari",FIN,M,,,,1922,0,20,SEP25,1968,
516180,"Kovalainen, Markus",FIN,M,,,,1812,0,40,SEP25,1950,i
513156,"Kovanen, Pyry",FIN,M,,,,1752,4,40,SEP25,1991,
514950,"Kovbasenko, Maxim",FIN,M,,,,1597,0,40,SEP25,2004,i
517160,"Kovero, Mikko",FIN,M,,,,1951,0,20,SEP25,1989,i
504777,"Kovero, Pirkka-Pekka",FIN,M,,,,2073,0,40,SEP25,1987,i
504319,"Koykka, Pekka",FIN,M,IM,,,2340,0,10,SEP25,1990,
509019,"Krasilnikov, Sergei",FIN,M,,,,2008,0,40,SEP25,1960,i
510130,"Krok, Pasi",FIN,M,,,,2021,0,40,SEP25,1962,
508934,"Kugappi, Tomi",FIN,M,,,,2078,0,20,SEP25,2002,i
518042,"Kuisma, Juho",FIN,M,,,,1909,0,40,SEP25,1991,i
500291,"Kujala, Auvo",FIN,M,FM,,,2244,0,20,SEP25,1957,i
518980,"Kujala, Tuomas",FIN,M,,,,1909,0,20,SEP25,1989,i
507466,"Kujasalo, Marjatta",FIN,F,,,,1754,0,20,SEP25,1943,wi
511684,"Kukkonen, Jaakko",FIN,M,,,,2065,0,20,SEP25,1957,
514713,"Kukkonen, Martti",FIN,M,,,,1652,0,20,SEP25,1946,
504866,"Kukkonen, Matti",FIN,M,,,,1748,0,40,SEP25,1949,i
518905,"Kulmala, Jere",FIN,M,,,,1741,0,40,SEP25,1999,i
506320,"Kulmala, Kalle-Juhani",FIN,M,,,,1844,0,20,SEP25,1939,i
513989,"Kulmala, Viktor",FIN,M,,,,1425,0,20,SEP25,2006,i
514284,"Kumar, Ashwin",FIN,M,,,,1936,0,20,SEP25,1985,
514799,"Kumpulainen, Iiro",FIN,M,,,,1914,0,40,SEP25,1998,i
505269,"Kumpulainen, Jari",FIN,M,,,,1861,0,20,SEP25,1966,
508314,"Kumpulainen, Kalle",FIN,M,,FA,,2022,0,20,SEP25,1988,
512907,"Kumpumaki, Santeri",FIN,M,,,,1677,0,40,SEP25,2003,i
513644,"Kumpuniemi, Tapio",FIN,M,,,,1785,0,20,SEP25,1948,i
521949,"Kunnari, Niila",FIN,M,,,,1620,0,40,SEP25,1984,
510530,"Kunnari, Taisto",FIN,M,,,,1828,0,40,SEP25,1956,i
506990,"Kunnas, Erkki",FIN,M,,,,1905,0,40,SEP25,1939,i
517658,"Kuoppala, Meeri",FIN,F,,,,1527,0,40,SEP25,2005,wi
512052,"Kuparinen, Ossi",FIN,M,,NA,,1868,0,40,SEP25,1954,
505706,"Kurkijarvi, Mikko",FIN,M,,,,2041,0,20,SEP25,1992,
509388,"Kuro, Timo",FIN,M,,,,1961,0,40,SEP25,1952,
11629452,"Kuznecova, Polina",FIN,F,,,,1729,0,40,SEP25,2009,w
509086,"Kyburz, Peter",FIN,M,,,,1815,0,40,SEP25,1953,i
507008,"Kyburz, Stefan",FIN,M,,,,1997,0,20,SEP25,1980,
501425,"Kytoniemi, Jyrki",FIN,M,FM,,,2174,0,20,SEP25,1972,
504904,"Laajo, Juha",FIN,M,,,,AIM,1924,0,SEP25,1964,i
519790,"Laakia, Lauri",FIN,M,,,,1903,0,40,SEP25,2001,
513784,"Laakkonen, Markus",FIN,M,,,,1730,0,40,SEP25,1991,i
501760,"Laakso, Harri",FIN,M,,,,2103,0,20,SEP25,1968,
510785,"Laakso, Joel",FIN,M,,,,1821,0,20,SEP25,1978,i
513890,"Laakso, Petri",FIN,M,,,,1656,0,40,SEP25,1972,i
517631,"Laaksonen, Matti",FIN,M,,,,1855,0,40,SEP25,1979,
512737,"Laaksovuori, Tommi",FIN,M,,,,1797,0,40,SEP25,1985,
502871,"Laasanen, Teemu",FIN,M,,,,2062,0,20,SEP25,1975,
501328,"Laato, Antti",FIN,M,,,,2195,0,20,SEP25,1961,i
504785,"Laato, Samuli",FIN,M,,,,2056,0,20,SEP25,1990,i
510394,"Lahdelma, Henri",FIN,M,FM,,,2277,9,20,SEP25,2000,
504327,"Lahti, Jouko",FIN,M,,,,1944,0,20,SEP25,1946,
500453,"Lahtinen, Markku",FIN,M,FM,,,2235,0,20,SEP25,1966,i
512532,"Laihonen, Hanna",FIN,F,,,,1781,0,20,SEP25,2003,w
501409,"Laihonen, Petteri",FIN,M,,,,2219,0,20,SEP25,1972,
500631,"Laine, Heikki",FIN,M,,,,2274,0,20,SEP25,1970,i
500950,"Laine, Panu",FIN,M,CM,FA,,2057,0,20,SEP25,1964,i
521388,"Laine, Tuomas",FIN,M,,,,1669,0,40,SEP25,1993,i
506109,"Laire, Johannes",FIN,M,,,,1953,0,40,SEP25,1991,i
516490,"Laire, Miika",FIN,M,,,,1779,0,40,SEP25,1981,
511366,"Laitamaki, Veikko",FIN,M,,,,1835,0,40,SEP25,2000,
507598,"Laitinen, Jarmo",FIN,M,,,,1842,0,40,SEP25,1952,i
500798,"Laitinen, Leena",FIN,F,,,,2005,0,20,SEP25,1957,wi
505587,"Laitinen, Mika",FIN,M,,,,1996,0,20,SEP25,1991,i
521868,"Laivoranta, Valtteri",FIN,M,,,,1721,0,40,SEP25,2006,
503096,"Lako, Mika",FIN,M,,,,2242,0,20,SEP25,1967,i
520667,"Lallukka, Eloisa",FIN,F,,,,1709,0,40,SEP25,2012,w
512540,"Lallukka, Juho",FIN,M,,,,1735,0,40,SEP25,1993,i
510777,"Lallukka, Taneli",FIN,M,,NA,,1940,0,20,SEP25,1977,
501263,"Lammi, Jyri",FIN,M,,,,2059,0,20,SEP25,1970,
509884,"Lamminmaki, Oiva",FIN,M,,,,1520,0,40,SEP25,1941,
501468,"Lampen, Timo",FIN,M,FM,,,2283,0,20,SEP25,1975,i
504335,"Lansimaki, Ville",FIN,M,,,,1971,0,20,SEP25,1985,i
519685,"Lappalainen, Eemi",FIN,M,,,,1852,0,40,SEP25,2007,
505048,"Lappalainen, Matias",FIN,M,,,,2000,4,20,SEP25,1998,
507016,"Lappalainen, Sasu",FIN,M,,,,1998,0,20,SEP25,1974,i
512745,"Lappi, Esa",FIN,M,,NA,,1961,0,40,SEP25,1968,i
513032,"Lappi, Utu",FIN,F,,,,1514,0,20,SEP25,2006,wi
500852,"Larionova, Katariina",FIN,F,,,,1697,0,20,SEP25,1998,wi
500860,"Larionova, Maria",FIN,F,,,,1732,0,20,SEP25,1995,wi
501573,"Lassila, Erkki",FIN,M,FM,,,2338,0,20,SEP25,1976,i
514322,"Lattu, Simo",FIN,M,,,,1913,0,40,SEP25,1972,i
65000056,"Laturkar, Iraj",FIN,M,,,,1727,0,40,SEP25,2007,
513229,"Laukkanen, Jere",FIN,M,,,,2110,0,20,SEP25,1984,
516465,"Laukkanen, Joona",FIN,M,,,,1780,0,40,SEP25,1999,i
500305,"Lauren, Martti",FIN,M,FM,,,2128,0,20,SEP25,1960,
509493,"Laurikainen, Janne",FIN,M,,,,1714,0,40,SEP25,1995,i
507024,"Laurila, Antti",FIN,M,,,,1920,0,40,SEP25,1988,
506834,"Lauronen, Jouko",FIN,M,,,,1825,0,40,SEP25,1950,i
501867,"Lauronen, Tapio",FIN,M,,,,1961,0,20,SEP25,1991,i
506559,"Lauronen, Timo",FIN,M,,,,2011,0,20,SEP25,1985,
524506,"Lauzhin, Viktor",FIN,M,,,,1798,0,40,SEP25,1960,
512818,"Lavonen, Niklas",FIN,M,,,,1796,0,20,SEP25,2000,i
500674,"Lehikoinen, Pertti Ilari",FIN,M,,,,2217,0,20,SEP25,1952,i
509078,"Lehtela, Antti",FIN,M,,,,1805,4,20,SEP25,1957,
502090,"Lehti, Juhani",FIN,M,,,,2222,0,20,SEP25,1973,
510629,"Lehtila, Taneli",FIN,M,,,,2207,0,20,SEP25,1993,
502472,"Lehtinen, Antti",FIN,M,,,,2179,0,20,SEP25,1979,i
514810,"Lehtinen, Elias",FIN,M,,,,1913,0,40,SEP25,2001,i
502111,"Lehtinen, Heikki",FIN,M,IM,,,2389,0,10,SEP25,1980,i
515566,"Lehtinen, Helja",FIN,F,,,,1949,0,20,SEP25,2003,w
514829,"Lehtinen, Justus",FIN,M,,,,1689,0,20,SEP25,2005,i
509868,"Lehtinen, Tero",FIN,M,,,,1962,0,20,SEP25,1958,i
506737,"Lehtinen, Tero",FIN,M,,,,1855,0,20,SEP25,1976,
521710,"Lehtinen, Verneri",FIN,M,,,,1813,0,40,SEP25,2000,i
523577,"Lehtinen, Ville-Veikko",FIN,M,,,,1698,0,40,SEP25,2008,
502200,"Lehtioksa, Jorma",FIN,M,,,,2160,0,20,SEP25,1962,
501964,"Lehtisalo, Marko",FIN,M,,,,2098,0,20,SEP25,1964,i
500682,"Lehtivaara, Petri",FIN,M,FM,,,2265,0,10,SEP25,1967,
500275,"Lehtivaara, Risto",FIN,M,FM,,,2116,0,20,SEP25,1966,
501972,"Lehto, Antti",FIN,M,,,,2199,0,20,SEP25,1970,
506630,"Lehto, Mikko",FIN,M,,,,1864,0,40,SEP25,1968,i
511650,"Lehto, Pekka",FIN,M,,,,1838,0,40,SEP25,1964,i
500208,"Lehto, Ville",FIN,M,FM,,,2123,0,20,SEP25,1964,
506346,"Lehtohalme, Lasse",FIN,M,,,,1982,0,20,SEP25,1983,
517054,"Lehtonen, Jari",FIN,M,,,,1543,0,40,SEP25,1977,
501980,"Lehtonen, Simo",FIN,M,,,,2000,0,20,SEP25,1984,
501174,"Lehtosaari, Kalevi",FIN,M,,,,1966,0,20,SEP25,1943,
501999,"Lehtosaari, Mauri",FIN,M,,,,2145,0,20,SEP25,1980,
506435,"Lehvonen, Jari",FIN,M,,,,1942,0,40,SEP25,1971,i
501581,"Leino, Jukka",FIN,M,,,,2148,0,20,SEP25,1955,i
505420,"Leino, Pauli",FIN,M,,,,1947,0,20,SEP25,1972,i
517003,"Leinonen, Jere",FIN,M,,,,1863,0,40,SEP25,2000,i
510025,"Leisti, Simo",FIN,M,,,,2082,0,20,SEP25,1969,
506001,"Lembidakis, Michael",FIN,M,,,,1671,0,20,SEP25,1949,
518263,"Lempea, Pekka",FIN,M,,,,1547,0,40,SEP25,1968,
516287,"Leoukhine, Mikhail",FIN,M,,,,1685,0,40,SEP25,1959,i
507059,"Leppakoski, Miro",FIN,M,,,,1980,0,40,SEP25,1991,i
521680,"Leppanen, Aleksi",FIN,M,,,,1765,0,40,SEP25,1992,
520420,"Levanov, Nikolay",FIN,M,,,,1712,5,40,SEP25,2013,
505862,"Levomaki, Rikumatti",FIN,M,,,,1961,0,40,SEP25,1973,
522104,"Li, Sixing",FIN,M,,,,1590,0,40,SEP25,2016,
509531,"Liimatainen, Jero",FIN,M,,,,1969,0,40,SEP25,1979,i
503282,"Liitiainen, Elia",FIN,M,,,,2206,0,20,SEP25,1984,i
507792,"Lilja, Olavi Jouko",FIN,M,,,,1726,4,40,SEP25,1957,
513237,"Limingoja, Sami",FIN,M,,,,1455,0,40,SEP25,1976,i
519901,"Lind, Nino",FIN,M,,,,1942,0,40,SEP25,1992,i
512923,"Lindblom, Amos",FIN,M,,,,1788,0,40,SEP25,2002,i
520691,"Lindblom, Timi",FIN,M,,,,1867,0,40,SEP25,2004,i
504920,"Linden, Lari",FIN,M,,,,2188,0,20,SEP25,1993,
502014,"Lindholm, Arto",FIN,M,,,,1986,0,40,SEP25,1962,i
508012,"Lindholm, Jere",FIN,M,,,,2161,4,20,SEP25,1998,
507601,"Lindholm, Lars",FIN,M,,,,1791,0,20,SEP25,1944,i
504351,"Lindholm, Pertti",FIN,M,,,,1786,0,20,SEP25,1948,i
512516,"Lindholm, Tommi",FIN,M,,,,1966,0,40,SEP25,1969,
513369,"Lindqvist, Lasse",FIN,M,,,,1939,0,40,SEP25,1991,i
501700,"Lindqvist, Tor-Erik",FIN,M,FM,,,2130,0,20,SEP25,1962,
513288,"Lindroos, Jukka",FIN,M,,,,1733,0,40,SEP25,1973,i
500143,"Lindstedt, Johan",FIN,M,FM,,,2196,0,20,SEP25,1965,i
515655,"Lindstrem, Timur",FIN,M,,,,1622,0,40,SEP25,2008,i
506850,"Linna, Asko",FIN,M,,,,1918,0,20,SEP25,1949,i
500976,"Linnanen, Lassi",FIN,M,,,,2181,0,20,SEP25,1967,
514870,"Linnossuo, Lauri",FIN,M,,,,1873,0,20,SEP25,2004,
501590,"Linqvist, Grels",FIN,M,,,,1980,0,20,SEP25,1954,
500887,"Lipsanen, Esa",FIN,M,,,,2240,0,40,SEP25,1957,i
500062,"Liu, Dennis",FIN,M,,,,1968,0,20,SEP25,1996,i
510734,"Liu, Haohao",FIN,F,,,,1590,0,40,SEP25,2002,wi
516767,"Lof, Sven",FIN,M,,,,1829,0,40,SEP25,1941,i
503789,"Loisa, Antti",FIN,M,,,,2110,0,40,SEP25,1958,i
505137,"Lonnqvist, Henrik",FIN,M,,,,2000,0,20,SEP25,1975,
506516,"Louhi, Tapio",FIN,M,,,,1725,0,20,SEP25,1993,i
502022,"Louhivaara, Jere",FIN,M,,,,1918,0,20,SEP25,1966,
507881,"Loyttyniemi, Marko",FIN,M,,,,1660,0,40,SEP25,1971,
502880,"Luodonpaa, Martti",FIN,M,,,,1799,4,20,SEP25,1948,
505331,"Luoma, Heikki",FIN,M,,,,1853,0,20,SEP25,1948,i
514020,"Luosto, Kerkko",FIN,M,,,,1887,0,20,SEP25,1964,i
514039,"Luosto, Tuure",FIN,M,,,,1523,0,40,SEP25,2004,i
511226,"Luukas, Matti",FIN,M,,,,1689,0,40,SEP25,1948,i
515493,"Luukkonen, Leevi",FIN,M,,,,1677,0,40,SEP25,2002,i
501808,"Luukkonen, Tommi",FIN,M,FM,,,2260,4,20,SEP25,1977,
504246,"Lyly, Seppo",FIN,M,,,,1890,0,20,SEP25,1947,i
519979,"Lyytikainen, Linus",FIN,M,,,,1961,0,40,SEP25,2004,
503657,"Maatta, Vesa",FIN,M,,,,2059,0,40,SEP25,1966,i
519758,"Maenpaa, Jori",FIN,M,,,,1774,0,40,SEP25,1964,
509469,"Maensivu, Martti",FIN,M,,,,1591,0,20,SEP25,1957,
502189,"Mahonen, Timo",FIN,M,,,,1996,0,40,SEP25,1945,i
516597,"Makela, Ari",FIN,M,,,,1793,0,20,SEP25,1969,
513300,"Makela, Krister",FIN,M,,,,1731,0,40,SEP25,1979,i
507415,"Makela, Lauri",FIN,M,,,,2110,0,20,SEP25,1979,
512346,"Makela, Paavo",FIN,M,,,,1811,0,40,SEP25,1959,
506354,"Maki, Juha",FIN,M,,,,AIM,2018,0,SEP25,1968,
510416,"Maki, Kalle",FIN,M,,,,1633,0,40,SEP25,2001,i
514357,"Maki-Franti, Petri",FIN,M,,,,1905,0,40,SEP25,1973,
502383,"Maki-Torkko, Martti",FIN,M,,,,2195,0,40,SEP25,1961,i
510580,"Maki-Uuro, Klaara",FIN,F,,,,1612,0,40,SEP25,2003,wi
501344,"Maki-Uuro, Miikka",FIN,M,IM,,,2236,0,10,SEP25,1972,
510599,"Maki-Uuro, Tuure",FIN,M,,,,1533,0,40,SEP25,2005,
502260,"Makinen, Ilkka",FIN,M,,,,2111,0,20,SEP25,1951,i
1704036,"Makinen, Janne",FIN,M,,,,2023,0,20,SEP25,1979,i
522260,"Makinen, Kasimir",FIN,M,,,,1637,0,40,SEP25,1995,
521434,"Makinen, Kesia",FIN,F,,,,1720,0,20,SEP25,1995,w
502197,"Makinen, Ville",FIN,M,,,,2028,0,20,SEP25,1987,
522430,"Malaska, Niko",FIN,M,,,,1772,5,40,SEP25,1993,
505366,"Malmi, Eric",FIN,M,,,,2054,0,20,SEP25,1989,i
507423,"Mannberg, Henry",FIN,M,,,,1942,0,20,SEP25,1985,i
508896,"Mannerlehto, Miikka",FIN,M,,,,1837,0,40,SEP25,1991,i
500461,"Manni, Matti",FIN,M,,,,2206,0,40,SEP25,1953,i
506060,"Manninen, Anssi",FIN,M,,,,2080,0,20,SEP25,1975,i
507610,"Manninen, Harri",FIN,M,,,,2043,0,40,SEP25,1975,i
500690,"Manninen, Marko",FIN,M,IM,,,2360,0,10,SEP25,1970,
502227,"Mannisto, Eero",FIN,M,,,,1966,0,20,SEP25,1981,
508462,"Mannisto, Kari",FIN,M,,,,1927,0,40,SEP25,1947,i
514063,"Manns, Harri",FIN,M,,,,1639,0,40,SEP25,1978,i
513938,"Mansner, Harry",FIN,M,FM,,,2234,0,20,SEP25,1995,
507890,"Mantyniemi, Jaakko",FIN,M,,,,1859,0,20,SEP25,1956,
520675,"Marjamaa, Vaino",FIN,M,,,,1810,0,40,SEP25,2006,
504386,"Marjusaari, Eero",FIN,M,,,,2003,0,20,SEP25,1983,
520349,"Markkanen, Juho",FIN,M,,,,1847,0,40,SEP25,2008,
506370,"Marten, Marwan",FIN,M,,,,1715,0,20,SEP25,1982,
516228,"Martinec, Tamas",FIN,M,,,,2074,0,20,SEP25,2002,
509167,"Marttila, Olli",FIN,M,,,,1862,0,40,SEP25,1981,i
509108,"Marttinen, Jussi",FIN,M,,,,AFM,1951,0,SEP25,1982,
506150,"Marttinen, Jussi",FIN,M,,,,1880,0,40,SEP25,1991,i
505153,"Marttinen, Teppo",FIN,M,,,,1905,0,40,SEP25,1989,i
521019,"Mashhadi Aghajan, Rayan",FIN,M,,,,2059,0,40,SEP25,2015,
506230,"Mashiri, Arthur",FIN,M,,,,1980,0,20,SEP25,1969,i
504084,"Matikainen, Olli",FIN,M,,,,1935,0,20,SEP25,1970,
522481,"Matikainen, Risto",FIN,M,,,,1906,4,40,SEP25,1981,
503428,"Matilainen, Juhani",FIN,M,,,,1925,0,40,SEP25,1940,i
524484,"Matiusenko, Anna",FIN,F,,,,1703,4,40,SEP25,2005,w
507083,"Mattila, Kalle",FIN,M,,,,1753,0,40,SEP25,1946,i
505609,"Mattila, Olavi",FIN,M,,,,1826,0,20,SEP25,1940,i
512621,"Mattila, Pertti",FIN,M,,,,1849,0,40,SEP25,1942,i
506443,"Melanko, Ilkka",FIN,M,,,,1957,0,40,SEP25,1958,i
522805,"Melasniemi, Frank",FIN,M,,,,1626,0,40,SEP25,2011,
508519,"Mellin, Pasi",FIN,M,,,,1980,0,20,SEP25,1983,i
516252,"Merilainen, Anton",FIN,M,,,,1762,0,40,SEP25,1981,i
501875,"Mertanen, Janne",FIN,M,FM,,,2276,0,20,SEP25,1977,
503126,"Meskanen, Vesa",FIN,M,,,,2033,0,20,SEP25,1950,i
9900888,"Methmali, Y.",FIN,F,WCM,WCM,,1815,0,20,SEP25,1989,w
501050,"Miettinen, Teemu",FIN,M,,,,1938,0,20,SEP25,1972,
508381,"Miikkulainen, Jouko",FIN,M,,,,1698,3,20,SEP25,1952,
519316,"Mikkola, Akseli",FIN,M,,,,1847,0,20,SEP25,1999,
512656,"Mikkola, Sakari",FIN,M,,,,1805,0,20,SEP25,1964,
508411,"Mikkonen, Harri",FIN,M,,,,1934,0,20,SEP25,1963,
511994,"Mikkonen, Harri",FIN,M,,,,1727,0,40,SEP25,1976,i
508950,"Miljard, Kai",FIN,M,,,,1924,0,40,SEP25,1963,i
510033,"Miskala, Juha",FIN,M,,,,2021,0,40,SEP25,1978,i
34139920,"Mitjushin, Mihail",FIN,M,,,,1835,0,20,SEP25,1996,
512281,"Modilainen, Toivo",FIN,M,,,,1642,0,40,SEP25,1948,i
509205,"Moilanen, Teppo",FIN,M,,,,1946,0,20,SEP25,1990,
515914,"Moisio, Miska",FIN,M,,,,2028,4,40,SEP25,2007,
510440,"Molander, Joel",FIN,M,,,,2003,0,40,SEP25,2001,
502120,"Molander, Riku",FIN,M,FM,,,2289,0,20,SEP25,1979,i
517100,"Molari, Jukka",FIN,M,,,,2007,0,40,SEP25,1957,i
513830,"Mononen, Heikki",FIN,M,,,,1830,0,40,SEP25,1951,
512575,"Montonen, Samu",FIN,M,,,,2021,0,20,SEP25,1988,
503517,"Morant, Paul",FIN,M,,,,1976,0,20,SEP25,1945,
507628,"Morsky, Olavi",FIN,M,,,,1870,0,40,SEP25,1954,i
504360,"Mottonen, Ari",FIN,M,,,,1852,0,20,SEP25,1961,
507105,"Muhonen, Sami",FIN,M,,,,1767,0,20,SEP25,1973,i
504645,"Mujunen, Martti",FIN,M,,,,2043,0,20,SEP25,1943,i
515515,"Multanen, Jimi",FIN,M,,,,1990,0,20,SEP25,2003,
502723,"Munukka, Timo",FIN,M,,,,1982,0,20,SEP25,1965,i
506745,"Mustelin, Juhani",FIN,M,,,,1967,0,20,SEP25,1953,
504815,"Mustonen, Ilkka",FIN,M,,,,1958,0,20,SEP25,1960,
518638,"Mustonen, Niko",FIN,M,,,,1988,0,20,SEP25,2003,
506869,"Mustonen, Tapani",FIN,M,,,,1916,0,20,SEP25,1964,
510874,"Mustonen, Timo",FIN,M,,,,1867,0,40,SEP25,1966,
517070,"Myllari, Mikko",FIN,M,,,,1804,0,20,SEP25,1990,i
506079,"Myller, Janne",FIN,M,,,,2168,0,20,SEP25,1989,
515353,"Myllynen, Pekka",FIN,M,,,,1678,0,40,SEP25,1954,i
501310,"Myllyniemi, Martti",FIN,M,,,,2142,0,20,SEP25,1944,i
510319,"Mynttinen, Henri",FIN,M,,,,2013,0,40,SEP25,1991,
515809,"Myyra, Markku",FIN,M,,,,1770,0,40,SEP25,1937,i
519022,"Nanda, Rithwik",FIN,M,,,,1666,0,40,SEP25,2009,
509795,"Nappu, Maxim",FIN,M,,,,1788,0,20,SEP25,2003,i
515663,"Nappu, Nikita",FIN,M,,,,1647,0,40,SEP25,2006,i
514730,"Narhi, Kimmo",FIN,M,,,,2041,0,20,SEP25,1966,
522848,"Narhi-Ratkovskaja, Maria",FIN,F,,,,1555,0,40,SEP25,2010,w
500518,"Natri, Antero",FIN,M,,,,2155,0,20,SEP25,1954,i
502510,"Nenonen, Jaakko",FIN,M,,,,2047,0,40,SEP25,1980,i
500259,"Nevanlinna, Risto",FIN,M,FM,,,2151,0,20,SEP25,1960,
501280,"Niemela, Antti",FIN,M,FM,,,2261,0,20,SEP25,1973,i
506699,"Niemela, Mika",FIN,M,,,,1881,0,40,SEP25,1963,i
502413,"Niemela, Risto",FIN,M,,,,1772,0,40,SEP25,1968,
507113,"Niemi, Esa",FIN,M,,,,1788,0,20,SEP25,1952,i
515221,"Niemi, Jani-Petteri",FIN,M,,,,1986,0,40,SEP25,1978,i
504378,"Niemi, Kalle",FIN,M,FM,,,2302,0,20,SEP25,1986,
505374,"Niemi, Mikko",FIN,M,FM,,,2258,0,20,SEP25,1988,i
504831,"Niemi, Olavi",FIN,M,,,,1912,0,20,SEP25,1942,
516163,"Nieminen, Ismo",FIN,M,,,,1957,0,40,SEP25,1971,i
500739,"Nieminen, Kari",FIN,M,,,,2015,0,20,SEP25,1961,
508845,"Nieminen, Markus",FIN,M,,,,1920,0,20,SEP25,1982,i
518280,"Nieminen, Oliver",FIN,M,,,,1906,4,40,SEP25,2012,
519502,"Nieminen, Pauli",FIN,M,,,,1861,0,40,SEP25,1984,i
507121,"Nieminen, Pekka",FIN,M,,,,1924,0,40,SEP25,1934,i
504955,"Nieminen, Samuli",FIN,M,,,,2146,0,20,SEP25,1985,
514071,"Niinimaki, Otto",FIN,M,,,,1740,0,40,SEP25,1978,i
509728,"Niivee, Aki",FIN,M,,,,1666,0,40,SEP25,1979,i
522538,"Nikander, Henri",FIN,M,,,,1860,0,40,SEP25,1995,
522171,"Nikolaienko, Serhii",FIN,M,,,,1880,0,40,SEP25,1960,
505277,"Nikula, Mikko",FIN,M,,,,1849,4,20,SEP25,1977,
501441,"Nippula, Timo",FIN,M,,,,2197,0,20,SEP25,1963,i
513920,"Nissi, Jussi",FIN,M,,,,1806,0,40,SEP25,1956,
503568,"Nisula, Timo",FIN,M,,,,1867,0,20,SEP25,1962,
503665,"Nivala, Tuomas",FIN,M,,,,2231,0,20,SEP25,1978,
500941,"Nokka, Risto",FIN,M,FM,,,2162,0,20,SEP25,1965,
502553,"Nokso-Koivisto, Aki",FIN,M,,,,2101,0,20,SEP25,1961,
513148,"Nordlund, Henri",FIN,M,,,,1873,0,20,SEP25,1981,i
503541,"Nordlund, Jukka",FIN,M,,,,2133,0,20,SEP25,1976,
506567,"Nordman, Joonas",FIN,M,,,,1959,0,20,SEP25,1994,i
4505344,"Norlamo, Sarabella",FIN,F,,,,1921,0,20,SEP25,2003,wi
518107,"Normaja, Henri",FIN,M,,,,1711,0,40,SEP25,2003,
500160,"Norri, Joose",FIN,M,IM,,,2229,0,10,SEP25,1971,
506249,"Norri, Roger",FIN,M,,,,1981,0,20,SEP25,1992,
500828,"Nouro, Mikael",FIN,M,IM,,,2315,0,10,SEP25,1972,
522023,"Nousiainen, Roni",FIN,M,,,,1788,0,40,SEP25,2003,
513911,"Nukarinen, Vesa",FIN,M,,,,1851,0,20,SEP25,1967,i
506389,"Nupponen, Tapio",FIN,M,,,,1885,0,40,SEP25,1966,i
502499,"Nurk, Ivo",FIN,M,,,,2057,0,20,SEP25,1970,
505927,"Nurmela, Janne",FIN,M,,,,1902,0,20,SEP25,1968,
523429,"Nurminen, Jimi",FIN,M,,,,1796,0,40,SEP25,1996,
523801,"Nuutinen, Mikko",FIN,M,,,,1620,3,40,SEP25,1991,
503860,"Nyback, Jukka",FIN,M,,,,2051,0,20,SEP25,1987,
503142,"Nyback, Tomi",FIN,M,GM,,,2594,0,10,SEP25,1985,
520985,"Nyberg, Max",FIN,M,,,,1559,5,40,SEP25,2014,
521515,"Nyfors-Subasinghe, Christian",FIN,M,,,,1600,0,40,SEP25,2008,i
500470,"Nykopp, Jan-Michael F.",FIN,M,FM,,,2216,0,20,SEP25,1946,i
506877,"Nyrhinen, Harri",FIN,M,,,,1929,0,20,SEP25,1953,
503550,"Nystrom, Jarno",FIN,M,,,,1909,0,20,SEP25,1977,i
503819,"Nystrom, Leif",FIN,M,,,,1953,0,20,SEP25,1939,i
502138,"Nyysti, Sampsa",FIN,M,IM,,,2297,5,10,SEP25,1978,
519723,"Odner, Aarni",FIN,M,,,,2097,0,40,SEP25,2007,
503576,"Ojala, Hannu",FIN,M,,,,1837,0,40,SEP25,1955,
516023,"Ojala, Matias",FIN,M,,,,1921,0,20,SEP25,1992,i
517780,"Ojalehto, Antti",FIN,M,,,,1814,0,40,SEP25,1990,i
504840,"Ojanen, Jyrki",FIN,M,,,,2076,0,20,SEP25,1969,
519588,"Ojasuo, Anton",FIN,M,,,,1942,4,20,SEP25,2002,
504408,"Oksa, Jaakko",FIN,M,,,,2046,0,20,SEP25,1990,i
517593,"Oksanen, Maria",FIN,F,,,,1696,0,40,SEP25,2012,w
503940,"Oksanen, Timo",FIN,M,,,,1828,1,20,SEP25,1965,
504963,"Olander, Aleksi",FIN,M,,,,2113,0,20,SEP25,1993,
520055,"Olden, Aleksi",FIN,M,,NA,,1760,0,40,SEP25,1994,
518735,"Olin, Janne",FIN,M,,,,1900,8,20,SEP25,1987,
522244,"Ollikainen, Akseli",FIN,M,,,,1842,0,40,SEP25,2000,
521906,"Ollikainen, Esko",FIN,M,,,,1764,0,40,SEP25,1969,
505285,"Paajala, Niki",FIN,M,,,,2011,0,20,SEP25,1985,
502995,"Paakkonen, Timo",FIN,M,FM,,,2233,0,20,SEP25,1969,
518727,"Paananen, Olli-Pekka",FIN,M,,,,1966,4,20,SEP25,1995,
519936,"Paananen, Onni",FIN,M,,,,1767,0,40,SEP25,2000,i
511447,"Paasikangas, Eino",FIN,M,,,,1675,0,40,SEP25,1943,
500879,"Paasikangas, Johanna",FIN,F,FM,WIM,,2094,9,20,SEP25,1974,w
511552,"Paasonen, Pasi",FIN,M,,,,1655,0,40,SEP25,1976,i
500232,"Paavilainen, Jorma",FIN,M,FM,,,2305,0,20,SEP25,1960,i
520578,"Pajarinen, Pyry",FIN,M,,,,1741,0,40,SEP25,2010,
514667,"Pajarre, Matias",FIN,M,,,,1725,0,20,SEP25,2003,
519073,"Pajunen, Lauri",FIN,M,,,,1490,0,40,SEP25,1991,
508780,"Pajunen, Toni",FIN,M,,,,1842,0,20,SEP25,1998,i
500895,"Pakkanen, Jukka",FIN,M,FM,,,2315,0,20,SEP25,1965,i
500356,"Paldanius, Pekka",FIN,M,,,,2183,0,20,SEP25,1960,
514276,"Palenius, Jarmo",FIN,M,,,,1929,0,20,SEP25,1950,
520560,"Pallasto, Peetu",FIN,M,,,,1795,0,40,SEP25,2008,
523623,"Palmu, Petri",FIN,M,,,,1614,0,40,SEP25,1966,
514519,"Paloposki, Tuomas",FIN,M,,,,1800,0,40,SEP25,1957,i
512036,"Palttala, Atte",FIN,M,,,,1642,0,40,SEP25,2005,i
512028,"Palttala, Niko",FIN,M,,,,1732,0,20,SEP25,2003,i
522295,"Palviainen, Niilo",FIN,M,,,,1466,0,40,SEP25,2013,
522309,"Palviainen, Sami",FIN,M,,,,1669,0,40,SEP25,1971,
522287,"Palviainen, Vaino",FIN,M,,,,1751,0,40,SEP25,2009,
512354,"Pankkonen, Janne",FIN,M,,,,1950,0,40,SEP25,1977,i
514314,"Pankkonen, Sakari",FIN,M,,,,1915,0,40,SEP25,1965,
516945,"Panttila, Ville-Veikko",FIN,M,,,,2095,0,40,SEP25,1981,i
350191286,"Papuc, David",FIN,M,,,,1643,0,20,SEP25,2005,i
505811,"Papula, Niko",FIN,M,,,,1921,0,20,SEP25,1971,
502375,"Parkkinen, Jyrki",FIN,M,CM,,,2100,0,20,SEP25,1968,
502812,"Paronen, Petteri",FIN,M,CM,,,1947,0,20,SEP25,1964,
521400,"Parssinen, Valtteri",FIN,M,,,,1798,0,40,SEP25,1974,
500313,"Partanen, Juha",FIN,M,,,,2179,0,20,SEP25,1952,i
516686,"Partanen, Olli",FIN,M,,,,1847,0,40,SEP25,1986,
508063,"Pasanen, Tuomo",FIN,M,,,,2082,0,20,SEP25,1976,
504092,"Patola, Eero",FIN,M,,,,1850,9,20,SEP25,1950,
514764,"Patosalmi, Juha",FIN,M,,,,1953,0,20,SEP25,1979,i
507636,"Paulasto, Tuomo",FIN,M,,,,1858,0,20,SEP25,1967,
518689,"Peitsalo, Olli-Pekka",FIN,M,,,,1668,0,40,SEP25,1993,
516449,"Pelander, Pauliina",FIN,F,,,,1856,4,20,SEP25,1991,w
506117,"Pelto, Juho",FIN,M,,,,2074,0,20,SEP25,1983,
521108,"Peltola, Erik",FIN,M,,,,1628,0,40,SEP25,2006,i
512648,"Peltola, Erno",FIN,M,,,,1864,0,40,SEP25,1976,i
502464,"Peltola, Leo",FIN,M,,,,1947,0,20,SEP25,1946,
509337,"Peltola, Risto",FIN,M,,,,1903,0,40,SEP25,1957,i
514675,"Peltola, Samuel",FIN,M,,,,1578,0,40,SEP25,1998,
505838,"Peltomaa, Jukka",FIN,M,,,,1974,0,20,SEP25,1967,
507148,"Peltomaki, Jarmo",FIN,M,,NA,,1977,0,20,SEP25,1962,
512249,"Peltonen, Bengt",FIN,M,,,,1864,0,40,SEP25,1956,i
510165,"Peltonen, Jukka",FIN,M,,,,1849,0,20,SEP25,1962,
512524,"Peltonen, Simo",FIN,M,,,,1969,0,40,SEP25,1963,i
511072,"Pentikainen, Tatu",FIN,M,,,,1896,0,40,SEP25,1959,i
504068,"Penttila, Tero",FIN,M,,,,1951,0,20,SEP25,1976,
501743,"Penttinen, Jarkko",FIN,M,FM,,,2233,0,20,SEP25,1972,
511080,"Perikanta, Jouko",FIN,M,,,,2046,0,40,SEP25,1956,i
513849,"Perttula, Juha",FIN,M,,,,1929,0,20,SEP25,1966,i
503410,"Pesola, Jyrki",FIN,M,,,,1857,0,20,SEP25,1950,
516724,"Pesonen, Harri",FIN,M,,,,1553,0,40,SEP25,1985,i
502057,"Pessi, Juha",FIN,M,,,,2010,0,20,SEP25,1960,
521205,"Petritsch, Aaron",FIN,M,,,,1620,0,40,SEP25,2008,i
509264,"Peuhu, Ari",FIN,M,,,,1933,0,20,SEP25,1967,
509981,"Peurala, Jussi",FIN,M,,,,2046,4,20,SEP25,1980,
518298,"Peuranen, Eemil-Veikka",FIN,M,,,,1630,0,40,SEP25,2008,i
503630,"Peuraniemi, Pertti",FIN,M,,NA,,1969,0,20,SEP25,1968,i
503266,"Pietarinen, Petri",FIN,M,,,,1971,0,20,SEP25,1965,
502545,"Pietinen, Pekka",FIN,M,,,,1922,0,20,SEP25,1961,
503290,"Pihlajamaki, Antti",FIN,M,,,,1894,0,20,SEP25,1939,i
519308,"Pihlajamaki, Niklas",FIN,M,,,,1738,3,40,SEP25,2014,
509213,"Pihlajamaki, Seppo",FIN,M,,,,1949,4,20,SEP25,1984,
501832,"Pihlajasalo, Antti",FIN,M,IM,,,2434,0,10,SEP25,1979,i
502456,"Pihlajasalo, Hannu",FIN,M,,,,2138,0,20,SEP25,1977,
509310,"Piho, Juha",FIN,M,,,,1904,4,20,SEP25,1967,
505960,"Piippo, Mikko",FIN,M,,,,1844,4,20,SEP25,1970,
507539,"Piiroinen, Tero",FIN,M,,,,1898,0,20,SEP25,1974,
514381,"Piirto, Tomi",FIN,M,,,,1905,0,20,SEP25,2000,
519642,"Piri, Aarni",FIN,M,,,,1437,0,40,SEP25,2006,i
503711,"Pirttilahti, Janne",FIN,M,,,,2127,0,40,SEP25,1976,i
507644,"Pirttimaki, Mika",FIN,M,,,,1732,0,20,SEP25,1978,
523569,"Pirttinen, Petri",FIN,M,,,,1662,0,40,SEP25,1965,
503991,"Pishro Dabaghian, Mohamad",FIN,M,,,,2036,0,40,SEP25,1975,i
521965,"Pisila, Toni",FIN,M,,,,1704,0,40,SEP25,1974,i
502707,"Pitkaaho, Aki",FIN,M,,,,2184,0,20,SEP25,1976,
508357,"Pitkaaho, Arto",FIN,M,,,,2127,0,20,SEP25,1973,
515302,"Pitkaaho, Raimo",FIN,M,,,,1780,0,40,SEP25,1953,i
508349,"Pitkanen, Ari",FIN,M,,,,1988,0,20,SEP25,1972,
520268,"Pitkanen, Artturi",FIN,M,,,,1935,0,20,SEP25,2005,
517569,"Pitkanen, Jemina",FIN,F,,,,1546,0,40,SEP25,2008,wi
504432,"Pitkanen, Juhani",FIN,M,,,,1688,0,20,SEP25,1946,i
512630,"Pitkanen, Petri",FIN,M,,,,1619,0,20,SEP25,1965,i
502391,"Pitkanen, Sami-Pekka",FIN,M,,,,2193,0,20,SEP25,1975,i
500747,"Piuva, Matti",FIN,M,,,,2205,0,20,SEP25,1942,i
506478,"Pohjala, Henri",FIN,M,FM,,,2337,0,10,SEP25,1992,
507156,"Pohjala, Ilari",FIN,M,,,,1849,4,20,SEP25,1991,
521558,"Pohjola, Jari",FIN,M,,,,1570,5,40,SEP25,1976,
523178,"Pohjonen, Markus",FIN,M,,,,1850,0,40,SEP25,1972,
523844,"Pokki, Kalle",FIN,M,,,,1433,0,40,SEP25,1976,
511277,"Politi, Alberto",FIN,M,,,,1855,0,20,SEP25,1996,i
515779,"Polkki, Eino",FIN,M,,,,1973,0,20,SEP25,2006,
515957,"Polkki, Reko",FIN,M,,,,1521,0,40,SEP25,2008,i
505935,"Pollari, Pasi",FIN,M,,,,2148,0,20,SEP25,1965,i
508870,"Pollari, Toivo",FIN,M,,,,1855,0,40,SEP25,1943,i
515680,"Poltavskaya, Ilona",FIN,F,,,,1541,0,40,SEP25,2010,wi
509604,"Ponnio, Toni",FIN,M,,,,2104,0,20,SEP25,1977,
508799,"Poranen, Niko",FIN,M,,,,1801,0,40,SEP25,1999,i
514438,"Poranen, Timo",FIN,M,,,,1917,0,40,SEP25,1974,i
510475,"Poranen, Toni",FIN,M,,,,1651,0,40,SEP25,2000,i
501603,"Porrasmaa, Timo",FIN,M,,,,1966,0,20,SEP25,1943,i
512257,"Pousi, Janne",FIN,M,,,,1802,0,40,SEP25,1990,i
513547,"Poutanen, Olavi",FIN,M,,,,1923,0,40,SEP25,1949,i
509892,"Poutiainen, Tapio",FIN,M,,,,1776,0,40,SEP25,1947,i
517186,"Poyry, Pasi",FIN,M,,,,1807,0,40,SEP25,1992,i
502928,"Prieur, Eetu",FIN,M,,,,2138,0,20,SEP25,1967,
504653,"Pudas, Teemu",FIN,M,FM,,,2307,0,20,SEP25,1989,i
503878,"Puhtila, Marko",FIN,M,,,,2068,0,20,SEP25,1970,
518786,"Puisto, Aleksi",FIN,M,,,,1882,0,20,SEP25,1992,
502839,"Puittinen, Mika",FIN,M,,,,2024,0,20,SEP25,1970,
504416,"Pukkinen, Seppo",FIN,M,,,,1957,0,20,SEP25,1954,i
510173,"Pulkkanen, Anssi",FIN,M,,,,2017,0,20,SEP25,1966,i
500712,"Pulkkinen, Kari",FIN,M,FM,,,2149,0,20,SEP25,1966,
515396,"Pulli, Tapio",FIN,M,,,,1874,0,40,SEP25,1952,i
501000,"Puranen, Jukka",FIN,M,FM,,,2216,0,20,SEP25,1967,
504572,"Puroila, Sippo",FIN,M,,,,1861,0,20,SEP25,1959,
509906,"Puronaho, Aarno",FIN,M,,,,1750,0,40,SEP25,1952,i
506397,"Pursiainen, Erkki",FIN,M,,,,1815,0,20,SEP25,1936,i
512990,"Puurula, Tero",FIN,M,,,,1768,0,40,SEP25,1997,i
502324,"Puuska, Heini",FIN,F,WFM,WFM,,1907,0,20,SEP25,1973,w
511900,"Pyykkonen, Mika",FIN,M,,,,2022,0,20,SEP25,1970,
503444,"Pyylampi, Sauli",FIN,M,,,,1927,0,20,SEP25,1936,i
500097,"Raaste, Eero J.",FIN,M,IM,,,2306,0,10,SEP25,1954,i
519731,"Raiha, Jouni",FIN,M,,,,1926,0,20,SEP25,1980,
500402,"Raisa, Unto",FIN,M,,,,2091,0,20,SEP25,1934,i
514683,"Raisanen, Kalervo",FIN,M,,,,2016,0,40,SEP25,1979,
504556,"Raisanen, Kim",FIN,M,,,,2083,0,20,SEP25,1990,i
504440,"Raitanen, Markku",FIN,M,,,,1807,0,20,SEP25,1956,i
504661,"Raivio, Erkki",FIN,M,,,,1849,0,20,SEP25,1938,i
503649,"Raivio, Pertti",FIN,M,,,,1928,0,20,SEP25,1947,i
502103,"Raivio, Yrjo",FIN,M,,,,1963,0,20,SEP25,1962,i
510050,"Rajakari, Janne",FIN,M,,,,1929,0,20,SEP25,1966,
502626,"Rajamaki, Keijo",FIN,M,,,,1917,0,20,SEP25,1952,i
505145,"Raki, Jyrki",FIN,M,,,,1940,0,20,SEP25,1970,i
516341,"Ranimaki, Miika",FIN,M,,,,1909,0,40,SEP25,1994,
503738,"Ranki, Martti",FIN,M,,,,1895,0,20,SEP25,1943,
506028,"Ranta, Ari",FIN,M,,,,1966,0,20,SEP25,1962,i
501662,"Rantala, Jyrki",FIN,M,,,,2151,0,20,SEP25,1957,i
518832,"Rantala, Tuomas",FIN,M,,,,AFM,1855,0,SEP25,2011,
504971,"Rantamo, Keijo",FIN,M,,,,1768,0,20,SEP25,1961,
507903,"Rantanen, Ari",FIN,M,,,,2007,0,40,SEP25,1959,i
518018,"Rantanen, Martti",FIN,M,,,,1830,0,40,SEP25,1954,
506761,"Rantanen, Riku",FIN,M,,,,2055,0,20,SEP25,1959,
506770,"Rantanen, Veikko",FIN,M,,,,1835,0,20,SEP25,1948,
509620,"Rantsi, Kauko",FIN,M,,,,1809,0,20,SEP25,1945,i
521540,"Rasanen, Jaakko",FIN,M,,,,1752,0,40,SEP25,1982,
503746,"Rasanen, Jarmo",FIN,M,,,,1876,0,40,SEP25,1970,i
508551,"Rasanen, Otto",FIN,M,,,,2058,0,20,SEP25,1995,
515400,"Rasimus, Pekka",FIN,M,,,,1819,0,40,SEP25,1956,
500917,"Rauramaa, Julius",FIN,M,,,,2003,0,20,SEP25,1996,
504874,"Rauramaa, Kari",FIN,M,,,,2062,0,20,SEP25,1964,i
502332,"Rautanen, Sari",FIN,F,,,,1972,0,20,SEP25,1967,wi
517399,"Rautio, Reijo",FIN,M,,,,1968,0,40,SEP25,1946,i
24148016,"Razh, Amal",FIN,F,,,,1965,0,20,SEP25,1992,wi
504459,"Reed, Darren",FIN,M,,,,1946,0,20,SEP25,1968,
502804,"Rehn, Ralf",FIN,M,,,,2098,0,20,SEP25,1961,
518824,"Rehtola, Samu",FIN,M,,,,1806,0,40,SEP25,2006,i
517739,"Remes, Marko",FIN,M,,,,1972,0,20,SEP25,1968,
516783,"Renberg, Tomi",FIN,M,,NA,,1812,0,40,SEP25,1974,i
516589,"Reunanen, Antti",FIN,M,,,,1912,0,20,SEP25,1987,
517437,"Reunanen, Emil",FIN,M,,,,1756,0,40,SEP25,2011,
509027,"Riekkinen, Keijo",FIN,M,,,,1783,0,20,SEP25,1969,
505820,"Riihimaki, Pekka",FIN,M,,,,1910,0,20,SEP25,1955,
510840,"Riihimaki, Vesa",FIN,M,,,,1764,0,40,SEP25,1970,i
518409,"Riikonen, Aleksei",FIN,M,,,,1745,0,40,SEP25,1980,
507989,"Riikonen, Matias",FIN,M,,,,1873,0,40,SEP25,1999,i
518301,"Riipinen, Hannu",FIN,M,,,,1930,0,40,SEP25,1993,i
501085,"Riipinen, Juha",FIN,M,,,,1977,0,20,SEP25,1964,
513423,"Rinne, Heini",FIN,F,,,,1854,0,20,SEP25,1990,w
508250,"Rintakoski, Pentti",FIN,M,,,,1803,0,20,SEP25,1939,
519715,"Rintala, Miliam",FIN,M,,,,1738,0,40,SEP25,2007,
511420,"Ristoja, Aulikki",FIN,F,,,,1716,0,20,SEP25,1949,w
503673,"Ristoja, Jan",FIN,M,FM,,,2170,0,20,SEP25,1975,
504025,"Ristoja, Samu",FIN,M,,,,2186,0,20,SEP25,1985,
518913,"Ritola, Akseli",FIN,M,,,,1794,0,20,SEP25,1995,
522074,"Rockas, Elias",FIN,M,,,,1692,0,40,SEP25,2011,
505080,"Ronka, Erik",FIN,M,FM,,,2284,0,20,SEP25,1995,
505439,"Ronnberg, Ilse",FIN,F,,,,1777,0,20,SEP25,1967,w
508306,"Ronnqvist, Timo",FIN,M,,,,2049,0,20,SEP25,1964,i
508543,"Rosi, Alexei",FIN,M,,,,2042,0,20,SEP25,1975,i
25740466,Rudransh Khurana,FIN,M,,,,1690,0,40,SEP25,2010,
506605,"Ruohonen, Teemu",FIN,M,,,,1709,0,20,SEP25,1974,
512460,"Ruokamo, Vesa",FIN,M,,,,1794,0,20,SEP25,1955,i
510343,"Ruokokoski, Aarne",FIN,M,,,,1660,0,40,SEP25,1995,i
512273,"Ruokokoski, Hannes",FIN,M,,,,1675,0,20,SEP25,1950,i
518620,"Ruokolainen, Iiris",FIN,F,,,,1800,0,40,SEP25,2002,wi
507652,"Ruosteenoja, Eero",FIN,M,,,,1932,0,20,SEP25,1987,i
501883,"Ruotanen, Helge",FIN,M,,,,1953,0,20,SEP25,1951,
1716450,"Ruth, Katarina",FIN,F,,,,1719,0,20,SEP25,2000,wi
515590,"Ruusunen, Onni",FIN,M,,,,1958,0,40,SEP25,2008,
503983,"Rytilahti, Kauko",FIN,M,,,,1917,0,40,SEP25,1945,i
522112,"Saari, Anton",FIN,M,,,,1456,0,40,SEP25,2013,
350191061,"Saariaho, Taneli",FIN,M,,,,1947,0,20,SEP25,1958,
500127,"Saariluoma, Pertti",FIN,M,FM,,,2350,0,20,SEP25,1951,i
520004,"Saarinen, Elias",FIN,M,,,,1905,0,40,SEP25,1999,
520012,"Saarinen, Johannes",FIN,M,,,,1916,0,40,SEP25,2003,
507172,"Saarinen, Samuli",FIN,M,,,,1915,0,40,SEP25,1990,i
524530,"Saaskilahti, Jaakko",FIN,M,,,,1586,5,40,SEP25,1997,
513652,"Saaskilahti, Lauri",FIN,M,,,,1971,5,20,SEP25,1997,
501158,"Saastamoinen, Aarne",FIN,M,,,,2084,0,20,SEP25,1965,i
505099,"Saavalainen, Ellis",FIN,M,,,,1821,0,20,SEP25,1998,i
505030,"Saharinen, Petri",FIN,M,,,,1804,0,20,SEP25,1944,i
516104,"Said, Mohamed",FIN,M,,,,1653,0,40,SEP25,1952,
502685,"Salimaki, Janne",FIN,M,FM,,,2075,0,20,SEP25,1969,
502642,"Salmela, Antti",FIN,M,,,,1929,0,40,SEP25,1986,i
503207,"Salmela, Hannu",FIN,M,,,,2041,0,20,SEP25,1982,i
519928,"Salmela, Nuutti",FIN,M,,,,1922,0,40,SEP25,2001,
512834,"Salmelin, Aaro",FIN,M,,,,2096,0,20,SEP25,2000,
517240,"Salmelin, Petri",FIN,M,,,,1670,0,40,SEP25,1973,
516139,"Salmenkivi, Eero",FIN,M,,,,2092,0,20,SEP25,1958,
501492,"Salmensuu, Olli",FIN,M,IM,,,2395,0,10,SEP25,1978,i
509400,"Salmi, Ilkka",FIN,M,,,,1885,0,20,SEP25,1956,i
518174,"Salmi, Marko",FIN,M,,,,1807,0,20,SEP25,1970,
508578,"Salminen, Aku",FIN,M,,,,1888,0,20,SEP25,1994,i
504882,"Salminen, Jussi",FIN,M,,,,1973,0,20,SEP25,1969,i
510637,"Salminen, Matti",FIN,M,,,,1819,0,20,SEP25,1953,i
523372,"Salmio, Samuel",FIN,M,,,,1664,0,40,SEP25,2010,
500593,"Salo, Heikki",FIN,M,FM,,,2196,0,20,SEP25,1965,
504505,"Salo, Kari",FIN,M,,,,1970,0,40,SEP25,1958,i
501360,"Salo, Tapio",FIN,M,FM,,,2198,0,20,SEP25,1966,
501395,"Salokangas, Hannu",FIN,M,,,,2146,0,20,SEP25,1956,i
517577,"Salonen, Aku",FIN,M,FM,,,2248,4,20,SEP25,2008,
500445,"Salonen, Jyrki",FIN,M,FM,,,2115,0,20,SEP25,1956,i
350191268,"Salonen, Mikko",FIN,M,,,,2050,0,20,SEP25,1984,
508284,"Salopaa, Tero",FIN,M,,,,2036,0,20,SEP25,1963,
511463,"Salvi, Tuomas",FIN,M,,,,1742,4,20,SEP25,1986,
44107730,"Salykin, Aleksandr",FIN,M,,,,2057,0,20,SEP25,2001,i
501115,"Sammalvuo, Tapani",FIN,M,IM,,,2380,0,10,SEP25,1975,
504890,"Sanchez, Juan",FIN,M,,,,2066,0,20,SEP25,1979,i
510203,"Sandholm, Klas",FIN,M,CM,,,2166,0,20,SEP25,1969,
503231,"Sandvik, Thomas",FIN,M,,,,2029,0,20,SEP25,1981,
521060,"Sankamo, Jeremias",FIN,M,,,,1717,0,40,SEP25,2009,i
506419,"Santala, Jaakko",FIN,M,,,,1908,0,40,SEP25,1980,
517836,"Sarajarvi, Ismo",FIN,M,,NA,,1770,0,40,SEP25,1975,i
514691,"Sarajarvi, Milo",FIN,M,,,,1508,0,40,SEP25,2006,
515965,"Saranen, Mikael",FIN,M,,,,1515,0,40,SEP25,2007,i
520284,"Sarela, Toivo",FIN,M,,,,1587,0,40,SEP25,2006,i
511960,"Sarkio, Lauri",FIN,M,,,,2056,0,20,SEP25,1997,
508365,"Sarkkinen, Heikki",FIN,M,,,,1940,0,20,SEP25,1966,
516759,"Sarpola, Juha",FIN,M,,,,1693,0,40,SEP25,1983,i
509124,"Sarsa, Erkki",FIN,M,,,,1914,0,40,SEP25,1959,i
2604213,"Sarwer, Jeff",FIN,M,FM,,,2266,0,20,SEP25,1978,i
506532,"Sassi, Aapo",FIN,M,,,,1890,0,40,SEP25,1995,i
509612,"Sassi, Matti",FIN,M,,,,1892,0,20,SEP25,1960,
501948,"Sassi, Pekka",FIN,M,,,,1999,0,20,SEP25,1955,i
501816,"Satonen, Arto",FIN,M,,,,2043,0,20,SEP25,1966,i
507202,"Saukkoriipi, Tommi",FIN,M,,,,1969,0,20,SEP25,1970,
505447,"Savola, Ari",FIN,M,,,,1981,0,20,SEP25,1962,i
504980,"Savola, Tero",FIN,M,,,,1893,0,40,SEP25,1994,i
521426,"Sawant, Hrudaya",FIN,F,,,,1450,0,40,SEP25,2013,wi
502294,"Saynajakangas, Kirsi",FIN,F,,,,1733,0,20,SEP25,1966,w
522317,"Seilonen, Mikko",FIN,M,,,,1769,0,40,SEP25,1998,
516830,"Seitsonen, Tapio",FIN,M,,,,1532,0,40,SEP25,2005,i
522635,"Sell, Aatu",FIN,M,,,,1880,0,40,SEP25,2008,
502650,"Sellberg, Joel",FIN,M,,,,1943,0,40,SEP25,1942,i
519219,"Selmer, Theodor",FIN,M,,,,1528,0,40,SEP25,2011,
522759,"Semioshko, Ilia",FIN,M,,,,1654,0,40,SEP25,2015,
516244,"Seo, Sunjae",FIN,M,,,,1508,0,40,SEP25,2006,i
504050,"Seppala, Aki",FIN,M,,,,2031,0,20,SEP25,1975,i
511285,"Seppala, Joni",FIN,M,,,,2052,4,20,SEP25,1996,
507210,"Seppala, Mikko",FIN,M,,,,2093,0,20,SEP25,1982,i
504009,"Seppala, Tero",FIN,M,,,,1886,0,40,SEP25,1984,i
501247,"Seppanen, Asko",FIN,M,FM,,,2201,0,20,SEP25,1955,i
504602,"Seppanen, Jukka",FIN,M,,,,1888,0,20,SEP25,1967,i
510920,"Seppanen, Ville",FIN,M,,,,2027,0,20,SEP25,1991,i
512141,"Seppelin, Vesa",FIN,M,,,,1896,0,40,SEP25,1965,
500801,"Setala, Ilmo",FIN,M,,,,1860,0,20,SEP25,1994,i
500437,"Setala, Touko",FIN,M,,,,1998,0,20,SEP25,1992,i
515981,"Shchurov, Nikita",FIN,M,,,,1579,0,40,SEP25,2008,i
514853,"Shevnin, Dmitri",FIN,M,,,,1618,0,20,SEP25,2004,i
514845,"Shevnin, Oleg",FIN,M,,,,1720,0,20,SEP25,2004,i
517690,"Si, Patrick",FIN,M,,,,1933,4,20,SEP25,1992,
516953,"Sieranoja, Ari",FIN,M,,,,2049,0,40,SEP25,1974,
509280,"Sievilainen, Tuomo",FIN,M,,,,2007,0,40,SEP25,1960,i
501522,"Sihvonen, Tero",FIN,M,,,,1964,0,20,SEP25,1952,
516210,"Sillanpaa, Jyrki",FIN,M,,,,1703,0,40,SEP25,1962,
520250,"Sillanpaa, Leevi",FIN,M,,,,1809,0,40,SEP25,1990,
521213,"Siltanen, Samuel",FIN,M,,,,1876,0,40,SEP25,1981,
502073,"Simola, Tuomas",FIN,M,,,,2121,0,20,SEP25,1980,
506427,"Simonen, Sami",FIN,M,,,,1876,4,40,SEP25,1973,
503398,"Sinervuo, Veli-Pekka",FIN,M,,,,1896,0,20,SEP25,1962,
515191,"Sinitsyn, Anton",FIN,M,,,,2044,5,20,SEP25,2006,
515205,"Sinitsyn, Ilya",FIN,M,,,,1878,0,40,SEP25,1979,i
522414,"Sinitsyna, Julia",FIN,F,,,,1551,5,40,SEP25,2015,w
505846,"Sipila, Markku",FIN,M,,,,1948,4,20,SEP25,1970,
505455,"Sipila, Vilka",FIN,M,IM,,,2484,4,10,SEP25,1987,
515450,"Sippola, Kai",FIN,M,,,,1761,0,20,SEP25,1977,
515469,"Sippola, Sara-Olivia",FIN,F,,,,2026,0,40,SEP25,2007,w
500135,"Sirkia, Mauri O.",FIN,M,FM,,,2350,0,20,SEP25,1947,i
502820,"Sisatto, Olli",FIN,M,FM,,,2271,0,20,SEP25,1982,
520063,"Sissala, Jesse",FIN,M,,,,1934,0,20,SEP25,2005,
521752,"Siurola, Aapo",FIN,M,,,,1861,0,40,SEP25,2000,
504912,"Sjoblom, Kai",FIN,M,,,,2040,0,40,SEP25,0,i
511129,"Sjoman, Tapani",FIN,M,,,,1998,0,20,SEP25,1963,
504700,"Sjoskog, Tommy",FIN,M,,,,1649,0,20,SEP25,1969,
4157052,"Sklyarov, Dmitry V.",FIN,M,IM,,,2426,0,10,SEP25,1983,
4169654,"Sklyarova, Alena",FIN,F,,,,1909,0,20,SEP25,1986,w
504939,"Smeds, Tom",FIN,M,,,,1801,4,20,SEP25,1957,
513377,"Sobenin, Evgeny",FIN,M,,,,1958,0,40,SEP25,1977,i
24280410,"Sobolev, Maksim S.",FIN,M,,,,1668,0,40,SEP25,2010,
24296600,"Soboleva, Lidiia",FIN,F,,,,1407,0,40,SEP25,2007,w
511137,"Soderberg, Stefan",FIN,M,,,,1907,0,20,SEP25,1964,
505013,"Sofiev, Alexey",FIN,M,,,,2128,0,20,SEP25,1990,i
516007,"Sofieva, Alexandra",FIN,F,,,,1492,0,40,SEP25,2009,wi
500763,"Soikkeli, Raino",FIN,M,,,,AFM,1837,0,SEP25,1962,i
514160,"Sokka, Valtteri",FIN,M,,,,1647,0,40,SEP25,2007,i
504750,"Sokolov, Joni",FIN,M,,,,2060,0,20,SEP25,1983,i
514543,"Solanti, Mika",FIN,M,,,,1462,0,40,SEP25,1970,i
502170,"Sopanen, Matti",FIN,M,,,,2087,0,20,SEP25,1970,i
515345,"Sopanen, Pekka",FIN,M,,,,1895,0,20,SEP25,1960,
501107,"Soppela, Jouni",FIN,M,,,,1936,0,20,SEP25,1963,
503193,"Sorsa, Miitrei",FIN,M,,,,2140,0,20,SEP25,1982,i
502316,"Sorsa, Nuutti",FIN,M,,,,2231,0,20,SEP25,1981,
509671,"Sorvari, Jarmo",FIN,M,,,,2078,0,20,SEP25,1959,
508160,"Stahle, Sten",FIN,M,,,,1743,0,20,SEP25,1942,i
500577,"Starck, Jorn",FIN,M,,,,2240,0,20,SEP25,1960,i
509485,"Stockfelt, Jesse",FIN,M,,,,1836,0,20,SEP25,1995,
507911,"Storm, Harry",FIN,M,,,,1995,0,40,SEP25,1989,i
517810,"Suihko, Ismo",FIN,M,,,,1827,0,40,SEP25,1965,i
515434,"Sukanen, Tuomo",FIN,M,,,,1521,0,40,SEP25,1953,
523330,"Summa, Seamus",FIN,M,,,,1625,0,40,SEP25,2012,
501735,"Sund, Jan",FIN,M,,,,2140,0,20,SEP25,1977,
502898,"Suomalainen, Erkki",FIN,M,,,,2111,0,20,SEP25,1963,
507318,"Suominen, Antti",FIN,M,,,,1944,0,20,SEP25,1936,i
504467,"Suominen, Antti",FIN,M,,,,1915,0,20,SEP25,1980,
513857,"Suoninen, Samu",FIN,M,,,,1822,0,40,SEP25,1996,i
517615,"Surakka, Leevi",FIN,M,,,,1510,0,40,SEP25,2012,i
519529,"Suslin, Altai",FIN,M,,,,1722,0,40,SEP25,2012,
504580,"Suuronen, Petri",FIN,M,,,,1947,0,20,SEP25,1964,i
519782,"Suvanto, Oula",FIN,M,,,,1736,0,20,SEP25,1995,
506788,"Svenn, Olavi",FIN,M,,,,2007,0,40,SEP25,1936,i
502901,"Syvalahti, Heikki",FIN,M,,,,1937,0,20,SEP25,1961,
509515,"Syvalahti, Timo",FIN,M,,,,2124,0,20,SEP25,1998,
522279,"Taavitsainen, Vesa",FIN,M,,,,1764,3,40,SEP25,1984,
502405,"Tahkavuori, Tapani",FIN,M,,,,2012,0,20,SEP25,1959,
512133,"Taipale, Marko",FIN,M,,,,1943,0,20,SEP25,1972,i
503460,"Taipale, Reijo",FIN,M,,,,1888,0,20,SEP25,1958,i
518999,"Taipale, Tiitu",FIN,F,,,,1667,0,40,SEP25,1994,wi
501786,"Taivainen, Jukka",FIN,M,,,,2184,0,20,SEP25,1977,
512842,"Takala, Jaakko",FIN,M,,,,1804,0,20,SEP25,2001,
506451,"Takalo-Eskola, Anssi",FIN,M,,,,2125,0,20,SEP25,1978,i
507288,"Takku, Teppo",FIN,M,,,,1948,0,20,SEP25,1986,i
501018,"Tammela, Kari",FIN,M,FM,,,2131,0,20,SEP25,1959,
505110,"Tanner, Henry",FIN,M,,,,2142,0,40,SEP25,1955,i
511811,"Tanni, Johanna",FIN,F,,NA,,1744,0,40,SEP25,1979,w
519812,"Tanttari, Jaakko",FIN,M,,,,1841,0,40,SEP25,2002,
515787,"Tarsa, Alexandr",FIN,M,,,,1464,0,40,SEP25,2005,i
512125,"Tarvainen, Erkki",FIN,M,,,,1913,0,40,SEP25,1947,i
516864,"Tasa, Joel",FIN,M,,,,1702,0,40,SEP25,2007,i
506524,"Tauriainen, Marko",FIN,M,,,,2128,0,20,SEP25,1975,
509426,"Taylor, Daryl",FIN,M,,,,1947,0,20,SEP25,1956,
513903,"Tefke, Joona",FIN,M,,,,1842,0,20,SEP25,1986,
505480,"Telenius, Kimmo",FIN,M,,,,1715,0,20,SEP25,1959,
500984,"Tella, Jussi",FIN,M,IM,,,2406,0,10,SEP25,1971,i
521701,"Tella, Vilho",FIN,M,,,,1853,9,20,SEP25,2003,
511188,"Tenno, Olavi",FIN,M,,,,1977,0,20,SEP25,1957,i
506621,"Terasalo, Kari",FIN,M,,,,1790,0,20,SEP25,1949,i
502790,"Terasti, Pasi",FIN,M,,,,2164,0,20,SEP25,1970,i
517089,"Thusberg, Esa",FIN,M,,,,1749,0,40,SEP25,1970,
506613,"Tiensuu, Seppo",FIN,M,,,,1609,4,20,SEP25,1944,
505340,"Tiihonen, Ilpo",FIN,M,,,,1894,0,20,SEP25,1956,
508969,"Tiilikainen, Mikko",FIN,M,,,,1911,9,20,SEP25,1978,
505749,"Tiinanen, Teemu",FIN,M,,,,2077,0,20,SEP25,1987,i
514187,"Tiitta, Lotta",FIN,F,,,,1477,0,40,SEP25,2008,wi
502251,"Tiitta, Sauli",FIN,M,,NI,,2159,0,20,SEP25,1973,
514608,"Tiiva, Eetu",FIN,M,,IA,,1955,4,20,SEP25,1999,
505293,"Tikanmaki, Heikki",FIN,M,,,,1858,0,20,SEP25,1984,
523704,"Tikkanen Merk, Felix",FIN,M,,,,1751,3,40,SEP25,1997,
500534,"Tikkanen, Kari",FIN,M,FM,,,2260,0,20,SEP25,1956,i
520900,"Timonen, Joona",FIN,M,,,,1836,0,40,SEP25,1999,
508187,"Tingander, Ari-Pekka",FIN,M,,,,2004,0,20,SEP25,1963,i
502561,"Tirkkonen, Tero",FIN,M,,,,2034,0,40,SEP25,1966,i
511153,"Titovets, Sergei",FIN,M,,,,2040,0,20,SEP25,1972,
522821,"Tkachov, Mykhailo",FIN,M,,,,1823,0,40,SEP25,2012,
503622,"Tocklin, Tomi",FIN,M,,,,1857,0,20,SEP25,1968,
502910,"Toikkanen, Vesa",FIN,M,,,,2080,0,20,SEP25,1964,i
505722,"Toivola, Jari",FIN,M,,,,2206,0,40,SEP25,1968,i
507482,"Toivola, Timo",FIN,M,,,,1798,0,20,SEP25,1937,i
503304,"Toivonen, Aulis",FIN,M,,,,1987,0,20,SEP25,1931,i
507458,"Toivonen, Markku",FIN,M,,,,1695,0,20,SEP25,1949,
502715,"Tolonen, Jouni",FIN,M,,,,2186,0,40,SEP25,1962,i
502677,"Tolonen, Mikko",FIN,M,,,,2058,0,20,SEP25,1966,
518778,"Tomashevich, Daniel",FIN,M,,,,1615,0,40,SEP25,2015,
502669,"Tommiska, Matti",FIN,M,,,,2232,0,20,SEP25,1970,
503479,"Tonteri, Ari",FIN,M,,,,1912,0,20,SEP25,1955,
502740,"Topi-Hulmi, Teemu",FIN,M,FM,,,2206,0,20,SEP25,1981,
521329,"Toppinen, Neo",FIN,M,,,,1776,8,40,SEP25,2009,
507660,"Torkkola, Henri",FIN,M,,,,2236,10,20,SEP25,1993,
506796,"Torkkola, Simo",FIN,M,,,,1908,0,20,SEP25,1961,
509566,"Toropainen, Jarkko",FIN,M,,,,1885,0,40,SEP25,1983,i
514152,"Torvi, Markku",FIN,M,,,,1679,0,20,SEP25,1950,
518603,"Torvinen, Eetu",FIN,M,,,,AIM,1890,0,SEP25,2003,
507431,"Totterstrom, Raino",FIN,M,,,,1865,0,40,SEP25,1961,i
524522,"Tsikarishvili, Tengiz",FIN,M,,,,1581,0,40,SEP25,1993,
513431,"Tukia, Jouko",FIN,M,,,,1926,0,40,SEP25,1953,i
518590,"Tukiainen, Kasper",FIN,M,,,,1600,0,40,SEP25,2005,i
517356,"Tuloisela, Tapio",FIN,M,,,,1636,0,40,SEP25,2002,i
506583,"Tumanov, Dmitri",FIN,M,,,,2117,0,20,SEP25,1999,i
508810,"Tumanov, Viktor",FIN,M,,,,1725,0,40,SEP25,1998,i
505102,"Tumanova, Irina",FIN,F,,,,1848,0,20,SEP25,1996,wi
501476,"Tuomala, Tapio",FIN,M,,,,2052,0,20,SEP25,1963,
500704,"Tuomala, Timo",FIN,M,,,,2153,0,20,SEP25,1957,i
507237,"Tuominen, Esa",FIN,M,,,,1892,0,40,SEP25,1966,i
507245,"Tuominen, Joona",FIN,M,,,,2001,0,20,SEP25,1989,
509558,"Tuominen, Kari",FIN,M,,,,1789,0,20,SEP25,1949,
515000,"Tuominen, Lauri",FIN,M,,,,1793,0,20,SEP25,1982,i
516732,"Tuominen, Martti",FIN,M,,,,1832,6,40,SEP25,1984,
514900,"Tuominen, Matias",FIN,M,,,,1990,4,20,SEP25,2005,
518425,"Tuominen, Saku",FIN,M,,,,1657,0,40,SEP25,2003,i
502340,"Tuominen, Tanja",FIN,F,WIM,WIM,,2018,4,20,SEP25,1979,w
512605,"Tuomisto, Kalevi",FIN,M,,,,1734,0,20,SEP25,1952,i
508586,"Tuomola, Tommi",FIN,M,,,,1822,0,40,SEP25,1996,i
505129,"Tuononen, Janne",FIN,M,,,,2208,0,20,SEP25,1988,i
503703,"Tuovinen, Jukka",FIN,M,,,,1984,0,20,SEP25,1960,
505668,"Turner, Neal",FIN,M,,,,2029,0,20,SEP25,1948,i
504947,"Turtiainen, Janne",FIN,M,,,,1989,0,20,SEP25,1977,i
509140,"Turtiainen, Kimmo",FIN,M,,,,1876,0,40,SEP25,1951,i
503401,"Turtiainen, Tauno",FIN,M,,,,1970,0,20,SEP25,1950,
502758,"Turunen, Markus",FIN,M,,,,2110,0,40,SEP25,1977,i
520799,"Turunen, Niklas",FIN,M,,,,1687,0,40,SEP25,1992,i
501670,"Turunen, Pekka",FIN,M,,,,2224,0,20,SEP25,1952,i
510858,"Turunen, Rauno",FIN,M,,,,1900,0,40,SEP25,1955,i
510947,"Turunen, Tiina",FIN,F,,,,1725,0,20,SEP25,1961,w
504483,"Turunen, Timo",FIN,M,,,,1981,0,20,SEP25,1969,i
508209,"Turunen, Tuomo",FIN,M,,,,1885,0,20,SEP25,1968,i
503916,"Tusa, Tuukka",FIN,M,,,,2123,0,20,SEP25,1970,
505315,"Tuutti, Petri",FIN,M,,,,2098,0,40,SEP25,1968,i
500836,"Tyni, Jukka-Pekka",FIN,M,FM,,,2280,0,20,SEP25,1968,i
503088,"Uimonen, Matti",FIN,M,,,,2048,0,20,SEP25,1959,
517763,"Ukkonen, Heimo",FIN,M,,,,1764,0,40,SEP25,1950,i
504491,"Upero, Jussi",FIN,M,,,,2148,0,20,SEP25,1982,
502987,"Uusi-Oukari, Seppo",FIN,M,,,,1830,0,20,SEP25,1947,
511412,"Uusitalo, Joona",FIN,M,,,,1943,0,20,SEP25,2000,
512095,"Uusitalo, Martti",FIN,M,,,,1974,0,40,SEP25,1979,
510548,"Uusitalo, Raimo",FIN,M,,,,1803,0,20,SEP25,1958,i
507253,"Uusitupa, Antti",FIN,M,,,,1891,0,20,SEP25,1996,i
507261,"Uusitupa, Erika",FIN,F,,,,1864,0,20,SEP25,1993,wi
511935,"Vaaramo, Jouni",FIN,M,,,,1746,0,40,SEP25,1975,i
501565,"Vaatainen, Timo",FIN,M,,,,2208,0,20,SEP25,1971,i
522554,"Vahasoyrinki, Jani",FIN,M,,,,1641,0,40,SEP25,1987,
516899,"Vahatalo, Ville",FIN,M,,,,1506,0,40,SEP25,2003,i
509272,"Vahauski, Toni",FIN,M,,,,1984,0,20,SEP25,1975,
511218,"Vainikainen, Tommi",FIN,M,,,,1871,0,20,SEP25,1966,
522511,"Vainikka, Sami",FIN,M,,,,1760,0,40,SEP25,2003,
514861,"Vainikka, Toni",FIN,M,,,,2077,0,20,SEP25,2005,
507270,"Vainio, Valo",FIN,M,,,,2178,0,20,SEP25,1981,
516872,"Vaisanen, Voitto",FIN,M,,,,1666,0,40,SEP25,1943,i
503525,"Vakeva, Jani",FIN,M,,,,2195,0,20,SEP25,1971,i
512303,"Vakimies, Juha",FIN,M,,,,1890,0,40,SEP25,1970,i
510335,"Valasmo, Juhana",FIN,M,,,,1880,0,20,SEP25,1997,i
509590,"Valkama, Arvo",FIN,M,,,,1716,0,20,SEP25,2000,i
507555,"Valkama, Eero",FIN,M,FM,,,2217,0,20,SEP25,1998,
510076,"Valkama, Samuli",FIN,M,,NA,,1932,0,40,SEP25,1965,i
500054,"Valkesalmi, Kimmo",FIN,M,IM,,,2367,0,10,SEP25,1961,i
509574,"Valkonen, Jouni",FIN,M,,,,1828,0,40,SEP25,1981,i
506087,"Valli, Frans",FIN,M,FM,,,2257,0,20,SEP25,1990,i
517046,"Valpas, Jami",FIN,M,,,,2019,0,40,SEP25,2009,
519391,"Valpas, Jesse",FIN,M,,,,1780,0,40,SEP25,1997,i
505803,"Vannassalo, Seppo",FIN,M,,,,1737,0,40,SEP25,1948,i
506176,"Vantsi, Timo",FIN,M,,,,2023,0,20,SEP25,1968,i
519510,"Vanttaja, Ilkka",FIN,M,,,,1769,0,40,SEP25,1959,i
522740,"Varfolomeev, Maksim",FIN,M,,,,1471,7,40,SEP25,2014,
507377,"Varho, Ilkka",FIN,M,,,,1906,0,20,SEP25,1964,i
519065,"Varjakais, Mark",FIN,M,,,,1572,0,40,SEP25,2006,i
510238,"Varjokallio, Matti",FIN,M,,,,1793,0,40,SEP25,1982,i
505218,"Varpanen, Jan",FIN,M,CM,,,2179,0,20,SEP25,1987,
34134603,"Vashchenko, Diana",FIN,F,,,,1871,0,20,SEP25,2006,w
503029,"Vatanski, Aleksander",FIN,M,,,,2186,0,40,SEP25,1981,i
508888,"Vatto, Jouko",FIN,M,,,,1840,0,20,SEP25,1951,
517771,"Vavuli, Pasi",FIN,M,,,,1740,0,40,SEP25,1978,
517208,"Vehkalahti, Samuel",FIN,M,,,,1917,0,40,SEP25,1980,i
503169,"Vehkalahti, Veli",FIN,M,,,,1863,4,20,SEP25,1946,
509922,"Veijola, Heikki",FIN,M,,,,1875,0,40,SEP25,1967,i
515604,"Velagapudi, Vihan",FIN,M,,,,1994,5,40,SEP25,2011,
509663,"Venkataramanan, Venkatesan",FIN,M,,,,1597,0,20,SEP25,1981,i
521086,"Vesa, Mikke",FIN,M,,,,2091,0,40,SEP25,2010,
518271,"Vesa, Sampo",FIN,M,,,,1955,0,20,SEP25,2002,
503843,"Vesalainen, Petteri",FIN,M,,,,2115,0,20,SEP25,1974,i
518190,"Vetelainen, Antti",FIN,M,,,,1731,0,40,SEP25,1989,i
506664,"Vetelainen, Tomi",FIN,M,,,,1961,0,20,SEP25,1983,
516236,"Vettanen, Lauri",FIN,M,,,,1645,0,40,SEP25,1948,i
505951,"Vierjoki, Timo",FIN,M,,,,AIM,1797,0,SEP25,1984,
501611,"Vihinen, Teemu",FIN,M,,NA,,2097,0,20,SEP25,1962,
503061,"Viinamaki, Markku",FIN,M,,,,1974,0,20,SEP25,1965,i
520462,"Viinikainen, Santeri",FIN,M,,,,1729,0,40,SEP25,2005,i
515329,"Viinikka, Jukka-Pekka",FIN,M,,,,1615,0,40,SEP25,1985,i
523631,"Viitaharju, Totti",FIN,M,,,,1913,0,40,SEP25,1995,
515361,"Viitaniemi, Olli",FIN,M,,,,1909,0,20,SEP25,1982,i
504041,"Viljanen, Jouko",FIN,M,,NA,,1826,0,20,SEP25,1963,
500607,"Viljava, Tapani",FIN,M,,,,2130,0,20,SEP25,1956,
511471,"Vilppolainen, Markku",FIN,M,,,,2025,0,20,SEP25,1964,
1703196,"Vinke, Dietmar",FIN,M,FM,,,2057,0,20,SEP25,1951,
521450,"Virrankoski, Toni",FIN,M,,,,1729,0,40,SEP25,1975,
511641,"Virtanen, Aleksi",FIN,M,,,,1875,0,40,SEP25,1987,
501930,"Virtanen, Antti",FIN,M,FM,,,2210,0,20,SEP25,1970,
506486,"Virtanen, Esko",FIN,M,,,,1792,0,20,SEP25,1951,i
509850,"Virtanen, Teemu",FIN,M,FM,,,2284,0,20,SEP25,1999,i
503185,"Visti, Heikki",FIN,M,,,,1975,0,20,SEP25,1950,i
34191442,"Volkov, Roman",FIN,M,,,,2254,0,20,SEP25,1998,
518077,"Vorobyov, Radmir",FIN,M,,,,2002,9,40,SEP25,2012,
513253,"Vuori, Sami",FIN,M,,,,1931,0,40,SEP25,1974,
509876,"Vuorinen, Juha",FIN,M,,,,1595,0,20,SEP25,1977,
504998,"Vuorisalo, Veli-Matti",FIN,M,,,,2162,0,20,SEP25,1985,
508217,"Vyskubov, Dmitry",FIN,M,,,,2025,0,20,SEP25,1992,
506575,"Waara, Jorgen",FIN,M,,,,1930,0,20,SEP25,1973,i
508837,"Wahlback, Stefan",FIN,M,,,,1698,0,20,SEP25,1998,i
521230,"Walker, Misaiel",FIN,M,,,,AFM,1703,0,SEP25,2012,
503967,"Wallin, Aleksi",FIN,M,,,,2164,0,20,SEP25,1991,
517348,"Wallin, Axel",FIN,M,,,,1910,0,40,SEP25,1996,
504513,"Walta, Paivi",FIN,F,WFM,WFM,,1795,0,20,SEP25,1955,w
513024,"Wartiovaara, Oliver",FIN,M,FM,,,2318,9,20,SEP25,2004,
517216,"Watson, Tomas",FIN,M,,,,1734,0,20,SEP25,2003,
508918,"Welling, Jukka",FIN,M,,,,1763,4,40,SEP25,1956,
521370,"Weman, Lauri",FIN,M,,,,1865,0,40,SEP25,1995,i
500020,"Westerinen, Heikki M.J.",FIN,M,GM,,,2205,0,10,SEP25,1944,
517275,"Westren-Doll, Jan",FIN,M,,,,1856,4,20,SEP25,1985,
4618955,"Wierzbicki, Jan-Daniel",FIN,M,,,,2022,0,20,SEP25,1973,i
503681,"Wikman, Bengt",FIN,M,,,,1736,0,20,SEP25,1959,
513610,"Wikman, Jimmy",FIN,M,,,,2038,0,20,SEP25,1983,
501042,"Wilen, Eero",FIN,M,,,,1975,0,20,SEP25,1953,
511595,"Willman, Ilari",FIN,M,,,,1801,0,40,SEP25,1988,i
514772,"Wilson, Victor",FIN,M,,,,1852,0,40,SEP25,1984,
505692,"Wright, Aarne von",FIN,M,,,,2114,0,20,SEP25,1977,i
514586,"Wulff, Konsta",FIN,M,,,,1966,0,20,SEP25,2005,i
511536,"Yli-Hakuni, Juha",FIN,M,,,,1630,0,40,SEP25,1967,i
517119,"Young, Kenneth",FIN,M,,,,1769,0,40,SEP25,1962,i
500011,"Yrjola, Jouni",FIN,M,GM,,,2286,0,10,SEP25,1959,
520543,"Zhang, Yiming",FIN,M,,,,2067,0,40,SEP25,2014,
522082,"Zhao, Yixuan",FIN,M,,,,1485,0,40,SEP25,2015,
523615,"Zhu, Chiyu",FIN,M,,,,1710,0,40,SEP25,1980,
522970,"Zhu, Stella",FIN,F,,,,1496,9,40,SEP25,2017,w
523089,"Zhukov, Matvei",FIN,M,,,,1663,0,40,SEP25,2000,
522953,"Ziiagov, Ilia",FIN,M,,,,1617,0,40,SEP25,2008,i
520942,"Zlobina, Maria",FIN,F,,,,1468,0,40,SEP25,2009,w