[
  {
    "ID Number": "21400083",
    "Name": "Batakafwa Biabu Christophe",
    "Fed": "COD",
    "Sex": "M",
    "Title": "",
    "WTit": "",
    "OTit": "",
    "FOA": "1760",
    "Rating": "AUG25",
    "Gms": "0",
    "K": "40",
    "B-day": "1962",
    "Flag": "i"
  },
  {
    "ID Number": "21400440",
    "Name": "Divesh Hassamal",
    "Fed": "COD",
    "Sex": "M",
    "Title": "",
    "WTit": "",
    "OTit": "",
    "FOA": "1646",
    "Rating": "AUG25",
    "Gms": "0",
    "K": "40",
    "B-day": "1991",
    "Flag": ""
  },
  {
    "ID Number": "21400016",
    "Name": "Gamba, Karim Felix",
    "Fed": "COD",
    "Sex": "M",
    "Title": "",
    "WTit": "",
    "OTit": "",
    "FOA": "1845",
    "Rating": "AUG25",
    "Gms": "0",
    "K": "40",
    "B-day": "1973",
    "Flag": "i"
  },
  {
    "ID Number": "21400903",
    "Name": "ILUNGA BELEBELE GENTO",
    "Fed": "COD",
    "Sex": "M",
    "Title": "",
    "WTit": "",
    "OTit": "",
    "FOA": "1731",
    "Rating": "AUG25",
    "Gms": "0",
    "K": "40",
    "B-day": "1963",
    "Flag": "i"
  },
  {
    "ID Number": "21400415",
    "Name": "Jean Claude Sungululu",
    "Fed": "COD",
    "Sex": "M",
    "Title": "",
    "WTit": "",
    "OTit": "",
    "FOA": "1860",
    "Rating": "AUG25",
    "Gms": "0",
    "K": "40",
    "B-day": "1956",
    "Flag": ""
  },
  {
    "ID Number": "21400059",
    "Name": "Kabamwanishi, Mashala",
    "Fed": "COD",
    "Sex": "M",
    "Title": "FM",
    "WTit": "",
    "OTit": "",
    "FOA": "1940",
    "Rating": "AUG25",
    "Gms": "0",
    "K": "40",
    "B-day": "1975",
    "Flag": ""
  },
  {
    "ID Number": "21400890",
    "Name": "Kasongo Kazadi Olivier",
    "Fed": "COD",
    "Sex": "M",
    "Title": "",
    "WTit": "",
    "OTit": "",
    "FOA": "1717",
    "Rating": "AUG25",
    "Gms": "0",
    "K": "40",
    "B-day": "1987",
    "Flag": ""
  },
  {
    "ID Number": "21400164",
    "Name": "Masiala Mayuku, Eddy",
    "Fed": "COD",
    "Sex": "M",
    "Title": "",
    "WTit": "",
    "OTit": "",
    "FOA": "1789",
    "Rating": "AUG25",
    "Gms": "0",
    "K": "40",
    "B-day": "1972",
    "Flag": ""
  },
  {
    "ID Number": "21400113",
    "Name": "Mimbasa Kutesa, Willy",
    "Fed": "COD",
    "Sex": "M",
    "Title": "FM",
    "WTit": "",
    "OTit": "",
    "FOA": "1832",
    "Rating": "AUG25",
    "Gms": "0",
    "K": "20",
    "B-day": "1960",
    "Flag": ""
  },
  {
    "ID Number": "21400954",
    "Name": "Nsana Telo",
    "Fed": "COD",
    "Sex": "M",
    "Title": "",
    "WTit": "",
    "OTit": "",
    "FOA": "1436",
    "Rating": "AUG25",
    "Gms": "0",
    "K": "40",
    "B-day": "2013",
    "Flag": "i"
  },
  {
    "ID Number": "21400091",
    "Name": "Sangi Bihutu Daniel",
    "Fed": "COD",
    "Sex": "M",
    "Title": "",
    "WTit": "",
    "OTit": "",
    "FOA": "1761",
    "Rating": "AUG25",
    "Gms": "0",
    "K": "40",
    "B-day": "1982",
    "Flag": ""
  }
]