ID Number,Name,Fed,Sex,Title,WTit,OTit,Rating,Gms,K,RatingMonth,B-day,Flag
6607411,"Abadi, David",PAN,M,,,,1729,0,20,AUG25,2002,i
6610820,"Abrego Tugri, Adaina Michell",PAN,F,,,,1407,0,40,AUG25,2007,wi
6608469,"Acevedo Herrera, Jonathan Ricardo",PAN,M,,NA,,1703,0,20,AUG25,1992,
6629474,"Acuna Mardones, Diego Ignacio",PAN,M,,,,1514,0,40,AUG25,2009,
6611133,"Aguero, Maximo",PAN,M,,,,1670,0,20,AUG25,1960,i
6603238,"Aguila Batista, Jose Angel",PAN,M,,NA,,AIM,1915,0,AUG25,1996,i
6600719,"Aguilar Sanchez, Edward Javier",PAN,M,,,,1846,0,20,AUG25,1982,
6635768,"Aizpurua Villarreal, Roberto Carlos",PAN,M,,,,1762,9,40,AUG25,1974,
6600522,"Aizpurua, Patrick Emilio",PAN,M,FM,,,2402,0,10,AUG25,1994,
6616607,"Alba Gonzalez, Carlos Jesus",PAN,M,,,,1439,0,40,AUG25,2011,
6615821,"Albornoz Lugo, Carlos Guillermo",PAN,M,,,,1764,0,40,AUG25,2010,
6612121,"Alfaro, Geiler Jostin",PAN,M,,,,1567,0,40,AUG25,2007,i
6612741,"Almengor De Gracia, Danahe Renee",PAN,F,,,,1460,0,40,AUG25,2009,w
6631460,"Almengor Solis, Shamiel Jafet",PAN,M,,,,1627,0,40,AUG25,2010,
6606806,"Alvarado Canto, Norelys Yineth",PAN,F,,,,1603,0,20,AUG25,1995,wi
6600727,"Alvarado Miranda, Octavio",PAN,M,,,,1714,0,20,AUG25,1975,
6604374,"Alvarez Chang, Claudia Mercedes",PAN,F,,,,1677,0,20,AUG25,2004,wi
6601480,"Alvarez, Jose Luis",PAN,M,,,,1771,0,20,AUG25,1990,i
6606660,"Alvarez, Noisel",PAN,M,,,,1565,0,20,AUG25,2000,i
6601219,"Alvarez, Walter Danilo",PAN,M,,,,1978,0,20,AUG25,1967,i
6623140,"Amaya Ortega, Romeo Alexander",PAN,M,,,,1614,7,40,AUG25,2013,
6608248,"Amelunge Ruiz, Oscar Marcos",PAN,M,,,,1425,0,20,AUG25,1983,
6604242,Ania Nahid Rosales Espinoza,PAN,F,,,,1516,0,40,AUG25,2007,wi
6623000,"Antinori Rodriguez, Giuseppe Umberto",PAN,M,,,,1498,0,40,AUG25,2014,
6633153,"Aparicio Garcia, Edson Aramis",PAN,M,,,,1574,0,20,AUG25,2003,
6630715,"Aquije Pedraza, Jose Luis",PAN,M,,,,1720,0,20,AUG25,1979,
6616739,"Arauz Aizpurua, Edwin Ulises",PAN,M,,,,1554,0,20,AUG25,1994,
6614752,"Arcia, Jhonatan",PAN,M,,,,1578,0,20,AUG25,1994,i
6600743,"Ardines, Luis",PAN,M,,,,1882,0,20,AUG25,1990,i
6611095,"Arena Odas, Isidro Jair",PAN,M,,,,1500,0,20,AUG25,2001,i
6612458,"Arevalo Guerra, Danna Isabella",PAN,F,,,,1470,0,40,AUG25,2011,wi
6618529,"Arias Ortega, Ricardo Javier",PAN,M,,,,1530,0,20,AUG25,1992,i
6616437,"Arias, Guillermo Octavio",PAN,M,,,,1455,0,40,AUG25,2010,i
6603548,"Arjona, Jorge Horacio",PAN,M,,,,1806,0,20,AUG25,1969,i
6600425,"Arosemena Castillero, Betty",PAN,F,,,,1683,0,20,AUG25,1985,wi
6600140,"Arosemena Torrijos, Jorge Luis",PAN,M,FM,,,1972,0,20,AUG25,1968,i
6601502,"Arosemena, Dalia",PAN,F,,,,1686,0,20,AUG25,1991,wi
6601227,"Arosemena, Franklin Alberto",PAN,M,,,,1889,0,20,AUG25,1963,i
6607403,"Assis Dayan, Abraham Samuel",PAN,M,,,,1676,0,40,AUG25,2010,
6612660,"Assis Dayan, David",PAN,M,,,,1432,0,40,AUG25,2012,i
6607691,"Atencio Atencio, Albert Brainovich",PAN,M,,,,1609,0,20,AUG25,2005,i
6627340,"Atencio Perez, Randy Nelson",PAN,M,,,,1627,14,40,AUG25,2011,
6615554,"Atencio, Israel Antonio",PAN,M,,,,1478,0,40,AUG25,2011,i
6608493,"Atencio, Leopoldo",PAN,M,,,,1791,0,20,AUG25,1982,i
6608116,"Atie, Jacobo",PAN,M,,,,1717,0,20,AUG25,1962,i
6624251,"Avendano Icaza, Alessia Rebeca",PAN,F,,,,1752,0,40,AUG25,2012,w
6604021,"Avila, Romualdo",PAN,M,,,,1601,0,20,AUG25,2000,i
6628419,"Ayala Barraza, Sofia Isabela",PAN,F,,,,1405,5,40,AUG25,2011,w
6624448,"Azcarraga Lam, Joaquin Enrique",PAN,M,,,,1487,0,40,AUG25,2014,
6612580,"Barcia Dominguez, Andrea Alejandra",PAN,F,,,,1514,0,40,AUG25,2008,w
6600050,"Barraza, Sergio",PAN,M,,,,2092,0,20,AUG25,1963,i
6629245,"Barrelier Gonzalez, Jonathan Isaac",PAN,M,,,,1420,0,40,AUG25,2015,
6600336,"Barria Baker, Raisa Melissa",PAN,F,WFM,WFM,,2015,0,20,AUG25,1987,w
6604390,"Barria Castillo, Andres Eduardo",PAN,M,,,,1699,0,20,AUG25,1953,i
6600069,"Barria Valdez, Blass Ernesto",PAN,M,CM,,,1791,0,20,AUG25,1954,
6600778,"Barrios, Ismael",PAN,M,,,,1755,0,20,AUG25,1972,i
6602495,"Barrios, Joseph",PAN,M,,,,1745,0,20,AUG25,1980,i
6614620,"Batista Cornejo, Rigel",PAN,M,,,,1587,0,20,AUG25,1988,i
6627510,"Batista Mojica, Juan Carlos",PAN,M,,,,1507,0,20,AUG25,1979,i
6607918,"Batista Rosas, Nicolas Arturo",PAN,M,FM,,,2121,0,40,AUG25,2007,i
6608930,"Batista, David",PAN,M,,,,1456,0,40,AUG25,2008,
6600530,"Battikh, Jose Miguel",PAN,M,,,,2020,0,20,AUG25,1995,i
6600247,"Baules Rodriguez, Jorge Luis",PAN,M,IM,,,2329,0,10,AUG25,1983,
6631258,"Bejerano Rodriguez, Yaribel",PAN,F,,,,1703,0,40,AUG25,2008,w
6607381,"Bogdanov, Daniel Vitaly",PAN,M,,,,1807,0,40,AUG25,2007,i
6607675,"Boniche Alvarez, Mario Enrique",PAN,M,,,,1723,0,40,AUG25,2007,i
6611648,"Boniche Santos, Samuel Enrique",PAN,M,,,,1700,0,20,AUG25,1982,i
6624758,"Bonilla Castro, Sebastian Gabriel",PAN,M,,,,1467,4,40,AUG25,2016,
6600433,"Bonilla Torrero, Felix Antonio",PAN,M,,,,1961,0,20,AUG25,1971,i
6615490,"Bosquez Dominguez, Johan Giovanny",PAN,M,,,,1617,0,40,AUG25,2010,
6601359,"Bosquez Mendieta, Abraham Alberto",PAN,M,,,,1802,0,20,AUG25,1990,i
6617409,"Boyd Campos, Eduardo Alejandro",PAN,M,,,,1630,0,20,AUG25,1965,i
6619240,"Boza Pereira, Alessandra Vittoria",PAN,F,,,,1439,0,40,AUG25,2011,w
6615325,"Branca Ku, Alberto Jose",PAN,M,,,,1486,0,40,AUG25,2010,
6622780,"Braun Tenorio, Marianna Claris",PAN,F,,,,1415,0,40,AUG25,2008,wi
6601545,"Bringas, Mario",PAN,M,,,,1686,0,20,AUG25,0,i
6603947,"Briones Espino, Martin Daniel",PAN,M,,,,1674,0,20,AUG25,2005,i
6614248,"Brito Donis, Barbara Nicole",PAN,F,,,,1418,0,40,AUG25,2014,w
6614256,"Brito Donis, Lorelei Sophie",PAN,F,,,,1475,0,40,AUG25,2011,wi
6613969,"Brito Zerpa, Johan Andres",PAN,M,,,,1694,0,20,AUG25,1989,
6607632,"Brostella Arias, Miguel",PAN,M,,,,1531,0,20,AUG25,1994,i
6621945,"Brown Camano, Andres Camilo",PAN,M,,,,1782,0,40,AUG25,2009,
6626661,"Brown Valdes, John Matthew",PAN,M,,,,1641,0,20,AUG25,2006,i
6614698,"Bustamante Munoz, Bernardo Alejandro",PAN,M,,,,1434,0,20,AUG25,1980,i
6604757,"Caballero Guevara, Luis Carlos",PAN,M,,,,1578,0,20,AUG25,1965,
6613888,"Cabarcos Troitino, Carlos Manuel",PAN,M,,,,1420,0,40,AUG25,2011,i
6609279,"Caicedo Rios, Layla Yasmira",PAN,F,,,,1801,0,40,AUG25,2007,w
6612954,"Calderon Atencio, Heidly Hellen",PAN,F,,,,1558,0,40,AUG25,2010,wi
6619843,"Calderon Bolanos, Matias Emanuel",PAN,M,,,,1535,0,40,AUG25,2010,
6619932,"Calderon Bustillos, Agustin Andres",PAN,M,,,,1547,0,40,AUG25,2008,
6608825,"Calderon Rodriguez, Oliver Olif",PAN,M,,,,1471,0,40,AUG25,2007,i
6615473,"Calvo Gonzalez, Ilhan Ernesto",PAN,M,,,,1475,0,40,AUG25,2015,i
6602509,"Calvo Lasso, Ernesto Carlos",PAN,M,,,,1760,0,20,AUG25,1989,i
6624596,"Camano Calderon, Kenneth Daniel",PAN,M,,,,1441,0,40,AUG25,2011,i
6601561,"Camargo Lemieszek, Kamil Antonio",PAN,M,,,,1738,0,20,AUG25,1991,i
6611320,"Camargo Silva, Samir",PAN,M,,,,1897,0,40,AUG25,2009,
6621252,"Campos Alonso, Juan Luis",PAN,M,,NI,,1654,0,20,AUG25,1975,i
6617883,"Campos Mendieta, Luis Fernando",PAN,M,,,,1606,0,40,AUG25,2013,
6600786,"Campos, David",PAN,M,,,,1857,0,20,AUG25,0,
6526454,"Candanedo Venegas, Eichel Adanis",PAN,F,,,,1596,0,20,AUG25,2004,wi
6600794,"Cantilo-Paz, Agustin",PAN,M,CM,,,2070,0,20,AUG25,1962,
6614361,"Canto Urrunaga, Angel Jacinto",PAN,M,,,,1698,0,20,AUG25,1984,i
6605400,"Carrasco Chong, Ian Pierre",PAN,M,,,,1521,0,40,AUG25,2009,i
6600620,"Carrasco, Brandon",PAN,M,CM,,,1833,0,20,AUG25,2000,i
6605656,"Carrera Nicholson, Carlos Enrique",PAN,M,,,,1585,0,40,AUG25,2008,i
6600611,"Carrera Ortega, Alhan Enock",PAN,M,,,,1835,0,20,AUG25,1967,
6606369,"Carrera Saldana, Rommel Abdiel",PAN,M,,FA,,1563,0,20,AUG25,2003,i
3911853,"Carrillo Marval, Maria Angelica",PAN,F,WCM,WCM,"NI,FI,SI,FA",1892,0,20,AUG25,1991,w
6600476,"Carrillo, Jose Antonio",PAN,M,,,,1775,0,20,AUG25,1975,
6615457,"Castiblanco Cardenas, Camilo",PAN,M,,,,1436,0,40,AUG25,2012,
6617468,"Castiblanco Castano, Emerson",PAN,M,,,,1591,0,20,AUG25,1984,
6605460,"Castillero, Sebastian",PAN,M,,,,1698,0,40,AUG25,2007,i
6606687,"Castillo Beitia, Ashley Alexandra",PAN,F,FM,WFM,,2155,0,40,AUG25,2009,w
6619185,"Castillo Bruzual, Leonardo Andre",PAN,M,,,,1493,0,40,AUG25,2012,
6624898,"Castillo Castillo, Julia Julieth",PAN,F,,,,1422,0,40,AUG25,2014,w
6613306,"Castillo Cruz, Jorge Isaac",PAN,M,,,,1515,0,20,AUG25,1996,i
6617247,"Castillo Degracia, Lucas Gianfranco",PAN,M,,,,1542,0,40,AUG25,2008,i
3800997,"Castillo Espejo, Cinthya",PAN,F,WCM,WCM,,1903,0,20,AUG25,1983,wi
6601596,"Castillo Gonzalez, Eulogio",PAN,M,,,,1586,0,20,AUG25,1967,i
6627250,"Castillo Gutierres, Katherine",PAN,F,,,,1552,0,40,AUG25,2008,wi
6605664,"Castillo Jimenez, Giancarlo",PAN,M,,,,1655,0,40,AUG25,2007,
6620655,"Castillo Mauricio, Angelo",PAN,M,,,,1437,0,20,AUG25,1997,i
6608213,"Castillo Mendoza, Carlos Antonio",PAN,M,,,,1491,10,20,AUG25,2001,
6606318,"Castillo Miranda, Anelys Marie",PAN,F,,,,1586,0,40,AUG25,2008,wi
6606296,"Castillo Miranda, Mario Anel",PAN,M,,,,1773,0,40,AUG25,2009,
6627285,"Castillo Munoz, Eduardo Ahamed",PAN,M,,,,1705,0,20,AUG25,1979,
6610501,"Castillo Valdes, Keneth Alexander",PAN,M,,,,1651,0,20,AUG25,2005,i
6615015,"Castillo Vega, Joseph Paul",PAN,M,,,,1522,0,40,AUG25,2009,i
6613195,"Castillo, Cristobal",PAN,M,,NA,,1578,0,20,AUG25,1979,
6601588,"Castillo, Elizabeth",PAN,M,,,,1768,0,20,AUG25,0,i
6624405,"Castro Guerrero, Luis Norbey",PAN,M,,,,1773,0,20,AUG25,1963,i
6624286,"Cebrian Castillo, Justo Gabriel",PAN,M,,,,1534,0,40,AUG25,2017,
6617379,"Cebrian Kant, Justo Jose",PAN,M,,,,1497,0,20,AUG25,1989,
6609309,"Cedeno del Cid, Arturo Alejandro",PAN,M,,,,1552,0,20,AUG25,2006,i
6630626,"Cedeno Escudero, Jose Antonio",PAN,M,,,,1665,0,20,AUG25,1984,
6629105,"Cedeno Moreno, David Eli",PAN,M,,,,1427,0,40,AUG25,2008,
6600166,"Cedeno Tempone, Amhed Antonio",PAN,M,FM,,,1870,6,20,AUG25,1956,
6630944,"Celis Olivardia, Moises Raul",PAN,M,,,,1451,0,40,AUG25,2012,
6619380,"Chacon Downs, Moises Daniel",PAN,M,,,,1700,0,20,AUG25,1999,
6600565,"Chaluja Garcia Prieto, Jose Antonio",PAN,M,CM,,,1908,0,20,AUG25,2000,
6620477,"Chan Centella, Roberto Francisco",PAN,M,,,,1491,0,20,AUG25,1996,i
6613764,"Chavarria Bernal, Diego Alejandro",PAN,M,,,,1437,0,40,AUG25,2010,
6608345,"Chavarria Troya, Keytleen Denis",PAN,F,WCM,WCM,,1604,0,40,AUG25,2011,w
6600808,"Chavez Polo, Ramses",PAN,M,,,,2089,0,20,AUG25,1993,i
6619215,"Checa Calvo, Jana Valeria",PAN,F,,,,1444,0,40,AUG25,2009,wi
6603297,"Chen Alba, Jose",PAN,M,,,,1935,0,20,AUG25,1972,i
6600816,"Chen Austin, Felipe Gabriel",PAN,M,,,,1905,0,20,AUG25,1992,i
6628907,"Cheng Huang, Ary Tian-Cuang",PAN,M,,,,1549,0,40,AUG25,2009,
6630073,"Cherigo Valdes, Israel",PAN,M,,,,1580,0,20,AUG25,2000,i
6609317,"Chiari Berenguer, Saul Daniel",PAN,M,,,,1528,0,20,AUG25,2006,i
6620590,"Chipsen Chu, Dennis Eduardo",PAN,M,,,,1694,0,20,AUG25,1980,
6604951,"Chong Ng, Roberto Fat",PAN,M,,,,1752,0,20,AUG25,1989,i
6600603,"Chung Hurtado, Yaleika",PAN,F,WFM,WFM,FA,1795,0,20,AUG25,1988,w
6600085,"Collantes, Juan Ramon",PAN,M,,FI,,1790,0,20,AUG25,1957,
6602533,"Coma, Dorian",PAN,M,,,,1952,0,20,AUG25,1985,
6626068,"Concepcion Smith, David Andrew",PAN,M,,,,1597,0,40,AUG25,2008,i
6619100,"Concepcion, Ariel",PAN,M,,,,1678,6,20,AUG25,1986,
6609651,"Contreras, Daniel",PAN,M,,,,1638,0,20,AUG25,2003,i
6620310,"Cornejo Isaza, Emmanuel",PAN,M,,,,1475,0,40,AUG25,2017,i
6603351,"Cornejo, Abel",PAN,M,,NI,,1921,0,20,AUG25,1980,i
6600646,"Corrales, Mario",PAN,M,,,,1818,0,20,AUG25,1985,i
6600298,"Correa Arjona, Marco Antonio",PAN,M,,,,1857,0,20,AUG25,1952,i
6616305,"Correa Hurtado, Francisco Daniel",PAN,M,,,,1633,0,20,AUG25,2004,i
6630120,"Corso Orellana, Nicolas Isai",PAN,M,,,,1461,0,40,AUG25,2009,i
6612342,"Cortes Franco, Adrian Ignacio",PAN,M,,,,1813,0,40,AUG25,2011,
6622623,"Cortes Franco, Sebastian Andres",PAN,M,,,,1595,0,40,AUG25,2010,
6607705,"Cortes Luk, Jose Alejandro",PAN,M,,,,1550,0,40,AUG25,2008,i
6619479,"Cortez, Euribiades",PAN,M,,,,1423,0,20,AUG25,2006,i
6602134,"Cotito Curi, Efrain",PAN,M,,,,1783,0,20,AUG25,1987,i
6629679,"Courbis, Cyril Franck Guy",PAN,M,,,,1451,0,20,AUG25,1988,
6622640,"Croston, Juan Pablo",PAN,M,,,,1465,0,40,AUG25,2012,
6616208,"Cruz Quintanilla, Marianela",PAN,F,,,,1864,0,40,AUG25,2010,w
3535916,"Cueto Fernandez, Manuel Alejandro",PAN,M,,,,1853,0,40,AUG25,2012,
6626599,"Cuevas Morgan, Jorge Enrique",PAN,M,,,,1560,0,40,AUG25,2015,
6625320,"Curiel Lopez, Felix Jose",PAN,M,,,,1490,0,20,AUG25,1998,
6608809,"Dabah, Eliezer",PAN,M,,,,1510,0,40,AUG25,2011,i
6600093,"Daniels, Antonio",PAN,M,,,,1947,0,20,AUG25,0,
6628540,"Davis Rodriguez, Abdiel Antonio",PAN,M,,,,1486,0,40,AUG25,2007,
6625150,"Dayan Altman, David",PAN,M,,,,1493,0,20,AUG25,2005,
6618219,"De Gracia Gomez, Cristian Adrian",PAN,M,,,,1519,0,20,AUG25,2000,i
6612865,"De Gracia Mendoza, Almarys Monserrath",PAN,F,,,,1463,0,20,AUG25,2006,wi
6603050,"De Gracia, David Alfonso",PAN,M,,,,1769,0,20,AUG25,1991,i
6613616,"De Hermoso Jovane, Juan Pablo",PAN,M,,,,1480,0,40,AUG25,2012,
6619363,"De Icaza Garcia, Emmanuel David",PAN,M,,,,1530,0,20,AUG25,2006,i
6623727,"De Las Casas Saenz, Diego Alejandro",PAN,M,,,,1518,7,40,AUG25,2011,
6629733,"De Leon Aparicio, Keydan Harim",PAN,M,,,,1471,5,40,AUG25,2015,
6627854,"De Leon Barria, Yanismar Del Carmen",PAN,F,,,,1462,0,40,AUG25,2008,w
6622771,"De Leon Munoz, Liz Victoria",PAN,F,,,,1403,0,40,AUG25,2011,w
6600107,"De Leon Palacios, Javier",PAN,M,CM,,,2069,0,20,AUG25,1960,
6602541,"De Leon, Ismael Antonio",PAN,M,,,,1821,0,20,AUG25,1952,i
6604439,"De Lima, Nelson",PAN,M,,,,1714,0,20,AUG25,1961,i
6613349,"Del Cid Grajales, Joel Ivan",PAN,M,,,,1508,0,20,AUG25,1996,i
6605010,"Del Cid Guevara, Ana Edisa",PAN,F,,NA,,1549,0,20,AUG25,1979,w
6613357,"Del Cid Romero, Bienvenido",PAN,M,,,,1467,0,20,AUG25,1974,
6613187,"Del Cid, Alberto",PAN,M,,,,1528,0,20,AUG25,1961,i
6608329,"Del Cid, Lauren Gabriella",PAN,F,,,,1467,0,40,AUG25,2008,wi
6603904,"Del Rosario, Osvaldo",PAN,M,,,,1492,0,20,AUG25,1956,i
6619550,"Delgado Brandaris, Diego Adriano",PAN,M,,,,1574,0,40,AUG25,2008,i
6634249,"Delgado Franco, Angelo Emmanuel",PAN,M,,,,1574,0,40,AUG25,2010,
6600832,"Delgado Ortega, Aris Osvaldo",PAN,M,,,,1817,0,20,AUG25,1990,
6602150,"Delgado Rosas, Alex Antonio",PAN,M,CM,,,2147,0,20,AUG25,1996,
6606750,"Delgado Rosas, Jose Antonio",PAN,M,,,,2024,6,20,AUG25,2004,
6601634,"Delgado, Fidel",PAN,M,,,,1767,0,20,AUG25,0,i
6600441,"Diaz Caballero, Hector Ovidio",PAN,M,,,,2015,0,20,AUG25,1978,i
6603068,"Diaz Guevara, Isidro",PAN,M,,,,1546,4,20,AUG25,1972,
6614957,"Dominguez Gomez, Aldo Benjamin",PAN,M,,,,1708,11,20,AUG25,1999,
6600840,"Dominguez, Angel",PAN,M,,,,1764,0,20,AUG25,0,i
6625169,"Du, Han",PAN,M,,,,1617,0,20,AUG25,2005,
6615244,"Duarte Gonzalez, Edgar Said",PAN,M,,,,1417,10,40,AUG25,2014,
6604854,"Escobar De Gracia, Alex Jafet",PAN,M,,,,1488,0,20,AUG25,2005,i
6600174,"Esquivel Golcher, Luis Enrique",PAN,M,FM,,,2091,0,20,AUG25,1983,
6609686,"Fabrega Van Der Laat, Jose Bernardo",PAN,M,,,,1887,0,40,AUG25,2011,
6610862,"Fascio Outerbridge, Arno Augusto",PAN,M,CM,,,1891,0,20,AUG25,2006,
6626939,"Fasta Menacho, Javier Jose",PAN,M,,,,1540,0,40,AUG25,2007,i
6621937,"Fernandez Altamirano, Alfonso Enrique",PAN,M,,,,1498,0,40,AUG25,2008,
6614728,"Fernandez Gallardo, Edgar Joel",PAN,M,,,,1571,0,20,AUG25,1988,i
6605206,"Ferreira Araujo, Aldair Antonio",PAN,M,,,,1899,0,20,AUG25,2000,
6605214,"Ferreira Araujo, Miguel Antonio",PAN,M,,,,1574,0,20,AUG25,2002,i
6605222,"Ferreira De Gracia, Luis Daniel",PAN,M,,,,1440,0,20,AUG25,1971,
6606490,"Ferrin, Pedro",PAN,M,,,,1769,0,20,AUG25,1949,i
6613047,"Figueira Fernandez, Samuel Alonso",PAN,M,,,,1521,0,40,AUG25,2011,
6618260,"Figueira, Ricardo",PAN,M,,,,1561,0,20,AUG25,1979,i
6612997,"Figueroa Villarreal, Gino Paolo",PAN,M,,,,1485,0,20,AUG25,2006,i
6627420,"Filos Del Rosario, Daglio Hernan",PAN,M,,,,1550,0,20,AUG25,1997,
6605532,"Finlay, Brian",PAN,M,,,,1689,0,20,AUG25,2002,i
6605613,"Finlay, Kendrich",PAN,M,,,,1594,0,20,AUG25,2003,i
6619720,"Foote, Andrew Aaron",PAN,M,,,,1640,0,20,AUG25,2001,
6618278,"Franceschi Fuentes, Rafael Alejandro",PAN,M,,,,1556,0,20,AUG25,1991,
6613152,"Frias Acosta, Adrian Alexander",PAN,M,,,,1793,0,40,AUG25,2008,
6616046,"Frias Acosta, Lev Yassik",PAN,M,,,,1412,0,40,AUG25,2012,
6600875,"Fuentes Manrique, Adrian Alonso",PAN,M,FM,FA,,2118,0,20,AUG25,1998,
6608175,"Fuller, Roberto Antonio",PAN,M,,,,1693,0,20,AUG25,1997,i
6620370,"Gadeloff Fajgenbaum, Henry Boaz",PAN,M,,,,1594,0,40,AUG25,2013,
6613284,"Galindo De Leon, Ethel Arileth",PAN,F,,,,1402,4,40,AUG25,2007,w
6619487,"Gallardo Moreno, Joyce",PAN,F,,,,1435,0,20,AUG25,2006,w
6630049,"Gallyamov, Ilal",PAN,M,,,,1544,0,40,AUG25,2015,
6617050,"Gang Xiao, Andy",PAN,M,,,,1452,0,40,AUG25,2007,i
6603076,"Garcia Abrego, Boris Omar",PAN,M,,,,1698,0,20,AUG25,1995,i
6623549,"Garcia Frias, Alejandro Enrique",PAN,M,,,,1514,0,40,AUG25,2007,
6605354,"Garcia Gonzalez, Larissa",PAN,F,,,,1606,0,20,AUG25,2005,wi
6614094,"Garcia Marroquin, Lily Adriana",PAN,F,,,,1484,0,40,AUG25,2012,w
6627153,"Garcia Morales, Luis Angel",PAN,M,,,,1590,0,20,AUG25,2006,i
6609333,"Garcia, Jose Javier",PAN,M,,,,1649,0,20,AUG25,2005,
6602568,"Garcia, Ramon",PAN,M,,,,1693,0,20,AUG25,1961,i
6614434,"Genera, Felipe",PAN,M,,,,1619,0,40,AUG25,2013,
6627498,"Gestoso Ruiz, Juan",PAN,M,,,,1688,0,20,AUG25,1988,
6612920,"Gil Sanchez, Braulio Alexander",PAN,M,,,,1697,6,20,AUG25,2002,
6607500,"Gomes Barranco, Isabela Sofia",PAN,F,,,,1445,0,40,AUG25,2009,w
6607519,"Gomes Barranco, Manuel Ignacio",PAN,M,,,,1746,0,40,AUG25,2011,
6607497,"Gomes de Sousa, Roberto",PAN,M,,FA,,1558,0,20,AUG25,1978,i
6608647,"Gomez Carreno, Milagro I",PAN,F,,,,1495,0,20,AUG25,2005,wi
6606598,"Gomez Morales, Salma Patricia",PAN,F,,,,1559,0,20,AUG25,2005,wi
6608230,"Gomez Pilozo,Guillermo Alejandro",PAN,M,,,,1755,0,20,AUG25,2002,i
6625983,"Gomez Trujillo, Paola Eileen",PAN,F,,,,1472,5,40,AUG25,2011,w
6606334,"Gonzalez Almengor, Alex Lujan",PAN,M,,,,1441,0,40,AUG25,2007,i
6618987,"Gonzalez Arauz, Bryan Nogeth",PAN,M,,,,1421,0,40,AUG25,2009,i
6618863,"Gonzalez Barria, Jaasiel Alexander",PAN,M,,,,1581,0,40,AUG25,2010,
6628443,"Gonzalez Cerrud, Juan Roman",PAN,M,,,,1496,0,40,AUG25,2009,
6603831,"Gonzalez De La Guardia, Luis Emilio",PAN,M,,,,1767,0,20,AUG25,2005,i
6603840,"Gonzalez Del Pino, Luis Emilio",PAN,M,,,,1787,0,20,AUG25,1973,i
6620388,"Gonzalez Frewa, Elie Abraham",PAN,M,,,,1478,0,40,AUG25,2010,
6607942,"Gonzalez Palacio, Olmedo",PAN,M,,,,1758,0,20,AUG25,1989,i
6600344,"Gonzalez Ramirez, Yaribeth",PAN,F,WCM,WCM,FA,1884,0,20,AUG25,1986,wi
6608612,"Gonzalez Rodriguez, Ernesto",PAN,M,,,,1488,0,20,AUG25,1999,i
6608620,"Gonzalez Rodriguez, Genesis",PAN,F,,,,1415,0,40,AUG25,2008,w
3910288,"Gonzalez Soto, Pedro Jose",PAN,M,,"NI,FA",,1964,0,20,AUG25,1988,
6609074,"Gonzalez Vergara, Isai",PAN,M,,,,1454,0,40,AUG25,2012,
6613144,"Gonzalez Weliz, Elias Jose",PAN,M,,,,1614,0,20,AUG25,2000,i
6611087,"Gonzalez Weliz, Ivan",PAN,M,,,,1796,0,20,AUG25,2003,i
6611079,"Gonzalez Weliz, Joseph",PAN,M,,,,1834,0,20,AUG25,2006,i
6603599,"Gonzalez, Emilys",PAN,F,,,,1600,0,20,AUG25,1994,wi
6626408,"Gordon Gonzalez, Rosa Maria",PAN,F,,,,1474,0,40,AUG25,2012,w
6613209,"Gordon Menchu, Miguel Angel",PAN,M,,,,1531,0,40,AUG25,2013,i
6617735,"Grael Barahona, Luis Fernando",PAN,M,,,,1496,0,40,AUG25,2010,
6608655,"Guadamuz Carreno, Gabriela",PAN,F,,,,1498,0,40,AUG25,2011,wi
6613560,"Guardia Vasquez, Jael Mari",PAN,F,,,,1530,0,40,AUG25,2011,w
6602592,"Guerra Caballero, Erick Alexander",PAN,M,,,,1728,0,20,AUG25,1985,
6602304,"Guerra Espinosa, Rodolfo Darinel",PAN,M,,,,1792,0,20,AUG25,1982,i
6606903,"Guerra Ramirez, Jorge Enrique",PAN,M,,NA,,AFM,1527,0,AUG25,2005,
6613926,"Guerra Serrano, Johan Kalil",PAN,M,,,,1537,0,40,AUG25,2007,i
6600891,"Guerra, Erick",PAN,M,,,,1810,0,20,AUG25,0,i
6608817,"Guerra, Felicio",PAN,M,,,,1710,0,20,AUG25,1960,i
6608477,"Guerra, Floribeth",PAN,F,,,,1702,0,20,AUG25,2005,wi
6614043,"Guillen, Marco Tulio",PAN,M,,,,1736,0,20,AUG25,1952,i
6603602,"Guiraud Castillo, Eduardo Andres",PAN,M,,,,1834,0,20,AUG25,1998,i
6623468,"Gutierrez Espinosa, Juan David",PAN,M,,,,1416,0,40,AUG25,2007,
6603092,"Gutierrez Gonzalez, Rafael",PAN,M,,,,AFM,1963,6,AUG25,1997,
6613403,"Guzman Carrasco, Jose Antonio",PAN,M,,,,1572,0,20,AUG25,1990,i
6616526,"Hall, Peter",PAN,M,,,,1816,0,20,AUG25,2005,i
6617859,"Hammoud Issa, Jad",PAN,M,,,,1491,0,40,AUG25,2007,i
6605630,"Harari Assis, David",PAN,M,,,,1603,0,20,AUG25,2003,i
6603858,"Hardy Robinson, Yeisi Mileika",PAN,F,,,,1508,8,20,AUG25,2002,w
6600042,"Haskins Atehortua, Marco Antonio",PAN,M,,,,1815,0,20,AUG25,1951,
6627196,"Hau Huang, Lidia Yaneth",PAN,F,,,,1425,0,20,AUG25,2005,wi
6603610,"Hau, Carolina",PAN,F,WCM,WCM,,1684,0,20,AUG25,1999,wi
6614680,"Hawkins De la Cruz, Jonathan Sael",PAN,M,,,,1698,0,20,AUG25,1988,i
6600123,"Hay Concepcion, Mario",PAN,M,,,,1947,0,20,AUG25,1954,i
6608523,"He Wu, Richard",PAN,M,,,,1563,0,40,AUG25,2007,
6606938,"Henriquez Sarmiento, Arbin",PAN,M,,,,1547,0,20,AUG25,1988,i
6616186,"Hernandez Almanza, Estanislao",PAN,M,,,,1596,0,20,AUG25,1993,i
6616127,"Hernandez Cedeno, Aaron",PAN,M,,,,1516,0,40,AUG25,2008,i
6612199,"Hernandez Perez, Edwin Francisco",PAN,M,,,,1661,0,20,AUG25,2006,i
6623034,"Hernandez Reyes, Juan Diego",PAN,M,,,,1737,0,20,AUG25,2002,i
6604617,"Hernandez Rodriguez, Didier Alexa",PAN,M,,,,1777,0,20,AUG25,1998,i
6617212,"Hernandez Sanchez, Cristopher Saul",PAN,M,,,,1533,0,40,AUG25,2008,i
6611486,"Hernandez Sanchez, Edgar Jesus",PAN,M,,,,1652,0,20,AUG25,2001,
6633030,"Hernandez Tovar, Yonathan Humberto",PAN,M,,,,1540,3,20,AUG25,2006,
6605419,"Hernandez, Grace",PAN,F,,,,1417,0,20,AUG25,2005,w
6603629,"Hernandez, Manuel",PAN,M,,,,1665,0,20,AUG25,1969,i
6622810,"Herranz Paz, Ronald",PAN,M,,,,1508,0,40,AUG25,2008,
6613683,"Herrera Gomez, Ivan Said",PAN,M,,,,1634,0,40,AUG25,2013,
6601324,"Herrera Herrera, Benjamin Alfredo",PAN,M,,,,1908,0,20,AUG25,1962,i
6634923,"Herrera Ortega, Abdiel David",PAN,M,,,,1621,0,20,AUG25,1988,
6601170,"Herrera Rowley, Diego Francisco",PAN,M,,,,1856,0,20,AUG25,2000,
6603505,"Herrera, David Moises",PAN,M,,,,1921,0,20,AUG25,1978,i
6612326,"Herrera, Luis Carlos",PAN,M,,,,1800,0,20,AUG25,1966,i
6601693,"Herrera, Mani",PAN,M,,,,1819,0,20,AUG25,1979,
6601707,"Herrera, Raymer",PAN,M,,,,1858,0,20,AUG25,0,i
6633161,"Hickey Aguilar, Stefano Eduardo",PAN,M,,,,1653,0,20,AUG25,1999,
6601715,"Hill Guzman, Ricardo Arturo",PAN,M,,,,1840,0,20,AUG25,1966,i
6604463,"Hou, Eduardo",PAN,M,,,,1722,0,20,AUG25,1989,i
6606075,"Hoyos Bedoya, Nevardo",PAN,M,,,,1775,0,20,AUG25,1958,
6621902,"Huang Lee, Yi Ping",PAN,M,,,,1589,0,40,AUG25,2007,
6604838,"Hurtado, Samuel Alexander",PAN,M,,NA,,1777,0,20,AUG25,2002,i
6604625,"Ibanez Zanetti, Diego Arturo",PAN,M,,,,1638,0,20,AUG25,2004,i
6604633,"Ibanez Zanetti, Sebastian Andres",PAN,M,,,,1801,0,40,AUG25,2009,
6608515,"Ibarra Valdes, Magalis Anais",PAN,F,,,,1678,0,20,AUG25,2005,wi
6610455,"Ibarra, Adonis",PAN,M,,,,1669,0,20,AUG25,2004,i
6615767,"Inocente Covaleda, Luis Gabriel",PAN,M,,,,1701,0,20,AUG25,2004,
6600204,"Jaen Vega, Miguel Angel",PAN,M,,,,2050,0,20,AUG25,1984,i
6607233,"Jaramillo Andrade, Ezequiel Enoc",PAN,M,,,,1557,0,20,AUG25,2000,i
6608132,"Jaramillo Doniush, Rolando Alberto",PAN,M,,,,1620,0,20,AUG25,1971,i
6615791,"Jaramillo Espinosa, Aleph Jhael",PAN,M,,,,1450,0,40,AUG25,2011,
6617824,"Jarquin Castillo, Juan Gabriel",PAN,M,,,,1426,0,20,AUG25,1985,i
6633293,"Jarrin Zhang, Dominick Yong Heng",PAN,M,,,,1469,0,40,AUG25,2015,
6601723,"Jenkins Bonilla, Esteban Antonio",PAN,M,,NI,,1944,0,20,AUG25,1991,
6616674,"Jimenez Bloise, Daniel Antonio",PAN,M,,,,1777,0,20,AUG25,1993,i
6613977,"Jimenez Giron, Alexander Abraham",PAN,M,,,,1858,0,20,AUG25,2006,
6602410,"Jimenez Molina, Pedro",PAN,M,,NA,,1866,0,20,AUG25,1999,
6621104,"Joaquinez Monzon, Lilibeth Thais",PAN,F,,,,1500,0,20,AUG25,1982,wi
6601260,"Jordan P., Rafael David",PAN,M,,,,1887,0,20,AUG25,1995,i
6612253,"Jou Liu, Ryan Alexander",PAN,M,,,,1674,0,20,AUG25,2006,i
6610153,"Karwat, Mare",PAN,M,,,,1536,0,20,AUG25,2002,i
6616445,"Kitaeff Mattison, Andres Constantin",PAN,M,,,,1551,0,40,AUG25,2013,
6627862,"Kuang Qiu, Oliver Alexander",PAN,M,,,,1599,0,40,AUG25,2009,i
6619029,"Kushinakajo, Elio",PAN,M,,,,1418,0,20,AUG25,1973,
6613993,"Kushinakajo, Theo",PAN,M,,,,1881,0,40,AUG25,2007,
6614973,"Labrador Mora, Isabella Valentina",PAN,F,,,,1452,0,40,AUG25,2007,wi
6600328,"Lam Cheon, Miguel Angel",PAN,M,,,,1916,0,20,AUG25,1980,i
6604129,"Lam Cheon, Miguel Angel",PAN,M,,,,2020,0,20,AUG25,1988,i
6612784,"Landires Nunez, Fatima",PAN,F,,,,1687,0,40,AUG25,2011,w
6635750,"Lara Batista, Brandon Jahir",PAN,M,,,,1642,8,40,AUG25,2006,
6612962,"Lasso Camargo, Jose Clemente",PAN,M,,,,1615,0,40,AUG25,2008,
6600352,"Lasso Garcia, Luis Carlos",PAN,M,,,,1683,0,20,AUG25,1983,i
6611672,"Lasso Mollick, Luis Daniel",PAN,M,,,,1427,0,40,AUG25,2009,i
6611125,"Layton Henao, Cesar Tulio",PAN,M,,,,1945,0,20,AUG25,1981,i
6632971,"Lee Ayala, Eliecer Augusto",PAN,M,,,,1540,0,20,AUG25,1978,
6600913,"Leon Archibaldo, Orlando Andres",PAN,M,FM,FA,,2309,0,20,AUG25,1992,
6608531,"Leon Man, Julio Enrique",PAN,M,,,,1654,0,40,AUG25,2008,
6602894,"Leon Saldana, Sergio Roberto",PAN,M,,,,1962,0,20,AUG25,1977,i
6610161,"Lescano, Joaquin",PAN,M,,,,1536,0,40,AUG25,2008,
6615678,"Lezcano Nunez, Joaquin Aquiles",PAN,M,,,,1539,0,40,AUG25,2008,
6626637,"Liang Wu, Johan Anthony",PAN,M,,,,1569,0,40,AUG25,2009,i
6621988,"Lin, Fernando",PAN,M,,,,1579,0,20,AUG25,1985,i
6615430,"Linares Durling, Roy Antonio",PAN,M,,,,1446,0,40,AUG25,2012,
6603653,"Linares, Leonel",PAN,M,,,,1899,0,20,AUG25,1984,i
6621570,"Lince Jurado, David Alejandro",PAN,M,,,,1404,0,40,AUG25,2008,i
6607276,Lisung Chung Matias Alonso,PAN,M,,,,1633,0,40,AUG25,2007,i
6611770,"Liu Qiu, Jhonny Bryan",PAN,M,,,,1490,6,40,AUG25,2012,
6607640,"Lobo Jimenez, Alfredo Antonio",PAN,M,,,,1456,0,40,AUG25,2008,
6605516,"Lobo Jimenez, Mariana Esther",PAN,F,WCM,WCM,,1771,0,40,AUG25,2008,w
6605508,"Lobo Jimenez, Marielys Judith",PAN,F,,,,1587,0,40,AUG25,2007,w
6602002,"Lobo Vasquez, Antonio",PAN,M,,SI,,1835,0,20,AUG25,1982,
6614019,"Lombana Franceschi, Diego Enrique",PAN,M,,,,1493,0,20,AUG25,1985,
6600921,"Lombardo Batista, Elias",PAN,M,,,,1834,0,20,AUG25,1980,
6617077,"Loo Garcia, Jorge Adalberto",PAN,M,,,,1400,0,40,AUG25,2009,
6617310,"Lopes Menegueco, Matheus",PAN,M,,,,1424,0,40,AUG25,2010,i
523009926,"Lopez Castillo, Angel David",PAN,M,,,,1486,0,40,AUG25,2011,
6613128,"Lopez Fraiz, Ruben",PAN,M,,,,1535,0,20,AUG25,1985,
6623816,"Lopez Gonzalez, Galib Einar",PAN,M,,,,1669,0,20,AUG25,2005,
6625487,"Lopez Rodriguez, Jeremy Daniel",PAN,M,,,,1598,0,20,AUG25,2005,
6621554,"Lopez Santos, Diego Alejandro",PAN,M,,,,1431,0,40,AUG25,2011,
6608639,"Lopez Villarreal, Jezrrel Eliecer",PAN,M,,,,1496,0,40,AUG25,2013,
6608167,"Lopez Villarreal, Melissa Paola",PAN,F,,,,1579,0,20,AUG25,2006,wi
6622070,"Lovera, Ian Alejandro",PAN,M,,,,1649,0,40,AUG25,2009,i
6602916,"Lozano Marquez, Carlos Jose",PAN,M,,FA,,1754,0,20,AUG25,1980,i
6610536,"Lujan Puigbo,Jose Ignacio",PAN,M,,,,1568,0,20,AUG25,1950,
6606814,"Luo,Jeni",PAN,F,,,,1581,0,20,AUG25,2000,wi
6607284,"Luria Zanetti, Juan Eloy",PAN,M,,,,1474,0,40,AUG25,2010,
6601090,"Machaj Castillero, Miguel Angel",PAN,M,,,,1677,0,20,AUG25,2002,i
6607470,"Madrid Chin, Mario Enrique",PAN,M,,,,1540,0,20,AUG25,1974,i
6600379,"Madrid Gonzalez, Gilberto",PAN,M,,,,2078,0,20,AUG25,1986,i
6615627,"Madrid Serrano, Alan Isac",PAN,M,,,,1684,8,40,AUG25,2007,
6623107,"Magallon Rivera, Edmond Onill",PAN,M,,,,1528,4,20,AUG25,1984,
6606954,"Manfredi Carrera, Chiara Melina",PAN,F,,,,1403,0,40,AUG25,2009,wi
6604064,"Manzanares, Giandanello",PAN,M,,,,1602,0,20,AUG25,1996,i
6614108,"Marin Garcia, Emiliano Alonzo",PAN,M,,,,1660,0,40,AUG25,2010,i
6619053,"Marin Samaniego, Maximo",PAN,M,,,,1537,0,20,AUG25,1993,i
6633935,"Mark Ruiz, Anel Alexander",PAN,M,,,,1472,0,40,AUG25,2008,
6615058,"Marquez Apolayo, Nayrobis Del Carmen",PAN,F,,,,1429,0,40,AUG25,2012,wi
6616640,"Marquez, Diego Emilio",PAN,M,,,,1450,0,40,AUG25,2011,i
6612547,"Martin, Ian Ahmed",PAN,M,,,,1450,0,40,AUG25,2007,i
6627676,"Martinez Garcia, Andrei Abdel",PAN,M,,,,1470,0,40,AUG25,2013,
6630979,"Martinez Gonzalez, Josue Andres",PAN,M,,,,1544,0,40,AUG25,2012,
6632491,"Martinez Obaldia, Roberto Omar",PAN,M,,,,1411,0,20,AUG25,1988,
6604145,"Martinez Valdes, Mauricio Joel",PAN,M,,,,1793,0,20,AUG25,1990,i
6601766,"Martinez, William",PAN,M,,,,1820,0,20,AUG25,0,
6609767,"Martinez, Willian",PAN,M,,,,1824,0,20,AUG25,1994,i
6600360,"Mathews Romero, Cesar",PAN,M,CM,IO,,1980,0,20,AUG25,1984,i
6633170,"Mattatall Bosquez, Alberto Eduardo",PAN,M,,,,1915,0,20,AUG25,2002,
6616267,"Mc Donald Hidalgo, Carlos Enrique",PAN,M,,,,1581,0,20,AUG25,2000,i
6609791,"Medina Castillo, Angel Ruben",PAN,M,,,,1518,0,20,AUG25,2003,i
6605982,"Medina Jaen, Jorge",PAN,M,,,,1537,0,20,AUG25,1977,
6601774,"Medina Perez, Ulises",PAN,M,,NA,,1869,0,20,AUG25,1966,i
6613659,"Medina Yau, Maria Gabriela",PAN,F,,,,1517,0,40,AUG25,2008,w
6613640,"Medina Yau, Maria Isabela",PAN,F,,,,1449,0,40,AUG25,2010,w
6614906,"Medina, Lucas Daniel",PAN,M,,,,1548,0,40,AUG25,2010,i
6601456,"Mejia, Xavier",PAN,M,,,,1711,0,20,AUG25,0,i
6625681,"Melendez Gordon, Dylan Orlando",PAN,M,,,,1473,0,20,AUG25,2006,i
6630014,"Mendez Carrera, Joseph Endrich",PAN,M,,,,1633,7,40,AUG25,2007,
6603793,"Mendez Machado, Andre",PAN,M,FM,,,2165,0,40,AUG25,2008,
6606970,"Mendez Machado, Fatima",PAN,F,,,,1670,0,40,AUG25,2011,w
6605770,"Mendez, Pablo Eduardo",PAN,M,,,,1569,0,20,AUG25,1974,i
6611680,"Mendoza Salazar, Ruben Dario",PAN,M,,,,1674,0,20,AUG25,1987,i
6611664,"Mendoza Sanchez, Ruben Miguel",PAN,M,,,,1716,0,20,AUG25,2001,i
6612334,"Minzer, Rodolfo",PAN,M,,,,2028,0,20,AUG25,1961,i
6624006,"Miranda Arrocha, Basilio Andres",PAN,M,,,,1560,0,20,AUG25,1997,
6635849,"Miranda Concepcion, Adolfo",PAN,M,,,,1471,8,40,AUG25,1973,
6600212,"Miranda D Ettore, Adrian",PAN,M,,,,1824,6,20,AUG25,1954,
6626700,"Miranda Rios Duggan, Eduardo Gabriel",PAN,M,,,,1626,0,20,AUG25,2006,
6611044,"Miranda Samudio, Adrian Jafeth",PAN,M,CM,,,2015,0,40,AUG25,2008,
6614213,"Miranda Sandino, Jhon Abel",PAN,M,,,,1614,0,40,AUG25,2008,i
6622267,"Miranda Valdes, Manuel Isaac",PAN,M,,,,1435,0,40,AUG25,2007,i
6606377,"Miranda, Mynor Enrique",PAN,M,,NA,,1585,0,20,AUG25,2005,i
6603300,"Molina Diaz, Eduardo Jose",PAN,M,,,,1779,0,20,AUG25,1986,i
6614744,"Molina Nunez, Edward Alonzo",PAN,M,,,,1647,0,20,AUG25,1995,i
6604498,"Molina, Eduardo",PAN,M,,,,1759,0,20,AUG25,1986,i
6614647,"Monasterio, Francisco",PAN,M,,,,1632,0,20,AUG25,2001,i
6602185,"Monroe, Erick",PAN,M,,,,1731,0,20,AUG25,1991,i
6602070,"Montenegro Gonzalez, Osvaldo",PAN,M,,,,1949,0,20,AUG25,1970,i
6611060,"Montezuma Camarena, Dayana Cristel",PAN,F,,,,1641,0,40,AUG25,2009,w
6605478,"Montilla, Xavier",PAN,M,,,,1460,0,40,AUG25,2008,i
6630871,"Montufar Porcell, Juan Raul",PAN,M,,,,1687,0,40,AUG25,2012,
6626947,"Mor Alveo, Anthony Abdul",PAN,M,,,,1629,0,20,AUG25,2006,
6627234,"Morales Castillo, Hector David",PAN,M,,,,1580,0,40,AUG25,2016,
6600930,"Morales Gonzalez, Anel Humberto",PAN,M,,,,1859,0,20,AUG25,1979,
6606237,"Morales Marin, Jose Manuel",PAN,M,,"SI,DI,IA",,1619,0,20,AUG25,1972,i
6607845,"Morales Reyes, Julio Javier",PAN,M,,,,1682,0,20,AUG25,1971,i
6615198,"Morales Serrano, Samet Elhi",PAN,M,,,,1412,3,40,AUG25,2012,
6604048,"Morales, Danesh",PAN,M,,,,1710,0,20,AUG25,2000,i
6610528,"Moran Ortega, Ernesto Enrique",PAN,M,,,,1607,0,20,AUG25,1995,i
6622330,"Moreira Escobar, Ian Gabriel",PAN,M,,,,1497,0,20,AUG25,1999,i
6616704,"Moreira Trujillo, Rene",PAN,M,,,,1663,0,20,AUG25,1981,i
6633048,"Moreno Barria, Jesus Salomon",PAN,M,,,,1652,0,40,AUG25,2011,
6603807,"Moreno Gonzalez, Pedro Ivan",PAN,M,,,,1569,0,20,AUG25,1962,i
6613462,"Moreno Pitti, Raul Belisario",PAN,M,,,,1633,0,40,AUG25,2008,i
6618286,"Moreno, Roberto",PAN,M,,,,1462,0,20,AUG25,2000,i
6605281,"Morgado Bencomo, Guillermo Enrique",PAN,M,,,,1837,0,20,AUG25,1980,i
6625673,"Morris Phillips, Jose Isai",PAN,M,,,,1459,0,20,AUG25,2005,i
6613780,"Mow Gracia, Alejandro Antonio",PAN,M,,,,1497,0,20,AUG25,2003,i
6623271,"Munar Cuevas, Libardo",PAN,M,,,,1608,0,20,AUG25,1985,
6619118,"Munera Salazar, Javier",PAN,M,,,,1659,6,20,AUG25,1973,
6600514,"Munoz Henriquez, Alba Esther",PAN,F,WCM,WCM,FA,1765,0,20,AUG25,1991,w
6615759,"Munoz Hurtado, Gean Gabriel",PAN,M,,,,1523,0,40,AUG25,2007,
6601790,"Munoz Misselis, Nelson Carlos",PAN,M,CM,FA,,1858,0,20,AUG25,1980,i
6618502,"Munoz Obaldia, Diego Andres",PAN,M,,,,1486,0,20,AUG25,2004,i
6601286,"Munoz, Alberto Noel",PAN,M,,,,1883,0,20,AUG25,1983,
6628877,"Murgas Lopez, Roberto Andres",PAN,M,,,,1786,0,40,AUG25,2013,
6602932,"Murillo Gonzalez, Florentino",PAN,M,,,,1891,0,20,AUG25,1984,
6616291,"Musmanno Guerra, Francisco",PAN,M,,,,1486,0,20,AUG25,1998,i
6606520,"Narkis Attie, Isaac",PAN,M,,,,1766,0,20,AUG25,2002,i
6601804,"Navarro Ayarza, Tulio",PAN,M,,,,1829,0,20,AUG25,1966,
6614116,"Navarro Barrios, Andres Daniel",PAN,M,,,,1662,0,40,AUG25,2013,
6619568,"Navarro Barrios, Eduardo Javier",PAN,M,,,,1508,0,40,AUG25,2008,
6625665,"Navarro Munoz, Tulio Rogelio",PAN,M,,,,1631,0,40,AUG25,2009,
6614205,"Navarro Navarro, Eduardo Alberto",PAN,M,,NA,,1436,0,20,AUG25,1971,i
6608353,"Navarro Valdes, Mariana del Carmen",PAN,F,,,,1541,0,40,AUG25,2007,w
6610188,"Neira Espinosa, Isabella Marie",PAN,F,,,,1401,0,40,AUG25,2011,wi
6600948,"Neira Rodriguez, Carlos Fernando",PAN,M,CM,,,2000,0,20,AUG25,1987,
6618316,"Nelkenbaum, Joey Nathan",PAN,M,,,,1405,0,40,AUG25,2014,i
6608442,"Ng Chong, Henry Matthew",PAN,M,,,,1566,0,40,AUG25,2008,i
6624049,"Ng Luo, Jimmy Lawrence",PAN,M,,,,1578,0,40,AUG25,2010,
6601812,"Ng, Michael",PAN,M,,,,1648,0,20,AUG25,0,
6619509,"Nie Chen, Kelvin",PAN,M,,,,1845,0,40,AUG25,2007,
6611842,"Nieto Villamil, Daniel Alberto",PAN,M,,,,1507,14,40,AUG25,2011,
6601391,"Nino, Rene",PAN,M,,,,1749,0,20,AUG25,0,i
6618650,"Noriega Rodriguez, Matias Alberto",PAN,M,,,,1593,0,40,AUG25,2010,
6624723,"Noriega Rodriguez, Sofia Victoria",PAN,F,,,,1584,0,40,AUG25,2012,w
6609848,"Nunez Garcia, Jose Carlos",PAN,M,,,,1529,0,40,AUG25,2007,i
6601820,"Nunez, Norberto",PAN,M,,,,1744,0,20,AUG25,0,i
6605303,"Obaldia Salazar, Sebastian Augusto",PAN,M,,,,1497,0,40,AUG25,2008,i
6631177,"Obaldia Solis, Juan Carlos",PAN,M,,,,1671,0,40,AUG25,2009,
6617565,"Olarte Cattan, Humberto Abraham",PAN,M,,,,1653,0,20,AUG25,1995,i
6608256,"Olivares Tejeira, Abraham Isaac",PAN,M,,,,2087,0,20,AUG25,2001,
6609856,"Olive, Andrew",PAN,M,,,,1524,0,20,AUG25,2002,i
6602681,"Oquendo Jimenez, Abel",PAN,M,CM,,,1934,0,20,AUG25,1977,
4413369,"Oquendo, Eder",PAN,M,,,,1908,0,20,AUG25,1985,i
6632505,"Oro Abrego, Alexander Isaac",PAN,M,,,,1402,0,40,AUG25,2012,
6624855,"Ortega Garcia, Anastasia Del Valle",PAN,F,,,,1500,0,40,AUG25,2015,w
6600077,"Ortiz Calderon, Elio Rafael",PAN,M,CM,,,2095,0,20,AUG25,1958,i
6605320,"Ortiz Uprimny, Federico",PAN,M,,,,1480,0,20,AUG25,2005,i
6619274,"Oses Gonzalez, Luis David",PAN,M,,,,1596,0,40,AUG25,2011,
6602690,"Osorio, Jesus Camilo",PAN,M,,"SI,FA",,1857,0,20,AUG25,1984,i
6613071,"Outten Bermudez, Carlos Arturo",PAN,M,,,,1688,0,40,AUG25,2007,
6613080,"Outten Bermudez, Luis Carlos",PAN,M,,,,1428,0,40,AUG25,2010,
6600387,"Padilla Morales, Alvaro Isaac",PAN,M,CM,NI,,1961,0,20,AUG25,1968,
6618294,"Padilla Morales, Jose",PAN,M,,,,1461,0,20,AUG25,1960,i
6631452,"Palacio Rodriguez, Calixto",PAN,M,,,,1599,0,40,AUG25,2010,
6631398,"Palacio Rodriguez, Lucas",PAN,M,,,,1628,0,40,AUG25,2012,
6632980,"Palacio Sanguillen, Amy Lourey",PAN,F,,,,1499,0,40,AUG25,2010,w
6626750,"Palacios Ng, Alexis",PAN,M,,,,1445,0,40,AUG25,2008,
6626769,"Palacios Ng, Carlos",PAN,M,,,,1692,0,20,AUG25,2006,
6608094,"Palacios Rangel, Dayan Alberto",PAN,M,,,,1524,0,20,AUG25,1996,i
6617557,"Palma Vega, Christopher Ivan",PAN,M,,,,1681,0,20,AUG25,1983,i
6600395,"Pan Zhang, Luis Carlos",PAN,M,,,,2031,0,20,AUG25,1989,i
6616895,"Paredes Porcell, Ana Sofia",PAN,F,,,,1612,0,40,AUG25,2007,wi
6624715,"Pazmino Guillen, Gabriel Enrique",PAN,M,,,,1690,0,40,AUG25,2012,
6605273,"Pelaez De La Cruz, Angel David",PAN,M,,,,1617,0,20,AUG25,2006,
6607926,"Pelaez De La Cruz, Miguel David",PAN,M,,,,1499,0,40,AUG25,2010,
6601065,"Penalver Solis, Jose",PAN,M,,,,1719,0,20,AUG25,1980,i
6626882,"Penna Palacios, Mateo Fernando",PAN,M,,,,1404,0,40,AUG25,2010,
6610960,"Peralta Marciaga, Rafael Armando",PAN,M,,,,1703,0,20,AUG25,1992,
6610994,"Peralta Smolianinov, Vladimir Alexis",PAN,M,,,,1497,0,20,AUG25,1985,i
6617387,"Perez Castillo, Yavier Jesus",PAN,M,,,,1688,0,40,AUG25,2010,
6616020,"Perez Gonzalez, Azael Kelson",PAN,M,,,,1821,0,20,AUG25,2002,i
6619649,"Perez Gonzalez, Felix Ramon",PAN,M,,,,1443,0,40,AUG25,2010,i
6629962,"Perez Solis, Mario Felipe",PAN,M,,,,1504,0,40,AUG25,2008,i
6610439,"Perez, Carlos Antonio",PAN,M,,,,1633,0,20,AUG25,1988,i
6604510,"Perez, Eidrian",PAN,M,,,,1525,0,20,AUG25,2004,i
6600956,"Perez, Mario",PAN,M,,,,1810,0,20,AUG25,1958,i
6610102,"Pimentel, Damian",PAN,M,,,,1617,0,20,AUG25,2003,i
6606504,"Pina Macias, Marcos Daniel",PAN,M,,,,1656,0,20,AUG25,1989,i
6602380,"Pina Rosas, Marcos Arturo",PAN,M,CM,,,1936,0,20,AUG25,1970,i
6621848,"Pineda Aguirre, Jenner Antonio",PAN,M,,,,1487,4,40,AUG25,2014,
6605737,"Pineda Iriarte, Max Jose",PAN,M,,,,1554,0,40,AUG25,2008,
6604765,"Pineda, Aldaly",PAN,M,,,,1666,0,20,AUG25,1998,i
6602320,"Pineda, Fatima",PAN,F,,,,1570,0,20,AUG25,0,wi
6615783,"Pinto Cuero, Abraham Isaac",PAN,M,,,,1697,0,40,AUG25,2010,
6632777,"Pinto Gomez, Angie Elloise",PAN,F,,,,1463,0,40,AUG25,2007,w
6607454,"Pinto, Mariluz",PAN,F,,,,1641,0,20,AUG25,1987,wi
6602940,"Pinzon Escobar, Luis",PAN,M,,,,1870,0,20,AUG25,1999,i
6621376,"Pinzon Montero, Joshua Oveth",PAN,M,,,,1486,0,40,AUG25,2011,
6600964,"Pinzon, Adrian",PAN,M,,,,1825,0,20,AUG25,0,
6613624,"Pitti Correa,Felipe Andre",PAN,M,,,,1454,0,40,AUG25,2013,i
6600972,"Pitti Suarez, Jose",PAN,M,,,,1842,0,20,AUG25,1991,
6622160,"Pitti Torres, Dastan Aaron",PAN,M,,,,1633,9,40,AUG25,2012,
6615406,"Pitty Rodriguez, Lucas Antonio",PAN,M,,,,1603,0,40,AUG25,2010,
6614736,"Polo Diaz, Pablo Enrique",PAN,M,,,,1476,0,20,AUG25,2006,i
6613055,"Porcell Escobar, Santiago Andres",PAN,M,,,,1652,0,40,AUG25,2007,i
6604773,"Poveda, Natbel",PAN,M,,,,1723,0,20,AUG25,1998,i
6612040,"Prado Baley, Jake Kenneth",PAN,M,,,,1425,0,40,AUG25,2009,i
6616275,"Prati Robles, Jose David",PAN,M,,,,1600,0,20,AUG25,2000,i
6618413,"Puerta, Mario Rafael",PAN,M,,,,1415,0,20,AUG25,1974,
6615341,"Pun Chong, Carlos Alberto",PAN,M,,,,1479,0,40,AUG25,2013,
6607748,"Qiu Luo, Oscar",PAN,M,,,,1668,0,40,AUG25,2007,i
6609899,"Qiu, Oscar",PAN,M,,,,1671,0,40,AUG25,2007,i
6606253,"Quezada Quezada, Leonardo Fabio",PAN,M,,,,1593,0,20,AUG25,1986,
6601464,"Quintero Garzola, Gabriel Conrado",PAN,M,CM,,,1864,0,20,AUG25,1972,i
6614540,"Quintero, Jose Ignacio",PAN,M,,,,1622,0,40,AUG25,2007,
6616143,"Quiros Samaniego, Rolando Antonio",PAN,M,,,,1487,0,20,AUG25,1982,i
6606067,"Quiroz Bosso, Enrique",PAN,M,,,,1679,0,20,AUG25,1981,i
6622291,"Quiroz Palacios, Eliezer Francisco",PAN,M,,,,1769,0,20,AUG25,1982,
6600999,"Quiroz Palacios, Michael Adelso",PAN,M,,,,1918,0,20,AUG25,1984,
6615252,"Quiroz Santamaria, Victoria Isabel",PAN,F,,,,1426,0,40,AUG25,2013,w
6614442,"Quiroz Tarazona, Thiago Felipe",PAN,M,,,,1444,0,40,AUG25,2013,
6608027,"Railey Garay, Ricardo Rey",PAN,M,,,,1564,0,20,AUG25,2005,i
6606830,"Ramirez Bonilla, Nemo Vinicio",PAN,M,,,,1726,0,20,AUG25,1970,i
6618880,"Ramirez Gonzalez, Angelina Cristel",PAN,F,,,,1454,0,40,AUG25,2009,w
6626653,"Ramos Aparicio, Jorge David",PAN,M,,,,1537,0,20,AUG25,2006,i
6615619,"Ramos Ceballos, Gabriel Andres",PAN,M,,,,1457,8,40,AUG25,2016,
6615600,"Ramos Ceballos, Jose Andres",PAN,M,,,,1556,7,40,AUG25,2011,
6619444,"Ramos Chung, Ian Andres",PAN,M,,,,1432,0,40,AUG25,2015,
6100538,"Ramos Espinoza, Efren Andres",PAN,M,FM,FA,,2208,0,20,AUG25,1979,
6625339,"Ramos Marin, Fernando Arturo",PAN,M,,,,1611,0,20,AUG25,1997,i
6617620,"Regalado Chong, Jose Alberto",PAN,M,,,,1689,0,40,AUG25,2007,
6602231,"Reni, Carlos",PAN,M,,,,1875,0,20,AUG25,0,i
6613799,"Requena Acosta, Jose Angel",PAN,M,,,,1497,0,40,AUG25,2011,
6602703,"Restrepo, Alejandro",PAN,M,,,,1947,0,20,AUG25,1991,i
6615023,"Reyes Martinez, Lucas",PAN,M,,,,1443,0,40,AUG25,2013,i
6615953,"Reyes Martinez, Zara Leticia",PAN,F,,,,1405,0,40,AUG25,2007,wi
6617336,"Reyes Moreno, Abraham Enrique",PAN,M,,,,1455,0,20,AUG25,2006,i
6601073,"Reyes Rodriguez, Luis",PAN,M,,,,1817,0,20,AUG25,1986,i
6620647,"Richelli Clare, Enrico Antonio",PAN,M,,,,1438,0,20,AUG25,1990,i
6601006,"Riera Santos, Jose Manuel",PAN,M,,,,1833,0,20,AUG25,1969,i
6627765,"Rincon Mayorga, Juan Diego",PAN,M,,,,1456,0,40,AUG25,2014,
6601014,"Rivadeneira, Alberto",PAN,M,,,,1764,0,20,AUG25,0,i
6601316,"Rivera De Leon, Juan Alberto",PAN,M,,,,1980,0,20,AUG25,1956,i
6626904,"Rivera Ricafort, Erico",PAN,M,,,,1476,0,20,AUG25,1972,
6604811,"Rivera Zambrano, Raul",PAN,M,,,,1708,0,20,AUG25,2002,i
6617492,"Roa Galicia, Eduardo Valentin",PAN,M,,,,1547,0,20,AUG25,1988,
6617093,"Roa Lugo, Enmanuel de Jesus",PAN,M,,,,1609,0,40,AUG25,2014,
6634672,"Roberts Asprilla, Jesua Lionel",PAN,M,,,,1675,0,40,AUG25,2008,
6611141,"Robinson Arias, Naguib Kinualer",PAN,M,,,,1533,0,40,AUG25,2007,i
6602240,"Robles Medina, Nelson Humberto",PAN,M,,,,1804,0,20,AUG25,1984,i
6613950,"Rodriguez Camacho, Jesus Francisco",PAN,M,,,,1674,0,20,AUG25,1991,i
6620566,"Rodriguez Canto, Moises Ramon",PAN,M,,,,1446,0,20,AUG25,2004,i
6629482,"Rodriguez Chiari, Cesar David",PAN,M,,,,1603,0,20,AUG25,2003,
6604650,"Rodriguez Cisneros, Astrid",PAN,F,,,,1401,0,20,AUG25,2006,wi
6627102,"Rodriguez Diaz, Cesar David",PAN,M,,,,1456,0,40,AUG25,2015,
6622240,"Rodriguez Diaz, Cristhian David",PAN,M,,,,1675,5,40,AUG25,2011,
6615694,"Rodriguez Fernandez, Juan Diego",PAN,M,,,,1521,0,40,AUG25,2009,i
6613454,"Rodriguez Figueredo, Rafael Alejandro",PAN,M,,,,1627,0,20,AUG25,1972,i
6621732,"Rodriguez Garcia, Diego Ramon",PAN,M,,,,1548,10,40,AUG25,2011,
6602096,"Rodriguez Lascano, Eliut Booz",PAN,M,,,,1824,0,20,AUG25,1971,i
6618790,"Rodriguez Lopez, Jose Ivan",PAN,M,,,,1732,0,40,AUG25,2011,
6608272,"Rodriguez Martinez, Angelica",PAN,F,,,,1536,0,20,AUG25,2004,wi
6610978,"Rodriguez Navarro, Guillermo Alfonso",PAN,M,,,,1410,0,40,AUG25,2007,i
6608264,"Rodriguez Rodriguez, Jose",PAN,M,,FA,,1545,0,20,AUG25,1982,i
6605052,"Rodriguez Saldana, Sofia Yulieth",PAN,M,,,,1687,0,20,AUG25,2002,i
6601022,"Rodriguez Toribio, Pedro",PAN,M,,,,1890,0,20,AUG25,1972,
6602711,"Rodriguez Torres, Luis Alberto",PAN,M,,,,1714,0,20,AUG25,1973,i
6619940,"Rodriguez Venegas, Derek Gael",PAN,M,,,,1501,0,40,AUG25,2007,i
6604889,"Rodriguez, Bruno Andre",PAN,M,,,,1734,0,40,AUG25,2010,
6604102,"Rodriguez, Carlos",PAN,M,,,,1711,0,20,AUG25,1962,i
6601901,"Rodriguez, Carlos Danilo",PAN,M,,,,1879,0,20,AUG25,1958,i
6616852,"Rolet Montezuma, Edwin Yohan",PAN,M,,,,1468,0,40,AUG25,2010,i
6617107,"Romero Escamilla, Daniel David",PAN,M,,,,1498,0,40,AUG25,2011,i
6617115,"Romero Escamilla, Gabriel David",PAN,M,,,,1441,0,40,AUG25,2009,
3903508,"Rondon Chacon, Yolys Desiree",PAN,F,WCM,WCM,"FI,IA",1815,0,20,AUG25,1986,wi
6609147,"Rosas Valdes, Javier Alfonso",PAN,M,,,,1473,0,40,AUG25,2011,
6602975,"Rosas, Alexander",PAN,M,,,,1792,0,20,AUG25,1978,i
6601987,"Rosas, Ramiro",PAN,M,,,,1921,0,20,AUG25,1980,i
6610498,"Rovira Concepcion, James Xavier",PAN,M,,,,1806,0,20,AUG25,2004,i
6610463,"Rovira Concepcion, Josua",PAN,M,,,,1669,0,20,AUG25,2003,i
6602991,"Rubio, Luis Carlos",PAN,M,,,,1812,0,20,AUG25,1988,i
6629504,"Ruidiaz Guevara, Samuel",PAN,M,,,,1438,0,40,AUG25,2008,i
6632998,"Ruiz Olave, Reinaldo Antonio",PAN,M,,,,1763,0,40,AUG25,2010,
6610471,"Saldana Estribi, Ailianis Mixian",PAN,F,,,,1636,0,20,AUG25,2005,wi
6622992,"Saldana Villarreal, Dennis",PAN,M,,,,1569,0,40,AUG25,2010,i
6606709,"Sam Williams, Estiven",PAN,M,,,,1561,0,20,AUG25,2006,i
6601910,"Samaniego, Milciades",PAN,M,,,,1770,0,20,AUG25,0,i
6629431,"Sanchez Alonzo, Maikol Abraham",PAN,M,,,,1654,0,40,AUG25,2007,
6604684,"Sanchez Alvarenga, Justo Caleb",PAN,M,,,,1605,0,20,AUG25,2006,
3508684,"Sanchez Alvarez, Roberto Carlos",PAN,M,IM,,,2343,0,10,AUG25,1987,
6607683,"Sanchez Atencio, Alan Daniel",PAN,M,,,,1560,0,20,AUG25,2005,i
6601030,"Sanchez Bermudez, Rogelio Oscar",PAN,M,CM,,,1893,0,20,AUG25,1987,
6605370,"Sanchez Castaneda, Santiago",PAN,M,,,,1603,0,40,AUG25,2009,i
6600280,"Sanchez Manzanares, Jorge Luis",PAN,M,FM,"FI,FT",,1996,0,20,AUG25,1982,
6616666,"Sanchez Martinez Mina, Gabriel",PAN,M,,,,1495,0,20,AUG25,1987,i
6604706,"Sanchez Ochoa, Justo Emilio",PAN,M,,SI,,1681,0,20,AUG25,1971,
6632092,"Sanchez Sanchez, Andres Gabriel",PAN,M,,,,1502,0,40,AUG25,2012,
6603769,"Sanchez, Enrique",PAN,M,,,,1879,0,20,AUG25,1980,i
6603726,"Sanchez, Luciano",PAN,M,,,,1719,0,20,AUG25,1958,
6612814,"Sandoval Vallester, Anel Olmedo",PAN,M,,NA,,1621,0,20,AUG25,1978,i
6602347,"Sandoval, Raymundo",PAN,M,,,,1750,0,20,AUG25,0,i
6600417,"Sanjur Ruiz, Crescencio de los Reyes",PAN,M,,,,1824,0,20,AUG25,1967,
6604560,"Santos Rivera, Angel Leonel",PAN,M,,,,1795,0,20,AUG25,1998,i
6604846,"Santos Saez, Yahir",PAN,M,,,,1683,0,20,AUG25,2002,i
6606695,"Sanz, Joel",PAN,M,,"SI,NI,NA",,1789,0,20,AUG25,1982,i
6600131,"Saucedo Miranda, Ivan Manuel",PAN,M,,,,1868,0,20,AUG25,1950,i
6605290,"Schnell, Sebastian Narayana",PAN,M,CM,,,2082,0,20,AUG25,2006,
6615546,"Serrano, Hillary Nicole",PAN,F,,,,1718,0,40,AUG25,2012,w
6622712,"Shahani, Ronit",PAN,M,,,,1567,0,40,AUG25,2009,i
6602401,"Shaul Zebede, Eden Jaim",PAN,M,,,,1727,0,20,AUG25,2005,
6614051,"Shayegan Fernandez, Yeisie Behroo",PAN,F,,,,1474,0,20,AUG25,1990,w
6615171,"Sheffer Ledesma, Aldair Thomas",PAN,M,,,,1514,5,40,AUG25,2009,
6606784,"Silla, Jean-Baptiste Madior",PAN,M,,,,1664,0,20,AUG25,1969,i
6609171,"Simon Sabat, Gabriel Elias",PAN,M,,,,1425,0,40,AUG25,2009,i
6615716,"Sinclair Miranda, Carlos Javier",PAN,M,,,,1468,0,40,AUG25,2007,i
6611150,"Smith, Arcadio",PAN,M,,,,1853,0,20,AUG25,1971,i
6627625,"Sohan Sumesh, Makhija Pohumal",PAN,M,,,,1553,0,20,AUG25,2005,i
6600220,"Sosa, Nestor Rodolfo",PAN,M,CM,,,2095,0,20,AUG25,1961,i
6614965,"Spiegel Lopez, Carlos Alejandro",PAN,M,,,,1474,0,40,AUG25,2010,i
6607721,"Stecco Perez, Jorge Amado",PAN,M,,,,1539,0,40,AUG25,2010,
6605648,"Suarez Arauz, Carlos",PAN,M,,,,1681,0,20,AUG25,2003,i
6605621,"Suarez Arauz, Leonardo",PAN,M,,,,1708,0,20,AUG25,2006,i
6631479,"Sugaste Sanchez, Thiago Aldair",PAN,M,,,,1525,0,40,AUG25,2014,
6601294,"Sun Chin, Robert Patrick",PAN,M,CM,,,1983,0,20,AUG25,2001,i
6615333,"Tabash de la Guardia, Fernando",PAN,M,,,,1512,0,40,AUG25,2013,i
6619681,"Tam Hou, Ricardo",PAN,M,,,,1698,0,40,AUG25,2007,i
6606199,"Tanaka, Gustavo",PAN,M,,,,1633,0,20,AUG25,1979,i
6600581,"Tapia Ostolaza, Alexei",PAN,M,FM,,,2161,0,20,AUG25,1997,
6609180,"Tapia Varela, Luany Anabel",PAN,F,,,,1617,0,40,AUG25,2007,w
6610447,"Tenorio Batista, Felix",PAN,M,,,,1635,0,20,AUG25,1989,i
6601448,"Thompson Ceballos, James",PAN,M,,,,1763,0,20,AUG25,1990,
6604200,"Torraza Angelkos, Mario Augusto",PAN,M,,,,1963,0,20,AUG25,1988,i
6611222,"Torres Chavarria, Mario Adrian",PAN,M,,,,1457,0,40,AUG25,2011,
6628621,"Torres Rodriguez, Kilber Alexander",PAN,M,,,,1473,0,40,AUG25,2010,
6617573,"Trejos Pitty, Isaac Steven",PAN,M,,,,1735,0,20,AUG25,1999,i
6608426,"Trigas Martinez, Nicolas",PAN,M,,,,1677,0,40,AUG25,2011,
6606229,"Troya Valdes, Rafael Almalik",PAN,M,,,,1769,0,40,AUG25,2008,i
6601928,"Trozz, Alexander",PAN,M,,,,1842,0,20,AUG25,1994,i
6618308,"Tunon Andres, Sandor Ernesto",PAN,M,,,,1464,0,20,AUG25,1984,
6621325,"Tunon Guerrero, Alex",PAN,M,,,,1405,0,40,AUG25,2008,
6616283,"Tunon Madrid, Camilo Dario",PAN,M,,,,1686,0,20,AUG25,1995,i
6613381,"Tweed Diaz, Hector Manuel",PAN,M,,,,1498,0,20,AUG25,1988,i
6602762,"Ugarte, Reinaldo",PAN,M,CM,,,1896,0,20,AUG25,1964,i
6601243,"Ulloa Castillo, Ruben Abraham",PAN,M,CM,,,2085,0,20,AUG25,1995,
6612709,"Urena Santana, Robin Julio",PAN,M,,,,1436,0,20,AUG25,1997,i
6612717,"Urena Santana, Robin Raul",PAN,M,,,,1666,0,20,AUG25,1999,i
6602770,"Urena, Oliver",PAN,M,,,,1846,0,20,AUG25,1958,i
6614787,"Urriola Torres, Valentina",PAN,F,,,,1645,0,40,AUG25,2010,w
6615813,"Vaccaro Danna, Alejandro Domenico",PAN,M,,,,1420,0,20,AUG25,1983,i
6604781,"Valderrama, Fernando",PAN,M,,,,1617,0,20,AUG25,2004,i
6620663,"Valdes Castillo, Maximo Martin",PAN,M,,,,1459,0,20,AUG25,1977,i
6629857,"Valdes Gonzalez, Abinadab Ernesto",PAN,M,,,,1440,0,40,AUG25,2013,
6600239,"Valdes Hernandez, Rances",PAN,M,CM,NA,,2128,0,20,AUG25,1985,i
6601308,"Valdes, Bernardo",PAN,M,,,,1882,0,20,AUG25,1982,
6603122,"Valdes, Juan Carlos",PAN,M,,,,1896,0,20,AUG25,1975,i
6629997,"Valencia Beckar, Javier Gustavo",PAN,M,,,,1496,0,20,AUG25,1982,i
6622283,"Valencia Montoya, Camilo Esteban",PAN,M,,,,1667,0,20,AUG25,2002,i
6603130,"Valencia Rodriguez, Juan",PAN,M,,,,1548,0,20,AUG25,1959,i
6614388,"Vallarino Guizado, Ernesto Jose",PAN,M,,,,1471,0,40,AUG25,2014,
6614450,"Vallarino Guizado, Lucas Enrique",PAN,M,,,,1436,0,40,AUG25,2012,
6601049,"Vander Hans, Carlos",PAN,M,,,,1847,0,20,AUG25,1944,
6600492,"Vargas Ramos, Rogelio Alberto",PAN,M,CM,,,1699,0,20,AUG25,1963,
6627315,"Vargas Rojas, Diego Augusto",PAN,M,,,,1544,0,40,AUG25,2009,
6613756,"Vargas Vergara, David Alejandro",PAN,M,,,,1455,0,40,AUG25,2013,i
6625460,"Vargas Vergara, Ramiro Elias",PAN,M,,,,1536,0,20,AUG25,1972,
6604722,"Vasquez De Frias, Alexis Aaron",PAN,M,,,,1794,0,20,AUG25,1997,i
6620400,"Vasquez Gonzalez, Sebastian Andres",PAN,M,,,,1416,0,40,AUG25,2010,i
6618553,"Vasquez Hernandez, Juan Carlos",PAN,M,,,,1531,0,40,AUG25,2014,
6605567,"Vasquez Jaen, David Eduardo",PAN,M,,,,1696,0,20,AUG25,2006,i
6605559,"Vasquez Jaen, Lourdes Lorena",PAN,F,WCM,WCM,NA,1728,0,20,AUG25,2003,w
6614469,"Vasquez Mejia, Luis Isaac",PAN,M,,,,1451,0,40,AUG25,2013,
6621341,"Vasquez, Jonathan Abdiel",PAN,M,,,,1665,4,20,AUG25,2005,
6604056,"Vasquez, Vicente",PAN,M,,,,1742,0,20,AUG25,1999,i
6621082,"Vega Mayorga, Ezequiel Adrian",PAN,M,,,,1705,0,20,AUG25,2006,
6603149,"Vega Nunez, Benjamin",PAN,M,,,,1831,0,20,AUG25,1982,
6610510,"Velazco Ortega, Luis Fernando",PAN,M,,,,1828,0,20,AUG25,1989,i
6628460,"Velazquez Diaz, Alejandro Ire",PAN,M,,,,1587,0,40,AUG25,2013,
6628060,"Veliz Montenegro, Daniel Ernesto",PAN,M,,,,1749,0,20,AUG25,1983,i
6610765,"Vergara Zapa, Octavio Jose",PAN,M,,,,1835,0,20,AUG25,1972,i
6601332,"Vergara, Demostenes",PAN,M,,,,1832,0,20,AUG25,1948,i
6625568,"Vieira do Salao, Samuel Elijah Agustin",PAN,M,,,,1542,0,20,AUG25,2003,i
6603289,"Vigil Montes, Dakmar",PAN,M,,NA,,1764,0,20,AUG25,1996,i
6617840,"Villamoros Johnson, Cesar Enrique",PAN,M,,,,1774,0,20,AUG25,1957,
6629830,"Villarreal Castillo, Dylan Absalon",PAN,M,,,,1427,0,40,AUG25,2016,
6602290,"Villarreal Cisneros, Jorge Antonio",PAN,M,,,,1664,0,20,AUG25,1982,i
6612911,"Villarreal Robles, Angel Omar",PAN,M,,,,1479,0,40,AUG25,2008,i
6607730,"Villarreal, Bryan",PAN,M,,,,1758,0,20,AUG25,1987,
6624510,"Villlareal Berrios, Carla Sophia",PAN,F,,,,1420,0,40,AUG25,2012,w
6611451,"Walker Arauz, Ethan Joseph",PAN,M,,,,1665,0,40,AUG25,2008,
6603475,"Webb, Alberto",PAN,M,,,,1778,0,20,AUG25,1995,i
6606636,"Wen Lay,Daniel Enrique",PAN,M,,,,1706,0,20,AUG25,2000,i
6614914,"Woods Diaz, Rodrigo Alberto",PAN,M,,,,1427,2,40,AUG25,2012,
6616534,"Wright Muller-Landau, Isaac Joseph",PAN,M,,,,1681,0,20,AUG25,2006,i
6623301,"Wu Qiu, Felix Jiawei",PAN,M,,,,1478,0,40,AUG25,2009,i
6607616,Yamal Anthony Bernal Benitez,PAN,M,,,,1631,0,20,AUG25,2000,
6607241,"Yau De Leon, Oscar Adin",PAN,M,,,,1717,0,20,AUG25,2001,
6607438,"Yau Loo, Daniel Antonio",PAN,M,,,,1719,0,20,AUG25,2006,i
6605486,"Yoshimoto, Kazki",PAN,M,,,,1531,0,40,AUG25,2010,i
6605494,"Yoshimoto, Naoki",PAN,M,,,,1552,0,40,AUG25,2007,i
6604099,"Young Montero, Kathryn Shuyin",PAN,F,,,,1570,0,20,AUG25,1997,wi
6608159,"Zambrano Berdugo, Hadid Rafael",PAN,M,,,,1647,0,20,AUG25,1998,
6612822,"Zapata Dixon, Gabriel Alberto",PAN,M,,,,1456,0,40,AUG25,2009,i
6612830,"Zapata Dixon, Victor Enmanuel",PAN,M,,,,1533,0,40,AUG25,2008,
6632084,"Zavala Gonzalez, Adan",PAN,M,,,,1588,0,20,AUG25,1978,
6618448,"Zylberberg, Kalev",PAN,M,,,,1644,0,20,AUG25,2005,i