[
  {
    "ID Number": "15800180"
  },
  {
    "ID Number": "15800113"
  },
  {
    "ID Number": "15800164"
  },
  {
    "ID Number": "15800270"
  },
  {
    "ID Number": "15800237"
  },
  {
    "ID Number": "15800229"
  },
  {
    "ID Number": "15800199"
  },
  {
    "ID Number": "15800130"
  },
  {
    "ID Number": "15800202"
  },
  {
    "ID Number": "2003139"
  },
  {
    "ID Number": "15800261"
  },
  {
    "ID Number": "15800288"
  },
  {
    "ID Number": "2001390"
  },
  {
    "ID Number": "161104990"
  }
]