[
  {
    "ID Number": "10021124"
  },
  {
    "ID Number": "10014411"
  },
  {
    "ID Number": "10038078"
  },
  {
    "ID Number": "10022066"
  },
  {
    "ID Number": "10046291"
  },
  {
    "ID Number": "10037799"
  },
  {
    "ID Number": "10049185"
  },
  {
    "ID Number": "10010084"
  },
  {
    "ID Number": "10060227"
  },
  {
    "ID Number": "10022082"
  },
  {
    "ID Number": "10018220"
  },
  {
    "ID Number": "10031405"
  },
  {
    "ID Number": "10034005"
  },
  {
    "ID Number": "10033793"
  },
  {
    "ID Number": "10033050"
  },
  {
    "ID Number": "10015442"
  },
  {
    "ID Number": "10021388"
  },
  {
    "ID Number": "10022104"
  },
  {
    "ID Number": "10022112"
  },
  {
    "ID Number": "10013920"
  },
  {
    "ID Number": "10024239"
  },
  {
    "ID Number": "10013385"
  },
  {
    "ID Number": "10014420"
  },
  {
    "ID Number": "10000453"
  },
  {
    "ID Number": "10012222"
  },
  {
    "ID Number": "10028056"
  },
  {
    "ID Number": "10059199"
  },
  {
    "ID Number": "10003835"
  },
  {
    "ID Number": "10021841"
  },
  {
    "ID Number": "10024441"
  },
  {
    "ID Number": "10022988"
  },
  {
    "ID Number": "10025260"
  },
  {
    "ID Number": "10033564"
  },
  {
    "ID Number": "10033807"
  },
  {
    "ID Number": "10042164"
  },
  {
    "ID Number": "10000291"
  },
  {
    "ID Number": "10016767"
  },
  {
    "ID Number": "10029109"
  },
  {
    "ID Number": "10002782"
  },
  {
    "ID Number": "10059873"
  },
  {
    "ID Number": "10029591"
  },
  {
    "ID Number": "10059881"
  },
  {
    "ID Number": "10024778"
  },
  {
    "ID Number": "10000429"
  },
  {
    "ID Number": "10055509"
  },
  {
    "ID Number": "10000070"
  },
  {
    "ID Number": "10000461"
  },
  {
    "ID Number": "10014357"
  },
  {
    "ID Number": "10035443"
  },
  {
    "ID Number": "10023925"
  },
  {
    "ID Number": "10028617"
  },
  {
    "ID Number": "10048600"
  },
  {
    "ID Number": "10024514"
  },
  {
    "ID Number": "10035451"
  },
  {
    "ID Number": "10046780"
  },
  {
    "ID Number": "10023933"
  },
  {
    "ID Number": "10029087"
  },
  {
    "ID Number": "10031367"
  },
  {
    "ID Number": "10034390"
  },
  {
    "ID Number": "10013946"
  },
  {
    "ID Number": "10042920"
  },
  {
    "ID Number": "10011706"
  },
  {
    "ID Number": "10000917"
  },
  {
    "ID Number": "10025499"
  },
  {
    "ID Number": "10000828"
  },
  {
    "ID Number": "10005595"
  },
  {
    "ID Number": "10033815"
  },
  {
    "ID Number": "10029940"
  },
  {
    "ID Number": "10013148"
  },
  {
    "ID Number": "10020462"
  },
  {
    "ID Number": "10005820"
  },
  {
    "ID Number": "10014594"
  },
  {
    "ID Number": "10031618"
  },
  {
    "ID Number": "10022953"
  },
  {
    "ID Number": "10003649"
  },
  {
    "ID Number": "10000470"
  },
  {
    "ID Number": "10006958"
  },
  {
    "ID Number": "10007857"
  },
  {
    "ID Number": "10048669"
  },
  {
    "ID Number": "10052593"
  },
  {
    "ID Number": "10008934"
  },
  {
    "ID Number": "10018964"
  },
  {
    "ID Number": "10009191"
  },
  {
    "ID Number": "10000240"
  },
  {
    "ID Number": "10009000"
  },
  {
    "ID Number": "10042873"
  },
  {
    "ID Number": "10010718"
  },
  {
    "ID Number": "10000208"
  },
  {
    "ID Number": "10007709"
  },
  {
    "ID Number": "10005617"
  },
  {
    "ID Number": "10037829"
  },
  {
    "ID Number": "10006427"
  },
  {
    "ID Number": "10021850"
  },
  {
    "ID Number": "10040765"
  },
  {
    "ID Number": "10001336"
  },
  {
    "ID Number": "10005625"
  },
  {
    "ID Number": "10000488"
  },
  {
    "ID Number": "10004394"
  },
  {
    "ID Number": "10000933"
  },
  {
    "ID Number": "10059890"
  },
  {
    "ID Number": "10001646"
  },
  {
    "ID Number": "10023950"
  },
  {
    "ID Number": "10020497"
  },
  {
    "ID Number": "10049924"
  },
  {
    "ID Number": "10004785"
  },
  {
    "ID Number": "10019464"
  },
  {
    "ID Number": "10000941"
  },
  {
    "ID Number": "10007814"
  },
  {
    "ID Number": "10009469"
  },
  {
    "ID Number": "10002758"
  },
  {
    "ID Number": "10018921"
  },
  {
    "ID Number": "10018204"
  },
  {
    "ID Number": "10040676"
  },
  {
    "ID Number": "10010041"
  },
  {
    "ID Number": "10020330"
  },
  {
    "ID Number": "10022201"
  },
  {
    "ID Number": "10016791"
  },
  {
    "ID Number": "10011234"
  },
  {
    "ID Number": "10016473"
  },
  {
    "ID Number": "10013954"
  },
  {
    "ID Number": "10014632"
  },
  {
    "ID Number": "10051325"
  },
  {
    "ID Number": "10009019"
  },
  {
    "ID Number": "10031464"
  },
  {
    "ID Number": "10008322"
  },
  {
    "ID Number": "10037632"
  },
  {
    "ID Number": "10018930"
  },
  {
    "ID Number": "10000402"
  },
  {
    "ID Number": "10001654"
  },
  {
    "ID Number": "10000950"
  },
  {
    "ID Number": "10000518"
  },
  {
    "ID Number": "10018140"
  },
  {
    "ID Number": "10058389"
  },
  {
    "ID Number": "10000534"
  },
  {
    "ID Number": "10017780"
  },
  {
    "ID Number": "10036873"
  },
  {
    "ID Number": "10024590"
  },
  {
    "ID Number": "10022252"
  },
  {
    "ID Number": "10014365"
  },
  {
    "ID Number": "10025898"
  },
  {
    "ID Number": "10000550"
  },
  {
    "ID Number": "10018069"
  },
  {
    "ID Number": "10021876"
  },
  {
    "ID Number": "10013415"
  },
  {
    "ID Number": "10024581"
  },
  {
    "ID Number": "10010130"
  },
  {
    "ID Number": "10018077"
  },
  {
    "ID Number": "10019294"
  },
  {
    "ID Number": "10014497"
  },
  {
    "ID Number": "10016988"
  },
  {
    "ID Number": "10032061"
  },
  {
    "ID Number": "10005331"
  },
  {
    "ID Number": "10019421"
  },
  {
    "ID Number": "10021655"
  },
  {
    "ID Number": "10037586"
  },
  {
    "ID Number": "10023968"
  },
  {
    "ID Number": "10005528"
  },
  {
    "ID Number": "10005374"
  },
  {
    "ID Number": "10018034"
  },
  {
    "ID Number": "10065407"
  },
  {
    "ID Number": "10018050"
  },
  {
    "ID Number": "10018085"
  },
  {
    "ID Number": "10019308"
  },
  {
    "ID Number": "10022341"
  },
  {
    "ID Number": "10013423"
  },
  {
    "ID Number": "10000348"
  },
  {
    "ID Number": "10021892"
  },
  {
    "ID Number": "10000836"
  },
  {
    "ID Number": "10018760"
  },
  {
    "ID Number": "10000011"
  },
  {
    "ID Number": "10029397"
  },
  {
    "ID Number": "10008390"
  },
  {
    "ID Number": "10015353"
  },
  {
    "ID Number": "10017801"
  },
  {
    "ID Number": "10001689"
  },
  {
    "ID Number": "10020519"
  },
  {
    "ID Number": "10016848"
  },
  {
    "ID Number": "10023690"
  },
  {
    "ID Number": "10007490"
  },
  {
    "ID Number": "10021434"
  },
  {
    "ID Number": "10011226"
  },
  {
    "ID Number": "10065326"
  },
  {
    "ID Number": "10000178"
  },
  {
    "ID Number": "10000151"
  },
  {
    "ID Number": "10013970"
  },
  {
    "ID Number": "10016619"
  },
  {
    "ID Number": "10016856"
  },
  {
    "ID Number": "10005390"
  },
  {
    "ID Number": "10003576"
  },
  {
    "ID Number": "10004327"
  },
  {
    "ID Number": "10022368"
  },
  {
    "ID Number": "10001360"
  },
  {
    "ID Number": "10023976"
  },
  {
    "ID Number": "10031375"
  },
  {
    "ID Number": "10059067"
  },
  {
    "ID Number": "10000593"
  },
  {
    "ID Number": "10000046"
  },
  {
    "ID Number": "10015361"
  },
  {
    "ID Number": "10013440"
  },
  {
    "ID Number": "10001727"
  },
  {
    "ID Number": "10033670"
  },
  {
    "ID Number": "10000259"
  },
  {
    "ID Number": "10004378"
  },
  {
    "ID Number": "10041109"
  },
  {
    "ID Number": "10035486"
  },
  {
    "ID Number": "10039473"
  },
  {
    "ID Number": "10046550"
  },
  {
    "ID Number": "10036334"
  },
  {
    "ID Number": "10017313"
  },
  {
    "ID Number": "10017542"
  },
  {
    "ID Number": "10004777"
  },
  {
    "ID Number": "10046275"
  },
  {
    "ID Number": "10009892"
  },
  {
    "ID Number": "10011250"
  },
  {
    "ID Number": "10037870"
  },
  {
    "ID Number": "10000984"
  },
  {
    "ID Number": "10020560"
  },
  {
    "ID Number": "10017550"
  },
  {
    "ID Number": "10037772"
  },
  {
    "ID Number": "10000992"
  },
  {
    "ID Number": "10004254"
  },
  {
    "ID Number": "10038094"
  },
  {
    "ID Number": "10008926"
  },
  {
    "ID Number": "10015094"
  },
  {
    "ID Number": "10012486"
  },
  {
    "ID Number": "10000321"
  },
  {
    "ID Number": "10000127"
  },
  {
    "ID Number": "10000224"
  },
  {
    "ID Number": "10020586"
  },
  {
    "ID Number": "10016902"
  },
  {
    "ID Number": "10005650"
  },
  {
    "ID Number": "10011676"
  },
  {
    "ID Number": "10033963"
  },
  {
    "ID Number": "10031448"
  },
  {
    "ID Number": "10042938"
  },
  {
    "ID Number": "10016376"
  },
  {
    "ID Number": "10006443"
  },
  {
    "ID Number": "10038809"
  },
  {
    "ID Number": "10010092"
  },
  {
    "ID Number": "10019170"
  },
  {
    "ID Number": "10004998"
  },
  {
    "ID Number": "10038043"
  },
  {
    "ID Number": "10023500"
  },
  {
    "ID Number": "10006460"
  },
  {
    "ID Number": "10013270"
  },
  {
    "ID Number": "10000615"
  },
  {
    "ID Number": "10021329"
  },
  {
    "ID Number": "10000313"
  },
  {
    "ID Number": "10002626"
  },
  {
    "ID Number": "10001760"
  },
  {
    "ID Number": "10023984"
  },
  {
    "ID Number": "10018778"
  },
  {
    "ID Number": "10028722"
  },
  {
    "ID Number": "10033068"
  },
  {
    "ID Number": "10000623"
  },
  {
    "ID Number": "10009140"
  },
  {
    "ID Number": "10006249"
  },
  {
    "ID Number": "10019022"
  },
  {
    "ID Number": "10001778"
  },
  {
    "ID Number": "10000631"
  },
  {
    "ID Number": "10032380"
  },
  {
    "ID Number": "10033432"
  },
  {
    "ID Number": "10038868"
  },
  {
    "ID Number": "10011471"
  },
  {
    "ID Number": "10027556"
  },
  {
    "ID Number": "10037896"
  },
  {
    "ID Number": "10010882"
  },
  {
    "ID Number": "10031383"
  },
  {
    "ID Number": "10005722"
  },
  {
    "ID Number": "10010386"
  },
  {
    "ID Number": "10031715"
  },
  {
    "ID Number": "10028153"
  },
  {
    "ID Number": "10040293"
  },
  {
    "ID Number": "10040307"
  },
  {
    "ID Number": "10028757"
  },
  {
    "ID Number": "10006354"
  },
  {
    "ID Number": "10006419"
  },
  {
    "ID Number": "10000186"
  },
  {
    "ID Number": "10028668"
  },
  {
    "ID Number": "10037527"
  },
  {
    "ID Number": "10005730"
  },
  {
    "ID Number": "10024220"
  },
  {
    "ID Number": "10004165"
  },
  {
    "ID Number": "10020217"
  },
  {
    "ID Number": "10024646"
  },
  {
    "ID Number": "10017747"
  },
  {
    "ID Number": "10024212"
  },
  {
    "ID Number": "10015345"
  },
  {
    "ID Number": "10009639"
  },
  {
    "ID Number": "10000526"
  },
  {
    "ID Number": "10016309"
  },
  {
    "ID Number": "10024891"
  },
  {
    "ID Number": "10029966"
  },
  {
    "ID Number": "10032096"
  },
  {
    "ID Number": "10036342"
  },
  {
    "ID Number": "10024913"
  },
  {
    "ID Number": "10016287"
  },
  {
    "ID Number": "10072071"
  },
  {
    "ID Number": "10016635"
  },
  {
    "ID Number": "10031952"
  },
  {
    "ID Number": "10012508"
  },
  {
    "ID Number": "10011650"
  },
  {
    "ID Number": "10059547"
  },
  {
    "ID Number": "10004726"
  },
  {
    "ID Number": "10028552"
  },
  {
    "ID Number": "10037608"
  },
  {
    "ID Number": "10013504"
  },
  {
    "ID Number": "10007911"
  },
  {
    "ID Number": "10022422"
  },
  {
    "ID Number": "10001794"
  },
  {
    "ID Number": "10031669"
  },
  {
    "ID Number": "10033165"
  },
  {
    "ID Number": "10036369"
  },
  {
    "ID Number": "10009205"
  },
  {
    "ID Number": "10059938"
  },
  {
    "ID Number": "10008527"
  },
  {
    "ID Number": "10010513"
  },
  {
    "ID Number": "10033157"
  },
  {
    "ID Number": "10008381"
  },
  {
    "ID Number": "10031650"
  },
  {
    "ID Number": "10020632"
  },
  {
    "ID Number": "10000410"
  },
  {
    "ID Number": "10026142"
  },
  {
    "ID Number": "10059555"
  },
  {
    "ID Number": "10002812"
  },
  {
    "ID Number": "10065342"
  },
  {
    "ID Number": "10002570"
  },
  {
    "ID Number": "10010106"
  },
  {
    "ID Number": "10035818"
  },
  {
    "ID Number": "10049029"
  },
  {
    "ID Number": "10014209"
  },
  {
    "ID Number": "10014217"
  },
  {
    "ID Number": "10024433"
  },
  {
    "ID Number": "10032045"
  },
  {
    "ID Number": "10000658"
  },
  {
    "ID Number": "10023720"
  },
  {
    "ID Number": "10020640"
  },
  {
    "ID Number": "10001816"
  },
  {
    "ID Number": "10000143"
  },
  {
    "ID Number": "10020659"
  },
  {
    "ID Number": "10005013"
  },
  {
    "ID Number": "10009620"
  },
  {
    "ID Number": "10005420"
  },
  {
    "ID Number": "10028650"
  },
  {
    "ID Number": "10007768"
  },
  {
    "ID Number": "10012575"
  },
  {
    "ID Number": "10010068"
  },
  {
    "ID Number": "10000038"
  },
  {
    "ID Number": "10001417"
  },
  {
    "ID Number": "10024654"
  },
  {
    "ID Number": "10005293"
  },
  {
    "ID Number": "10020306"
  },
  {
    "ID Number": "10058460"
  },
  {
    "ID Number": "10041800"
  },
  {
    "ID Number": "10016929"
  },
  {
    "ID Number": "10027335"
  },
  {
    "ID Number": "10007962"
  },
  {
    "ID Number": "10004459"
  },
  {
    "ID Number": "10032983"
  },
  {
    "ID Number": "10025634"
  },
  {
    "ID Number": "10025782"
  },
  {
    "ID Number": "10049088"
  },
  {
    "ID Number": "10004513"
  },
  {
    "ID Number": "10009396"
  },
  {
    "ID Number": "10010181"
  },
  {
    "ID Number": "10019197"
  },
  {
    "ID Number": "10001832"
  },
  {
    "ID Number": "10031421"
  },
  {
    "ID Number": "10009345"
  },
  {
    "ID Number": "10036784"
  },
  {
    "ID Number": "10031359"
  },
  {
    "ID Number": "10029958"
  },
  {
    "ID Number": "10036385"
  },
  {
    "ID Number": "10037918"
  },
  {
    "ID Number": "10020683"
  },
  {
    "ID Number": "10049100"
  },
  {
    "ID Number": "10037764"
  },
  {
    "ID Number": "10015000"
  },
  {
    "ID Number": "10001069"
  },
  {
    "ID Number": "10008179"
  },
  {
    "ID Number": "10033025"
  },
  {
    "ID Number": "10019634"
  },
  {
    "ID Number": "10001077"
  },
  {
    "ID Number": "10051406"
  },
  {
    "ID Number": "10028013"
  },
  {
    "ID Number": "10001085"
  },
  {
    "ID Number": "10002596"
  },
  {
    "ID Number": "10007580"
  },
  {
    "ID Number": "10016210"
  },
  {
    "ID Number": "10010190"
  },
  {
    "ID Number": "10022864"
  },
  {
    "ID Number": "10008667"
  },
  {
    "ID Number": "10034056"
  },
  {
    "ID Number": "10016201"
  },
  {
    "ID Number": "10005188"
  },
  {
    "ID Number": "10013059"
  },
  {
    "ID Number": "10049258"
  },
  {
    "ID Number": "10005030"
  },
  {
    "ID Number": "10003738"
  },
  {
    "ID Number": "10005048"
  },
  {
    "ID Number": "10068880"
  },
  {
    "ID Number": "10020691"
  },
  {
    "ID Number": "10001093"
  },
  {
    "ID Number": "10011811"
  },
  {
    "ID Number": "10024018"
  },
  {
    "ID Number": "10017704"
  },
  {
    "ID Number": "10021485"
  },
  {
    "ID Number": "10003940"
  },
  {
    "ID Number": "10003851"
  },
  {
    "ID Number": "10022520"
  },
  {
    "ID Number": "10004157"
  },
  {
    "ID Number": "10039678"
  },
  {
    "ID Number": "10012761"
  },
  {
    "ID Number": "10012516"
  },
  {
    "ID Number": "10013628"
  },
  {
    "ID Number": "10024026"
  },
  {
    "ID Number": "10010955"
  },
  {
    "ID Number": "10006125"
  },
  {
    "ID Number": "10049169"
  },
  {
    "ID Number": "10015388"
  },
  {
    "ID Number": "10024492"
  },
  {
    "ID Number": "10005056"
  },
  {
    "ID Number": "10009736"
  },
  {
    "ID Number": "10001115"
  },
  {
    "ID Number": "10031413"
  },
  {
    "ID Number": "10004076"
  },
  {
    "ID Number": "10035559"
  },
  {
    "ID Number": "10018158"
  },
  {
    "ID Number": "10031898"
  },
  {
    "ID Number": "10009973"
  },
  {
    "ID Number": "10014012"
  },
  {
    "ID Number": "10000267"
  },
  {
    "ID Number": "10022562"
  },
  {
    "ID Number": "10019359"
  },
  {
    "ID Number": "10022570"
  },
  {
    "ID Number": "10004092"
  },
  {
    "ID Number": "10039767"
  },
  {
    "ID Number": "10022589"
  },
  {
    "ID Number": "10046364"
  },
  {
    "ID Number": "10021680"
  },
  {
    "ID Number": "10010963"
  },
  {
    "ID Number": "10010971"
  },
  {
    "ID Number": "10011625"
  },
  {
    "ID Number": "10020101"
  },
  {
    "ID Number": "10024980"
  },
  {
    "ID Number": "10048049"
  },
  {
    "ID Number": "10013636"
  },
  {
    "ID Number": "10004084"
  },
  {
    "ID Number": "10009752"
  },
  {
    "ID Number": "10005684"
  },
  {
    "ID Number": "10005706"
  },
  {
    "ID Number": "10001131"
  },
  {
    "ID Number": "10019049"
  },
  {
    "ID Number": "10039562"
  },
  {
    "ID Number": "10013644"
  },
  {
    "ID Number": "10010696"
  },
  {
    "ID Number": "10018557"
  },
  {
    "ID Number": "10001140"
  },
  {
    "ID Number": "10048189"
  },
  {
    "ID Number": "10000399"
  },
  {
    "ID Number": "10033190"
  },
  {
    "ID Number": "10010998"
  },
  {
    "ID Number": "10003959"
  },
  {
    "ID Number": "10001450"
  },
  {
    "ID Number": "10018549"
  },
  {
    "ID Number": "10052798"
  },
  {
    "ID Number": "10035583"
  },
  {
    "ID Number": "10034064"
  },
  {
    "ID Number": "10008136"
  },
  {
    "ID Number": "10022619"
  },
  {
    "ID Number": "10001158"
  },
  {
    "ID Number": "10000704"
  },
  {
    "ID Number": "10010262"
  },
  {
    "ID Number": "10016155"
  },
  {
    "ID Number": "10022627"
  },
  {
    "ID Number": "10028579"
  },
  {
    "ID Number": "10013679"
  },
  {
    "ID Number": "10022635"
  },
  {
    "ID Number": "10000712"
  },
  {
    "ID Number": "10070613"
  },
  {
    "ID Number": "10018026"
  },
  {
    "ID Number": "10008144"
  },
  {
    "ID Number": "10011200"
  },
  {
    "ID Number": "10011005"
  },
  {
    "ID Number": "10004572"
  },
  {
    "ID Number": "10016112"
  },
  {
    "ID Number": "10011870"
  },
  {
    "ID Number": "10032037"
  },
  {
    "ID Number": "10040650"
  },
  {
    "ID Number": "10011218"
  },
  {
    "ID Number": "10048200"
  },
  {
    "ID Number": "10069046"
  },
  {
    "ID Number": "10016970"
  },
  {
    "ID Number": "10010050"
  },
  {
    "ID Number": "10012257"
  },
  {
    "ID Number": "10019111"
  },
  {
    "ID Number": "10033700"
  },
  {
    "ID Number": "10024034"
  },
  {
    "ID Number": "10016090"
  },
  {
    "ID Number": "10020152"
  },
  {
    "ID Number": "10023852"
  },
  {
    "ID Number": "10012826"
  },
  {
    "ID Number": "10000089"
  },
  {
    "ID Number": "10014373"
  },
  {
    "ID Number": "10009566"
  },
  {
    "ID Number": "10004556"
  },
  {
    "ID Number": "10013725"
  },
  {
    "ID Number": "10018565"
  },
  {
    "ID Number": "10004386"
  },
  {
    "ID Number": "10009760"
  },
  {
    "ID Number": "10033530"
  },
  {
    "ID Number": "10018298"
  },
  {
    "ID Number": "10001980"
  },
  {
    "ID Number": "10037942"
  },
  {
    "ID Number": "10009035"
  },
  {
    "ID Number": "10019120"
  },
  {
    "ID Number": "10000860"
  },
  {
    "ID Number": "10001581"
  },
  {
    "ID Number": "10016058"
  },
  {
    "ID Number": "10007644"
  },
  {
    "ID Number": "10000445"
  },
  {
    "ID Number": "10002723"
  },
  {
    "ID Number": "10004602"
  },
  {
    "ID Number": "10017852"
  },
  {
    "ID Number": "10018107"
  },
  {
    "ID Number": "10045791"
  },
  {
    "ID Number": "10039465"
  },
  {
    "ID Number": "10007920"
  },
  {
    "ID Number": "10025030"
  },
  {
    "ID Number": "10007970"
  },
  {
    "ID Number": "10006788"
  },
  {
    "ID Number": "10048391"
  },
  {
    "ID Number": "10004793"
  },
  {
    "ID Number": "10037314"
  },
  {
    "ID Number": "10020837"
  },
  {
    "ID Number": "10041478"
  },
  {
    "ID Number": "10016007"
  },
  {
    "ID Number": "10040684"
  },
  {
    "ID Number": "10027394"
  },
  {
    "ID Number": "10065377"
  },
  {
    "ID Number": "10011064"
  },
  {
    "ID Number": "10005676"
  },
  {
    "ID Number": "10006583"
  },
  {
    "ID Number": "10010300"
  },
  {
    "ID Number": "10000879"
  },
  {
    "ID Number": "10005455"
  },
  {
    "ID Number": "10028714"
  },
  {
    "ID Number": "10016686"
  },
  {
    "ID Number": "10020861"
  },
  {
    "ID Number": "10015396"
  },
  {
    "ID Number": "10007989"
  },
  {
    "ID Number": "10004645"
  },
  {
    "ID Number": "10000887"
  },
  {
    "ID Number": "10059130"
  },
  {
    "ID Number": "10020128"
  },
  {
    "ID Number": "10024670"
  },
  {
    "ID Number": "10019065"
  },
  {
    "ID Number": "10012265"
  },
  {
    "ID Number": "10029095"
  },
  {
    "ID Number": "10009361"
  },
  {
    "ID Number": "10019758"
  },
  {
    "ID Number": "10051449"
  },
  {
    "ID Number": "10026800"
  },
  {
    "ID Number": "10004408"
  },
  {
    "ID Number": "10002383"
  },
  {
    "ID Number": "10005200"
  },
  {
    "ID Number": "10015930"
  },
  {
    "ID Number": "10001166"
  },
  {
    "ID Number": "10001174"
  },
  {
    "ID Number": "10005102"
  },
  {
    "ID Number": "10015620"
  },
  {
    "ID Number": "10014551"
  },
  {
    "ID Number": "10005110"
  },
  {
    "ID Number": "10025103"
  },
  {
    "ID Number": "10043993"
  },
  {
    "ID Number": "10008950"
  },
  {
    "ID Number": "10014047"
  },
  {
    "ID Number": "10008942"
  },
  {
    "ID Number": "10012915"
  },
  {
    "ID Number": "10037985"
  },
  {
    "ID Number": "10007997"
  },
  {
    "ID Number": "10046771"
  },
  {
    "ID Number": "10000232"
  },
  {
    "ID Number": "10000569"
  },
  {
    "ID Number": "10000097"
  },
  {
    "ID Number": "10020918"
  },
  {
    "ID Number": "10020110"
  },
  {
    "ID Number": "10005129"
  },
  {
    "ID Number": "10004262"
  },
  {
    "ID Number": "10004491"
  },
  {
    "ID Number": "10015922"
  },
  {
    "ID Number": "10015639"
  },
  {
    "ID Number": "10033351"
  },
  {
    "ID Number": "10031740"
  },
  {
    "ID Number": "10022090"
  },
  {
    "ID Number": "10008497"
  },
  {
    "ID Number": "10007652"
  },
  {
    "ID Number": "10007660"
  },
  {
    "ID Number": "10005137"
  },
  {
    "ID Number": "10021574"
  },
  {
    "ID Number": "10002553"
  },
  {
    "ID Number": "10014233"
  },
  {
    "ID Number": "10019219"
  },
  {
    "ID Number": "10005510"
  },
  {
    "ID Number": "10034080"
  },
  {
    "ID Number": "10031260"
  },
  {
    "ID Number": "10017046"
  },
  {
    "ID Number": "10059946"
  },
  {
    "ID Number": "10005471"
  },
  {
    "ID Number": "10001492"
  },
  {
    "ID Number": "10049410"
  },
  {
    "ID Number": "10001204"
  },
  {
    "ID Number": "10035036"
  },
  {
    "ID Number": "10005641"
  },
  {
    "ID Number": "10021515"
  },
  {
    "ID Number": "10000747"
  },
  {
    "ID Number": "10000062"
  },
  {
    "ID Number": "10004270"
  },
  {
    "ID Number": "10024506"
  },
  {
    "ID Number": "10038019"
  },
  {
    "ID Number": "10010351"
  },
  {
    "ID Number": "10007563"
  },
  {
    "ID Number": "10019383"
  },
  {
    "ID Number": "10007466"
  },
  {
    "ID Number": "10048081"
  },
  {
    "ID Number": "10011161"
  },
  {
    "ID Number": "10011668"
  },
  {
    "ID Number": "10003967"
  },
  {
    "ID Number": "10000119"
  },
  {
    "ID Number": "10006346"
  },
  {
    "ID Number": "10025413"
  },
  {
    "ID Number": "10008870"
  },
  {
    "ID Number": "10001220"
  },
  {
    "ID Number": "10000763"
  },
  {
    "ID Number": "10017054"
  },
  {
    "ID Number": "10020080"
  },
  {
    "ID Number": "10003878"
  },
  {
    "ID Number": "10022716"
  },
  {
    "ID Number": "10003843"
  },
  {
    "ID Number": "10019006"
  },
  {
    "ID Number": "10006834"
  },
  {
    "ID Number": "10008152"
  },
  {
    "ID Number": "10028048"
  },
  {
    "ID Number": "10032622"
  },
  {
    "ID Number": "10017470"
  },
  {
    "ID Number": "10024182"
  },
  {
    "ID Number": "10019391"
  },
  {
    "ID Number": "10052976"
  },
  {
    "ID Number": "10013911"
  },
  {
    "ID Number": "10033300"
  },
  {
    "ID Number": "10023445"
  },
  {
    "ID Number": "10022732"
  },
  {
    "ID Number": "10021507"
  },
  {
    "ID Number": "10021752"
  },
  {
    "ID Number": "10021132"
  },
  {
    "ID Number": "10003622"
  },
  {
    "ID Number": "10005250"
  },
  {
    "ID Number": "10011838"
  },
  {
    "ID Number": "10004742"
  },
  {
    "ID Number": "10024689"
  },
  {
    "ID Number": "10007288"
  },
  {
    "ID Number": "10020071"
  },
  {
    "ID Number": "10015868"
  },
  {
    "ID Number": "10001905"
  },
  {
    "ID Number": "10038027"
  },
  {
    "ID Number": "10045767"
  },
  {
    "ID Number": "10022759"
  },
  {
    "ID Number": "10026746"
  },
  {
    "ID Number": "10022767"
  },
  {
    "ID Number": "10022775"
  },
  {
    "ID Number": "10021140"
  },
  {
    "ID Number": "10018093"
  },
  {
    "ID Number": "10010114"
  },
  {
    "ID Number": "10001263"
  },
  {
    "ID Number": "10021442"
  },
  {
    "ID Number": "10014080"
  },
  {
    "ID Number": "10007938"
  },
  {
    "ID Number": "10038990"
  },
  {
    "ID Number": "10032410"
  },
  {
    "ID Number": "10059679"
  },
  {
    "ID Number": "10049525"
  },
  {
    "ID Number": "10055258"
  },
  {
    "ID Number": "10018018"
  },
  {
    "ID Number": "10021256"
  },
  {
    "ID Number": "10021051"
  },
  {
    "ID Number": "10000100"
  },
  {
    "ID Number": "10017062"
  },
  {
    "ID Number": "10017070"
  },
  {
    "ID Number": "10031731"
  },
  {
    "ID Number": "10017402"
  },
  {
    "ID Number": "10023496"
  },
  {
    "ID Number": "10049533"
  },
  {
    "ID Number": "10015809"
  },
  {
    "ID Number": "10039414"
  },
  {
    "ID Number": "10006753"
  },
  {
    "ID Number": "10039651"
  },
  {
    "ID Number": "10022821"
  },
  {
    "ID Number": "10041281"
  },
  {
    "ID Number": "10012982"
  },
  {
    "ID Number": "10019960"
  },
  {
    "ID Number": "10028692"
  },
  {
    "ID Number": "10021060"
  },
  {
    "ID Number": "10005501"
  },
  {
    "ID Number": "10065350"
  },
  {
    "ID Number": "10021078"
  },
  {
    "ID Number": "10044655"
  },
  {
    "ID Number": "10022031"
  },
  {
    "ID Number": "10010122"
  },
  {
    "ID Number": "10004220"
  },
  {
    "ID Number": "10021086"
  },
  {
    "ID Number": "10011897"
  },
  {
    "ID Number": "10028587"
  },
  {
    "ID Number": "10014241"
  },
  {
    "ID Number": "10000054"
  },
  {
    "ID Number": "10019090"
  },
  {
    "ID Number": "10021272"
  },
  {
    "ID Number": "10023780"
  },
  {
    "ID Number": "10018662"
  },
  {
    "ID Number": "10060057"
  },
  {
    "ID Number": "10049720"
  },
  {
    "ID Number": "10007504"
  },
  {
    "ID Number": "10009868"
  },
  {
    "ID Number": "10040153"
  },
  {
    "ID Number": "10008721"
  },
  {
    "ID Number": "10011536"
  },
  {
    "ID Number": "10005226"
  },
  {
    "ID Number": "10047131"
  },
  {
    "ID Number": "10024077"
  },
  {
    "ID Number": "10016708"
  },
  {
    "ID Number": "10019685"
  },
  {
    "ID Number": "10003746"
  },
  {
    "ID Number": "10006850"
  },
  {
    "ID Number": "10001301"
  },
  {
    "ID Number": "10002600"
  },
  {
    "ID Number": "10022848"
  },
  {
    "ID Number": "10034897"
  },
  {
    "ID Number": "10010173"
  },
  {
    "ID Number": "10021027"
  },
  {
    "ID Number": "10007954"
  },
  {
    "ID Number": "10019677"
  },
  {
    "ID Number": "10004866"
  },
  {
    "ID Number": "10011196"
  },
  {
    "ID Number": "10015779"
  },
  {
    "ID Number": "10002057"
  },
  {
    "ID Number": "10004289"
  },
  {
    "ID Number": "10039759"
  },
  {
    "ID Number": "10015760"
  },
  {
    "ID Number": "10004858"
  },
  {
    "ID Number": "10032070"
  },
  {
    "ID Number": "10001271"
  },
  {
    "ID Number": "10031642"
  },
  {
    "ID Number": "10034161"
  },
  {
    "ID Number": "10037675"
  },
  {
    "ID Number": "10033173"
  },
  {
    "ID Number": "10035621"
  },
  {
    "ID Number": "10031278"
  },
  {
    "ID Number": "10000801"
  },
  {
    "ID Number": "10046305"
  },
  {
    "ID Number": "10058346"
  },
  {
    "ID Number": "10000810"
  },
  {
    "ID Number": "10033254"
  },
  {
    "ID Number": "10063595"
  },
  {
    "ID Number": "10019979"
  },
  {
    "ID Number": "10010629"
  },
  {
    "ID Number": "10019448"
  },
  {
    "ID Number": "10004467"
  },
  {
    "ID Number": "10040242"
  },
  {
    "ID Number": "10031251"
  },
  {
    "ID Number": "10003720"
  },
  {
    "ID Number": "10003673"
  },
  {
    "ID Number": "10004831"
  },
  {
    "ID Number": "10031677"
  },
  {
    "ID Number": "10008683"
  },
  {
    "ID Number": "10028811"
  },
  {
    "ID Number": "10015736"
  },
  {
    "ID Number": "10016716"
  },
  {
    "ID Number": "10021540"
  },
  {
    "ID Number": "10015728"
  },
  {
    "ID Number": "10000372"
  },
  {
    "ID Number": "10000380"
  },
  {
    "ID Number": "10000330"
  },
  {
    "ID Number": "10018603"
  },
  {
    "ID Number": "10040366"
  },
  {
    "ID Number": "10032797"
  },
  {
    "ID Number": "10021493"
  },
  {
    "ID Number": "10012419"
  },
  {
    "ID Number": "10028641"
  },
  {
    "ID Number": "10002634"
  },
  {
    "ID Number": "10037616"
  },
  {
    "ID Number": "10004106"
  },
  {
    "ID Number": "10024131"
  },
  {
    "ID Number": "10004823"
  },
  {
    "ID Number": "10012150"
  },
  {
    "ID Number": "10038108"
  },
  {
    "ID Number": "10004653"
  },
  {
    "ID Number": "10001298"
  },
  {
    "ID Number": "10059954"
  },
  {
    "ID Number": "10018190"
  },
  {
    "ID Number": "10030522"
  },
  {
    "ID Number": "10036563"
  },
  {
    "ID Number": "10011188"
  }
]