ID Number,Name,Fed,Sex,Title,WTit,OTit,Rating,Gms,K,RatingMonth,B-day,Flag
1427024,"Aagaard, Gert",DEN,M,,,,1968,0,20,AUG25,1966,
1401815,"Aagaard, Jacob",DEN,M,GM,,,2502,0,10,AUG25,1973,i
1486543,"Aakerso, Andreas Wang",DEN,M,,,,1897,0,40,AUG25,2005,
1402315,"Aalbaek, Kurt Frede Nissen",DEN,M,,,,1679,0,20,AUG25,1944,i
1477528,"Aaskov, Erik",DEN,M,,,,1651,0,20,AUG25,1968,i
1403001,"Abildlund, Jens",DEN,M,,,,2184,0,20,AUG25,1958,
1476475,"Adrian, Mickel",DEN,M,,,,1576,0,20,AUG25,1994,
1471465,"Agerbo, Frederick",DEN,M,,,,1580,0,20,AUG25,2001,i
1403605,"Agergaard, Lars Michael",DEN,M,,,,1999,0,20,AUG25,1963,i
1465732,"Agerholm, Jens",DEN,M,,,,1626,0,20,AUG25,1950,i
1413058,"Agger, Lars Breinholt",DEN,M,,,,1888,0,20,AUG25,1963,i
1459945,"Aggerbeck-Lauritzen, Nikolaj",DEN,M,,,,1805,0,40,AUG25,2006,i
1481789,"Ahl, Eskil Rosenlund",DEN,M,,,,1768,0,40,AUG25,2011,
1413406,"Akdag, Dara",DEN,M,,,,2184,0,20,AUG25,1992,i
1478052,"Aktor, Jonathan",DEN,M,,,,1828,0,20,AUG25,2000,
1467654,"al-Chemali, Wadie",DEN,M,,,,1563,0,40,AUG25,2009,i
1410571,"Alic, Ohran",DEN,M,,,,1827,0,20,AUG25,1965,i
1415700,"Almasy, Alexander",DEN,M,,,,1861,0,20,AUG25,1992,i
1416871,"Almtoft, Niels Kristian",DEN,M,,,,2068,0,20,AUG25,1973,i
1481606,"Alzaga, Luis",DEN,M,,,,1903,14,40,AUG25,2009,
1438786,"Ananthan, Arunn",DEN,M,,,,1859,0,20,AUG25,2001,i
1475460,"Ander Sondergaard, Victor",DEN,M,,,,1654,0,20,AUG25,1995,i
1452401,"Andersen, Aage",DEN,M,,,,1635,0,20,AUG25,1946,i
1435655,"Andersen, Allan Erik Schmidt",DEN,M,,,,1822,0,20,AUG25,1968,i
1420100,"Andersen, Asger C.",DEN,M,,,,1743,0,20,AUG25,1950,i
1420119,"Andersen, Asger J.",DEN,M,,,,1798,0,20,AUG25,1934,i
1404946,"Andersen, Bjarne Hjorth",DEN,M,,,,1911,0,20,AUG25,1941,i
1408798,"Andersen, Carsten",DEN,M,,,,1750,0,20,AUG25,1961,i
1467786,"Andersen, Claus",DEN,M,,,,1941,0,20,AUG25,1968,
1415735,"Andersen, Claus Nis",DEN,M,,,,1819,0,20,AUG25,1960,i
1400665,"Andersen, Dan",DEN,M,,,,2253,0,20,AUG25,1956,i
1402714,"Andersen, Daniel",DEN,M,FM,,,1958,0,20,AUG25,1969,i
1441795,"Andersen, Erik Andre",DEN,M,,,,2039,0,20,AUG25,1952,i
1455842,"Andersen, Hagbart S J",DEN,M,,,,1659,0,40,AUG25,2005,i
1423100,"Andersen, Hans E.",DEN,M,,,,1726,0,20,AUG25,1941,
1407210,"Andersen, Ib Hother",DEN,M,,,,2156,0,20,AUG25,1964,i
1472992,"Andersen, Kasper Erbou",DEN,M,,,,1718,0,40,AUG25,2006,i
1415743,"Andersen, Kim Nyvang",DEN,M,,,,1990,0,20,AUG25,1968,i
1437526,"Andersen, Kim Secher",DEN,M,,,,1950,0,20,AUG25,1976,i
1404792,"Andersen, Lars Rene",DEN,M,,,,2132,0,20,AUG25,1974,i
1469576,"Andersen, Lene",DEN,F,,,,1495,0,20,AUG25,1962,wi
1413864,"Andersen, Mads",DEN,M,GM,,,2483,0,10,AUG25,1995,
1401467,"Andersen, Martin Utoft",DEN,M,,,,1860,0,20,AUG25,1993,i
1406507,"Andersen, Niels Erik",DEN,M,,,,1942,0,20,AUG25,1958,i
1441450,"Andersen, Peter",DEN,M,,,,1586,0,20,AUG25,1970,i
1405683,"Andersen, Rune",DEN,M,,NA,,2052,0,20,AUG25,1958,i
1403133,"Andersen, Rune Egede",DEN,M,,,,2002,0,20,AUG25,1967,i
1412418,"Andersen, Soren Bull",DEN,M,,,,2079,0,20,AUG25,1967,i
1411918,"Andersen, Soren Mikkel",DEN,M,,,,2103,0,20,AUG25,1981,i
1484958,"Andersen, Torben",DEN,M,,,,1820,0,40,AUG25,1961,
1406086,"Andersen, Torben Bodskov",DEN,M,,,,1997,0,20,AUG25,1957,i
1435230,"Andersen, Troels Baekgaard",DEN,M,,,,1923,0,20,AUG25,1998,i
1469592,"Andersen, Ulrik",DEN,M,,,,1584,0,20,AUG25,1967,i
1413180,"Andersen, Vagn Skov",DEN,M,,,,1816,0,20,AUG25,1944,i
1420224,"Andersen, Villy Abildgaard",DEN,M,,,,1673,0,20,AUG25,1955,
1420232,"Andersson, Finn",DEN,M,,NA,,1852,0,20,AUG25,1950,i
1401483,"Andreasen, Rene",DEN,M,,,,1923,0,20,AUG25,1971,i
1473085,"Andresen, Christian Kiilerich",DEN,M,,,,1596,0,40,AUG25,2010,i
1438964,"Andresen, Hans Jorn",DEN,M,,,,1957,0,20,AUG25,1955,i
1463373,"Andries, Alf",DEN,M,,,,2071,0,20,AUG25,2006,
1469207,"Andries, Leia",DEN,F,,,,1805,0,40,AUG25,2010,w
1461273,"Ankjaer, Allan",DEN,M,,,,1782,0,20,AUG25,1953,i
1401378,"Antonsen, Mikkel",DEN,M,IM,,,2448,0,10,AUG25,1973,i
1465414,"Arrhenius, Jan",DEN,M,,,,1439,0,20,AUG25,1948,
1448358,"Artmann, Henrik",DEN,M,,,,1828,0,20,AUG25,1970,
1478885,"Azizov, Abdulatif",DEN,M,,,,1851,0,40,AUG25,1980,i
1448129,"Baadsgaard, Markus Andreas",DEN,M,,,,1874,0,20,AUG25,2003,i
1429787,"Bach, Mikael",DEN,M,,,,1862,0,20,AUG25,1965,i
1444905,"Badsbjerg, Allan",DEN,M,,,,1663,0,20,AUG25,1974,i
1412710,"Baerentsen, Brian Christer",DEN,M,,,,2112,0,20,AUG25,1966,i
1460749,"Bagge, Kenny",DEN,M,,,,1786,0,20,AUG25,1980,i
1459066,"Bahnsen, Esben",DEN,M,,,,1632,0,20,AUG25,1954,i
1481380,"Bak, Valdemar",DEN,M,,,,1478,0,40,AUG25,2008,
1467689,"Balslev, Peter",DEN,M,,,,1831,0,20,AUG25,1967,i
1445421,"Balslev, Uffe",DEN,M,,,,1797,0,20,AUG25,1960,
1428462,"Bandow, Sven",DEN,M,,,,1827,0,20,AUG25,1966,i
1476491,"Bang Balslev, Vuk",DEN,M,,,,1877,0,40,AUG25,2009,i
1400290,"Bang, Andreas",DEN,M,FM,,,2172,0,20,AUG25,1965,i
1466097,"Bangsgaard, Jonas",DEN,M,,,,1648,0,20,AUG25,1998,i
1400495,"Bank Friis, Carsten",DEN,M,FM,,,2168,0,20,AUG25,1960,
1402889,"Bank, Pelle",DEN,M,FM,,,2287,0,20,AUG25,1971,i
1442481,"Bayhan, Erkan",DEN,M,,,,1915,0,20,AUG25,1986,i
1480367,"Bech Borgesen, Asmund",DEN,M,,,,1602,0,40,AUG25,2011,
1484249,"Begtrup, Adam Hardy",DEN,M,,,,1514,0,40,AUG25,2005,i
1484176,"Beier, August",DEN,M,,,,1610,0,40,AUG25,2013,
1403095,"Bekker-Jensen, David",DEN,M,FM,,,2182,0,20,AUG25,1978,i
1472844,"Bekmukhanov, Sauran",DEN,M,,,,1837,0,40,AUG25,2012,
1433709,"Bendixen, Daniel",DEN,M,,,,1935,0,20,AUG25,1984,
1447416,"Berg, Arthur",DEN,M,,,,1932,0,20,AUG25,2001,i
1400053,"Berg, Klaus",DEN,M,IM,,,2320,0,20,AUG25,1960,i
1405810,"Bering, Anders",DEN,M,,,,1932,0,20,AUG25,1969,i
1446991,"Beyerholm, Arne",DEN,M,,,,2059,0,20,AUG25,1971,i
1450441,"Bichel, Nikolaj",DEN,M,,,,1522,0,20,AUG25,1984,i
1478079,"Biede, Morten Birch",DEN,M,,,,1654,0,40,AUG25,1991,i
1445243,"Bilandzic, Ante",DEN,M,,,,1912,0,20,AUG25,1977,i
1411950,"Bindzus, Ernst",DEN,M,,,,1905,0,20,AUG25,1958,i
1477676,"Bjerg, Ludvig",DEN,M,,,,1742,0,40,AUG25,2010,
1480170,"Bjerg, Sigurd",DEN,M,,,,1591,0,40,AUG25,2013,
1444948,"Bjerre, Jonas Buhl",DEN,M,GM,,,2570,0,10,AUG25,2004,
1412329,"Bjerre, Tavs",DEN,M,,,,2043,0,20,AUG25,1962,
1472089,"Bjerregaard Hagen, Frida",DEN,F,,,,1669,0,40,AUG25,2014,w
1481886,"Bjerregaard Hagen, Vilje",DEN,F,,,,1625,0,40,AUG25,2018,w
1480375,"Bjerregaard, Cody",DEN,M,,,,1801,0,40,AUG25,2007,i
1400584,"Bjertrup, Michael",DEN,M,,,,2076,0,20,AUG25,1966,i
1477471,"Bjorkvig, Rasmus",DEN,M,,,,1579,0,20,AUG25,1981,
1424718,"Bjorneboe, Kristian",DEN,M,,,,1932,0,20,AUG25,1965,
1445820,"Bjornskov, Jacob",DEN,M,,,,1835,0,20,AUG25,1989,i
1481525,"Blounso, Morten Kiel",DEN,M,,,,1755,0,40,AUG25,1994,
1401408,"Boe, Mads",DEN,M,FM,FT,,2259,0,20,AUG25,1968,
1405829,"Bogdanov, Dimitri",DEN,M,,,,2107,0,20,AUG25,1968,i
1440039,"Bogo, Mathias",DEN,M,,,,1684,0,20,AUG25,1996,i
1401459,"Bogo, Soren",DEN,M,,,,2250,0,20,AUG25,1968,
1413643,"Boje, Tobias",DEN,M,,,,2049,0,20,AUG25,1993,
1483897,"Boldt, Nis Friis",DEN,M,,,,1556,0,40,AUG25,2009,
1461141,"Bonchev, Boncho Georgiev",DEN,M,,,,2071,0,20,AUG25,1970,i
1407287,"Bonnelykke, Ole",DEN,M,,,,2052,0,20,AUG25,1967,i
1403800,"Bonnez, Finn",DEN,M,,,,1964,0,20,AUG25,1960,
1505823,"Borg, Flemming",DEN,M,,,,1821,0,20,AUG25,1956,i
1470990,"Borg, Theis",DEN,M,,,,1719,0,20,AUG25,1972,i
1400312,"Borge, Nikolaj",DEN,M,IM,,,2366,0,10,AUG25,1971,
1467620,"Brastrup, Mikkel",DEN,M,,,,1710,0,20,AUG25,1978,
1404083,"Bratholm, Palle",DEN,M,,,,2083,0,20,AUG25,1959,i
1479717,"Breiner, Magnus",DEN,M,,,,1433,0,40,AUG25,1996,
1479466,"Breining, Jesper",DEN,M,,,,1633,0,20,AUG25,1976,
1415891,"Bridgwater, Paul",DEN,M,,NA,,1986,0,20,AUG25,1963,i
1400134,"Brinck-Claussen, Bjorn",DEN,M,IM,,,2200,0,20,AUG25,1942,i
1467808,"Brintlev, Isak Babi",DEN,M,,,,1514,0,40,AUG25,2008,i
1480740,"Bro Jacobsen, Samuel",DEN,M,,,,1848,0,40,AUG25,2014,
1441477,"Brokso, Kim",DEN,M,,,,1823,0,20,AUG25,1963,
1404636,"Brolling, Carsten",DEN,M,,,,1913,0,20,AUG25,1964,
1403893,"Bromann, Thorbjorn",DEN,M,IM,,,2356,0,20,AUG25,1979,
1447432,"Brondal, Paul",DEN,M,,,,2052,0,20,AUG25,1965,
1413848,"Brondt, Nicolai Kvist",DEN,M,FM,,,2157,0,20,AUG25,1992,i
1411233,"Brorsen, Jacob Abildlund",DEN,M,,,,2183,0,20,AUG25,1991,i
1472275,"Bruntse, Caroline Lindegaard",DEN,F,,,,1705,0,40,AUG25,2009,w
1472283,"Bruntse, Kathrine Lindegaard",DEN,F,,,,1824,0,40,AUG25,2009,w
1423177,"Bruun, Erling",DEN,M,,,,1826,0,20,AUG25,1962,
1410334,"Bruun, Henrik Emil",DEN,M,,,,2104,0,20,AUG25,1970,i
1410741,"Bruun, Jesper",DEN,M,,,,1980,0,20,AUG25,1977,
1473735,"Buddha Jensen, Liva",DEN,F,,,,1533,0,40,AUG25,2009,wi
1463853,"Bunch, Casper Folkmann",DEN,M,,,,1901,0,20,AUG25,2003,
1468260,"Burgaard, Kristian Gade",DEN,M,,,,1971,0,40,AUG25,2007,i
1449761,"Buttenschon, Frederik",DEN,M,,,,1760,0,20,AUG25,2003,i
1442848,"Carlsen, Renny Staehr",DEN,M,,,,1839,0,40,AUG25,1968,
1404180,"Carstensen, Jacob",DEN,M,IM,,,2324,0,20,AUG25,1977,i
2900440,"Chatalbashev, Boris",DEN,M,GM,,,2493,0,10,AUG25,1974,i
1453220,"Chiritoiu, Stefan-Adrian",DEN,M,,,,1752,0,20,AUG25,1989,i
1415921,"Christensen, Anders",DEN,M,,NA,,1914,0,20,AUG25,1944,
1473590,"Christensen, Axel Emil",DEN,M,,,,1776,0,20,AUG25,1950,i
1420437,"Christensen, Benjamin",DEN,M,,,,2051,0,20,AUG25,1992,
1429949,"Christensen, Benny",DEN,M,,,,1806,0,20,AUG25,1966,i
1402412,"Christensen, Bo Garner",DEN,M,,,,2193,0,20,AUG25,1964,i
1402307,"Christensen, Esben",DEN,M,,,,2043,0,20,AUG25,1970,
1412558,"Christensen, Hans Ulrich",DEN,M,,,,2005,0,20,AUG25,1980,
1400916,"Christensen, Jan Schleicher",DEN,M,,,,2222,0,20,AUG25,1962,i
1408402,"Christensen, Janus",DEN,M,CM,,,2167,0,20,AUG25,1979,
1453947,"Christensen, John Christopher Hojstrup",DEN,M,,,,1853,0,40,AUG25,2008,i
1415964,"Christensen, Jorn Hviid",DEN,M,,,,1987,0,20,AUG25,1981,i
1424840,"Christensen, Lars",DEN,M,,,,1777,0,20,AUG25,1955,
1402056,"Christensen, Lasse",DEN,M,,,,2161,0,20,AUG25,1966,
1463667,"Christensen, Michael",DEN,M,,,,1908,0,20,AUG25,1968,i
1446851,"Christensen, Michael Leon",DEN,M,,,,1832,0,20,AUG25,1989,
1427229,"Christensen, Soren",DEN,M,,,,2014,0,20,AUG25,1994,
1413449,"Christensen, Soren Graugaard",DEN,M,,,,1765,0,20,AUG25,1965,i
1402064,"Christensen, Steen Farup",DEN,M,,,,1957,0,20,AUG25,1964,
1405616,"Christensen, Svend Ellegaard",DEN,M,,,,2239,0,20,AUG25,1966,i
1407635,"Christensen, Thomas",DEN,M,CM,,,2113,0,20,AUG25,1976,
1418505,"Christensen, Thomas Sandbeck",DEN,M,,,,1953,0,20,AUG25,1981,
1476246,"Christensen, Thorbjorn Erik Koppe",DEN,M,,,,1597,0,20,AUG25,1994,i
1403958,"Christensen, Thorsten",DEN,M,,,,1835,0,20,AUG25,1943,i
1400673,"Christensen, Tobias",DEN,M,IM,,,2341,0,20,AUG25,1971,i
1416006,"Christensen, Verner",DEN,M,,,,1833,0,20,AUG25,1952,
1402013,"Christiansen, Arne",DEN,M,,,,1997,0,20,AUG25,1953,
1473743,"Christiansen, Lee Yu",DEN,M,,,,1505,0,40,AUG25,2010,
1442902,"Christoffersen, Lau",DEN,M,,,,1854,0,40,AUG25,1998,i
1454021,"Christoffersen, Micki Aron",DEN,M,,,,1641,0,20,AUG25,2003,i
1413619,"Christophersen, David",DEN,M,,,,1913,0,20,AUG25,1972,
1416049,"Clausen, Tommy",DEN,M,,,,1978,0,20,AUG25,1982,i
1404644,"Cordes, Steffen",DEN,M,,,,1969,0,20,AUG25,1955,
1462636,"Cort Maleeva Hansen, Andreas Philip",DEN,M,,,,1710,0,40,AUG25,2009,i
1462644,"Cort Maleeva Hansen, Daniel Alexander",DEN,M,,,,1467,0,40,AUG25,2007,i
1418521,"Dagilis, Sigitas",DEN,M,,,,1791,0,20,AUG25,1969,i
1411969,"Dahl, Christian",DEN,M,,,,2005,0,20,AUG25,1958,
1407384,"Dalberg, Preben",DEN,M,,,,2037,0,20,AUG25,1951,i
1466895,"Dalgaard, Mads",DEN,M,,,,1611,0,20,AUG25,1967,
1483625,"Dam Guignet, Louis",DEN,M,,,,1694,0,40,AUG25,1998,i
1409204,"Damborg, Benny Falck",DEN,M,,,,1943,0,20,AUG25,1940,
1425013,"Damm, Henrik",DEN,M,,,,1767,0,20,AUG25,1954,
1405047,"Damm, Kasper Wilken",DEN,M,,NA,,2166,0,20,AUG25,1977,
1481959,"Danborg, Mathias Brandt",DEN,M,,,,1540,0,40,AUG25,2009,i
1483927,"Danborg-Frederiksen, August",DEN,M,,,,1651,0,40,AUG25,2009,i
1405969,"Davidsen, Niels Chr.",DEN,M,,,,1974,0,20,AUG25,1952,i
1418530,"Demidova, Svetlana Anatoljevna",DEN,F,,,,1895,0,40,AUG25,1966,w
1469290,"Derlich, Sarah Sima",DEN,F,WCM,WCM,,1830,0,40,AUG25,2010,w
1485326,"Deshpande, Atharva",DEN,M,,,,1613,0,40,AUG25,2010,
1436856,"Diderichsen, Emil",DEN,M,,,,1833,0,20,AUG25,1983,i
1413201,"Dithlevsen, Birgit",DEN,F,,,,1650,0,20,AUG25,1963,wi
1481991,"Djurhuus, Petur",DEN,M,,,,1591,0,40,AUG25,1963,
1420593,"Dreisler, Morten",DEN,M,,,,1980,0,40,AUG25,1970,
1465465,"Dudnyk, Oleg",DEN,M,,,,1677,0,20,AUG25,1980,i
1451324,"Durrfeld, Sofie Bech",DEN,F,WFM,WFM,,1859,0,20,AUG25,1995,w
1412906,"Dybdahl, Frank",DEN,M,,,,1853,0,20,AUG25,1962,i
1410938,"Dyrgaard, Kristoffer",DEN,M,FM,,,2262,0,20,AUG25,1987,i
1448552,"Easwaralingam, Adesh",DEN,M,,,,2222,0,20,AUG25,2003,i
1448560,"Easwaralingam, Janith",DEN,M,,,,1822,0,20,AUG25,2001,i
1405608,"Eddy, Samuel",DEN,M,,,,2057,0,20,AUG25,1974,i
1423320,"Egholm, Leif",DEN,M,,,,1818,0,20,AUG25,1951,i
1404741,"Ehlers, Kjeld",DEN,M,,,,1753,0,20,AUG25,1937,i
1457292,"Ehrenreich, Simon",DEN,M,,,,1929,0,40,AUG25,2005,i
1411225,"Eiholt, Bjarne",DEN,M,,,,1767,0,20,AUG25,1948,i
1486829,"Eilertsen, Filip Kingo",DEN,M,,,,1854,0,40,AUG25,2003,
1480820,"Elcer, Spencer Skoubo",DEN,M,,,,1517,0,40,AUG25,2014,
1453700,"Eldor, Finn",DEN,M,,,,1634,0,20,AUG25,1949,i
1461117,"Eliasen, Rune",DEN,M,,,,1807,0,20,AUG25,1976,i
1451685,"Ellemand, Svante Juul",DEN,M,,,,1753,0,20,AUG25,2003,i
1442198,"Ellingsgaard, Brandur",DEN,M,,,,1477,0,20,AUG25,1974,
1480707,"Elnegaard , Tristan Lund",DEN,M,,,,AFM,1769,0,AUG25,2015,
1429418,"Elzubeir, Omar",DEN,M,,,,1771,0,20,AUG25,1946,i
1420658,"Engsig-Karup, Mogens",DEN,M,,,,1721,0,20,AUG25,1947,i
1410512,"Engstrom, John",DEN,M,,,,1873,0,20,AUG25,1963,
1474804,"Eriksen, Oscar Weiss",DEN,M,,,,1963,0,40,AUG25,2001,
1412159,"Eriksson, Christian Altenburg",DEN,M,,,,2138,0,20,AUG25,1972,
1473573,"Eriksson, Rune",DEN,M,,,,2035,0,40,AUG25,1961,i
1402536,"Erlandsen, Carsten",DEN,M,,,,2058,0,20,AUG25,1967,i
1412167,"Ertbjerg, Per",DEN,M,,,,1954,0,20,AUG25,1962,
1412590,"Fabrin, Morten",DEN,M,,,,1965,0,20,AUG25,1951,
1400126,"Fedder, Steen",DEN,M,IM,,,2311,0,20,AUG25,1951,
1413678,"Fejo, Jens",DEN,M,,,,1914,0,20,AUG25,1942,i
1445642,"Feldung, Arne",DEN,M,,,,1603,0,20,AUG25,1952,i
1483811,"Fibiger, Samuel",DEN,M,,,,1739,0,40,AUG25,2008,
1483820,"Fibiger, Theodor",DEN,M,,,,1771,0,40,AUG25,2009,
1480057,"Fiori, Jean-Robert",DEN,M,,,,1622,0,40,AUG25,1965,
1418580,"Fjordside, Arne Dan",DEN,M,,,,1865,0,20,AUG25,1949,
1473301,"Fluck, Oliver",DEN,M,,,,1670,0,20,AUG25,1976,
1409476,"Fogh, Jens Olaf Svanholm",DEN,M,,,,2112,0,20,AUG25,1989,i
1420704,"Fogh, Torben",DEN,M,,,,1623,0,20,AUG25,1952,i
1403230,"Foli, Karsten",DEN,M,,,,1885,0,20,AUG25,1956,
1413732,"Foslund, Peter",DEN,M,,,,1766,0,20,AUG25,1947,i
1413937,"Frahm, Peter",DEN,M,,,,1810,0,20,AUG25,1946,i
1451502,"Frambol, Christian Emil",DEN,M,,,,1914,0,20,AUG25,2002,i
1401017,"Frandsen, Egon",DEN,M,,,,1807,0,20,AUG25,1946,
1428969,"Frank, Jorgen",DEN,M,,,,1779,0,20,AUG25,1963,i
1409344,"Frank-Nielsen, Marie",DEN,F,WFM,WFM,,1995,0,20,AUG25,1986,wi
1471414,"Frausing, Sofus",DEN,M,,,,1635,0,40,AUG25,2004,
1404113,"Fredericia, Louise",DEN,F,WFM,WFM,,1966,0,20,AUG25,1970,w
1404822,"Frederiksen, Jens",DEN,M,,,,1840,0,20,AUG25,1949,i
1468006,"Frederiksen, Nicolaj Dahl",DEN,M,,,,1635,0,20,AUG25,1999,i
1400142,"Fries-Nielsen, Jens Ove",DEN,M,IM,,,2396,0,10,AUG25,1960,
1400320,"Fries-Nielsen, Niels Jorgen",DEN,M,FM,,,2307,0,20,AUG25,1958,i
1473239,"Frydendahl, Noah Skotte",DEN,M,,,,1813,0,40,AUG25,2010,
1428004,"Furrer, Christian",DEN,M,,,,2147,0,20,AUG25,1994,i
1416103,"Furrer, Heinz",DEN,M,,,,1939,0,20,AUG25,1952,i
1467085,"Gabrielsen, Oliver",DEN,M,,,,1693,0,20,AUG25,2002,i
1416111,"Gade, Jens",DEN,M,,,,1701,0,20,AUG25,1942,i
1442538,"Gammelgaard, Jorgen",DEN,M,,,,1831,0,20,AUG25,1963,i
1470337,"Gehrig, Bruno",DEN,M,,,,1823,0,20,AUG25,1966,i
1413783,"Ginderskov, Henrik",DEN,M,,,,1930,0,20,AUG25,1965,i
1484419,"Gleie, Soren",DEN,M,,,,1882,0,40,AUG25,1982,
1416146,"Glibstrup, Jakob",DEN,M,,,,1973,0,20,AUG25,1992,i
1407767,"Glud, Jakob Vang",DEN,M,GM,,,2521,0,10,AUG25,1988,i
1428357,"Gottschalck, Christian",DEN,M,,,,1820,0,20,AUG25,1955,i
1436627,"Graabaek, Sebastian",DEN,M,,,,1802,0,20,AUG25,1994,i
1400630,"Grabow, Pouelsten Holm",DEN,M,,,,2043,0,20,AUG25,1947,i
1441493,"Grafmoller, Torben",DEN,M,,,,1905,0,20,AUG25,1955,i
1438743,"Gram, Mathias Laerkegaard",DEN,M,,,,1851,0,20,AUG25,1988,i
1406043,"Grau, Peter",DEN,M,,,,2010,0,20,AUG25,1974,i
1447300,"Graves, Jacob",DEN,M,,,,1747,0,20,AUG25,2003,i
1410490,"Graves, Peter",DEN,M,,NA,,2111,0,20,AUG25,1969,i
1451707,"Gregersen, Torben",DEN,M,,,,1741,0,20,AUG25,1965,
1423401,"Gregor, Bjarke",DEN,M,,,,2082,0,20,AUG25,1992,
1439553,"Grigulis, Janis",DEN,M,,,,AIM,1750,0,AUG25,1988,
1480936,"Gronbech Willumsen, Kalle",DEN,M,,,,1602,0,40,AUG25,2003,
1404245,"Gronhoj, Benny",DEN,M,,,,1972,0,20,AUG25,1956,
1460625,"Gronhoj, Patrick",DEN,M,,,,1631,0,20,AUG25,2005,
1479040,"Grove, Anders",DEN,M,,,,1564,0,40,AUG25,2010,i
1445880,"Grue, Vibeke",DEN,F,,,,1506,0,20,AUG25,1968,wi
1401637,"Guindy, Esmat Susanne",DEN,F,WFM,WFM,,2066,0,20,AUG25,1972,w
1425200,"Guldborg, Bent",DEN,M,,,,1848,0,20,AUG25,1948,i
1484613,"Gundelach, Bjorn",DEN,M,,,,1577,0,40,AUG25,2011,
1470515,"Haarh, Simon Bjork",DEN,M,CM,,,1947,0,20,AUG25,2003,i
1420780,"Haarup, Anders",DEN,M,,,,1770,0,20,AUG25,1963,
1406930,"Haarup, Peter",DEN,M,,,,2023,0,20,AUG25,1955,
1407341,"Hagen, Andreas Skytte",DEN,M,IM,,,2349,0,10,AUG25,1981,
1416154,"Hagstrom, Birger",DEN,M,,,,1766,0,20,AUG25,1949,
1425234,"Hagstrom, Steen",DEN,M,,,,1760,0,20,AUG25,1951,
1451278,"Halberg, Jesper",DEN,M,,,,1837,0,20,AUG25,1975,i
1464981,"Hald Falkesgaard, Jeppe",DEN,M,FM,,,2248,0,40,AUG25,2008,
1464701,"Halldorsson, Tobias Kjar",DEN,M,,,,1795,0,20,AUG25,1993,i
1402838,"Hamborg, Leif",DEN,M,,NA,,1867,0,20,AUG25,1963,i
1413805,"Hammershoj, Thor",DEN,M,,,,2045,0,20,AUG25,1990,i
1461699,"Hansen Eliasen, Bogi",DEN,M,,,,1888,0,20,AUG25,1991,
1412213,"Hansen, Aksel",DEN,M,,,,1797,0,20,AUG25,1954,
1402455,"Hansen, Anders Bork",DEN,M,,,,2019,0,20,AUG25,1968,i
1472100,"Hansen, Annette Christina",DEN,F,,,,1597,0,20,AUG25,1972,wi
1485997,"Hansen, Carl Emil Falbe",DEN,M,,,,1791,0,40,AUG25,1958,
1471511,"Hansen, Claus Ago",DEN,M,,,,1806,0,20,AUG25,1963,
1400010,"Hansen, Curt",DEN,M,GM,,,2596,0,10,AUG25,1964,i
1486101,"Hansen, Daniel Hoppe",DEN,M,,,,1872,0,20,AUG25,1999,
1413503,"Hansen, Erik",DEN,M,,,,1831,0,20,AUG25,1956,
1413961,"Hansen, Erik Friberg",DEN,M,,,,1717,0,20,AUG25,1943,i
1410946,"Hansen, Erik Hedegaard",DEN,M,,,,1799,0,20,AUG25,1950,
1416170,"Hansen, Erik Olsgaard",DEN,M,,,,1959,0,20,AUG25,1975,
1414135,"Hansen, Frank Rene",DEN,M,,,,1776,0,20,AUG25,1961,i
1432729,"Hansen, Fritz",DEN,M,,,,1562,0,20,AUG25,1950,i
1425242,"Hansen, Hardy",DEN,M,,,,1670,0,20,AUG25,1940,
1409735,"Hansen, Henrik Damgaard",DEN,M,,,,1857,0,20,AUG25,1964,i
1435868,"Hansen, Jakob",DEN,M,,,,2002,0,20,AUG25,1962,
1436198,"Hansen, Jan",DEN,M,,,,1762,0,20,AUG25,1949,i
1418688,"Hansen, Jens Bo",DEN,M,,,,2121,0,20,AUG25,1967,
1437640,"Hansen, Jeppe",DEN,M,,,,1793,0,20,AUG25,1973,
1486446,"Hansen, Johan Tharben",DEN,M,,,,1614,0,40,AUG25,2011,
1469827,"Hansen, John",DEN,M,,,,2001,0,20,AUG25,1959,
1504940,"Hansen, John Laurids",DEN,M,,NA,,1928,0,20,AUG25,1967,i
1427377,"Hansen, Jorgen",DEN,M,,NA,,1720,0,20,AUG25,1956,
1444859,"Hansen, Joshua Kehlet",DEN,M,,,,1801,0,20,AUG25,2002,
1436210,"Hansen, Kell",DEN,M,,,,1627,0,20,AUG25,1947,i
1402528,"Hansen, Lars",DEN,M,,,,2174,0,20,AUG25,1970,
1420909,"Hansen, Leif Moller",DEN,M,,,,1751,0,20,AUG25,1943,i
1401610,"Hansen, Mads",DEN,M,IM,,,2380,0,10,AUG25,1993,i
1443089,"Hansen, Mads",DEN,M,,,,1690,0,20,AUG25,1999,
1400258,"Hansen, Mads Smith",DEN,M,,,,2348,0,20,AUG25,1969,i
1408429,"Hansen, Martin Holmegaard",DEN,M,,,,1942,0,20,AUG25,1971,i
1416219,"Hansen, Mikkel",DEN,M,,,,1899,0,20,AUG25,1982,
1408437,"Hansen, Morten Lyck",DEN,M,,,,1922,0,20,AUG25,1967,
1482823,"Hansen, Noah Fuglsang",DEN,M,,,,1505,0,40,AUG25,2010,
1460870,"Hansen, Ole Bjerregaard",DEN,M,,,,1782,0,20,AUG25,1957,i
1410717,"Hansen, Ove Frank",DEN,M,,,,1948,0,20,AUG25,1957,
1472801,"Hansen, Patrick Noumedem",DEN,M,,,,1539,0,40,AUG25,2013,i
1407520,"Hansen, Per",DEN,M,,,,2048,0,20,AUG25,1954,i
1434713,"Hansen, Rudy Neergaard",DEN,M,,,,1552,0,20,AUG25,1945,
1479938,"Hansen, Salik",DEN,M,,,,1580,0,40,AUG25,2009,
1446894,"Hansen, Simon L.",DEN,M,,,,1884,0,20,AUG25,2000,i
1400266,"Hansen, Sune Berg",DEN,M,GM,,,2553,0,10,AUG25,1971,
1447190,"Hansen, Tommy",DEN,M,,NA,,1722,0,20,AUG25,1974,
1480545,"Hansen, Tor Birk",DEN,M,,,,1578,0,40,AUG25,2009,i
1402374,"Hansen, Torben",DEN,M,,,,1834,0,20,AUG25,1938,i
1440489,"Hardlei, Johan",DEN,M,,,,2002,0,20,AUG25,2000,i
1403753,"Harholm, Jes Uffe",DEN,M,,,,2183,0,20,AUG25,1966,
1414267,"Hartman, Zygmunt",DEN,M,,,,1745,0,20,AUG25,1948,i
1400690,"Hartung-Nielsen, Jens",DEN,M,,,,2154,0,20,AUG25,1952,i
1462121,"Hasanzadeh, Ali",DEN,M,,,,1942,0,20,AUG25,1976,i
1414291,"Haubro, Martin",DEN,M,IM,NA,,2385,0,20,AUG25,1994,i
1414330,"Haugaard, Thomas",DEN,M,,,,1824,0,20,AUG25,1950,i
1476688,"Hedegaard, Magnus",DEN,M,,,,1529,0,20,AUG25,1999,i
1402870,"Hein, Jacob",DEN,M,,,,1684,0,20,AUG25,1959,i
1409506,"Hemdorff, Dennis",DEN,M,,,,2049,0,20,AUG25,1979,i
1468464,"Hempler, Poul",DEN,M,,,,1963,0,20,AUG25,2002,
1425315,"Henningsen, Lasse",DEN,M,,,,1886,0,20,AUG25,1973,
1414399,"Henriksen, Bjarne Meldgaard",DEN,M,,,,1858,0,20,AUG25,1952,
1473697,"Henriksen, Niels Sewerin",DEN,M,,,,1517,0,20,AUG25,1967,i
1429000,"Hermansen, Flemming",DEN,M,,,,1793,0,20,AUG25,1949,i
1485334,"Hjort, Christopher Hans",DEN,M,,,,1692,0,40,AUG25,1984,
1436678,"Hjort, Helge",DEN,M,,,,1894,0,20,AUG25,1944,i
1445537,"Hjorth, Erik",DEN,M,,,,1688,0,20,AUG25,1949,i
1467328,"Hoffmann, Finn",DEN,M,,,,1576,0,20,AUG25,1954,
1408569,"Hoffmann, Tobias",DEN,M,,,,2064,0,20,AUG25,1976,i
1400100,"Hoi, Carsten",DEN,M,GM,,,2349,0,20,AUG25,1957,
1400720,"Hoiberg, Nina",DEN,F,WIM,WIM,,2172,0,20,AUG25,1956,w
1406817,"Hollesen, Kurt",DEN,M,,,,2006,0,20,AUG25,1955,
1444824,"Holm, Filip",DEN,M,,,,AFM,1908,0,AUG25,2002,i
1425340,"Holm, Henrik",DEN,M,,,,1898,0,20,AUG25,1966,i
1400452,"Holmsgaard, Henrik",DEN,M,,,,2230,0,20,AUG25,1962,i
1400347,"Holst, Allan",DEN,M,FM,,,2311,0,10,AUG25,1972,
1435396,"Holst, Lasse",DEN,M,,,,1909,0,20,AUG25,1988,i
1405411,"Holst, Per",DEN,M,,,,2093,0,20,AUG25,1950,i
1408089,"Holst, Peter Stein",DEN,M,,NA,,1932,0,20,AUG25,1963,i
1421042,"Horslund, Mikael",DEN,M,,,,1784,0,20,AUG25,1962,
1458582,"Hosseini Nasrabadi, Farhad",DEN,M,,,,1542,0,20,AUG25,1981,i
1429019,"Hougaard, Rene",DEN,M,,,,1665,0,20,AUG25,1991,i
1401505,"Hove, Esben Kjems",DEN,M,FM,,,2268,0,20,AUG25,1966,
1416316,"Hoyer, Jacob",DEN,M,,,,2182,0,20,AUG25,1970,
1408135,"Hundeboll, Flemming",DEN,M,,,,2181,0,20,AUG25,1958,i
1403303,"Husted, Peter",DEN,M,,,,2073,0,20,AUG25,1954,
1416324,"Husum, Lars",DEN,M,,,,1897,0,20,AUG25,1960,i
1438310,"Huus, Sune",DEN,M,,,,1869,0,20,AUG25,1994,i
1400649,"Hvenekilde, Jorgen",DEN,M,FM,,,2032,0,20,AUG25,1935,i
1425374,"Hviid, Hans Henrik",DEN,M,,,,1544,0,20,AUG25,1948,i
1461990,"Ingemann, Sune Bang",DEN,M,,,,1714,0,20,AUG25,1995,i
1482173,"Ingvaldsen, Christian",DEN,M,,,,1468,0,40,AUG25,2006,
1461613,"Iskos, Lukas",DEN,M,,,,1981,0,20,AUG25,2006,i
1465473,"Ivashkin, Dmitrii",DEN,M,,,,1705,0,20,AUG25,1981,i
1428446,"Iversen, Flemming Pagh",DEN,M,,,,1863,0,20,AUG25,1957,i
1478605,"Iversen, Tobias",DEN,M,,,,1774,0,40,AUG25,2005,i
1462440,"Jacobsen, Elias Roed Gundorf",DEN,M,,,,1852,0,40,AUG25,2006,i
1406841,"Jacobsen, Hans Endrup",DEN,M,,,,1997,0,20,AUG25,1952,i
1461044,"Jacobsen, Jonathan Roed Gundorf",DEN,M,,,,1925,0,20,AUG25,2004,i
1421069,"Jacobsen, Knud Mogens",DEN,M,,,,1719,0,20,AUG25,1938,i
1467220,"Jacobsen, Linus Roed Gundorf",DEN,M,,,,1645,0,40,AUG25,2008,i
1444514,"Jacobsen, Mikkel Manosri",DEN,M,FM,,,2271,0,20,AUG25,1999,
1439332,"Jacobsen, Per Lykke",DEN,M,,,,1916,0,20,AUG25,1968,
1425382,"Jacobsen, Troels",DEN,M,,,,1672,0,20,AUG25,1949,
1450964,"Jahic, Afan",DEN,M,,,,1680,0,20,AUG25,2001,i
1441680,"Jakobcic, Oliver",DEN,M,,,,1850,0,20,AUG25,1973,
1428160,"Jakobsen, Henning",DEN,M,,,,1563,0,20,AUG25,1945,i
1404237,"Jakobsen, Michael",DEN,M,,,,2034,0,20,AUG25,1968,
1448820,"Jakobsen, Niels Nybo",DEN,M,,,,2095,0,40,AUG25,1956,i
1401440,"Jakobsen, Peter",DEN,M,FM,,,2183,0,20,AUG25,1966,
1462296,"Jakobsen, Shanne Hedegaard",DEN,F,,,,1597,0,20,AUG25,2002,wi
1462954,"Jakobsen, Tobias",DEN,M,,,,1818,0,20,AUG25,1989,i
1401084,"Jaksland, Tim",DEN,M,FM,,,2186,0,20,AUG25,1967,
1471759,"Jalving, August",DEN,M,FM,,,2097,0,40,AUG25,2012,
1421093,"Jansen, Jesper Billeskov",DEN,M,,,,1938,0,20,AUG25,1977,i
1454188,"Jaques, Hannibal Valeur",DEN,M,,,,AIM,1875,0,AUG25,2005,i
1414623,"Jarlnaes, Erik",DEN,M,,NA,,1981,0,20,AUG25,1944,i
1463896,"Jarlskov, Daniel Tuk Hartso",DEN,M,,,,1953,0,20,AUG25,2006,
1437305,"Jarulf, Birger",DEN,M,,,,1850,0,20,AUG25,1943,i
1473247,"Jelle, Bertram Arentoft",DEN,M,,,,1574,0,40,AUG25,2010,i
1449834,"Jensen, Anna Hedelykke",DEN,F,,,,1858,0,20,AUG25,2001,wi
1459600,"Jensen, Bertil Friis",DEN,M,,,,1781,0,40,AUG25,2006,i
1403702,"Jensen, Bjarke",DEN,M,FM,,,2297,0,20,AUG25,1979,i
1404229,"Jensen, Bjarne Rud",DEN,M,,,,1667,0,20,AUG25,1947,i
1462733,"Jensen, Christian Skov",DEN,M,,,,1970,0,40,AUG25,1985,
1428586,"Jensen, Ernst Lund",DEN,M,,,,1830,0,20,AUG25,1947,i
1412515,"Jensen, Henrik Sandberg",DEN,M,,,,2033,0,20,AUG25,1971,
1407015,"Jensen, Henrik Tranberg",DEN,M,,,,2017,0,20,AUG25,1957,
1403320,"Jensen, Henrik W.",DEN,M,,,,1986,0,20,AUG25,1950,
1401513,"Jensen, Jakob Bjerre",DEN,M,,,,2175,0,20,AUG25,1970,i
1457942,"Jensen, Johannes Frank",DEN,M,,,,1804,0,40,AUG25,2007,
1460277,"Jensen, Johnny",DEN,M,,,,1837,0,20,AUG25,1958,i
1411438,"Jensen, Johnny",DEN,M,,,,1891,0,20,AUG25,1971,i
1435914,"Jensen, Jonbert M. S.",DEN,M,,,,1704,0,20,AUG25,1954,i
1408763,"Jensen, Kim Roper",DEN,M,,,,2069,0,20,AUG25,1974,i
1471317,"Jensen, Kim Schougaard",DEN,M,,,,1871,0,20,AUG25,1969,
1468227,"Jensen, Kurt",DEN,M,,,,1705,0,20,AUG25,1952,
1453378,"Jensen, Lars",DEN,M,,,,1767,0,20,AUG25,1970,i
1468952,"Jensen, Lars Hinge",DEN,M,,,,1501,0,20,AUG25,1988,
1407953,"Jensen, Lars Munk",DEN,M,,,,2103,0,20,AUG25,1968,
1419609,"Jensen, Leif Norholm",DEN,M,,,,1865,0,20,AUG25,1947,i
1447025,"Jensen, Michael",DEN,M,,,,1756,0,20,AUG25,1960,i
1407325,"Jensen, Morten Frank",DEN,M,,,,1922,0,20,AUG25,1967,
1423665,"Jensen, Preben",DEN,M,,,,1665,0,20,AUG25,1944,
1408372,"Jensen, Soren Holm",DEN,M,,,,1938,0,20,AUG25,1947,i
1423673,"Jensen, Steen Dahlgaard",DEN,M,,,,1987,0,20,AUG25,1974,
1405349,"Jensen, Thore Nyboe",DEN,M,,NA,,1963,0,20,AUG25,1961,
1420038,"Jensen, Tom B.",DEN,M,,,,1741,0,20,AUG25,1958,i
1441094,"Jepsen, Christian Matico",DEN,M,,,,1906,0,20,AUG25,1997,
1403273,"Jepsen, Thomas Stausholm",DEN,M,,,,2104,0,20,AUG25,1959,
1437917,"Jessen, Alexander",DEN,M,,,,2040,0,20,AUG25,1995,i
1423681,"Jessen, Claus Qvist",DEN,M,,,,1926,0,20,AUG25,1960,i
1441620,"Jessen, John",DEN,M,,NA,,1821,0,20,AUG25,1962,i
1406167,"Jessen, Simon Pind",DEN,M,,,,2013,0,20,AUG25,1978,
1425595,"Johansen, Lars K.",DEN,M,,,,1790,0,20,AUG25,1962,
1401289,"Johansen, Torben Ostergren",DEN,M,,,,2132,0,20,AUG25,1969,i
1481673,"Johansson, Elias Fiordaliso",DEN,M,,,,1627,0,40,AUG25,2009,i
1485059,"Jokumsen, Karsten",DEN,M,,,,1627,0,40,AUG25,1965,
1406680,"Jorgensen, Arne Bjorn",DEN,M,,,,1980,0,20,AUG25,1949,i
1483153,"Jorgensen, August Ronbak",DEN,M,,,,1574,0,40,AUG25,2014,
1408380,"Jorgensen, Dennis",DEN,M,,,,2148,0,20,AUG25,1971,
1405438,"Jorgensen, Henrik Stockflet",DEN,M,,,,1898,0,20,AUG25,1959,
1473115,"Jorgensen, Jan",DEN,M,,,,1798,0,20,AUG25,1958,
1402820,"Jorgensen, Jorgen",DEN,M,FM,,,2079,0,20,AUG25,1945,
1416502,"Jorgensen, Kasper Moller",DEN,M,,,,2047,0,20,AUG25,1985,
1413368,"Jorgensen, Orla Eilegaard",DEN,M,,,,1714,0,20,AUG25,1954,i
1440276,"Jorgensen, Palle Halkier",DEN,M,,NA,,1872,0,20,AUG25,1975,i
1400460,"Jorgensen, Per Henrik Dorff",DEN,M,,,,2201,0,20,AUG25,1963,i
1419900,"Jorgensen, Rasmus",DEN,M,,,,2059,0,20,AUG25,1981,i
1481290,"Joudeikis, Lukas",DEN,M,,,,1572,0,40,AUG25,2000,i
1476173,"Justesen, Asger",DEN,M,,,,1863,0,20,AUG25,2000,
1480847,"Justesen, Jan",DEN,M,,,,1660,0,40,AUG25,1971,
1401580,"Juul, Kristian Vinter",DEN,M,,,,2152,0,20,AUG25,1968,i
1476831,"Juulsen, Elias Tipsmark",DEN,M,,,,1697,0,40,AUG25,2007,i
1434195,"Kaergaard, Sissel",DEN,F,,,,1801,0,20,AUG25,1988,w
1444972,"Kakulidis, Ellen",DEN,F,WFM,WFM,,1900,0,20,AUG25,1997,w
1414852,"Kallenbach, Olav",DEN,M,,,,1865,0,20,AUG25,1959,i
1449044,"Kallesen, Jesper",DEN,M,,,,1818,0,20,AUG25,1988,
1477196,"Kamal, Yogasimman",DEN,M,,,,1664,0,40,AUG25,2012,
1462113,"Kang, Hwam Kuk",DEN,M,,,,1993,0,20,AUG25,1985,i
1472488,"Kapitonov, Alexander",DEN,M,,,,1958,0,20,AUG25,1984,i
1412779,"Kazic, Ahmed",DEN,M,,,,1803,0,20,AUG25,1939,i
1414887,"Keinicke, Mads",DEN,M,,,,1959,0,20,AUG25,1974,i
1467980,"Kejser, Thor",DEN,M,,,,1697,0,20,AUG25,1999,i
1473255,"Khandelia, Atharva",DEN,M,,,,1693,0,40,AUG25,2011,
1437321,"Kholghi, Manouchehr",DEN,M,,,,1674,0,20,AUG25,1942,i
1418890,"Kibsgaard, Kurt",DEN,M,,,,1612,0,20,AUG25,1964,i
1467484,"Kiirdal, Christian",DEN,M,,,,1672,0,20,AUG25,1980,i
1427830,"Kinch, Andreas",DEN,M,,,,1820,0,20,AUG25,1967,
1473379,"Kingso, Egon",DEN,M,,,,1440,0,20,AUG25,1962,i
1414917,"Kirkebaekke, Mark",DEN,M,,,,1902,0,20,AUG25,1990,i
1434756,"Kirknel, Thomas",DEN,M,,,,2012,0,20,AUG25,1966,i
1444816,"Kistrup, Nicolai",DEN,M,IM,,,2219,0,20,AUG25,2002,
1423762,"Kjaer, Morten",DEN,M,,,,1626,0,20,AUG25,1991,i
1423770,"Kjaer, Thomas",DEN,M,,,,1880,0,20,AUG25,1963,i
1473263,"Kjeldsen, Johannes Juel",DEN,M,,,,1675,0,40,AUG25,2010,
1416596,"Klifoth, Kurt",DEN,M,,,,2145,0,20,AUG25,1962,i
1485466,"Klinkby, Soren",DEN,M,,,,1722,0,40,AUG25,1968,
1414941,"Klitgaard, Ebbe",DEN,M,,,,1939,0,20,AUG25,1961,i
1408267,"Klitgaard, Thomas",DEN,M,,,,2227,0,20,AUG25,1982,i
1426885,"Knattrup, Jens",DEN,M,,,,1706,0,20,AUG25,1956,i
1485822,"Knudsen, Finn",DEN,M,,,,1681,0,40,AUG25,1971,
1460803,"Knudsen, Jan",DEN,M,,,,1800,0,20,AUG25,1974,i
1405985,"Knudsen, Jes West",DEN,M,,,,1897,0,20,AUG25,1955,i
1410750,"Knudsen, Jesper",DEN,M,,,,2118,0,20,AUG25,1979,i
1425722,"Knudsen, Joachim Holm",DEN,M,,,,1895,0,20,AUG25,1993,
1467000,"Knudsen, Kent Uhre",DEN,M,,,,1492,0,20,AUG25,1967,i
1485350,"Knudsen, Laurits Kongsted",DEN,M,,,,1818,0,40,AUG25,2011,
1406523,"Knudsen, Martin",DEN,M,,,,1999,0,20,AUG25,1977,i
1450573,"Knudsen, Michael Jen",DEN,M,,,,1804,0,20,AUG25,1967,i
1400509,"Knudsen, Per",DEN,M,FM,,,2241,0,20,AUG25,1959,
1467018,"Knudsen, Philip Uhre",DEN,M,,,,1757,0,40,AUG25,2008,i
1478648,"Kobal, Vadim",DEN,M,,,,1954,0,20,AUG25,1999,
1447955,"Koch-Muller, Oscar",DEN,M,,,,AIM,1995,0,AUG25,2004,i
1416618,"Kohler, Peter",DEN,M,,,,1875,0,20,AUG25,1942,i
1445650,"Kokfelt, Thomas Find",DEN,M,,,,1944,0,20,AUG25,1967,
1407155,"Kokholm, Daniel",DEN,M,,,,1916,0,20,AUG25,1966,
1467972,"Kongskov, Andrea",DEN,F,,,,1737,0,40,AUG25,2005,w
1433768,"Kopperberg, Steen",DEN,M,,,,1893,0,20,AUG25,1955,
2033801,"Korley, Kassa",DEN,M,IM,,,2471,0,10,AUG25,1993,i
1481142,"Kortbaek , Magnus",DEN,M,,,,1608,0,40,AUG25,2011,i
1449117,"Krabbenhoft, Soren",DEN,M,,,,1636,0,20,AUG25,1961,
1451006,"Kraemmer, Kischichiro",DEN,M,,,,1753,0,20,AUG25,2004,i
1450999,"Kraemmer, Sanshiro",DEN,M,,,,1686,0,20,AUG25,2002,i
1465503,"Kragh, Torben",DEN,M,,,,1617,0,20,AUG25,1961,i
1423800,"Kristensen, Benny",DEN,M,,NA,,1874,0,20,AUG25,1966,i
1437747,"Kristensen, Bjarke Hautop",DEN,M,,,,2199,0,20,AUG25,2000,i
1412299,"Kristensen, Frank Bitsch",DEN,M,,,,2064,0,20,AUG25,1961,
1423827,"Kristensen, John",DEN,M,,,,1948,0,20,AUG25,1963,
1400940,"Kristensen, Kaare Hove",DEN,M,IM,,,2256,0,20,AUG25,1965,
1415026,"Kristensen, Ole Fjeldgaard",DEN,M,,,,1882,0,20,AUG25,1969,i
1436341,"Kristensen, Peter",DEN,M,,,,2044,0,20,AUG25,1994,i
1419803,"Kristensen, Thomas Overgaard",DEN,M,,NA,,1714,0,20,AUG25,1972,
1400061,"Kristiansen, Jens",DEN,M,GM,,,2434,0,10,AUG25,1952,i
1470760,"Kristiansen, Mads Dam",DEN,M,,,,1481,0,20,AUG25,1997,
1407023,"Krogh, Peter Ove",DEN,M,,,,1912,0,20,AUG25,1939,i
1404695,"Kryger, Oksana",DEN,F,WIM,WIM,,2077,0,20,AUG25,1982,w
1479768,"Krykov, Vasil",DEN,M,,,,1943,0,20,AUG25,1955,
1442015,"Kuhn, Morten",DEN,M,,,,1924,0,20,AUG25,1972,i
1470540,"Kusak, Slavomir Stanislaw",DEN,M,,,,1893,0,20,AUG25,1983,i
1452738,"Ladegaard, Sebastian",DEN,M,,,,1784,0,20,AUG25,2003,i
1403761,"Ladegaard, Soren",DEN,M,,,,2127,0,20,AUG25,1968,i
1474731,"Lambreth, Ronni",DEN,M,,,,1756,0,40,AUG25,2005,
1433695,"Lane, Hakan",DEN,M,,,,1965,0,20,AUG25,1975,i
1425781,"Langer, Peter",DEN,M,,,,1727,0,20,AUG25,1952,i
1416669,"Larsen, Alex",DEN,M,,,,1644,0,20,AUG25,1942,i
1411357,"Larsen, Arne Walther",DEN,M,,,,1872,0,20,AUG25,1947,i
1418939,"Larsen, Finn",DEN,M,,,,1820,0,20,AUG25,1944,
1409727,"Larsen, Finn",DEN,M,,,,1827,0,20,AUG25,1950,i
1404628,"Larsen, Flemming Bo",DEN,M,FM,,,2156,0,20,AUG25,1965,
1409557,"Larsen, Hans Haagen",DEN,M,,,,ACM,1801,0,AUG25,1946,
1477552,"Larsen, Jonas Bogh",DEN,M,,,,1642,0,40,AUG25,2013,
1404288,"Larsen, Karsten",DEN,M,FM,,,2169,0,20,AUG25,1967,
1406868,"Larsen, Knud",DEN,M,,,,1758,0,20,AUG25,1947,i
1416707,"Larsen, Lars Moller",DEN,M,,,,1950,0,20,AUG25,1971,i
1402188,"Larsen, Ole",DEN,M,,,,2180,0,20,AUG25,1949,
1467662,"Larsen, Oscar Staun",DEN,M,,,,1676,0,40,AUG25,2006,i
1402862,"Larsen, Peter",DEN,M,,,,2192,0,20,AUG25,1966,
1421611,"Larsen, Peter Bogh",DEN,M,,,,1921,0,20,AUG25,1989,
1425790,"Larsen, Preben R.",DEN,M,,,,1908,0,20,AUG25,1944,i
1462148,"Larsen, Soren Friis",DEN,M,,,,2021,0,20,AUG25,1979,i
1446762,"Larsen, Troels Frolich",DEN,M,,,,1851,0,20,AUG25,1979,i
1441167,"Larsen, Ulrik",DEN,M,,,,2004,0,20,AUG25,1969,i
1487833,"Lassen , Mathias Damsgaard",DEN,M,,,,1886,0,40,AUG25,2008,
1401890,"Lauridsen, Jesper Morch",DEN,M,FM,,,2191,0,20,AUG25,1973,i
1464078,"Lauritsen, Johan",DEN,M,,,,1670,0,20,AUG25,2001,i
1408658,"Lauritsen, Martin Lee",DEN,M,,,,2112,0,20,AUG25,1987,i
1404474,"Lauritsen, Niels",DEN,M,,,,2044,0,20,AUG25,1945,i
1404709,"Laursen, Niels Norskov",DEN,M,FM,,,2220,0,20,AUG25,1977,i
1407554,"Laustsen, Lars",DEN,M,,,,2104,0,20,AUG25,1973,i
1411152,"Lavrsen, Frands Winther",DEN,M,,,,1852,0,20,AUG25,1950,i
1437089,"Le Besq, Alexander",DEN,M,,,,2133,0,20,AUG25,2000,
1480570,"Le, Kevin",DEN,M,,,,1871,0,40,AUG25,2008,
1461206,"Lehd, Rasmus",DEN,M,,,,1791,0,20,AUG25,1998,i
1444379,"Lesner, Joen",DEN,M,,,,1890,0,20,AUG25,1985,i
1472119,"Li, Anna Sofie",DEN,F,,,,1725,0,40,AUG25,2010,w
1479288,"Li, Mike",DEN,M,,,,1943,0,40,AUG25,1987,
1464957,"Li, Nikolaj",DEN,M,,,,1654,0,40,AUG25,2007,i
1401360,"Light, Bjarne",DEN,M,CM,,,2213,0,20,AUG25,1964,
1435965,"Linderod, Lars Erik",DEN,M,,NA,,1970,0,20,AUG25,1959,i
1402510,"Lindfeldt, Jan Magnus",DEN,M,FM,,,2247,0,20,AUG25,1973,
1419820,"Lindgaard, Tobias Simon",DEN,M,,,,1836,0,20,AUG25,1989,
1438417,"Lindhardt, Martin",DEN,M,,,,1781,0,20,AUG25,1985,
1480197,"Lindholm Olesen, Nicholas",DEN,M,,,,1609,0,40,AUG25,2007,
1404490,"Lindholt, Malik",DEN,M,CM,,,2079,0,20,AUG25,1977,
1454153,"Liu, Casper",DEN,M,FM,,,2233,0,20,AUG25,2005,
1427342,"Lodahl, Holger Ronnow",DEN,M,,,,1896,0,20,AUG25,1966,i
1405675,"Lofgren, Claes",DEN,M,,,,2061,0,20,AUG25,1954,i
1468480,"Loftgaard, Mikkel Vinh",DEN,M,FM,,,2180,0,20,AUG25,2006,
1441523,"Lontoft, Sven",DEN,M,,,,1861,0,20,AUG25,1948,i
1405454,"Lund, Silas",DEN,M,IM,,,2392,0,10,AUG25,1976,i
1415280,"Lund, Thomas Boker",DEN,M,,,,2073,0,20,AUG25,1971,i
1479946,"Lybaek Hansen, Bastian",DEN,M,,,,1598,0,40,AUG25,2010,
1446312,"Lynderup, Mads Baek",DEN,M,,,,1812,0,20,AUG25,1986,i
1485830,"Lyngby, Lars",DEN,M,,,,1821,0,40,AUG25,1965,
1403869,"Lynge, Michael",DEN,M,,,,2068,0,20,AUG25,1965,i
1401998,"Lysgaard-Egeberg, Bjarne",DEN,M,,NA,,1794,0,20,AUG25,1965,i
1450549,"Lytzen, Lars Erik",DEN,M,,,,1586,0,20,AUG25,1973,
1425919,"Madsen, Dennis",DEN,M,,,,1760,0,20,AUG25,1945,i
1419650,"Madsen, Finn Gemynthe",DEN,M,,,,1824,0,20,AUG25,1951,i
1404776,"Madsen, Gert Medom",DEN,M,,,,1857,0,20,AUG25,1971,
1434993,"Madsen, Jens Ingemann",DEN,M,,NA,,2013,0,20,AUG25,1969,
1437763,"Madsen, Kim",DEN,M,,,,1628,0,20,AUG25,1963,
1413031,"Madsen, Michael B.",DEN,M,,,,2114,0,20,AUG25,1987,
1418998,"Madsen, Morten",DEN,M,,,,1980,0,20,AUG25,1970,
1415360,"Madsen, Simon Rise",DEN,M,,,,1723,0,20,AUG25,1982,
1406205,"Madsen, Svend Aage",DEN,M,,,,1961,0,20,AUG25,1944,i
1447130,"Mahmutovic, Eldis",DEN,M,,,,1809,0,20,AUG25,1995,i
1451740,"Mandrup, Valdemar",DEN,M,,,,1834,0,20,AUG25,2003,i
1469541,"Manttari, Antti",DEN,M,,,,1853,0,20,AUG25,1983,i
1473956,"Marcher Jensen, Lucas",DEN,M,,,,1948,0,40,AUG25,1997,
1506021,"Marcussen, Claus",DEN,M,,IA,,1881,0,20,AUG25,1961,i
1469584,"Mariegaard, Sebastian",DEN,M,,,,1685,0,20,AUG25,2003,i
1441540,"Marthedal, Anton Mehmet Yildiz",DEN,M,,,,1976,0,20,AUG25,1999,i
1403524,"Matthiesen, Arne",DEN,M,FM,,,2314,0,20,AUG25,1976,
1404067,"Matthiesen, Martin",DEN,M,FM,NA,,2253,0,20,AUG25,1973,
1419013,"Matzen, Peter",DEN,M,,,,1832,0,20,AUG25,1955,
1453181,"Mau, Ib",DEN,M,,,,1800,0,20,AUG25,1963,
1435990,"May, Samuel Peter Heine",DEN,M,,,,1825,0,20,AUG25,2000,i
1469355,"Medhus, Jesper Bondo",DEN,M,,,,1535,0,20,AUG25,1979,
1462547,"Medhus, Vitus Bondo",DEN,M,FM,,,2202,0,40,AUG25,2009,
1475924,"Meincke, William",DEN,M,,,,1560,0,20,AUG25,2002,i
1419021,"Mejlvang, Jens Peter",DEN,M,,,,1931,0,20,AUG25,1969,i
1439340,"Mejlvang, Magnus",DEN,M,,,,1905,0,20,AUG25,1999,i
1445677,"Mejlvang, Mikkel",DEN,M,,,,1839,0,20,AUG25,2003,i
1462687,"Mejlvang, Nikolaj Lowing",DEN,M,,,,1509,0,40,AUG25,2007,i
1430840,"Meldgaard, Frode",DEN,M,,NA,,1895,0,20,AUG25,1954,
12809969,"Meskenas, Paulius",DEN,M,FM,,,2177,0,20,AUG25,2005,
12824429,"Meskenas, Vaidas",DEN,M,,,,1512,0,40,AUG25,2008,i
2852638,"Mihaila, Radu Stefan",DEN,M,,,,1637,0,40,AUG25,2009,i
1477765,"Mikkelsen, Anders Askjaer",DEN,M,,,,1784,0,40,AUG25,2014,
1421760,"Mikkelsen, Hans Jorgen",DEN,M,,,,1802,0,20,AUG25,1942,i
1410270,"Mikkelsen, Michael",DEN,M,,,,1910,0,20,AUG25,1976,i
1439847,"Mikkelsen, Peter Jorgen Dam",DEN,M,,,,2057,0,20,AUG25,1953,
1400550,"Moe, Mogens",DEN,M,FM,,,2207,0,20,AUG25,1944,i
1465716,"Mollasoltani, Aryan",DEN,M,,,,1968,0,20,AUG25,2004,i
1447947,"Moller, Albert Mechlenburg",DEN,M,,,,AIM,1817,0,AUG25,2007,i
1439081,"Moller, Andre Friis",DEN,M,,,,AFM,1704,0,AUG25,1968,i
1421816,"Moller, Birger Poul",DEN,M,,,,1915,0,20,AUG25,1949,i
1444620,"Moller, Christian Anker",DEN,M,,,,1639,0,20,AUG25,1941,i
1447815,"Moller, Elisabeth Mechlenburg",DEN,F,,,,1629,0,20,AUG25,2004,wi
1433237,"Moller, Rasmus",DEN,M,,,,1613,0,20,AUG25,1947,
1439090,"Moller, Sophus Mechlenburg",DEN,M,,,,2034,0,20,AUG25,2000,i
1459880,"Molvig, Alfred",DEN,M,,,,1668,0,40,AUG25,2005,
1402625,"Molvig, Henrik",DEN,M,CM,,,2115,0,20,AUG25,1967,
1405748,"Molvig, Julius",DEN,M,,,,1930,0,20,AUG25,1995,
1412027,"Montgomery, Jan Elkjaer Frantsen",DEN,M,,,,2086,0,20,AUG25,1964,i
1411900,"Morkore, Thomas",DEN,M,,,,1991,0,20,AUG25,1968,
1440993,"Morling, Aase",DEN,F,,,,1627,0,20,AUG25,1945,wi
1484460,"Mortensen, Ebbe",DEN,M,,,,1772,0,40,AUG25,1952,
1401424,"Mortensen, Henrik",DEN,M,,,,1935,0,20,AUG25,1963,i
1409190,"Mortensen, John",DEN,M,,,,1949,0,20,AUG25,1951,
1483692,"Mortensen, Philip",DEN,M,,,,1575,0,40,AUG25,2011,
1421859,"Mortensen, Soren K.",DEN,M,,,,1860,0,20,AUG25,1956,
1408143,"Mortensen, Steen Juul",DEN,M,,,,1946,0,20,AUG25,1947,
1441710,"Mosegaard, Klaus",DEN,M,,,,1851,0,20,AUG25,1955,i
1472070,"Muller, Anker",DEN,M,,,,1764,0,40,AUG25,2011,i
1450743,"Munch-Pedersen, Ole",DEN,M,,,,1864,0,20,AUG25,1944,i
1406949,"Munk, Kai",DEN,M,,,,1983,0,20,AUG25,1950,
1478877,"Munk, Steffen Eg",DEN,M,,,,1816,0,20,AUG25,2004,
1469339,"Munkegaard, Elli-Sofie",DEN,F,,,,1498,0,40,AUG25,2011,wi
1407473,"Munksgaard, Bo",DEN,M,,,,1782,0,20,AUG25,1962,
1461753,"Musaeus, Jesper",DEN,M,,,,1975,0,20,AUG25,1951,i
1443577,"Naesborg, Jens-Ole",DEN,M,,,,1884,0,20,AUG25,1965,i
1486365,"Naibi, Ahmadullah",DEN,M,,,,1740,0,40,AUG25,1997,
1450336,"Nassan, Abdul Hannan",DEN,M,,,,1816,0,20,AUG25,1974,
1445987,"Nguyen, Phong Van",DEN,M,,,,1834,0,20,AUG25,1997,i
1487477,"Nguyen, Theo Duc Huu",DEN,M,,,,1541,0,40,AUG25,2016,
1452606,"Niclasen, Anfinn",DEN,M,,,,1694,0,20,AUG25,1951,i
1479725,"Nicolaisen, Anton",DEN,M,,,,1804,0,40,AUG25,1998,
1426052,"Nielsen, Arne",DEN,M,,,,1798,0,20,AUG25,1943,i
1445111,"Nielsen, Benny",DEN,M,,,,1546,0,20,AUG25,1942,i
1411870,"Nielsen, Carl-Otto",DEN,M,,NA,,1872,0,20,AUG25,1958,
1402242,"Nielsen, Carsten Juul",DEN,M,,,,1917,0,20,AUG25,1945,i
1412639,"Nielsen, Ejgild",DEN,M,,,,1878,0,20,AUG25,1946,
1471929,"Nielsen, Emma",DEN,F,,,,1497,0,40,AUG25,2009,wi
1469703,"Nielsen, Flemming Arne",DEN,M,,,,1477,0,20,AUG25,1951,
1464205,"Nielsen, Frits",DEN,M,,,,1802,0,20,AUG25,1978,i
1405721,"Nielsen, Frode Benedikt",DEN,M,,NA,,2031,0,20,AUG25,1969,
1402854,"Nielsen, Henning",DEN,M,,,,1975,0,20,AUG25,1940,
1435485,"Nielsen, Henning Sogaard",DEN,M,,,,1556,0,20,AUG25,1947,
1402900,"Nielsen, Jacob Woge",DEN,M,,,,2033,0,20,AUG25,1960,
1457195,"Nielsen, Jakob Kindt",DEN,M,,,,1848,0,20,AUG25,2003,i
1405306,"Nielsen, Jan Mose",DEN,M,,,,2088,0,20,AUG25,1975,i
1477773,"Nielsen, Jingsong Ning",DEN,M,,,,1410,0,40,AUG25,2015,i
1430971,"Nielsen, Jonas",DEN,M,,NA,,1797,0,20,AUG25,1992,
1434373,"Nielsen, Jorgen Holmstrom",DEN,M,,,,1836,0,20,AUG25,1950,i
1413279,"Nielsen, Jorgen Kamp",DEN,M,,,,1839,0,20,AUG25,1965,i
1464264,"Nielsen, Karsten Eivind",DEN,M,,,,1928,0,20,AUG25,1977,i
1410210,"Nielsen, Klaus",DEN,M,,,,1998,0,20,AUG25,1961,
1433288,"Nielsen, Kurt Sogaard",DEN,M,,,,1784,0,20,AUG25,1950,
1401726,"Nielsen, Lars Aaes",DEN,M,FM,,,2187,0,20,AUG25,1973,
1467824,"Nielsen, Lars H",DEN,M,,,,1527,0,20,AUG25,1960,i
1426095,"Nielsen, Leo Kresten Roland",DEN,M,,,,1759,0,20,AUG25,1950,
1413040,"Nielsen, Marianne Izaura",DEN,F,,,,1900,0,20,AUG25,1985,wi
1487310,"Nielsen, Mathias Kaas",DEN,M,,,,1625,0,40,AUG25,1989,
1466143,"Nielsen, Matti",DEN,M,,,,1557,0,20,AUG25,1991,i
1437372,"Nielsen, Michael",DEN,M,,,,1822,0,20,AUG25,1970,i
1433628,"Nielsen, Morten Randrup",DEN,M,,,,1887,0,20,AUG25,1995,i
1402331,"Nielsen, Niels-Peter",DEN,M,,,,2098,0,20,AUG25,1963,
1470019,"Nielsen, Patricia",DEN,M,,,,1811,0,20,AUG25,1986,i
1406957,"Nielsen, Per",DEN,M,,,,1986,0,20,AUG25,1963,i
1707485,"Nielsen, Peter",DEN,M,,,,1758,0,20,AUG25,1945,
1400355,"Nielsen, Peter Heine",DEN,M,GM,,,2669,0,10,AUG25,1973,i
1466062,"Nielsen, Phillip",DEN,M,,,,1926,0,40,AUG25,2005,i
1479806,"Nielsen, Phillip Dannerso",DEN,M,,,,1572,0,40,AUG25,2010,
1409700,"Nielsen, Pia",DEN,F,,,,1563,0,20,AUG25,1980,w
1400800,"Nielsen, Poul Erik",DEN,M,,,,2195,0,20,AUG25,1953,
1406892,"Nielsen, Poul Erik",DEN,M,,,,1978,0,20,AUG25,1948,
1476980,"Nielsen, Simon Moller",DEN,M,,,,1675,0,20,AUG25,1993,i
1419153,"Nielsen, Steen",DEN,M,,,,1963,0,20,AUG25,1953,
1454200,"Nielsen, Ture Jungberg",DEN,M,,,,1769,0,40,AUG25,2006,i
1444492,"Nielsen, Viktor Haarmark",DEN,M,FM,,,2333,0,20,AUG25,1997,i
1484044,"Nielsen, William Vestergaard",DEN,M,,,,1441,0,40,AUG25,2010,
1455907,"Nielsen-Refs, Ingrid Elmer",DEN,F,,,,1648,0,40,AUG25,2005,wi
1452797,"Nielsen-Refs, Karl-Emil Elmer",DEN,M,CM,,,2010,0,40,AUG25,2007,i
1467425,"Nielskov, Freddy",DEN,M,,,,1859,0,20,AUG25,1943,i
1441230,"Nilssen, Ellen Fredericia",DEN,F,WIM,WIM,,2169,0,20,AUG25,2001,w
1402544,"Nilsson, Lars Kjoller",DEN,M,,,,1981,0,20,AUG25,1961,i
1439855,"Nissen, Niels Peter",DEN,M,,,,1858,0,20,AUG25,1944,
1433784,"Nord, Michael",DEN,M,,,,2050,0,20,AUG25,1966,
1401475,"Nordenbaek, Jan",DEN,M,,,,2253,0,20,AUG25,1966,
1400517,"Norgaard, Jesper",DEN,M,FM,,,2312,0,10,AUG25,1963,
1460862,"Norman, William",DEN,M,,,,1629,0,40,AUG25,2007,
1426141,"Nygaard, Soren",DEN,M,,,,1844,0,20,AUG25,1956,
1478010,"Nygaard, Tobias H",DEN,M,,,,1632,0,20,AUG25,1979,i
1427288,"Nykjaer, Jess",DEN,M,,NA,,1919,0,20,AUG25,1972,
1416928,"Ochsner, Bjorn Moller",DEN,M,GM,,,2472,0,10,AUG25,1994,i
1419170,"Ochsner, Henrik",DEN,M,,,,1921,0,20,AUG25,1961,i
1408410,"Oehlerich, Per",DEN,M,,,,1969,0,20,AUG25,1959,i
1404253,"Olesen, Poul Erik Norgaard",DEN,M,,,,1980,0,20,AUG25,1942,
1444956,"Olesen, Poul G.",DEN,M,,,,1683,0,20,AUG25,1958,i
1405802,"Olsen, Aage Dalstrup",DEN,M,,,,2066,0,20,AUG25,1964,i
1462482,"Olsen, Bjorn",DEN,M,,,,1912,0,20,AUG25,1956,i
1409174,"Olsen, Casper",DEN,M,,,,1978,0,20,AUG25,1964,i
1440640,"Olsen, Filip Boe",DEN,M,IM,,,2318,0,20,AUG25,2003,i
1406663,"Olsen, Kim Alex",DEN,M,,NA,,1815,0,20,AUG25,1957,i
1481150,"Olsen, Markus Lindholm",DEN,M,,,,1564,0,40,AUG25,2009,
1450522,"Olsen, Martin",DEN,M,,,,1832,0,20,AUG25,1980,i
1440969,"Olsen, Michael R. W.",DEN,M,,,,2018,0,20,AUG25,1978,
1408259,"Olsen, Miriam F",DEN,F,,,,2045,0,20,AUG25,1988,wi
1417541,"Orio, Lars",DEN,M,,,,1932,0,20,AUG25,1963,i
1400096,"Ost-Hansen, Jacob",DEN,M,FM,,,2259,0,20,AUG25,1952,
1400606,"Ostergaard, Jens",DEN,M,FM,,,2175,0,20,AUG25,1968,
1408895,"Ostergaard, Ole",DEN,M,,,,2046,0,20,AUG25,1970,
1463250,"Ostergaard-Nielsen, Valdemar",DEN,M,,,,1553,0,40,AUG25,2008,i
1458442,"Ostergaard-Nielsen, William",DEN,M,,,,1681,0,40,AUG25,2006,i
1476742,"Ostergreen-Johansen, Benjamin",DEN,M,,,,1987,0,20,AUG25,2000,i
1477013,"Osterhus, Omar Torbjorn",DEN,M,,,,1566,0,20,AUG25,1949,
1429183,"Ottesen, Soren Rud",DEN,M,,,,1787,0,20,AUG25,1952,i
1478036,"Ousager Andersen, Jan",DEN,M,,,,1437,0,20,AUG25,1971,
1400975,"Overgaard, Christian Monrad",DEN,M,,,,2158,0,20,AUG25,1967,i
1464990,"Overgaard, Kristian",DEN,M,,NA,,1701,0,20,AUG25,1989,i
1461567,"Overgaard, Preben",DEN,M,,,,1702,0,20,AUG25,1956,i
1471090,"Oz, Sinan",DEN,M,,,,1746,0,20,AUG25,1980,i
1431595,"Ozcan, Guney",DEN,M,,,,1873,0,20,AUG25,1989,i
1505696,"Paarup, Torsten",DEN,M,,,,1991,0,20,AUG25,1956,i
1431609,"Pakmor, Claus",DEN,M,,,,1989,0,20,AUG25,1953,i
1481169,"Palalic, Filip",DEN,M,,,,1626,0,40,AUG25,2012,i
1474987,"Paludan, Noah",DEN,M,,,,1924,0,20,AUG25,1997,i
1483935,"Paraskevas-Holm, Theo",DEN,M,,,,1578,0,40,AUG25,2009,i
1426206,"Paulsen, Laurids",DEN,M,,,,1900,0,20,AUG25,1966,i
1463411,"Pavia, Robert",DEN,M,,,,1668,0,20,AUG25,1999,i
1429590,"Pawlak, Wojciech Zbigniew",DEN,M,,,,1741,0,20,AUG25,1967,i
1447785,"Pedersen, Braad Claes",DEN,M,,,,1914,0,20,AUG25,1969,i
1464175,"Pedersen, Carl Frederik Wood",DEN,M,,,,1564,0,20,AUG25,2004,i
1409760,"Pedersen, Carsten",DEN,M,,,,2079,0,20,AUG25,1965,i
1433644,"Pedersen, Carsten",DEN,M,,,,1933,0,20,AUG25,1965,i
1412663,"Pedersen, Christopher R.N.H.",DEN,M,,,,2127,0,20,AUG25,1986,i
1402161,"Pedersen, Daniel Vesterbaek",DEN,M,FM,,,2198,0,20,AUG25,1975,
1406752,"Pedersen, Dimon Poul",DEN,M,,,,2085,0,20,AUG25,1967,i
1479440,"Pedersen, Frederik Wulff",DEN,M,,,,1691,0,20,AUG25,1995,i
1407414,"Pedersen, Gunnar",DEN,M,CM,,,2171,0,20,AUG25,1960,
1403370,"Pedersen, Hans Dahl",DEN,M,,,,2177,0,20,AUG25,1948,i
1404199,"Pedersen, Henrik Dahl",DEN,M,,,,2257,0,20,AUG25,1976,i
1402730,"Pedersen, Jacob Bang",DEN,M,,,,2070,0,20,AUG25,1970,
1437380,"Pedersen, Jan",DEN,M,,,,1630,0,20,AUG25,1958,i
1405144,"Pedersen, Jan Rode",DEN,M,,,,2082,0,20,AUG25,1949,
1443747,"Pedersen, Jens Erik",DEN,M,,,,1806,0,20,AUG25,1958,
1417010,"Pedersen, Jens Peter Fischer",DEN,M,,,,1998,0,20,AUG25,1966,i
1410156,"Pedersen, Karsten Nymann",DEN,M,,,,2038,0,20,AUG25,1956,i
1438174,"Pedersen, Kian",DEN,M,,,,1954,0,20,AUG25,1972,
1441400,"Pedersen, Kim Michael",DEN,M,,,,1816,0,20,AUG25,1957,i
1417649,"Pedersen, Lars Foldager",DEN,M,,,,1954,0,20,AUG25,1969,i
1404962,"Pedersen, Lars Wilton",DEN,M,,,,2048,0,20,AUG25,1955,i
1468987,"Pedersen, Lasse Bogh",DEN,M,,,,1889,0,40,AUG25,1986,
1410261,"Pedersen, Martin Rosenkilde",DEN,M,,,,2143,0,20,AUG25,1970,i
1402340,"Pedersen, Nicolai Vesterbaek",DEN,M,IM,,,2366,0,20,AUG25,1977,i
1410997,"Pedersen, Niels",DEN,M,,,,1901,0,20,AUG25,1954,
1506005,"Pedersen, Peter Brondt",DEN,M,,,,2171,0,20,AUG25,1962,i
1504231,"Pedersen, Steen",DEN,M,,,,1980,0,20,AUG25,1969,
1401491,"Pedersen, Steffen",DEN,M,IM,,,2346,0,20,AUG25,1974,i
1475177,"Pedersen, Tobias",DEN,M,,,,1600,0,40,AUG25,2001,
1426354,"Pedersen, Tommy",DEN,M,,,,1795,0,20,AUG25,1961,i
1479814,"Peitersen, Andreas",DEN,M,,,,1870,0,20,AUG25,2005,
1467727,"Penki, Tunav Chand",DEN,M,,,,1540,0,40,AUG25,2009,i
1508148,"Percivaldi, Martin",DEN,M,IM,,,2342,0,20,AUG25,1999,i
14174456,"Perets, Dmytro",DEN,M,,,,2077,0,40,AUG25,2007,
1485555,"Peters, Sigurd Ambo",DEN,M,,,,1608,0,40,AUG25,2016,
1438999,"Petersen, Albert Emil Lyng",DEN,M,,,,1913,0,20,AUG25,2002,
1466577,"Petersen, Daniel",DEN,M,,,,1972,0,20,AUG25,2002,
1471660,"Petersen, Erling Hoff",DEN,M,,,,1509,0,20,AUG25,1971,
1478028,"Petersen, Flemming",DEN,M,,,,1644,0,40,AUG25,1946,i
1402617,"Petersen, Flemming Petri",DEN,M,,,,2007,0,20,AUG25,1963,i
1427032,"Petersen, Frank Gjerning",DEN,M,,,,1882,0,20,AUG25,1975,i
1476785,"Petersen, Hans",DEN,M,,,,1536,0,40,AUG25,1960,i
1464922,"Petersen, Jakob Lyng",DEN,M,,,,1615,0,20,AUG25,1970,i
1426320,"Petersen, Jan",DEN,M,,,,1766,0,20,AUG25,1970,
1440659,"Petersen, Lasse Emil",DEN,M,,,,1879,0,20,AUG25,1996,i
1412000,"Petersen, Martin Reib",DEN,M,,,,2000,0,20,AUG25,1983,i
1401696,"Petersen, Peter Birk",DEN,M,,,,2046,0,20,AUG25,1945,
1424254,"Petersen, Poul Moller",DEN,M,,,,1861,0,20,AUG25,1957,i
1440667,"Petersen, Poul-Erik",DEN,M,,,,1905,0,20,AUG25,1960,i
1402706,"Petersen, Steen",DEN,M,,,,2120,0,20,AUG25,1976,i
1424270,"Petersen, Torben William",DEN,M,,,,1710,0,20,AUG25,1954,i
1417673,"Petrovski, Petruli",DEN,M,,,,1881,0,20,AUG25,1965,
1487485,"Pham, Marcus Minh Phong",DEN,M,,,,1727,0,40,AUG25,2015,
1473395,"Pihl, Fredrik",DEN,M,,,,1462,0,40,AUG25,1974,i
1467310,"Pihl, William",DEN,M,,,,1877,0,40,AUG25,2007,i
1400657,"Pilgaard, Kim",DEN,M,IM,,,2259,0,10,AUG25,1967,
13912143,"Pirtac, Alexandru",DEN,M,,,,1889,0,40,AUG25,2013,
1432338,"Pommerencke, Lars",DEN,M,,,,1811,0,20,AUG25,1969,i
1424297,"Pondal, Jesper",DEN,M,,,,2035,0,20,AUG25,1974,i
1422324,"Poulsen, Knud",DEN,M,,,,1835,0,20,AUG25,1954,
1471589,"Poulsen, Michael",DEN,M,,,,1935,0,40,AUG25,1955,
1435582,"Poulsen, Michael Alexandersen",DEN,M,,,,1774,0,20,AUG25,1998,
1413120,"Poulsen, Rene",DEN,M,,,,1819,0,20,AUG25,1982,i
1481967,"Prasath, Saurabh",DEN,M,,,,1781,0,40,AUG25,2013,i
1403338,"Preuss, Flemming",DEN,M,,,,1975,0,20,AUG25,1946,i
1417738,"Printzlau, Jacob Steen",DEN,M,,,,1813,0,20,AUG25,1963,
1446037,"Qazizada, Jacob",DEN,M,,,,1756,0,20,AUG25,1999,i
1462318,"Quinones-Maletti, Julio Guillermo",DEN,M,,,,2028,0,20,AUG25,2001,i
1486934,"Raaberg, Andreas Scott",DEN,M,,,,1700,0,40,AUG25,2002,
1448269,"Rabjerg, Hans Rasmus",DEN,M,,,,1805,0,20,AUG25,1991,i
1445120,"Rabjerg, Tue",DEN,M,,,,1663,0,20,AUG25,1961,i
1427954,"Radoor, Bent Romer",DEN,M,,,,1911,0,20,AUG25,1959,i
1401920,"Radovic, Slobodan",DEN,M,,,,1683,0,20,AUG25,1941,i
1481975,"Rafn Andreasen, Samuel",DEN,M,,,,1686,0,40,AUG25,2010,i
1469746,"Rahbek, Lars",DEN,M,,,,1667,0,20,AUG25,1964,i
1473107,"Rajesh, Vishna",DEN,M,,,,1494,0,40,AUG25,2013,
1439391,"Ramkilde, Mikael",DEN,M,,,,1961,0,20,AUG25,1960,i
1429221,"Ramsdal, Jens Albert",DEN,M,FM,,,2226,0,20,AUG25,1997,
1440675,"Ramsdal, Lasse",DEN,M,,,,1802,0,20,AUG25,2001,
1438484,"Ramsdal, Mikkel",DEN,M,,,,1853,0,20,AUG25,1999,i
1426400,"Rand, Svend Aage",DEN,M,,,,1502,0,20,AUG25,1940,
1406000,"Rasmussen, Allan Stig",DEN,M,GM,,,2500,0,10,AUG25,1983,i
1467441,"Rasmussen, Bjarne",DEN,M,,,,1637,0,20,AUG25,1955,i
1422375,"Rasmussen, Bjarne Berring",DEN,M,,,,1756,0,20,AUG25,1948,
1439880,"Rasmussen, Bjarne Meldgaard",DEN,M,,,,1867,0,20,AUG25,1947,
1473409,"Rasmussen, Brian Egerup",DEN,M,,,,1546,0,20,AUG25,1977,i
1452819,"Rasmussen, Erik Elmer",DEN,M,,,,1713,0,20,AUG25,1969,i
1408992,"Rasmussen, Hans Peter",DEN,M,,,,1910,0,20,AUG25,1942,
1408100,"Rasmussen, Jens",DEN,M,,,,1853,0,20,AUG25,1949,i
1410016,"Rasmussen, Jesper",DEN,M,,,,1956,0,20,AUG25,1964,
1422391,"Rasmussen, Jorgen",DEN,M,,,,1770,0,20,AUG25,1964,i
1426451,"Rasmussen, Jorgen",DEN,M,,,,1402,0,20,AUG25,1943,i
1400088,"Rasmussen, Karsten",DEN,M,IM,,,2432,0,10,AUG25,1965,i
1406434,"Rasmussen, Lars Garne",DEN,M,,,,1993,0,20,AUG25,1956,i
1447890,"Rasmussen, Matthias",DEN,M,,,,1700,0,20,AUG25,2002,i
1410636,"Rasmussen, Morten Fredsgaard",DEN,M,,FA,,1931,0,20,AUG25,1975,i
1476297,"Rasmussen, Noah Kirkegaard",DEN,M,,,,1780,0,40,AUG25,2007,
1417118,"Rasmussen, Ole",DEN,M,,,,1726,0,20,AUG25,1944,i
1471341,"Rasmussen, Patrick",DEN,M,,,,1543,0,20,AUG25,1996,i
1485377,"Rasmussen, Patrick",DEN,M,,,,1759,0,40,AUG25,1970,
1436597,"Rasmussen, Per",DEN,M,,,,1677,0,20,AUG25,1958,i
1447904,"Rasmussen, Per",DEN,M,,,,1535,0,20,AUG25,1966,i
1405284,"Rathlev, Jakob",DEN,M,CM,,,2238,0,20,AUG25,1978,i
1481878,"Ravikumar, Hanesh",DEN,M,,,,1730,8,40,AUG25,2012,
1475932,"Ravnbak, William",DEN,M,,,,1674,0,20,AUG25,1993,i
1411268,"Refsgaard, Kaj",DEN,M,,,,1779,0,20,AUG25,1937,
1403664,"Rendboe, John Filip",DEN,M,FM,,,2116,0,20,AUG25,1965,i
1438700,"Renneberg, Morten",DEN,M,,NA,,2002,0,20,AUG25,1988,i
34101241,"Repei, Yehor",DEN,M,,,,1770,0,40,AUG25,2011,i
1401033,"Rewitz, Poul",DEN,M,FM,,,2237,0,20,AUG25,1962,
1469169,"Reyzvikh, Artem",DEN,M,,,,1721,0,40,AUG25,2005,i
1481177,"Ribergaard, Andreas Runge",DEN,M,,,,1466,0,40,AUG25,2011,i
1447092,"Rimer, Jan",DEN,M,,,,2122,0,20,AUG25,1960,i
7200455,"Rimestad, Arild",DEN,M,,SI,,1902,0,20,AUG25,1966,i
1451669,"Ringsmose, Christian",DEN,M,,,,1854,0,20,AUG25,2002,
1477510,"Risom, Erik",DEN,M,,,,1564,0,20,AUG25,1962,
1427717,"Romhild, Per",DEN,M,,,,1457,0,20,AUG25,1967,
1417916,"Rose, Dennis Lauge",DEN,M,,,,1945,0,20,AUG25,1968,i
1412531,"Rosenberg, Jan",DEN,M,,NA,,1899,0,20,AUG25,1961,
1463128,"Rosenkilde, Eilif",DEN,M,,,,1765,0,20,AUG25,1973,i
1482025,"Rosenkvist, Elias",DEN,M,,,,1476,0,40,AUG25,2011,
1400614,"Rosenlund, Thorbjorn",DEN,M,,,,2122,0,20,AUG25,1951,
1403222,"Rossen, Claus",DEN,M,,NA,,2075,0,20,AUG25,1961,
1408801,"Rostgaard, Tobias Valentin",DEN,M,FM,,,2326,0,20,AUG25,1993,i
1426524,"Runge, Johnny",DEN,M,,,,1654,0,40,AUG25,1989,
1461184,"Ruszkiewicz, Marcin",DEN,M,,,,1950,0,20,AUG25,1990,i
1473557,"Rynkjob, Bastian",DEN,M,,,,1614,0,40,AUG25,2012,
1422448,"Saliev, Ramadan",DEN,M,,,,1652,0,20,AUG25,1968,i
1426532,"Samuelsen, Hans",DEN,M,,,,1888,0,20,AUG25,1956,
1409751,"Sandbech, Ted Henrik",DEN,M,,NA,,1825,0,20,AUG25,1967,i
1477331,"Sandmann, Alexander Majvang",DEN,M,,,,1602,0,40,AUG25,2008,i
1477340,"Sandmann, Mattis Majvang",DEN,M,,,,1577,0,40,AUG25,2013,
1473220,"Sandmann, Niels",DEN,M,,,,1622,0,20,AUG25,1979,
1472313,"Sandmann, Villads Majvang",DEN,M,FM,,,2012,0,40,AUG25,2011,
1462725,"Sandrin, Alessandro",DEN,M,,,,1753,0,20,AUG25,1971,i
1477790,"Saravanan, Saidarshish",DEN,M,,,,1636,0,40,AUG25,2015,
1476122,"Saugmann, Frederik Chabert",DEN,M,,,,2088,0,40,AUG25,2007,
1463381,"Schacht, Hugo Aage",DEN,M,,,,1543,0,20,AUG25,1950,i
1400070,"Schandorff, Lars",DEN,M,GM,,,2499,0,10,AUG25,1965,i
1464310,"Schleisner, Peter",DEN,M,,,,1590,0,20,AUG25,1951,i
1403036,"Schmidt, Kim",DEN,M,,,,1815,0,20,AUG25,1960,
1467387,"Schmidt, Ole",DEN,M,,,,1802,0,20,AUG25,1973,i
1405730,"Schmidt, Tommy B.",DEN,M,,,,2127,0,20,AUG25,1975,i
1483030,"Schmitz, Phillip Henrik",DEN,M,,,,1526,0,40,AUG25,2010,
1449583,"Schou-Jorgensen, Jan",DEN,M,,,,1861,0,20,AUG25,1974,i
1401297,"Schou-Moldt, Thomas",DEN,M,,,,2243,0,20,AUG25,1967,i
1404482,"Schultz-Pedersen, Jesper",DEN,M,,,,2089,0,20,AUG25,1956,
1429639,"Schutze, Hasso",DEN,M,,,,2073,0,20,AUG25,1945,
1441060,"Sejersen, Christian",DEN,M,,,,1927,0,20,AUG25,1999,
1418009,"Sejersen, Svend",DEN,M,,,,1833,0,20,AUG25,1947,i
1473328,"Shekar, Dhiraj",DEN,M,,,,1848,0,20,AUG25,2000,i
1472330,"Shekar, Diya",DEN,F,,,,1520,0,40,AUG25,2010,wi
1418017,"Sigurdsson, Magnus",DEN,M,,,,1743,0,20,AUG25,1980,i
1480081,"Siig, Ole",DEN,M,,,,1503,0,40,AUG25,1960,i
1463322,"Simoni, Vartan",DEN,M,,,,1805,0,20,AUG25,1963,i
1422537,"Simonsen, Eivind Ortind",DEN,M,,NA,,1986,0,20,AUG25,1978,i
1435612,"Simonsen, Frank",DEN,M,,,,1516,0,20,AUG25,1980,
1406639,"Simonsen, Per",DEN,M,,,,1909,0,20,AUG25,1941,i
1478710,"Skaaning, Marcus Nygaard",DEN,M,,,,1805,0,20,AUG25,1998,i
1403699,"Skaanning-Pedersen, Kim Henrik",DEN,M,,,,2239,0,20,AUG25,1973,
1446045,"Skaarup, Kasper",DEN,M,,,,1972,0,20,AUG25,1998,i
1470604,"Skaelbaek, Noah",DEN,M,,,,1809,0,40,AUG25,2007,
1475967,"Skallebaek, Emil",DEN,M,,,,1861,0,20,AUG25,2002,i
1461958,"Skarved, Mattias",DEN,M,,,,1656,0,20,AUG25,1971,
1406515,"Skjoldager, Flemming",DEN,M,,,,1959,0,20,AUG25,1948,i
1408828,"Skjoldager, Per",DEN,M,,,,2096,0,20,AUG25,1958,
1447831,"Skjoldborg, Lasse Dahl",DEN,M,,,,1494,0,20,AUG25,1996,
1446800,"Skonnord, Uno",DEN,M,,,,2085,0,20,AUG25,1992,
1413155,"Skou, Niels",DEN,M,,,,2124,0,20,AUG25,1961,
1446967,"Skov, Jan",DEN,M,,,,1444,0,20,AUG25,1958,
1403419,"Skov, Palle",DEN,M,,,,1980,0,20,AUG25,1959,i
1472267,"Skov-Nielsen, Kasper",DEN,M,,,,1700,0,20,AUG25,1971,
1450760,"Skovgaard, Andreas",DEN,M,,,,1953,0,20,AUG25,2003,
1450972,"Skovgaard, Emil",DEN,M,,,,1831,0,20,AUG25,2003,i
1406760,"Skovgaard, Ib",DEN,M,,,,1956,0,20,AUG25,1953,i
1406035,"Skow, Jannick",DEN,M,,,,2109,0,20,AUG25,1975,i
1404210,"Skytte, Rasmus",DEN,M,IM,FT,,2398,0,10,AUG25,1980,
1471775,"Skytte, Robert",DEN,M,CM,,,1832,0,40,AUG25,2013,
1503260,"Skytte, Torill",DEN,F,,,,1933,0,20,AUG25,1982,w
1470094,"Slavensky, Asbjorn Vesterkar",DEN,M,,,,1966,0,40,AUG25,2008,
1418041,"Smidt, Johnny",DEN,M,,,,1834,0,20,AUG25,1949,
1410369,"Smidt-Nielsen, Henrik",DEN,M,,,,1941,0,20,AUG25,1960,i
1470051,"Snedker, Oliver Kaehne",DEN,M,,,,1832,0,40,AUG25,2009,i
1480472,"Snegaard, Ole",DEN,M,,,,1851,0,40,AUG25,1975,i
1426613,"So, John",DEN,M,,,,1637,0,20,AUG25,1945,
1401866,"Sobjerg, Erik",DEN,M,,,,2283,0,20,AUG25,1971,
1426621,"Soes, Jan Schou",DEN,M,,,,1837,0,20,AUG25,1962,i
1444727,"Sonberg, Bjarne",DEN,M,,,,1628,0,20,AUG25,1953,
1407678,"Sonderstrup, Bjarne",DEN,M,,NA,,1986,0,20,AUG25,1954,
1473867,"Sorensen, Allan",DEN,M,,,,1711,0,20,AUG25,1952,
1409840,"Sorensen, Anders Hedegaard",DEN,M,,,,1787,0,20,AUG25,1981,
1400410,"Sorensen, Bent",DEN,M,IM,NA,,2016,0,20,AUG25,1943,i
1442074,"Sorensen, Bernhard W.",DEN,M,,,,1747,0,20,AUG25,1963,i
1444026,"Sorensen, Bo F.",DEN,M,,,,1761,0,20,AUG25,1983,
1419404,"Sorensen, Carsten",DEN,M,,,,1944,0,20,AUG25,1969,
1446975,"Sorensen, Carsten Wagner",DEN,M,,,,1613,0,20,AUG25,1960,
1406833,"Sorensen, Esben Lauge",DEN,M,,,,1976,0,20,AUG25,1966,i
1451405,"Sorensen, Flemming Louv",DEN,M,,,,2011,0,20,AUG25,1953,i
1477200,"Sorensen, Frederik",DEN,M,,,,1763,0,40,AUG25,2008,
1400150,"Sorensen, Jan",DEN,M,IM,,,2369,0,10,AUG25,1970,i
1419412,"Sorensen, John K.",DEN,M,,,,1795,0,20,AUG25,1937,i
1439901,"Sorensen, Kim Wammen",DEN,M,,,,2011,0,20,AUG25,1961,i
1463578,"Sorensen, Leif",DEN,M,,,,1657,0,20,AUG25,1956,i
1437135,"Sorensen, Niels Henrik",DEN,M,,,,2014,0,20,AUG25,1979,
1413872,"Sorensen, Per Settergren",DEN,M,,,,2030,0,20,AUG25,1961,
1447467,"Sorensen, Peter",DEN,M,,,,1809,0,20,AUG25,1985,
1426664,"Sorensen, Reto Utiger",DEN,M,,,,2002,0,20,AUG25,1971,
1463357,"Sorensen, Torben",DEN,M,,,,1707,0,20,AUG25,1963,i
1412248,"Sorensen, Torben Kyhl",DEN,M,,,,2160,0,20,AUG25,1974,
1437410,"Sorensen, Viggo",DEN,M,,,,1806,0,20,AUG25,1951,
1440365,"Sorensson, Dan",DEN,M,,,,1807,0,20,AUG25,1945,i
1455796,"Stage-Steffensen, Sander",DEN,M,,,,1998,0,20,AUG25,2003,i
1455818,"Stage-Steffensen, Theo",DEN,M,,,,1719,0,20,AUG25,2004,i
1426680,"Stald, Flemming",DEN,M,,,,1902,0,20,AUG25,1943,i
1401971,"Stanislaus, Johann",DEN,M,,,,1867,0,20,AUG25,1986,
1422669,"Starup, Leo",DEN,M,,,,1730,0,20,AUG25,1964,
1475908,"Stausholm, Christian Olivarius",DEN,M,,,,1720,0,20,AUG25,1998,i
2304260,"Stavnem, Rolf",DEN,M,,,,1980,0,20,AUG25,1965,i
1409182,"Steenstrup, Svend",DEN,M,,,,1910,0,20,AUG25,1968,
1406353,"Steffensen, Elena",DEN,F,,,,2043,0,20,AUG25,1970,w
1403516,"Steffensen, Torben Molgaard",DEN,M,,,,2187,0,20,AUG25,1969,i
1463969,"Sterup, Sebastian",DEN,M,,,,2003,0,20,AUG25,2001,i
1426702,"Stochkel, Casper",DEN,M,,,,1833,0,20,AUG25,1974,
1403249,"Stojanovski, Sandi",DEN,M,FM,,,2279,0,20,AUG25,1970,i
1406914,"Stovring, Claus",DEN,M,,,,2029,0,20,AUG25,1976,i
1440217,"Strange, Markus",DEN,M,,,,1900,0,20,AUG25,1997,i
1402765,"Strange, Mikkel",DEN,M,FM,,,2331,0,20,AUG25,1971,i
1480723,"Stricker, Gabriel Emil",DEN,M,,,,1911,0,20,AUG25,2002,
1400789,"Stuhr, Finn",DEN,M,,NA,,1843,0,20,AUG25,1951,i
1426729,"Stuhr, Peter Sebastian",DEN,M,,,,1960,0,20,AUG25,1975,i
1406981,"Sudharsan, Krishnan",DEN,M,,,,1855,0,20,AUG25,1975,
1403192,"Svane, Henrik",DEN,M,,NA,,2023,0,20,AUG25,1957,i
1472151,"Svejdal, Christian Ib",DEN,M,,,,1607,0,20,AUG25,1989,i
1411780,"Svendsen, Mads O.",DEN,M,,,,2054,0,20,AUG25,1985,i
1402137,"Sylvan, Jacob",DEN,M,IM,,,2289,0,20,AUG25,1976,
1442490,"Szucs, Michell Daniel",DEN,M,,,,1725,0,20,AUG25,1986,i
1467433,"Szymanski, Michael",DEN,M,,,,1729,0,20,AUG25,1974,i
1464418,"Taersbol, Markus",DEN,M,,,,1689,0,20,AUG25,1973,i
1451235,"Tal, Viktor",DEN,M,,,,1633,7,40,AUG25,1953,
1478656,"Tandrup, Ludvig",DEN,M,,,,1710,0,40,AUG25,2011,
1438093,"Taylor, Graham Christopher",DEN,M,,,,1903,0,20,AUG25,1971,i
1413767,"Teplyi, Igor",DEN,M,IM,,,2384,0,20,AUG25,1986,i
1466550,"Terkildsen, Dan",DEN,M,,,,1869,0,20,AUG25,1963,i
1487884,"Thesbjerg, Andreas Bjorn Krog",DEN,M,,,,1415,0,40,AUG25,2015,
1409247,"Thestrup, Sixten",DEN,M,,,,2120,0,20,AUG25,1989,
1431412,"Thogersen, Rasmus",DEN,M,FM,,,2276,0,20,AUG25,1997,i
1444751,"Thomsen, Jesper Heegaard",DEN,M,,,,1845,0,20,AUG25,1983,
1469452,"Thongchok, Mr.Sahutsawat",DEN,M,,,,1790,0,40,AUG25,2000,i
1406671,"Thorsbro, Peter",DEN,M,,NA,,2194,0,20,AUG25,1975,
1473760,"Thorsen, Adrian Stenstrop",DEN,M,CM,,,2055,0,40,AUG25,2007,i
1400878,"Thuesen, Mogens",DEN,M,,,,2140,0,20,AUG25,1957,i
1438832,"Thybo, Jesper Sondergaard",DEN,M,GM,,,2425,0,10,AUG25,1999,
1441299,"Thybo, Thomas Sondergaard",DEN,M,,,,2030,0,20,AUG25,2002,i
1440934,"Thye-Petersen, Christian",DEN,M,,,,1943,0,20,AUG25,1966,i
1473417,"Tillo, Sune",DEN,M,,,,1966,0,20,AUG25,1972,
1479520,"Tirsgaard, Villum Graulund",DEN,M,,,,1579,0,40,AUG25,2010,i
1407112,"Tjornsted, Peter",DEN,M,,,,1957,0,20,AUG25,1967,i
1418246,"Tolba, Henri",DEN,M,,,,1802,0,20,AUG25,1965,
1404687,"Topholm, Morten",DEN,M,,,,1979,0,20,AUG25,1971,
1422839,"Tornbjerg, Bjarne",DEN,M,,,,1766,0,20,AUG25,1953,i
1479083,"Trier Husted, Asger",DEN,M,,,,1656,0,40,AUG25,2012,i
1438921,"Tronning, Mark Philip",DEN,M,,,,1792,0,20,AUG25,1980,i
1482475,"Tursic, Benjamin",DEN,M,,,,1597,0,40,AUG25,2013,
1482939,"Ulmer, Kristian",DEN,M,,,,1539,0,40,AUG25,1982,
1479997,"Ulmer, Maya Vissing",DEN,F,,,,1614,0,40,AUG25,2010,w
1442473,"Ursta Anghel, Mihai",DEN,M,,,,1897,0,20,AUG25,1998,i
1439197,"Vaelds, Anders",DEN,M,,,,1967,0,20,AUG25,1971,
1473336,"Van Den Brink, Hans",DEN,M,,,,1594,0,20,AUG25,1967,
1452568,"van den Brink, Nienke",DEN,F,,,,1907,0,20,AUG25,2004,w
1417320,"Vangsgaard, Claus",DEN,M,,,,1923,0,20,AUG25,1959,i
1436589,"Vangsgaard, Freja",DEN,F,WFM,WFM,,2065,0,20,AUG25,1998,wi
1485733,"Varghese, Allen Byju",DEN,M,,,,1593,0,40,AUG25,2011,
2900955,"Vasova, Maria",DEN,F,WFM,WFM,,2002,0,20,AUG25,1998,wi
1453882,"Vaziri, Ali",DEN,M,,,,1555,0,20,AUG25,1984,
1472836,"Vedel Kristensen, Henrik",DEN,M,,,,1724,0,20,AUG25,1990,
1410679,"Vedelfort, Tommy",DEN,M,,,,1884,0,20,AUG25,1962,
1427148,"Vedso, Michael",DEN,M,,,,1815,0,20,AUG25,1964,i
1470183,"Veiergang, Oscar",DEN,M,,,,2146,0,40,AUG25,2006,
1408968,"Vej, Jesper",DEN,M,,,,2127,0,20,AUG25,1955,i
1435132,"Velarde, Andrew",DEN,M,,,,1810,0,20,AUG25,1962,i
1408623,"Veng, Johnni",DEN,M,FM,,,2255,0,20,AUG25,1980,i
1471376,"Venkatraman, Pavan",DEN,M,,,,1534,0,40,AUG25,2010,i
1409034,"Vestergaard, Bent",DEN,M,,,,2047,0,20,AUG25,1945,i
1437461,"Vestergaard, Svend",DEN,M,,,,1799,0,20,AUG25,1954,i
1462768,"Videbak, Vincent",DEN,M,,,,1686,0,40,AUG25,2007,
1431536,"Villadsen, Ole Skadborg",DEN,M,,,,1810,0,20,AUG25,1946,i
1400568,"Vinter-Schou, Uffe",DEN,M,IM,,,2377,0,20,AUG25,1970,
1449737,"Vinther, Christoffer",DEN,M,,,,1754,0,20,AUG25,1994,
1404598,"Vistisen, Lars",DEN,M,CM,,,2087,0,20,AUG25,1966,i
1477706,"Vo, Charlie",DEN,M,,,,1721,0,40,AUG25,2013,
1481185,"Vognsen , Frede",DEN,M,,,,1573,0,40,AUG25,2011,i
1457349,"Wahlgreen, Noah Krug",DEN,M,,,,2132,0,40,AUG25,2007,
1428829,"Wang, Peter",DEN,M,,,,1963,0,20,AUG25,1943,i
1422910,"Watson, Colin",DEN,M,,,,1949,0,20,AUG25,1960,i
1446070,"Wegger, Alfred Hedelykke",DEN,M,,,,1786,0,20,AUG25,2002,i
1463217,"Wehding, Anton Bonsvig",DEN,M,,,,1969,0,40,AUG25,2007,
1463225,"Wehding, Laurits Bonsvig",DEN,M,,,,1924,0,40,AUG25,2007,i
1484575,"Wellev, Thomas",DEN,M,,,,1604,0,40,AUG25,1975,
1464086,"Werk, Christian",DEN,M,,,,1669,0,20,AUG25,1995,i
1426850,"Werner, Jakob",DEN,M,,,,1815,0,20,AUG25,1970,
1476793,"Wessel, Jonas",DEN,M,,,,1603,0,40,AUG25,2009,
1467816,"Wester, Bertram",DEN,M,,,,1674,0,40,AUG25,2008,i
1422979,"Wheadon, Peter",DEN,M,,,,1891,0,20,AUG25,1943,i
1405373,"Wieth-Klitgaard, Peter",DEN,M,,,,2037,0,20,AUG25,1966,i
1436988,"Wilbrandt, Simon Pil",DEN,M,,,,2124,0,20,AUG25,1994,
1480480,"Winther, Asbjorn Lund",DEN,M,,,,1515,0,40,AUG25,2005,i
1447173,"Winther, Bjarke Rosenborg",DEN,M,,,,1827,0,20,AUG25,1960,i
1467352,"Winther-Jorgensen, Niclas Alexander",DEN,M,,,,2120,0,20,AUG25,2000,
1407937,"Wiwe, Andreas",DEN,M,FM,,,2310,0,20,AUG25,1986,i
1435086,"Yildiz, Hasan",DEN,M,,,,1950,0,20,AUG25,1966,
1407279,"Yssing, Klaus",DEN,M,,,,2023,0,20,AUG25,1959,i
1405535,"Zachariassen, John",DEN,M,,,,1928,0,20,AUG25,1946,i
1467123,"Zander, Emil",DEN,M,CM,,,2016,0,40,AUG25,2010,i
1474308,"Zbierajewski, Piotr",DEN,M,,,,1672,0,20,AUG25,1988,i
1487906,"Zerahn, Jakob Olesen",DEN,M,,,,1866,0,40,AUG25,1982,
1418343,"Zivkovic, Milenko",DEN,M,,,,1925,0,20,AUG25,1962,
1456300,"Zwisler, Jesper Ostrup",DEN,M,,,,1794,0,20,AUG25,1962,i