ID Number,Name,Fed,Sex,Title,WTit,OTit,Rating,Gms,K,RatingMonth,B-day,Flag
13206877,"Ahn, Dongjoo",KOR,M,,,,1811,0,40,SEP25,2005,i
13201492,"Ahn, Hongjin",KOR,M,IM,,,2304,0,20,SEP25,1999,
13215418,"Ahn, Jeongyoon",KOR,M,,,,1424,0,40,SEP25,2012,
13211170,"Ahn, Junghoo Hugh",KOR,M,,,,1516,0,40,SEP25,2007,i
13224018,"Ahn, Junmin",KOR,M,,,,1497,2,40,SEP25,2015,
13203290,"Ahn, Juyong",KOR,F,,,,1593,0,20,SEP25,1982,w
13200909,"Ahn, Seong Jin",KOR,M,,,,1971,0,20,SEP25,1987,i
13201034,"Ahn, Sungmin",KOR,M,,,,1914,0,20,SEP25,1985,
13216350,"Ahn, Taehyun",KOR,M,,,,1496,0,40,SEP25,2013,
13211064,"Ahn, Yoon",KOR,F,,,,1422,0,40,SEP25,2010,wi
13227211,"Alimbekova, Aibiike",KOR,F,,,,1554,0,40,SEP25,2010,w
13202537,"Alshin, Alexander",KOR,M,,,,1860,0,20,SEP25,1972,i
13205064,"An, Jaehyeok",KOR,M,,,,1596,0,20,SEP25,2005,i
13215965,"An, Jikang",KOR,M,,,,1530,0,40,SEP25,2003,i
13202758,"An, Jin Young",KOR,M,,,,1773,0,40,SEP25,1974,i
13219030,"An, Junghun",KOR,M,,,,1639,0,40,SEP25,1990,
13212559,"An, Sejun",KOR,M,,,,1557,0,40,SEP25,2009,i
13226126,"An, Seunggi",KOR,M,,,,1457,0,40,SEP25,2015,
13225952,"Anshuman, Misra",KOR,M,,,,1424,0,40,SEP25,1981,
13213385,"Arundellee, Donggwan",KOR,M,,,,1468,0,40,SEP25,2012,
13204548,"Aseev, Alexei",KOR,M,,,,1905,0,40,SEP25,1980,i
13206141,"Back, Taein",KOR,M,,,,1570,0,40,SEP25,2002,i
13233793,"Bae, Dohyun",KOR,M,,,,1557,2,40,SEP25,2012,
13219081,"Bae, Hyoungbeen",KOR,M,,,,1647,0,20,SEP25,2000,
13222228,"Bae, Jaemin",KOR,M,,,,1640,4,40,SEP25,2015,
13217437,"Bae, Jinwoo",KOR,M,,,,1599,0,40,SEP25,2009,
13200828,"Bae, Jisoo",KOR,M,,,,1760,0,20,SEP25,1999,i
13216830,"Bae, Joowon",KOR,M,,,,1565,0,40,SEP25,2015,
13201298,"Bae, Junggi",KOR,M,,FI,,1764,0,20,SEP25,1982,i
13200216,"Bae, Kang Hyun",KOR,M,,,,1836,0,40,SEP25,1998,i
13209272,"Bae, Minseok",KOR,M,,,,1637,0,40,SEP25,1998,i
13200305,"Bae, Seohyun",KOR,M,,,,1804,0,20,SEP25,1996,
13201891,"Bae, Sungwon",KOR,M,,,,1846,0,40,SEP25,1989,i
13203436,"Bae, Sungwoo",KOR,M,,,,1719,0,20,SEP25,1999,
13214730,"Baek, Dongyeop",KOR,M,,,,1728,0,40,SEP25,2007,
13230344,"Baek, Gyeongrok",KOR,M,,,,1590,3,40,SEP25,2002,
13205854,"Baek, Kyunghwa",KOR,F,,,,1528,0,40,SEP25,1972,wi
13231707,"Baek, Seunghan",KOR,M,,,,1677,0,40,SEP25,1998,
13200186,"Baek, Wongi",KOR,M,,FI,,1772,0,20,SEP25,1982,
13229540,"Bai, Chanbin",KOR,M,,,,1608,8,40,SEP25,2006,
13200267,"Baik, Joung Ann",KOR,M,,,,1701,0,40,SEP25,1993,i
13211846,"Baik, Junyoung",KOR,M,,,,1407,0,20,SEP25,2000,
13209809,"Baik, Kihoon",KOR,M,,,,1633,0,20,SEP25,1984,i
13228080,"Bang, Jaeyun",KOR,M,,,,1574,0,40,SEP25,2007,
13205676,"Barkovskiy, Yuri Dunin",KOR,M,,,,AFM,1639,0,SEP25,2008,i
13207555,"Bilegsaikhan, Erdenesaikhan",KOR,M,,,,1941,0,40,SEP25,1987,i
13207091,"Bin Nasrin, Nayyef Ashyraf",KOR,M,,,,AFM,1767,0,SEP25,1993,i
13210300,"Bok, Junggyu",KOR,M,,,,AFM,1654,0,SEP25,1999,
13215868,"Browning, Sena",KOR,F,,,,1604,0,40,SEP25,2011,wi
13223100,"Byun, Junseok",KOR,M,,,,1788,0,40,SEP25,2011,
13200852,"Byun, Sungwon",KOR,F,WCM,WCM,,1724,0,20,SEP25,1998,w
13205498,"Carlson, Leo",KOR,M,,,,1711,0,40,SEP25,1989,i
13209701,"Cha, Ethan Junhyeok",KOR,M,,,,1618,0,20,SEP25,2006,i
13209051,"Cha, Hyukju",KOR,M,,,,1468,0,40,SEP25,2006,i
13205366,"Cha, Hyungwook",KOR,M,,,,1488,0,40,SEP25,2004,i
13208900,"Chae, Hanyun",KOR,M,,,,1639,0,40,SEP25,2007,i
13228404,"Chae, Hosung",KOR,M,,,,1652,3,40,SEP25,2011,
13216201,"Chan, Joshuahyeonwi",KOR,M,,,,1483,0,40,SEP25,2014,
13222236,"Chang, Caden",KOR,M,,,,1419,0,40,SEP25,2015,
13211803,"Chang, Eric Saewon",KOR,M,,,,1794,0,40,SEP25,2006,i
13234684,"Chang, Jongho",KOR,M,,,,1898,0,40,SEP25,2004,
13223313,"Chang, Joowan",KOR,M,,,,1492,0,40,SEP25,2009,
13210424,"Chang, Noah Kyungwon",KOR,M,,,,1678,0,40,SEP25,2001,i
13204750,"Chang, William",KOR,M,,,,1869,0,40,SEP25,2000,i
13211951,"Chang, Yoonhyuck Bernard",KOR,M,,,,1579,0,40,SEP25,2009,i
13231642,"Chang, Yunu",KOR,M,,,,1588,0,40,SEP25,2017,
13206672,"Chee, Justin",KOR,M,,,,1812,0,40,SEP25,2001,i
13205480,"Cheon, Sehyuk",KOR,M,CM,,,1860,0,40,SEP25,2008,i
13223445,"Cheong, Dohyun",KOR,M,,,,1492,0,40,SEP25,2008,i
13214292,"Cho, Bennett Yoonjae",KOR,M,,NA,,1720,0,40,SEP25,2007,i
13205510,"Cho, Eunjin",KOR,F,,,,1675,0,40,SEP25,1972,wi
13227335,"Cho, Haedeun",KOR,M,,,,1629,0,40,SEP25,2017,
13201344,"Cho, Hanseong",KOR,M,,,,1673,0,40,SEP25,1994,i
13215124,"Cho, Hayoon",KOR,M,,,,1497,0,40,SEP25,2013,
13226436,"Cho, Hyunyou",KOR,M,,,,1948,0,40,SEP25,2012,
13210793,"Cho, Jaden Wonkyu",KOR,M,,,,1452,0,40,SEP25,2006,i
13204343,"Cho, Jaehan",KOR,M,,,,1668,0,20,SEP25,2004,i
13204254,"Cho, Jaemin",KOR,M,,,,1601,0,20,SEP25,1978,i
13202766,"Cho, Jaeyeon",KOR,F,,,,1707,0,40,SEP25,1973,wi
13218018,"Cho, John Yejoon",KOR,M,,,,1543,0,40,SEP25,2007,i
13232550,"Cho, Jungbin",KOR,M,,,,1419,0,40,SEP25,2016,
13223534,"Cho, Junseo",KOR,M,,,,1554,0,40,SEP25,2010,
13210408,"Cho, Michael Youngjin",KOR,M,,,,1750,0,40,SEP25,2003,i
13221884,"Cho, Minjae",KOR,M,,,,1641,0,40,SEP25,2008,
13201182,"Cho, Minjung",KOR,F,,,,1690,0,40,SEP25,1981,wi
13216872,"Cho, Minseong",KOR,M,,,,1632,0,40,SEP25,2002,i
13216619,"Cho, Myounghee",KOR,F,,,,1493,0,40,SEP25,1978,w
13200550,"Cho, Seongho",KOR,M,,NI,,1958,0,20,SEP25,1990,i
13231103,"Cho, Sungjun",KOR,M,,,,1449,0,40,SEP25,2017,
13205102,"Cho, Sungyun",KOR,M,,,,1765,0,20,SEP25,1998,i
13205846,"Cho, Sunhee",KOR,F,,NA,,1516,0,40,SEP25,1975,wi
13201190,"Cho, Yeonhee",KOR,F,WCM,WCM,"NI,NA",1679,0,20,SEP25,2001,w
13205110,"Cho, Yongseong",KOR,M,,,,1773,0,40,SEP25,1976,i
13208160,"Cho, Yongwoo",KOR,M,,,,1590,0,20,SEP25,2006,i
13220403,"Cho, Youngwoo",KOR,M,,,,1552,7,40,SEP25,2014,
13206621,"Cho, Yuna",KOR,F,,,,1501,0,40,SEP25,2008,wi
13215426,"Choe, Jeeho",KOR,M,,,,1556,0,40,SEP25,2000,i
13202855,"Choe, Jin Young",KOR,F,,,,1825,0,40,SEP25,2001,wi
13234706,"Choe, Matthew Hajoon",KOR,M,,,,1673,4,40,SEP25,2015,
13210688,"Choi, Beomseok",KOR,M,,,,1409,0,40,SEP25,2012,i
13206133,"Choi, Changhyun",KOR,M,,,,1593,0,20,SEP25,2005,i
13224530,"Choi, Chanuk",KOR,M,,,,AFM,1653,0,SEP25,2009,
13202251,"Choi, Cheolhee",KOR,M,,,,1711,0,20,SEP25,1996,i
13200739,"Choi, Daehyun",KOR,M,,,,1745,0,20,SEP25,1998,
13208179,"Choi, Donguk",KOR,M,,,,1556,0,40,SEP25,2009,i
13207415,"Choi, Gyungsook",KOR,F,,NI,,1482,0,20,SEP25,1962,w
13202057,"Choi, Hangsuk",KOR,M,,,,1587,0,40,SEP25,1996,i
13232355,"Choi, Hoyeon",KOR,M,,,,1780,0,40,SEP25,2005,
13211382,"Choi, Hyunbin",KOR,M,,,,1688,5,20,SEP25,2006,
13203185,"Choi, Hyunhyo",KOR,M,,,,1671,0,20,SEP25,2002,i
13225634,"Choi, Hyunmin",KOR,M,,,,1652,0,40,SEP25,2006,
13215752,"Choi, Hyunsoon",KOR,M,,,,1751,0,40,SEP25,1969,
13201379,"Choi, Ian",KOR,M,,,,1803,0,20,SEP25,1998,i
13209043,"Choi, Ikjun",KOR,M,,,,1548,0,40,SEP25,2004,i
13201824,"Choi, Inbae",KOR,M,,,,1642,0,40,SEP25,1985,i
13218816,"Choi, Jeonghyun",KOR,M,,,,1640,0,40,SEP25,1998,
13207750,"Choi, Jeongwoo",KOR,M,,,,1591,0,40,SEP25,2008,i
13201549,"Choi, Jeongyun",KOR,F,,,,1657,0,20,SEP25,1970,wi
13202480,"Choi, Jinwook",KOR,M,,,,1609,0,20,SEP25,2000,i
13220080,"Choi, Jiwon",KOR,M,,,,1542,0,40,SEP25,2012,i
13216511,"Choi, Juneho",KOR,M,,,,1539,6,40,SEP25,2015,
13200224,"Choi, Jung Hwan",KOR,M,,,,1742,0,40,SEP25,1997,i
13211145,"Choi, Jungeun",KOR,F,,,,1449,0,40,SEP25,1970,wi
13228234,"Choi, Jungho",KOR,M,,,,1447,0,40,SEP25,2017,
13214276,"Choi, Jungsook",KOR,F,,,,1528,0,40,SEP25,1971,wi
13221140,"Choi, Jungwoon",KOR,M,,,,1538,4,40,SEP25,2017,
13218654,"Choi, Junho",KOR,M,,,,1599,0,40,SEP25,2000,i
13200020,"Choi, Junil",KOR,M,,FI,,1854,0,20,SEP25,1975,i
13223658,"Choi, Mingyu",KOR,M,,,,1791,0,40,SEP25,2015,
13208330,"Choi, Moon Kyoung",KOR,F,,,,1416,0,40,SEP25,1971,wi
13207938,"Choi, Seungwoo",KOR,M,,,,1406,0,40,SEP25,2008,i
13209892,"Choi, Shinwoo",KOR,M,,,,1548,0,40,SEP25,2008,i
13230182,"Choi, Sihwan",KOR,M,,,,1516,9,40,SEP25,2010,
13207040,"Choi, Suhyeok",KOR,M,,,,1467,0,40,SEP25,2008,i
13208349,"Choi, Sumi",KOR,F,,,,1464,0,40,SEP25,1973,wi
13203592,"Choi, Sunyoung",KOR,F,,,,1785,0,40,SEP25,1969,wi
13209558,"Choi, Unho",KOR,M,,,,1576,0,40,SEP25,2005,i
13231766,"Choi, Yeonwook",KOR,M,,,,1572,2,40,SEP25,2012,
13225731,"Choi, Yoonjae",KOR,M,,,,1434,0,40,SEP25,2015,i
13221167,"Choi, Yurim",KOR,F,,,,1517,0,40,SEP25,1998,w
13202820,"Chon, Yongjoon",KOR,M,,,,2003,0,20,SEP25,2001,i
13208020,"Chong, Youngsung",KOR,M,,,,1657,0,40,SEP25,1999,i
13228102,"Choo, Jinho",KOR,M,,,,1598,0,40,SEP25,1988,
13200313,"Chun, Dongsoo",KOR,M,,,,1745,0,20,SEP25,1983,i
13206079,"Chun, Junhyun",KOR,M,,,,AIM,1763,0,SEP25,2009,
13223291,"Chun, Yunseong",KOR,M,,DI,,1530,0,40,SEP25,2003,
13210882,"Chung, Daejoong",KOR,M,,NI,,1511,0,40,SEP25,1970,i
13205307,"Chung, Daniel Sungho",KOR,M,,,,1719,0,40,SEP25,2000,i
13210785,"Chung, Grace Eun-chong",KOR,F,,,,1575,0,40,SEP25,2008,w
13226592,"Chung, Inho",KOR,M,,,,1541,0,40,SEP25,2011,
13221981,"Chung, Jaeheon",KOR,M,,,,1580,3,20,SEP25,2001,
13209620,"Chung, Jiwon",KOR,F,,,,1416,0,40,SEP25,2010,wi
13214640,"Chung, Jiwoo",KOR,M,,,,1545,0,40,SEP25,2011,
13211790,"Chung, Junhyeon",KOR,M,,,,1763,7,40,SEP25,2010,
13207229,"Chung, Minche",KOR,M,,,,1522,0,20,SEP25,2003,i
13200321,"Chung, Sunghoon",KOR,M,,,,1869,0,20,SEP25,1983,i
13226169,"Chung, Sunhwa",KOR,F,,,,ACM,1421,0,SEP25,1987,w
13234137,"Collins, Thomas Mathew",KOR,M,,,,1583,2,40,SEP25,1986,
13205668,"Dovchin, Bolortungalag",KOR,F,,,,1719,0,20,SEP25,1990,wi
13207580,"Eom, Huisang",KOR,M,,,,1759,0,20,SEP25,1993,
13209710,"Eom, Taeho",KOR,M,,,,1570,0,40,SEP25,2004,i
2019531,"Eynula, Roza",KOR,F,WFM,WFM,,2064,5,20,SEP25,1987,w
13219928,"Feigin, Benjamin",KOR,M,,,,1580,3,40,SEP25,2015,
13215175,"Feigin, Daniel",KOR,M,,,,1945,5,40,SEP25,2012,
13209310,"Fransioli, Brian",KOR,M,,,,1773,0,40,SEP25,1984,i
13210815,"Fruit, Joel Pierce",KOR,M,,,,1946,0,20,SEP25,1998,
13229176,"Gautam, Atharva Singh",KOR,M,,,,1482,0,40,SEP25,2011,
4908287,Gerelt-Munkh Boldbaatar,KOR,M,,,,1542,0,40,SEP25,2011,i
4908538,Gerelt-Od Boldbaatar,KOR,M,,,,1713,0,40,SEP25,2010,i
13217267,"Gim, Hajin",KOR,M,,,,AFM,1650,0,SEP25,2014,
13228285,"Giordmaina, Wayne",KOR,M,,,,1586,0,40,SEP25,1993,
13209302,"Goller, Thomas",KOR,M,,,,1956,0,40,SEP25,1988,i
55686737,"Gon, Andrei",KOR,M,,,,AFM,1774,0,SEP25,1985,
13200232,Gu In-Jung,KOR,M,,,,2023,0,20,SEP25,1995,
13201921,"Gu, Heesung",KOR,M,,,,1548,0,20,SEP25,1997,i
13214403,"Gu, Hyeongjin",KOR,M,,,,1531,0,40,SEP25,2009,i
13200690,"Gu, Jaeheon",KOR,M,,,,1617,0,40,SEP25,1961,i
13208640,"Gupta, Ashwani Kumar",KOR,M,,,,1676,0,20,SEP25,1976,i
13203061,"Gwak, Daejin",KOR,M,,,,1531,0,40,SEP25,2000,i
13203070,"Gwak, Daeyun",KOR,M,,,,1659,0,20,SEP25,2002,i
13205501,"Ha, Jaebeen",KOR,M,,,,1637,0,20,SEP25,2002,i
13215892,"Ha, Jungwoo",KOR,M,,,,1537,7,40,SEP25,2013,
13228749,"Ha, Yejun",KOR,M,,,,1693,0,40,SEP25,2012,
13208152,"Ha, Yoonsoo",KOR,M,,,,1497,0,40,SEP25,2008,
13204491,"Han, Andrew Brian",KOR,M,,,,1830,0,40,SEP25,2001,i
13230085,"Han, Dohoon",KOR,M,,,,1586,0,40,SEP25,2010,
13200330,"Han, Donghee",KOR,M,,,,1851,0,40,SEP25,1978,i
13213741,"Han, Eunkyeol",KOR,M,,,,1556,0,40,SEP25,2013,i
13204181,"Han, Gibaek",KOR,M,,,,1760,0,40,SEP25,1968,i
13213032,"Han, Giuk",KOR,M,,,,1802,6,20,SEP25,2006,
13224000,"Han, Jaejun",KOR,M,,,,1581,0,40,SEP25,2013,
13227173,"Han, Juyeol",KOR,M,,,,1521,0,40,SEP25,2010,i
13206494,"Han, Misuk",KOR,F,,,,1545,0,40,SEP25,1970,wi
13219456,"Han, Sangjun",KOR,M,,,,1415,0,40,SEP25,2014,
13216392,"Han, Seunghyeon",KOR,M,,,,1546,0,40,SEP25,2010,
13223500,"Han, Wontae",KOR,M,,,,1426,0,40,SEP25,1982,
13225308,"Han, Yongsu",KOR,M,,,,1720,5,20,SEP25,2004,
13206435,"Haviland, Frank",KOR,M,,,,1744,0,40,SEP25,1978,i
13233556,"He, Jincheng",KOR,M,,,,1642,0,40,SEP25,2006,
13203371,"Heo, Jinhgyo",KOR,M,,,,1813,0,40,SEP25,2002,i
13231022,"Heo, Jiyul",KOR,M,,,,1418,0,40,SEP25,2013,
13226983,"Heo, Sol",KOR,M,,,,1526,0,40,SEP25,2014,i
13200526,"Heo, Yeonjeong",KOR,F,,,,1920,0,40,SEP25,1983,wi
13201395,"Heo, Yoonmoo",KOR,M,,,,1687,0,20,SEP25,2000,i
13206702,"Ho, Joonsoo",KOR,M,,,,1701,0,40,SEP25,2006,i
13207881,"Ho, Sangwoo",KOR,M,,,,1526,0,40,SEP25,2008,i
13202383,"Hong, Hyeonho",KOR,M,,,,1533,0,20,SEP25,1999,i
13209795,"Hong, Ian",KOR,M,,,,2023,0,40,SEP25,2008,
13206397,"Hong, Jin Mok",KOR,M,,,,1516,0,20,SEP25,2006,i
13231286,"Hong, Jinwoo",KOR,M,,,,1535,0,40,SEP25,2014,
13206095,"Hong, Jiseong",KOR,M,,,,1700,0,40,SEP25,2005,i
13213687,"Hong, Joohyuk",KOR,M,,,,AFM,1824,0,SEP25,2013,
13212702,"Hong, Jueun",KOR,F,,,,1739,0,40,SEP25,2010,w
13202499,"Hong, Seunggi",KOR,M,,,,1645,0,20,SEP25,2001,i
13222023,"Hong, Seungpyo",KOR,M,,,,1551,0,40,SEP25,2007,i
13205250,"Hong, Sungha",KOR,M,,,,1613,0,40,SEP25,2007,i
13211579,"Hong, Taeui",KOR,M,,,,1513,0,40,SEP25,2008,i
13217216,"Hong, Yewon",KOR,F,,,,1603,0,40,SEP25,2013,w
13204408,"Hong, Zoonee",KOR,M,,,,1723,0,40,SEP25,2003,i
13209590,"Huh, Isaak",KOR,M,CM,,,2140,9,40,SEP25,2011,
13210416,"Huh, Junghong",KOR,M,,,,1755,0,40,SEP25,2004,i
13226037,"Huh, Junyoung",KOR,M,,,,1594,0,40,SEP25,2012,
13203193,"Huh, Maximilian Romeo Eunhong",KOR,M,,,,1650,0,20,SEP25,2005,i
13227475,"Hur, Jiyu",KOR,M,,,,1703,5,40,SEP25,2015,
13213695,"Hwang, Dongyoon",KOR,M,,,,1455,0,40,SEP25,2010,i
13210378,"Hwang, Eric Haa",KOR,M,,,,1635,0,40,SEP25,2001,i
13215213,"Hwang, Haseung",KOR,M,,,,1595,0,40,SEP25,2008,i
13216724,"Hwang, Insung",KOR,M,,,,1650,0,40,SEP25,1999,i
13205749,"Hwang, Jaeho",KOR,M,,,,1576,0,40,SEP25,2001,i
13202260,"Hwang, Jaeyoon",KOR,M,,,,1809,0,20,SEP25,1999,i
13200534,"Hwang, Jinuk",KOR,M,,,,1894,0,40,SEP25,1985,i
13205390,"Hwang, Jungmin",KOR,M,,,,1714,0,40,SEP25,2006,i
13201743,"Hwang, Miyeon",KOR,F,,,,1534,0,20,SEP25,1980,wi
13208357,"Hwang, Miyoun B",KOR,F,,,,1432,0,20,SEP25,1974,wi
13233114,"Hwang, Noel",KOR,F,,,,1453,0,40,SEP25,2012,w
13224875,"Hwang, Seungha",KOR,M,,,,1424,0,40,SEP25,2011,
13229575,"Hwang, Siwoo",KOR,M,,,,1423,0,40,SEP25,2016,
13200780,"Hwang, Sungjae",KOR,M,,,,1897,0,20,SEP25,1987,i
13211390,"Hwang, Yerin",KOR,F,,,,1549,0,40,SEP25,2012,wi
13229192,"Hwang, Yoonho Jason",KOR,M,,,,1432,0,40,SEP25,2011,
13228552,"Hwang, Yunjae",KOR,M,,,,1592,0,40,SEP25,2005,i
13222783,"Hwang, Yunseo",KOR,M,,,,1737,5,40,SEP25,2001,
13212621,"Hyun, Seunghye",KOR,F,,,,1421,0,40,SEP25,1966,wi
13208071,"Hyung, Namjung",KOR,F,,,,1513,0,40,SEP25,1975,wi
13224220,"I, Mark",KOR,M,,,,1566,0,40,SEP25,2012,
13209442,"Im, Hyunjong",KOR,M,,,,1515,0,40,SEP25,2005,i
13200380,"Im, Seonghae",KOR,F,,,,1666,0,40,SEP25,1971,wi
13206150,"In, Taehwan",KOR,M,,,,1578,0,20,SEP25,1998,i
13232711,"Izmaylov, Timur Ant",KOR,M,,,,1456,0,40,SEP25,2008,
13202278,"Jang, Bokyoo",KOR,M,,,,1602,0,40,SEP25,2003,i
13209779,"Jang, Chanhee",KOR,M,,,,1413,0,40,SEP25,2008,i
13211471,"Jang, Donggeon",KOR,M,,,,1608,0,40,SEP25,2007,i
13221388,"Jang, Eunjae",KOR,F,,,,1494,0,40,SEP25,2012,w
13218760,"Jang, Hanjun",KOR,M,,,,1592,0,40,SEP25,2001,i
13204955,"Jang, Hyeonho",KOR,M,,,,1768,0,20,SEP25,2001,i
13225286,"Jang, Jaehun",KOR,M,,,,1400,2,40,SEP25,2016,
13201158,"Jang, Jaewon",KOR,M,,,,1845,0,20,SEP25,1998,i
13211935,"Jang, Jihun",KOR,M,,,,1583,0,40,SEP25,1994,i
13202090,"Jang, Joonsang",KOR,M,,,,1568,0,40,SEP25,0,
13208560,"Jang, Junho",KOR,M,,,,1413,0,40,SEP25,2004,i
13201930,"Jang, Junkyu",KOR,M,,,,1613,0,40,SEP25,2000,i
13210386,"Jang, Junyong",KOR,M,,,,1690,0,40,SEP25,2000,i
13215930,"Jang, Junyoung",KOR,M,,,,1712,9,20,SEP25,1994,
13201166,"Jang, Kyungsik",KOR,M,,,,1966,0,20,SEP25,1997,i
13213865,"Jang, Minjun",KOR,M,,,,1412,0,40,SEP25,2011,i
13227033,"Jang, Minki",KOR,M,,,,1541,0,40,SEP25,2016,
13216520,"Jang, Seojun",KOR,M,,,,AFM,1786,5,SEP25,2014,
13218875,"Jang, Seungwoo",KOR,M,,,,1455,0,20,SEP25,1980,
13231006,"Jang, Seyong",KOR,M,,,,1430,0,40,SEP25,2016,
13202685,"Jang, Soohan",KOR,M,,,,1878,0,20,SEP25,2003,i
13203380,"Jang, Sungmun",KOR,M,,,,1841,0,40,SEP25,1975,i
13206540,"Jang, Wonkeyom",KOR,M,,,,1852,0,40,SEP25,1971,i
13234358,"Jang, Woonam",KOR,M,,,,1606,0,40,SEP25,2007,
13216538,"Jang, Yunseo",KOR,F,,,,1470,5,40,SEP25,2011,w
13216023,"Je, Jiwoo",KOR,M,,,,1762,0,20,SEP25,1999,
13210777,"Jee, Seungho Evan",KOR,M,,,,1461,0,40,SEP25,2011,i
13200917,"Jee, Taesik",KOR,M,,,,1827,0,40,SEP25,2000,i
13216864,"Jeon, Hwiseong",KOR,M,,,,1616,0,40,SEP25,2009,i
13220306,"Jeon, Hyeongho",KOR,M,,,,1558,0,40,SEP25,2006,
13203606,"Jeon, Jaewoo",KOR,M,,,,1779,0,40,SEP25,2002,i
13201832,"Jeon, Jinyoung",KOR,M,,,,1583,0,40,SEP25,1985,i
13212311,"Jeon, Jiwan",KOR,M,,,,1542,0,40,SEP25,2011,i
13221914,"Jeon, Jongin",KOR,M,,,,1550,0,40,SEP25,2002,
13205684,"Jeon, Kyunghwa",KOR,F,,,,1558,0,20,SEP25,1969,wi
13226932,"Jeon, Sehyun",KOR,M,,,,1472,0,40,SEP25,2013,
13220683,"Jeon, Seongu",KOR,M,,,,1645,0,20,SEP25,1999,
13208489,"Jeon, Sujin",KOR,F,,,,1486,0,20,SEP25,2005,wi
13230590,"Jeon, Sunjae",KOR,M,,,,1561,0,40,SEP25,2001,
13203975,"Jeon, Taeho",KOR,M,,,,1852,0,40,SEP25,2003,i
13208284,"Jeon, Yujin",KOR,F,,,,1442,0,40,SEP25,1991,wi
13216074,"Jeong, Byeongeun",KOR,M,,,,1689,0,40,SEP25,2005,i
13204157,"Jeong, Chuljin",KOR,M,,,,1791,0,20,SEP25,1983,i
13216082,"Jeong, Donghyeok",KOR,M,,,,1595,0,40,SEP25,1997,i
13214284,"Jeong, Geonyoung",KOR,M,,,,1552,0,40,SEP25,2009,i
13234013,"Jeong, Hajun",KOR,M,,,,1899,0,40,SEP25,2010,
13215353,"Jeong, Heehun",KOR,M,,,,1645,0,40,SEP25,1997,
13208713,"Jeong, Jaemin",KOR,M,,,,1704,0,40,SEP25,2000,i
13202502,"Jeong, Joon",KOR,M,,,,1777,0,40,SEP25,1989,i
13203126,"Jeong, Misuk",KOR,F,,,,1480,0,20,SEP25,1978,wi
13222686,"Jeong, Sangwon",KOR,M,,,,1819,0,40,SEP25,2001,
13228277,"Jeong, Seonu",KOR,M,,,,1540,0,40,SEP25,2003,
13223038,"Jeong, Seowon",KOR,M,,,,1520,0,40,SEP25,2013,
13224417,"Jeong, Seungmin",KOR,M,,,,1560,0,40,SEP25,2005,i
13203614,"Jeong, Taeyoon",KOR,M,,,,1644,0,20,SEP25,2003,i
13226029,"Jeong, Woojin",KOR,M,,,,1569,0,40,SEP25,2013,
13208705,"Jeong, Yeonwoo",KOR,M,,,,1573,0,20,SEP25,2005,i
13216376,"Jeong, Yoojin",KOR,M,,,,1505,0,40,SEP25,2010,
13200836,"Jeong, Youngkyun",KOR,M,,,,1624,0,20,SEP25,1998,i
13204190,"Jin, Seohee",KOR,F,,,,1458,0,20,SEP25,2002,wi
13219758,"Jin, Soohyeon",KOR,M,,,,1437,0,40,SEP25,2012,
13204840,"Jion, Jiho",KOR,M,,,,1652,0,20,SEP25,2006,i
13204297,"Jo, Chang Yeon",KOR,M,,,,1668,0,40,SEP25,1975,i
13208314,"Jo, Hajin",KOR,M,,,,1493,0,40,SEP25,2007,i
13208322,"Jo, Hyeonho",KOR,M,,,,1498,0,40,SEP25,1977,i
13206311,"Jo, Ukrae",KOR,M,,NI,,1890,0,20,SEP25,1984,
13219782,"Joi, Woojoo",KOR,M,,,,1435,1,40,SEP25,2016,
13215205,"Joo, Eram",KOR,M,,,,1569,0,40,SEP25,2012,
13213202,"Joo, Hyunwoo",KOR,M,,,,1709,0,40,SEP25,1995,i
13210297,"Joo, Youngchan",KOR,M,,,,1554,0,40,SEP25,1993,i
13215582,"Ju, Daegun",KOR,M,,,,1584,0,40,SEP25,1998,i
13202073,"Ju, Minsun",KOR,F,,,,1714,0,40,SEP25,2003,wi
13215850,"Ju, Sanghu",KOR,M,,,,1449,0,40,SEP25,2012,i
13207482,"Ju, Sumin",KOR,M,,,,1617,0,40,SEP25,1997,i
13231561,"Jun, Sanghui",KOR,M,,,,1666,4,40,SEP25,2011,
13211838,"Jung, Daewon",KOR,M,,,,1407,0,40,SEP25,2011,i
13208454,"Jung, Dail",KOR,M,,,,AGM,1507,0,SEP25,2001,i
13207148,"Jung, Eunwoo",KOR,M,,,,1506,0,20,SEP25,2006,i
13209884,"Jung, Haechan",KOR,M,,,,1504,0,40,SEP25,2006,i
13200160,"Jung, Ho Jin",KOR,M,,,,1916,0,20,SEP25,1996,i
13208306,"Jung, Iljung",KOR,F,,,,1488,0,40,SEP25,1972,wi
34117226,"Jung, Inje",KOR,M,,,,1818,0,20,SEP25,1991,
13223771,"Jung, Itak",KOR,M,,,,1511,0,40,SEP25,2012,
13202472,"Jung, Ivan Yijoon",KOR,M,,,,1596,0,40,SEP25,2001,i
13213407,"Jung, Jaeheon",KOR,M,,,,1458,0,40,SEP25,2011,i
13229460,"Jung, Jaewoo",KOR,M,,,,1686,0,40,SEP25,1999,
13224026,"Jung, Jihoo",KOR,M,,,,1526,0,40,SEP25,2009,i
13206850,"Jung, Jihoon",KOR,M,,,,1522,0,40,SEP25,2006,i
13207954,"Jung, Jinuk",KOR,M,,,,1726,0,20,SEP25,2006,
13206222,"Jung, Jinwoo",KOR,M,,NI,,1840,0,20,SEP25,2006,i
13201417,"Jung, Jiwan",KOR,M,,,,1659,0,20,SEP25,2002,i
13214349,"Jung, Kyumin",KOR,M,,,,ACM,1761,0,SEP25,2011,i
13212710,"Jung, Minju",KOR,F,,,,1591,0,40,SEP25,2012,w
13200933,"Jung, Minwoo",KOR,M,,,,1842,0,20,SEP25,1996,i
13206885,"Jung, Philkyu",KOR,M,,,,1808,0,40,SEP25,2006,i
13222015,"Jung, Seungho",KOR,M,,,,1455,0,40,SEP25,1997,i
13234021,"Jung, Sian",KOR,M,,,,1538,0,40,SEP25,2018,
13207130,"Jung, Soeun",KOR,F,,,,1413,0,20,SEP25,2005,wi
13203908,"Jung, Woojin",KOR,M,,,,1542,0,40,SEP25,2005,i
13203762,"Jung, Yoonseo",KOR,M,,,,1604,0,20,SEP25,2005,i
13200194,"Jung, Young Hoon",KOR,M,CM,,,1958,0,20,SEP25,1996,i
13207741,"Jung, Yunyeong",KOR,F,,,,1450,0,40,SEP25,2010,wi
13219421,"Jurn, Hongjoon",KOR,M,,,,1411,0,40,SEP25,2010,
13209027,"Kang, Dongyoon",KOR,M,,,,1522,0,40,SEP25,2009,i
13205315,"Kang, Hanbyeol",KOR,M,,,,1897,0,40,SEP25,2001,i
13232185,"Kang, Haneul",KOR,F,,,,1531,0,40,SEP25,2017,w
13202715,"Kang, Hanseul",KOR,F,,,,1566,0,20,SEP25,2005,wi
13214250,"Kang, Heejae",KOR,M,,,,1555,0,40,SEP25,2006,i
13213288,"Kang, Heelin",KOR,M,,,,1505,0,40,SEP25,1997,i
13204025,"Kang, Hoonki",KOR,M,,,,1466,0,40,SEP25,0,i
13210963,"Kang, Hyanggyun",KOR,F,,,,1503,0,40,SEP25,1968,wi
13200771,"Kang, Hyoseok",KOR,M,,,,1832,0,40,SEP25,1971,i
13207776,"Kang, Hyunjung",KOR,F,,NI,,1425,0,40,SEP25,1974,w
13201980,"Kang, Jiin",KOR,F,,,,1602,0,20,SEP25,2002,wi
13200402,"Kang, Jinsu",KOR,F,,,,1678,0,20,SEP25,1971,wi
13206664,"Kang, Jinsun",KOR,F,,,,1756,0,40,SEP25,1972,wi
13231723,"Kang, Jiwon",KOR,M,,,,1670,0,40,SEP25,2013,
13224603,"Kang, Juhyeon",KOR,M,,,,1675,0,40,SEP25,1998,
13215671,"Kang, Kyungmin",KOR,M,,,,1480,0,40,SEP25,2013,
13210866,"Kang, Mikyoung",KOR,F,,,,1431,0,20,SEP25,1979,wi
13235567,"Kang, Mingyu A",KOR,M,,,,1504,5,40,SEP25,2000,
13222708,"Kang, Minseok",KOR,M,,,,1487,0,40,SEP25,2003,
13218824,"Kang, Seunghyeon",KOR,M,,,,1600,0,40,SEP25,2003,
13228951,"Kang, Seungwoo",KOR,M,,,,1682,0,40,SEP25,2002,
13203134,"Kang, Shinsook",KOR,F,,,,1722,0,40,SEP25,1968,wi
13205706,"Kang, Sohyun",KOR,F,WCM,WCM,,1778,0,40,SEP25,2007,w
13213970,"Kang, Sunho",KOR,M,,,,1524,0,40,SEP25,2009,i
13201727,"Kang, Taehyung",KOR,M,CM,,,1921,0,20,SEP25,2003,i
13213458,"Kawai, Alen",KOR,M,,,,1432,0,40,SEP25,2013,
13209787,"Kawai, Leon",KOR,M,,,,ACM,1674,0,SEP25,2008,
13227564,"Kha, Unkho",KOR,M,,,,1750,0,20,SEP25,1963,
24173860,"Khan, Anastasiia",KOR,F,WCM,WCM,NA,1834,0,20,SEP25,2001,w
13227823,"Khvan, Polina",KOR,F,,,,1629,0,40,SEP25,2010,w
13235109,"Khvan, Vladimir",KOR,M,,,,1559,0,40,SEP25,2006,
13206605,"Kim, Aesook",KOR,F,,,,1493,0,40,SEP25,1970,wi
13210360,"Kim, Aidan Y",KOR,M,,,,1654,0,40,SEP25,2002,i
13214136,"Kim, Aleksandr Al",KOR,M,,,,1445,0,40,SEP25,2009,
13230964,"Kim, Aleksandr Gavr",KOR,M,,,,1634,0,40,SEP25,1982,
13230662,"Kim, Alexandr Gen",KOR,M,,,,1614,0,40,SEP25,1996,
4129776,"Kim, Alexey",KOR,M,GM,,,2465,0,10,SEP25,1986,i
13751794,"Kim, Andrey",KOR,M,,,,ACM,1898,0,SEP25,2008,
13225189,"Kim, Artem D",KOR,M,,,,1448,0,40,SEP25,2013,
13211439,"Kim, Baekgyeom",KOR,M,,,,1686,0,40,SEP25,2000,i
6002382,"Kim, Benjamin Yune",KOR,M,,,,1735,0,20,SEP25,2006,i
13204572,"Kim, Bokeon",KOR,M,,,,1713,0,20,SEP25,1991,i
13217984,"Kim, Brandon Kihyon",KOR,M,,,,1449,0,40,SEP25,2006,i
34117234,"Kim, Changhoon",KOR,M,CM,,,1883,0,20,SEP25,1985,
13205200,"Kim, Changhyung",KOR,M,,,,AIM,1903,0,SEP25,2004,
13200941,"Kim, Changwoo",KOR,M,,,,1611,0,20,SEP25,2000,i
13216414,"Kim, Chanjin",KOR,M,,,,1485,0,40,SEP25,2015,i
13216406,"Kim, Chanyoung",KOR,M,,,,1470,0,40,SEP25,2014,i
13206931,"Kim, Dae Eun",KOR,M,,,,1617,0,40,SEP25,2005,i
13203339,"Kim, Dae Hwan",KOR,M,,,,1665,0,20,SEP25,2002,i
13201522,"Kim, Daeil",KOR,M,,FI,,1814,0,20,SEP25,1981,i
13216430,"Kim, Danha",KOR,M,,,,1543,0,40,SEP25,2012,i
13202111,"Kim, Dawon",KOR,F,,,,1644,0,20,SEP25,1987,wi
13203207,"Kim, Derek Minwoo",KOR,M,,,,1699,0,20,SEP25,2003,i
13232827,"Kim, Dohun",KOR,M,,,,ACM,1449,0,SEP25,2008,
13214438,"Kim, Dohyun B",KOR,M,,,,1540,0,40,SEP25,2013,i
13222821,"Kim, Dohyun D",KOR,M,,,,1672,0,20,SEP25,1996,
13229419,"Kim, Dojin A",KOR,M,,,,1524,0,40,SEP25,2016,
13204521,"Kim, Dokyeong",KOR,F,,,,1602,0,20,SEP25,2003,wi
13208128,"Kim, Dokyun",KOR,M,,,,1512,0,40,SEP25,2007,i
13215086,"Kim, Dongchan",KOR,M,,,,1439,0,40,SEP25,2010,i
13223372,"Kim, Donggeon",KOR,M,,,,1546,0,40,SEP25,2005,
13212842,"Kim, Donghan",KOR,M,,,,1831,0,40,SEP25,2013,i
13205943,"Kim, Donghwa",KOR,M,,,,1444,0,40,SEP25,2007,i
13205935,"Kim, Dongmin B",KOR,M,,,,1739,0,40,SEP25,2005,i
13230468,"Kim, Doomin",KOR,M,,,,1604,0,40,SEP25,1979,
13226070,"Kim, Doun",KOR,M,,,,1739,0,40,SEP25,2008,
13204467,"Kim, Doyeon",KOR,M,,,,1644,0,20,SEP25,2004,i
13214420,"Kim, Doyeon B",KOR,F,,,,1702,8,40,SEP25,2013,w
13217739,"Kim, Doyoon B",KOR,M,,,,1590,0,40,SEP25,2013,i
13203622,"Kim, Doyoung",KOR,M,,,,1789,0,40,SEP25,2003,i
13210084,"Kim, Doyoung B",KOR,M,,,,1608,0,40,SEP25,1997,i
13200798,"Kim, Doyun",KOR,M,,,,1638,0,20,SEP25,1988,
13215280,"Kim, Echae",KOR,M,,,,1755,0,40,SEP25,2014,
13226533,"Kim, Eugene A",KOR,M,,,,1536,0,40,SEP25,2013,
13203142,"Kim, Eun Hea",KOR,F,,,,1771,0,40,SEP25,1975,wi
13202774,"Kim, Eun Hui",KOR,F,,,,1740,0,40,SEP25,0,wi
13208195,"Kim, Eunju",KOR,F,,,,1588,0,40,SEP25,1977,wi
13224654,"Kim, Evgenii Vlad",KOR,M,,,,1566,0,40,SEP25,2010,
13217925,"Kim, Geonmin",KOR,M,,,,1475,3,40,SEP25,2015,
13220640,"Kim, Geono",KOR,M,,,,1448,3,40,SEP25,2015,
13222651,"Kim, Gibeom",KOR,M,,,,1577,0,40,SEP25,1998,
13210076,"Kim, Gunhee",KOR,M,,,,1613,0,40,SEP25,2000,i
13205528,"Kim, Gyoungsug",KOR,F,,,,1743,0,40,SEP25,1960,wi
13223569,"Kim, Gyubeen",KOR,M,,,,1566,3,40,SEP25,2014,
13218905,"Kim, Hajoon",KOR,M,,,,1693,0,40,SEP25,2012,
13235486,"Kim, Hakyoon",KOR,M,,,,1514,5,40,SEP25,2010,
13207474,"Kim, Halam",KOR,M,,,,1498,0,40,SEP25,2000,i
13207253,"Kim, Hangyul",KOR,M,,,,1451,0,40,SEP25,2007,i
13207245,"Kim, Hannah",KOR,F,,DI,,1584,0,20,SEP25,2003,wi
13209736,"Kim, Heeyou",KOR,M,,,,1586,0,40,SEP25,2010,
13210939,"Kim, Heeyoung",KOR,F,,,,1474,0,40,SEP25,1980,wi
13206699,"Kim, Heonwoo",KOR,M,,,,1501,0,40,SEP25,2009,i
13207903,"Kim, Herrie",KOR,F,,,,1498,0,40,SEP25,2007,wi
13213601,"Kim, Hwaeum",KOR,F,,,,1438,0,40,SEP25,2011,w
13214381,"Kim, Hwangjeon",KOR,M,,,,1536,0,20,SEP25,1994,i
13201557,"Kim, Hyejin",KOR,F,,,,1680,0,20,SEP25,1982,wi
13204246,"Kim, Hyelim",KOR,F,,,,1552,0,40,SEP25,1992,wi
13205536,"Kim, Hyeungjin",KOR,F,,,,1699,0,40,SEP25,1974,wi
13203398,"Kim, Hyonim",KOR,F,,,,1736,0,40,SEP25,1975,wi
13231936,"Kim, Hyowon",KOR,F,,,,1600,0,40,SEP25,2012,w
13200585,"Kim, Hyoyoung",KOR,F,,,,1651,0,20,SEP25,1995,wi
13232800,"Kim, Hyun",KOR,M,,,,1524,0,40,SEP25,1983,
13204912,"Kim, Hyungcheol",KOR,M,,,,1481,0,40,SEP25,1962,i
13208578,"Kim, Hyungjoon",KOR,M,,,,1554,0,40,SEP25,2010,i
13200950,"Kim, Hyungsub",KOR,M,,,,1803,0,40,SEP25,0,i
13203983,"Kim, Hyunho",KOR,M,,,,1820,0,40,SEP25,2003,i
13213083,"Kim, Hyunho B",KOR,M,,DI,,1605,0,20,SEP25,1979,
13203738,"Kim, Hyunji",KOR,F,,,,1627,0,40,SEP25,1999,wi
13207083,"Kim, Hyunjun",KOR,M,,,,1624,0,40,SEP25,2007,i
13214268,"Kim, Hyunjung",KOR,F,,,,1506,0,40,SEP25,1971,wi
13231065,"Kim, Hyunjung A",KOR,M,,,,1419,0,40,SEP25,2015,
13204564,"Kim, Hyunkun",KOR,M,,DI,,1688,0,20,SEP25,1995,i
13231278,"Kim, Hyunsoo A",KOR,M,,,,1653,0,40,SEP25,2005,
13200038,"Kim, Hyunwoo",KOR,M,,,,1903,0,20,SEP25,1985,i
13215736,"Kim, Hyunwoo B",KOR,M,,,,1425,0,40,SEP25,2014,
13206249,"Kim, Ian Choi",KOR,M,,,,1803,0,40,SEP25,2005,i
13209515,"Kim, Ilhyun",KOR,M,,,,1815,0,40,SEP25,1977,i
13201204,"Kim, Inguh",KOR,M,CM,,,1949,0,20,SEP25,1986,
13204378,"Kim, Inkyu",KOR,M,,,,1492,0,40,SEP25,2005,i
13219790,"Kim, Jaeha",KOR,M,,,,1656,12,40,SEP25,2017,
13204602,"Kim, Jaehee",KOR,F,,,,1566,0,40,SEP25,2003,wi
13222066,"Kim, Jaehyeon",KOR,M,,,,1545,0,40,SEP25,1993,
13204980,"Kim, Jaesuh",KOR,M,,,,1707,0,40,SEP25,2002,i
13207067,"Kim, Jangwon",KOR,M,,,,1767,0,40,SEP25,1961,i
13201840,"Kim, Jeongjin",KOR,F,,,,1700,0,20,SEP25,1973,wi
13205323,"Kim, Jieun",KOR,F,,,,1716,0,40,SEP25,1974,wi
13227637,"Kim, Jiho",KOR,M,,,,1551,0,40,SEP25,2012,
13230158,"Kim, Jiho A",KOR,M,,,,1482,0,40,SEP25,2015,
13211331,"Kim, Jihu",KOR,F,,,,1431,0,40,SEP25,2008,wi
13227467,"Kim, Jihun",KOR,M,,,,1593,4,40,SEP25,2015,
13205633,"Kim, Jihwan",KOR,M,,NI,,1772,0,20,SEP25,2005,
13224271,"Kim, Jimin",KOR,M,,,,1764,0,40,SEP25,2003,
13234714,"Kim, Jimyeong",KOR,M,,,,1598,6,40,SEP25,2002,
13226410,"Kim, Jinhwi",KOR,M,,,,1447,0,40,SEP25,2004,
13206656,"Kim, Jinkyu",KOR,M,,,,1732,0,40,SEP25,1983,i
13202405,"Kim, Jinsoo",KOR,M,CM,,,2205,0,20,SEP25,1991,i
13208055,"Kim, Jinsoo B",KOR,M,,,,1509,0,40,SEP25,1971,i
13208217,"Kim, Jinsung",KOR,M,,,,1442,0,40,SEP25,1974,i
13227181,"Kim, Jio",KOR,M,,,,1511,0,40,SEP25,2012,
13206486,"Kim, Jiran",KOR,F,,,,1585,0,40,SEP25,1974,wi
13225251,"Kim, Jiun",KOR,M,,,,AFM,1493,0,SEP25,2007,i
13232452,"Kim, Jiwoo",KOR,F,,,,1512,0,40,SEP25,2013,w
13206680,"Kim, Jiyoon",KOR,F,,,,1448,0,40,SEP25,2009,wi
13219774,"Kim, Jonghun",KOR,M,,,,1495,0,20,SEP25,2006,
13203150,"Kim, Jongki",KOR,M,,,,1796,0,40,SEP25,1962,i
13203215,"Kim, Joon",KOR,M,,,,1599,0,20,SEP25,2006,i
13208721,"Kim, Joonyeob",KOR,M,,,,1492,0,40,SEP25,2009,i
13214462,"Kim, Jooyeon",KOR,F,,,,1800,9,40,SEP25,2015,w
13204742,"Kim, Joungyoon",KOR,M,,,,1887,0,40,SEP25,2000,i
13205013,"Kim, Juhan",KOR,M,,,,1498,0,40,SEP25,2004,i
13205285,"Kim, Juhyeong",KOR,M,,,,1662,0,20,SEP25,2004,i
13211900,"Kim, Junehyeok",KOR,M,,,,1559,0,40,SEP25,2005,i
13202286,"Kim, Jungmu",KOR,M,,,,1605,0,20,SEP25,1995,i
13212575,"Kim, Jungsu",KOR,M,,,,1608,0,40,SEP25,1995,i
13216627,"Kim, Junha",KOR,M,,,,1606,0,40,SEP25,2012,
13201107,"Kim, Junho",KOR,M,,,,1734,0,20,SEP25,1997,i
382104398,"Kim, Junho C",KOR,M,,,,1818,0,40,SEP25,2010,
13211447,"Kim, Junhwan",KOR,M,,,,1647,0,20,SEP25,1975,
13229877,"Kim, Juwon",KOR,M,,,,1560,1,40,SEP25,2012,
13217895,"Kim, Keonwoo",KOR,M,,,,1692,0,40,SEP25,2014,
13209000,"Kim, Kunhoo Alexander",KOR,M,,,,1866,0,40,SEP25,2011,
13207059,"Kim, Kwanghyeon",KOR,M,,,,1731,0,40,SEP25,2007,i
13202227,"Kim, Kwanje",KOR,M,,,,1585,0,20,SEP25,1988,i
13219529,"Kim, Kwansoo",KOR,M,,,,1654,0,20,SEP25,2000,
13227572,"Kim, Kyungsub",KOR,M,,,,1597,0,40,SEP25,1985,i
13225740,"Kim, Lucas Jiwon",KOR,M,,,,1542,0,40,SEP25,2014,
13230603,"Kim, Mikhail Den",KOR,M,,,,1537,0,40,SEP25,2013,
13227343,"Kim, Minchul",KOR,M,,,,1477,0,40,SEP25,2013,
13216988,"Kim, Mingeon",KOR,M,,,,1805,0,40,SEP25,2011,
13211102,"Kim, Minha",KOR,F,,,,1431,0,40,SEP25,2009,wi
13200410,"Kim, Minhee",KOR,F,,,,1726,0,20,SEP25,1993,wi
13201050,"Kim, Minho",KOR,M,,,,1926,0,20,SEP25,2000,
13212397,"Kim, Minjae",KOR,M,,,,1771,0,20,SEP25,1999,
13222635,"Kim, Minjae D",KOR,M,,,,1764,0,40,SEP25,1999,
13205951,"Kim, Minji",KOR,F,,,,1423,0,40,SEP25,2007,wi
13204416,"Kim, Minjun A",KOR,M,,,,1722,0,40,SEP25,2003,i
13206788,"Kim, Minjun C",KOR,M,,,,1481,0,40,SEP25,2009,
13212885,"Kim, Minjun D",KOR,M,,,,1709,0,40,SEP25,2012,
13208047,"Kim, Minjung",KOR,F,,,,1481,0,40,SEP25,1974,wi
13204823,"Kim, Minseo",KOR,M,,,,1654,0,40,SEP25,2007,i
13205439,"Kim, Minseo B",KOR,F,,,,1583,0,40,SEP25,2003,wi
13212443,"Kim, Minseo C",KOR,M,,NI,,1675,3,40,SEP25,2000,
13219146,"Kim, Minseok B",KOR,M,,,,1695,0,20,SEP25,2001,i
13205196,"Kim, Minsung",KOR,M,,,,ACM,1557,0,SEP25,2003,i
13213580,"Kim, Minwoo",KOR,M,,,,1559,0,40,SEP25,2012,
13228226,"Kim, Mir",KOR,M,,,,1479,0,40,SEP25,2017,
13222589,"Kim, Moonso",KOR,M,,,,ACM,1466,0,SEP25,1979,
13229630,"Kim, Myoungsang",KOR,M,,,,1711,0,40,SEP25,2000,
13215183,"Kim, Nayoon B",KOR,F,,,,1588,7,40,SEP25,2014,w
13213539,"Kim, Nayun",KOR,F,,,,1420,0,40,SEP25,2012,w
13224794,"Kim, Oleg Al",KOR,M,,,,1497,0,40,SEP25,1999,
13223046,"Kim, Ria",KOR,F,,,,1507,0,40,SEP25,2016,w
13222872,"Kim, Rian",KOR,M,,,,ACM,1486,0,SEP25,2016,
13214748,"Kim, Rowon",KOR,M,,,,1479,0,40,SEP25,2007,i
13215477,"Kim, Ryan Joonwoo",KOR,M,,,,1626,0,40,SEP25,2010,
13200518,"Kim, Saebyeok",KOR,M,CM,FI,,1991,0,20,SEP25,1984,i
13209744,"Kim, Sangmin",KOR,M,,,,1504,0,40,SEP25,2011,i
13204831,"Kim, Sangyun",KOR,M,,,,1681,0,20,SEP25,2006,i
13212834,"Kim, Sarang",KOR,F,WCM,WCM,,1784,0,40,SEP25,2011,w
13221078,"Kim, Seoha",KOR,M,,,,1525,0,40,SEP25,2010,i
13201425,"Kim, Seokchan",KOR,M,,,,1666,0,40,SEP25,1999,i
13204424,"Kim, Seunggun",KOR,M,,,,1704,0,40,SEP25,2006,i
13206737,"Kim, Seungtae",KOR,M,,,,1500,0,40,SEP25,2007,i
13230140,"Kim, Seungwon",KOR,M,,,,1654,6,40,SEP25,2016,
382104431,"Kim, Seungyu",KOR,M,,,,AFM,1533,0,SEP25,2010,
13230409,"Kim, Siho",KOR,M,,,,1511,0,40,SEP25,2015,
13210530,"Kim, Sihoo",KOR,M,,,,1408,0,40,SEP25,2011,i
13216180,"Kim, Sijun",KOR,M,,,,1480,0,40,SEP25,2013,i
13223682,"Kim, Siwon",KOR,M,,,,1465,0,40,SEP25,2016,
13223127,"Kim, Siwoo A",KOR,M,,,,1591,0,40,SEP25,2008,
13225880,"Kim, Songha",KOR,F,,,,1453,0,40,SEP25,2009,w
13222295,"Kim, Songhyun",KOR,M,,,,1520,0,40,SEP25,1994,i
13205544,"Kim, Soonjung",KOR,F,,,,1699,0,40,SEP25,1970,wi
13206559,"Kim, Soyoung",KOR,F,,,,1852,0,40,SEP25,2004,wi
13214454,"Kim, Sumin",KOR,F,,,,1550,0,20,SEP25,2001,wi
13215434,"Kim, Suna",KOR,F,,,,1509,0,40,SEP25,1993,wi
13200607,"Kim, Sungmin",KOR,M,,,,1773,0,20,SEP25,2000,i
13212460,"Kim, Sungmin B",KOR,M,,,,1543,0,40,SEP25,2008,i
13205080,"Kim, Sunhwa",KOR,F,,,,1761,0,40,SEP25,1981,wi
13206303,"Kim, Sunmin",KOR,F,,,,1756,0,40,SEP25,2000,wi
13232428,"Kim, Sunyong",KOR,M,,,,1606,0,40,SEP25,1991,
13200976,"Kim, Taegyeong",KOR,F,WCM,WCM,,1717,0,20,SEP25,1999,wi
13217291,"Kim, Taehoon B",KOR,M,,,,1588,0,40,SEP25,2011,
13207288,"Kim, Taehun A",KOR,M,,,,1527,0,40,SEP25,2009,i
13204459,"Kim, Taehyeon",KOR,M,,,,1540,0,40,SEP25,2007,i
13201620,"Kim, Taehyun",KOR,M,,,,1684,0,40,SEP25,1992,i
13232886,"Kim, Taehyun A",KOR,M,,,,1552,0,40,SEP25,1998,
13233700,"Kim, Taehyun B",KOR,M,,,,1783,0,40,SEP25,2004,
13202910,"Kim, Taehyung",KOR,M,,,,1701,0,20,SEP25,2000,i
13227009,"Kim, Taei",KOR,M,,,,1479,4,40,SEP25,2012,
13227432,"Kim, Taei A",KOR,M,,,,1466,0,40,SEP25,2017,
13214004,"Kim, Taeu",KOR,M,,,,1515,6,40,SEP25,2012,
13204386,"Kim, Taewoo A",KOR,M,,,,1857,0,20,SEP25,2002,
13215132,"Kim, Taewoo C",KOR,M,,,,1771,8,40,SEP25,2014,
13230581,"Kim, Taewoo D",KOR,M,,,,1844,0,40,SEP25,2006,
13201530,"Kim, Taeyoun",KOR,M,,,,1453,0,20,SEP25,1996,i
13227874,"Kim, Taeyul A",KOR,M,,,,ACM,1650,0,SEP25,2008,
13204734,"Kim, Woongbin",KOR,M,,,,1720,0,40,SEP25,1996,i
13219022,"Kim, Yegeon",KOR,M,,,,1859,8,40,SEP25,2010,
13215760,"Kim, Yejun",KOR,M,,,,1800,0,40,SEP25,2010,
13228889,"Kim, Yeonghyeon",KOR,F,,,,1684,0,40,SEP25,1998,w
13231294,"Kim, Yeonsu",KOR,M,,,,1491,0,40,SEP25,1964,
13223348,"Kim, Yeowon",KOR,F,,,,1618,0,40,SEP25,2000,w
13208209,"Kim, Yihyoun",KOR,M,,,,1503,0,40,SEP25,2007,i
13215485,"Kim, Yongho",KOR,M,,,,1801,0,40,SEP25,1998,
13201352,"Kim, Yongjoo",KOR,M,,,,1971,0,20,SEP25,1990,i
13200062,"Kim, Yongtae",KOR,M,,,,1899,0,20,SEP25,1993,i
13201760,"Kim, Young Gun",KOR,M,,,,1748,0,40,SEP25,1969,i
13208187,"Kim, Young Lim",KOR,F,,,,1544,0,40,SEP25,1978,wi
13202952,"Kim, Youngjin",KOR,M,,,,1502,0,40,SEP25,2003,i
13200097,"Kim, Youngsoo",KOR,M,,,,1842,0,40,SEP25,1985,i
13205552,"Kim, Youngsoon",KOR,F,,,,1719,0,40,SEP25,1968,wi
13221256,"Kim, Yubin",KOR,M,,,,1984,16,40,SEP25,2008,
13202316,"Kim, Yubin",KOR,F,WCM,WCM,,1825,0,20,SEP25,2004,wi
13209728,"Kim, Yunhyeok",KOR,M,,,,1463,0,40,SEP25,2010,i
13207539,"Kim, Yunseo",KOR,M,,,,2096,0,20,SEP25,2003,i
13203053,"Ko, Budle",KOR,M,,,,1610,0,20,SEP25,1978,i
13206745,"Ko, Gunho",KOR,M,,,,1549,0,40,SEP25,2007,i
13217593,"Ko, Gunwoo",KOR,M,,,,1457,0,40,SEP25,2012,i
13209531,"Kobiljon, Ikromjanov",KOR,M,,,,1792,0,40,SEP25,1996,i
13205820,"Koh, A R",KOR,F,,,,1488,0,20,SEP25,2002,wi
13200178,"Koh, Jung Woo",KOR,M,,,,1654,0,40,SEP25,1994,i
13206257,"Kong, Suh Young",KOR,F,,,,1536,0,20,SEP25,2006,wi
13208667,"Koo, Bonseob",KOR,M,,,,1541,0,40,SEP25,2007,i
13221850,"Koo, Doyoon",KOR,F,,,,1576,0,40,SEP25,2009,w
13215884,"Koo, Hayul",KOR,M,,,,1444,0,40,SEP25,2012,i
13202863,"Koo, Inmo",KOR,M,,,,1678,0,20,SEP25,2003,i
13216228,"Koo, Jaecheon",KOR,M,,,,1494,0,40,SEP25,1973,i
13207172,"Koo, Nayeon",KOR,F,,,,1462,0,20,SEP25,2006,wi
13201433,"Ku, Jayun",KOR,M,,,,1612,0,20,SEP25,2002,i
13202928,"Kuznetsov, Nikolay",KOR,M,,,,1931,0,40,SEP25,1987,i
13210831,"Kwak, Changnam",KOR,M,,,,1509,0,40,SEP25,1968,i
13219260,"Kwak, Doyun",KOR,M,,,,1596,0,40,SEP25,1999,i
13215531,"Kwak, Eunwoo",KOR,M,,,,1509,0,40,SEP25,2010,
13216341,"Kwak, Jeonghwan",KOR,M,,,,1547,4,40,SEP25,2011,
13220977,"Kwak, Joohwan",KOR,M,,,,1651,8,40,SEP25,2016,
13202553,"Kwak, Junyong",KOR,M,,,,1893,0,40,SEP25,1979,i
13202901,"Kwak, Keun Hyong",KOR,M,,,,1609,0,40,SEP25,2003,i
13229206,"Kwak, Yeseong",KOR,M,,,,1493,0,40,SEP25,2014,
13215515,"Kwak, Yujin",KOR,M,,,,1439,0,40,SEP25,2012,
13207962,"Kwon, Aiden",KOR,M,,,,1537,0,40,SEP25,2008,i
13200119,"Kwon, Eunmi",KOR,F,,,,1742,0,40,SEP25,1979,wi
13222600,"Kwon, Hajun",KOR,M,,,,1450,0,40,SEP25,2011,i
13225430,"Kwon, Jihoo",KOR,M,,,,1667,0,40,SEP25,2010,
13203770,"Kwon, Junesang",KOR,M,,,,1519,0,40,SEP25,2005,i
13208039,"Kwon, Kijun",KOR,M,,,,1494,0,40,SEP25,1981,i
13233610,"Kwon, Raein",KOR,M,,,,1563,0,40,SEP25,2009,
13203088,"Kwon, Sehyun",KOR,M,FM,,,2253,9,20,SEP25,1998,
13207237,"Kwon, Soonwoo",KOR,M,,,,1522,0,40,SEP25,2007,i
13200437,"Kwon, Suknyeo",KOR,F,,,,1730,0,40,SEP25,1973,wi
13203665,"Kwon, Yongseong",KOR,M,,,,1546,0,40,SEP25,2002,i
13208829,"Kwon, Youngjoon",KOR,M,,,,1411,0,40,SEP25,2008,i
13206907,"Kwon, Yugyeom",KOR,M,,,,1424,0,40,SEP25,1984,i
13202022,"Kwun, Minhyeok",KOR,M,,,,1661,0,20,SEP25,1999,i
13208365,"Kyun, Sung Min",KOR,M,,,,1661,0,20,SEP25,1996,
13208632,"Laing, Christian Riales",KOR,M,,,,1640,0,20,SEP25,1990,i
13210491,"Lee, Aiden Donghoon",KOR,M,,,,1438,0,40,SEP25,2009,
13220110,"Lee, Ain",KOR,M,,,,1708,0,40,SEP25,2013,
13204700,"Lee, Bongsook",KOR,F,,,,1403,0,40,SEP25,1980,wi
13214322,"Lee, Bongsuk",KOR,F,,,,1700,0,40,SEP25,1955,wi
13234080,"Lee, Boram",KOR,M,,,,1684,0,40,SEP25,1984,
13211480,"Lee, Chaeho",KOR,M,,,,1559,0,40,SEP25,2010,i
13228382,"Lee, Chamin",KOR,M,,,,1565,0,40,SEP25,2013,
13207571,"Lee, Chan",KOR,M,,,,1719,0,20,SEP25,2002,i
13202510,"Lee, Chang Hyun",KOR,M,,,,1726,0,40,SEP25,2000,i
13218441,"Lee, Chanhee",KOR,M,,,,1624,0,20,SEP25,1994,
13211293,"Lee, Chanjoo",KOR,M,,,,ACM,1591,8,SEP25,2011,
13224344,"Lee, Chanyul",KOR,M,,,,1589,0,40,SEP25,2011,i
13211897,"Lee, Chase",KOR,M,,,,1603,0,40,SEP25,2012,
34117277,"Lee, Chulwoo",KOR,M,,FI,,1634,8,20,SEP25,1971,
13231332,"Lee, Dahyeon",KOR,M,,,,1610,15,40,SEP25,2014,
13222325,"Lee, Dajung",KOR,F,,,,1449,0,40,SEP25,2004,wi
13225790,"Lee, David J",KOR,M,,,,1639,4,40,SEP25,2016,
13219103,"Lee, Doil",KOR,F,,,,1594,0,40,SEP25,2001,w
13222953,"Lee, Donggeon",KOR,M,,,,1523,0,40,SEP25,2014,i
13202626,"Lee, Donghoon",KOR,M,,,,1617,0,20,SEP25,1971,i
13206893,"Lee, Donghoon B",KOR,M,,,,1742,0,40,SEP25,2008,i
13228013,"Lee, Donghwa",KOR,M,,,,1466,2,40,SEP25,2015,
13220608,"Lee, Donghyun B",KOR,M,,,,1629,0,40,SEP25,2000,i
13220632,"Lee, Donghyun C",KOR,M,,DI,,1714,6,20,SEP25,2000,
13204130,"Lee, Dongseob",KOR,M,,,,1821,0,20,SEP25,1991,
13210807,"Lee, Dongsoo",KOR,M,,,,1499,0,20,SEP25,1979,i
13232061,"Lee, Doyun A",KOR,M,,,,1580,6,40,SEP25,2010,
13229052,"Lee, Dummim",KOR,M,,,,1800,0,40,SEP25,1999,
13214535,"Lee, Eoram",KOR,M,,,,ACM,1848,0,SEP25,2011,
13224883,"Lee, Eunhak",KOR,M,,,,1634,0,40,SEP25,2015,
13208730,"Lee, Eunjae",KOR,M,,,,1501,0,20,SEP25,2006,i
13227394,"Lee, Eunji",KOR,F,,NI,,1557,0,40,SEP25,1999,w
13200763,"Lee, Eunsik",KOR,M,,,,1763,0,40,SEP25,1986,i
13210769,"Lee, Geo",KOR,M,,,,1452,0,40,SEP25,2011,i
13216422,"Lee, Geonho",KOR,M,,,,1421,0,40,SEP25,2013,i
13226134,"Lee, Geonmin",KOR,M,,,,1525,0,40,SEP25,2004,
13216384,"Lee, Geunha",KOR,M,,,,1508,0,40,SEP25,2012,i
13203401,"Lee, Gieun",KOR,F,,,,1660,0,20,SEP25,1996,wi
13212516,"Lee, Gyumin",KOR,F,,,,1403,0,40,SEP25,2011,w
13229605,"Lee, Gyuyeon",KOR,M,,,,1631,9,40,SEP25,2012,
13223186,"Lee, Haedeun",KOR,F,,DI,,1513,0,40,SEP25,1994,wi
13203649,"Lee, Hagyun",KOR,M,,,,1655,0,20,SEP25,2003,i
13217526,"Lee, Hajin",KOR,M,,,,1490,0,40,SEP25,2012,
13227327,"Lee, Hajin A",KOR,M,,,,1513,0,40,SEP25,2017,
13229222,"Lee, Hanjo",KOR,M,,,,1509,0,40,SEP25,2015,
13217712,"Lee, Heejun",KOR,M,,,,1404,0,40,SEP25,2011,
13203410,"Lee, Honggyun",KOR,M,,,,1699,0,20,SEP25,2002,i
13207865,"Lee, Hosan",KOR,M,,,,1669,0,40,SEP25,2007,i
13232070,"Lee, Hwanseo",KOR,M,,,,1687,0,40,SEP25,2006,
13204203,"Lee, Hwicheol",KOR,M,,,,1761,0,40,SEP25,1985,i
13208276,"Lee, Hyeja",KOR,F,,,,1508,0,40,SEP25,1975,wi
13230743,"Lee, Hyeonjun",KOR,M,,,,1462,0,40,SEP25,2014,
13209299,"Lee, Hyo",KOR,M,,,,1966,0,40,SEP25,2007,i
13210971,"Lee, Hyojin",KOR,F,,,,1525,0,40,SEP25,1979,wi
13209280,"Lee, Hyuk",KOR,M,,,,1977,7,20,SEP25,2000,
13228188,"Lee, Hyungwoo",KOR,M,,,,1525,0,40,SEP25,2016,
13209400,"Lee, Hyunhee",KOR,F,,,,1506,0,40,SEP25,1974,wi
13222619,"Lee, Hyunju",KOR,F,,,,1547,0,40,SEP25,2013,w
13201441,"Lee, Injae",KOR,M,,,,1728,0,20,SEP25,1999,i
13211510,"Lee, Insuk",KOR,F,,NI,,1477,0,40,SEP25,1969,wi
13206400,"Lee, Jae Heon",KOR,M,,,,1767,0,40,SEP25,1981,i
13202529,"Lee, Jae Min",KOR,M,,,,1687,0,40,SEP25,2000,i
13222112,"Lee, Jaehyun",KOR,M,,,,1538,0,40,SEP25,1995,i
13205560,"Lee, Jaejun",KOR,M,,,,1797,0,40,SEP25,2001,i
13210025,"Lee, Jaejun B",KOR,M,,,,1519,0,40,SEP25,2007,i
13211463,"Lee, Jaeun",KOR,M,,,,1578,0,40,SEP25,2004,
13203991,"Lee, Jaewon",KOR,M,,,,1870,0,40,SEP25,0,i
13201069,"Lee, Jaeyeul",KOR,M,,,,1708,0,20,SEP25,1980,i
13222368,"Lee, JaeYoung",KOR,M,,,,1621,0,40,SEP25,2000,i
13201565,"Lee, Jaeyun",KOR,M,,,,1643,0,40,SEP25,0,i
13215744,"Lee, Jangwon",KOR,M,,,,1480,0,40,SEP25,1995,i
13203231,"Lee, Jeeho",KOR,M,,,,1498,0,20,SEP25,2004,i
13216821,"Lee, Jeongjun B",KOR,M,,,,1467,5,40,SEP25,2015,
13231529,"Lee, Jeongmin",KOR,M,,,,AFM,1480,0,SEP25,2012,
13209574,"Lee, Jeongsu",KOR,M,,,,1756,0,40,SEP25,1997,i
13220853,"Lee, Jeongwoo B",KOR,M,,,,1646,0,40,SEP25,2016,
13226363,"Lee, Jepil",KOR,M,,,,ACM,1539,0,SEP25,2016,
13209582,"Lee, Jian",KOR,F,,,,1462,0,40,SEP25,2009,wi
13229613,"Lee, Jian A",KOR,F,,,,1576,0,40,SEP25,2015,w
13217836,"Lee, Jian B",KOR,F,,,,1528,0,40,SEP25,2011,w
13207202,"Lee, Jiheon",KOR,M,,,,1403,0,40,SEP25,2006,i
13234269,"Lee, Jiho",KOR,M,,,,1558,6,40,SEP25,2014,
13213776,"Lee, Jihoon",KOR,M,,,,1490,0,40,SEP25,2010,
13203096,"Lee, Jinseo",KOR,M,,,,1641,0,40,SEP25,2002,i
13204785,"Lee, Jinsoo",KOR,M,,,,1848,0,20,SEP25,1995,i
13205005,"Lee, Jinwoo",KOR,M,,,,1633,0,40,SEP25,2005,i
13224433,"Lee, Jinwoo A",KOR,M,,,,1574,9,40,SEP25,2016,
13209680,"Lee, Jinwoo B",KOR,M,,,,1540,0,40,SEP25,2007,i
13219910,"Lee, Jiu",KOR,M,,,,1409,0,40,SEP25,2009,i
13212877,"Lee, Jiwoo A",KOR,M,,,,AIM,1874,11,SEP25,2012,
13206192,"Lee, Jiyoon",KOR,F,,,,1503,0,40,SEP25,2005,wi
13212435,"Lee, Jonghyun",KOR,M,,,,1491,0,40,SEP25,2011,
13227319,"Lee, Joohan",KOR,M,,,,1479,0,40,SEP25,2016,
13202146,"Lee, Joohyun",KOR,F,,,,1665,0,40,SEP25,1960,wi
13204033,"Lee, Joonseong",KOR,M,,,,1767,0,40,SEP25,1994,i
13225260,"Lee, Joowon",KOR,M,,,,1650,0,40,SEP25,2013,
13228030,"Lee, Juhan",KOR,M,,,,1488,0,40,SEP25,2016,
13223887,"Lee, Juhwan",KOR,M,,,,1580,3,40,SEP25,2010,
13205072,"Lee, Jungseop",KOR,M,,,,1623,0,20,SEP25,2005,i
13200275,"Lee, Jungsoo",KOR,M,,,,1807,0,40,SEP25,1996,
13213784,"Lee, Jungwoo",KOR,M,,,,1741,0,40,SEP25,2006,i
13209760,"Lee, Junho",KOR,M,,,,1569,0,20,SEP25,2006,i
13228510,"Lee, Junhui",KOR,M,,,,1528,0,40,SEP25,2005,
13202340,"Lee, Junhyeok",KOR,M,IM,,,2435,9,10,SEP25,1999,
13205404,"Lee, Junhyung",KOR,M,,,,1814,0,40,SEP25,1997,i
13223763,"Lee, Junmyeong",KOR,M,,,,1457,0,40,SEP25,2015,
13225960,"Lee, Junwoo A",KOR,M,,,,1543,0,40,SEP25,2016,
13228668,"Lee, Junwoo C",KOR,M,,,,1488,1,40,SEP25,2017,
13201859,"Lee, Junyong",KOR,M,,,,1641,0,20,SEP25,1997,i
13232525,"Lee, Juwon A",KOR,M,,,,1440,0,40,SEP25,2016,
13221825,"Lee, Juyeop",KOR,M,,,,1451,5,40,SEP25,2000,
13220012,"Lee, Kanggun",KOR,M,,,,1480,0,40,SEP25,2009,i
13223810,"Lee, Kangin",KOR,M,,,,1568,0,40,SEP25,2013,
13201913,"Lee, Kibong",KOR,M,,,,1586,0,40,SEP25,1999,i
13215388,"Lee, Kiju",KOR,M,,,,1766,0,40,SEP25,2004,
13207768,"Lee, Kisook",KOR,F,,NI,,1499,0,20,SEP25,1972,wi
13200054,"Lee, Kiyul",KOR,M,,,,1966,0,20,SEP25,1993,i
13232126,"Lee, Kunseo",KOR,M,,,,1620,0,40,SEP25,2010,
13204270,"Lee, Kwangho",KOR,M,,,,1570,0,20,SEP25,1989,
13227785,"Lee, Kwanhoo",KOR,M,,,,1621,0,40,SEP25,2015,
13206826,"Lee, Kyeongseo",KOR,F,,,,1535,0,40,SEP25,2004,wi
13205331,"Lee, Kyounghun",KOR,M,,,,1872,0,40,SEP25,1967,i
13205048,"Lee, Kyung Chan",KOR,M,,,,1751,0,20,SEP25,1998,i
13203630,"Lee, Kyung Woo",KOR,F,,,,1694,0,20,SEP25,1998,wi
13202154,"Lee, Kyungseok",KOR,M,CM,,,2111,9,20,SEP25,1992,
13222805,"Lee, Minjoon C",KOR,M,,,,1500,0,40,SEP25,2011,
13209841,"Lee, Minkyoung",KOR,F,,,,1404,0,20,SEP25,1995,w
13233424,"Lee, Minseong",KOR,M,,,,1810,0,40,SEP25,2009,
13204173,"Lee, Minsu",KOR,M,,,,1758,0,20,SEP25,1977,i
13208586,"Lee, Onbin",KOR,M,,NI,,1676,7,20,SEP25,1998,
13213270,"Lee, Rogyeom",KOR,M,,,,1460,0,40,SEP25,2001,
13219960,"Lee, Ruha",KOR,M,,,,1411,0,40,SEP25,2016,i
13220373,"Lee, Ruk",KOR,M,,,,1542,4,40,SEP25,2015,
13209540,"Lee, Saeram",KOR,M,,,,1534,0,40,SEP25,2007,i
13200011,"Lee, Sanghoon",KOR,M,FM,NI,,2026,0,20,SEP25,1981,i
13200348,"Lee, Sanghyun",KOR,M,,,,1744,0,40,SEP25,1991,i
13227440,"Lee, Sangin",KOR,M,,,,1580,0,40,SEP25,2004,
13202979,"Lee, Sangmoon",KOR,M,,,,1733,0,20,SEP25,1991,i
13208098,"Lee, Sangwoo",KOR,M,,,,1565,0,40,SEP25,2005,i
13201212,"Lee, Seho",KOR,M,,,,1861,0,40,SEP25,1989,i
13225480,"Lee, Seohan",KOR,M,,,,1585,0,40,SEP25,2015,
13206648,"Lee, Seojin",KOR,F,,,,1687,0,40,SEP25,1971,wi
13226525,"Lee, Seojin A",KOR,M,,,,1440,0,40,SEP25,2017,
13208675,"Lee, Seojun A",KOR,M,,,,1595,0,40,SEP25,2007,i
13209329,"Lee, Seojun B",KOR,M,,,,1505,0,40,SEP25,2007,
13201867,"Lee, Seongjun",KOR,M,,,,1672,0,40,SEP25,1989,i
13229028,"Lee, Seungheon A",KOR,M,,,,1691,4,40,SEP25,2011,
13223860,"Lee, Seunghoo",KOR,M,,,,1477,0,40,SEP25,2014,
13204726,"Lee, Seunghwa",KOR,F,,,,1798,0,40,SEP25,1969,wi
13225758,"Lee, Seunghyun A",KOR,M,,,,1519,0,40,SEP25,2016,
13210319,"Lee, Seungmin",KOR,M,,,,1660,0,40,SEP25,1998,i
13222562,"Lee, Seungmin C",KOR,M,,,,1449,0,40,SEP25,2009,i
13219111,"Lee, Seungwoo",KOR,M,,,,1553,0,40,SEP25,2005,
13232100,"Lee, Seungyoo",KOR,M,,,,1501,6,40,SEP25,2015,
13204149,"Lee, Seyeon",KOR,F,CM,WFM,,1816,0,20,SEP25,2004,w
13207199,"Lee, Sihu",KOR,M,,,,1725,0,40,SEP25,2007,i
13205412,"Lee, Sinyeong",KOR,F,,,,1635,0,40,SEP25,1996,wi
13208080,"Lee, Siwoo",KOR,M,,,,1715,0,20,SEP25,2004,i
13234676,"Lee, Songdon",KOR,M,,,,1801,0,40,SEP25,2003,
13203894,"Lee, Songeon",KOR,M,,,,1672,0,20,SEP25,2001,i
13219685,"Lee, Suhyuk",KOR,M,,,,1591,5,40,SEP25,2015,
34117285,"Lee, Suhyun",KOR,M,,,,1690,0,20,SEP25,1981,i
13227386,"Lee, Sujin",KOR,F,,NI,,1649,0,40,SEP25,1971,wi
13200887,"Lee, Sung Geun",KOR,M,,,,1720,0,40,SEP25,1958,i
13219383,"Lee, Sungjin",KOR,M,,,,1576,0,40,SEP25,2003,i
13220586,"Lee, Sungjun",KOR,M,,,,1834,0,40,SEP25,2008,
13210017,"Lee, Sunwoo",KOR,M,,,,1441,0,40,SEP25,2011,i
13204300,"Lee, Taehee",KOR,M,,,,1719,0,20,SEP25,1989,i
13233378,"Lee, Taekyoung",KOR,M,,,,1581,0,40,SEP25,2006,
13207008,"Lee, Wonhwa",KOR,F,,"NI,NA",,1462,0,20,SEP25,1972,w
13206575,"Lee, Wonmyung",KOR,M,,,,1722,0,40,SEP25,2001,i
13211889,"Lee, Woosang",KOR,M,,,,1604,0,20,SEP25,1982,i
13207946,"Lee, Woosung",KOR,M,,,,AIM,1906,0,SEP25,2008,
13201948,"Lee, Yechan",KOR,M,,,,1693,0,20,SEP25,1997,i
13228447,"Lee, Yejun A",KOR,M,,,,1751,0,40,SEP25,2005,
13233149,"Lee, Yeonho",KOR,M,,,,1491,0,40,SEP25,2013,
13230727,"Lee, Yongdae",KOR,M,,,,1453,0,40,SEP25,2016,
13206052,"Lee, Yongjun",KOR,M,,,,1615,0,40,SEP25,2003,i
13200151,"Lee, Yoomi",KOR,F,,,,1782,0,40,SEP25,1979,wi
13206290,"Lee, Yoona",KOR,F,,,,1405,0,40,SEP25,2005,wi
13208101,"Lee, Yoonho",KOR,M,,,,1482,0,40,SEP25,2007,i
13225723,"Lee, Yoonjae A",KOR,M,,,,1568,0,40,SEP25,2017,
13222899,"Lee, Yoonsoo",KOR,M,,,,1457,0,40,SEP25,2011,
13206524,"Lee, Yoonsu Justin",KOR,M,,,,1900,0,40,SEP25,2000,i
13202782,"Lee, Young Shim",KOR,F,,,,1695,0,20,SEP25,1966,wi
13227378,"Lee, Younggyu",KOR,M,,,,1884,0,40,SEP25,2008,
13200470,"Lee, Youngmi A",KOR,F,,,,1653,0,20,SEP25,1972,wi
13203487,"Lee, Youngmi B",KOR,F,,,,1604,0,20,SEP25,0,wi
13217038,"Lee, Yugeon",KOR,M,,,,1768,0,40,SEP25,2014,
13206583,"Lee, Yuhwan",KOR,M,,,,1640,0,20,SEP25,2005,i
13220390,"Lee, Yule",KOR,M,,,,1505,8,40,SEP25,2012,
13203959,"Lee, Yumin",KOR,F,,,,1591,0,40,SEP25,1995,wi
13216155,"Lee, Yuna",KOR,F,,,,1625,0,40,SEP25,2012,w
13215140,"Lee, Yunejay",KOR,M,,,,1448,0,40,SEP25,2010,i
382105420,"Lee, Yunseo",KOR,F,,,,ACM,1622,0,SEP25,2010,w
13225715,"Leem, Daeyoung",KOR,M,,,,1660,0,40,SEP25,2009,
13219375,"Leem, Dongkyu",KOR,M,,,,1643,0,40,SEP25,1998,
13225545,"Lho, Shinyoung",KOR,M,,,,ACM,1447,0,SEP25,2011,
13225685,"Lho, Yoojun",KOR,M,,,,AFM,1421,0,SEP25,2013,
34422587,"Li, Anna",KOR,F,,,,1629,0,40,SEP25,2007,w
13224093,"Li, Artem S",KOR,M,,,,1688,0,40,SEP25,2015,
14201003,"Li, Georgiy",KOR,M,,FI,,1993,0,20,SEP25,1953,i
13203118,"Lim, Donghyun",KOR,M,,,,1843,0,20,SEP25,2002,i
13200615,"Lim, Hakyung",KOR,F,WCM,WCM,,1743,0,20,SEP25,1998,wi
13222791,"Lim, Hayul",KOR,M,,,,1862,0,40,SEP25,2010,
13216562,"Lim, Huel",KOR,M,,,,1438,0,40,SEP25,2014,i
13203312,"Lim, Hyeyoon",KOR,F,,,,1594,0,20,SEP25,2005,wi
13218000,"Lim, Hyul",KOR,M,,,,1522,0,40,SEP25,2014,i
13211137,"Lim, Jaehyun",KOR,M,,,,1598,0,40,SEP25,2003,i
13207636,"Lim, Jihoon",KOR,M,,,,1563,0,40,SEP25,1983,i
13221159,"Lim, Jihyuk",KOR,M,,,,1476,0,40,SEP25,2014,
13218930,"Lim, Jiseong",KOR,M,,,,1571,0,20,SEP25,2006,
13228803,"Lim, Juhan",KOR,M,,,,1566,0,40,SEP25,2014,
13233084,"Lim, Seungmin",KOR,M,,,,1604,0,40,SEP25,2011,
13217127,"Lim, Siheon",KOR,M,,,,1458,0,40,SEP25,2012,
13205358,"Lim, Sihun",KOR,M,,,,1479,0,40,SEP25,1996,i
13206729,"Lim, Taehwan",KOR,M,,,,1546,0,40,SEP25,2007,i
13202359,"Lim, Taeju",KOR,M,,,,1720,0,40,SEP25,2003,
13230611,"Lim, Vladislav",KOR,M,,,,1447,0,40,SEP25,1971,
13202162,"Lim, Youngsin",KOR,F,,NI,,1635,0,40,SEP25,1969,wi
13211820,"Lim, Yujun",KOR,M,,,,1446,0,40,SEP25,2011,i
13202367,"Lkhagvasuren, Bataa",KOR,M,,,,AFM,1846,0,SEP25,1979,i
13207644,"Ma, Jeongeun",KOR,F,,,,1549,0,40,SEP25,1985,wi
13229184,"Ma, Keanu Sangjune",KOR,M,,,,1413,0,40,SEP25,2013,
13222716,"Maeng, Chihyun",KOR,M,,,,1489,0,40,SEP25,2014,
13231162,"Maeng, Gyubin",KOR,M,,,,1539,0,40,SEP25,2014,
13234404,"Malibekov, Artur",KOR,M,,,,1550,0,40,SEP25,1999,
366109475,"Meiyazhagan, Kaviinayan",KOR,M,,,,AFM,1884,0,SEP25,2016,
88128288,"Meiyazhagan, Ruvedha",KOR,F,,,,ACM,1468,0,SEP25,2009,wi
26092891,"Meric, Geoffrey",KOR,M,,,,1845,0,20,SEP25,2003,i
13203584,"Mikulik, Dmitry",KOR,M,,,,1826,0,40,SEP25,1980,
13205803,"Min, Chanhong",KOR,M,,,,1452,0,40,SEP25,2003,i
13222139,"Min, Junu",KOR,M,,,,1558,0,40,SEP25,2007,i
13230972,"Min, Yul",KOR,M,,,,1529,0,40,SEP25,2012,
13225219,"Mirzaiev, Tymur",KOR,M,,,,1616,0,40,SEP25,2008,
13204793,"Moon, Byeongje",KOR,M,,,,1634,0,40,SEP25,2004,i
13211234,"Moon, Doheon",KOR,M,,,,1693,0,40,SEP25,1999,i
13228811,"Moon, Hangyeol",KOR,M,,,,1754,0,40,SEP25,2003,
13221639,"Moon, Heesung",KOR,M,,,,1704,0,40,SEP25,2009,
13230948,"Moon, Jinseok",KOR,M,,,,1596,0,40,SEP25,1998,
13201450,"Moon, Jiwhan",KOR,M,,,,1770,0,20,SEP25,1999,i
13210440,"Moon, Junoh",KOR,M,,,,1494,0,40,SEP25,2010,i
13202790,"Moon, Meeja",KOR,F,,,,1740,0,40,SEP25,1963,wi
13226347,"Moon, Sunwoong",KOR,M,,,,1716,0,40,SEP25,2010,
13217488,"Moon, Yujun",KOR,M,,,,1455,0,40,SEP25,2012,i
13200895,"Mun, Ikchan",KOR,M,,,,1734,0,20,SEP25,1961,i
13208225,"Mun, Sori",KOR,F,,,,1544,0,40,SEP25,1982,wi
13213326,"Mun, Vladimir",KOR,M,,,,1593,0,40,SEP25,1987,i
13219871,"Myeong, Juhwan",KOR,M,,,,1439,0,40,SEP25,2014,i
13208373,"Na, Deunchan",KOR,M,,,,1597,0,40,SEP25,1993,i
13234439,"Na, Minho",KOR,M,,,,1515,0,40,SEP25,2014,
13202839,"Na, Wonjin",KOR,M,,,,1732,0,20,SEP25,2000,i
13205099,"Nam, Dennis Minwoo",KOR,M,,,,1776,0,40,SEP25,2003,i
13203240,"Nam, Ju Won",KOR,M,,,,1763,0,20,SEP25,2003,i
13210548,"Nam, Junwoo",KOR,M,,,,1443,0,40,SEP25,2011,i
13208810,"Nam, Kanghyeon",KOR,M,,,,1829,0,20,SEP25,2001,
13208063,"Nam, Kiseung",KOR,M,,,,1510,0,20,SEP25,1979,i
13203428,"Nam, Seungyoon",KOR,F,,,,1780,0,40,SEP25,2002,wi
13205960,"Nam, Shinwoo",KOR,M,,,,1435,0,40,SEP25,2008,i
13212060,"Nam, Yehyeok",KOR,M,,,,1537,0,40,SEP25,2011,i
13228420,"Nam, Yoonwoo",KOR,M,,,,1752,0,40,SEP25,2000,
13226762,"Ni, Viktoriia",KOR,F,,,,1455,0,40,SEP25,2013,w
13202545,"Nikitin, Mikhail",KOR,M,,,,1816,0,40,SEP25,1982,i
13217070,"No, Hyunjin",KOR,M,,,,1708,0,20,SEP25,1998,i
13203746,"No, Jihyun",KOR,F,,,,1526,0,40,SEP25,2005,wi
13215612,"Noh, Euichan",KOR,M,,,,1496,0,40,SEP25,2008,i
13211307,"Noh, Jinwoo",KOR,M,,,,AIM,2099,9,SEP25,2007,
13228048,"Noh, Sunwoo",KOR,M,,,,1588,0,40,SEP25,2001,
13211978,"Noh, Woobin",KOR,M,,,,1482,0,40,SEP25,2010,
13201220,"Noh, Yunha",KOR,F,,,,1581,0,20,SEP25,2003,wi
13220861,"Ock, Seungheon",KOR,M,,,,1617,0,40,SEP25,2013,
13731998,"Ogay, Anastassiya",KOR,F,,,,1636,0,40,SEP25,2008,w
13212044,"Oh, Ajin",KOR,M,,,,1588,0,40,SEP25,2012,i
13200046,"Oh, Chungyup",KOR,M,,,,1754,0,40,SEP25,1967,i
13209698,"Oh, Donghan",KOR,M,,,,1419,0,20,SEP25,2006,i
13209507,"Oh, Eulchan",KOR,M,,,,1594,0,40,SEP25,2008,i
13222880,"Oh, Jaemin",KOR,M,,,,1575,5,40,SEP25,2015,
13206869,"Oh, Jaewon",KOR,M,,,,1815,0,40,SEP25,2005,i
13214497,"Oh, Jeongmin",KOR,M,,,,1667,0,40,SEP25,2015,
13214500,"Oh, Jeongyun",KOR,M,,,,1447,0,40,SEP25,2013,
13206346,"Oh, Jihye",KOR,F,,,,1548,0,40,SEP25,2001,wi
13202731,"Oh, Jihyun",KOR,F,,,,1515,0,40,SEP25,2004,wi
13201468,"Oh, Jiseok",KOR,M,,,,1686,0,20,SEP25,2000,i
13234609,"Oh, Junbeom",KOR,M,,,,1545,0,40,SEP25,2012,
13227769,"Oh, Jungmin",KOR,M,,,,1787,0,40,SEP25,1997,
13208268,"Oh, Junsuk",KOR,M,,,,1574,0,40,SEP25,1977,i
13201239,"Oh, Minah",KOR,F,WCM,WCM,,1720,0,20,SEP25,1997,wi
13201573,"Oh, Minjee",KOR,F,,,,1658,0,40,SEP25,2000,wi
13203169,"Oh, Minyoung",KOR,F,,,,1747,0,40,SEP25,0,wi
13216112,"Oh, Sejun",KOR,M,,,,1685,0,40,SEP25,2014,
13210475,"Oh, Seungmin",KOR,M,,,,1498,0,40,SEP25,2007,i
13203860,"Oh, Siyoun",KOR,F,,,,1426,0,20,SEP25,2004,wi
13206532,"Oh, Woojune",KOR,M,,,,1817,0,40,SEP25,1998,i
13222910,"Oh, Yechan",KOR,M,,,,1465,0,40,SEP25,2016,
13206265,"Oh, Yulkeun",KOR,M,,,,1803,0,40,SEP25,2006,i
13203932,"Ohn, Jeewon",KOR,M,,,,1670,0,20,SEP25,2005,i
13231898,"On, Taeyeon",KOR,M,,,,1598,0,40,SEP25,2010,
13222627,"Oshiro, Souta",KOR,M,,,,1487,0,40,SEP25,2009,
13204076,"Oyunkhishig, Khishigtor",KOR,F,,,,1707,0,40,SEP25,1995,wi
13210092,"Pahn, Seunghyo",KOR,M,,,,1471,0,40,SEP25,1997,i
13206001,"Paik, Junho",KOR,M,,,,1621,0,20,SEP25,2002,i
13221086,"Pak, Daniil",KOR,M,,,,1655,0,20,SEP25,2003,
13212451,"Pak, Dmitrii",KOR,M,,,,1907,0,40,SEP25,1987,i
13231146,"Pak, Kirill Vyach",KOR,M,,,,1491,0,40,SEP25,2010,
13227238,"Pak, Maksim",KOR,M,,,,1581,0,40,SEP25,2012,
13223852,"Pak, Pavel",KOR,M,,,,1534,0,40,SEP25,2009,i
13226789,"Pak, Vadim Al",KOR,M,,,,1428,0,40,SEP25,2012,
34170936,"Palamar, Alina",KOR,F,,,,1610,0,40,SEP25,2008,w
13224581,"Park, Chabeen",KOR,M,,,,1464,2,40,SEP25,2013,
13225502,"Park, Chaejoon",KOR,M,,,,1628,0,40,SEP25,2014,
13203495,"Park, Chanhee",KOR,M,,,,1655,0,20,SEP25,2003,i
13200810,"Park, Chanseong",KOR,M,,,,1951,0,40,SEP25,1983,i
13211773,"Park, Damheon",KOR,M,,,,1432,0,40,SEP25,2011,
13201956,"Park, Dogun",KOR,M,,,,1668,0,40,SEP25,1996,i
13210734,"Park, Geon-Gi",KOR,M,,,,1457,0,40,SEP25,2011,i
13214683,"Park, Geunhyeong",KOR,M,,,,1481,0,40,SEP25,2013,i
13228978,"Park, Gwanyong",KOR,M,,,,1635,0,40,SEP25,2004,
13207792,"Park, Haikyung",KOR,F,,,,1443,0,40,SEP25,1971,wi
4907485,"Park, Haneul",KOR,F,WCM,WCM,,1776,9,40,SEP25,2008,w
13202324,"Park, Hee Joung",KOR,F,,,,1546,0,20,SEP25,1977,wi
13205994,"Park, Hongkyu",KOR,M,,,,1600,0,20,SEP25,2006,i
13210947,"Park, Hyeran",KOR,F,,,,1617,0,40,SEP25,1981,wi
13200992,"Park, Hyuckmin",KOR,M,,NI,,1690,0,20,SEP25,1997,i
13220624,"Park, Hyungkyun",KOR,M,,,,AFM,1696,0,SEP25,1987,
13226193,"Park, Hyunjun",KOR,M,,,,1760,0,40,SEP25,2011,
13209060,"Park, Hyunsung",KOR,M,,,,1606,0,40,SEP25,2007,i
13219413,"Park, Ian Yu",KOR,M,,,,1432,0,40,SEP25,2011,
13212052,"Park, Inchan",KOR,M,,,,1907,9,40,SEP25,2009,
13205838,"Park, Jae Eun",KOR,F,,NA,,1443,0,20,SEP25,1970,wi
13201247,"Park, Jaehyuck",KOR,M,,,,1682,0,20,SEP25,1995,i
13215450,"Park, Jaeik",KOR,M,,,,1400,0,40,SEP25,2014,
13228218,"Park, Jaeik B",KOR,M,,,,1819,0,40,SEP25,2002,
13230395,"Park, Jaemin",KOR,M,,,,1692,0,40,SEP25,2008,
13230484,"Park, Jaemin A",KOR,M,,,,1590,0,40,SEP25,2017,
13213750,"Park, Jaeyeon",KOR,M,,,,1507,0,40,SEP25,2013,i
13201255,"Park, Jaeyoon",KOR,M,,,,1563,0,20,SEP25,1997,i
13210602,"Park, Jaeyoung",KOR,M,,,,1589,0,40,SEP25,1999,i
13202871,"Park, Jason",KOR,M,,,,1604,0,40,SEP25,2002,i
13204777,"Park, Jieun",KOR,F,,,,1666,0,40,SEP25,1974,wi
13209957,"Park, Jiho",KOR,M,,,,1570,0,40,SEP25,2004,i
13219820,"Park, Jihoon B",KOR,M,,,,1722,9,40,SEP25,2011,
13204815,"Park, Jinseon",KOR,F,,,,1697,0,40,SEP25,1974,wi
13201263,"Park, Jinwoo",KOR,M,,,,1548,0,40,SEP25,1999,i
13227254,"Park, Jinwoo A",KOR,M,,,,1806,0,40,SEP25,1999,
13201271,"Park, Jiwon",KOR,F,,,,1569,0,20,SEP25,2000,wi
13202898,"Park, Jong Yoon",KOR,M,,,,1701,0,20,SEP25,2004,i
13232991,"Park, Jonggeon",KOR,M,,,,1639,0,40,SEP25,2012,
13232320,"Park, Jonghwan",KOR,M,,,,1672,0,40,SEP25,2003,
13214306,"Park, Jongsung",KOR,M,,NI,,1770,0,20,SEP25,1998,i
13201964,"Park, Jongwon",KOR,M,,,,1731,0,20,SEP25,2000,i
13201735,"Park, Joonha",KOR,M,,,,1676,0,40,SEP25,2002,i
13214330,"Park, Joonwoo",KOR,M,,,,1710,0,40,SEP25,2011,i
13210459,"Park, Joonwoo",KOR,M,,,,1416,0,40,SEP25,2010,i
13227068,"Park, Joonyoung",KOR,M,,,,1604,0,40,SEP25,2009,
13214594,"Park, Juho",KOR,M,,,,1515,0,40,SEP25,2015,
13216775,"Park, Juhyuk",KOR,M,,,,1699,0,40,SEP25,2009,i
13207628,"Park, Junehyoung",KOR,M,,,,1697,0,40,SEP25,1997,i
13208926,"Park, Jungmin",KOR,M,,,,1454,0,40,SEP25,2006,i
13219839,"Park, Junhoo",KOR,M,,,,1493,0,40,SEP25,2015,
13204432,"Park, Junhwan",KOR,M,,,,1744,0,40,SEP25,2004,i
13224565,"Park, Junhyeok",KOR,M,,,,AFM,1605,0,SEP25,2014,
13210700,"Park, Junseo",KOR,M,,,,1512,0,40,SEP25,2006,i
13201875,"Park, Junseok",KOR,M,,,,1570,0,20,SEP25,2002,i
13211609,"Park, Juwon",KOR,M,,,,1534,0,40,SEP25,2000,i
13232096,"Park, Kanghyun",KOR,M,,,,1700,6,40,SEP25,2011,
13222864,"Park, Kokun",KOR,M,,,,1623,0,40,SEP25,2009,
13209833,"Park, Kun",KOR,M,,,,1774,0,20,SEP25,1991,
13204718,"Park, Mansun",KOR,M,,,,1704,0,40,SEP25,1963,i
13215590,"Park, Minhyuk",KOR,M,,,,1557,0,40,SEP25,2012,
13205293,"Park, Minwoo",KOR,M,,,,1503,0,20,SEP25,2006,i
13208136,"Park, Minwoo B",KOR,M,,,,1768,0,20,SEP25,2005,
13212427,"Park, Minwoo C",KOR,M,,,,1468,0,40,SEP25,2010,i
13216139,"Park, Onyoo",KOR,M,,,,AFM,1808,0,SEP25,2012,
13211129,"Park, Sanghyun",KOR,M,,,,1473,0,40,SEP25,1976,i
13203509,"Park, Sangyoon",KOR,M,,,,1666,0,40,SEP25,2002,i
13228110,"Park, Sehee",KOR,F,,,,1548,0,40,SEP25,1992,w
13231057,"Park, Seojin A",KOR,M,,,,1406,0,40,SEP25,2018,
13207830,"Park, Seongbin A",KOR,M,,,,1644,0,40,SEP25,2005,i
13205056,"Park, Seonghyeon",KOR,M,,,,1501,0,20,SEP25,2006,i
13213768,"Park, Seonjae",KOR,M,,,,1814,0,40,SEP25,2008,i
13222058,"Park, Seunghyun",KOR,M,,,,1594,0,40,SEP25,2014,i
13234803,"Park, Sewoong",KOR,M,,,,1689,0,40,SEP25,2006,
13204904,"Park, Seyoung",KOR,M,,,,1613,0,40,SEP25,1985,i
13220578,"Park, Sihoo",KOR,M,,,,1789,8,40,SEP25,2009,
13230042,"Park, Sihun",KOR,M,,,,1463,0,40,SEP25,2015,
13207296,"Park, Sijoon",KOR,M,,,,1549,0,40,SEP25,2010,i
13219049,"Park, Siwoo",KOR,M,,,,1539,0,40,SEP25,2008,i
13212532,"Park, Siyun",KOR,M,,,,1464,0,40,SEP25,2010,
13216570,"Park, Sowon",KOR,F,,,,1442,0,40,SEP25,2014,wi
13205714,"Park, Soyun",KOR,F,,,,1734,0,40,SEP25,1975,wi
13234668,"Park, Sunghyun",KOR,M,,,,1714,0,40,SEP25,2000,
13202804,"Park, Sunhee",KOR,F,,,,1708,0,40,SEP25,1980,wi
13208233,"Park, Sunhee B",KOR,F,,,,1544,0,40,SEP25,1975,wi
13203320,"Park, Sunwoo",KOR,F,WFM,WFM,,1829,8,20,SEP25,2003,w
13229435,"Park, Taechan",KOR,M,,,,1598,0,40,SEP25,1994,
13203282,"Park, Taekyong",KOR,M,,,,1531,0,40,SEP25,1997,i
13201654,"Park, Taesu",KOR,M,,,,1737,0,40,SEP25,2002,i
13203835,"Park, Yerim",KOR,F,,DI,,1443,0,20,SEP25,2004,w
13203797,"Park, Youna",KOR,F,,,,1500,0,40,SEP25,2004,wi
13203177,"Park, Young Eun",KOR,F,,,,1791,0,40,SEP25,0,wi
13231316,"Park, Yun",KOR,M,,,,1474,0,40,SEP25,2009,
13229893,"Park, Yunhyung",KOR,M,,,,1687,0,40,SEP25,2005,
13234340,"Patil, Salil",KOR,M,,,,1554,0,40,SEP25,1985,
13218239,"Quirk, Duk Hunter",KOR,M,,,,1660,0,40,SEP25,2010,
13209361,"Ra, Dongwoo",KOR,M,,,,1465,0,40,SEP25,2010,i
13207849,"Ra, Jayden Sanghyuk",KOR,M,,,,1500,0,40,SEP25,2008,
13235451,"Relph, Winston James",KOR,M,,,,1573,0,40,SEP25,1993,
4901320,"Rentsen, Erdenetulga",KOR,M,,,,2164,0,20,SEP25,1992,
13201590,"Reypaqueo, Vladimir",KOR,M,,,,1948,0,20,SEP25,1981,i
13204394,"Rhee, Kevin",KOR,M,,,,1808,0,40,SEP25,2002,i
13204220,"Rhee, Paul",KOR,M,,,,1869,0,40,SEP25,0,i
13205625,"Rhee, Woobin",KOR,M,,,,1628,0,40,SEP25,2005,i
13208594,"Robson, Luke Jung",KOR,M,,,,1872,0,20,SEP25,1986,i
13205420,"Roh, Haeyoon",KOR,F,,,,1687,0,40,SEP25,2008,wi
13205129,"Roh, Jeongsu",KOR,M,,,,1942,0,40,SEP25,1966,
13233963,"Roh, Sangwon",KOR,M,,,,1716,0,40,SEP25,2006,
13227203,"Roh, Sungchan",KOR,M,,,,1429,0,40,SEP25,2009,
5029015,"RV, Adith",KOR,M,,,,1919,0,20,SEP25,1998,
13218034,"Ryu, Jisung",KOR,M,,,,1493,0,40,SEP25,2005,i
13205153,"Ryu, Jonggak",KOR,M,,,,1717,0,20,SEP25,1967,i
13208004,"Ryu, Joon",KOR,M,,,,1672,0,20,SEP25,2004,i
13228706,"Ryu, Soyeon",KOR,F,,,,1521,0,40,SEP25,2004,w
13208012,"Ryu, Whee",KOR,M,,,,1530,0,40,SEP25,2008,i
13216686,"Sa, Dongmin",KOR,M,,,,1419,0,40,SEP25,2010,i
13201603,"Seo, Eunbin",KOR,F,,,,1608,0,20,SEP25,2003,wi
13219090,"Seo, Haeram",KOR,M,,,,1971,0,40,SEP25,2000,
13217089,"Seo, Hawon",KOR,M,,,,1452,0,40,SEP25,2015,i
13230387,"Seo, Jeoh",KOR,M,,,,1586,0,40,SEP25,2012,
13208969,"Seo, Jiwon",KOR,F,,,,1829,0,40,SEP25,2007,w
13204009,"Seo, Jiyeon",KOR,F,,,,1737,0,40,SEP25,0,wi
13208950,"Seo, Jonghyun",KOR,M,,,,1552,0,40,SEP25,2007,i
13201131,"Seo, Jungmin",KOR,M,,,,1557,0,40,SEP25,1999,i
13205897,"Seo, Junho",KOR,M,,,,1625,0,40,SEP25,1999,i
13216635,"Seo, Junwon",KOR,M,,,,1544,0,40,SEP25,2011,i
13216597,"Seo, Juwon",KOR,M,,,,AFM,1934,9,SEP25,2014,
13216058,"Seo, Minwook",KOR,M,,,,1827,0,40,SEP25,2008,i
13220900,"Seo, Pureum",KOR,M,,,,1459,3,40,SEP25,2016,
13226258,"Seo, Yerin",KOR,F,,,,1535,7,40,SEP25,2015,w
13201794,"Seo, Yoojin",KOR,F,,,,1540,0,20,SEP25,2003,wi
13222457,"Seok, Hyundong",KOR,M,,,,1541,0,40,SEP25,2000,
13206567,"Seok, Jihyon",KOR,F,,,,1761,0,40,SEP25,2002,wi
13220128,"Seol, Youngjun",KOR,M,,,,1590,5,40,SEP25,2016,
13207458,"Seong, Jinsoo",KOR,M,,,,1866,0,20,SEP25,1989,i
13224352,"Shim, Hyunjoon",KOR,M,,,,1537,0,40,SEP25,2011,
13211560,"Shim, Myungkeun",KOR,M,,,,1540,0,40,SEP25,2010,i
13211552,"Shim, Myungkyu",KOR,M,,,,1528,0,40,SEP25,2006,i
13226584,"Shim, Paul Jaewon",KOR,M,,,,1430,0,40,SEP25,2011,i
13201000,"Shim, Wonjoon",KOR,M,,,,1686,0,20,SEP25,1999,
13205617,"Shim, Youngchan",KOR,M,,,,1525,0,40,SEP25,2007,i
13211986,"Shin, Chaeyoon",KOR,F,,,,1474,0,40,SEP25,2010,wi
13209396,"Shin, Daecheol",KOR,M,,,,1528,0,40,SEP25,1992,i
13224859,"Shin, Daria",KOR,F,,,,1535,0,40,SEP25,2008,w
13230255,"Shin, Dongeun",KOR,M,,,,1564,0,40,SEP25,2009,
13207075,"Shin, Gyeongju",KOR,M,,,,1767,0,40,SEP25,1960,i
13220870,"Shin, Hyeonseo",KOR,M,,,,1588,0,40,SEP25,2017,
13202308,"Shin, Hyunggyu",KOR,M,,,,1854,0,40,SEP25,1987,i
13228862,"Shin, Hyunwoo",KOR,M,,,,1560,0,40,SEP25,2012,
13205641,"Shin, Jaeyeol",KOR,M,,,,1744,0,20,SEP25,2003,i
13211404,"Shin, Jaeyeon",KOR,M,,,,1591,0,40,SEP25,2011,i
13215906,"Shin, Jeongyong",KOR,M,,,,1568,0,40,SEP25,1997,i
13201018,"Shin, Jiheon",KOR,M,,,,1660,0,20,SEP25,1998,i
13212087,"Shin, Jinan",KOR,M,,,,1776,0,40,SEP25,1974,i
13210955,"Shin, Jinhui",KOR,F,,,,1525,0,40,SEP25,1987,wi
13207911,"Shin, Jinwoo",KOR,M,,,,1570,0,40,SEP25,2009,i
13208250,"Shin, Junghae",KOR,F,,,,1568,0,40,SEP25,1976,wi
13210645,"Shin, Jungmin",KOR,M,,,,1453,0,40,SEP25,2009,i
13229931,"Shin, Leejun",KOR,M,,,,1409,0,40,SEP25,2012,
13209230,"Shin, Minchan",KOR,M,,,,1605,0,20,SEP25,2006,i
13205471,"Shin, Minseo",KOR,M,,,,1657,0,20,SEP25,2003,i
13220764,"Shin, Seojun",KOR,M,,,,1457,0,40,SEP25,2016,
13207407,"Shin, SeokBong",KOR,M,,,,1556,0,40,SEP25,1992,i
13225103,"Shin, Sergei",KOR,M,,,,1555,0,40,SEP25,2013,
13206273,"Shin, Seungcheol",KOR,M,,,,1624,0,40,SEP25,2006,i
13206028,"Shin, Seungho",KOR,M,,,,1708,0,40,SEP25,2003,
13223518,"Shin, Seungmin",KOR,M,,,,1592,0,40,SEP25,2013,
13218840,"Shin, Sia",KOR,F,,,,1470,0,40,SEP25,2002,wi
13230310,"Shin, Yijoon",KOR,M,,,,1444,9,40,SEP25,2016,
13221442,"Shin, Yisoo",KOR,M,,,,1702,13,40,SEP25,2013,
13230263,"Shin, Yuchan B",KOR,M,,,,1638,0,40,SEP25,2012,
329218666,"Shinn, Jungmin",KOR,M,,,,AGM,1952,0,SEP25,2004,
13235508,"Sim, Kyujin",KOR,M,,,,1683,5,40,SEP25,2007,
13220918,"Sim, Yunwoo",KOR,M,,,,1670,0,40,SEP25,2015,
13200631,"So, Byunghoon",KOR,M,,,,1672,0,20,SEP25,1997,i
13227025,"So, Jaehoo",KOR,M,,,,1569,0,40,SEP25,2011,
13210750,"So, Minho",KOR,M,,,,1534,0,40,SEP25,2010,i
13228480,"Son, Donghwa",KOR,M,,,,1625,0,40,SEP25,2005,
13227041,"Son, Haseong",KOR,M,,,,1426,0,40,SEP25,2016,
13216732,"Son, Hyeonu",KOR,M,,,,1538,0,40,SEP25,2004,i
13208241,"Son, Hyunju",KOR,F,,,,1461,0,40,SEP25,1968,wi
13233688,"Son, Joohyuk",KOR,M,,,,1551,0,40,SEP25,1989,
13215698,"Son, Juwon",KOR,M,,,,AGM,1587,0,SEP25,2012,
13200674,"Son, Romon",KOR,M,,,,1748,0,20,SEP25,1997,i
13226177,"Son, Sanghyun",KOR,M,,,,1500,0,40,SEP25,1992,
13222996,"Son, Seokhyeon",KOR,M,,,,1637,0,40,SEP25,1987,i
13214357,"Son, Yuseung",KOR,M,,,,1444,0,40,SEP25,1998,
13208977,"Song, Chaeyoung",KOR,M,,,,1572,0,40,SEP25,2000,i
13202650,"Song, Gihoon",KOR,M,,,,1617,0,20,SEP25,2001,i
13200100,"Song, Hae",KOR,M,,FI,,1913,0,40,SEP25,1976,i
13211030,"Song, Haeseong",KOR,M,,,,1532,0,40,SEP25,2011,
13210980,"Song, Hanna",KOR,F,,,,1569,0,40,SEP25,1986,wi
13201476,"Song, Hoseong",KOR,M,,NI,,1733,0,20,SEP25,2001,i
13235443,"Song, Hyeon",KOR,M,,,,1495,6,40,SEP25,2010,
13207504,"Song, Hyunwoo",KOR,M,,,,1791,0,40,SEP25,1991,i
13219057,"Song, Jihu",KOR,M,,,,1815,0,40,SEP25,2013,
413003,"Song, Jinwoo",KOR,M,FM,FI,,1927,0,20,SEP25,1973,i
13211617,"Song, Mingeun",KOR,M,,,,1769,2,40,SEP25,2011,
13215469,"Song, Rina",KOR,F,,,,1516,0,40,SEP25,2014,w
13218778,"Song, Seungmin",KOR,M,,,,1517,0,40,SEP25,2012,i
13217933,"Song, Yijae",KOR,M,,,,1467,0,40,SEP25,2013,
13227700,"Song, Yoojun",KOR,M,,,,1502,0,40,SEP25,2015,
13221736,"Suh, Chanho",KOR,M,,,,1537,0,40,SEP25,2000,i
13207873,"Suh, Ethan Hojun",KOR,M,,,,1409,0,40,SEP25,2007,i
13211161,"Suh, Kiyoung",KOR,M,,,,1662,0,40,SEP25,1995,i
13223020,"Suh, Minjae",KOR,M,,,,1408,0,40,SEP25,2010,i
13211455,"Suh, Sangwook",KOR,M,,,,1541,0,40,SEP25,1998,i
13205650,"Suh, Seongjun",KOR,M,,,,1745,0,40,SEP25,2002,i
13216171,"Sull, Jaeyoung",KOR,F,,,,1441,0,40,SEP25,2012,wi
13220993,"Sung, Eanjae",KOR,F,,,,1451,0,40,SEP25,2003,wi
13223623,"Sung, Hyeonwoo",KOR,M,,,,ACM,1821,0,SEP25,2004,
2656426,"Sung, Jaehyun",KOR,M,,,,1778,7,20,SEP25,2004,
13233637,"Sung, Jaewon",KOR,M,,,,1552,0,40,SEP25,2015,
13230069,"Sung, Jiyul",KOR,M,,,,1608,0,40,SEP25,2010,
13227483,"Sung, Junwon A",KOR,M,,,,1516,0,40,SEP25,2010,
13210742,"Sung, Ryan Wonjae",KOR,M,,,,1713,0,40,SEP25,2008,i
13218387,"Syn, Jonghyun",KOR,M,,,,1446,0,40,SEP25,2015,
13227998,"Ten, Amir",KOR,M,,,,1423,0,40,SEP25,2018,
13211625,"Ten, Maksim",KOR,M,,,,1591,0,40,SEP25,2008,i
34205985,"Ten, Polina",KOR,F,,,,1629,0,40,SEP25,2009,w
13202197,"Tseveendee, Bilguun",KOR,M,,,,1970,0,40,SEP25,1984,i
13209825,"Turnbull, James Edward",KOR,M,,,,1911,0,20,SEP25,1976,
13231154,"Tyan, Dmitriy",KOR,M,,,,1514,0,40,SEP25,2009,
13206516,"Ugtakhbayar, Togtokhbayar",KOR,M,,,,1443,0,40,SEP25,2006,i
8601844,"Wang, Chengjia",KOR,F,WFM,WFM,,2016,0,20,SEP25,1989,wi
13205137,"Wang, Ja Hyun",KOR,M,,,,1827,0,40,SEP25,1989,i
13204319,"Wang, Min",KOR,F,,,,1570,0,40,SEP25,2006,wi
13200135,"Wang, Myungoug",KOR,F,,,,1708,0,40,SEP25,1971,wi
13204963,"Wang, Yoo",KOR,F,,,,1505,0,40,SEP25,2008,wi
13203517,"Won, Deokjoo",KOR,M,,,,1591,0,20,SEP25,1999,i
13215396,"Won, Youngju",KOR,M,,,,1510,0,40,SEP25,1997,i
13205145,"Wong, Hayoung",KOR,M,,,,1704,0,40,SEP25,1985,i
13223666,"Woo, Daeun",KOR,F,,,,1401,0,40,SEP25,2015,w
13233521,"Woo, Hyunjun",KOR,M,,,,1430,0,40,SEP25,1984,
13210483,"Woo, Jein",KOR,F,,,,1414,0,40,SEP25,2009,wi
13233955,"Woo, Taisung",KOR,M,,,,1568,0,40,SEP25,2014,
13209876,"Woo, Youngeui",KOR,F,,,,1432,0,40,SEP25,1971,wi
13224840,"Yan, Nikita",KOR,M,,,,1668,0,40,SEP25,2009,
13221841,"Yang, Dongwoo",KOR,M,,,,1808,0,40,SEP25,2008,
13225316,"Yang, Hayeon",KOR,F,,,,1619,0,40,SEP25,2012,w
13228021,"Yang, Hayoon",KOR,F,,,,1560,0,40,SEP25,2014,w
13200640,"Yang, Heewon",KOR,M,,,,1585,0,40,SEP25,1989,
13222945,"Yang, Heewook",KOR,M,,,,1602,1,40,SEP25,2018,
13206036,"Yang, Hyunjik",KOR,M,,,,1602,0,20,SEP25,2006,i
2055333,"Yang, Hyunseung",KOR,M,,,,1756,0,20,SEP25,1990,i
13216554,"Yang, Jin",KOR,M,,,,1444,0,40,SEP25,2013,
13219014,"Yang, Joowon",KOR,M,,,,1684,8,40,SEP25,2011,
13221833,"Yang, Junseo",KOR,M,,,,1577,0,40,SEP25,2014,
13216260,"Yang, Munseok",KOR,M,,,,1787,0,20,SEP25,2001,
13219588,"Yang, Sieun",KOR,F,,,,1437,0,40,SEP25,2010,wi
13215507,"Yang, Yongha",KOR,M,,,,1570,0,40,SEP25,2013,i
13221337,"Ye, Seawon",KOR,M,,,,1512,0,40,SEP25,2008,i
13220152,"Yeo, Teryn",KOR,M,,,,1479,0,40,SEP25,2011,i
13228528,"Yeon, Jisung",KOR,M,,,,1623,0,40,SEP25,2002,
13203266,"Yi, Sejin",KOR,M,,,,1669,0,20,SEP25,2002,i
13216090,"Yi, Yong Hyeon",KOR,M,,,,1534,0,40,SEP25,2000,i
13203878,"Yim, Chanseo",KOR,M,,,,1627,8,40,SEP25,2005,
13204513,"Yim, Jay",KOR,F,,,,1662,0,40,SEP25,2007,w
13221469,"Yim, Jemin",KOR,M,,,,1754,0,40,SEP25,2010,i
13227920,"Yim, Jeongbeen",KOR,M,,,,1418,0,40,SEP25,2017,
2062020,"Yim, Sung Ho",KOR,M,FM,,,2285,0,20,SEP25,1999,
13209116,"Yoo, Donghun",KOR,M,,,,1534,0,40,SEP25,2003,i
13216813,"Yoo, Doyoon",KOR,M,,,,1581,0,40,SEP25,2010,i
13226290,"Yoo, Hanjoon",KOR,M,,,,1659,4,40,SEP25,2015,
13210572,"Yoo, Howon",KOR,M,,,,1479,0,40,SEP25,2011,i
13229125,"Yoo, Seungwoo",KOR,M,,,,1572,0,40,SEP25,2013,
13205226,"Yoo, Sumin",KOR,M,,,,1685,0,20,SEP25,2002,i
13216040,"Yoo, Youngho",KOR,M,,,,1521,0,40,SEP25,2005,i
13201140,"Yoo, Youngjun",KOR,M,,NI,,1636,0,20,SEP25,1997,i
13207210,"Yoon, Chanyoung",KOR,M,,,,1677,0,40,SEP25,2008,i
13210858,"Yoon, Doyoung",KOR,M,,,,1574,0,40,SEP25,1978,i
13215248,"Yoon, Jihoo",KOR,M,,,,1461,0,40,SEP25,2013,i
13213962,"Yoon, Jooseong",KOR,M,,,,1487,0,40,SEP25,2010,i
13206460,"Yoon, Junseo",KOR,M,,,,1521,0,40,SEP25,2004,i
13223356,"Yoon, Junseop",KOR,M,,,,1924,0,40,SEP25,2001,
13206761,"Yoon, Kijoo",KOR,M,,,,1651,0,40,SEP25,2006,i
13209434,"Yoon, Minyoung",KOR,M,,,,1632,0,40,SEP25,2000,
13204068,"Yoon, Sangshin",KOR,M,,,,1549,0,20,SEP25,2005,i
13210920,"Yoon, Seongho",KOR,M,,,,1674,0,20,SEP25,1995,i
13200127,"Yoon, Sukbae",KOR,M,,,,1867,0,20,SEP25,1971,i
13227750,"Yoon, Sungtak",KOR,M,,,,1649,0,40,SEP25,2012,i
13206117,"You, Byeongsu",KOR,M,,,,1555,0,40,SEP25,2007,i
13232436,"You, Eunsung",KOR,M,,,,1660,0,40,SEP25,2010,
13200208,"You, Garam",KOR,F,WCM,WCM,"DI,NI",1608,0,20,SEP25,1986,w
13201484,"You, Haneul",KOR,M,,,,1843,0,20,SEP25,1999,
13206923,"You, Jiho",KOR,M,,,,1759,0,20,SEP25,2005,i
13210335,"Youm, Sangjun",KOR,M,,,,1428,0,20,SEP25,2005,i
13208918,"Youn, Hyeongjun",KOR,M,,,,1607,0,20,SEP25,1994,i
13231901,"Youn, Inseop",KOR,M,,,,1752,0,40,SEP25,1996,
13204939,"Youn, Jiwon",KOR,F,,,,1808,0,40,SEP25,1959,wi
13223593,"Youn, jungmin",KOR,M,,,,1561,0,40,SEP25,2007,
13216457,"Youn, Laeho",KOR,M,,,,AFM,1589,6,SEP25,2015,
13216465,"Youn, Soyul",KOR,F,,,,1457,0,40,SEP25,2010,w
13204807,"Yu, Hyunsin",KOR,M,,,,1743,0,40,SEP25,1980,i
13206362,"Yu, Jinhui",KOR,F,,,,1560,0,20,SEP25,1996,wi
13210564,"Yu, Jinuk",KOR,M,,,,1712,0,20,SEP25,1991,
13230077,"Yu, Seungwoo A",KOR,M,,,,1577,0,40,SEP25,2013,
13223437,"Yu, Shiwoon",KOR,M,,,,ACM,1539,0,SEP25,2011,
13223925,"Yu, Taekyu",KOR,M,,,,1479,0,40,SEP25,2013,
13219766,"Yun, ChanKyu",KOR,M,,,,1565,0,40,SEP25,2000,
13228650,"Yun, Daewon",KOR,M,,,,1604,0,40,SEP25,2011,
13203819,"Yun, Dohyeon A",KOR,M,,,,1633,0,20,SEP25,2005,i
13226355,"Yun, Gaon",KOR,F,,,,1629,0,40,SEP25,2011,w
13203827,"Yun, Geonha",KOR,M,,,,1691,0,20,SEP25,2002,i
13210670,"Yun, Hungi",KOR,M,CM,,,2242,18,40,SEP25,2010,
13204440,"Yun, Jooho",KOR,M,,,,1674,0,40,SEP25,2001,i
13200143,"Yun, Junghee",KOR,F,,,,1647,0,40,SEP25,1974,wi
13205340,"Yun, Milan",KOR,F,,,,1678,0,40,SEP25,1974,wi
13221329,"Yun, Wooseok",KOR,M,,,,1670,0,40,SEP25,2001,
13223976,"Yun, Yangsun",KOR,M,,,,1713,0,40,SEP25,2007,
13215663,"Zee, Hyeonjeong",KOR,F,,,,1727,0,40,SEP25,2011,w
13215655,"Zee, Hyochan",KOR,M,,,,1437,0,40,SEP25,2012,
13202944,"Zvyagintseva, Alexandra",KOR,F,,,,1742,0,40,SEP25,1996,wi