[
  {
    "ID Number": "19701896",
    "Name": "Alexander, Rolex Antoine",
    "Fed": "GUY",
    "Sex": "M",
    "Title": "",
    "WTit": "",
    "OTit": "",
    "FOA": "1558",
    "Rating": "AUG25",
    "Gms": "0",
    "K": "20",
    "B-day": "2003",
    "Flag": "i"
  },
  {
    "ID Number": "19700512",
    "Name": "Ali, Saeed Anwar",
    "Fed": "GUY",
    "Sex": "M",
    "Title": "",
    "WTit": "",
    "OTit": "",
    "FOA": "1677",
    "Rating": "AUG25",
    "Gms": "0",
    "K": "20",
    "B-day": "1997",
    "Flag": ""
  },
  {
    "ID Number": "11104031",
    "Name": "Archibald, Treskole",
    "Fed": "GUY",
    "Sex": "F",
    "Title": "",
    "WTit": "NA",
    "OTit": "",
    "FOA": "1502",
    "Rating": "AUG25",
    "Gms": "3",
    "K": "20",
    "B-day": "2004",
    "Flag": "w"
  },
  {
    "ID Number": "19700547",
    "Name": "Callender, Jessica",
    "Fed": "GUY",
    "Sex": "F",
    "Title": "WCM",
    "WTit": "WCM",
    "OTit": "SI,NA",
    "FOA": "1594",
    "Rating": "AUG25",
    "Gms": "0",
    "K": "20",
    "B-day": "2002",
    "Flag": "wi"
  },
  {
    "ID Number": "19701799",
    "Name": "Campayne, Sherlyta",
    "Fed": "GUY",
    "Sex": "F",
    "Title": "",
    "WTit": "",
    "OTit": "",
    "FOA": "1662",
    "Rating": "AUG25",
    "Gms": "0",
    "K": "20",
    "B-day": "1996",
    "Flag": "wi"
  },
  {
    "ID Number": "19701721",
    "Name": "Chong, Kim Shing",
    "Fed": "GUY",
    "Sex": "M",
    "Title": "",
    "WTit": "SI,NA",
    "OTit": "",
    "FOA": "1564",
    "Rating": "AUG25",
    "Gms": "4",
    "K": "20",
    "B-day": "1999",
    "Flag": ""
  },
  {
    "ID Number": "19700130",
    "Name": "Corlette, Glenford",
    "Fed": "GUY",
    "Sex": "M",
    "Title": "",
    "WTit": "",
    "OTit": "",
    "FOA": "1852",
    "Rating": "AUG25",
    "Gms": "0",
    "K": "20",
    "B-day": "1991",
    "Flag": "i"
  },
  {
    "ID Number": "19701632",
    "Name": "Couchman, Kyle",
    "Fed": "GUY",
    "Sex": "M",
    "Title": "",
    "WTit": "",
    "OTit": "",
    "FOA": "1677",
    "Rating": "AUG25",
    "Gms": "6",
    "K": "40",
    "B-day": "2009",
    "Flag": ""
  },
  {
    "ID Number": "19700849",
    "Name": "DaSilva, Justino Manuelo John",
    "Fed": "GUY",
    "Sex": "M",
    "Title": "",
    "WTit": "",
    "OTit": "",
    "FOA": "1692",
    "Rating": "AUG25",
    "Gms": "0",
    "K": "20",
    "B-day": "1989",
    "Flag": "i"
  },
  {
    "ID Number": "19701918",
    "Name": "Davenand, Javier Garin",
    "Fed": "GUY",
    "Sex": "M",
    "Title": "",
    "WTit": "",
    "OTit": "",
    "FOA": "1430",
    "Rating": "AUG25",
    "Gms": "6",
    "K": "40",
    "B-day": "2014",
    "Flag": ""
  },
  {
    "ID Number": "19700105",
    "Name": "Dillon, Dennis",
    "Fed": "GUY",
    "Sex": "M",
    "Title": "",
    "WTit": "",
    "OTit": "",
    "FOA": "1617",
    "Rating": "AUG25",
    "Gms": "0",
    "K": "20",
    "B-day": "1962",
    "Flag": "i"
  },
  {
    "ID Number": "19700261",
    "Name": "Drayton, Anthony",
    "Fed": "GUY",
    "Sex": "M",
    "Title": "FM",
    "WTit": "SI,LSI",
    "OTit": "",
    "FOA": "1993",
    "Rating": "AUG25",
    "Gms": "6",
    "K": "20",
    "B-day": "1994",
    "Flag": ""
  },
  {
    "ID Number": "19703201",
    "Name": "Dunn, Prince",
    "Fed": "GUY",
    "Sex": "M",
    "Title": "",
    "WTit": "",
    "OTit": "",
    "FOA": "1518",
    "Rating": "AUG25",
    "Gms": "0",
    "K": "20",
    "B-day": "1992",
    "Flag": ""
  },
  {
    "ID Number": "3537951",
    "Name": "Fernandez Ciria, Abel Ayden",
    "Fed": "GUY",
    "Sex": "M",
    "Title": "",
    "WTit": "",
    "OTit": "",
    "FOA": "1505",
    "Rating": "AUG25",
    "Gms": "6",
    "K": "40",
    "B-day": "2013",
    "Flag": ""
  },
  {
    "ID Number": "19700598",
    "Name": "Gopaul, Joshua",
    "Fed": "GUY",
    "Sex": "M",
    "Title": "",
    "WTit": "",
    "OTit": "",
    "FOA": "1582",
    "Rating": "AUG25",
    "Gms": "3",
    "K": "20",
    "B-day": "2000",
    "Flag": ""
  },
  {
    "ID Number": "19700075",
    "Name": "Greenidge, Ronuel",
    "Fed": "GUY",
    "Sex": "M",
    "Title": "CM",
    "WTit": "",
    "OTit": "",
    "FOA": "1858",
    "Rating": "AUG25",
    "Gms": "0",
    "K": "20",
    "B-day": "1983",
    "Flag": "i"
  },
  {
    "ID Number": "19701810",
    "Name": "Hutson, Cary",
    "Fed": "GUY",
    "Sex": "M",
    "Title": "",
    "WTit": "",
    "OTit": "",
    "FOA": "1626",
    "Rating": "AUG25",
    "Gms": "0",
    "K": "20",
    "B-day": "1997",
    "Flag": "i"
  },
  {
    "ID Number": "19700792",
    "Name": "Jagnandan, Andre Radesh",
    "Fed": "GUY",
    "Sex": "M",
    "Title": "",
    "WTit": "",
    "OTit": "",
    "FOA": "1637",
    "Rating": "AUG25",
    "Gms": "0",
    "K": "20",
    "B-day": "1999",
    "Flag": "i"
  },
  {
    "ID Number": "19702647",
    "Name": "Joshi, Aditi Narayan",
    "Fed": "GUY",
    "Sex": "F",
    "Title": "WCM",
    "WTit": "WCM",
    "OTit": "",
    "FOA": "1600",
    "Rating": "AUG25",
    "Gms": "6",
    "K": "40",
    "B-day": "2010",
    "Flag": "w"
  },
  {
    "ID Number": "19701535",
    "Name": "Khan, Mayas",
    "Fed": "GUY",
    "Sex": "M",
    "Title": "",
    "WTit": "",
    "OTit": "",
    "FOA": "1617",
    "Rating": "AUG25",
    "Gms": "0",
    "K": "40",
    "B-day": "2010",
    "Flag": ""
  },
  {
    "ID Number": "19700024",
    "Name": "Khan, Taffin",
    "Fed": "GUY",
    "Sex": "M",
    "Title": "CM",
    "WTit": "",
    "OTit": "",
    "FOA": "2010",
    "Rating": "AUG25",
    "Gms": "0",
    "K": "20",
    "B-day": "1992",
    "Flag": ""
  },
  {
    "ID Number": "19700660",
    "Name": "Lee, Ethan",
    "Fed": "GUY",
    "Sex": "M",
    "Title": "",
    "WTit": "SI",
    "OTit": "",
    "FOA": "1622",
    "Rating": "AUG25",
    "Gms": "0",
    "K": "20",
    "B-day": "2003",
    "Flag": "i"
  },
  {
    "ID Number": "19700350",
    "Name": "Mars, Davion",
    "Fed": "GUY",
    "Sex": "M",
    "Title": "",
    "WTit": "",
    "OTit": "",
    "FOA": "AFM",
    "Rating": "AUG25",
    "Gms": "1746",
    "K": "0",
    "B-day": "1995",
    "Flag": "i"
  },
  {
    "ID Number": "11100702",
    "Name": "Meusa, Wendell",
    "Fed": "GUY",
    "Sex": "M",
    "Title": "CM",
    "WTit": "",
    "OTit": "",
    "FOA": "2047",
    "Rating": "AUG25",
    "Gms": "0",
    "K": "20",
    "B-day": "1988",
    "Flag": "i"
  },
  {
    "ID Number": "19700016",
    "Name": "Mohamad, Irshad",
    "Fed": "GUY",
    "Sex": "M",
    "Title": "",
    "WTit": "",
    "OTit": "",
    "FOA": "1740",
    "Rating": "AUG25",
    "Gms": "0",
    "K": "20",
    "B-day": "1978",
    "Flag": "i"
  },
  {
    "ID Number": "19700164",
    "Name": "Motilall, Raan",
    "Fed": "GUY",
    "Sex": "M",
    "Title": "",
    "WTit": "",
    "OTit": "",
    "FOA": "1674",
    "Rating": "AUG25",
    "Gms": "0",
    "K": "20",
    "B-day": "1996",
    "Flag": "i"
  },
  {
    "ID Number": "19700172",
    "Name": "Motilall, Ron",
    "Fed": "GUY",
    "Sex": "M",
    "Title": "",
    "WTit": "",
    "OTit": "",
    "FOA": "1650",
    "Rating": "AUG25",
    "Gms": "0",
    "K": "20",
    "B-day": "1995",
    "Flag": "i"
  },
  {
    "ID Number": "19700067",
    "Name": "Nandalall, Shivanand",
    "Fed": "GUY",
    "Sex": "M",
    "Title": "",
    "WTit": "",
    "OTit": "",
    "FOA": "1684",
    "Rating": "AUG25",
    "Gms": "0",
    "K": "20",
    "B-day": "1968",
    "Flag": "i"
  },
  {
    "ID Number": "19701292",
    "Name": "Narine, Ricardo",
    "Fed": "GUY",
    "Sex": "M",
    "Title": "",
    "WTit": "SI,NA",
    "OTit": "",
    "FOA": "1708",
    "Rating": "AUG25",
    "Gms": "0",
    "K": "20",
    "B-day": "2005",
    "Flag": "i"
  },
  {
    "ID Number": "19702167",
    "Name": "Narine, Vir Khishan",
    "Fed": "GUY",
    "Sex": "M",
    "Title": "",
    "WTit": "",
    "OTit": "",
    "FOA": "1487",
    "Rating": "AUG25",
    "Gms": "0",
    "K": "40",
    "B-day": "2015",
    "Flag": "i"
  },
  {
    "ID Number": "19700083",
    "Name": "Nathoo, Loris",
    "Fed": "GUY",
    "Sex": "M",
    "Title": "CM",
    "WTit": "",
    "OTit": "",
    "FOA": "1782",
    "Rating": "AUG25",
    "Gms": "0",
    "K": "20",
    "B-day": "1974",
    "Flag": ""
  },
  {
    "ID Number": "19701136",
    "Name": "Nauth, Jacob",
    "Fed": "GUY",
    "Sex": "M",
    "Title": "",
    "WTit": "",
    "OTit": "",
    "FOA": "1533",
    "Rating": "AUG25",
    "Gms": "0",
    "K": "20",
    "B-day": "1998",
    "Flag": "i"
  },
  {
    "ID Number": "19700318",
    "Name": "Neto, Roberto",
    "Fed": "GUY",
    "Sex": "M",
    "Title": "",
    "WTit": "NA",
    "OTit": "",
    "FOA": "1766",
    "Rating": "AUG25",
    "Gms": "0",
    "K": "20",
    "B-day": "1997",
    "Flag": ""
  },
  {
    "ID Number": "19701314",
    "Name": "Oyeyipo, Oluwadare",
    "Fed": "GUY",
    "Sex": "M",
    "Title": "",
    "WTit": "SI",
    "OTit": "",
    "FOA": "1516",
    "Rating": "AUG25",
    "Gms": "0",
    "K": "20",
    "B-day": "2003",
    "Flag": ""
  },
  {
    "ID Number": "19700156",
    "Name": "Persaud, Kriskal",
    "Fed": "GUY",
    "Sex": "M",
    "Title": "",
    "WTit": "",
    "OTit": "",
    "FOA": "1852",
    "Rating": "AUG25",
    "Gms": "0",
    "K": "20",
    "B-day": "1975",
    "Flag": "i"
  },
  {
    "ID Number": "19703520",
    "Name": "Persaud, Matthew",
    "Fed": "GUY",
    "Sex": "M",
    "Title": "",
    "WTit": "",
    "OTit": "",
    "FOA": "1688",
    "Rating": "AUG25",
    "Gms": "7",
    "K": "40",
    "B-day": "2002",
    "Flag": ""
  },
  {
    "ID Number": "19702566",
    "Name": "Pitamber, Sachin Dhilan",
    "Fed": "GUY",
    "Sex": "M",
    "Title": "CM",
    "WTit": "",
    "OTit": "",
    "FOA": "1744",
    "Rating": "AUG25",
    "Gms": "7",
    "K": "40",
    "B-day": "2010",
    "Flag": ""
  },
  {
    "ID Number": "19701667",
    "Name": "Puran, Kishan",
    "Fed": "GUY",
    "Sex": "M",
    "Title": "",
    "WTit": "SI",
    "OTit": "",
    "FOA": "1559",
    "Rating": "AUG25",
    "Gms": "5",
    "K": "20",
    "B-day": "2005",
    "Flag": ""
  },
  {
    "ID Number": "19700873",
    "Name": "Rajkumar, Mahir Adrian",
    "Fed": "GUY",
    "Sex": "M",
    "Title": "",
    "WTit": "",
    "OTit": "",
    "FOA": "1588",
    "Rating": "AUG25",
    "Gms": "4",
    "K": "40",
    "B-day": "2010",
    "Flag": ""
  },
  {
    "ID Number": "19701276",
    "Name": "Sandiford, Keron",
    "Fed": "GUY",
    "Sex": "M",
    "Title": "",
    "WTit": "SI",
    "OTit": "",
    "FOA": "1729",
    "Rating": "AUG25",
    "Gms": "0",
    "K": "20",
    "B-day": "2003",
    "Flag": ""
  },
  {
    "ID Number": "19701829",
    "Name": "Shariff, Omar Afzal",
    "Fed": "GUY",
    "Sex": "M",
    "Title": "",
    "WTit": "",
    "OTit": "",
    "FOA": "1528",
    "Rating": "AUG25",
    "Gms": "4",
    "K": "40",
    "B-day": "2010",
    "Flag": ""
  },
  {
    "ID Number": "19700474",
    "Name": "Sharma, Rai Jagat",
    "Fed": "GUY",
    "Sex": "M",
    "Title": "",
    "WTit": "",
    "OTit": "",
    "FOA": "1681",
    "Rating": "AUG25",
    "Gms": "5",
    "K": "20",
    "B-day": "1951",
    "Flag": ""
  },
  {
    "ID Number": "19701225",
    "Name": "Singh, Aravinda",
    "Fed": "GUY",
    "Sex": "M",
    "Title": "",
    "WTit": "",
    "OTit": "",
    "FOA": "1553",
    "Rating": "AUG25",
    "Gms": "0",
    "K": "20",
    "B-day": "1999",
    "Flag": ""
  },
  {
    "ID Number": "19700709",
    "Name": "Taylor, Jaden",
    "Fed": "GUY",
    "Sex": "M",
    "Title": "",
    "WTit": "",
    "OTit": "",
    "FOA": "1545",
    "Rating": "AUG25",
    "Gms": "0",
    "K": "20",
    "B-day": "2003",
    "Flag": "i"
  },
  {
    "ID Number": "7708297",
    "Name": "Tinnie, Aiden",
    "Fed": "GUY",
    "Sex": "M",
    "Title": "",
    "WTit": "",
    "OTit": "",
    "FOA": "1491",
    "Rating": "AUG25",
    "Gms": "5",
    "K": "40",
    "B-day": "2014",
    "Flag": ""
  },
  {
    "ID Number": "19703503",
    "Name": "Todd, Jaden Samuel",
    "Fed": "GUY",
    "Sex": "M",
    "Title": "",
    "WTit": "",
    "OTit": "",
    "FOA": "1534",
    "Rating": "AUG25",
    "Gms": "0",
    "K": "40",
    "B-day": "2009",
    "Flag": ""
  },
  {
    "ID Number": "19701420",
    "Name": "Ubaldo-Singh, Alek",
    "Fed": "GUY",
    "Sex": "M",
    "Title": "",
    "WTit": "",
    "OTit": "",
    "FOA": "1466",
    "Rating": "AUG25",
    "Gms": "5",
    "K": "40",
    "B-day": "2012",
    "Flag": ""
  },
  {
    "ID Number": "19700288",
    "Name": "Varona-Thomas, Maria",
    "Fed": "GUY",
    "Sex": "F",
    "Title": "WFM",
    "WTit": "WFM",
    "OTit": "",
    "FOA": "1850",
    "Rating": "AUG25",
    "Gms": "0",
    "K": "20",
    "B-day": "1967",
    "Flag": "wi"
  },
  {
    "ID Number": "19701217",
    "Name": "Williams, Gilbert",
    "Fed": "GUY",
    "Sex": "M",
    "Title": "",
    "WTit": "SI",
    "OTit": "",
    "FOA": "1605",
    "Rating": "AUG25",
    "Gms": "0",
    "K": "20",
    "B-day": "1997",
    "Flag": "i"
  },
  {
    "ID Number": "19701330",
    "Name": "Zhang, Alexander",
    "Fed": "GUY",
    "Sex": "M",
    "Title": "",
    "WTit": "",
    "OTit": "",
    "FOA": "1614",
    "Rating": "AUG25",
    "Gms": "5",
    "K": "40",
    "B-day": "2010",
    "Flag": ""
  },
  {
    "ID Number": "19701322",
    "Name": "Zhang, Nicholas",
    "Fed": "GUY",
    "Sex": "M",
    "Title": "",
    "WTit": "",
    "OTit": "",
    "FOA": "1514",
    "Rating": "AUG25",
    "Gms": "6",
    "K": "40",
    "B-day": "2011",
    "Flag": ""
  }
]