[
  {
    "ID Number": "19701896"
  },
  {
    "ID Number": "19700512"
  },
  {
    "ID Number": "11104031"
  },
  {
    "ID Number": "19700547"
  },
  {
    "ID Number": "19701799"
  },
  {
    "ID Number": "19701721"
  },
  {
    "ID Number": "19700130"
  },
  {
    "ID Number": "19701632"
  },
  {
    "ID Number": "19700849"
  },
  {
    "ID Number": "19701918"
  },
  {
    "ID Number": "19700105"
  },
  {
    "ID Number": "19700261"
  },
  {
    "ID Number": "19703201"
  },
  {
    "ID Number": "3537951"
  },
  {
    "ID Number": "19700598"
  },
  {
    "ID Number": "19700075"
  },
  {
    "ID Number": "19701810"
  },
  {
    "ID Number": "19700792"
  },
  {
    "ID Number": "19702647"
  },
  {
    "ID Number": "19701535"
  },
  {
    "ID Number": "19700024"
  },
  {
    "ID Number": "19700660"
  },
  {
    "ID Number": "19700350"
  },
  {
    "ID Number": "11100702"
  },
  {
    "ID Number": "19700016"
  },
  {
    "ID Number": "19700164"
  },
  {
    "ID Number": "19700172"
  },
  {
    "ID Number": "19700067"
  },
  {
    "ID Number": "19701292"
  },
  {
    "ID Number": "19702167"
  },
  {
    "ID Number": "19700083"
  },
  {
    "ID Number": "19701136"
  },
  {
    "ID Number": "19700318"
  },
  {
    "ID Number": "19701314"
  },
  {
    "ID Number": "19700156"
  },
  {
    "ID Number": "19703520"
  },
  {
    "ID Number": "19702566"
  },
  {
    "ID Number": "19701667"
  },
  {
    "ID Number": "19700873"
  },
  {
    "ID Number": "19701276"
  },
  {
    "ID Number": "19701829"
  },
  {
    "ID Number": "19700474"
  },
  {
    "ID Number": "19701225"
  },
  {
    "ID Number": "19700709"
  },
  {
    "ID Number": "7708297"
  },
  {
    "ID Number": "19703503"
  },
  {
    "ID Number": "19701420"
  },
  {
    "ID Number": "19700288"
  },
  {
    "ID Number": "19701217"
  },
  {
    "ID Number": "19701330"
  },
  {
    "ID Number": "19701322"
  }
]