[
  {
    "ID Number": "21542910"
  },
  {
    "ID Number": "21529574"
  },
  {
    "ID Number": "21506523"
  },
  {
    "ID Number": "21501505"
  },
  {
    "ID Number": "21504814"
  },
  {
    "ID Number": "21513228"
  },
  {
    "ID Number": "21510415"
  },
  {
    "ID Number": "21507767"
  },
  {
    "ID Number": "21501475"
  },
  {
    "ID Number": "21504482"
  },
  {
    "ID Number": "21521433"
  },
  {
    "ID Number": "21503974"
  },
  {
    "ID Number": "21500142"
  },
  {
    "ID Number": "21500029"
  },
  {
    "ID Number": "21510334"
  },
  {
    "ID Number": "21500177"
  },
  {
    "ID Number": "21503826"
  },
  {
    "ID Number": "21513201"
  },
  {
    "ID Number": "21500681"
  },
  {
    "ID Number": "21500193"
  },
  {
    "ID Number": "21504610"
  },
  {
    "ID Number": "21500908"
  },
  {
    "ID Number": "21500045"
  },
  {
    "ID Number": "21500207"
  },
  {
    "ID Number": "21501130"
  },
  {
    "ID Number": "21502200"
  },
  {
    "ID Number": "21500223"
  },
  {
    "ID Number": "21502064"
  },
  {
    "ID Number": "21502390"
  },
  {
    "ID Number": "21500541"
  },
  {
    "ID Number": "21500401"
  },
  {
    "ID Number": "21500266"
  },
  {
    "ID Number": "21500967"
  },
  {
    "ID Number": "21524475"
  },
  {
    "ID Number": "21528926"
  },
  {
    "ID Number": "21508488"
  },
  {
    "ID Number": "21522847"
  },
  {
    "ID Number": "21529787"
  },
  {
    "ID Number": "21525870"
  },
  {
    "ID Number": "21535540"
  },
  {
    "ID Number": "21529361"
  },
  {
    "ID Number": "21526621"
  },
  {
    "ID Number": "21500088"
  },
  {
    "ID Number": "21538115"
  },
  {
    "ID Number": "21526893"
  },
  {
    "ID Number": "21500150"
  },
  {
    "ID Number": "21534179"
  },
  {
    "ID Number": "21532761"
  },
  {
    "ID Number": "21522642"
  },
  {
    "ID Number": "21502226"
  },
  {
    "ID Number": "21501017"
  },
  {
    "ID Number": "21534780"
  },
  {
    "ID Number": "21525692"
  },
  {
    "ID Number": "21523835"
  },
  {
    "ID Number": "21525323"
  },
  {
    "ID Number": "21524270"
  },
  {
    "ID Number": "21523223"
  },
  {
    "ID Number": "21540586"
  },
  {
    "ID Number": "21530327"
  },
  {
    "ID Number": "21534039"
  },
  {
    "ID Number": "21526273"
  },
  {
    "ID Number": "21538573"
  },
  {
    "ID Number": "21523940"
  },
  {
    "ID Number": "21523460"
  },
  {
    "ID Number": "21522316"
  },
  {
    "ID Number": "21527709"
  },
  {
    "ID Number": "21540322"
  },
  {
    "ID Number": "21517061"
  },
  {
    "ID Number": "21518840"
  },
  {
    "ID Number": "21532508"
  },
  {
    "ID Number": "21533288"
  },
  {
    "ID Number": "21534071"
  },
  {
    "ID Number": "21524130"
  },
  {
    "ID Number": "21531242"
  },
  {
    "ID Number": "21511217"
  },
  {
    "ID Number": "21525455"
  },
  {
    "ID Number": "21508887"
  },
  {
    "ID Number": "21534012"
  },
  {
    "ID Number": "21522731"
  },
  {
    "ID Number": "21533903"
  },
  {
    "ID Number": "21527725"
  },
  {
    "ID Number": "21531285"
  },
  {
    "ID Number": "21526508"
  },
  {
    "ID Number": "21511390"
  },
  {
    "ID Number": "21531501"
  },
  {
    "ID Number": "21536554"
  },
  {
    "ID Number": "21532133"
  },
  {
    "ID Number": "21544182"
  },
  {
    "ID Number": "21544751"
  },
  {
    "ID Number": "21507996"
  },
  {
    "ID Number": "21530432"
  },
  {
    "ID Number": "21506582"
  },
  {
    "ID Number": "21524491"
  },
  {
    "ID Number": "21504164"
  },
  {
    "ID Number": "21502277"
  },
  {
    "ID Number": "21535302"
  },
  {
    "ID Number": "21504270"
  },
  {
    "ID Number": "21526150"
  },
  {
    "ID Number": "21533547"
  },
  {
    "ID Number": "21512507"
  },
  {
    "ID Number": "21544913"
  },
  {
    "ID Number": "21500096"
  },
  {
    "ID Number": "21500290"
  },
  {
    "ID Number": "21505110"
  },
  {
    "ID Number": "21505128"
  },
  {
    "ID Number": "21500304"
  },
  {
    "ID Number": "21508410"
  },
  {
    "ID Number": "21512493"
  },
  {
    "ID Number": "21500460"
  },
  {
    "ID Number": "21518076"
  },
  {
    "ID Number": "21527474"
  },
  {
    "ID Number": "21507457"
  },
  {
    "ID Number": "21530386"
  },
  {
    "ID Number": "21508054"
  },
  {
    "ID Number": "21501564"
  },
  {
    "ID Number": "21501815"
  },
  {
    "ID Number": "21500355"
  },
  {
    "ID Number": "21501262"
  },
  {
    "ID Number": "21502960"
  },
  {
    "ID Number": "21544905"
  },
  {
    "ID Number": "21503931"
  },
  {
    "ID Number": "21506809"
  },
  {
    "ID Number": "21503400"
  },
  {
    "ID Number": "21502315"
  },
  {
    "ID Number": "21518459"
  },
  {
    "ID Number": "21508364"
  },
  {
    "ID Number": "21531803"
  },
  {
    "ID Number": "21523274"
  }
]