[
  {
    "ID Number": "11319712"
  },
  {
    "ID Number": "11320478"
  },
  {
    "ID Number": "11326409"
  },
  {
    "ID Number": "11315750"
  },
  {
    "ID Number": "11305797"
  },
  {
    "ID Number": "11319550"
  },
  {
    "ID Number": "11322292"
  },
  {
    "ID Number": "11322101"
  },
  {
    "ID Number": "11315075"
  },
  {
    "ID Number": "11316470"
  },
  {
    "ID Number": "11302372"
  },
  {
    "ID Number": "11309512"
  },
  {
    "ID Number": "11305924"
  },
  {
    "ID Number": "11310570"
  },
  {
    "ID Number": "11329637"
  },
  {
    "ID Number": "11316284"
  },
  {
    "ID Number": "11300531"
  },
  {
    "ID Number": "11303468"
  },
  {
    "ID Number": "11300205"
  },
  {
    "ID Number": "11312742"
  },
  {
    "ID Number": "11300264"
  },
  {
    "ID Number": "11311886"
  },
  {
    "ID Number": "11300469"
  },
  {
    "ID Number": "11327138"
  },
  {
    "ID Number": "11320877"
  },
  {
    "ID Number": "11301902"
  },
  {
    "ID Number": "11300612"
  },
  {
    "ID Number": "11312327"
  },
  {
    "ID Number": "11315571"
  },
  {
    "ID Number": "11301031"
  },
  {
    "ID Number": "11317710"
  },
  {
    "ID Number": "11329807"
  },
  {
    "ID Number": "11310197"
  },
  {
    "ID Number": "11312637"
  },
  {
    "ID Number": "11301309"
  },
  {
    "ID Number": "11321784"
  },
  {
    "ID Number": "11312610"
  },
  {
    "ID Number": "11320516"
  },
  {
    "ID Number": "11331119"
  },
  {
    "ID Number": "11301287"
  },
  {
    "ID Number": "11300310"
  },
  {
    "ID Number": "11319917"
  },
  {
    "ID Number": "11331240"
  },
  {
    "ID Number": "11301937"
  },
  {
    "ID Number": "11329629"
  },
  {
    "ID Number": "11300442"
  },
  {
    "ID Number": "11319739"
  },
  {
    "ID Number": "11317345"
  },
  {
    "ID Number": "11318007"
  },
  {
    "ID Number": "11300353"
  },
  {
    "ID Number": "11315180"
  },
  {
    "ID Number": "11306025"
  },
  {
    "ID Number": "11300337"
  },
  {
    "ID Number": "11321407"
  },
  {
    "ID Number": "11324147"
  },
  {
    "ID Number": "11330368"
  },
  {
    "ID Number": "11330350"
  },
  {
    "ID Number": "11324244"
  },
  {
    "ID Number": "11300833"
  },
  {
    "ID Number": "11315806"
  },
  {
    "ID Number": "11310278"
  },
  {
    "ID Number": "11318317"
  },
  {
    "ID Number": "11312408"
  },
  {
    "ID Number": "11301961"
  },
  {
    "ID Number": "11300302"
  },
  {
    "ID Number": "11314320"
  },
  {
    "ID Number": "11329467"
  },
  {
    "ID Number": "11327502"
  },
  {
    "ID Number": "11331275"
  },
  {
    "ID Number": "11329602"
  },
  {
    "ID Number": "11302275"
  },
  {
    "ID Number": "11331267"
  },
  {
    "ID Number": "11300280"
  },
  {
    "ID Number": "11300850"
  },
  {
    "ID Number": "11313226"
  },
  {
    "ID Number": "11313242"
  },
  {
    "ID Number": "11300868"
  },
  {
    "ID Number": "11318759"
  },
  {
    "ID Number": "11326379"
  },
  {
    "ID Number": "11325720"
  },
  {
    "ID Number": "11315946"
  },
  {
    "ID Number": "11313927"
  },
  {
    "ID Number": "11314788"
  },
  {
    "ID Number": "11301791"
  },
  {
    "ID Number": "11300515"
  },
  {
    "ID Number": "11302828"
  },
  {
    "ID Number": "11306173"
  },
  {
    "ID Number": "11301805"
  },
  {
    "ID Number": "11316837"
  },
  {
    "ID Number": "11311843"
  },
  {
    "ID Number": "15205878"
  },
  {
    "ID Number": "11300361"
  },
  {
    "ID Number": "11327200"
  },
  {
    "ID Number": "11318287"
  },
  {
    "ID Number": "11319321"
  },
  {
    "ID Number": "11327537"
  },
  {
    "ID Number": "11304553"
  },
  {
    "ID Number": "11309091"
  },
  {
    "ID Number": "11310073"
  },
  {
    "ID Number": "11310880"
  },
  {
    "ID Number": "11331232"
  },
  {
    "ID Number": "11308435"
  },
  {
    "ID Number": "11327359"
  },
  {
    "ID Number": "11310090"
  },
  {
    "ID Number": "11310898"
  },
  {
    "ID Number": "11302011"
  },
  {
    "ID Number": "11300990"
  },
  {
    "ID Number": "11314940"
  },
  {
    "ID Number": "11312998"
  },
  {
    "ID Number": "11303646"
  },
  {
    "ID Number": "11329084"
  },
  {
    "ID Number": "11301007"
  },
  {
    "ID Number": "11315016"
  },
  {
    "ID Number": "11316861"
  },
  {
    "ID Number": "11324198"
  },
  {
    "ID Number": "11307153"
  },
  {
    "ID Number": "11303654"
  },
  {
    "ID Number": "11311436"
  },
  {
    "ID Number": "11309830"
  },
  {
    "ID Number": "11302038"
  },
  {
    "ID Number": "11313358"
  },
  {
    "ID Number": "11301430"
  },
  {
    "ID Number": "11301023"
  },
  {
    "ID Number": "11300230"
  },
  {
    "ID Number": "11311290"
  },
  {
    "ID Number": "11329645"
  },
  {
    "ID Number": "11301040"
  },
  {
    "ID Number": "11300140"
  },
  {
    "ID Number": "11323450"
  },
  {
    "ID Number": "11329165"
  },
  {
    "ID Number": "11325232"
  },
  {
    "ID Number": "11319623"
  },
  {
    "ID Number": "11302046"
  },
  {
    "ID Number": "11305118"
  },
  {
    "ID Number": "11309890"
  },
  {
    "ID Number": "11313390"
  },
  {
    "ID Number": "11311614"
  },
  {
    "ID Number": "11313781"
  },
  {
    "ID Number": "11302526"
  },
  {
    "ID Number": "11308613"
  },
  {
    "ID Number": "11329378"
  },
  {
    "ID Number": "11302941"
  },
  {
    "ID Number": "11300485"
  },
  {
    "ID Number": "11300078"
  },
  {
    "ID Number": "11330120"
  },
  {
    "ID Number": "11300370"
  },
  {
    "ID Number": "11312300"
  },
  {
    "ID Number": "11320060"
  },
  {
    "ID Number": "11315920"
  },
  {
    "ID Number": "11314699"
  },
  {
    "ID Number": "11302550"
  },
  {
    "ID Number": "11314907"
  },
  {
    "ID Number": "11314184"
  },
  {
    "ID Number": "11308702"
  },
  {
    "ID Number": "11318201"
  },
  {
    "ID Number": "11330139"
  },
  {
    "ID Number": "11322306"
  },
  {
    "ID Number": "11313498"
  },
  {
    "ID Number": "11321415"
  },
  {
    "ID Number": "11330147"
  },
  {
    "ID Number": "11300426"
  },
  {
    "ID Number": "11325925"
  },
  {
    "ID Number": "11317981"
  },
  {
    "ID Number": "11331160"
  },
  {
    "ID Number": "11320982"
  },
  {
    "ID Number": "11326778"
  },
  {
    "ID Number": "11319607"
  },
  {
    "ID Number": "11303360"
  },
  {
    "ID Number": "11308001"
  },
  {
    "ID Number": "11301473"
  },
  {
    "ID Number": "11304782"
  },
  {
    "ID Number": "11319259"
  },
  {
    "ID Number": "11300493"
  },
  {
    "ID Number": "11300710"
  },
  {
    "ID Number": "11316799"
  },
  {
    "ID Number": "11330236"
  },
  {
    "ID Number": "11318953"
  },
  {
    "ID Number": "11331151"
  },
  {
    "ID Number": "11300507"
  },
  {
    "ID Number": "11317159"
  },
  {
    "ID Number": "11317469"
  },
  {
    "ID Number": "11300760"
  },
  {
    "ID Number": "11302119"
  },
  {
    "ID Number": "11322519"
  },
  {
    "ID Number": "11306351"
  },
  {
    "ID Number": "11321644"
  },
  {
    "ID Number": "11324678"
  },
  {
    "ID Number": "11314370"
  },
  {
    "ID Number": "11321253"
  },
  {
    "ID Number": "11323396"
  },
  {
    "ID Number": "11305835"
  },
  {
    "ID Number": "11331143"
  },
  {
    "ID Number": "11327928"
  },
  {
    "ID Number": "11300272"
  },
  {
    "ID Number": "11312734"
  },
  {
    "ID Number": "11304871"
  },
  {
    "ID Number": "11309148"
  },
  {
    "ID Number": "11301597"
  },
  {
    "ID Number": "11330040"
  },
  {
    "ID Number": "11314230"
  },
  {
    "ID Number": "11319178"
  },
  {
    "ID Number": "11301503"
  },
  {
    "ID Number": "11302186"
  },
  {
    "ID Number": "11322381"
  },
  {
    "ID Number": "11324112"
  },
  {
    "ID Number": "11301120"
  },
  {
    "ID Number": "11316403"
  },
  {
    "ID Number": "11300124"
  },
  {
    "ID Number": "11300248"
  },
  {
    "ID Number": "11329327"
  },
  {
    "ID Number": "11315270"
  },
  {
    "ID Number": "11301155"
  },
  {
    "ID Number": "11318716"
  },
  {
    "ID Number": "11316764"
  },
  {
    "ID Number": "11301511"
  },
  {
    "ID Number": "11301171"
  },
  {
    "ID Number": "11303670"
  },
  {
    "ID Number": "11330023"
  },
  {
    "ID Number": "11320117"
  },
  {
    "ID Number": "11302291"
  },
  {
    "ID Number": "11313870"
  },
  {
    "ID Number": "11324694"
  },
  {
    "ID Number": "11329068"
  },
  {
    "ID Number": "11329688"
  },
  {
    "ID Number": "11301546"
  },
  {
    "ID Number": "11330210"
  },
  {
    "ID Number": "11308974"
  },
  {
    "ID Number": "11321008"
  },
  {
    "ID Number": "11327375"
  },
  {
    "ID Number": "11326042"
  },
  {
    "ID Number": "11307625"
  },
  {
    "ID Number": "11301201"
  },
  {
    "ID Number": "11320567"
  },
  {
    "ID Number": "11320559"
  },
  {
    "ID Number": "11309474"
  },
  {
    "ID Number": "11320869"
  },
  {
    "ID Number": "11316233"
  },
  {
    "ID Number": "11326395"
  },
  {
    "ID Number": "11314869"
  },
  {
    "ID Number": "11309652"
  },
  {
    "ID Number": "11309008"
  },
  {
    "ID Number": "11329696"
  },
  {
    "ID Number": "11301228"
  },
  {
    "ID Number": "11300558"
  },
  {
    "ID Number": "11326522"
  },
  {
    "ID Number": "11329700"
  },
  {
    "ID Number": "11320761"
  },
  {
    "ID Number": "11319542"
  },
  {
    "ID Number": "11305886"
  },
  {
    "ID Number": "11307404"
  },
  {
    "ID Number": "11323795"
  },
  {
    "ID Number": "11303042"
  },
  {
    "ID Number": "11326557"
  }
]