[
  {
    "ID Number": "22400168"
  },
  {
    "ID Number": "22400591"
  },
  {
    "ID Number": "22400702"
  },
  {
    "ID Number": "22400885"
  },
  {
    "ID Number": "22400079"
  },
  {
    "ID Number": "22400230"
  },
  {
    "ID Number": "22400192"
  },
  {
    "ID Number": "22400044"
  },
  {
    "ID Number": "22400060"
  },
  {
    "ID Number": "22400010"
  },
  {
    "ID Number": "22400605"
  },
  {
    "ID Number": "22400095"
  },
  {
    "ID Number": "22400567"
  },
  {
    "ID Number": "22400109"
  },
  {
    "ID Number": "22400052"
  },
  {
    "ID Number": "22400672"
  },
  {
    "ID Number": "22400141"
  },
  {
    "ID Number": "22400656"
  },
  {
    "ID Number": "22400125"
  },
  {
    "ID Number": "22400133"
  },
  {
    "ID Number": "22400486"
  },
  {
    "ID Number": "22400460"
  },
  {
    "ID Number": "22400613"
  },
  {
    "ID Number": "22400087"
  },
  {
    "ID Number": "22400281"
  },
  {
    "ID Number": "22400117"
  },
  {
    "ID Number": "22400915"
  },
  {
    "ID Number": "22400648"
  },
  {
    "ID Number": "22400664"
  }
]