[
  {
    "ID Number": "19900791"
  },
  {
    "ID Number": "19901011"
  },
  {
    "ID Number": "19902719"
  },
  {
    "ID Number": "19900074"
  },
  {
    "ID Number": "19900414"
  },
  {
    "ID Number": "681407"
  },
  {
    "ID Number": "19900228"
  },
  {
    "ID Number": "19900430"
  },
  {
    "ID Number": "19900295"
  },
  {
    "ID Number": "19900805"
  },
  {
    "ID Number": "19900031"
  },
  {
    "ID Number": "19900597"
  },
  {
    "ID Number": "19900465"
  },
  {
    "ID Number": "19902751"
  },
  {
    "ID Number": "19900511"
  },
  {
    "ID Number": "19900503"
  },
  {
    "ID Number": "19901550"
  },
  {
    "ID Number": "19902247"
  },
  {
    "ID Number": "19900163"
  },
  {
    "ID Number": "19901003"
  },
  {
    "ID Number": "614831"
  },
  {
    "ID Number": "19900090"
  },
  {
    "ID Number": "19900481"
  },
  {
    "ID Number": "19900929"
  },
  {
    "ID Number": "19900490"
  },
  {
    "ID Number": "5513154"
  },
  {
    "ID Number": "19900520"
  },
  {
    "ID Number": "19901836"
  },
  {
    "ID Number": "19900821"
  },
  {
    "ID Number": "19900651"
  },
  {
    "ID Number": "19900120"
  },
  {
    "ID Number": "19900899"
  },
  {
    "ID Number": "19900953"
  },
  {
    "ID Number": "19902727"
  },
  {
    "ID Number": "19900082"
  }
]