[
  {
    "ID Number": "20701110"
  },
  {
    "ID Number": "20700962"
  },
  {
    "ID Number": "20701217"
  },
  {
    "ID Number": "20700202"
  },
  {
    "ID Number": "20700237"
  },
  {
    "ID Number": "14318091"
  },
  {
    "ID Number": "20701098"
  },
  {
    "ID Number": "20700741"
  },
  {
    "ID Number": "20700610"
  },
  {
    "ID Number": "20700245"
  },
  {
    "ID Number": "20701055"
  },
  {
    "ID Number": "20700954"
  },
  {
    "ID Number": "20700393"
  },
  {
    "ID Number": "20700040"
  },
  {
    "ID Number": "20700113"
  },
  {
    "ID Number": "20700121"
  },
  {
    "ID Number": "20701381"
  },
  {
    "ID Number": "20701179"
  },
  {
    "ID Number": "20701152"
  },
  {
    "ID Number": "20700130"
  },
  {
    "ID Number": "20700253"
  },
  {
    "ID Number": "20700105"
  },
  {
    "ID Number": "20700431"
  },
  {
    "ID Number": "20700784"
  },
  {
    "ID Number": "20700814"
  },
  {
    "ID Number": "20700210"
  },
  {
    "ID Number": "20700180"
  },
  {
    "ID Number": "20700679"
  },
  {
    "ID Number": "20701101"
  }
]