ID Number,Name,Fed,Sex,Title,WTit,OTit,Rating,Gms,K,RatingMonth,B-day,Flag
10245154,"A B M Jobair, Hossain",BAN,M,,,,1748,0,20,SEP25,1998,
10207538,"A E M, Doshtagir",BAN,M,,,,1916,0,20,SEP25,1974,i
10291695,"A S M Mashrur, Zaman",BAN,M,,,,1612,0,40,SEP25,2008,
10257853,"A, L M Wayes Faruki",BAN,M,,,,1642,0,40,SEP25,2015,i
10247360,"A, N M Ziaul Islam Mithu",BAN,M,,,,ACM,1650,0,SEP25,1974,i
10202650,"A. K. Azad, Akhond",BAN,M,,,,1789,0,20,SEP25,1971,i
10220518,"A. K. M., Kamruzzaman",BAN,M,,,,1822,0,20,SEP25,1978,i
10276971,"Aabid, Mahadi Saad",BAN,M,,,,1756,0,40,SEP25,2010,
10242848,"Aadipto, Barua",BAN,M,,,,1558,0,40,SEP25,2007,i
10240101,"Aariz, Zaman Khan",BAN,M,,,,1468,0,40,SEP25,2008,i
10235647,Aayan Kamal Talukder,BAN,M,,,,1591,0,40,SEP25,2013,i
10296905,"Abahat Alman, Khandaker",BAN,M,,,,1517,0,40,SEP25,2014,
10219285,"Abdul , Alam",BAN,M,,,,1978,0,20,SEP25,1979,i
10215743,"Abdul , Mannan",BAN,M,,,,1889,0,20,SEP25,1961,i
10272666,Abdul Aziz,BAN,M,,,,1636,0,20,SEP25,2002,i
10244026,"Abdul Mubin, Ahmed",BAN,M,,,,1900,0,20,SEP25,1968,i
10235655,"Abdul Munim Khan, Chowdhury",BAN,M,,,,1785,0,20,SEP25,1991,
10202749,"Abdul, Alim",BAN,M,,,,1869,0,20,SEP25,0,i
10234373,"Abdul, Halim",BAN,M,,,,1908,0,20,SEP25,1994,i
10268723,"Abdul, Halim",BAN,M,,,,1828,15,40,SEP25,1984,
10203672,"Abdul, Momin",BAN,M,,,,1888,0,20,SEP25,1978,
10234381,"Abdul, Mozid Shah",BAN,M,,,,1593,0,20,SEP25,1989,
10253262,"Abdulah Al, Habib",BAN,M,,,,1621,0,20,SEP25,2005,i
532017456,Abdullah,BAN,M,,,,1565,0,40,SEP25,2012,
10238549,"Abdullah Al , Muhit",BAN,M,,,,1639,0,20,SEP25,1999,i
10218378,"Abdullah Al , Raison",BAN,M,,,,1870,0,20,SEP25,1995,i
10217355,"Abdullah Al, Muhit",BAN,M,,,,1845,0,20,SEP25,1999,i
10200290,"Abdullah, Al Hasan",BAN,M,,,,1725,0,20,SEP25,0,i
10266984,"Abdullah, Al Robin",BAN,M,,,,1732,0,20,SEP25,1999,i
10203257,"Abdullah, Al-Saif",BAN,M,,,,2129,0,20,SEP25,1997,i
10270485,"Abdullah, Noor",BAN,M,,,,1706,0,20,SEP25,2003,i
10240365,"Abdur, Rahim",BAN,M,,,,1762,0,20,SEP25,1981,
10248099,"Abdur, Rahman",BAN,M,,,,1694,0,20,SEP25,1989,
10207988,"Abedin, Md. Afanur",BAN,M,,,,1751,0,20,SEP25,1984,i
10200193,"Abedin, Zainal",BAN,M,,,,1964,0,20,SEP25,1980,
10211152,"Abhijit, Mondal",BAN,M,,,,AFM,1858,0,SEP25,1993,i
10266550,"Abid, Hasan",BAN,M,,,,1751,0,40,SEP25,2010,
10260935,"Abid, Hossain Abir",BAN,M,,,,1633,0,20,SEP25,1997,
532005288,"Abidur Rahim, Manam",BAN,M,,,,1611,0,40,SEP25,2009,
10211616,"Abijit, Barua",BAN,M,,,,1782,0,20,SEP25,0,
10262555,"Abir, Ahamed",BAN,M,,,,1765,0,20,SEP25,2004,
10260943,"Abraham, Howlader",BAN,M,,,,1565,0,20,SEP25,2005,
10275720,"Abrar, Reazul Ahnaf Mohammad",BAN,M,,,,ACM,1713,0,SEP25,2016,
532003382,"Abrar, Sarker",BAN,M,,,,1777,0,40,SEP25,2008,
10297995,"Abrar, Yasir Jaiyan",BAN,M,,,,1700,0,40,SEP25,2011,
10269568,"Abrar, Zaheen",BAN,M,,,,1662,0,40,SEP25,2008,i
10289240,"Abrar, Zaman",BAN,M,,,,1788,0,40,SEP25,2007,i
10213201,"Abu Lish, Ansary",BAN,M,,,,1871,0,20,SEP25,1988,i
10200916,"Abu Sufian, Shakil",BAN,M,IM,FT,,2296,0,20,SEP25,1980,i
10211160,"Abu Taleb, Kuranu",BAN,M,,,,1927,0,20,SEP25,1981,i
10235663,"Abu, Ayub",BAN,M,,,,1570,0,20,SEP25,1981,i
10208771,"Abu, Reza",BAN,M,,,,1940,0,20,SEP25,1971,i
532023898,"Abul Kalam, Azad",BAN,M,,,,1555,6,40,SEP25,1975,
532000073,"Abul Kalam, Khan",BAN,M,,,,1510,0,20,SEP25,1963,
10202005,"Abul, Hasnat",BAN,M,,,,1875,0,20,SEP25,0,i
10230033,"Ad, Kazi Kamrun Nessa",BAN,M,,,,1564,0,20,SEP25,1966,i
10275592,"Adiatzzaman, Sarkar",BAN,M,,,,1739,0,20,SEP25,2006,i
532003110,"Adit, Kumar Dey",BAN,M,,,,1618,0,40,SEP25,2009,i
10288244,"Aditya, Samudra",BAN,M,,,,1562,0,40,SEP25,2009,
10222308,"Adv. Md. Sofiqul, Islam",BAN,M,,,,1878,0,20,SEP25,1971,
10223452,"Adv., Jashim Uddin",BAN,M,,,,1718,0,20,SEP25,1978,
10207481,"Aeon, Sarker",BAN,F,,,,1663,0,20,SEP25,1993,wi
10283943,"Affan, Haseen",BAN,M,,,,1599,0,40,SEP25,2009,i
532001070,"Afnan, Sami",BAN,M,,,,1669,0,20,SEP25,2005,i
10265171,"Afnan, Zarif Haque",BAN,M,,,,1781,0,40,SEP25,2008,i
10212582,"Afrin Jahan, Munia",BAN,F,,,,1764,0,20,SEP25,1998,wi
10201530,"Afzal, Kazi Md. Mahbub",BAN,M,,FA,,1848,0,20,SEP25,1967,
10208313,"Ahad, Syed Abdul",BAN,M,,NI,,1785,0,20,SEP25,1974,i
10293914,"Ahanaf Abid, Eshan",BAN,M,,,,1580,0,40,SEP25,2011,
10248269,"Ahbab, Ahmed",BAN,M,,,,1783,0,20,SEP25,1980,i
10214232,"Ahmed Jahangir, Babul",BAN,M,,,,1906,0,20,SEP25,1957,i
532004265,"Ahmed, Afraz Arshan",BAN,M,,,,1807,0,40,SEP25,2017,
10201254,"Ahmed, Feroz",BAN,M,,,,2008,6,20,SEP25,1980,
10202021,"Ahmed, Mahtabuddin",BAN,M,CM,,,2097,0,20,SEP25,1987,
10201416,"Ahmed, Mainuddin",BAN,M,,,,2136,0,20,SEP25,0,i
10231455,"Ahmed, Maynuddin",BAN,M,,,,1872,0,20,SEP25,1972,i
10202897,"Ahmed, Md. Fariduddin",BAN,M,,,,1980,0,20,SEP25,1968,i
10201564,"Ahmed, Shafiq",BAN,M,CM,,,2041,0,20,SEP25,1976,i
10200525,"Ahmed, Sheikh Nasir",BAN,M,FM,,,2264,0,20,SEP25,1975,i
10249486,"Ahmed, Shouhardo",BAN,M,,,,1767,0,20,SEP25,2005,i
10203117,"Ahmed, Sk. Raju",BAN,M,,,,1905,0,20,SEP25,0,i
2831193,"Ahmed, Walijah",BAN,F,WCM,WCM,,1841,0,20,SEP25,2003,w
10255770,Ahnaf Hasan Rajjo,BAN,M,,,,1635,0,40,SEP25,2009,i
10269592,"Ahnaf Rashid, Chowdhury",BAN,M,,,,1774,0,40,SEP25,2009,i
532017987,"Ahnaf, Chowdhury",BAN,M,,,,1446,3,40,SEP25,2016,
10261095,"Ahnaf, Hossain",BAN,M,,,,1585,0,40,SEP25,2007,
10287477,"Ahnaf, Shehzaad",BAN,M,,,,1660,5,40,SEP25,2014,
10247505,"Ahnaf, Sulaiman",BAN,M,,,,1656,0,20,SEP25,2004,
10267875,"Ahnaf, Tahmid Daian",BAN,M,,,,1632,0,40,SEP25,2010,
10261109,"Ahraf, Hossain",BAN,M,,,,1627,0,40,SEP25,2009,
10239200,"Ahsan, Ali Jewel",BAN,M,,NA,,1472,0,20,SEP25,1996,i
10294830,"Ailan, Afnan Tajwar",BAN,M,,,,1558,0,40,SEP25,2020,
10222316,"Aishmam Rayshahrar Sadman, Johay",BAN,M,,,,1965,0,20,SEP25,2005,i
10253866,"Aiyan, Rahman",BAN,M,,,,1767,0,40,SEP25,2012,
10234446,"Ajraf, Anan",BAN,M,,,,1681,0,40,SEP25,2011,i
10212426,"Akib , Jawad",BAN,M,,,,1901,0,20,SEP25,2001,i
10265880,"Akib, Hassan",BAN,M,,,,1707,0,20,SEP25,2001,i
10254870,"Akramul, Azam",BAN,M,,,,1794,9,20,SEP25,1983,
10278842,"Al Muhymin, Shadid",BAN,M,,,,1570,0,20,SEP25,2006,
10256903,"Al, Monir",BAN,M,,,,1818,3,20,SEP25,1990,
10231250,"Al, Roman",BAN,F,,,,1715,0,20,SEP25,1995,wi
10203966,"Al-Shahid, Abul Kashem",BAN,M,,,,1764,0,20,SEP25,1967,i
10230394,"Alam Quamar, Ruzlan",BAN,M,,,,1466,0,20,SEP25,2006,i
10201386,"Alam, Badrul",BAN,M,,,,1839,0,20,SEP25,1963,i
10200606,"Alam, Md. Monjur",BAN,M,,,,1973,0,20,SEP25,1972,
10201831,"Alam, Syed Mahbubul",BAN,M,,,,1942,0,20,SEP25,1980,
10280073,"Alauddin, Sadrer",BAN,M,,,,1654,0,20,SEP25,1965,i
532002360,"Ali Md Monirul, Alam",BAN,M,,,,1634,0,20,SEP25,1977,i
10200479,"Ali, Amjad",BAN,M,,,,2124,0,20,SEP25,0,i
315277502,"Ali, Fairooz Mehedad",BAN,M,,,,1709,0,20,SEP25,1985,i
10223460,"Ali, Kaiser",BAN,M,,,,1766,0,20,SEP25,1968,
10262148,"Ali, Md Mohammad",BAN,M,,,,1842,0,20,SEP25,1985,i
10204504,"Ali, Md. Liakot",BAN,M,,,,1819,0,20,SEP25,0,i
10204180,"Ali, Md. Yakub",BAN,M,,,,1777,0,20,SEP25,0,
10207554,"Ali, Mir Mosharraf",BAN,M,,,,1917,0,20,SEP25,1962,i
10203699,"Ali, Mohammad",BAN,M,,,,1802,0,20,SEP25,1975,i
10202684,"Ali, Mohammad Amir",BAN,M,,,,AIM,1860,0,SEP25,1977,i
10203346,"Ali, Mohammad Imran",BAN,M,,,,2156,0,20,SEP25,1989,
10268480,"Alom, Jahangir",BAN,M,,,,1816,13,20,SEP25,1971,
10280170,"Amamul, Radi",BAN,M,,,,1452,0,40,SEP25,2009,i
10236600,"Aman, Ullah",BAN,M,,,,1582,0,20,SEP25,1982,i
10242864,"Amartya, Barua",BAN,M,,,,1540,0,20,SEP25,2005,i
10267689,"Amimul, Ihsan",BAN,M,,,,1628,0,20,SEP25,1997,i
10208356,"Amin, Md. Ruhul (chittagong)",BAN,M,,,,1816,0,20,SEP25,0,i
10276041,Aminul Islam,BAN,M,,,,1852,0,20,SEP25,1973,
10253599,"Aminul, Islam 2",BAN,M,,,,1695,0,20,SEP25,1990,i
10211934,"Amir Hossain, Ripon",BAN,M,,,,1833,0,20,SEP25,0,i
10225269,"Amit Bikram, Roy",BAN,M,,,,2025,0,20,SEP25,2002,
532009208,"Amitabh, Khan",BAN,M,,,,1603,0,40,SEP25,2013,
10294996,"Amitava, Sarkar",BAN,M,,,,1681,0,40,SEP25,2010,
10287485,"Anahid, Ashraf",BAN,M,,,,1567,0,40,SEP25,2010,i
10299211,"Anamul, Hoque",BAN,M,,,,1550,0,20,SEP25,1970,i
10222324,"Ananda Kumar, Sarma",BAN,M,,,,1750,5,20,SEP25,1971,
10215026,"Anata, Choudhury",BAN,M,,,,2138,0,20,SEP25,2000,
10238832,"Anik Mollick, Shahriar",BAN,M,,,,1632,0,20,SEP25,1995,i
10213341,"Animesh, Khashkel",BAN,M,,,,1796,0,20,SEP25,1997,
10258256,"Aninda Rrick, Digbijoy",BAN,M,,,,1637,0,40,SEP25,2013,
10293400,"Anindaya, Kar Chowdury",BAN,M,,,,1782,0,40,SEP25,2011,i
10246789,"Anindya Singha , Argho",BAN,M,,,,1897,0,20,SEP25,2006,i
10269371,"Anirban, Saha",BAN,M,,,,1502,0,40,SEP25,2010,i
10215956,"Anis, Sikder",BAN,M,,,,1894,0,20,SEP25,1985,i
10231676,"Anisur , Rahman",BAN,M,,,,1792,19,20,SEP25,1983,
10215034,"Anisur, Rahman",BAN,M,,,,1924,0,20,SEP25,0,i
10249494,"Anobadyo, Shristi Ghosh",BAN,M,,,,1632,0,40,SEP25,2011,i
10235671,"Anowara, Khatun",BAN,F,,,,1583,0,20,SEP25,1980,wi
10250530,"Antan, Chakma",BAN,M,,,,1633,0,20,SEP25,2000,
10293922,"Anuska, Dutta",BAN,F,,,,1516,0,40,SEP25,2014,w
10284443,"Aqil, Hasan",BAN,M,,,,1619,0,40,SEP25,2015,
10284664,"Arabee Jobayer, Mahmud",BAN,M,,,,1671,0,20,SEP25,2006,i
10277986,"Aranyak Sarkar, Atanu",BAN,M,,,,1596,0,40,SEP25,2015,i
10277684,"Argho, Roy",BAN,M,,,,1950,0,40,SEP25,2008,
10283030,"Arham, , Omar",BAN,M,,,,1734,7,40,SEP25,2011,
10298410,"Arib, Zulkarnain",BAN,M,,,,1574,0,20,SEP25,2004,i
10252274,"Arif, Hosen",BAN,M,,,,1655,0,20,SEP25,1991,i
10235361,"Arisha, Hossain Tuba",BAN,F,,,,1587,0,40,SEP25,2014,wi
10263659,"Aritra, Das",BAN,M,,,,1544,0,40,SEP25,2008,i
10255869,Ariyan Tahsin Pine,BAN,M,,,,1609,0,40,SEP25,2009,i
10285113,"Arjun Chandra, Datta",BAN,M,,,,1735,0,20,SEP25,1984,i
10266992,"Arman, Ferdous",BAN,M,,,,1640,0,20,SEP25,2003,i
10273620,"Aroj, Ali",BAN,M,,,,1716,0,20,SEP25,1996,i
532003420,"Arpon, Mazumder Arghya",BAN,M,,,,1536,0,40,SEP25,2008,
10225099,"Arup Kumar, Mondal",BAN,M,,,,1842,0,20,SEP25,1976,
10234390,"Asadul, Hoque Chy",BAN,M,,,,1882,0,20,SEP25,1984,i
10224181,"Asaduzzaman, Ahad",BAN,M,,,,1960,0,20,SEP25,1981,
532019785,"Asfak Safin, Ahnaf",BAN,M,,,,1617,6,40,SEP25,2011,
315277496,"Ashaduzzaman, Md",BAN,M,,,,1875,0,20,SEP25,1983,i
10264825,"Ashish, Mazumder",BAN,M,,,,1883,0,20,SEP25,1990,i
10259767,"Ashiya, Sultana",BAN,F,,NI,,1537,0,20,SEP25,1988,w
10257535,"Ashraf Al, Imam",BAN,M,,,,1723,0,20,SEP25,1968,
10299238,"Ashraful Hasan, Khan",BAN,M,,,,1583,0,20,SEP25,1994,
10223479,"Ashraful, Alam",BAN,M,,,,1870,0,20,SEP25,1978,i
532028423,"Ashraful, Karim",BAN,M,,,,1595,6,40,SEP25,2000,
10221425,"Asif , Mahmud",BAN,M,,NA,,1933,0,20,SEP25,1995,i
10234160,"Asif, Iqbal",BAN,M,,,,1915,0,20,SEP25,1996,i
10285121,"Asrar, Zahid",BAN,M,,,,1751,0,20,SEP25,1969,i
10260811,"Atif Aslam, Tonmoy",BAN,M,,,,1776,0,20,SEP25,1998,i
532011164,"Aurpit, Sarker",BAN,M,,,,1589,8,40,SEP25,2009,
10211187,"Avik, Sarker",BAN,M,CM,,,1989,0,20,SEP25,1996,
10278877,"Avrajit Saha, Atul",BAN,M,,,,1692,0,40,SEP25,2008,i
10287604,"Awsaf, Chowdhury",BAN,M,,,,1561,7,40,SEP25,2012,
10268944,"Ayaan Mahmud, Raif",BAN,M,,,,1535,0,40,SEP25,2014,i
10222863,"Ayaana, Chowdhury",BAN,F,,,,1581,0,20,SEP25,2003,wi
532008341,"Ayan, Hossain",BAN,M,,,,1438,0,40,SEP25,2018,
10294899,"Ayas, Abdulla Khajir Bin",BAN,M,,,,1871,0,40,SEP25,2009,
10297332,"Ayesha Islam, Tuya",BAN,F,,,,1502,0,40,SEP25,2011,wi
10246266,"Ayman, Ahmed",BAN,M,,,,1641,0,20,SEP25,2006,i
10269665,"Aysha Akter, Habiba",BAN,F,,,,1551,0,40,SEP25,2011,wi
10283668,"Azaan, Mahmood",BAN,M,,,,1528,0,40,SEP25,2017,
10297596,"Azad, Mohammad Abul Kalam",BAN,M,,,,1587,0,20,SEP25,1968,i
10208810,"Azim As, Shawkat",BAN,M,,,,1852,0,20,SEP25,0,i
10224610,"Azmain Islam, Khan",BAN,M,,,,1590,0,20,SEP25,2004,
10226273,"Azraf Uddin, Ahmed",BAN,M,,,,1695,0,20,SEP25,2004,i
10231498,"Bablu, Sheikh",BAN,M,,,,1828,6,20,SEP25,1976,
10205179,"Babul, Mollick",BAN,M,,,,1846,0,20,SEP25,1973,
10235302,Badal Das,BAN,M,,,,1663,0,20,SEP25,1970,i
10236961,"Badol, Sikder",BAN,M,,,,1866,0,20,SEP25,1984,
10282076,"Badshah, Alamgir",BAN,M,,,,1693,0,20,SEP25,1998,i
10267360,"Baidya, Kaushik",BAN,M,,,,1786,0,20,SEP25,1994,i
10280600,"Bala, Ashim",BAN,M,,,,1798,0,20,SEP25,1984,
10204067,"Bappi, A.b.",BAN,M,,,,1971,15,20,SEP25,1975,
10208364,"Barua(patharghata), Sumon",BAN,M,,,,1907,0,20,SEP25,0,i
10280189,"Barua, Oitijjo",BAN,M,,,,1993,0,40,SEP25,2012,
10203982,"Barua, P.J. Bakul",BAN,M,,,,2008,0,20,SEP25,1960,i
10242481,"Barun , Biswas",BAN,M,,,,1705,0,20,SEP25,1999,i
10250409,"Becolin, Chakma",BAN,M,,,,1779,0,20,SEP25,1999,i
10233407,"Bhaswar, Roy",BAN,M,,,,1756,0,20,SEP25,1997,
10201572,"Bhuiyan, Golam Mostafa",BAN,M,,,,2089,0,20,SEP25,1986,
10284729,"Bidu, Chisim",BAN,M,,,,1575,0,20,SEP25,2004,i
10268979,"Bijendra Lal, Goswami",BAN,M,,,,1659,0,20,SEP25,1966,i
10207147,"Bimal, Das",BAN,M,,,,1527,0,20,SEP25,1983,i
10233415,"Binoy, Barman",BAN,M,,,,1584,0,20,SEP25,1971,i
532018754,"Biplob Kumar, Das",BAN,M,,,,1746,0,20,SEP25,1982,
10235698,"Bishal, Das",BAN,M,,,,1651,0,20,SEP25,2003,i
10224220,Bishwajit Das Shrestho,BAN,M,,,,1743,0,40,SEP25,2007,
10202455,"Bose, Protul Chandra",BAN,M,,,,1984,0,20,SEP25,0,i
10205888,"Chanu, Miah",BAN,M,,,,1879,4,20,SEP25,0,
10200932,"Choudhury, Md. Zahid",BAN,M,,,,1954,0,20,SEP25,1969,i
10225790,"Chowdhury Afroza, Hoque",BAN,F,,NA,,1647,0,20,SEP25,1977,wi
10275797,"Chowdhury, Ahnaf Zarif",BAN,M,,,,1737,0,20,SEP25,2003,i
10204318,"Chowdhury, Amdadul Kabir",BAN,M,,,,1844,5,20,SEP25,1979,
10201947,"Chowdhury, Bisnu",BAN,M,,,,1975,0,20,SEP25,0,i
10203095,"Chowdhury, Mahmuda Hoque",BAN,F,WCM,WCM,"NI,SI",1827,0,20,SEP25,1982,wi
10234209,"Chowdhury, Monirul Islam",BAN,M,,,,1732,0,20,SEP25,1966,i
10202889,"Chowdhury, Rana",BAN,M,,,,1924,0,20,SEP25,1974,i
10277102,"Chowdhury, Safwan Jawad",BAN,M,,,,1462,0,40,SEP25,2012,i
10277110,"Chowdhury, Sarjil Jawad",BAN,M,,,,1730,0,40,SEP25,2008,i
10207570,"Chowdhury, Shajjad Hossain",BAN,M,,,,1612,0,20,SEP25,0,
10201114,"Chowdhury, Sohel",BAN,M,CM,,,2060,6,20,SEP25,1972,
10223266,"Christopher, Roy",BAN,M,,,,1762,0,20,SEP25,2005,i
10218416,"Daniel, Murad",BAN,M,,,,1724,0,20,SEP25,2003,i
10286306,"Deb, Arvin",BAN,M,,,,1786,0,40,SEP25,2010,i
10278028,"Debadrito Prangon, Biswas",BAN,M,,,,1511,0,40,SEP25,2016,i
10229639,"Debasish Chandra, Bala",BAN,M,,,,1555,0,20,SEP25,1974,
10227733,"Debu Chandra, Dey",BAN,M,,,,1720,0,20,SEP25,1977,
10262393,"Devdatta, Kundu",BAN,M,,,,1608,5,40,SEP25,1974,
10268758,"Dewan Mahmudur, Rahman",BAN,M,,,,1716,5,20,SEP25,1989,
10201084,"Dewan, Shahidul Amin",BAN,M,,,,1845,0,20,SEP25,1978,
532023448,Dhirendranath,BAN,M,,,,1560,0,20,SEP25,1959,
10254390,"Dhrubo , Bari",BAN,M,,,,1647,0,20,SEP25,2005,i
10221662,"Dibakar, Dibya",BAN,M,,,,1797,0,20,SEP25,2002,i
10255036,"Dibayendu, Debnath",BAN,M,,,,1542,0,40,SEP25,2010,
10233830,"Dibya, Das Gupta",BAN,M,,,,2016,0,20,SEP25,2004,
10291083,Dibyojyoty,BAN,M,,,,1552,0,20,SEP25,2003,
10214860,Dil Mohammed,BAN,M,,,,1907,0,20,SEP25,1979,i
10245960,"Dipak Das, Saha",BAN,M,,,,1802,0,20,SEP25,1972,
10274928,"Dipankar, Chakma",BAN,M,,,,1948,0,20,SEP25,1983,
532009240,"Diponkar, Das",BAN,M,,,,1583,0,20,SEP25,2005,
10265325,"Dr Mahbub E, Khoda",BAN,M,,,,1738,0,20,SEP25,1988,i
10217037,"Dr. Ratan, Kumar Paul",BAN,M,,,,1841,0,20,SEP25,1972,
10219498,"Dr. Shakhaot Ullah, Khan",BAN,M,,,,1728,0,20,SEP25,1973,i
10290893,"Dripto, Jawad",BAN,M,,,,1623,0,20,SEP25,2005,i
10277773,"Dulal, Halder",BAN,M,,,,1749,0,20,SEP25,1980,
10286314,"Dutta, Ryek Keshor",BAN,M,,,,1593,0,40,SEP25,2012,
10205918,Ebadat Hossain,BAN,M,,,,1907,0,20,SEP25,1973,i
10290508,"Egim, Talukder",BAN,M,,,,1450,0,40,SEP25,2013,i
10205926,"Ehsan, Syed Rownak",BAN,M,,,,1916,0,20,SEP25,0,i
10215514,"Elias, Shah",BAN,M,,,,1856,0,20,SEP25,1991,i
532000146,Eng Md Mizanur Rahman,BAN,M,,,,1844,0,20,SEP25,1986,i
532000103,Engr Md Mizanur Rahman,BAN,M,,,,1744,0,20,SEP25,1986,
10241310,"Essaba , Masnun",BAN,F,,,,1551,0,20,SEP25,1996,wi
10279105,"Eyanur, Rahman",BAN,M,,,,1669,0,20,SEP25,2003,i
10284451,"Fahad Bin, Abu Ahsan",BAN,M,,,,1834,0,40,SEP25,2009,
10242872,"Fahim, Faisal Munim",BAN,M,,,,2009,0,20,SEP25,2002,
10227253,"Fahim, Foysal",BAN,M,,,,1822,0,20,SEP25,1994,i
10242082,"Fahim, Shahriar",BAN,M,,,,1518,0,40,SEP25,2007,
532017723,"Faiaz, Kaiser",BAN,M,,,,1523,0,40,SEP25,2009,
10295127,"Fairooz Zarifa, Syeda",BAN,F,,,,1619,0,40,SEP25,2014,w
10265910,"Faisal Mahmood, Hridoy",BAN,M,,,,1705,0,20,SEP25,2001,i
10205942,"Faisal, Hossain",BAN,M,,,,1839,0,20,SEP25,1981,
532017731,"Faisal, Kaiser",BAN,M,,,,1549,0,20,SEP25,1980,
10267000,"Faisal, Mohammed Pasha",BAN,M,,,,1526,0,20,SEP25,1992,i
10249010,"Faiyaz, Mahmud Nirob",BAN,M,,,,AFM,1728,0,SEP25,2005,i
10208550,Fakruddin Khan,BAN,M,,,,AFM,1561,0,SEP25,1986,
10297340,"Farhaan, Zaman",BAN,M,,,,1528,0,40,SEP25,2009,i
10282092,"Farhan Anjum, Taseen",BAN,M,,,,1688,0,20,SEP25,2006,i
10264302,"Farhan, Ali Saad",BAN,M,,,,1811,0,40,SEP25,2007,
10253343,"Fariha, Sumona",BAN,F,,NA,,1617,0,20,SEP25,2002,wi
10273638,Farsat Hossain Ayyaan,BAN,M,,,,1444,0,40,SEP25,2015,
10202900,"Faruk, Mallik",BAN,M,,,,1700,5,20,SEP25,1971,
10251227,"Farzaan, Rahman",BAN,M,,,,1662,0,20,SEP25,2003,i
10235710,"Fatema , Hasan Diya",BAN,M,,,,1444,0,40,SEP25,2008,i
10229213,"Fayez, Ahmad",BAN,M,,,,1755,0,40,SEP25,2008,
10223819,"Faysal Hasan, Bappy",BAN,M,,,,1752,0,20,SEP25,1990,
10256946,"Faysal, Ahmed",BAN,M,,,,1669,5,20,SEP25,1989,
10207899,"Fazle, Nur Bappi",BAN,M,,,,2144,0,20,SEP25,0,
10277170,"Fida, Rasul",BAN,M,,,,1636,0,40,SEP25,2007,
10294864,"FM, Sharafatul Islam",BAN,M,,NA,,AFM,1786,0,SEP25,1992,
10269703,"Fuhad, Hasan",BAN,M,,,,1585,0,40,SEP25,2008,i
10224246,"Furkan Ahmed, Jinuk",BAN,M,,,,1651,0,20,SEP25,1991,
10256954,"Gaffar, Mollah",BAN,M,,,,1716,5,40,SEP25,1980,
10220321,Gaushey,BAN,M,,,,1833,0,20,SEP25,1989,i
10295410,"Gazi, Mohammad Ayas",BAN,M,,,,1450,0,20,SEP25,1978,i
10201858,"Ghosh, Chanchal Kumer",BAN,M,CM,FI,,2087,0,20,SEP25,1977,i
10202617,"Gias Uddin, Ahmed",BAN,M,,,,1917,0,20,SEP25,1978,i
10261133,"Gias, Uddin",BAN,M,,,,1704,0,20,SEP25,1998,i
10238646,"Gm, Junayed",BAN,M,,,,1726,0,20,SEP25,1998,i
10226885,"Golam Hafijul, Hoque",BAN,M,,,,1595,0,20,SEP25,1971,i
10253645,"Golam, Kibria",BAN,M,,,,1730,3,20,SEP25,1971,
532003773,"Golam, Kibria",BAN,M,,,,1664,0,20,SEP25,1976,i
10228446,"Golenur, Miah",BAN,M,,,,1580,0,20,SEP25,1969,
10219307,"Gour Sundar, Biswas",BAN,M,,,,1921,6,20,SEP25,1991,
10205977,"Gulam, Sarwar",BAN,M,,FA,,1837,14,20,SEP25,1987,
10228900,"H. M. Shafin, Khan",BAN,M,,,,1720,0,20,SEP25,2004,i
10212434,"Habib , Hossain Nantu",BAN,M,,,,1894,0,20,SEP25,1986,i
10290907,"Habib Rinvi, Hossain",BAN,M,,,,1636,0,20,SEP25,2002,i
10205373,"Habibur Rahman, Sohel",BAN,M,,,,1956,0,20,SEP25,0,i
10204911,"Hafizur, Rahman",BAN,M,,,,1867,0,20,SEP25,0,
10236350,"Hafizur, Rahman",BAN,M,,,,1803,5,20,SEP25,1983,
10244050,"Haidar, Ali",BAN,M,,,,1917,7,20,SEP25,1988,
10200096,"Hamid, Rani",BAN,F,WIM,WIM,,1884,0,20,SEP25,1944,w
10201890,Hamida Mahmud,BAN,F,,,,1834,0,20,SEP25,1961,wi
10226117,"Hamidul, Haque",BAN,M,,,,1811,0,20,SEP25,1997,i
10202714,"Hanif, Mollah",BAN,M,,,,1861,0,20,SEP25,1952,i
532002874,"Haqe, Md Mahabubul",BAN,M,,,,1531,0,20,SEP25,1977,i
10280081,"Haque Omar, Abrarul",BAN,M,,,,1696,0,20,SEP25,2006,i
532001681,"Haque, Md Mozammael",BAN,M,,,,1861,0,20,SEP25,1975,
10200754,"Haque, Md. Alimul Kazal",BAN,M,,,,2023,0,20,SEP25,1967,
10200061,"Haque, Rezaul",BAN,M,FM,,,2090,0,20,SEP25,1959,i
10202218,"Haque, Shamsul",BAN,M,,,,1825,0,20,SEP25,0,
10201408,"Haque, Syed Monirul",BAN,M,,,,1877,0,20,SEP25,1972,
10291253,"Hasan Abidur, Reza",BAN,M,,,,1606,0,20,SEP25,1985,i
10201556,"Hasan Md, Emam",BAN,M,,,,1978,0,20,SEP25,1978,i
10290850,"Hasan Mohammad, Ahnaf",BAN,M,,,,1711,0,40,SEP25,2008,i
10203737,"Hasan, Azizul",BAN,M,,,,1645,0,20,SEP25,1969,i
10200312,"Hasan, Kayes",BAN,M,,,,2197,0,20,SEP25,0,i
10204202,"Hasan, Mostafa Razibul",BAN,M,,,,1948,0,20,SEP25,1980,i
10202730,"Hasan, Sk. Rashedul",BAN,M,,,,1937,0,20,SEP25,1980,
10235310,Hasanur Rahman,BAN,M,,,,1609,0,20,SEP25,1994,
10294902,"Hasib, Bin Raihan",BAN,M,,,,1637,0,40,SEP25,2008,i
10216413,"Hasin Shadab, Saikat",BAN,M,,,,1692,0,20,SEP25,1993,i
532016689,"Hasnain Mostafa, Rhyme",BAN,M,,,,1564,0,40,SEP25,2010,
10286330,"Hasnat Sahil, S M Khubaib",BAN,M,,,,1515,0,40,SEP25,2013,i
10244069,"Himadri, Roy",BAN,M,,,,1617,0,20,SEP25,1991,i
10258060,"Hossain Al Farhan, Tanvir",BAN,M,,,,1687,0,20,SEP25,2005,i
10217932,"Hossain Mohammed, Ashraf",BAN,M,,,,1723,0,20,SEP25,1961,
10200339,"Hossain, Amir",BAN,M,,,,1904,0,20,SEP25,0,i
10207090,"Hossain, Belal",BAN,M,,,,1941,0,20,SEP25,1964,i
10201351,"Hossain, Delwar",BAN,M,,,,2093,7,20,SEP25,1970,
10200649,"Hossain, Enamul",BAN,M,GM,FT,,2366,0,10,SEP25,1981,i
10201033,"Hossain, Enayet Mohammad",BAN,M,,,,2009,0,20,SEP25,1966,i
10277625,"Hossain, Md Afzal",BAN,M,,,,1753,0,20,SEP25,1999,i
10202080,"Hossain, Md. Aslam",BAN,M,,,,1945,0,20,SEP25,1965,i
10200959,"Hossain, Monir",BAN,M,CM,,,2160,7,20,SEP25,1974,
10203656,"Hossain, Nasir",BAN,M,,,,1788,0,20,SEP25,0,i
10211233,"Hossain, Sanowar",BAN,M,,,,1906,0,20,SEP25,0,i
10200592,"Hossain, Showkat Pollab",BAN,M,,,,2106,0,20,SEP25,1977,i
10266666,"Hossain, Taymur Reza",BAN,M,,,,1676,0,20,SEP25,1988,i
10233954,"Hrishin, Talukder",BAN,M,,,,1894,8,20,SEP25,2005,
10234403,"Humyun, Kabir Basshu",BAN,M,,,,1753,0,20,SEP25,1977,i
10273166,"Ibrahim, Mostafa",BAN,M,,,,1835,0,20,SEP25,2000,
10202960,"Ibrahim, Parvej",BAN,M,,,,1899,0,20,SEP25,1968,i
532011059,Ihtiram Ahmad,BAN,M,,,,1560,0,40,SEP25,2014,
10226303,"Ikramul Amin, Babu",BAN,M,,,,1741,0,20,SEP25,1968,i
10202595,"Ikramul, Haq Siam",BAN,M,CM,,,2099,0,20,SEP25,1997,i
10270787,"Imad Uddin, Ahmad Hasin",BAN,M,,,,1702,0,20,SEP25,2005,
10201602,"Imam, Farhadur",BAN,M,,,,2008,0,20,SEP25,1979,i
10211667,"Imam, Mahdi",BAN,M,,,,1807,0,20,SEP25,1995,i
10216421,"Imamul Hasan , Emon",BAN,M,,,,1753,0,20,SEP25,1984,i
10213163,"Imran Hossain, Md.",BAN,M,,,,1857,0,20,SEP25,0,i
10230076,"Imran Ibne , Kashim",BAN,M,,,,1864,0,20,SEP25,1990,i
532022980,"Imtiaz, Ahmed",BAN,M,,,,1476,5,40,SEP25,1995,
10240110,"Inaaya, Zaman Khan",BAN,F,,,,1533,0,40,SEP25,2010,wi
10278044,"Inshirah Amin, Aourna",BAN,M,,,,1534,0,40,SEP25,2012,
10243909,"Intisher, Imrul Bhuiyan",BAN,M,,,,1559,0,20,SEP25,2003,i
10217860,"Ipsha, Azad",BAN,M,,,,1854,0,20,SEP25,1981,
10296450,"Isaam Wafidur, Rahman",BAN,M,,,,1415,0,40,SEP25,2008,i
10229078,"Islam Sair, Md. Saiful",BAN,M,,,,1743,0,40,SEP25,2007,i
10227466,"Islam, Babul",BAN,M,,,,1846,0,20,SEP25,1982,i
10201211,"Islam, Kazi Taherul",BAN,M,,FA,,1960,0,20,SEP25,1974,
10200975,"Islam, Khandaker Aminul",BAN,M,FM,,,2225,7,20,SEP25,1977,
10204008,"Islam, M.M. Zahirul",BAN,M,,NA,,1956,0,20,SEP25,1980,
10204512,"Islam, Md. Aminul Ridoy",BAN,M,,,,1924,13,20,SEP25,0,
10200762,"Islam, Md. Nazrul",BAN,M,,,,1981,0,20,SEP25,1972,i
10202552,"Islam, Md. Rafiqul",BAN,M,,,,1807,0,20,SEP25,0,
10200967,"Islam, Mohammad Aminul",BAN,M,,,,2011,0,20,SEP25,1974,
10211870,"Islam, Mohammed",BAN,M,,,,1763,0,20,SEP25,1981,i
10202056,"Islam, Mohammed Hafizul",BAN,M,,,,2019,0,20,SEP25,1972,i
10274332,"Islam, Mynul",BAN,M,,,,1607,7,20,SEP25,1996,
10205560,"Islam, Nazrul David",BAN,M,,,,1983,0,20,SEP25,0,i
10202471,"Islam, Obaidul Shahin",BAN,M,,,,1845,0,20,SEP25,1984,
10200428,"Islam, Rafiqul",BAN,M,,,,2096,0,20,SEP25,0,i
10205055,"Islam, Rezaul Babu",BAN,M,,,,1960,0,20,SEP25,1991,i
10206035,"Islam, S.m.n.",BAN,M,,,,1786,0,20,SEP25,1950,i
10205764,"Islam, Sheik Md. Khairul",BAN,M,,NA,,2005,0,20,SEP25,1980,
10206043,"Islam, Shihab Tanim",BAN,M,,,,AFM,1798,5,SEP25,1985,
10202978,"Ismail, Sardar",BAN,M,,,,1822,0,20,SEP25,0,i
10224505,"Israt , Jahan Diba",BAN,F,WCM,WCM,,1789,0,40,SEP25,2008,w
10230238,Jabed Al Azad,BAN,M,,NA,,2052,0,20,SEP25,1998,
10205675,"Jahanara, Haque",BAN,F,,,,1757,0,20,SEP25,1958,wi
10209727,Jahangir Hossain Nasha,BAN,M,,,,1879,0,20,SEP25,1964,i
10214062,"Jahangir, Badsha",BAN,M,,,,1912,0,20,SEP25,1979,i
10243275,"Jahid, Hasan",BAN,M,,,,1755,0,20,SEP25,2000,i
10261150,"Jahidul, Islam Rabbi",BAN,M,,,,1741,0,20,SEP25,2000,i
10219501,"Jahir Raihan, Nirob",BAN,M,,,,1755,0,20,SEP25,1989,i
10206833,"Jahirul, Alam Mohan",BAN,M,,,,1870,0,20,SEP25,1976,i
10263896,"Jakia, Akter",BAN,M,,,,1600,0,40,SEP25,2009,i
10206051,"Jamal, Uddin Ahmed Santa",BAN,M,,,,1894,0,20,SEP25,1978,i
10229655,"Jaman, Sadik",BAN,M,,,,1904,0,20,SEP25,1987,i
10293426,"Jane, Alam",BAN,M,,,,1772,0,20,SEP25,1964,
10212590,"Jannatul, Ferdous",BAN,F,WFM,WFM,,1843,0,20,SEP25,2005,w
10229230,"Jannatul, Ferdousi",BAN,F,,,,1704,0,40,SEP25,2007,wi
10253009,"Jannatul, Preety",BAN,F,,,,1543,0,40,SEP25,2010,w
10293434,"Jarin, Adiba Chowdhury",BAN,F,,,,1629,0,40,SEP25,2008,wi
10263918,"Jarin, Tasnim",BAN,F,,,,1583,0,40,SEP25,2012,w
10218645,"Jasim, Uddin",BAN,M,,,,1781,0,20,SEP25,1979,i
10262130,"Jean-Nesar, Osman",BAN,M,,,,1470,6,20,SEP25,1952,
10269754,"Jesmin, Akter",BAN,F,,,,1661,0,40,SEP25,2010,wi
10267646,"Jewel, Hossain",BAN,M,,,,1805,0,20,SEP25,1988,i
10291482,"Jihadul, Islam",BAN,M,,,,1604,0,40,SEP25,2015,
10269762,"Jinnat Akter, Shahnaz",BAN,F,,,,1692,0,40,SEP25,2010,wi
10224262,"Jodunath, Biswas",BAN,M,,,,1938,6,20,SEP25,1983,
10269789,"Joshim, Mia",BAN,M,,,,1603,0,40,SEP25,2008,i
10221638,"Jubayer Haq, Sami",BAN,M,,,,1708,0,20,SEP25,2004,i
10253432,Justin Matthias Baroi,BAN,M,,,,1833,0,20,SEP25,2004,
10267751,"Juwayriah, Alam",BAN,F,,,,1699,0,40,SEP25,2014,wi
10274952,"K M Kamal, Hossain",BAN,M,,,,1872,6,20,SEP25,1978,
532006691,"K M Z Hasan, Mahmud",BAN,M,,,,1621,0,20,SEP25,1991,
10219510,K. Md. Samir Sakir Abir,BAN,M,,,,1858,0,20,SEP25,1988,i
10238441,"Kabir Uddin, Sharker",BAN,M,,,,1801,0,20,SEP25,1981,i
10235078,"Kabir, Ahamod",BAN,M,,,,1596,0,20,SEP25,1967,i
10202390,"Kabir, Humayan",BAN,M,,,,1912,0,20,SEP25,1968,i
10201866,"Kabir, Md. Anwarul",BAN,M,,,,1965,0,20,SEP25,0,i
10220348,"Kabir, Md.murshedul",BAN,M,,,,1719,0,20,SEP25,1965,
10202633,"Kabir, Mohammad Sherajul",BAN,M,,,,2030,0,20,SEP25,1979,i
10200266,"Kabir, S. Ruhul",BAN,M,,,,2167,0,20,SEP25,1976,i
10201653,"Kabir, Shajahan",BAN,M,,IA,,1908,0,20,SEP25,1974,
10231277,"Kaisher Riyadh, Nashid",BAN,M,,,,1678,0,20,SEP25,1989,
10221310,"Kamrul Hasan, Chowdhury",BAN,M,,,,1704,0,20,SEP25,1987,
10220534,"Kamrul, Hasan Milton",BAN,M,,,,1822,0,20,SEP25,1982,i
10246282,"Kamruzzaman, Mamun",BAN,M,,,,1875,0,20,SEP25,1996,i
10236562,"Kamruzzaman, Md",BAN,M,,,,1782,0,20,SEP25,1987,i
10246290,"Kanchon, Biswas",BAN,M,,,,1824,0,20,SEP25,1984,i
10208534,"Kanti Nandi, Monotosh",BAN,M,,,,1918,0,20,SEP25,0,i
10202404,"Karim, M.Shahin",BAN,M,,,,1965,0,20,SEP25,0,
10203591,"Karim, Md. Rezaul",BAN,M,,,,1906,0,20,SEP25,1974,i
10215964,"Kaushik, Chowdhury",BAN,M,,,,1894,0,20,SEP25,1997,i
10247203,"Kaykobad, Khan",BAN,M,,,,1878,0,20,SEP25,1991,i
10249532,"Kazi Afsan Rawnak, Anan",BAN,M,,,,1794,0,40,SEP25,2009,
10225129,"Kazi Ashiqul, Islam",BAN,M,,,,1883,0,20,SEP25,1972,i
10282688,"Kazi Farab, Samin",BAN,M,,,,1694,0,40,SEP25,2011,i
10245472,"Kazi Iftekhar, Hossain",BAN,M,,,,1636,0,20,SEP25,2002,i
10237577,"Kazi Labib Ul, Haque",BAN,M,,,,1769,0,20,SEP25,2003,i
10241850,Kazi Md Harun Rashid,BAN,M,,,,1782,0,20,SEP25,1977,i
10224106,"Kazi Mohammad Kamrul, Reza",BAN,M,,,,1667,0,20,SEP25,1979,i
10284460,"Kazi Obaidur, Rahman Arian",BAN,M,,,,1623,0,40,SEP25,2011,
10213961,"Kazi Zarin, Tasnim",BAN,F,WCM,WCM,,1856,0,20,SEP25,2004,wi
532004214,"Kazi, Ashfaq",BAN,M,,,,1573,0,40,SEP25,2010,i
10293450,"Kazi, Fatin Noor",BAN,M,,,,1623,0,40,SEP25,2010,
10267654,"Kazi, Moshiqur Rahaman",BAN,M,,,,1827,0,20,SEP25,1980,i
10298428,"Kazi, Refat",BAN,M,,,,1663,0,40,SEP25,2007,
10253963,"Kazi, Saiyf",BAN,M,,,,1921,20,20,SEP25,2003,
10268790,"Kazi, Salauddin",BAN,M,,,,AIM,1780,14,SEP25,1980,
10204350,"Kh., Bulbul Ferdous Golap",BAN,M,,,,1910,4,20,SEP25,0,
10200460,"Khaled, Omar",BAN,M,,,,1878,0,20,SEP25,1972,i
10202781,"Khan, Jewel",BAN,M,,,,1835,0,20,SEP25,1974,
10213082,"Khan, M.A.Z.",BAN,M,,,,1939,0,20,SEP25,1974,i
10200843,"Khan, Md. Monir Hossain",BAN,M,,,,1944,0,20,SEP25,1969,i
10213180,"Khan, Md. Quayyum",BAN,M,,,,1818,0,20,SEP25,0,i
10208569,"Khan, Minnat Ali",BAN,M,,,,1890,0,20,SEP25,0,
10206078,"Khan, Mukaddesur Rahman",BAN,M,,,,AIM,1993,0,SEP25,1980,i
10201734,"Khan, Nazrana",BAN,F,WFM,WFM,,1911,0,20,SEP25,1973,wi
10203397,"Khan, Shamim",BAN,M,,,,1983,0,20,SEP25,1973,i
10201793,"Khanam, Afroza",BAN,F,WFM,WFM,,1974,0,20,SEP25,1971,wi
532025750,"Khandaker Aayan, Amin",BAN,M,,,,1502,5,40,SEP25,2016,
10235744,"Khandaker Anisha, Amin",BAN,F,,,,1495,4,40,SEP25,2009,w
10276840,"Khondakar Aneeka, Mowla",BAN,F,,,,1489,0,40,SEP25,2009,wi
10203192,"Khondakar, Nazre Mowla",BAN,M,,,,1995,0,20,SEP25,1979,i
10250000,"Khondaker, Arafat",BAN,M,,,,1842,0,20,SEP25,1997,
10264329,"Khondokar Sakib, Ur Rahman",BAN,M,,,,1540,0,20,SEP25,2006,i
10265139,"Khondoker, Sanzidur Rahman",BAN,M,,,,1791,0,20,SEP25,2003,i
10212698,"Khondoker, Sumaiya",BAN,F,,,,1762,0,20,SEP25,1996,wi
10214470,"Kibria, Golam",BAN,M,,,,1794,0,20,SEP25,1980,
10213384,"Kingshuk, Das",BAN,M,,,,1951,0,20,SEP25,1999,i
10203419,"Kishoara, Shajrin Evana",BAN,F,,FA,,1761,0,20,SEP25,1988,wi
10200797,"Kishor, Shazzad",BAN,M,,NA,,1764,0,20,SEP25,1974,
10282882,"Koushik Roy, Shoumik",BAN,M,,,,1941,0,40,SEP25,2008,
10227288,"Kuddus, Mahfuzul",BAN,M,,,,1617,0,20,SEP25,1995,i
10234292,"Kumar Karmaker, Binit",BAN,M,,,,1686,0,20,SEP25,1984,i
10257705,"Kundo, Probir Kumar",BAN,M,,,,1822,0,20,SEP25,1979,i
10212175,Kutubuddin,BAN,M,,,,1915,0,20,SEP25,1971,i
10232397,"Kyaw Swe Seing, Marma",BAN,M,,,,1593,0,20,SEP25,2005,i
10220356,"Kyum, Ahmed",BAN,M,,,,1942,0,20,SEP25,1987,i
10262245,"Labu, Sm Rafiul Islam",BAN,M,,,,1700,0,20,SEP25,1971,
10232400,"Laila, Manzarin",BAN,M,,,,1630,0,20,SEP25,2005,i
10297324,"Lalitya, Dhara",BAN,M,,,,1529,0,40,SEP25,2012,i
10225544,"Louis, Mrong",BAN,M,,,,1790,0,20,SEP25,1977,i
10291989,"M A Munim, Jinan",BAN,M,,,,1496,0,20,SEP25,2006,
10203320,"M MSirajul, Islam Shahin",BAN,M,,,,1920,0,20,SEP25,1970,i
10222170,"M.d, Sahajahan Siraj",BAN,M,,,,1770,0,20,SEP25,1969,i
10234217,"Maahbeer Hussain, Nihan",BAN,M,,,,1613,0,20,SEP25,2005,i
10234039,"Madhusudan , Bishwas",BAN,M,,,,1832,0,20,SEP25,1969,i
10279369,"Mahabub, Alam",BAN,M,,,,1652,0,20,SEP25,1971,i
10221484,"Mahabubur, Rahman",BAN,M,,,,1744,0,20,SEP25,1969,
10291997,"Mahbeer Alam, Liyan",BAN,M,,,,1496,0,40,SEP25,2016,
10219021,"Mahbubul, Alam",BAN,M,,,,1749,0,20,SEP25,1979,i
10264795,"Mahbubul, Haque",BAN,M,,,,1873,0,20,SEP25,1976,i
10236570,"Mahbubur Rashid, Md",BAN,M,,,,1701,0,20,SEP25,1983,
10224521,"Mahin , Ahmed Shuvo",BAN,M,,,,1845,0,20,SEP25,2006,i
10242252,"Mahir Sadman, Rahman",BAN,M,,,,1815,0,20,SEP25,2004,i
10292349,"Mahir, Islam",BAN,M,,,,1463,0,40,SEP25,2008,
10238980,"Mahir, Moid",BAN,M,,,,1725,0,40,SEP25,2009,i
10244956,"Mahir, Naser",BAN,M,,,,1734,0,20,SEP25,2003,i
10290532,"Mahir, Rahman",BAN,M,,,,1415,0,40,SEP25,2007,
532012926,"Mahir, Tahmid Afnan",BAN,M,,,,1593,0,20,SEP25,2006,
10203508,"Mahmood, Abdun Naser",BAN,M,,,,1908,0,20,SEP25,0,i
10221328,"Mahmud, Hasan",BAN,M,,,,1913,0,20,SEP25,1967,i
10210016,"Mahmud, Sharif",BAN,M,,,,1686,0,20,SEP25,2006,i
10212272,"Mahmudul, Hossain Polash",BAN,M,,,,1957,0,20,SEP25,1969,i
10252177,"Mahmudur Rahman, Durjoy",BAN,M,,,,1581,0,20,SEP25,2006,
10292004,"Mahrus Alam, Liban",BAN,M,,,,1481,0,40,SEP25,2012,
10275851,"Mahzin Gibran, Prithu",BAN,M,,,,1690,0,20,SEP25,2002,i
10228039,"Maiesha, Mahzabin Tisha",BAN,F,,,,1721,0,20,SEP25,2006,wi
10200177,"Majumder, Ahmed Hossain",BAN,M,,,,1921,0,20,SEP25,0,
10210822,"Majumder, Lokesh Chandra",BAN,M,,,,1876,0,20,SEP25,1968,i
10228578,"Maksudur, Rahman",BAN,M,,,,1690,0,20,SEP25,1985,
10289844,"Malek, Khizir Ibne",BAN,M,,,,1652,0,20,SEP25,1983,
10202129,"Mallick, Masudur Rahman",BAN,M,,"FI,IO",,2062,0,20,SEP25,1973,i
10277706,"Mamunur, Rashid",BAN,M,,,,1760,0,20,SEP25,1982,i
10247939,"Mamunur, Rashid",BAN,M,,,,1678,0,20,SEP25,1996,
10261052,"Manash Kumar, Saha",BAN,M,,,,1713,0,20,SEP25,1999,i
10218297,"Mannan, Abdul",BAN,M,,,,1890,6,20,SEP25,1982,
10203109,"Manoj,Kumar Dhar",BAN,M,,,,1872,0,20,SEP25,1979,i
10224009,"Manon, Reja Neer",BAN,M,IM,,,2105,0,40,SEP25,2010,
10275550,"Mantasa, Moumi Mim",BAN,F,,,,1712,0,40,SEP25,2007,w
10263160,"Marjan, Akbar",BAN,M,,,,1622,0,20,SEP25,2006,i
10247181,Maruf Ahmad,BAN,M,,,,AGM,1695,0,SEP25,1986,i
10268952,"Maruf Mahmud, Rubel",BAN,M,,,,1486,0,20,SEP25,1977,i
10226702,"Marufa Azad, Sukanna",BAN,F,,,,1614,0,20,SEP25,2002,wi
10279539,"Marufa, Ferdousy",BAN,F,,,,1416,0,40,SEP25,2014,w
10225552,"Marzouq, Chowdhury",BAN,M,,,,1849,0,40,SEP25,2007,i
10237879,"Marzuka, Mukarrama",BAN,F,,,,1430,0,40,SEP25,2010,wi
10261168,"Mashiur, Rahman Anik",BAN,M,,,,1692,0,20,SEP25,2001,i
10220720,"Mashrafi , Azad Saad",BAN,M,,,,1582,0,20,SEP25,2005,i
532004575,"Masud, Karim",BAN,M,,,,1547,5,40,SEP25,1976,
10234047,"Masud, Rana",BAN,M,,,,1774,0,20,SEP25,1988,
10219552,"Masudur Rahman, Murad",BAN,M,,,,1738,0,20,SEP25,1975,
10245979,"Md Abdul, Latif",BAN,M,,,,1785,0,20,SEP25,1971,
532004583,"Md Abdul, Mannan Sheikh",BAN,M,,,,1681,6,20,SEP25,1985,
10207600,"Md Abdul, Quayyum",BAN,M,,,,1651,0,20,SEP25,0,i
10245995,"Md Abdullah Al, Mamun",BAN,M,,FA,,1722,0,20,SEP25,1980,i
10200835,Md Abu Hanif,BAN,M,CM,NA,,2177,7,20,SEP25,1985,
532010540,"Md Abu, Hanif",BAN,M,,,,1653,0,20,SEP25,2004,
10254005,"Md Abu, Said",BAN,M,,,,1735,0,20,SEP25,1985,
10244085,"Md Abu, Taher",BAN,M,,,,1687,0,20,SEP25,1995,i
10242627,"Md Abul, Khayer",BAN,M,,,,1571,0,20,SEP25,1994,i
10284826,"Md Ahosan, Habib",BAN,M,,,,1717,0,20,SEP25,1999,i
10227032,"Md Akik, Miha",BAN,M,,,,1831,0,20,SEP25,1984,i
10268391,Md Al Amin,BAN,M,,,,1758,0,20,SEP25,1988,i
10290931,"Md Al Mosheur, Rahman",BAN,M,,,,1584,0,20,SEP25,2002,i
10241388,"Md Alamgir , Hossain",BAN,M,,,,1655,0,20,SEP25,2000,i
532026595,"Md Alamin, Sarkar",BAN,M,,,,1592,7,40,SEP25,1984,
10248005,"Md Alinoor Rahman, Akanto",BAN,M,,,,1800,0,20,SEP25,2002,
10206574,Md Aminul Islam,BAN,M,,,,1919,0,20,SEP25,1979,
10245375,"Md Aminul, Islam",BAN,M,,,,1723,0,20,SEP25,1970,i
10272739,"Md Aminul, Islam",BAN,M,,,,1725,11,20,SEP25,1977,
532028393,"Md Aminul, Islam",BAN,M,,,,1608,6,40,SEP25,1979,
10261591,Md Amirul Islam,BAN,M,,,,1501,0,20,SEP25,1977,
10204695,"Md Anichuzzaman, Jewel",BAN,M,,IA,,2048,0,20,SEP25,1974,i
10241884,Md Anisul Haque Bulbul,BAN,M,,,,1724,0,20,SEP25,1976,i
10260021,Md Anisur Rahaman,BAN,M,,,,1863,5,20,SEP25,1988,
10280910,"Md Arafat, Hossain",BAN,M,,,,1739,3,40,SEP25,2008,
10235752,"Md Ariful, Islam",BAN,M,,,,1776,0,20,SEP25,1996,i
10274677,"Md Ashraful, Islam",BAN,M,,,,1681,6,20,SEP25,1999,
10245430,"Md Asikul, Islam",BAN,M,,,,1639,0,20,SEP25,1998,i
10260773,Md Ataur Rahman,BAN,M,,,,1825,0,20,SEP25,1979,
532018762,"Md Aual, Hossain",BAN,M,,,,1614,0,20,SEP25,1997,
10244093,"Md Babul, Akter",BAN,M,,,,1629,0,20,SEP25,1978,i
10289275,"Md Bakhtiar, Hasan",BAN,M,,,,1552,0,40,SEP25,2008,i
10211730,Md Basharul Alam,BAN,M,,,,1790,0,20,SEP25,1972,
10222669,"Md Bazlur, Rahman",BAN,M,,,,1801,0,20,SEP25,1976,i
532006489,"Md Billal, Hossain",BAN,M,,,,1532,3,20,SEP25,1981,
10260099,Md Chanchal Ahmed,BAN,M,,,,1787,5,20,SEP25,1992,
10241973,Md Dabirul Islam,BAN,M,,,,1533,0,20,SEP25,1997,i
10204717,Md Ekramuzzaman,BAN,M,,,,1793,11,20,SEP25,1971,
10207589,"Md Emdadul, Haque",BAN,M,,,,1948,0,20,SEP25,1993,i
10269835,"Md Emon, Hawladar",BAN,M,,,,1539,0,40,SEP25,2010,i
10269410,"Md Emran, Hossain",BAN,M,,,,1622,0,20,SEP25,1977,i
10218475,"Md Farhan , Labib",BAN,M,,,,1871,0,20,SEP25,1988,i
10295330,"Md Faruk, Hossain",BAN,M,,,,1767,0,20,SEP25,1979,i
10251634,"Md Fazle, Rabby",BAN,M,,,,1812,0,20,SEP25,1994,i
10235760,"Md Fazley, Elahi",BAN,M,,,,1792,0,20,SEP25,1998,i
10266445,"Md Foajul, Islam",BAN,M,,,,1793,2,20,SEP25,1991,
10282289,"Md Foysal, Akonda",BAN,M,,,,1697,0,20,SEP25,2001,i
10270841,"Md Fuad Al, Alam",BAN,M,,,,1829,0,20,SEP25,2004,i
10288023,"Md Gias, Uddin",BAN,M,,,,1568,19,20,SEP25,1963,
10299521,Md Habib Ullah,BAN,M,,,,1462,0,20,SEP25,1990,i
10202226,Md Habibur Rahman,BAN,M,,,,1855,0,20,SEP25,1972,i
10206744,"Md Hamidul, Islam Sujan",BAN,M,,,,1758,0,20,SEP25,0,i
10289224,"Md Hasan Howlader, Lekhon",BAN,M,,,,1517,0,20,SEP25,1996,i
532024983,"Md Hazrat, Ali",BAN,M,,,,1668,0,20,SEP25,1988,
10206701,"Md Homaun, Kabir",BAN,M,,NA,,1647,3,20,SEP25,1979,
10247416,"Md Hossain, Ali",BAN,M,,,,1914,8,20,SEP25,1974,
532017391,"Md Humayun Kabir, Shamol",BAN,M,,,,1731,6,20,SEP25,1977,
10248161,"Md Imran, Ali",BAN,M,,,,1791,0,20,SEP25,1990,i
532008627,"Md Imtiaz, Hossain",BAN,M,,,,1817,5,40,SEP25,2011,
532007159,"Md Jaba, Mia",BAN,M,,,,1464,4,20,SEP25,1971,
10273239,Md Jabed Hossain,BAN,M,,,,1742,0,20,SEP25,1975,i
10266208,Md Jahirul Islam,BAN,M,,,,1454,0,20,SEP25,1984,i
532004613,"Md Jahurul, Islam",BAN,M,,,,1488,10,20,SEP25,1978,
10258086,"Md Jakibul Islam, Ayon",BAN,M,,,,1631,0,40,SEP25,2013,i
10279261,Md Jamil Hossain,BAN,M,,,,1552,0,40,SEP25,2008,
10258094,"Md Jariful Islam, Jayon",BAN,M,,,,1435,0,40,SEP25,2010,i
10241892,Md Jewel Azad,BAN,M,,,,1660,0,20,SEP25,1993,i
10288040,"Md Jobayar, Moral",BAN,M,,,,1772,0,20,SEP25,1977,i
10296492,"Md Jul Ikram, Shams",BAN,M,,,,1449,0,40,SEP25,2011,i
10236384,"Md Kaber, Ali",BAN,M,,,,1840,5,20,SEP25,1978,
10214070,"Md Kaizur Rahman, Khan",BAN,M,,,,1865,0,20,SEP25,1973,i
10280103,Md Kamal Hossain Dewan,BAN,M,,,,1840,0,20,SEP25,1977,i
10266682,"Md Kamrul, Hasan",BAN,M,,,,1664,0,20,SEP25,1989,i
10238450,"Md Kazi Nazrul , Islam",BAN,M,,,,1839,0,20,SEP25,1968,i
10228969,Md Khurshed Alam Sarker,BAN,M,,,,1711,0,20,SEP25,1982,i
10251243,"Md Lutfar, Rahman",BAN,M,,,,1591,0,20,SEP25,1959,i
10299262,"Md Mahabubul, Alam Nihal",BAN,M,,,,1666,0,40,SEP25,2011,i
532001517,Md Mahbubul Hoque,BAN,M,,,,1423,0,20,SEP25,1972,
10206736,"Md Mahfuz, Chowdhury",BAN,M,,,,1845,0,20,SEP25,1970,i
10290940,"Md Mahi N Islam, Khan",BAN,M,,,,1537,0,20,SEP25,2003,i
10276866,"Md Mahmudul, Hasan",BAN,M,,,,1643,0,20,SEP25,1988,
10268421,Md Mamunur Rashid,BAN,M,,,,1828,0,20,SEP25,1982,i
10246045,"Md Manik, Uddin",BAN,M,,,,1765,0,20,SEP25,1988,
10237607,"Md Maruf, Hossain Shihab",BAN,M,,,,1719,0,40,SEP25,2010,i
10277749,"Md Masum, Sharif",BAN,M,,,,1934,0,20,SEP25,1984,i
10243038,"Md Mazharul, Islam",BAN,M,,,,1620,0,40,SEP25,2009,i
10269320,"Md Mehedi, Hasan",BAN,M,,,,1692,0,20,SEP25,1992,i
10260110,Md Mezanur Rahman,BAN,M,,,,1748,4,20,SEP25,1988,
10259040,"Md Mezbahuddin, Sharif",BAN,M,,,,1953,0,20,SEP25,1964,i
10201955,Md Minhaz Uddin,BAN,M,IM,,,2325,7,10,SEP25,1988,
10223134,Md Mofakkhar Hossain Khalid,BAN,M,,,,1817,0,20,SEP25,1982,i
10236503,Md Mohaimin Uddin Naib,BAN,M,,,,1619,0,40,SEP25,2009,i
10273255,Md Momin,BAN,M,,,,1877,0,20,SEP25,1985,i
10277757,"Md Momrej, Islam",BAN,M,,,,1697,0,20,SEP25,1975,i
10204415,"Md Monir, Hossain",BAN,M,,,,1857,0,20,SEP25,1976,i
532006527,"Md Monirul, Islam",BAN,M,,,,1616,2,20,SEP25,1980,
10275207,"Md Moniruzzaman, Khan",BAN,M,,,,1730,0,20,SEP25,1975,
10290958,"Md Moniruzzaman, Liton",BAN,M,,,,1759,0,20,SEP25,1988,i
10242643,"Md Montasir , Billah",BAN,M,,,,1883,0,20,SEP25,1994,i
10241914,Md Moonsur Hossain,BAN,M,,,,1632,0,20,SEP25,1975,i
10235779,"Md Morshedul , Islam (morshed)",BAN,M,,,,1673,0,20,SEP25,1989,i
10202927,Md Mosabbir Ali,BAN,M,,,,1947,0,20,SEP25,1975,i
10245480,"Md Mosharrof, Hossain",BAN,M,,,,1737,0,20,SEP25,1996,i
10260455,"Md Moshiul, Kobir",BAN,M,,,,1726,0,20,SEP25,1977,i
10257586,"Md Mottakin, Mondol",BAN,M,,,,1875,0,20,SEP25,2001,
532001096,"Md Muhaimin, Muaz",BAN,M,,,,1673,0,40,SEP25,2007,i
10224041,Md Mutakabbir,BAN,M,,,,2067,21,20,SEP25,1994,
10273263,Md Nafis Fuad Zahin,BAN,M,,,,1818,0,20,SEP25,2006,i
10235787,"Md Nahid, Hasan",BAN,M,,,,1752,0,20,SEP25,1997,i
10203800,Md Nasir Uddin,BAN,M,,,,1911,0,20,SEP25,1974,i
10232613,"Md Nazrul Islam , Mondol",BAN,M,,,,1739,0,20,SEP25,1970,i
10204865,Md Nesar Uddin,BAN,M,,,,1852,6,20,SEP25,1980,
10282335,"Md Nur Mehtab, Nehal",BAN,M,,,,1656,0,20,SEP25,2003,i
10206183,"Md Nurul Islam, Mahin",BAN,M,,,,1901,0,20,SEP25,1992,i
10227776,"Md Rabiul, Hossain",BAN,M,,NA,,1803,0,20,SEP25,1995,
10247840,"Md Rabiul, Islam",BAN,M,,,,1688,0,20,SEP25,1983,
10245383,"Md Rafiqul Islam , Palash",BAN,M,,,,1800,0,20,SEP25,1980,
10246088,"Md Rafiqul Islam, Swapan",BAN,M,,,,1691,0,20,SEP25,1980,i
10262474,"Md Rahat Ahmed, Chodhury",BAN,M,,,,1627,0,20,SEP25,1987,
10241990,Md Rajib Hasan,BAN,M,,,,1716,0,20,SEP25,2003,i
10275886,"Md Rakibul Islam, Redom",BAN,M,,,,1658,0,40,SEP25,2007,
10254480,"Md Rana , Parvez",BAN,M,,,,1697,0,20,SEP25,1991,i
10218653,"Md Rashedul Hasan, Tanmoy",BAN,M,,,,1715,0,20,SEP25,1990,
10248030,"Md Rashedul, Islam",BAN,M,,,,1722,0,20,SEP25,1985,i
10275711,"Md Rashidur, Rahman",BAN,M,,,,1569,0,20,SEP25,1976,i
10232621,"Md Rasuddun, Mintu",BAN,M,,,,1747,4,20,SEP25,1972,
10248374,"Md Redwan , Ullah",BAN,M,,,,1789,0,20,SEP25,1994,
10242392,"Md Redwan, Kabir Robin",BAN,M,,,,1705,0,20,SEP25,1997,i
10283951,"Md Rezaul, Hoque",BAN,M,,,,1716,0,20,SEP25,1997,i
10246096,"Md Rezaul, Karim",BAN,M,,,,1677,0,20,SEP25,1981,i
10282696,"Md Riad, Rahman",BAN,M,,,,1656,6,40,SEP25,2011,
10261060,"Md Robel, Hosen",BAN,M,,,,1697,0,20,SEP25,1989,
10274286,Md Rokunuzzaman,BAN,M,,,,1842,0,20,SEP25,2000,i
10245499,"Md Rubel, Hossan",BAN,M,,,,1688,0,20,SEP25,1994,i
10248170,"Md Ruhul, Amin",BAN,M,,,,1782,0,20,SEP25,1992,
10235809,"Md Sabbir, Hossain",BAN,M,,,,1480,0,20,SEP25,1999,i
10238697,"Md Sadab, Rahaman Ridam",BAN,M,,,,1609,7,20,SEP25,1996,
10248188,"Md Safaet, Doza",BAN,M,,,,1594,0,20,SEP25,1993,i
10285652,"Md Salman Mojumdar, Roni",BAN,M,,,,1635,0,20,SEP25,2002,
10244778,"Md Samrat, Haider",BAN,M,,,,1786,0,20,SEP25,1998,
10207333,Md Sariat Ullah,BAN,M,CM,,,2101,0,20,SEP25,1993,
10254501,"Md Sariful, Islam",BAN,M,,,,1956,0,20,SEP25,1988,
10255311,"Md Sazib, Kaisar",BAN,M,,,,1903,0,20,SEP25,1980,
10288066,"Md Sazidul, Islam",BAN,M,,,,1513,0,20,SEP25,2001,i
10246118,"Md Shafiqul, Islam",BAN,M,,,,1746,0,20,SEP25,1983,
532017820,"Md Shafiqul, Islam",BAN,M,,,,1642,0,20,SEP25,2002,
10236180,"Md Shafiur, Rahman",BAN,M,,,,1688,0,20,SEP25,1974,i
10246126,"Md Shah, Alam",BAN,M,,,,1831,0,20,SEP25,1977,i
10249320,"Md Shahanul, Kabir",BAN,M,,,,1824,0,20,SEP25,1992,i
10271198,"Md Shahariar, Khan",BAN,M,,,,1503,0,40,SEP25,2013,i
10299971,"Md Shahat, Ullah Chowdhury",BAN,M,,,,1461,0,40,SEP25,2010,
10246134,"Md Shahin, Miah",BAN,M,,,,1782,0,20,SEP25,1979,
10269274,"Md Shahjahan, Mondol",BAN,M,,,,1745,0,20,SEP25,1991,i
10227016,"Md Shala, Uddin",BAN,M,,,,1640,0,20,SEP25,1969,i
10294333,"Md Shams, Jamil",BAN,M,,,,1681,0,20,SEP25,2004,i
10227083,"Md Shohanur, Rashid",BAN,M,,,,1795,0,20,SEP25,1999,i
10238700,"Md Showhal, Saad",BAN,M,,,,1773,0,20,SEP25,1999,i
10242406,"Md Sirajul, Islam",BAN,M,,,,1772,0,20,SEP25,1967,i
10225170,"Md Sohel , Rana Pritom",BAN,M,,,,1816,17,20,SEP25,1990,
10225188,"Md Sohel, Rana",BAN,M,,,,1864,0,20,SEP25,1985,i
532014368,"Md Sumon, Hossen",BAN,M,,,,1795,0,20,SEP25,1999,
10279008,"Md Symria, Raihan",BAN,M,,,,1650,0,20,SEP25,2002,
10284478,"Md Tahmid, Sadman",BAN,M,,,,2112,0,40,SEP25,2007,
10251529,"Md Tahsinul Haque, Zoheb",BAN,M,,,,1524,0,40,SEP25,2011,i
10279784,"Md Tamim, Ferdous",BAN,M,,,,1523,0,20,SEP25,2005,i
10288589,"Md Tasnim, Jahan Mahin",BAN,M,,,,1696,0,40,SEP25,2009,i
532011580,"Md Tauhid, Iqbal",BAN,M,,,,1518,0,20,SEP25,2004,
10245456,"Md Zakir , Hossain",BAN,M,,,,1816,0,20,SEP25,1998,
10277790,"Md Zakir, Hossain",BAN,M,,,,1825,0,20,SEP25,1974,
10285709,"Md Zayan, Khan",BAN,M,,,,1619,0,40,SEP25,2011,i
10203125,Md Zia Uddin,BAN,M,,,,1848,0,20,SEP25,1983,i
10245693,"Md, Abir Ahmed",BAN,M,,,,1668,0,20,SEP25,1995,i
10273468,"Md, Abul Kalam,azad",BAN,M,,,,1697,0,20,SEP25,1964,
10247653,"Md, Abul Kashem",BAN,M,,,,1864,0,20,SEP25,1987,i
10276882,"Md, Amir Hamza",BAN,M,,,,1729,0,20,SEP25,1988,i
10265147,"Md, Anwar Hossain",BAN,M,,,,1705,0,20,SEP25,1979,i
10265112,"Md, Arifur Rahman",BAN,M,,,,1750,0,20,SEP25,1973,
10268596,"Md, Arshad",BAN,M,,,,1692,0,20,SEP25,1974,i
10201726,"Md, Asadujjaman",BAN,M,,,,1909,6,20,SEP25,1964,
10210040,"Md, Asifur Rahman",BAN,M,,,,1841,0,20,SEP25,1991,
10294180,"Md, Ataur Rahman",BAN,M,,,,1713,0,40,SEP25,2007,
10239014,"Md, Azmaeen Parvez Sayor",BAN,M,CM,,,1982,0,40,SEP25,2007,
10246304,"Md, Delower Hossain",BAN,M,,,,1737,0,20,SEP25,1970,i
10264370,"Md, Ebrahim",BAN,M,,,,1474,0,20,SEP25,2006,i
10250719,"Md, Eftekhar Alam",BAN,M,,,,2011,0,20,SEP25,1999,
10243950,"Md, Hasan",BAN,M,,,,1614,0,20,SEP25,1984,i
10259813,"Md, Iqbal Hossain",BAN,M,,NA,,1679,0,20,SEP25,1980,i
532023383,"Md, Joyel",BAN,M,,,,1912,21,20,SEP25,1993,
10254935,"Md, Jumman Hossain",BAN,M,,,,1854,0,20,SEP25,1980,i
10247882,"Md, Khaja Sazon",BAN,M,,,,1852,0,20,SEP25,1981,i
10267123,"Md, Khorshed,alam",BAN,M,,,,1849,0,20,SEP25,1970,i
10293477,"Md, Mainuddin",BAN,M,,,,1532,0,20,SEP25,1988,
10252304,"Md, Majedul Islam",BAN,M,,,,1693,7,20,SEP25,1989,
10241825,"Md, Mesbah Uddin",BAN,M,,,,1882,6,20,SEP25,1987,
10255354,"Md, Mizan",BAN,M,,,,1875,7,20,SEP25,1997,
10238476,"Md, Moinuddin",BAN,M,,,,1746,0,20,SEP25,1965,i
10268707,"Md, Mokter Hossain Dewan",BAN,M,,,,1630,0,20,SEP25,1974,i
10248552,"Md, Monir Hossain",BAN,M,,,,1773,0,20,SEP25,1970,i
532003439,"Md, Mostafa Kamal",BAN,M,,,,1731,0,20,SEP25,1966,i
10287051,"Md, Munkasir Chy",BAN,M,,,,1512,0,40,SEP25,2012,
10254943,"Md, Nasher Uddin",BAN,M,,,,1642,0,20,SEP25,1985,
10299513,"Md, Noor Hossain",BAN,M,,,,1594,0,20,SEP25,1988,i
10276297,"Md, Rezaul,haque",BAN,M,,,,1749,0,20,SEP25,1973,
10228047,"Md, Rishan",BAN,M,,,,1714,6,20,SEP25,2003,
532025025,"Md, Robin",BAN,M,,,,1814,0,20,SEP25,1981,
10248560,"Md, Royal Mia",BAN,M,,,,1867,0,20,SEP25,1994,i
10243968,"Md, Saddam Biswas",BAN,M,,,,1809,0,20,SEP25,1995,i
532000154,"Md, Saiful Islam",BAN,M,,,,1714,0,20,SEP25,1996,i
10282394,"Md, Sakib Hossain",BAN,M,,,,1563,0,20,SEP25,1997,i
10262059,"Md, Salim",BAN,M,,,,1893,6,20,SEP25,1976,
10245758,"Md, Shafiqur Rahman Siddique",BAN,M,,,,1698,6,20,SEP25,1983,
10261931,"Md, Shahadat Karim Arju",BAN,M,,,,1582,0,20,SEP25,1987,
10240896,"Md, Shahin",BAN,M,,,,1673,0,20,SEP25,1987,i
10274863,"Md, Shahriar",BAN,M,,,,1471,0,20,SEP25,2005,i
10210075,"Md, Shamsul Alam",BAN,M,,,,1911,0,20,SEP25,1973,i
10275525,"Md, Shanto Hossain",BAN,M,,,,1866,0,20,SEP25,2001,i
10253084,"Md, Shazanur Rahman(badsha)",BAN,M,,,,1764,0,20,SEP25,1987,
10235086,"Md, Sultan",BAN,M,,,,1829,0,20,SEP25,1983,
10227784,"Md, Tofail",BAN,M,,,,1757,0,20,SEP25,1970,
10207970,"Md. Abbas, Uddin",BAN,M,,,,1975,0,20,SEP25,1975,i
10221506,"Md. Abdul Hannan, Hossain",BAN,M,,,,1780,0,20,SEP25,1981,i
10217959,"Md. Abdul, Hannan",BAN,M,,,,1573,0,20,SEP25,1976,i
10220763,"Md. Abdul, Monnaf",BAN,M,,,,1762,0,20,SEP25,1971,i
10227792,"Md. Abdur , Rashid",BAN,M,,,,1789,3,20,SEP25,1957,
10224017,"Md. Abdur , Rob",BAN,M,,,,1713,0,20,SEP25,1990,i
10271325,Md. Abdur Rahman,BAN,M,,,,1761,0,20,SEP25,1997,
10202870,Md. Abdur Rauf,BAN,M,,,,1789,2,20,SEP25,1967,
10222391,"Md. Abdur, Razzak",BAN,M,,,,1737,0,20,SEP25,1960,i
10229680,"Md. Abu, Tarique",BAN,M,,,,1847,10,20,SEP25,1972,
10223290,"Md. Abul, Basir",BAN,M,,,,1771,0,20,SEP25,1982,i
10220771,"Md. Aftabur, Rahman",BAN,M,,,,1860,0,20,SEP25,1994,i
10231285,"Md. Afzal, Hossain",BAN,M,,,,1816,0,20,SEP25,1969,
10279083,Md. Ahsanul Haque Emon,BAN,M,,,,1593,0,20,SEP25,2003,i
10211985,"Md. Aminul, Islam",BAN,M,,,,1909,0,20,SEP25,0,
10217975,"Md. Aminul, Islam-2",BAN,M,,,,1904,0,20,SEP25,1964,i
10229280,"Md. Amirul, Islam",BAN,M,,,,1747,5,20,SEP25,1985,
10215832,"Md. Amzad , Hossain",BAN,M,,,,1950,0,20,SEP25,1977,i
10233555,"Md. Anisur, Rahman",BAN,M,,,,1889,0,20,SEP25,1976,i
10204580,"Md. Anowar, Hossain Dulal",BAN,M,,,,1910,22,20,SEP25,1966,
10203524,Md. Ashraful Huq,BAN,M,,,,1873,0,20,SEP25,1951,i
10220780,"Md. Badrul , Islam",BAN,M,,,,1851,0,20,SEP25,1965,i
10230432,"Md. Emrol Hasan, Khan",BAN,M,,,,1738,0,20,SEP25,1976,i
10217436,"Md. Ershadul, Haque",BAN,M,,,,1814,0,20,SEP25,1969,
10203613,"Md. Faizul, Haque",BAN,M,,,,1855,0,20,SEP25,1972,i
10217118,"Md. Farid, Ahmed",BAN,M,,,,1686,0,20,SEP25,1958,
10230017,"Md. Faruque, Hossain",BAN,M,,,,1761,0,20,SEP25,1977,i
10227458,Md. Faysal Hossain Omi,BAN,M,,NA,,1573,0,20,SEP25,2006,i
10220542,"Md. Faysal, Yousuf",BAN,M,,,,1768,6,20,SEP25,1990,
10223827,"Md. Fazla, Rabbi",BAN,M,,,,1919,0,20,SEP25,1987,
10231080,"Md. Ferdus Alam, Babu",BAN,M,,,,1726,0,20,SEP25,1976,i
10233580,"Md. Firoz, Kabir",BAN,M,,,,1589,0,20,SEP25,1980,i
10212230,"Md. Golam Rasul, Bhuiyan",BAN,M,,,,1852,0,20,SEP25,1982,i
10233598,"Md. Habibul, Bashar Zihad",BAN,M,,,,1728,0,20,SEP25,1998,
10203974,Md. Hasan,BAN,M,,,,1755,0,20,SEP25,1974,
10227326,"Md. Hasnat, Awal",BAN,M,,,,1642,0,20,SEP25,1993,i
10203745,Md. Ibrahim,BAN,M,,,,1929,0,20,SEP25,1980,i
10211624,"Md. Imam Hossain, Mir",BAN,M,,,,1879,0,20,SEP25,1970,i
10217444,"Md. Imamul, Haque",BAN,M,,,,1855,0,20,SEP25,1993,i
10218815,"Md. Imran Al, Ansary",BAN,M,,,,1863,11,20,SEP25,1986,
10217983,"Md. Iqbal Hossain, Mukul",BAN,M,,,,1628,0,20,SEP25,1962,
10226370,"Md. Jakir, Hossain",BAN,M,,,,1688,0,20,SEP25,1999,i
10211748,Md. Jamal Rashed,BAN,M,,,,1803,0,20,SEP25,1981,
10201939,Md. Jamal Uddin,BAN,M,CM,,,2024,0,20,SEP25,1982,i
10225960,"Md. Jilani Hossain, Mollah",BAN,M,,,,1812,0,20,SEP25,1989,i
10223100,"Md. Kabir, Hossain",BAN,M,,,,1672,0,20,SEP25,1980,
10231706,"Md. Kamal Uddin, Bachu",BAN,M,,,,1839,0,20,SEP25,1974,i
10212477,"Md. Kamrul, Islam",BAN,M,,,,1875,0,20,SEP25,1982,i
10228128,"Md. Khizirer, Rahman",BAN,M,,,,1703,7,20,SEP25,1968,
10229345,"Md. Lalin , Azad",BAN,M,,,,1686,0,20,SEP25,1977,i
10238026,"Md. Mahbubur, Rahman",BAN,M,,,,1791,0,20,SEP25,1991,
10234071,"Md. Manik, Hossain",BAN,M,,,,1693,0,20,SEP25,1996,i
10216316,"Md. Maniqur, Rahman",BAN,M,,,,1746,0,20,SEP25,1980,i
10217886,"Md. Maruf, Sarkar",BAN,M,,,,1732,0,20,SEP25,1994,i
10214372,"Md. Masud -Ul-, Alam",BAN,M,,,,1807,0,20,SEP25,1989,i
10216073,"Md. Masud, Rana",BAN,M,,,,1835,0,20,SEP25,1984,
10215522,"Md. Masudur , Rahman Masud",BAN,M,,,,1847,0,20,SEP25,0,i
10210717,Md. Masum Rahi,BAN,M,,,,1843,0,20,SEP25,1963,i
10203133,"Md. Masum, Hossain",BAN,M,CM,,,1996,0,20,SEP25,1989,i
10220550,"Md. Mehedi, Hasan",BAN,M,,,,1926,7,20,SEP25,1985,
10213678,"Md. Mijanul, Islam",BAN,M,,,,1775,0,20,SEP25,1987,
10224033,Md. Millon Hossain,BAN,M,,,,1709,0,20,SEP25,1988,i
10214100,"Md. Minhazul , Alam",BAN,M,,,,1882,0,20,SEP25,1995,i
10229353,"Md. Minhazur, Rahman",BAN,M,,,,1771,0,20,SEP25,1977,i
10228136,"Md. Miran, Hossain",BAN,M,,,,1890,0,20,SEP25,1993,i
10211039,Md. Moazzam Hossain,BAN,M,,,,1907,0,20,SEP25,1969,i
10215530,"Md. Mofizur, Rahman",BAN,M,,,,1915,0,20,SEP25,0,i
10226397,"Md. Mohsin, Jamal",BAN,M,,NA,,1885,0,20,SEP25,1967,i
10215859,"Md. Mokles Uddin, Ahmed",BAN,M,,,,1789,0,20,SEP25,1979,i
10214402,"Md. Mokshed, Khan",BAN,M,,,,1924,7,20,SEP25,1972,
10220810,"Md. Momtaj, Uddin",BAN,M,,,,1626,0,20,SEP25,1980,i
10216081,"Md. Monir Hossain, Monir",BAN,M,,,,1798,0,20,SEP25,1978,i
10216626,"Md. Monir, Hossain",BAN,M,,,,1918,0,20,SEP25,1983,i
10215190,Md. Monirul Islam,BAN,M,,,,1924,0,20,SEP25,1983,i
10214119,"Md. Moniruzzaman, Masud",BAN,M,,,,2018,28,20,SEP25,1983,
10228152,"Md. Mosarof, Hossain",BAN,M,,,,1876,15,20,SEP25,1992,
10218831,"Md. Mosharuf, Hossain",BAN,M,,,,1784,0,20,SEP25,1986,i
10215204,"Md. Mostafizur, Rahman",BAN,M,,,,1702,0,20,SEP25,0,i
10217177,"Md. Mozammel, Hoque",BAN,M,,,,1770,0,20,SEP25,1973,i
10229744,"Md. Muhimenul, Islam",BAN,M,,,,1989,5,20,SEP25,1975,
10217460,"Md. Muhin, Hossain",BAN,M,,,,1836,0,20,SEP25,1994,i
10217746,"Md. Murshid, Alam",BAN,M,,,,1826,0,20,SEP25,1990,
10206167,"Md. Nasim Hossain, Bhuiyan",BAN,M,CM,,,1890,0,20,SEP25,1977,i
10225579,"Md. Nazmul, Karim",BAN,M,,,,1837,0,20,SEP25,1980,i
10228942,"Md. Nazrul, Islam",BAN,M,,,,1797,0,20,SEP25,1978,i
10215565,"Md. Nurul , Amin",BAN,M,,,,1786,0,20,SEP25,1974,i
10218670,"Md. Nurul, Islam",BAN,M,,,,1880,0,20,SEP25,1963,
10215573,"Md. Nurul, Islam",BAN,M,,,,1857,0,20,SEP25,0,i
10219650,"Md. Rabby, Salim",BAN,M,,,,1935,0,20,SEP25,1988,
10215590,"Md. Rafikul, Islam",BAN,M,,,,1743,0,20,SEP25,1985,i
10212949,"Md. Rafiqul, Islam",BAN,M,,,,1946,0,20,SEP25,1984,i
10210105,"Md. Rafshan , Bin Omor (subin)",BAN,M,,,,1846,0,20,SEP25,0,i
10216090,"Md. Rajibul, Hasan",BAN,M,,,,1776,0,20,SEP25,1988,
10217770,"Md. Raju, Ahmed",BAN,M,,,,1901,0,20,SEP25,1988,i
10216480,"Md. Raju, Ahmed",BAN,M,,,,1759,7,20,SEP25,1995,
10220283,"Md. Raphael, Kabir",BAN,M,,,,1716,0,20,SEP25,2000,i
10212531,"Md. Raqibul, Azad",BAN,M,,,,1735,0,20,SEP25,1985,i
10212957,"Md. Rasel, Shekh",BAN,M,,,,1886,0,20,SEP25,1993,i
10201491,"Md. Rashedul, Basher",BAN,M,,,,1879,0,20,SEP25,1986,i
10225730,"Md. Rimon, Sheikh",BAN,M,,,,1890,0,20,SEP25,1997,i
10234519,"Md. Rubel, Hossain",BAN,M,,,,1698,0,20,SEP25,1988,i
10222499,"Md. Rubel, Parvej",BAN,M,,,,1825,0,20,SEP25,1986,i
10212159,"Md. Ruhul, Amin",BAN,M,,,,1799,0,20,SEP25,1990,
10225811,"Md. Sabbir, Hossain",BAN,M,,,,1830,0,20,SEP25,1996,i
10226400,"Md. Sabujur, Rahman",BAN,M,,,,1844,7,20,SEP25,1995,
10206299,Md. Sagor,BAN,M,,,,AGM,1996,0,SEP25,1994,i
10213600,Md. Saiful Islam,BAN,M,,,,1883,0,20,SEP25,1992,
10218483,"Md. Sajib, Hossain",BAN,M,,,,1716,0,20,SEP25,1993,i
10218491,"Md. Sajidul, Haque",BAN,M,CM,,,2148,0,40,SEP25,2009,
10220380,"Md. Saleh Al, Mahmud",BAN,M,,,,1930,0,20,SEP25,1979,i
10232648,"Md. Salim Uddin, Choudhury",BAN,M,,,,1823,1,20,SEP25,1989,
10208046,"Md. Sarwar, Kamal",BAN,M,,,,1762,0,20,SEP25,1968,i
10227806,"Md. Sazzadul, Rawshan",BAN,M,,,,1755,0,20,SEP25,1992,i
10200711,"Md. Shafiqul, Islam",BAN,M,,,,1914,0,20,SEP25,1976,i
10205420,"Md. Shafiqul, Islam",BAN,M,,,,1929,0,20,SEP25,0,i
10214445,"Md. Shah Newaz, Alam Monzu",BAN,M,,,,1806,0,20,SEP25,1966,i
10205438,"Md. Shah, Alam",BAN,M,,,,1990,0,20,SEP25,0,i
10234861,"Md. Shahab, Uddin",BAN,M,,,,1583,0,20,SEP25,1988,
10220569,"Md. Shahadat, Samnoor",BAN,M,,,,1839,0,20,SEP25,1987,i
10208054,"Md. Shahidul, Islam",BAN,M,,,,1819,0,20,SEP25,1962,i
10231714,"Md. Shahinur, Islam",BAN,M,,,,1804,0,20,SEP25,1983,i
10214690,"Md. Shaifu, Uddin",BAN,M,,,,1895,0,20,SEP25,1978,i
10227601,"Md. Shaiful Azam, Chowdhury",BAN,M,,,,1856,0,20,SEP25,1982,
10215867,"Md. Shariful, Islam",BAN,M,,,,1832,0,20,SEP25,1977,i
10223886,"Md. Shasultan, Sabbir Rumon",BAN,M,,,,1785,0,20,SEP25,1980,
10216340,"Md. Shawket Bin, Osman Shaon",BAN,M,CM,,,2061,0,20,SEP25,1995,
10220828,"Md. Sirajul, Islam",BAN,M,,,,1782,0,20,SEP25,1962,i
10222693,"Md. Sultan Byzid, Amin",BAN,M,,,,1876,0,20,SEP25,1969,i
10234187,"Md. Sumon, Hossain",BAN,M,,,,1846,5,20,SEP25,2000,
10230319,"Md. Tamizar, Rahman",BAN,M,,NA,,1755,0,20,SEP25,1977,i
10217797,"Md. Tariqul Islam, Belal",BAN,M,,,,1938,0,20,SEP25,1983,i
10233628,"Md. Tauhidur, Rahman",BAN,M,,,,1764,0,20,SEP25,1993,i
10206213,Md. Tayabur Rahman,BAN,M,,,,1773,0,20,SEP25,1981,
10209786,Md. Tipu Sultan,BAN,M,,,,1862,5,20,SEP25,1972,
10215603,"Md. Wakib, Islam",BAN,M,,,,1783,0,20,SEP25,0,i
10212264,Md. Zaber Al Hamid,BAN,M,,,,AFM,1923,0,SEP25,1993,i
10214453,"Md. Zafrul, Islam",BAN,M,,NA,,1953,0,20,SEP25,1982,
10212337,"Md. Zahid, Hossain",BAN,M,,,,1903,0,20,SEP25,1983,i
10222049,"Md. Zahid, Hossain Bhuyain",BAN,M,,,,1727,0,20,SEP25,1971,i
10215220,"Md., Anik",BAN,M,,,,1800,0,20,SEP25,0,i
10232923,"Md., Ashrafuzzaman",BAN,M,,,,1845,0,20,SEP25,1980,i
10223517,"Md., Asifur Rahman",BAN,M,,,,1675,0,20,SEP25,2000,i
10217193,"Md., Hadiuzzaman",BAN,M,,,,1905,3,20,SEP25,1983,
10222197,"Md., Hamid",BAN,M,,,,1674,0,20,SEP25,1975,i
10231749,"Md., Ibrahim",BAN,M,,,,1762,0,20,SEP25,1991,i
10219706,"Md., Jasim",BAN,M,,,,1800,0,20,SEP25,1977,i
10215611,"Md., Matin",BAN,M,,,,1662,0,20,SEP25,0,i
10210121,"Md., Matiur Rahman (mamun)",BAN,M,,,,1940,0,20,SEP25,1981,i
10217800,"Md., Mazharul Kabir",BAN,M,,,,1873,0,20,SEP25,1980,i
10229973,"Md., Moniruzzaman",BAN,M,,,,1800,0,20,SEP25,1974,i
10219714,"Md., Nazim",BAN,M,,,,1930,0,20,SEP25,1977,
10219722,"Md., Nezamuddin",BAN,M,,,,1795,0,20,SEP25,1971,i
10204750,"Md., Nurul Amin",BAN,M,,,,1846,0,20,SEP25,1975,i
10204881,"Md., Rashel",BAN,M,,,,1942,0,20,SEP25,1982,i
10204130,"Md., Rimon",BAN,M,,,,1934,0,20,SEP25,1979,i
10231897,"Md., Sabit",BAN,M,,,,1635,0,20,SEP25,2002,i
10225757,"Md., Saifur Rahman",BAN,M,,,,1722,0,20,SEP25,1968,i
10216790,"Md., Salauddin",BAN,M,,,,1775,0,20,SEP25,1976,i
10216138,"Md., Shahjahan",BAN,M,,,,1815,0,20,SEP25,1983,
10206205,"Md., Sharif Hossain",BAN,M,FM,,,2127,7,20,SEP25,1991,
10214143,"Md., Tarekuzzaman",BAN,M,,,,1903,0,20,SEP25,0,
10215247,"Md., Zahiduzzaman",BAN,M,,,,1791,0,20,SEP25,0,i
10210148,"Md., Zakaria",BAN,M,,,,1861,0,20,SEP25,1978,
10211314,"Md.abdul, Motin",BAN,M,,,,1821,0,20,SEP25,0,i
10211772,"Md.abzid, Rahman",BAN,M,CM,,,1986,5,20,SEP25,1987,
10223533,"Md.aftabul, Islam",BAN,M,,,,1680,0,20,SEP25,1979,i
10223525,"Md.aftabul, Islam",BAN,M,,,,1709,0,20,SEP25,1989,i
10221824,"Md.anikuzzaman, Anu",BAN,M,,,,1966,14,20,SEP25,1990,
10222006,"Md.ariful , Amin",BAN,M,,,,1941,0,20,SEP25,1992,i
10229396,"Md.golam, Nur",BAN,M,,,,1787,0,20,SEP25,1972,i
10223088,"Md.hannan, Uddin",BAN,M,,,,1708,0,20,SEP25,1986,i
10202269,"Md.jahangir, Alam",BAN,M,,,,1736,0,20,SEP25,0,
10223096,"Md.jahidul, Islam",BAN,M,,,,1871,0,20,SEP25,1981,
10222022,"Md.mahabubur Rahman, Apu",BAN,M,,,,1831,0,20,SEP25,1991,i
10223584,Md.mainuddin,BAN,M,,,,1809,0,20,SEP25,2001,i
10219331,"Md.rasel, Mahbub",BAN,M,,,,1949,0,20,SEP25,1987,i
10223142,"Md.sakwat, Hossain",BAN,M,,,,1648,5,20,SEP25,1972,
10219340,"Md.shafiqul, Islam",BAN,M,,,,1948,0,20,SEP25,1982,i
532018371,"Md? Abdullah Al Kawsar, Shakib",BAN,M,,,,1531,0,40,SEP25,2007,
532018398,"Md?, Ramjan",BAN,M,,,,1742,0,20,SEP25,2001,
532018401,"Md?tahmid, Islam",BAN,M,,,,1751,0,20,SEP25,2004,
10208232,"Meer Tossaddeque, Hossain",BAN,M,,,,1761,0,20,SEP25,1962,i
10201203,Mehdi Hasan Parag,BAN,M,FM,,,2139,0,20,SEP25,1985,
10244107,"Mehedi , Hasan",BAN,M,,,,1501,0,20,SEP25,1996,i
10212035,"Meherun Nesa Helali, Munia",BAN,F,,,,1728,0,20,SEP25,1992,wi
10258132,"Mehrab, Hoque Khan",BAN,M,,,,1652,0,40,SEP25,2008,i
10245308,"Meshbah Salahuddin , Sajib",BAN,M,,,,1777,0,20,SEP25,1988,i
10219153,"Mezanur, Rahman",BAN,M,,,,1921,0,20,SEP25,1992,i
10273484,"Miftaul, Ferdous",BAN,M,,,,1617,0,40,SEP25,2007,i
10206477,"Mihir Lal, Das",BAN,M,,,,1924,0,20,SEP25,1987,i
10262822,"Milon, Mia",BAN,M,,,,1716,0,20,SEP25,1998,
10263950,"Mim, Akter",BAN,F,,,,1465,0,40,SEP25,2007,wi
10232931,"Mir Mosharaf, Hossain",BAN,M,,NA,,1731,0,20,SEP25,1994,
10215328,"Miraj Uddin, Ahmed",BAN,M,,,,1960,15,20,SEP25,0,
10234926,"Mirza Arifur, Rahman",BAN,M,,,,1914,0,20,SEP25,1985,
10212345,"Moh. , Yousuf",BAN,M,,,,1727,0,20,SEP25,1964,
10250190,"Mohammad Abul Hashem, Kohen",BAN,M,,,,1628,0,20,SEP25,1977,i
10203362,Mohammad Aminul Islam,BAN,M,,,,1867,0,20,SEP25,1973,
10293965,"Mohammad Ariful, Hoque",BAN,M,,,,1667,0,40,SEP25,2007,i
10217495,"Mohammad Arifur, Rahman",BAN,M,,,,1762,0,20,SEP25,1982,i
10202609,Mohammad Asaduzzaman,BAN,M,,,,1915,0,20,SEP25,1978,i
10295178,"Mohammad Azmain, Rahman",BAN,M,,,,1443,0,40,SEP25,2013,
10275002,"Mohammad Badol, Bepari",BAN,M,,,,1656,0,20,SEP25,1980,
10298452,Mohammad Bangla Khondaker,BAN,M,,,,1443,5,40,SEP25,2013,
10207791,"Mohammad Fahad, Rahman",BAN,M,IM,,,2299,0,20,SEP25,2003,
10248811,"Mohammad Hridoy Hossain, Fakir",BAN,M,,,,1632,0,20,SEP25,1997,i
532005180,"Mohammad Imtiaz, Chowdhury",BAN,M,,,,1873,7,40,SEP25,2009,
10207805,"Mohammad Jakir, Hossain Bhuiyan",BAN,M,,,,1892,0,20,SEP25,1976,i
10234314,"Mohammad Kamruzzaman, Khandakar",BAN,M,,,,1830,0,20,SEP25,1976,i
10262016,"Mohammad Mabrur, Raadh",BAN,M,,,,1423,3,40,SEP25,2016,
10295186,"Mohammad Maheen, Rahman",BAN,M,,,,1636,0,40,SEP25,2010,
10236414,"Mohammad Mamun, Hossain",BAN,M,,,,1788,0,20,SEP25,1979,i
10213660,Mohammad Manik,BAN,M,,,,1890,0,20,SEP25,1982,i
10218114,"Mohammad Masudul, Mazid",BAN,M,,,,1734,0,20,SEP25,1980,i
10255125,"Mohammad Minul, Hoque Riyad",BAN,M,,,,1602,0,20,SEP25,1976,i
10254102,"Mohammad Moshiur, Rahman",BAN,M,,,,1888,0,20,SEP25,1992,
10226923,"Mohammad Murad, Hossain",BAN,M,,,,1741,0,20,SEP25,1984,i
10205128,"Mohammad Mynul, Hasan",BAN,M,,,,1784,0,20,SEP25,1981,
10219773,"Mohammad Navid Bin, Zahid",BAN,M,,,,1815,0,20,SEP25,1991,i
10212060,"Mohammad Nazmul, Hasan",BAN,M,,,,1868,0,20,SEP25,1979,
10207082,"Mohammad Nazrul, Islam",BAN,M,,,,1903,6,20,SEP25,0,
10292365,"Mohammad Rafsan, Mahmud",BAN,M,,,,1622,0,40,SEP25,2007,
10226931,"Mohammad Rakibul, Hassan",BAN,M,,,,1838,0,20,SEP25,1976,i
10219790,"Mohammad Sajid Bin, Zahid",BAN,M,,,,1857,0,20,SEP25,1996,
10207821,"Mohammad Salman, Munshi",BAN,M,,,,1818,0,20,SEP25,0,i
10220291,"Mohammad Shafiqul, Islam",BAN,M,,,,1842,0,20,SEP25,2004,i
10233300,"Mohammad Shahinur, Rashid",BAN,M,,,,1744,4,20,SEP25,1983,
10227342,"Mohammad Shihab, Shahriar",BAN,M,,,,1779,0,20,SEP25,1995,i
10226036,"Mohammad Tarikul, Islam",BAN,M,,,,1804,0,20,SEP25,1976,i
10223630,"Mohammad, Abu Mohsin",BAN,M,,,,1784,0,20,SEP25,1968,
10263560,"Mohammad, Abul Kasem Nuri Bijoy",BAN,M,,,,1807,0,40,SEP25,2007,i
10205268,"Mohammad, Alamgir",BAN,M,,,,1869,0,20,SEP25,0,i
10206892,"Mohammad, Alamgir-2",BAN,M,,,,1911,0,20,SEP25,1972,i
10201181,"Mohammad, Din",BAN,M,,,,1975,0,20,SEP25,1968,
10213988,"Mohammad, Elias",BAN,M,,,,1724,0,20,SEP25,1965,
10238042,"Mohammad, Emon",BAN,M,,,,1841,0,20,SEP25,2001,
10233156,"Mohammad, Hasan",BAN,M,,,,1881,0,20,SEP25,1982,
10221867,"Mohammad, Hasan Mia",BAN,M,,,,1853,0,20,SEP25,1984,i
10273280,"Mohammad, Imam Al Muttakin",BAN,M,,,,1791,0,20,SEP25,1970,
10235876,"Mohammad, Inzamam",BAN,M,,,,1578,0,20,SEP25,1995,i
10233903,"Mohammad, Ishaque",BAN,F,,,,1699,0,20,SEP25,1961,wi
10200983,"Mohammad, Javed",BAN,M,FM,,,2113,0,20,SEP25,1983,
10218149,"Mohammad, Jewel",BAN,M,,,,1876,0,20,SEP25,1976,i
10210156,"Mohammad, Kamruzzaman",BAN,M,,,,1949,0,20,SEP25,1975,i
10234691,"Mohammad, Kayes",BAN,M,,,,1565,0,20,SEP25,1995,i
10203435,"Mohammad, Mohosin Ali Padma",BAN,M,,,,1970,0,20,SEP25,0,i
10230122,"Mohammad, Saiful Islam",BAN,M,,,,1750,0,20,SEP25,1970,i
10212361,"Mohammad, Sajal",BAN,M,,,,1834,0,20,SEP25,1993,
10220593,"Mohammad, Salman",BAN,M,,,,2065,0,20,SEP25,1991,i
10230327,"Mohammad, Shakil",BAN,M,,,,1904,0,20,SEP25,1996,
10201700,"Mohammad, Shameem",BAN,M,,FA,,2024,0,20,SEP25,1979,
10239820,"Mohammad, Sohag",BAN,M,,,,1639,0,20,SEP25,1997,i
10225218,"Mohammad, Taqi",BAN,M,,,,1863,0,20,SEP25,1993,i
10207651,"Mohammad, Yousuf",BAN,M,,,,1998,0,20,SEP25,1985,
532004303,"Mohammad, Zakir Hossen",BAN,M,,,,1736,0,20,SEP25,1972,
10203010,"Mohammadulla, Mohan",BAN,M,,,,1795,0,20,SEP25,0,
10201300,"Mohammed Abdul, Malek",BAN,M,FM,,,2065,0,20,SEP25,1983,
532005342,"Mohammed Ashaz, Hoque",BAN,M,,,,1708,0,40,SEP25,2014,
10202161,Mohammed Masuduzzaman Chowdhury,BAN,M,,,,1871,0,20,SEP25,1978,
10284680,"Mohammed Sanwarul, Islam Khan",BAN,M,,,,1725,0,20,SEP25,1978,
10238050,"Mohammed, Abdul Jabbar",BAN,M,,,,1758,0,20,SEP25,2000,
10259848,"Mohammed, Hafizur Rahman",BAN,M,,,,1608,0,20,SEP25,1975,
10201882,"Mohammed, Mainuddin",BAN,M,,,,1962,0,20,SEP25,0,i
10236708,"Mohammed, Maruf Chowdhury",BAN,M,,,,1715,0,20,SEP25,1965,
10204237,"Mohammed, Salim",BAN,M,,,,1876,5,20,SEP25,1974,
10249150,"Mohammed, Shaker Ullah",BAN,M,,,,1917,0,40,SEP25,2007,
10209921,"Mohammed, Tajul Islam",BAN,M,,,,1976,0,20,SEP25,1966,i
10233920,"Mohd, Jahangir Alam",BAN,M,,,,1786,0,20,SEP25,1970,i
10204423,"Moksedul, Monir",BAN,M,,,,1892,0,20,SEP25,0,i
10200444,"Mollah Abdullah, Al Rakib",BAN,M,GM,,,2417,0,10,SEP25,1980,i
10299785,"Mollah Rashedun Nabi, Shaikat",BAN,M,,,,1655,0,20,SEP25,1994,i
10203176,"Mollah, Mohiuddin",BAN,M,,,,1764,6,20,SEP25,1965,
10204245,"Mollah, Shafiq",BAN,M,,,,1840,0,20,SEP25,0,i
10212710,"Mona, Shammi Aktar",BAN,F,,,,1539,0,20,SEP25,1994,wi
10298312,"Mondal, Swagato",BAN,M,,,,1621,0,20,SEP25,2002,i
10200720,"Monirul Karim, Sujon",BAN,M,,,,1963,0,20,SEP25,1972,i
10203184,"Moniruzzaman, Moni",BAN,M,,,,1768,6,20,SEP25,1971,
532006241,"Monjur, Elahi",BAN,M,,,,1743,4,20,SEP25,1988,
10238247,"Monotosh, Chakma",BAN,M,,,,1889,0,20,SEP25,1989,i
10226788,"Mortuza Mahathir, Islam",BAN,M,,,,1843,0,20,SEP25,2004,i
10226796,"Mortuza Muhtadi, Islam",BAN,M,,,,1735,0,40,SEP25,2007,i
532007230,"Mostafizur Rahman, Shohag",BAN,M,,,,1736,5,40,SEP25,1984,
10226966,"Mostofa, Haider",BAN,M,,,,1737,0,20,SEP25,1974,
10228950,"Moydur Rahman Md., Mowdud",BAN,M,,,,1825,0,20,SEP25,1984,i
10225609,"Muhammad Abtahi, Abrar",BAN,M,,,,1613,0,40,SEP25,2007,i
10232214,"Muhammad Ajmain, Labib",BAN,M,,,,1506,0,40,SEP25,2008,i
10216642,"Muhammad Ali , Hossain",BAN,M,,,,1702,0,20,SEP25,1979,i
10260889,"Muhammad Ferdous Alam, Siddique",BAN,M,,,,1476,0,20,SEP25,1982,i
10212450,"Muhammad Joynal, Abedin",BAN,M,,,,1818,0,20,SEP25,1980,i
10271201,"Muhtady Tajwar, Nasheed",BAN,M,,,,1865,0,40,SEP25,2014,
10209182,"Mukitul, Islam Ripon",BAN,M,,,,1873,0,20,SEP25,1976,
10232680,"Mukul , Adhikary",BAN,M,,,,1681,4,20,SEP25,1974,
10201190,"Mullick, Md. Anisujjaman",BAN,M,,,,1806,18,20,SEP25,1971,
532013876,"Mumtahin, Mison",BAN,M,,,,1478,0,40,SEP25,2009,
532000049,"Munna, Bepari",BAN,M,,,,1774,0,20,SEP25,1985,
532000359,"Muntaha Mourin, Mounota",BAN,F,,,,1558,0,40,SEP25,2010,wi
10289232,"Muntasir Mamun, Ananda",BAN,M,,,,1677,0,20,SEP25,2006,i
10299157,"Muntazar, Sultan",BAN,M,,,,1760,0,40,SEP25,2009,
10200010,"Murshed, Niaz",BAN,M,GM,FT,,2442,0,10,SEP25,1966,i
10216650,"Musfica Zannat, Sawri",BAN,F,,,,1632,0,20,SEP25,2005,wi
10226800,"Musfiq Islam, Jihan",BAN,M,,,,1545,0,20,SEP25,2003,i
10293973,"Mushfiqur Rahman, Chowdhury",BAN,M,,,,1692,0,40,SEP25,2009,
10283960,"Musnad, - E- Mofakhkhar",BAN,M,,,,1592,0,40,SEP25,2011,i
10215654,"Mutasinuzzaman , Akanda",BAN,M,,,,1821,0,20,SEP25,0,i
10225625,Nafim Al Karim,BAN,M,,,,1848,0,20,SEP25,2006,i
10210539,"Nafisa, Nusrat Zahan",BAN,F,,,,1658,0,20,SEP25,1999,wi
10230335,"Nahian, Habib",BAN,M,,,,1736,0,20,SEP25,1997,i
10243992,"Naim, Md Rimon",BAN,M,,,,1724,0,20,SEP25,1992,i
10272968,"Najif, Niaj",BAN,M,,,,1709,0,40,SEP25,2015,
10245464,"Najmul, Huda Warcey",BAN,M,,,,1719,0,20,SEP25,1984,i
10235884,"Nakibul, Gani Labib",BAN,M,,,,1548,0,20,SEP25,2006,i
10246193,"Nando, Gupta",BAN,M,,,,1731,0,20,SEP25,1977,i
10286381,"Nandy, Shuvojit",BAN,M,,,,1561,0,40,SEP25,2008,i
10212736,"Nargis, Kaumudi",BAN,F,,,,1646,0,20,SEP25,1978,w
10274944,"Nasif, Al Arifin",BAN,M,,,,1692,0,40,SEP25,2007,
10204431,"Nasim, Al Islam",BAN,M,,,,1901,0,20,SEP25,0,i
10254145,"Nasir Uddin, Ahmed",BAN,M,,,,1747,0,20,SEP25,1963,
10211420,"Nasir, Hasan",BAN,M,,,,1912,0,20,SEP25,0,i
10257713,"Nasiruddin, Md",BAN,M,,,,1781,0,20,SEP25,1978,i
10247700,"Nawrin Fatema, Toa",BAN,F,,,,1566,0,20,SEP25,2004,wi
10211438,"Nayan Kumar, Mohanto",BAN,M,,,,1972,0,20,SEP25,0,i
10217754,"Nayem, Haque",BAN,M,FM,,,2154,7,20,SEP25,2003,
10244123,"Nazmul Huda, Warecy",BAN,M,,,,1483,0,20,SEP25,1984,i
10226508,"Nazmul, Hayat",BAN,M,,,,1679,0,20,SEP25,2005,i
10269509,"Nazmus, Sakib",BAN,M,,,,1520,0,20,SEP25,1988,i
10254978,"Neelava, Choudhury",BAN,F,WCM,WCM,,1800,6,40,SEP25,2010,w
10275312,"Nehal, Towhid",BAN,M,,,,1766,0,20,SEP25,2006,i
10288856,"Nehan, Abdullah",BAN,M,,,,AFM,1645,0,SEP25,2014,
10213996,"Neloy, Debnath",BAN,M,,,,1902,0,20,SEP25,1990,
10230130,"Nepal, Candra Sarkar(wstat)",BAN,M,,,,1761,0,20,SEP25,1972,i
10284320,"Nilav, Kumar Gupta",BAN,M,,,,1565,0,40,SEP25,2013,
10296387,"Nilima, Akter",BAN,F,,,,1404,3,40,SEP25,2009,w
10238484,"Nilotpaul, Sen",BAN,M,,,,1590,0,20,SEP25,2001,i
10246576,"Niloy, Sarker",BAN,M,,,,1534,0,20,SEP25,2000,i
10257748,"Nion, Al Safi",BAN,M,,,,1607,0,40,SEP25,2010,
10213716,"Nirmal, Baishnab",BAN,M,,,,1881,0,20,SEP25,0,i
10289097,"Nishat, Anjum",BAN,F,,,,1589,0,20,SEP25,2006,wi
532000391,"Nishat, Jahan",BAN,F,,,,1789,0,20,SEP25,2000,wi
10221565,"Nizam, Uddin",BAN,M,,,,1779,0,20,SEP25,1980,i
10226222,"Noor, Mohammed",BAN,M,,,,1853,0,20,SEP25,1973,i
10218564,"Noshin, Anjum",BAN,F,WFM,WFM,,1895,5,20,SEP25,2004,w
10261141,"Noshin, Ayman",BAN,F,,,,1663,0,20,SEP25,2006,wi
10241027,"Nur , Mohammad",BAN,M,,,,1791,0,20,SEP25,1974,i
10264019,"Nur, Nahar",BAN,M,,,,1479,0,40,SEP25,2009,i
532009690,"Nur, Uddin",BAN,M,,,,1755,0,20,SEP25,1983,
10251260,"Nurul Alam, Chowdhury",BAN,M,,,,1851,0,20,SEP25,1982,i
532003129,"Nurul, Alam",BAN,M,,,,1584,0,20,SEP25,2004,i
10209638,"Nurul, Islam Emon",BAN,M,,,,1902,0,20,SEP25,1983,i
10222952,"Nusrat , Jahan Liza",BAN,F,,NA,,1727,0,20,SEP25,1988,wi
10222111,"Nusrat , Jahan Moni",BAN,F,,,,1604,0,40,SEP25,2007,wi
10226826,"Nusrat Jahan, Alo",BAN,F,WCM,WCM,,1795,0,40,SEP25,2007,w
10232451,"Ohid, Sultan Mohammad",BAN,M,,,,1726,0,20,SEP25,1984,i
10223185,"Ohidul, Islam",BAN,M,,,,1838,0,20,SEP25,1988,
10257756,"Oli, Md Oliullah",BAN,M,,,,1900,0,20,SEP25,1980,i
10294376,"Om Auvro, Chowdhury",BAN,M,,,,1577,0,40,SEP25,2010,i
10206329,"Omar, Faruk Bipob",BAN,M,,,,1931,0,20,SEP25,0,i
10201068,"Omer, Faruk Biplob",BAN,M,,,,2020,0,20,SEP25,0,
10226516,"Omnia Binta Yusuf, Lubaba",BAN,F,WCM,WCM,,1721,0,40,SEP25,2007,w
10276386,"Osman, Goni",BAN,M,,,,1986,0,20,SEP25,1995,i
10211446,"Osman, Goni",BAN,M,,,,1789,14,20,SEP25,0,
10210741,"Oyon, Nur Newaz",BAN,M,,,,1742,0,20,SEP25,2002,
10205098,"Pal, Nishit Kumar",BAN,M,,,,1979,0,20,SEP25,0,
10200533,"Parveen, Tanima",BAN,F,WFM,WFM,NI,2030,0,20,SEP25,1978,wi
10203770,"Parvej, Nahid Sagar",BAN,M,,,,1944,0,20,SEP25,1984,i
10206965,"Patowari, Waliullah",BAN,M,,,,1897,0,20,SEP25,0,i
10234357,"Polash Ahmed, Md.",BAN,M,,,,1504,0,20,SEP25,1994,i
10220437,"Pranay Kumar , Bhowmik",BAN,M,,,,1752,0,20,SEP25,1974,i
10263721,"Pranjol, Barua",BAN,M,,,,1694,0,40,SEP25,2009,
10241540,"Prantose, Bhattacharjee",BAN,M,,,,1703,0,20,SEP25,1997,i
10220429,"Prantosh Kumar, Chanda",BAN,M,,,,1771,0,20,SEP25,1974,i
10225838,"Pratick, Bhowmick",BAN,M,,,,1791,0,20,SEP25,2001,i
10267913,"Pravash, Bhowmik",BAN,M,,,,1576,0,20,SEP25,1979,i
10254170,"Preetam, Barua",BAN,M,,,,1613,0,20,SEP25,1983,i
10203516,Prince Carol Chowdhury,BAN,M,,,,1905,6,20,SEP25,1981,
10216510,"Prince, Saha",BAN,M,,,,1786,0,20,SEP25,1994,i
10275932,"Pritam, Sarkar",BAN,M,,,,1675,0,40,SEP25,2007,i
532018479,"Prithbiraj, Mitra",BAN,M,,,,1666,0,40,SEP25,2007,
532023014,"Prithwiraj Debnath, Dhonno",BAN,M,,,,ACM,1605,0,SEP25,2010,
10234560,"Pritom, Kumar Mondal",BAN,M,,,,1651,0,20,SEP25,1996,
10231579,"Progma, Podder",BAN,F,,,,1586,0,20,SEP25,2003,wi
10254188,"Prosenjit, Sarkar",BAN,M,,,,1819,0,20,SEP25,1992,
10230530,"Protiva, Batool",BAN,M,,,,1445,0,40,SEP25,2009,i
532020007,"Prottoy, Habib",BAN,M,,,,1572,6,40,SEP25,2009,
532025343,"Protul, Barua",BAN,M,,,,1471,6,40,SEP25,2008,
532003722,"Purno, Aritra Barua",BAN,M,,,,1459,0,40,SEP25,2011,
10279059,"Quafshed Tayush, Nur",BAN,M,,,,1571,0,20,SEP25,2004,i
10268669,"Raad Israq, Rashkeh",BAN,M,,,,1642,9,20,SEP25,2004,
10266216,"Rabab, Chowdhury",BAN,M,,,,1437,0,20,SEP25,1999,i
10215662,"Rabbi, Mridha",BAN,M,,,,1805,0,20,SEP25,1999,i
10207384,"Rabiul, Bhuiyan",BAN,M,,,,1853,0,20,SEP25,1988,
10245391,"Rabiul, Islam",BAN,M,,,,1841,0,20,SEP25,1986,
10224394,"Radha Kishor, Singha",BAN,M,,,,1749,0,20,SEP25,1982,i
10276416,"Radmim Raha, Rajya",BAN,M,,,,1928,0,40,SEP25,2009,
10295062,"Raed, Farjad",BAN,M,,,,1561,0,40,SEP25,2014,i
10271210,"Raeha, Afsheen",BAN,F,,,,1468,0,40,SEP25,2011,wi
10231986,"Rafi, Islam",BAN,M,,,,1875,0,20,SEP25,1999,i
10278095,"Rafid Arian, Suddho",BAN,M,,,,1705,0,40,SEP25,2009,i
10280197,"Rafid, Abu Bakar Siddik",BAN,M,,,,1447,0,40,SEP25,2009,i
532018495,"Rafid, Rahman",BAN,M,,,,1646,0,20,SEP25,2003,
10234764,"Rafiul Rowshan , Majeed Fahim",BAN,M,,,,1731,0,20,SEP25,1985,i
10285717,"Rafsan, Shabib",BAN,M,,,,1477,0,40,SEP25,2014,
532003200,"Raghav, Pantha",BAN,M,,,,1607,0,20,SEP25,2006,i
10238751,"Ragib, Shahriar",BAN,M,,,,1623,0,20,SEP25,1998,
10200657,"Rahman, Ataur",BAN,M,,,,1931,0,20,SEP25,1975,
10202528,"Rahman, Atiqur",BAN,M,,,,1856,0,20,SEP25,0,i
10202803,"Rahman, Mahfuzur Shahin",BAN,M,,,,1880,7,20,SEP25,0,
10203044,"Rahman, Masudur Bari",BAN,M,,,,1998,0,20,SEP25,1982,i
532003323,"Rahman, Md Tariqur",BAN,M,,,,1635,0,40,SEP25,2010,
10201912,"Rahman, Md. Almasur",BAN,M,,,,1964,0,20,SEP25,1961,i
10213244,"Rahman, Md. Ataur",BAN,M,,,,1880,7,20,SEP25,1991,
10203079,"Rahman, Md. Mujibur",BAN,M,,,,1865,0,20,SEP25,1964,
10203451,"Rahman, Md. Siddiqur",BAN,M,,,,1957,0,20,SEP25,1979,i
10200622,"Rahman, Md. Taibur",BAN,M,FM,,,2198,0,20,SEP25,1976,i
10201106,"Rahman, Mohammad Farhadur",BAN,M,,,,1976,7,20,SEP25,1975,
10203664,"Rahman, Saimon Siddiqur",BAN,M,,,,1923,0,20,SEP25,1991,i
10202439,"Rahman, Shahidur",BAN,M,,,,1899,0,20,SEP25,0,
10200738,"Rahman, Syed Mahfuzur",BAN,M,FM,,,2040,16,20,SEP25,1979,
10201327,"Rahman, Yanur",BAN,M,,,,2083,0,20,SEP25,0,i
10201513,"Rahman, Z.u.",BAN,M,,,,1777,0,20,SEP25,0,i
10200037,"Rahman, Ziaur",BAN,M,GM,,,2460,0,10,SEP25,1974,i
10215417,"Raihan , Musa",BAN,M,,,,1765,0,20,SEP25,0,i
10206345,"Rain, Sheikh",BAN,M,,,,1694,0,20,SEP25,0,
10270523,"Raitha, Manha Mahmud",BAN,F,,,,1456,0,40,SEP25,2011,wi
10204555,"Rajbhor, Ratan",BAN,M,,,,1874,0,20,SEP25,1975,i
532013329,"Rajdeep, Dewan",BAN,M,,,,1878,0,40,SEP25,2007,
532009992,"Rajit, Barua Diganta",BAN,M,,,,1552,0,40,SEP25,2010,
10224050,"Rajwan, Mollik",BAN,M,,,,1724,12,20,SEP25,1980,
10215433,"Rakib Ahmed , Saleh",BAN,M,,,,AFM,1935,0,SEP25,1984,
10234225,"Rakibul Islam Maruf, Md.",BAN,M,,,,1665,0,20,SEP25,1999,i
10292420,"Rakibul, Islam",BAN,M,,,,1630,0,40,SEP25,2007,i
10206361,"Rakibul, Islam Shachchu",BAN,M,,NI,,1927,0,20,SEP25,1972,
10218157,"Rameen, Ahmed",BAN,M,,,,1689,0,20,SEP25,2004,i
10257772,"Rana, Md Sohel",BAN,M,,,,1865,0,20,SEP25,1984,
10294759,"Ranveer, Kushal Chowdhury",BAN,M,,,,1650,0,40,SEP25,2010,
10243917,"Rashedul, Islam",BAN,M,,,,1810,0,20,SEP25,1990,i
10249109,"Ratan Kumar, Chakma",BAN,M,,,,1843,0,20,SEP25,1979,i
10291377,"Ratan, Biswas",BAN,M,,NA,,1749,3,20,SEP25,1985,
10208160,"Ratnojoy, Tangchonga",BAN,M,,,,1876,0,20,SEP25,1976,
10255729,"Rawnak, Ahsan Bhuiyan",BAN,M,,,,1530,0,20,SEP25,2005,
10253424,Rayan Rashid Mugdho,BAN,M,,,,1933,5,40,SEP25,2015,
10237712,"Rayhan, Islam",BAN,M,,,,1623,0,20,SEP25,2004,i
532017979,"Rayhanul, Sakib",BAN,M,,,,1635,0,20,SEP25,1999,
10296336,"Rayyan, Sayeedi",BAN,M,,,,1596,5,40,SEP25,2010,
10257780,"Razib, Md Hasinur Rahman",BAN,M,,,,1856,0,20,SEP25,1986,
10204466,Reasat-E-Noor,BAN,M,,FA,,AGM,1879,0,SEP25,1991,
10200207,"Reefat, Bin-Sattar",BAN,M,GM,,,2458,0,10,SEP25,1974,
10290567,"Refatul, Islam",BAN,M,,,,1545,0,40,SEP25,2008,i
532019602,"Rejwanul Karim, Reduan",BAN,M,,,,1445,0,40,SEP25,2008,
10242740,"Relish , Rongdi",BAN,M,,,,1741,0,20,SEP25,1996,i
10254641,"Rene , Rasikh",BAN,M,,,,1813,0,40,SEP25,2007,
10225781,"Rezaul, Karim",BAN,M,,,,1819,0,20,SEP25,1981,
10226974,"Rezoanul , Khan",BAN,M,,,,1618,0,20,SEP25,1992,i
10294384,"Rezwan Islam, Rabby",BAN,M,,,,1605,0,20,SEP25,2003,i
10254650,"Riddho, Priyoman",BAN,M,,,,1542,0,40,SEP25,2008,i
10212086,"Ridwan Bin, Shamim",BAN,M,,,,1750,0,20,SEP25,1990,i
10216995,Ridwan Syed,BAN,M,,,,1602,0,40,SEP25,2008,
10249958,"Ridwan, Rabbani",BAN,M,,,,1494,0,40,SEP25,2012,
10279873,"Rifah Sayeara, Mubina",BAN,F,,,,1410,0,40,SEP25,2014,wi
532006861,"Rifat, Hasan",BAN,M,,,,1726,0,20,SEP25,2003,
532015283,"Rishad, Amin",BAN,M,,,,1623,0,20,SEP25,2001,
10283986,"Rizwanun, Haque",BAN,M,,,,1692,0,20,SEP25,1999,i
10257799,"Rofik, Md Rofiqul Ialam",BAN,M,,,,1767,0,20,SEP25,1979,i
10269207,"Rokon, Ali Chowdhury",BAN,M,,,,1579,0,40,SEP25,2011,i
10269215,"Roman, Ali Chowdhury",BAN,M,,,,1595,0,40,SEP25,2009,i
10285393,Rostom,BAN,M,,,,1679,0,20,SEP25,1962,
10297510,"Rubaiyat, Araaf",BAN,M,,,,ACM,1538,0,SEP25,2010,
10264566,Rubel Mollik,BAN,M,,,,1771,0,20,SEP25,1988,i
10243046,"Rubel, Hossen",BAN,M,,,,1937,0,20,SEP25,1993,
10295267,"Rufiat, Zuraf Tahan",BAN,M,,,,1503,0,40,SEP25,2009,i
10252223,"Rujhan, Amin",BAN,M,,,,1579,0,40,SEP25,2010,i
10224548,"Rumana, Ferdous",BAN,F,,FA,,AIM,1696,0,SEP25,1994,wi
10221352,Rumaysa Haider,BAN,F,,,,1625,0,20,SEP25,2006,wi
10296867,"Rumon, Saidul Islam",BAN,M,,,,1550,0,20,SEP25,1995,i
10230882,"Rushil, Aadheen Reza",BAN,M,,,,1507,0,40,SEP25,2008,i
10270957,"S M A, Nahian",BAN,M,,,,AFM,1725,0,SEP25,2006,i
10246215,"S M Abdul, Mannan",BAN,M,,,,1707,0,20,SEP25,1995,i
10235370,S M Abir Hossain,BAN,M,,,,1510,0,40,SEP25,2009,i
10280138,S M Ghori,BAN,M,,,,1918,0,20,SEP25,1965,i
10271236,"S M Raiyan, Abdullah",BAN,M,,,,1449,0,40,SEP25,2017,i
10236066,S M Safwan,BAN,M,,,,1658,0,40,SEP25,2007,i
10209808,S M Sharon,BAN,M,CM,NA,,1999,0,20,SEP25,1990,i
10240683,"S M towfiq Al, Helal",BAN,M,,,,1713,0,20,SEP25,1990,
10294015,"S M Umair, Hasnat Sinin",BAN,M,,,,1527,0,40,SEP25,2015,i
10266348,"S M Zahin, Al-Aziz",BAN,M,,,,1825,0,40,SEP25,2009,i
532006373,"S, M Farabi Rahman",BAN,M,,,,1584,0,40,SEP25,2014,
10208658,S. M. Tareq,BAN,M,,,,1883,0,20,SEP25,1975,
10222561,"S.m. Gofur, Uddin",BAN,M,,,,1742,0,20,SEP25,1979,
10246231,"Saad Bin , Habib",BAN,M,,,,1710,0,20,SEP25,1997,i
10296557,"Saad Bin, Siddique",BAN,M,,,,1504,0,40,SEP25,2016,i
10268456,"Sabab, Tonoy",BAN,M,,,,1685,0,20,SEP25,2006,i
10232702,"Sabbir , Rahman",BAN,M,,,,1641,8,40,SEP25,2008,
10203818,"Sabbir, Ahmed Sentu",BAN,M,,,,1725,4,20,SEP25,0,
10206388,"Sabbir, Shah",BAN,M,,,,1750,6,20,SEP25,1978,
10213040,"Sabikun Nahar, Tonima",BAN,F,WCM,WCM,,1792,0,20,SEP25,1995,wi
10204032,"Sabya, Sachi",BAN,M,,,,1959,0,20,SEP25,0,i
10213252,"Sacchu, Afzal Hossain",BAN,M,,,,1944,0,20,SEP25,1972,
10270965,"Saccidananda, Paul, Smran",BAN,M,,,,1506,0,20,SEP25,2000,
10240250,"Sadaath, Islam",BAN,M,,,,1675,0,20,SEP25,1999,i
10248072,"Sadat Ibna, Sultan",BAN,M,,,,1915,0,20,SEP25,2001,
10266704,"Saddho Saha, Neel",BAN,M,,,,1639,0,40,SEP25,2010,i
532008597,"Sadeed Ahmed, Saad",BAN,M,,,,1592,0,20,SEP25,2006,
10224556,"Sadia, Afrin Samia",BAN,F,,,,1670,0,40,SEP25,2007,wi
10261966,"Sadman, Gergees",BAN,M,,,,1722,0,20,SEP25,2005,i
10288775,"Sadman, Hossain",BAN,M,,,,1503,0,40,SEP25,2011,i
10243828,"Sadman, Saqib Farhan",BAN,M,,,,1491,0,40,SEP25,2010,i
10225650,"Sadnan Hasan, Dihan",BAN,M,CM,,,2018,0,20,SEP25,2004,i
10245502,"Safayat, Kibria Azaan",BAN,M,,,,1800,6,40,SEP25,2014,
10287558,"Safin, Karim",BAN,M,,,,1505,6,40,SEP25,2013,
10255591,"Safkat, Tahmit Adib",BAN,M,,,,1709,0,20,SEP25,2006,i
10290044,"Saha, Anik",BAN,M,,,,1716,0,20,SEP25,2001,i
10257810,"Saha, Sree Badol Kumar",BAN,M,,,,1823,0,20,SEP25,1985,
532006977,"Sahir Ahmed, Chowdhury",BAN,M,,,,1673,0,40,SEP25,2011,
10231765,"Saif, Hassan",BAN,M,,,,1768,0,20,SEP25,1997,i
10208038,"Saiful Islam, Chowdhury",BAN,M,CM,,,2142,0,20,SEP25,1983,i
10285407,"Saiful Islam, Rasel",BAN,M,,,,1523,0,20,SEP25,1996,i
10223738,"Saiful, Islam",BAN,M,,,,1620,0,20,SEP25,1986,i
10234233,"Saikat, Rezaul",BAN,M,,,,1831,0,20,SEP25,1999,i
532005237,"Saimon Al, Saba",BAN,M,,,,1757,0,20,SEP25,1999,
10270531,"Saimun, Aktaruzzaman",BAN,M,,,,1810,0,20,SEP25,2000,i
10243836,"Sajedul, Kabir Sajed",BAN,M,,,,1666,0,20,SEP25,1997,i
10232010,"Sajib, Das",BAN,M,,,,1852,0,20,SEP25,2002,i
10296565,"Sajid Al, Miraj",BAN,M,,,,1405,0,40,SEP25,2010,i
10234586,"Sakal, Roy",BAN,M,,,,1598,0,20,SEP25,1993,
10252878,"Sakib, Hasan",BAN,M,,,,1767,0,20,SEP25,2000,
10244654,"Sakline Mostafa, Sajid",BAN,M,FM,,,2146,7,40,SEP25,2011,
10215670,"Saleh Al, Mahmud",BAN,M,,,,1799,0,20,SEP25,0,i
10204040,"Salehin, Sumon",BAN,M,,,,1788,0,20,SEP25,1975,i
532023022,"Salman Hossain, Nahid",BAN,M,,,,1516,0,20,SEP25,2005,
315277478,"Samadder, Mridul Kanti",BAN,M,,,,AIM,1767,0,SEP25,1981,i
10296743,"Sameer, Ibrahim",BAN,M,,,,1561,0,20,SEP25,2005,i
10276491,"Sameul, Ashraf",BAN,M,,,,1761,0,20,SEP25,1971,
10295348,"Sami, Raihan",BAN,M,,,,1576,0,20,SEP25,2003,i
10222979,"Samiha, Chowdhury",BAN,F,,,,1642,0,20,SEP25,2004,wi
10254579,"Samin Yaser, Ishmam",BAN,M,,,,1709,0,20,SEP25,2005,
10295518,"Samin, Hossain Khan",BAN,M,,,,1873,0,20,SEP25,2006,i
10223746,"Samir, Kanti Shil",BAN,M,,,,1843,0,20,SEP25,1980,
10234365,"Samnoon Redwan, S.m.",BAN,M,,,,1467,0,20,SEP25,1993,i
10283722,"Sana, Ullah",BAN,M,,,,1721,0,20,SEP25,1965,i
10254242,"Sangram, Das",BAN,M,,,,1762,0,20,SEP25,2001,
10239197,"Sanjeedah , Khanam Mitul",BAN,F,,,,1487,0,20,SEP25,1990,wi
532018541,"Sanjoy, Biswas",BAN,M,,,,1556,0,20,SEP25,2006,
532012039,"Sanjoy, Somadder",BAN,M,,,,1758,0,20,SEP25,1980,
10215450,"Santu, Chakma",BAN,M,,,,1908,0,20,SEP25,0,i
10227393,"Sardar, Rokonuzzaman",BAN,M,,,,1715,0,20,SEP25,1971,
10244131,"Sarder Mohammad, Zaki",BAN,M,,,,1491,0,20,SEP25,1974,i
10212108,"Sarder Rashedul, Hassan",BAN,M,,,,1486,4,20,SEP25,1964,
532025165,"Sarder, Alamgir",BAN,M,,,,1869,7,40,SEP25,1999,
10296751,"Sarit, Kumar Chakma",BAN,M,,,,1886,0,20,SEP25,1975,
10227407,"Sarkar, Bappy",BAN,M,,,,1897,0,20,SEP25,1991,i
10204563,"Sarkar, Md. Ali Newaz",BAN,M,,,,1914,0,20,SEP25,0,i
10220151,"Sarkar, Rikta",BAN,F,,,,1473,0,20,SEP25,1973,wi
21302642,"Sarker, Sahitto",BAN,M,,,,1512,0,40,SEP25,2010,
10234594,"Sarowar, Hossain",BAN,M,,,,1485,0,20,SEP25,1998,i
10219919,"Sarower, Hossen",BAN,M,,,,1837,0,20,SEP25,1978,i
10201076,"Sarwar, Hossain Ullash",BAN,M,,,,1885,6,20,SEP25,1979,
10219927,"Sattayanjoy Barua, Titu",BAN,M,,,,1803,0,20,SEP25,1979,
10232494,"Saumong, Marma",BAN,M,,,,1852,0,20,SEP25,1983,
10239103,"Savil, Ahmed",BAN,M,,,,1528,0,20,SEP25,2003,i
10254668,"Sayed , Asaduzzaman",BAN,M,,,,1677,0,20,SEP25,1984,i
10242457,Sayed Mahabubur Rashid,BAN,M,,NA,,1743,0,20,SEP25,1966,i
10225676,"Sayed Shafaat, Mahmud",BAN,M,,,,1602,0,20,SEP25,2003,i
10230890,"Sayeda Nusaibah, Mahmud",BAN,F,,,,1518,0,40,SEP25,2009,wi
10253238,"Seam, Ahmed",BAN,M,,,,1694,0,40,SEP25,2009,i
10259872,"Selim, Hossain",BAN,M,,,,1654,0,20,SEP25,1988,
10237755,"Shadat, Kibria Ayaan",BAN,M,,,,1820,0,20,SEP25,2005,
10214828,"Shadhak Suman, Barua",BAN,M,,,,1847,0,20,SEP25,1984,i
10223762,"Shadip, Khanti Dey",BAN,M,,,,1821,0,20,SEP25,1995,i
532013906,"Shadman, Faiyaz",BAN,M,,,,1629,0,20,SEP25,1997,
10213058,"Shah Alam, Ropan",BAN,M,,,,1750,0,20,SEP25,1971,
532004737,"Shahadat, Hossin",BAN,M,,,,1664,0,20,SEP25,2000,
10268987,"Shahed Hossain, Shaphin",BAN,M,,,,1564,0,20,SEP25,2006,i
10223770,"Shahedul, Alam",BAN,M,,,,1765,0,20,SEP25,1997,
10214186,"Shahidul, Islam",BAN,M,,,,1806,0,20,SEP25,1987,i
10234713,"Shahinur, Haque",BAN,M,,,,1835,0,20,SEP25,1985,i
10264124,"Shahinur, Khatun",BAN,M,,,,1516,0,40,SEP25,2010,i
10203206,"Shahnaz, Mohammad Faruque",BAN,M,,,,1953,0,20,SEP25,0,i
10280154,"Shahrier Bin Kabir, Raqin",BAN,M,,,,1720,0,40,SEP25,2008,
10299530,"Shaiful, Islam",BAN,M,,,,1665,0,20,SEP25,1982,i
10243925,"Shajalal, Faruk",BAN,M,,,,1584,0,20,SEP25,2002,i
10207074,"Shamim, Hossain",BAN,M,,,,1793,0,20,SEP25,1976,i
10202587,"Shamima, Akter",BAN,F,WIM,WIM,,2014,0,20,SEP25,1989,wi
10208216,"Shamima, Akter Mukta",BAN,F,,,,1478,3,20,SEP25,1990,w
10206418,Shams Ud Duha,BAN,M,,,,1783,0,20,SEP25,1988,i
10201742,Shamsul Kabir Chowdhury,BAN,M,,,,1652,2,20,SEP25,1962,
10235973,"Shamsul, Al-Amin",BAN,M,,,,1651,0,20,SEP25,1970,i
10222120,"Shanjida, Shakib",BAN,F,,,,1639,0,20,SEP25,2006,wi
10223380,"Sharad, Mitra",BAN,M,,,,1632,0,20,SEP25,2004,i
10216545,"Sharar Mubarrat, Chowdhury",BAN,M,,,,1800,0,20,SEP25,2002,i
10257640,"Sharif Md, Maruf",BAN,M,,,,1854,0,20,SEP25,1972,i
10203087,"Sharmin, Samiha Shimmi",BAN,F,WCM,WCM,,1936,0,20,SEP25,1986,wi
10286446,"Sharvin, Himalay",BAN,M,,,,1447,0,40,SEP25,2015,
10246991,"Shatadru Shovan, Dey",BAN,M,,,,1947,0,20,SEP25,2002,
10231609,"Shawon, Chowdhury",BAN,M,,,,1895,0,20,SEP25,1998,
10227490,"Shawon, Mostafa Prodhan",BAN,M,,,,1743,0,20,SEP25,1979,i
10230904,"Shayaan Areeb, Reefat",BAN,M,,,,1627,0,40,SEP25,2011,i
10251391,"Shayaan, Rayan Chowdhury",BAN,M,,,,1453,0,40,SEP25,2015,
10299475,"Shayan Meerab, Hasan",BAN,M,,,,1858,0,40,SEP25,2011,
10242937,"Shayantan, Osman",BAN,M,,,,1484,0,40,SEP25,2013,i
10282556,"Sheikh Asaduzzaman, Alif",BAN,M,,,,1433,0,20,SEP25,2005,i
10246240,"Sheikh Omer Hasan, Kabir",BAN,M,,,,1710,0,20,SEP25,1977,i
10288740,"Shekh Noore Raian, Aanas",BAN,M,,,,1544,4,40,SEP25,2012,
10266364,"Shekh, Ripon",BAN,M,,,,1592,0,40,SEP25,2009,i
10200584,"Shikder, Arifuzzaman",BAN,M,,,,2077,0,20,SEP25,0,i
10236309,"Shimon, Ahmed",BAN,F,,,,1511,0,40,SEP25,2008,wi
10288325,"Shobontic, Saha",BAN,M,,,,1533,0,40,SEP25,2010,
10244140,"Shohan, Saha",BAN,M,,,,1467,0,20,SEP25,2003,i
10224564,"Shohan, Shake",BAN,M,,,,1809,0,20,SEP25,1989,i
10238085,"Shohel, Chakma",BAN,M,,,,1798,0,20,SEP25,1988,i
532019599,"Shojal Kumar, Niogi",BAN,M,,,,1568,0,20,SEP25,1986,
10244840,"Shoptorshi, Rahman",BAN,F,,,,1660,0,40,SEP25,2007,wi
10231625,"Shreya , Podder",BAN,F,,,,1702,0,20,SEP25,2005,wi
10245588,"Shreyan, Dewanjee Orgho",BAN,M,,,,1530,0,40,SEP25,2007,i
10271104,"Shuvojit, Chakraborty",BAN,M,,,,1634,0,40,SEP25,2010,
10247483,"Shuvronil, Mondal",BAN,M,,,,1786,5,20,SEP25,2004,
532018789,"Shyamol, Sarker",BAN,M,,,,1498,0,20,SEP25,1999,
10268847,"Siam, Ahmed",BAN,M,,,,1766,6,20,SEP25,1997,
10237771,"Siam, Chowdhury",BAN,M,,,,1869,7,40,SEP25,2011,
10205543,"Sibu, Podder",BAN,M,,,,1756,0,20,SEP25,1983,
10202846,"Siddique, Arman Mithu",BAN,M,,,,2119,0,20,SEP25,1977,i
10265309,"Sidratul, Muntaha",BAN,F,,,,1504,5,40,SEP25,2013,w
10216553,"Simanto, Das",BAN,M,,,,1725,0,20,SEP25,2000,i
10251278,"Simon Lbn, Muzib",BAN,M,,,,1893,0,20,SEP25,1983,i
10271015,"Sinha, Ashim",BAN,M,,,,1473,0,20,SEP25,1992,i
10235396,Sk Anannyo Kader,BAN,M,,,,1505,0,20,SEP25,2006,i
10235400,Sk Anupom Kader,BAN,M,,,,1587,0,40,SEP25,2008,i
10230254,Sk Ruman Ur Rashid,BAN,M,,,,AIM,1993,0,SEP25,1991,
10203486,Sk. Md. Abdul Muttalib,BAN,M,,,,1741,0,20,SEP25,1976,
10220658,"Sm Abdur , Rahman",BAN,M,,,,1890,0,20,SEP25,1982,i
10271112,"Sobahan, Md Abdus",BAN,M,,,,1620,0,20,SEP25,1988,i
10282580,"Sobuj Ahmed, Sagor",BAN,M,,,,1825,0,20,SEP25,2001,i
10223436,"Sohag, Hossain",BAN,M,,,,1878,0,20,SEP25,1982,i
10279890,"Soham Dhar, Shomya",BAN,M,,,,1552,0,40,SEP25,2010,
10293710,"Sohan, Sobhan",BAN,M,,,,1702,0,20,SEP25,1979,i
10266143,"Sohel, Mia",BAN,M,,,,1681,0,20,SEP25,1999,
10240071,"Sohom, Saumeep",BAN,M,,,,1769,0,20,SEP25,1998,
10284184,"Sojib, Islam",BAN,M,,,,1858,6,20,SEP25,2000,
10205586,"Somiun, Bashir",BAN,M,,,,1910,0,20,SEP25,1986,
10284397,"Somriddho, Biswas",BAN,M,,,,1627,0,40,SEP25,2009,i
10232737,"Sondip Kumar, Mogumder",BAN,M,,,,1646,5,20,SEP25,1980,
10234721,"Souradip, Datta",BAN,M,,,,1582,0,40,SEP25,2007,i
10275320,"Souvik, Dutta",BAN,M,,,,1635,0,20,SEP25,2006,i
532017138,"Sowaad Hossain, Kabbo",BAN,M,,,,1633,10,40,SEP25,2013,
10257837,"Soykto, Ibnul Mun Kaisar",BAN,M,,,,1804,0,20,SEP25,1984,i
10220305,"Sree Liton Chandra, Shill",BAN,M,,,,1768,0,20,SEP25,1972,i
10233229,"Subhash, Sarkar",BAN,M,,,,1855,0,20,SEP25,1991,i
10269231,"Subhashis, Roy",BAN,M,,,,1546,0,20,SEP25,1991,i
532018673,"Subrata, Das",BAN,M,,,,1572,0,20,SEP25,1972,
10216200,"Subrota, Biswas",BAN,M,FM,,,2225,7,20,SEP25,2002,
10207872,"Sudip Ranjan, Mandal",BAN,M,,,,1783,0,20,SEP25,1964,i
10294074,"Sudipta Roy, Chowdhury",BAN,M,,,,1656,0,40,SEP25,2011,
10225692,"Sudipto Sagor, Neel",BAN,M,,,,1654,0,40,SEP25,2007,
10297146,"Suhrid, Saykath Sameer",BAN,M,,,,1463,0,20,SEP25,2006,i
10204482,"Sultana, Sharmin Shirin",BAN,F,WIM,WIM,,1992,0,20,SEP25,1987,wi
10201220,"Sultana, Zakia",BAN,F,WFM,WFM,,1921,0,20,SEP25,1967,wi
10221581,"Suman, Chowdhury",BAN,M,,,,1777,0,20,SEP25,1978,i
10220496,"Suman, Debnath",BAN,M,,,,1776,0,20,SEP25,1979,i
10244158,"Suman, Sarkar",BAN,M,,,,1682,0,20,SEP25,1992,i
10294082,"Sumitra Roy, Chowdhury",BAN,M,,,,1531,0,40,SEP25,2011,
10228250,"Sumon Chandra, Nath",BAN,M,,,,1695,0,20,SEP25,1985,i
10211896,"Sumon, Ghosh",BAN,M,,,,1812,0,20,SEP25,1987,i
10245413,"Sunil, Chakaraborty",BAN,M,,,,1744,0,20,SEP25,1970,
10258698,"Supratik, Nath",BAN,M,,,,1611,0,40,SEP25,2010,i
10270094,"Suraiya, Akter",BAN,F,,,,1602,0,40,SEP25,2010,wi
10231633,"Swadhin, Sarkar",BAN,M,,,,2007,0,20,SEP25,1978,
10243798,"Swarat, Debnath",BAN,M,,,,1608,0,40,SEP25,2011,i
10242449,"Swarna, Tarafder",BAN,F,,,,1694,0,20,SEP25,1992,wi
10214984,Swarnavo Choudhury,BAN,M,,,,2122,7,20,SEP25,2006,
10202102,"Syed Abdul, Zaker",BAN,M,,,,1987,0,20,SEP25,1963,i
10230920,"Syed Ahnaf , Tahmid Sami",BAN,M,,,,1480,0,40,SEP25,2011,i
10214836,"Syed Arshad Ali, Sadat",BAN,M,,,,1762,0,20,SEP25,1991,i
10284494,"Syed Farsad, Neyamul Sean",BAN,M,,,,1490,0,40,SEP25,2011,
532006608,"Syed Ibnul, Hasan",BAN,M,,,,1561,3,40,SEP25,2010,
10207163,Syed Sazzad Hossain,BAN,M,,,,1857,0,20,SEP25,1973,
10278800,"Syed Tamzid, Islam",BAN,M,,,,1753,13,40,SEP25,2007,
10297200,"Syed Wasi Abdullah, Noor",BAN,M,,,,1659,0,40,SEP25,2011,
10296760,"Syed, Ahamed Ullah",BAN,M,,,,1525,0,20,SEP25,2003,i
10215689,"Syed, Asaduzzaman",BAN,M,,,,1818,0,20,SEP25,1978,i
10246690,"Syed, Ashfaque Mahmud",BAN,M,,,,1466,0,40,SEP25,2013,
10295275,"Syed, Iftekhar Zahid",BAN,M,,,,1571,0,20,SEP25,1993,i
10221620,"Syeda Fahmida, Malek",BAN,F,,,,1764,0,20,SEP25,1989,wi
10290990,"Tahmid Muhtasim, Nisorgo",BAN,M,,,,1495,0,20,SEP25,2005,i
10244000,"Tahmid, Islam",BAN,M,,,,1601,0,40,SEP25,2009,i
10230556,"Tahmidul, Haque",BAN,M,,,,1977,15,20,SEP25,2004,
10235493,"Tahsin, Arko",BAN,M,,,,1660,0,20,SEP25,1998,
10297537,"Tai, Seer Al Adib",BAN,M,,,,1504,0,40,SEP25,2010,
10297219,"Tajowar, Mahsin",BAN,M,,,,1465,0,40,SEP25,2011,
10299548,"Talha, Jobayer",BAN,M,,,,1436,0,40,SEP25,2010,i
10207929,"Talukder, Umme Taslima Protiva",BAN,F,,,,1858,0,20,SEP25,1997,wi
10271058,"Tamim, Mostafa",BAN,M,,,,1679,0,20,SEP25,1987,i
10284982,"Tamimul Haque, Sajid",BAN,M,,,,1552,0,40,SEP25,2008,i
10234241,"Tamjid, Ahmed",BAN,M,,,,1671,0,20,SEP25,1998,i
10214216,"Tanbeer, Ahmed",BAN,M,,,,1788,0,20,SEP25,1994,i
10264159,"Tanjila, Akter",BAN,F,,,,1495,0,40,SEP25,2010,w
10223789,"Tanjila, Tur Noor",BAN,F,,,,1608,0,20,SEP25,2001,w
532003510,"Tanvir Ahmed, Ovi",BAN,M,,,,1537,0,40,SEP25,2011,
10253556,"Tanvir, Alam",BAN,M,,,,1808,0,20,SEP25,1999,i
10268855,"Tanvir, Jawad",BAN,M,,,,1726,0,20,SEP25,2002,
10291911,"Tanzeem, Ahnaf",BAN,M,,,,1557,0,40,SEP25,2009,
10266232,"Tarik, Bin Ahmed",BAN,M,,,,1516,0,20,SEP25,2001,i
10252320,"Tarikul, Hassan",BAN,M,,,,1743,0,20,SEP25,1994,i
10233989,"Tasfia, Tahsin Prima",BAN,F,,,,1688,0,20,SEP25,2005,w
10251324,Tashfikur Rahman,BAN,M,,,,1572,0,40,SEP25,2015,
10244867,"Tashriq Saihan, Shan",BAN,M,,,,1906,0,40,SEP25,2008,
10208224,"Tasmin, Sultana",BAN,F,,,,1534,0,20,SEP25,1978,wi
10230467,"Tasnia Tarannum, Orpa",BAN,F,,,,1803,0,20,SEP25,2004,w
10240985,"Tasnimul, Hasan",BAN,M,,,,1447,0,20,SEP25,1998,i
10277323,"Tasnimul, Mujtaba Rizvi",BAN,M,,,,1738,0,40,SEP25,2010,
10213759,"Tawhid, Islam",BAN,M,,,,1788,0,20,SEP25,1977,i
10231641,"Tawhidur, Rahman",BAN,M,,,,1687,0,20,SEP25,2004,i
10255923,Tazoar Nur Chowdhury,BAN,M,,,,1703,0,40,SEP25,2008,i
10218920,"Thakur Jania, Haque",BAN,F,,,,1678,0,20,SEP25,1972,wi
10232044,"Thasin, Wasif",BAN,M,,,,1779,0,20,SEP25,2002,
10223231,"Thomas, Pandey",BAN,M,,,,1700,0,20,SEP25,1992,i
10207694,"Tofazzal, Hossain",BAN,M,,,,1875,0,20,SEP25,1983,i
10207430,"Toriqul, Islam Tareq",BAN,M,,FA,,1849,0,20,SEP25,1990,i
10215921,"Touhidul Islam, Shilu",BAN,M,,,,1972,0,20,SEP25,1984,i
10272402,"Towhida, Begum",BAN,F,,,,1584,0,40,SEP25,2010,wi
10226575,"Towhidur Rahman, Tohin",BAN,M,,,,1645,0,20,SEP25,1998,i
10218939,"Towhidur, Rahman",BAN,M,,,,1822,0,20,SEP25,1993,i
10254676,"Towkir, Shovon",BAN,M,,,,1575,0,20,SEP25,1996,i
10234438,"Tushin, Talukder",BAN,M,,,,1802,0,40,SEP25,2007,i
10221166,"Tutul , Dhar",BAN,M,CM,,,1935,0,20,SEP25,1994,
10208666,"Uddin, Burhan",BAN,M,,,,1769,0,20,SEP25,1971,
10229124,"Uddin, Md. Kamal",BAN,M,,,,1667,0,20,SEP25,1965,i
10201424,"Uddin, Md. Saif",BAN,M,FM,,,2100,0,20,SEP25,1965,i
10234250,"Uddin, Refayet",BAN,M,,,,1797,0,20,SEP25,1995,i
10201092,"Ullah, Wali",BAN,M,,,,2085,0,20,SEP25,0,i
10223002,"Urbana, Chowdhury",BAN,F,,,,1590,0,20,SEP25,2005,wi
10233792,"Ushaching, Kheyang",BAN,M,,,,1806,0,20,SEP25,1994,i
10201122,Uten,BAN,M,,,,2088,0,20,SEP25,1977,i
10249460,"Uttam Kumar, Roy",BAN,M,,,,1745,0,20,SEP25,1990,i
10226869,"Wadifa, Ahmed",BAN,F,WIM,WIM,,1741,0,40,SEP25,2008,w
10214321,Waheduzzaman,BAN,M,,,,1939,0,20,SEP25,1988,i
10226583,"Wahid Md. Jabal , Hossain",BAN,M,,,,1800,0,20,SEP25,1987,i
532017006,"Wahid, Parvez",BAN,M,,,,1611,0,20,SEP25,1985,
10251693,"Walid Bin, Reza",BAN,M,,,,1684,0,20,SEP25,2004,i
10282645,"Walid Miraj, Khalid",BAN,M,,,,1591,0,20,SEP25,1990,i
10273859,"Waliul Islam, Sakib",BAN,M,,,,1632,0,20,SEP25,2005,i
10266798,Warisa Haider,BAN,F,WCM,WCM,,1688,0,40,SEP25,2016,w
10231668,"Warsia, Khusbu",BAN,F,WFM,WFM,,1888,5,40,SEP25,2012,w
10270175,"Wasek, Billah",BAN,M,,,,1667,0,20,SEP25,1997,
10294104,"Wasif, Hamid",BAN,M,,,,1573,0,40,SEP25,2013,i
10252096,"Yashin, Khan Shuvo",BAN,M,,,,1520,0,20,SEP25,2005,i
10221182,"Yasin, Arafat",BAN,M,,FA,,1908,0,20,SEP25,1992,
10226079,"Yasir Ali, Khan Evan",BAN,M,,,,1879,0,20,SEP25,2001,i
10223240,"Yasir, Arafat",BAN,M,,,,1866,14,40,SEP25,1981,
532023030,"Yasser Khan, Mohammad",BAN,M,,,,1574,7,20,SEP25,1983,
10222600,"Z.m.fazla, Rabbi",BAN,M,,,,1886,0,20,SEP25,1995,
10225714,"Zaeef Maheen, Chowdhury",BAN,M,,,,1733,0,20,SEP25,2006,
532016875,"Zahedul Islam, Meto",BAN,M,,,,1564,0,20,SEP25,1993,
10201963,"Zahid, Sanatan",BAN,M,,,,1919,0,20,SEP25,0,i
10215476,"Zahidul, Islam Khan",BAN,M,,,,AFM,1829,0,SEP25,1985,
10245367,"Zahirul , Islam",BAN,M,,,,1669,0,20,SEP25,1988,i
10246312,"Zahirul, Islam",BAN,M,,,,1755,0,20,SEP25,1981,i
10221417,"Zaif, Khandkar",BAN,M,,,,1579,0,20,SEP25,2006,i
10292080,"Zaim, Mahmud",BAN,M,,,,1593,0,40,SEP25,2010,i
10215484,"Zakir, Hossain Shiplu",BAN,M,,,,1859,0,20,SEP25,0,
10297839,"Zamael Idrak, Ahon",BAN,M,,,,1553,0,40,SEP25,2010,i
10288376,"Zarif Afnan, Rajjo",BAN,M,,,,1609,0,40,SEP25,2009,i
10285032,"Zarif, Khandker",BAN,M,,,,1629,0,40,SEP25,2010,
10289186,"Zayan, Hoque",BAN,M,,,,1674,0,40,SEP25,2010,
10211888,"Zia, Tahsin Tajwar",BAN,M,FM,,,2123,0,20,SEP25,2005,
10238522,"Ziaul , Hassan",BAN,M,,,,1614,0,20,SEP25,1979,i
10235515,"Zihad, Hosen",BAN,M,,,,1610,0,20,SEP25,1997,i
10294112,"Zilany, Showkat",BAN,M,,,,1643,0,40,SEP25,2009,i
10212809,"Zisha, Zahuratul Zannat",BAN,F,,,,1791,0,20,SEP25,1996,wi
10289194,"Ziyad, Rahman Mahir",BAN,M,,,,1616,0,40,SEP25,2013,i
10265317,"Zoaib, Hasan",BAN,M,,,,1534,0,40,SEP25,2012,i
10207473,"Zoar Haque, Prodhan",BAN,M,CM,,,1992,0,20,SEP25,1995,i
10264175,"Zowena, Mehbish",BAN,F,,,,1494,0,40,SEP25,2015,w
10216243,"Zunayed, Al Sami",BAN,M,,,,1651,0,40,SEP25,2007,i