ID Number,Name,Fed,Sex,Title,WTit,OTit,Rating,Gms,K,RatingMonth,B-day,Flag
12802166,"Abolichin, Dmitrij",LTU,M,,,,2097,0,40,AUG25,1983,i
12849944,"Abromaitis, Mantas",LTU,M,,,,1495,0,40,AUG25,2010,i
12801895,"Abromaitis, Marius",LTU,M,,,,2059,0,40,AUG25,1981,i
12847372,"Achremovas, Igoris",LTU,M,,,,1653,4,20,AUG25,1965,
12849022,"Acuta, Eduardas",LTU,M,,,,1647,0,40,AUG25,2004,i
12824194,"Adomaitis, Adrijus",LTU,M,,,,1479,0,40,AUG25,2007,i
12804940,"Adomaitis, Edgaras",LTU,M,,,,1953,0,40,AUG25,1986,i
12816515,"Adomaitis, Justas",LTU,M,,,,1504,0,40,AUG25,2005,i
12801720,"Adomavicius, Aurimas",LTU,M,,,,1842,0,20,AUG25,1991,i
12812587,"Adomaviciute, Migle",LTU,F,,,,1651,0,20,AUG25,2002,wi
12814784,"Agasaryan, Vladimir",LTU,M,,,,1659,0,40,AUG25,1991,i
12801038,"Agejevas, Aleksandras",LTU,M,,,,2080,0,40,AUG25,0,i
12836818,"Aglinskyte, Marta",LTU,F,,,,1525,0,40,AUG25,2010,wi
12821861,"Aladaitis, Darius",LTU,M,,,,1711,0,40,AUG25,1984,i
12836516,"Alcauskis, Dovydas",LTU,M,,,,1409,0,40,AUG25,1989,i
12841480,"Alejunaite, Milda",LTU,F,,,,1625,0,40,AUG25,2013,w
12803170,"Alekberovas, Anaras",LTU,M,,,,2105,0,20,AUG25,1991,i
12808040,"Alekna, Laurynas",LTU,M,,,,1852,0,20,AUG25,1997,i
12810452,"Aleknavicius, Andrius",LTU,M,,,,2090,0,20,AUG25,2004,i
12802689,"Aleksandravicius, Darius",LTU,M,,,,1782,0,20,AUG25,1972,
12843709,"Alekseviciute, Ieva Nida",LTU,F,,,,1478,0,40,AUG25,2009,wi
12804223,"Alesiunas, Arminas",LTU,M,,,,1933,0,40,AUG25,1966,i
12801780,"Alifanov, Sergej",LTU,M,,,,2196,0,40,AUG25,1961,i
12840955,"Alionyte, Patricija",LTU,F,,,,1632,0,40,AUG25,2009,w
12807826,"Alsys, Tomas",LTU,M,,,,1632,0,40,AUG25,1978,i
12821713,"Andrasunaite, Rusne",LTU,F,,,,1581,0,20,AUG25,2006,wi
12828610,"Andrijauskas, Domas",LTU,M,,,,1715,0,40,AUG25,2008,
12821560,"Andrijauskas, Vytautas",LTU,M,,,,1810,0,40,AUG25,1938,i
12808679,"Andrijunas, Zanas",LTU,M,,,,1759,0,20,AUG25,1997,i
12804592,"Andriulevicius, Kestutis",LTU,M,,,,1671,0,20,AUG25,1956,i
12804452,"Andrusaitis, Antanas",LTU,M,,,,1630,0,20,AUG25,1938,i
12861782,"Antanaitis, Audrys",LTU,M,,,,1604,0,40,AUG25,1959,
12808288,"Antanaitis, Martynas",LTU,M,,,,1776,0,40,AUG25,1989,i
12822183,"Antanauskas, Julius",LTU,M,,,,1541,0,40,AUG25,2007,i
12807060,"Antanavicius, Arnoldas",LTU,M,,,,1869,0,40,AUG25,1985,i
12830917,"Antuzis, Danielius",LTU,M,,,,1624,0,40,AUG25,2008,i
12832480,"Antuzis, Domantas",LTU,M,,,,1540,0,20,AUG25,2003,i
12845965,"Anuzis, Finas",LTU,M,,,,1483,0,40,AUG25,2012,
12861073,"Apanasovic, Victor",LTU,M,,,,1562,0,40,AUG25,1985,i
12847313,"Apsega, Vincentas",LTU,M,,,,1628,0,40,AUG25,2007,
12820725,"Arliukas, Simonas",LTU,M,,,,1473,0,40,AUG25,2003,i
12803626,"Armonaitis, Silvestras",LTU,M,,,,2114,0,20,AUG25,1988,
12807087,"Arnauskas, Evaldas",LTU,M,,,,1605,0,40,AUG25,1974,
12805556,"Arulis, Algimantas",LTU,M,,,,1871,0,20,AUG25,1958,i
12801364,"Asauskas, Henrikas",LTU,M,FM,,,2250,0,20,AUG25,1982,
12803316,"Asauskas, Mindaugas",LTU,M,,,,1900,0,20,AUG25,1990,i
12807389,"Askinazi, Feliksas",LTU,M,,,,1570,0,20,AUG25,1939,i
12845582,"Augunas, Tajus",LTU,M,,,,1500,0,40,AUG25,2013,
12807761,"Aukstikalnis, Vidas",LTU,M,,,,1787,0,40,AUG25,1989,i
12806480,"Auskalnis, Dovydas",LTU,M,,,,1812,16,20,AUG25,1997,
12841048,"Austras, Vincentas",LTU,M,,,,1417,0,40,AUG25,2012,
12840629,"Auzbikavicius, Domas",LTU,M,,,,1467,0,40,AUG25,2011,i
12812293,"Aviza, Elijas",LTU,M,,,,1673,0,20,AUG25,2003,i
12830356,"Babarskas, Augustinas",LTU,M,,,,1644,0,40,AUG25,1997,i
12805602,"Babrauskas, Darius",LTU,M,,,,2065,0,20,AUG25,1973,
12802662,"Badaljanas, Etjenas",LTU,M,,,,2098,0,20,AUG25,0,i
12816906,"Bagdanskis, Dangis",LTU,M,,,,1997,9,20,AUG25,2004,
12855359,"Bagdonavicius, Algimantas",LTU,M,,,,1545,0,40,AUG25,1942,
12804924,"Bagdzius, Gintautas",LTU,M,,,,1899,0,20,AUG25,1965,
2014599,"Baginskaite, Kamile",LTU,F,WGM,WGM,NA,2158,0,20,AUG25,1967,w
12851396,"Baguska, Albertas",LTU,M,,,,1509,0,40,AUG25,1940,i
12814083,"Bagvilas, Lukas",LTU,M,,,,2038,0,20,AUG25,2003,i
12812188,"Bajarkevicius, Tautvydas",LTU,M,,,,1528,0,40,AUG25,1981,
12801348,"Bajoraite, Rita",LTU,F,WCM,WCM,,1825,0,20,AUG25,1965,wi
12849030,"Bakstys, Rojus",LTU,M,,,,1461,0,40,AUG25,2013,
12810975,"Bakutis, Audrius",LTU,M,,,,1644,0,40,AUG25,1996,i
12842869,"Balakauskas, Lauras",LTU,M,,,,1590,0,40,AUG25,1979,i
12810088,"Balanda, Audrius",LTU,M,,FA,,AFM,1727,0,AUG25,1967,
12804304,"Balcaite, Agne",LTU,F,,,,1945,0,20,AUG25,1991,wi
12831808,"Balcevicius, Azuolas",LTU,M,,,,1471,0,40,AUG25,2008,i
12811149,"Balcikonis, Vilmantas",LTU,M,,,,1680,0,40,AUG25,1986,i
12808997,"Balciunaite, Gabija",LTU,F,,,,1713,0,20,AUG25,2000,wi
12820407,"Balciunaite, Jore",LTU,F,,,,1755,6,20,AUG25,2005,w
12804843,"Balciunas, Ignas",LTU,M,,,,1995,0,40,AUG25,1993,i
12824224,"Balciunas, Kernius",LTU,M,,,,1435,0,40,AUG25,2007,
12825417,"Balcius, Martynas",LTU,M,,,,1470,0,40,AUG25,2005,i
12802719,"Baliasnyj, Timur",LTU,M,,,,2174,0,20,AUG25,1965,i
12802760,"Baliuniene, Margarita",LTU,F,WFM,WFM,,1915,17,20,AUG25,1960,w
12803960,"Baltranas, Marius",LTU,M,,,,1889,0,20,AUG25,1991,i
12803634,"Baltrunas, Arvydas",LTU,M,,,,1874,0,20,AUG25,1961,
12839701,"Baltrunas, Robertas",LTU,M,,,,1723,0,40,AUG25,1993,i
12837644,"Banaite, Liepa",LTU,F,,,,1424,0,40,AUG25,2010,wi
12838209,"Banaitis, Antanas Edvardas",LTU,M,,,,1657,0,40,AUG25,1949,i
12800090,"Bandza, Algirdas",LTU,M,IM,,,2376,0,10,AUG25,1957,i
12826227,"Bandza, Rokas",LTU,M,,,,1896,0,20,AUG25,2003,i
12800325,"Bandziene, Rasa",LTU,F,,,,2170,0,20,AUG25,1961,wi
12861499,"Baranauskas, Aleksandras",LTU,M,,,,1579,5,40,AUG25,2010,
12857637,"Baranauskas, Nojus",LTU,M,,,,1480,0,40,AUG25,2010,
12810479,"Baranauskas, Vitas",LTU,M,,,,1565,0,20,AUG25,2005,i
12857696,"Barauskas, Motiejus Augustas",LTU,M,,,,1431,0,40,AUG25,2008,i
12861812,"Barbsys, Skirmantas",LTU,M,,,,1583,8,40,AUG25,2009,
12806692,"Barkauskas, Vilius",LTU,M,,,,1852,0,40,AUG25,1997,i
12802590,"Barsciauskas, Gintautas",LTU,M,,,,1591,0,20,AUG25,1941,
12801186,"Bartkus, Vidas",LTU,M,,,,2018,0,20,AUG25,1954,i
12801500,"Bastys, Robertas",LTU,M,,,,2187,0,20,AUG25,1981,
12803243,"Batkovskyte, Dominyka",LTU,F,,,,2113,0,20,AUG25,1993,wi
12848000,"Batuchtinas, Karolis",LTU,M,,,,1550,0,40,AUG25,1999,i
12801860,"Batyte, Daiva",LTU,F,WIM,WIM,,2090,0,20,AUG25,1980,w
12846082,"Baubkus, Danielius",LTU,M,,,,1440,0,40,AUG25,2012,i
12824640,"Baublys, Augustinas",LTU,M,,,,1497,0,40,AUG25,2005,i
12813826,"Baumila, Silvestras",LTU,M,,,,1710,0,20,AUG25,1956,i
12854751,"Bausys, Benas",LTU,M,,,,1658,15,40,AUG25,2016,
12864030,"Bausys, Nikolas",LTU,M,,,,1648,16,40,AUG25,2018,
12803979,"Bauzis, Evaldas",LTU,M,,,,1960,0,40,AUG25,1991,i
12804061,"Bazevicius, Albertas",LTU,M,,,,1897,0,20,AUG25,1955,
12832251,"Bazilius, Augustinas",LTU,M,FM,,,2307,15,20,AUG25,2009,
12802085,"Beinoras, Mindaugas",LTU,M,IM,,,2347,0,10,AUG25,1987,
12817694,"Beinorius, Antanas",LTU,M,,,,1936,0,40,AUG25,1937,i
12802514,"Belevicius, Arturas",LTU,M,,,,2075,0,40,AUG25,1974,i
12802093,"Beliajev, Dmitrij",LTU,M,,,,2138,0,20,AUG25,1988,
12804983,"Beliajev, Leonid",LTU,M,,,,1826,0,20,AUG25,1956,
12802522,"Beliajeva, Olga",LTU,F,,,,1951,0,20,AUG25,1986,wi
12807036,"Belokudrenko, Fiodor",LTU,M,,,,1828,0,40,AUG25,1937,i
12855316,"Beniusis, Stasys",LTU,M,,,,1496,0,40,AUG25,1944,
12804991,"Benkunskiene, Violeta",LTU,F,,,,1730,0,20,AUG25,1965,w
12805009,"Berginas, Sigitas",LTU,M,,,,1642,0,20,AUG25,1967,
12827789,"Bernatavicius, Julius",LTU,M,,,,1588,0,40,AUG25,1987,i
12805610,"Bertavicius, Vytautas",LTU,M,,,,1886,0,20,AUG25,1995,i
12833738,"Bertuzis, Kipras",LTU,M,,,,1488,0,40,AUG25,2008,i
34128945,"Bespalova, Jana",LTU,F,,,,1674,6,20,AUG25,2000,w
12829366,"Biecaite, Viktorija",LTU,F,,,,1406,0,40,AUG25,2008,wi
12802743,"Bieliauskas, Marius",LTU,M,CM,,,2152,0,20,AUG25,1987,i
12829803,"Bikauskas, Arnas",LTU,M,,,,1438,0,40,AUG25,2005,i
12800643,"Bilinskas, Raimundas",LTU,M,,,,2262,0,20,AUG25,1961,i
12808814,"Bisigirskas, Paulius",LTU,M,,,,1846,0,20,AUG25,2001,
12800996,"Bitinas, Audrius",LTU,M,,,,2095,0,40,AUG25,1967,i
12803758,"Bitinas, Tomas",LTU,M,,,,1974,0,20,AUG25,1991,i
12802786,"Bitinas, Zigmas",LTU,M,,,,1842,0,20,AUG25,1959,i
12846147,"Bitounti-Mpompa, Deniel",LTU,M,,,,1466,0,40,AUG25,2013,
12821446,"Biveinis, Alexander",LTU,M,,,,1536,0,20,AUG25,1980,i
12831530,"Blazys, Titas",LTU,M,,,,1574,0,40,AUG25,2009,
12802352,"Blinkeviciute, Jurate",LTU,F,,,,2017,0,40,AUG25,1961,wi
12804460,"Blinstrubis, Martynas",LTU,M,,,,1782,0,40,AUG25,1994,i
12847925,"Bogomolnikova, Zlata",LTU,F,,,,1798,9,40,AUG25,2013,w
12831263,"Boguslauskas, Vainius",LTU,M,,,,1509,0,40,AUG25,2008,i
12842745,"Bondar, Martynas",LTU,M,,,,ACM,1986,0,AUG25,2008,
12802921,"Bondauskis, Mantas",LTU,M,,,,2183,0,40,AUG25,1986,i
12808644,"Borisovaite, Ana",LTU,F,,,,1616,0,20,AUG25,2002,w
12831344,"Bosikis, Titas",LTU,M,,,,1672,0,40,AUG25,2007,
12829927,"Botyrius, Paulius",LTU,M,,,,1530,0,40,AUG25,2006,i
12812617,"Boyajyan, David",LTU,M,,,,1920,0,20,AUG25,2003,i
12804479,"Brazdzionis, Andrius",LTU,M,FM,,,2331,0,20,AUG25,1997,
12821209,"Braziulis, Virginijus",LTU,M,,NA,,1668,0,40,AUG25,1965,i
12825085,"Brusokas, Eduardas",LTU,M,,,,1894,0,40,AUG25,1970,
12800163,"Bublys, Vaidotas",LTU,M,,NA,,1858,0,20,AUG25,1972,
12828904,"Bubnys, Marius",LTU,M,,,,1579,0,20,AUG25,1981,
12825786,"Bubnys, Robertas",LTU,M,,NA,,1863,0,40,AUG25,1989,
12805874,"Bucinskas, Lukas",LTU,M,,,,1930,0,20,AUG25,1998,i
12801445,"Bucinskas, Valdas",LTU,M,FM,,,2253,0,20,AUG25,1981,
12838225,"Budiak, Arina",LTU,F,,,,1732,9,40,AUG25,2011,w
12820431,"Budiak, Vladislav",LTU,M,,,,1537,0,40,AUG25,2003,i
12800376,"Budraitis, Audrius",LTU,M,,,,2262,0,20,AUG25,1967,i
12803650,"Budraitis, Petras",LTU,M,,,,1808,0,40,AUG25,1935,i
12807460,"Budre, Asta",LTU,F,,,,1720,0,20,AUG25,1972,w
12832499,"Budreckas, Rojus",LTU,M,,,,1567,0,40,AUG25,2009,i
12832316,"Budrys, Bronius",LTU,M,,,,1689,0,20,AUG25,1990,i
12840874,"Budzinskas, Dalius",LTU,M,,,,1404,0,40,AUG25,2011,i
12838349,"Bugajecas, Valerijus",LTU,M,,,,1563,0,40,AUG25,1951,i
12831549,"Buika, Dovydas",LTU,M,,,,1533,0,40,AUG25,2007,i
12807559,"Buivydas, Skirmantas",LTU,M,,,,1816,0,20,AUG25,1974,
12803855,"Buivys, Martynas",LTU,M,,,,1906,0,20,AUG25,1991,i
12812307,"Bukauskas, Gintaras",LTU,M,,,,1520,0,20,AUG25,1966,
12847763,"Bulvydas, Daugirdas",LTU,M,,,,1457,0,40,AUG25,2013,
12838810,"Burdin, Oleg",LTU,M,,,,1759,0,40,AUG25,2011,
12846155,"Burdina, Elizaveta",LTU,F,,,,1449,0,40,AUG25,2014,w
12838004,"Buriene, Regina",LTU,F,,,,1729,0,40,AUG25,1956,w
388166843,"Burneika, Remigijus",LTU,M,,,,1899,0,40,AUG25,1967,i
12801070,"Burstein, Roman",LTU,M,FM,,,2277,0,20,AUG25,1981,
12801410,"Bursteinas, Josifas",LTU,M,,,,2058,0,20,AUG25,1953,i
12810320,"Buterlevicius, Rytis",LTU,M,,,,1882,0,20,AUG25,1996,i
12811009,"Butkus, Bronius",LTU,M,,,,1692,0,20,AUG25,1945,i
12808458,"Butkus, Julius",LTU,M,,,,1821,0,20,AUG25,1991,i
12829730,"Butkys, Gediminas",LTU,M,,,,1736,0,40,AUG25,1980,
12805882,"Butvilaite, Berta Reja",LTU,F,,,,1832,0,20,AUG25,1999,w
12810517,"Butvilas, Aistis",LTU,M,,,,2160,0,20,AUG25,2003,
12817740,"Cebanauskas, Gustas",LTU,M,,,,1557,0,40,AUG25,2001,i
12853127,"Cechavicius, Antanas",LTU,M,,,,1552,0,40,AUG25,2013,
12804622,"Cekanauskas, Justas",LTU,M,,,,1827,0,20,AUG25,1996,i
12814091,"Cemeris, Ignas",LTU,M,,,,1597,0,20,AUG25,2002,i
12865885,"Cepaitis, Romaldas",LTU,M,,,,1597,0,40,AUG25,1943,
12856037,"Cepauskas, Vejas",LTU,M,,,,1641,9,40,AUG25,2012,
12805831,"Ceponis, Tadas",LTU,M,,,,2064,0,20,AUG25,1996,i
12812854,"Ceponyte, Barbora",LTU,F,,,,1486,0,40,AUG25,2004,wi
12806641,"Cernavina, Ksenija",LTU,F,,,,1845,0,20,AUG25,1993,wi
12858455,"Cerniauskas, Domas",LTU,M,,,,1449,0,40,AUG25,2016,
12809551,"Cerniauskas, Markas",LTU,M,,,,1908,0,20,AUG25,2001,i
12817511,"Cernikauskas, Donatas",LTU,M,,,,1618,0,40,AUG25,2001,i
12826359,"Ceseviciute, Gertruda",LTU,F,,,,1416,0,40,AUG25,2004,wi
12837202,"Chacatrian, Ruben",LTU,M,,,,1496,0,40,AUG25,2010,i
12835625,"Chaliapin, Timofej",LTU,M,,,,1404,0,40,AUG25,2007,i
12871974,"Chernobai, Stanislav",LTU,M,,,,1471,0,40,AUG25,2010,
12821578,"Chizhov, Yury",LTU,M,,,,1714,0,40,AUG25,1941,i
12845850,"Chmieliauskas, Karolis",LTU,M,,,,1463,0,40,AUG25,2012,i
12802336,"Chocenka, Dmitrijus",LTU,M,FM,,,2320,7,20,AUG25,1983,
12827673,"Chomiciute, Evelina",LTU,F,,,,1441,0,40,AUG25,2007,wi
12831980,"Cibulskis, Vaclovas",LTU,M,,,,1885,0,20,AUG25,1956,
12836770,"Cibulskyte, Smilte",LTU,F,,,,1815,9,40,AUG25,2008,w
12845868,"Cicinadze, Kristijonas",LTU,M,,,,1659,0,20,AUG25,2003,
12801771,"Ciginas, Andrius",LTU,M,,,,2059,0,20,AUG25,1982,i
12857874,"Ciginas, Benediktas",LTU,M,,,,1547,0,40,AUG25,2010,i
12802948,"Ciornas, Vasilijus",LTU,M,,,,1941,0,20,AUG25,1960,i
12812021,"Cirtautas, Saulius",LTU,M,,,,1960,0,40,AUG25,1963,i
12807770,"Ciuksys, Kestutis",LTU,M,,,,1806,0,40,AUG25,1955,i
12820695,"Civilis, Kestutis",LTU,M,,,,1635,0,40,AUG25,2007,i
12800570,"Civilkiene, Ilona",LTU,F,WFM,WFM,,2050,0,20,AUG25,1975,wi
12801259,"Cmilyte, Viktorija",LTU,F,GM,WGM,,2538,0,10,AUG25,1983,wi
12835579,"Cumacenko, Joris",LTU,M,,,,1670,0,40,AUG25,2010,
12835560,"Cumacenko, Saule",LTU,F,,,,1604,0,40,AUG25,2010,w
12803308,"Czech, Daiva",LTU,F,,,,2073,0,20,AUG25,1976,wi
12812480,"Dadurka, Povilas",LTU,M,,,,1668,0,20,AUG25,2002,i
12815896,"Dailidenas, Justas",LTU,M,,,,1904,6,20,AUG25,2002,
12802239,"Dainauskas, Juozas",LTU,M,,,,1952,0,20,AUG25,1963,i
12819948,"Dalinkevicius, Vaidotas",LTU,M,,,,1771,0,20,AUG25,1956,
12802794,"Dambrauskaite, Vilma",LTU,F,,,,2003,0,40,AUG25,1985,wi
12807567,"Dambrauskas, Algirdas",LTU,M,,,,1773,0,40,AUG25,1953,i
12808911,"Dambrauskas, Valdas",LTU,M,,,,1833,0,20,AUG25,1977,i
12800171,"Dambrauskas, Virginijus",LTU,M,IM,,,2119,0,20,AUG25,1962,
12800414,"Dambravaite, Asta",LTU,F,,,,2089,0,20,AUG25,1971,wi
12826260,"Damulis, Rokas",LTU,M,,,,1437,0,40,AUG25,2006,i
12813354,"Damzen, Jonas",LTU,M,,,,1683,0,40,AUG25,1960,i
12855871,"Danius, Rimantas",LTU,M,,,,1434,0,40,AUG25,2004,i
12807338,"Danovski, Henryk",LTU,M,,,,1560,0,20,AUG25,1942,i
12805050,"Dapkeviciute, Milda",LTU,F,,,,1879,0,40,AUG25,1989,wi
12840475,"Darbinyan, Ernest",LTU,M,,,,1410,0,40,AUG25,2010,
12819034,"Daudaravicius, Adomas",LTU,M,,,,1622,0,20,AUG25,2006,i
12800244,"Daugela, Donatas",LTU,M,,,,2270,0,40,AUG25,1973,i
12809560,"Daugirda, Kazys",LTU,M,,,,1584,0,40,AUG25,1948,i
12804630,"Daugvila, Ceslovas",LTU,M,,,,1777,0,20,AUG25,1935,i
12842702,"Dauksas, Edgaras",LTU,M,,,,ACM,1561,0,AUG25,2007,
12800694,"Davainis, Marius",LTU,M,,,,2089,0,20,AUG25,1975,i
12841668,"Davidavicius, Jonas",LTU,M,,,,1597,3,40,AUG25,2011,
12822990,"Davidavicius, Mantas",LTU,M,,,,1441,0,40,AUG25,2007,i
12827940,"Davidonis, Jonas",LTU,M,,,,1719,0,40,AUG25,1979,i
12840009,"Degulis, Jonas",LTU,M,,,,1557,0,40,AUG25,2009,i
12814105,"Delkus, Joris",LTU,M,,,,1732,0,40,AUG25,2002,i
12840386,"Dementjev, Matvij",LTU,M,,,,1484,0,40,AUG25,2011,
12829811,"Demeskevicius, Gustis",LTU,M,,,,1483,0,40,AUG25,2008,i
12805068,"Diadko, Nikolajus",LTU,M,,,,1905,0,40,AUG25,1991,i
12811947,"Diciunas, Valdas",LTU,M,,,,1764,0,20,AUG25,1959,
12801097,"Dienine, Daiva",LTU,F,,,,1989,0,20,AUG25,1974,w
12840653,"Dijokas, Jokubas",LTU,M,,,,2037,9,40,AUG25,2011,
12802867,"Dijokas, Linas",LTU,M,,,,1953,0,20,AUG25,1964,
12800228,"Dikmonas, Aurimas",LTU,M,,,,1932,0,40,AUG25,1986,i
12858480,"Diktanas, Marijonas",LTU,M,,,,1475,0,40,AUG25,2016,
12857742,"Diktanas, Saulius",LTU,M,,,,1804,0,40,AUG25,1986,
12804029,"Diniene, Elena",LTU,F,,,,1614,0,40,AUG25,1961,wi
12804649,"Dirkis, Alfonsas",LTU,M,,,,1713,0,20,AUG25,1941,i
12803278,"Ditmonaite, Viktorija",LTU,F,,,,1923,0,20,AUG25,1989,wi
12805076,"Ditmonas, Edgaras",LTU,M,,,,1727,0,40,AUG25,1995,
12802697,"Dobrovolskis, Alvydas",LTU,M,,,,2090,0,40,AUG25,1963,i
12828564,"Dobrovolskis, Vincentas",LTU,M,,,,1540,0,40,AUG25,2008,i
12802220,"Dobryninas, Julianas",LTU,M,,,,1986,0,20,AUG25,1979,i
12809926,"Dolmantas, Martynas",LTU,M,,,,1640,0,40,AUG25,2001,
12823007,"Domanaitis, Danas",LTU,M,,,,1767,0,40,AUG25,1989,i
12861081,"Domantas, Mindaugas",LTU,M,,,,1470,0,40,AUG25,1971,i
12800341,"Domarkaite, Laima",LTU,F,WFM,WFM,FT,2106,0,20,AUG25,1970,wi
12817023,"Domarkas, Arunas",LTU,M,,,,1744,0,40,AUG25,1968,i
12848417,"Dong, Simonas",LTU,M,,,,1531,0,40,AUG25,2001,i
12808695,"Dragunas, Benediktas",LTU,M,,,,1729,0,40,AUG25,1998,i
12812099,"Dragunas, Kestutis",LTU,M,,,,1610,0,40,AUG25,1962,
12863696,"Drapas, Vakaris",LTU,M,,,,1539,6,40,AUG25,2016,
12800945,"Drozdov, Sergej",LTU,M,,,,2096,0,20,AUG25,1957,
12804657,"Drungilas, Julius",LTU,M,,,,1610,0,20,AUG25,1930,i
12806250,"Drungiliene, Loreta",LTU,F,,,,1685,0,40,AUG25,1969,wi
12803588,"Dubinskas, Konstantinas",LTU,M,,,,1946,0,20,AUG25,1962,i
12803251,"Dubovikas, Tomas",LTU,M,,,,2151,0,20,AUG25,1990,i
12802956,"Dubrovin, Daniel",LTU,M,,,,1924,0,40,AUG25,1967,i
12821217,"Dudnikas, Motiejus",LTU,M,,,,1719,0,40,AUG25,2007,i
12801232,"Dugnaite, Gerda",LTU,F,,,,1821,0,20,AUG25,1993,wi
12822353,"Dulinskas, Titas",LTU,M,,,,1546,0,40,AUG25,2007,i
34572775,"Duman, Imran",LTU,M,,,,1717,0,40,AUG25,1970,i
12818461,"Dzervus, Jonas",LTU,M,,,,1686,0,40,AUG25,1953,i
12805084,"Dzikia, Aleksandras",LTU,M,,,,1953,0,20,AUG25,1992,i
12864048,"Dziuve, Edvinas",LTU,M,,,,1615,0,40,AUG25,2011,
12816922,"Eidukas, Eimantas",LTU,M,,,,1451,0,40,AUG25,1970,i
12835528,"Eidukas, Motiejus",LTU,M,,,,1406,0,40,AUG25,2007,i
12806960,"Eidukas, Paulius",LTU,M,,,,1806,0,40,AUG25,1994,i
12808423,"Eigminas, Kipras",LTU,M,,NA,,2144,0,20,AUG25,1999,
12801712,"Einikis, Vidmantas",LTU,M,,,,2169,0,20,AUG25,1960,i
12824836,"Emmer, Daniel",LTU,M,,,,1464,0,40,AUG25,2009,i
12800295,"Ermalis, Rytis",LTU,M,,,,1956,0,20,AUG25,1980,i
12830194,"Fedorov, Artem",LTU,M,,,,1531,0,20,AUG25,2004,
12801267,"Fichmanas, Risardas",LTU,M,FM,FT,,2265,0,20,AUG25,1945,
12808202,"Fokaite, Gabriele",LTU,F,,,,1810,0,20,AUG25,1999,w
12807621,"Gabrilaviciene, Salvinija",LTU,F,,,,1917,0,40,AUG25,1956,wi
12805106,"Gabrilavicius, Arunas",LTU,M,,,,2171,0,40,AUG25,1956,i
12803189,"Gabrilaviciute, Laura",LTU,F,,,,1946,0,20,AUG25,1987,wi
12842729,"Gaiducis, Sergejus",LTU,M,,,,1873,0,40,AUG25,1981,i
12807737,"Gailiunaite, Saule",LTU,F,,,,1902,0,20,AUG25,2000,wi
12800805,"Gailiunas, Vytautas",LTU,M,,,,1791,0,40,AUG25,1947,i
12807303,"Gaizauskaite, Ginte",LTU,F,,,,1910,0,20,AUG25,1997,wi
12819956,"Galdikaite, Greta",LTU,F,,,,1566,0,40,AUG25,2003,wi
12846406,"Galinskas, Ingvaras",LTU,M,,,,1519,0,40,AUG25,1999,i
12804932,"Galuscak, Viktoras",LTU,M,,,,1911,0,20,AUG25,1983,i
12869635,"Garbus, Rytis",LTU,M,,,,1581,6,40,AUG25,2017,
12803375,"Garnelis, Julius",LTU,M,FM,,,2318,0,20,AUG25,1991,i
12824275,"Gasparavicius, Liucijus",LTU,M,,,,1470,0,40,AUG25,2007,i
12867330,"Gasparavicius, Vaidotas",LTU,M,,,,1589,0,40,AUG25,1970,
12838373,"Gavenavicius, Karolis",LTU,M,,,,2047,9,40,AUG25,2008,
12800872,"Gedgaudas, Raimundas",LTU,M,,,,2190,0,20,AUG25,1962,i
12806650,"Gedminas, Tadas",LTU,M,,,,1875,0,40,AUG25,1994,i
12803715,"Gedmintaite, Daiva",LTU,F,,,,1623,0,40,AUG25,1979,wi
12805114,"Gedmintas, Darius",LTU,M,,,,1760,0,20,AUG25,1977,
12847011,"Gedutis, Kristijonas",LTU,M,,,,1565,0,40,AUG25,1999,i
12826570,"Gedvilaite, Barbora",LTU,F,,,,1553,0,40,AUG25,2007,w
12860611,"Gedvilas, Darius",LTU,M,,,,1640,0,20,AUG25,1986,i
12861324,"Gefenas, Gediminas",LTU,M,,,,1634,0,40,AUG25,1988,
12800180,"Gefenas, Vladas",LTU,M,,NA,,2233,0,20,AUG25,1955,i
12808059,"Gelzinis, Paulius",LTU,M,,,,1813,0,40,AUG25,1995,i
12806013,"Genute, Giedre",LTU,F,,,,1749,0,40,AUG25,1979,wi
1407058,"Genutis, Mindaugas",LTU,M,FM,,,2290,0,20,AUG25,1978,i
12828106,"Gerasimov, Igor",LTU,M,,,,1801,0,40,AUG25,2009,
12820938,"Gerasimovic, Stanislav",LTU,M,,,,1825,0,20,AUG25,1959,
12804860,"Gercas, Arnas",LTU,M,,,,1761,0,40,AUG25,1994,i
12816299,"Germanas, Vejas",LTU,M,,,,1533,0,40,AUG25,2006,i
12804118,"Germanavicius, Paulius",LTU,M,,,,1926,0,40,AUG25,1994,i
12800147,"Germanavicius, Sarunas",LTU,M,,,,2359,0,20,AUG25,1971,i
12803057,"Giedraitis, Kestutis",LTU,M,,,,2013,0,40,AUG25,1942,i
12808806,"Giedraitis, Mingaudas",LTU,M,,,,1956,0,20,AUG25,1982,
12802255,"Giedraityte, Ausra",LTU,F,,,,1844,0,20,AUG25,1992,wi
12803472,"Gimbutas, Mindaugas",LTU,M,,,,2133,0,40,AUG25,0,i
12802611,"Gincas, Arunas",LTU,M,,,,1917,0,20,AUG25,1956,
12838357,"Girdenis, Juozapas",LTU,M,,,,1635,0,40,AUG25,1973,i
12862070,"Girdenis, Mindaugas",LTU,M,,,,1450,0,40,AUG25,2011,
12805122,"Girdziusas, Kestutis",LTU,M,,,,1576,2,20,AUG25,1950,
12828114,"Girkantas, Jogaila",LTU,M,,,,1516,0,40,AUG25,2008,i
12801844,"Girsvaldas, David",LTU,M,,,,1940,0,20,AUG25,1991,i
12808709,"Glinskas, Marius",LTU,M,,,,1659,0,40,AUG25,1950,i
12809322,"Glovackas, Teodoras",LTU,M,,,,1462,0,40,AUG25,2005,i
12807044,"Gluchaciov, Nikolaj",LTU,M,,,,1842,0,20,AUG25,1956,i
12819875,"Gnizinskas, Kipras",LTU,M,,,,1482,0,20,AUG25,2004,i
12801275,"Godlauskas, Kazys",LTU,M,,,,2253,0,20,AUG25,1978,i
12816949,"Golubov, Maksim",LTU,M,,,,1458,0,40,AUG25,2005,i
12849421,"Gostautas, Antanas",LTU,M,,,,1488,3,40,AUG25,2015,
12800597,"Grabliauskas, Virginijus",LTU,M,IM,,,2322,0,10,AUG25,1972,
12803073,"Graciov, Andrej",LTU,M,,,,1916,0,40,AUG25,1985,i
12833860,"Grausliene, Irena",LTU,F,,,,1434,0,40,AUG25,1933,wi
12819093,"Greicius, Pijus",LTU,M,,NA,,AIM,2120,0,AUG25,2005,
12811238,"Griciute, Rosita",LTU,F,,,,1798,0,20,AUG25,2001,wi
12814113,"Grigalavicius, Ignas",LTU,M,,,,1542,0,20,AUG25,2003,i
12802107,"Grigaliunas, Sigitas",LTU,M,,,,2085,0,20,AUG25,1965,i
12817406,"Grigaliunas, Viktoras",LTU,M,,,,1707,0,40,AUG25,1960,i
12801291,"Grigutavicius, Dainius",LTU,M,,,,2171,0,20,AUG25,1982,i
12822264,"Griksaite, Egle",LTU,F,,,,1659,0,40,AUG25,2007,w
12818925,"Griksaite, Ieva",LTU,F,,,,1685,0,20,AUG25,2006,w
12827185,"Griksaite, Laura",LTU,F,,,,1403,0,40,AUG25,2011,w
12827177,"Griksaite, Ruta",LTU,F,,,,1482,0,40,AUG25,2009,wi
12824062,"Grincevicius, Deimantas",LTU,M,,,,1585,0,40,AUG25,1993,i
12818763,"Griskevicius, Rimantas",LTU,M,,,,1631,0,40,AUG25,1961,i
12817759,"Grubinskas, Linas",LTU,M,,,,1538,0,20,AUG25,2004,i
12839574,"Grubys, Dovydas",LTU,M,,,,1480,0,40,AUG25,2008,i
12803600,"Grumadiene, Ieva",LTU,F,,,,1856,0,20,AUG25,1992,wi
12814890,"Grusas, Dangiras",LTU,M,,,,1593,0,20,AUG25,2004,i
12803774,"Gruslys, Vytautas",LTU,M,,,,1982,0,40,AUG25,1990,i
12820474,"Gruzinskas, Paulius",LTU,M,,,,1436,0,40,AUG25,2005,i
12805130,"Grybas, Gintaras",LTU,M,,,,1974,0,20,AUG25,1971,
12854930,"Grybauskaite, Audre",LTU,F,,,,1453,0,40,AUG25,1986,wi
12854441,"Grybauskas, Adomas",LTU,M,,,,1487,0,40,AUG25,2015,
12839167,"Grybkauskas, Ainis",LTU,M,,,,1437,0,40,AUG25,2010,i
12839175,"Grybkauskas, Pijus",LTU,M,,,,2080,8,40,AUG25,2010,
12809012,"Gucaga, Augustas",LTU,M,,,,1979,0,20,AUG25,2004,i
12811173,"Gucaga, Sergej",LTU,M,,,,1902,0,40,AUG25,1974,i
12808210,"Gucagaite, Gabriele",LTU,F,,,,1761,0,20,AUG25,1998,wi
12829471,"Gudaitis, Elijas",LTU,M,,,,1431,0,40,AUG25,2008,i
12810312,"Gudauskas, Martynas",LTU,M,,,,1902,0,20,AUG25,1994,i
12802433,"Gudeika, Dalius",LTU,M,,,,1959,0,40,AUG25,1985,i
12801330,"Guk, Vladimir",LTU,M,,,,1679,0,40,AUG25,1953,
12821160,"Gulbinas, Taurius",LTU,M,,,,1915,0,40,AUG25,1983,i
12861065,"Gulbinas, Titas",LTU,M,,,,1644,0,40,AUG25,2007,
12851213,"Guokas, Kornelijus",LTU,M,,,,1475,0,40,AUG25,1995,
12808830,"Gurevicius, Arunas",LTU,M,,,,1741,3,20,AUG25,1984,
12846538,"Gutauskaite, Evita",LTU,F,,,,1458,0,40,AUG25,2009,wi
12846520,"Gutauskas, Rojus",LTU,M,,,,1782,0,40,AUG25,2011,
12803081,"Hasanov, Samir",LTU,M,,,,2059,0,40,AUG25,0,i
12826880,"Hrynko, Yevhenii",LTU,M,,,,1648,0,40,AUG25,2003,i
12833959,"Ignatavicius, Martynas",LTU,M,,,,1591,0,20,AUG25,2003,i
12806986,"Ignatovic, Ernest",LTU,M,,,,1812,0,20,AUG25,1996,
12811270,"Inciura, Aleksandras",LTU,M,,,,1704,0,40,AUG25,2001,i
12812897,"Indriunas, Matas",LTU,M,FM,,,2257,0,20,AUG25,2005,
12814121,"Ionin, Ilja",LTU,M,,,,1693,0,20,AUG25,2003,i
12844322,"Isajevaite, Gabija",LTU,F,,,,1576,0,40,AUG25,2007,w
12844365,"Isajevaite, Ieva",LTU,F,,,,1546,0,40,AUG25,2011,wi
12801909,"Isakov, Aleksandr",LTU,M,,,,1945,0,20,AUG25,1973,i
12814806,"Iskandarli, Ilkiz",LTU,M,,,,1927,0,20,AUG25,1990,
12807710,"Ismailov, Roman",LTU,M,,,,1951,0,20,AUG25,1983,
12835927,"Ivanauskas, Darius",LTU,M,,,,1725,0,40,AUG25,1986,i
12849197,"Ivanauskas, Deimantas",LTU,M,,,,1474,5,40,AUG25,2014,
12846171,"Ivanauskas, Deividas",LTU,M,,,,1864,9,40,AUG25,2012,
12807729,"Ivanauskas, Juozapas",LTU,M,,,,1807,0,20,AUG25,2001,i
12826340,"Ivanauskas, Matas",LTU,M,,,,1539,0,40,AUG25,2008,i
12813990,"Ivanauskas, Vincas",LTU,M,,,,1724,0,20,AUG25,2001,i
12805149,"Ivaskevicius, Linvydas",LTU,M,,,,1795,0,40,AUG25,1992,i
12811734,"Ivaskeviciute, Agne",LTU,F,,,,1605,0,40,AUG25,2000,wi
12870757,"Ivoskis, Neilandas",LTU,M,,,,1431,0,40,AUG25,2010,
12845574,"Ivoskus, Azuolas",LTU,M,,,,1561,0,40,AUG25,2002,i
12811289,"Jablokov, Dmitrij",LTU,M,,,,2032,0,20,AUG25,2003,i
12835005,"Jablonskis, Jokubas",LTU,M,,,,1442,0,40,AUG25,2009,i
12825859,"Jablonskis, Justinas",LTU,M,,,,1493,0,40,AUG25,2006,i
12825255,"Jackeviciute, Klaudija",LTU,F,,,,1538,0,40,AUG25,2005,wi
12846317,"Jacunskas, Marius",LTU,M,,,,1828,9,40,AUG25,2011,
12802875,"Jadenkus, Henrikas",LTU,M,,,,1903,0,20,AUG25,1982,
12869732,"Jakaitis, Zigmas",LTU,M,,,,1634,0,40,AUG25,1961,
12802670,"Jakaityte, Ruta",LTU,F,,,,1860,0,20,AUG25,1987,w
12805890,"Jakavonis, Gvidas",LTU,M,,,,1738,0,40,AUG25,1998,i
12807150,"Jakavonyte, Enrika",LTU,F,,,,1674,0,40,AUG25,2000,wi
12836699,"Jakubauskas, Kasparas",LTU,M,,,,1417,0,40,AUG25,2009,
12801046,"Jakubauskas, Zygimantas",LTU,M,,,,2018,0,20,AUG25,1977,
12816205,"Jakutis, Paulius",LTU,M,,,,1767,0,20,AUG25,1980,i
12807400,"Jalanskij, Sergej",LTU,M,,,,1956,0,20,AUG25,1956,
12807419,"Jalinskas, Grazvydas",LTU,M,,,,1686,0,40,AUG25,1995,i
12843237,"Jamantas, Tautvydas",LTU,M,,,,1757,0,40,AUG25,2003,
12855227,"Janavicius, Jonas",LTU,M,,,,1575,0,40,AUG25,1990,i
12801879,"Jancys, Saulius",LTU,M,,,,1750,0,40,AUG25,1992,i
12812315,"Jankauskas, Andrius",LTU,M,,,,1895,0,40,AUG25,1978,i
12801801,"Jankauskas, Gracijus",LTU,M,,,,2143,0,20,AUG25,1982,i
12840661,"Jankevicius, Justas",LTU,M,,,,1447,0,40,AUG25,2011,i
12806706,"Jankevicius, Nedas",LTU,M,,,,1909,0,20,AUG25,1999,
12805165,"Jankunas, Tomas",LTU,M,CM,,,2072,0,20,AUG25,1992,
12803987,"Jankunas, Valentinas",LTU,M,,,,1895,0,20,AUG25,1960,
12810983,"Jankus, Giedrius",LTU,M,,NA,,1819,0,20,AUG25,1974,
12815004,"Jankus, Raimundas",LTU,M,,,,1686,0,40,AUG25,1964,
12808067,"Janonis, Paulius",LTU,M,,,,1792,0,40,AUG25,1996,i
12806056,"Jansonas, Gaudenis",LTU,M,,,,1752,0,20,AUG25,1996,i
12812404,"Janulaitis, Albertas",LTU,M,,,,1891,0,20,AUG25,1999,i
12809020,"Janulaitis, Gintautas",LTU,M,,,,1734,0,40,AUG25,1962,i
12814466,"Janulionis, Vytautas",LTU,M,,,,1821,0,40,AUG25,1996,i
12803103,"Janulynas, Jonas",LTU,M,,,,1802,0,20,AUG25,1942,i
12802530,"Janusaitis, Mindaugas",LTU,M,,,,AIM,1890,0,AUG25,1975,
12803669,"Januseviciute, Donata",LTU,F,,,,1589,0,20,AUG25,1950,w
12863920,"Januskevicius, Erikas",LTU,M,,,,1556,0,40,AUG25,2008,
12809349,"Januskevicius, Mantas",LTU,M,,,,1628,0,20,AUG25,2003,i
12828122,"Jasas, Eimantas",LTU,M,,,,1759,0,40,AUG25,2007,
12834289,"Jasas, Ignas",LTU,M,,,,1837,0,40,AUG25,2012,
12814300,"Jasevicius, Petras",LTU,M,,,,1465,0,40,AUG25,2006,i
12802913,"Jasinskas, Zygimantas",LTU,M,,,,2071,0,20,AUG25,1989,i
12822795,"Jasiukaitis, Domantas",LTU,M,,,,1697,0,20,AUG25,2006,
12801593,"Jasiulevicius, Aidas",LTU,M,FM,,,2219,0,40,AUG25,1966,i
12832766,"Jasiulionis, Lukas",LTU,M,,,,1584,0,40,AUG25,2011,i
12813800,"Jasiunas, Raimundas",LTU,M,,,,1762,0,20,AUG25,1946,i
12809357,"Jaskunaite, Auguste",LTU,F,,NA,,1602,0,20,AUG25,2002,wi
12809365,"Jaskunas, Aistis",LTU,M,,,,1488,0,20,AUG25,2005,i
12810118,"Jaskuniene, Dalia",LTU,F,,,,1599,0,20,AUG25,1970,w
12832049,"Jasmontas, Benediktas",LTU,M,,,,1746,0,40,AUG25,1955,
12801933,"Jatautis, Donatas",LTU,M,,,,2221,0,20,AUG25,1984,i
12829501,"Jauniskis, Edmundas",LTU,M,,,,1716,0,40,AUG25,1951,i
12846937,"Jazepcikas, Rapolas",LTU,M,,,,1404,0,40,AUG25,2013,i
12801950,"Jegorovas, Aleksandras",LTU,M,FM,,,2270,0,20,AUG25,1984,i
12828548,"Jelagaite, Irena Andrea",LTU,F,,,,1460,0,40,AUG25,2009,wi
12814008,"Jelisejevas, Rokas",LTU,M,,,,1582,0,40,AUG25,1999,i
12800988,"Jeremicius, Sarunas",LTU,M,,,,1593,0,40,AUG25,1955,i
12808393,"Jeriominas, Jurijus",LTU,M,,,,1557,0,20,AUG25,1940,
12801640,"Jezepcikas, Rytis",LTU,M,,,,2063,0,40,AUG25,1980,i
12805912,"Jocas, Arturas",LTU,M,,,,1818,0,40,AUG25,1998,i
12801143,"Jocys, Dalius",LTU,M,,,,2117,0,20,AUG25,1960,i
12802883,"Joffe-Luiniene, Roza",LTU,F,,,,1987,0,20,AUG25,1987,wi
12828645,"Jonaitis, Herkus",LTU,M,,,,1458,0,40,AUG25,2009,i
12828912,"Jonaitis, Klaudijus",LTU,M,,,,1450,0,20,AUG25,1961,i
12869740,"Jonaviciene, Vida",LTU,F,,,,1426,0,40,AUG25,1956,w
12812650,"Joncas, Rokas",LTU,M,,,,1614,0,20,AUG25,2004,i
12821462,"Jonikaitis, Pranas",LTU,M,,,,1575,0,40,AUG25,1948,i
12824330,"Jonikas, Deimantas",LTU,M,,,,1469,0,40,AUG25,2007,i
12843466,"Jonkus, Augustas",LTU,M,,,,1570,0,40,AUG25,2009,i
12804347,"Jonkus, Lukas",LTU,M,,,,1875,0,20,AUG25,1993,i
12802115,"Jonusevicius, Audrius",LTU,M,,,,1987,0,20,AUG25,1975,i
12804282,"Juciute, Einora",LTU,F,,,,1830,0,20,AUG25,1989,wi
12804312,"Juciute, Henrieta",LTU,F,,,,1897,0,20,AUG25,1993,wi
12805645,"Jukna, Gaivaldas",LTU,M,,,,1963,0,40,AUG25,1967,i
12807885,"Jukna, Romualdas",LTU,M,,,,1860,0,40,AUG25,1943,i
12804568,"Juknaite, Aneta",LTU,F,,,,1774,0,20,AUG25,1993,wi
12807320,"Juknaite, Aurelija",LTU,F,,,,1826,0,20,AUG25,1997,wi
12811351,"Juknaite, Santa",LTU,F,,,,1600,0,20,AUG25,1987,wi
12802247,"Juknis, Paulius",LTU,M,CM,,,2176,0,20,AUG25,1986,
12840530,"Juknius, Sarunas",LTU,M,,,,1500,8,40,AUG25,2011,
12809039,"Juksta, Karolis",LTU,M,IM,,,2384,9,10,AUG25,2003,
12801089,"Juodeika, Rytis",LTU,M,,,,2080,0,20,AUG25,1979,i
12847402,"Juodikevicius, Erikas",LTU,M,,,,1539,0,40,AUG25,2002,i
12829307,"Juodis, Simonas",LTU,M,,,,1511,0,40,AUG25,1990,i
12808318,"Juodzevicius, Darius",LTU,M,,,,AGM,1954,0,AUG25,1972,i
12823627,"Juodzevicius, Karolis",LTU,M,,,,1802,7,20,AUG25,2005,
12835056,"Jurciukonis, Vytas",LTU,M,,,,1631,0,40,AUG25,1966,
12806501,"Jurcius, Mantas",LTU,M,,,,1813,5,20,AUG25,1998,
12806510,"Jurcius, Modestas",LTU,M,,,,1708,0,20,AUG25,1998,i
12803952,"Jurevicius, Tomas",LTU,M,,,,2005,0,20,AUG25,1993,i
12803111,"Jurgaitis, Skirmantas",LTU,M,,,,2006,0,20,AUG25,1989,i
12836907,"Jurgelionyte, Kotryna",LTU,F,,,,1405,0,40,AUG25,2010,wi
12808466,"Jurksaitis, Juozas",LTU,M,,,,1902,0,20,AUG25,1942,i
12804681,"Jurkunas, Marijus",LTU,M,,,,1898,0,20,AUG25,1994,i
12804690,"Jurkunas, Nerijus",LTU,M,,,,1969,0,20,AUG25,1994,i
12812200,"Jurkus, Evaldas",LTU,M,,,,1636,0,40,AUG25,1987,i
12822027,"Juska, Albertas",LTU,M,,,,1571,0,20,AUG25,1933,i
12822442,"Juskaitis, Skomantas",LTU,M,,,,1712,0,40,AUG25,2007,
12808938,"Juskauskaite, Urte",LTU,F,,,,1756,0,20,AUG25,2000,wi
12856843,"Jusys, Danas",LTU,M,,,,1560,0,40,AUG25,1991,i
12806226,"Kadonas, Kestutis",LTU,M,,,,1777,0,20,AUG25,1974,
12809373,"Kadusauskas, Juozas",LTU,M,,,,1600,0,20,AUG25,2003,i
12803529,"Kairys, Viktoras",LTU,M,,,,1771,0,40,AUG25,1942,i
12812218,"Kalenikas, Vladimiras",LTU,M,,,,1737,0,40,AUG25,1944,i
12805564,"Kalinauskas, Rolandas",LTU,M,,,,1948,0,20,AUG25,1974,
12830259,"Kalinauskas, Vytautas",LTU,M,,,,1891,0,20,AUG25,1974,
12805211,"Kalvaitis, Dovydas",LTU,M,,,,1738,0,40,AUG25,1988,
12824844,"Kalvaitis, Gintautas",LTU,M,,,,1591,0,20,AUG25,1969,i
12802638,"Kalvaitis, Sigitas",LTU,M,FM,NA,,2205,0,20,AUG25,1987,
12804240,"Kalvis, Stepas",LTU,M,,,,1769,0,20,AUG25,1955,
12803197,"Kalvis, Valdas",LTU,M,,,,1923,0,20,AUG25,1986,i
12842877,"Kamajev, Viktor",LTU,M,,,,1627,0,40,AUG25,1980,
12807478,"Kamarauskas, Audrius",LTU,M,,,,1902,0,40,AUG25,1991,i
12803120,"Kaminskij, Sergej",LTU,M,,,,2091,0,20,AUG25,1957,i
12843628,"Kanaporis, Alvydas",LTU,M,,,,1844,0,40,AUG25,1959,i
12831573,"Kancleris, Nojus",LTU,M,,,,1446,0,40,AUG25,2010,i
12833223,"Kapickis, Karolis",LTU,M,,,,ACM,1409,0,AUG25,2010,
12855081,"Kaplunas, Andajus",LTU,M,,,,1467,0,40,AUG25,2016,
12821888,"Karalius, Algirdas",LTU,M,,,,1534,0,40,AUG25,1973,i
12804711,"Karalius, Grazvydas",LTU,M,,,,1729,0,40,AUG25,1967,i
12830704,"Karaliute, Deimante",LTU,F,,,,1513,0,40,AUG25,2008,w
12821896,"Karaliute, Vestina",LTU,F,,,,1523,0,20,AUG25,2003,wi
12800430,"Karkalas, Arvydas",LTU,M,,,,2192,0,20,AUG25,1958,i
12806528,"Karlinski, Lukas",LTU,M,,,,1722,0,40,AUG25,1999,i
12808717,"Karpiejus, Edvardas",LTU,M,,,,1698,0,20,AUG25,2002,i
12862347,"Karpovas, Aleksas",LTU,M,,,,1506,0,40,AUG25,1954,i
12805220,"Karsokaite, Irena",LTU,F,,,,1667,0,20,AUG25,1956,w
12856118,"Kaseta, Jokubas",LTU,M,,,,1518,0,20,AUG25,2006,
12801372,"Kasparavicius, Laimutis",LTU,M,,,,1970,0,20,AUG25,1959,
12811840,"Kasparavicius, Viktoras",LTU,M,,,,1643,0,40,AUG25,1957,
12801453,"Kasperavicius, Jokubas",LTU,M,,,,1987,0,20,AUG25,1994,i
12802310,"Kaspute, Vesta",LTU,F,WFM,WFM,,2022,0,20,AUG25,1984,w
12803863,"Katalov, Andrej",LTU,M,,,,2003,0,20,AUG25,1984,i
12827827,"Katilevicius, Algirdas",LTU,M,,,,1792,0,40,AUG25,1958,i
12832537,"Katin, Vitalij",LTU,M,,,,1419,0,40,AUG25,2006,i
12855669,"Katinaite, Kamile",LTU,F,,,,1489,0,40,AUG25,2014,w
12870617,"Kavaliauskas, Augustas",LTU,M,,,,1535,0,40,AUG25,2016,
12820989,"Kavaliauskas, Tomas",LTU,M,,NA,,1612,0,20,AUG25,1971,i
12833312,"Kavaliunaite, Meda",LTU,F,,,,1426,0,40,AUG25,2009,wi
12841870,"Kavalnis, Rytis",LTU,M,,,,1949,9,40,AUG25,2011,
12841862,"Kavalnyte, Rusne",LTU,F,,,,1478,0,40,AUG25,2010,wi
13507443,"Kazakouski, Valery",LTU,M,GM,,,2584,10,10,AUG25,2000,
12853810,"Kazickas, Justinas",LTU,M,,,,1649,0,40,AUG25,1985,i
12833827,"Kazilionis, Kestutis",LTU,M,,,,1598,0,40,AUG25,1992,i
12827266,"Kazlas, Jokubas",LTU,M,,,,1492,0,40,AUG25,2007,i
12806080,"Kazlauskas, Audrius",LTU,M,,,,1518,0,40,AUG25,1981,
12817767,"Kerpe, Mantas",LTU,M,,,,1740,0,20,AUG25,2000,i
12861391,"Kersys, Zygimantas",LTU,M,,,,1559,0,40,AUG25,2008,
12825611,"Ketlerius, Arijus",LTU,M,,,,1918,0,20,AUG25,1966,
12839507,"Keturauskas, Matas",LTU,M,,,,1418,0,40,AUG25,2008,i
12806749,"Kilda, Aidas",LTU,M,,,,1976,0,40,AUG25,1996,i
12851221,"Kilius, Mindaugas",LTU,M,,,,1768,0,20,AUG25,1974,
12801968,"Kincinas, Rolandas",LTU,M,,,,2048,0,20,AUG25,1971,i
12807788,"Kirdeikis, Algimantas",LTU,M,,,,1558,0,20,AUG25,1963,
12821829,"Kirklys, Domantas",LTU,M,,,,1475,0,40,AUG25,2003,i
12814512,"Kisielius, Algis",LTU,M,,,,1761,0,40,AUG25,1967,
12803537,"Kisielius, Raimundas",LTU,M,,,,2011,0,20,AUG25,1970,i
12806218,"Kisonas, Donatas",LTU,M,,,,2051,0,40,AUG25,1982,i
12865818,"Kiznis, Rojus",LTU,M,,,,1661,6,40,AUG25,2015,
12805246,"Klabis, Rokas",LTU,M,IM,,,2406,0,10,AUG25,1995,
12804550,"Klabyte, Rugile",LTU,F,,,,1714,0,40,AUG25,1999,wi
12801518,"Klastaitis, Benas",LTU,M,,,,1861,0,40,AUG25,1991,i
12805653,"Klepeckaite, Radvile",LTU,F,,,,1847,0,20,AUG25,1996,wi
12800279,"Klimavicius, Romualdas",LTU,M,,,,2235,0,20,AUG25,1949,i
12802999,"Klimciauskas, Domantas",LTU,M,CM,,,2131,0,20,AUG25,1991,i
12803782,"Knelis, Denisas",LTU,M,,,,1938,0,40,AUG25,1989,i
12812102,"Kniuras, Alvydas",LTU,M,,,,1481,0,40,AUG25,1961,i
12814148,"Koliasnikovas, Aironas",LTU,M,,,,1957,0,20,AUG25,2002,i
12817317,"Koliasnikovas, Denis",LTU,M,,,,1615,0,20,AUG25,2005,i
12855863,"Kolisko, Vitalij",LTU,M,,,,1540,0,20,AUG25,1958,
12804355,"Kolozinskas, Mantas",LTU,M,,,,1833,0,40,AUG25,1992,i
12848778,"Komarova, Taisija",LTU,F,,,,1573,0,40,AUG25,2012,w
12800856,"Kondroska, Vaidotas",LTU,M,,,,2075,0,40,AUG25,0,i
12859168,"Konovalovas, Paulius",LTU,M,,,,1663,0,40,AUG25,2015,
12847275,"Kontautas, Mantas",LTU,M,,,,1479,0,40,AUG25,2004,i
12854883,"Kontenis, Nedas",LTU,M,,,,1489,0,40,AUG25,2000,i
12830836,"Kontrimaite, Agota",LTU,F,,,,1590,8,40,AUG25,2009,w
12806536,"Kontrimas, Andrius",LTU,M,,,,1891,0,20,AUG25,1993,i
12825948,"Korcatov, Aleksandr",LTU,M,,,,1739,0,20,AUG25,1949,
12823295,"Korolkovaite, Monika",LTU,F,,,,1432,0,40,AUG25,2004,wi
12833703,"Kozevnikovas, Skajus",LTU,M,,,,1422,0,40,AUG25,2007,i
12818933,"Kozhakin, Michail",LTU,M,,,,1825,0,20,AUG25,2006,i
12835790,"Kraucenka, Justas",LTU,M,,,,1711,9,40,AUG25,2012,
12816094,"Kraucenka, Karolis",LTU,M,,,,1641,9,40,AUG25,2005,
12819964,"Kraujunas, Vladas",LTU,M,,,,1800,0,20,AUG25,1940,i
12812692,"Krikscionaitis, Jonas",LTU,M,,,,1567,0,40,AUG25,2002,i
12842680,"Kriuckov, Roman",LTU,M,,,,1557,0,40,AUG25,1976,i
12836214,"Krivenkis, Dmitrijus",LTU,M,,,,1537,0,40,AUG25,2001,i
12808725,"Krivicius, Donatas",LTU,M,,,,1765,0,20,AUG25,1998,i
12809063,"Kriviciute, Viktorija",LTU,F,,,,1717,0,40,AUG25,2001,wi
12854921,"Krivka, Algirdas",LTU,M,,,,1749,0,40,AUG25,1982,
12848018,"Krivka, Raigardas",LTU,M,,,,1424,0,40,AUG25,2014,
12802050,"Krivousas, Tomas",LTU,M,,,,2229,0,20,AUG25,1984,i
12817775,"Krizanauskas, Mantvydas",LTU,M,,,,1504,0,20,AUG25,2003,i
12808415,"Krusas, Algirdas",LTU,M,,,,1705,0,20,AUG25,1981,i
12809071,"Kruzinauskas, Stasys",LTU,M,,,,1645,0,20,AUG25,1957,
12808024,"Kryzanauskas, Laimonas",LTU,M,,,,1795,0,40,AUG25,1994,i
12800708,"Kryzius, Kestutis",LTU,M,,,,2221,0,20,AUG25,1979,i
12852899,"Kubilius, Dainius",LTU,M,,,,1695,0,40,AUG25,2013,
12801810,"Kubilius, Jonas",LTU,M,,,,2049,0,20,AUG25,1957,i
12842915,"Kubilius, Justinas",LTU,M,,,,1728,0,40,AUG25,1961,i
12819115,"Kudarauskas, Nojus",LTU,M,,,,1477,0,40,AUG25,2006,i
12803545,"Kudzma, Laimonas",LTU,M,,,,2197,0,20,AUG25,1968,
12846104,"Kuklys, Liutauras",LTU,M,,,,1517,5,40,AUG25,2010,
12842826,"Kulokas, Mantvydas",LTU,M,,,,1415,0,40,AUG25,2012,i
12826189,"Kulpavicius, Laurynas",LTU,M,,,,1414,0,40,AUG25,2008,i
12823597,"Kuncaitis, Kajus",LTU,M,,,,1495,0,40,AUG25,2004,i
12818844,"Kungys, Deivis",LTU,M,,,,1569,0,40,AUG25,2007,i
12850233,"Kuprys, Dominik",LTU,M,,,,1457,5,40,AUG25,2014,
12800520,"Kupsys, Alfonsas",LTU,M,,,,2055,0,40,AUG25,1951,i
12830852,"Kuptz, Aronas",LTU,M,,,,1464,0,40,AUG25,2009,i
12817031,"Kurmis, Edvinas",LTU,M,,,,1834,0,20,AUG25,2003,i
12817040,"Kurmis, Ernestas",LTU,M,,,,1705,0,20,AUG25,2001,i
12806099,"Kurtenkovas, Sergejus",LTU,M,,,,1717,0,20,AUG25,1975,i
12840513,"Kuslikis, Dominykas",LTU,M,,,,1656,0,40,AUG25,2011,
12807176,"Kusner, Michail",LTU,M,,,,1729,6,20,AUG25,1980,
12804126,"Kutkaitis, Romualdas",LTU,M,,,,1821,0,20,AUG25,1959,i
12801690,"Kuvsinov, Anatolij",LTU,M,,,,1577,8,20,AUG25,1951,
12829285,"Kuznecovas, Kevinas",LTU,M,,,,1978,0,20,AUG25,2005,
12807818,"Kvederaviciene, Asta",LTU,F,,,,1750,0,40,AUG25,1974,wi
12803383,"Kviliunas, Vladislovas",LTU,M,,,,1814,0,20,AUG25,1957,
12801399,"Kybartas, Alvydas",LTU,M,,,,2078,0,20,AUG25,1981,i
12805840,"Kybartas, Gvidonas",LTU,M,,,,1844,0,40,AUG25,1997,i
12823635,"Kymantas, Nedas",LTU,M,,,,1505,0,40,AUG25,2006,i
12802417,"Kytra, Jokubas",LTU,M,,,,1888,0,20,AUG25,1993,i
12814903,"Labanauskas, Dovydas",LTU,M,,,,1786,0,20,AUG25,2005,i
12815799,"Labanauskas, Ignas",LTU,M,,,,1597,0,40,AUG25,2004,
12805920,"Lakavicius, Gediminas",LTU,M,,,,1861,0,40,AUG25,1983,i
12803235,"Lakiunas, Aurelijus",LTU,M,,,,2020,0,40,AUG25,1985,i
12801607,"Lapeginas, Mindaugas",LTU,M,,,,2291,0,40,AUG25,1972,i
12800503,"Lasinskas, Povilas",LTU,M,FM,,,2125,0,20,AUG25,1970,
12812498,"Laskevicius, Benas",LTU,M,,,,1483,0,40,AUG25,2003,i
12804878,"Latinis, Marius",LTU,M,,,,2003,0,20,AUG25,1995,i
12848964,"Latvenas, Kristupas",LTU,M,,,,1422,0,40,AUG25,2013,
12846007,"Latvenas, Lukas",LTU,M,,,,1655,0,20,AUG25,2005,
12844071,"Latysevas, Nikita",LTU,M,,,,1459,0,40,AUG25,2013,i
12801461,"Laucius, Povilas",LTU,M,,,,2100,0,40,AUG25,1981,i
12806285,"Laucius, Tomas",LTU,M,,,,1664,7,40,AUG25,1998,
12806544,"Laureckis, Aurimas",LTU,M,,,,1714,0,40,AUG25,1997,i
12832138,"Laurinavicius, Algirdas",LTU,M,,,,1566,0,40,AUG25,1990,i
12803731,"Laurusas, Tomas",LTU,M,GM,,,2500,27,10,AUG25,1996,
12801704,"Laurynaitis, Laimonas",LTU,M,,,,2052,0,20,AUG25,1977,i
12829560,"Lauzikaite, Rimante",LTU,F,,,,1442,0,40,AUG25,2008,wi
12834548,"Lavrentjevas, Dominykas",LTU,M,,,,1498,0,20,AUG25,2006,i
12809381,"Lazaravicius, Aras Jonas",LTU,M,,,,1936,0,20,AUG25,2002,i
12855480,"Lazauskas, Benediktas",LTU,M,,,,1502,0,40,AUG25,2014,
12821756,"Leclere, Daniel",LTU,M,,,,1827,0,20,AUG25,2006,
12863637,"Ledas, Armandas",LTU,M,,,,1942,9,40,AUG25,2011,
12828971,"Legenzova, Uljana",LTU,F,,,,1512,0,40,AUG25,2007,wi
12825328,"Leikute Isajeviene, Ausra",LTU,F,,,,1643,0,40,AUG25,1980,wi
12855170,"Lekevicius, Andrius",LTU,M,,,,1495,6,40,AUG25,2015,
12824941,"Lengvinaite, Aiste",LTU,F,,,,1452,0,40,AUG25,2007,wi
12827444,"Lengvinaite, Lukne",LTU,F,,,,1401,0,40,AUG25,2009,wi
12830208,"Lengvinas, Matas",LTU,M,,,,1527,0,40,AUG25,2003,i
12854387,"Lengvinas, Povilas",LTU,M,,,,1436,0,40,AUG25,1993,i
12803065,"Lepeskaite, Migle",LTU,F,,,,1878,0,20,AUG25,1995,wi
12830399,"Lescikas, Vladas",LTU,M,,,,1599,0,40,AUG25,1946,
12837474,"Leskauskas, Sarunas",LTU,M,,,,1717,0,20,AUG25,1969,i
12815675,"Liandzbergas, Mykolas",LTU,M,,,,1631,0,20,AUG25,2006,i
12802360,"Liatukas, Mikas",LTU,M,,,,2193,0,20,AUG25,1989,i
12806307,"Liaucys, Merunas",LTU,M,,,,1775,0,40,AUG25,1984,i
12821225,"Liebus, Evaldas",LTU,M,,,,1709,0,40,AUG25,1971,i
12818950,"Likatavicius, Rapolas",LTU,M,,,,2035,0,20,AUG25,2004,
12806315,"Lileikis, Antanas",LTU,M,,,,1967,0,20,AUG25,1951,i
12812579,"Lileikis, Antanas j",LTU,M,,,,1643,0,40,AUG25,1976,i
12821101,"Lileikis, Ernestas",LTU,M,,,,1491,0,40,AUG25,2006,i
12802506,"Limontaite, Simona",LTU,F,WIM,WIM,,2151,0,20,AUG25,1987,w
12837695,"Limontas, Benas",LTU,M,,,,1405,0,40,AUG25,2011,i
12801828,"Limontas, Martynas",LTU,M,FM,,,2237,0,20,AUG25,1984,
12837636,"Limontas, Sigitas",LTU,M,,,,1650,0,40,AUG25,1979,i
12800767,"Linauskas, Dainius",LTU,M,,,,2279,0,20,AUG25,1963,i
12840670,"Linkevicius, Jurgis",LTU,M,,,,1407,0,40,AUG25,2012,i
12828980,"Linkevicius, Vilius",LTU,M,,,,1611,0,40,AUG25,2008,i
12847224,"Liobikaite, Austeja",LTU,F,,,,1521,0,40,AUG25,2013,w
12841153,"Liobikas, Marijus",LTU,M,,,,1455,0,40,AUG25,2008,
12800732,"Liobikiene, Asta",LTU,F,,NA,,1968,0,20,AUG25,1976,wi
12801470,"Lipskij, Valerij",LTU,M,,,,2084,0,20,AUG25,1979,i
12829978,"Lisauskas, Simas",LTU,M,,,,1519,0,40,AUG25,2010,
12867179,"Liudzius, Arturas",LTU,M,,,,1488,1,40,AUG25,1983,
12861464,"Liutkus, Martynas",LTU,M,,,,1524,0,40,AUG25,2000,i
12821632,"Liutvinas, Anton",LTU,M,,,,1503,0,40,AUG25,2007,i
12808091,"Liutvinas, Laurynas",LTU,M,,,,1809,0,20,AUG25,1998,i
12814261,"Liutvinas, Rokas",LTU,M,,,,1660,0,20,AUG25,2000,i
12800961,"Lomonosovas, Leonidas",LTU,M,,,,2142,0,20,AUG25,1971,i
12808105,"Lucinskas, Simonas",LTU,M,,,,1823,0,40,AUG25,1995,i
12805939,"Lukosevicius, Kestutis",LTU,M,,,,1775,0,20,AUG25,1949,i
12826286,"Lukosiunas, Vakaris",LTU,M,,,,1476,0,20,AUG25,2006,i
12803090,"Lukosius, Rimvydas",LTU,M,,,,1853,0,20,AUG25,1956,
12829331,"Lukosius, Rolandas",LTU,M,,,,2026,0,20,AUG25,1971,
12816833,"Luksas, Jonas",LTU,M,,,,1567,0,20,AUG25,1951,i
12808733,"Luza, Kestutis",LTU,M,,,,1697,0,20,AUG25,1979,i
12802700,"Macenis, Audrius",LTU,M,,,,2121,0,20,AUG25,1989,
12835870,"Macieza, Dominykas",LTU,M,,,,1449,0,40,AUG25,2008,i
12854808,"Macijauskas, Dziugas",LTU,M,,,,1422,0,40,AUG25,2008,i
12821659,"Maciokaite, Emilija",LTU,F,,,,1401,0,40,AUG25,2008,wi
12805270,"Maciokas, Kostas",LTU,M,,,,2040,0,20,AUG25,1968,i
12800392,"Macionis, Andrius",LTU,M,FM,,,2284,0,20,AUG25,1976,i
12808857,"Macionis, Zigmas",LTU,M,,,,1818,0,20,AUG25,1960,i
12822035,"Maciuitis, Giedrius",LTU,M,,,,1881,0,40,AUG25,1969,i
12810843,"Maciuitis, Ignas",LTU,M,,,,1851,0,20,AUG25,2003,i
12806765,"Maciuityte, Greta",LTU,F,,,,1828,0,20,AUG25,1998,w
12806579,"Maciuityte, Meda",LTU,F,,,,1752,0,20,AUG25,1998,wi
12849685,"Maciulaitis, Edvinas",LTU,M,,,,1509,0,40,AUG25,1985,i
12810622,"Maciulaityte, Barbora",LTU,F,,,,1768,0,20,AUG25,2004,wi
12805475,"Maciulis, Zilvinas",LTU,M,,,,1938,0,20,AUG25,1994,i
12850713,"Mackevicius, Danielius",LTU,M,,,,1679,5,40,AUG25,2011,
12840130,"Mackevicius, Darvydas",LTU,M,,,,1519,8,40,AUG25,1990,
12851671,"Mackeviciute, Gabija",LTU,F,,,,1403,8,40,AUG25,2014,w
12806323,"Makackas, Povilas",LTU,M,,,,1766,0,40,AUG25,1991,
12805572,"Makackiene, Irena",LTU,F,,,,1774,0,40,AUG25,1970,wi
12810339,"Maksvytis, Marius",LTU,M,,,,1743,0,20,AUG25,1996,i
12857238,"Malinauskas, Markas",LTU,M,,,,1464,0,40,AUG25,2014,
12804886,"Malisauskas, Mykolas",LTU,M,,,,1885,0,40,AUG25,1992,i
12800031,"Malisauskas, Vidmantas",LTU,M,GM,NA,,2300,18,10,AUG25,1963,
12802182,"Malisauskiene, Jurgita",LTU,F,,,,1889,0,20,AUG25,1990,wi
12800660,"Malisauskiene, Marina",LTU,F,,,,1914,0,20,AUG25,1966,wi
12808482,"Mankevicius, Darius",LTU,M,,,,1781,0,40,AUG25,1985,i
12801011,"Marcinkeviciene, Egle",LTU,F,,,,1614,0,20,AUG25,1966,w
12809632,"Marcinkevicius, Alfonsas",LTU,M,,,,1809,0,40,AUG25,1940,i
12809640,"Marciulionis, Rolandas",LTU,M,,,,1706,0,40,AUG25,1967,i
12811033,"Markelis, Aleksandras",LTU,M,,,,1743,0,40,AUG25,1942,i
12807192,"Markeviciute, Paulina",LTU,F,,,,1731,0,40,AUG25,2000,wi
12866547,"Martinkus, Karolis",LTU,M,,,,1533,0,40,AUG25,1988,i
12800481,"Martinkus, Rolandas",LTU,M,FM,FI,,1956,0,20,AUG25,1966,
14134039,"Martynkova, Olena",LTU,F,WIM,WIM,,2158,0,20,AUG25,2000,w
12801100,"Masanauskas, Antanas",LTU,M,,,,1935,0,40,AUG25,1950,i
12834998,"Masijauskas, Kajus",LTU,M,,,,1511,0,40,AUG25,2007,
12809250,"Masikoniene, Areta",LTU,F,,,,1701,0,20,AUG25,1997,wi
12805289,"Masiokas, Ignas",LTU,M,,,,1774,0,20,AUG25,1993,i
12806331,"Mastaitis, Virgilijus",LTU,M,,,,1914,0,40,AUG25,1977,i
12847577,"Mataciunas, Linas",LTU,M,,,,1629,0,40,AUG25,2009,
12813036,"Matulaitis, Mantas",LTU,M,,,,1573,0,20,AUG25,2005,
12858846,"Matulaitis, Povilas",LTU,M,,,,1760,9,40,AUG25,2007,
12810444,"Matulaitis, Vidmantas",LTU,M,,,,1640,0,20,AUG25,1961,i
12860514,"Matuskov, Dmitrij",LTU,M,,,,1644,0,40,AUG25,1992,i
12837679,"Maurutyte, Laura",LTU,F,,,,1639,0,40,AUG25,2010,w
12847283,"Mazeika, Dovydas",LTU,M,,,,1625,0,40,AUG25,2003,i
12847291,"Mazeika, Liudas",LTU,M,,,,1541,0,40,AUG25,1994,i
12860646,"Mazeikaite, Liepa",LTU,F,,,,1442,7,40,AUG25,2011,w
12816124,"Maziukaite, Kristina",LTU,F,,,,1744,0,20,AUG25,2005,wi
12814032,"Maziukas, Kasparas",LTU,M,,,,2000,0,20,AUG25,2003,
12822485,"Mecelica, Erikas",LTU,M,,,,1762,0,20,AUG25,2006,i
12805688,"Mecelis, Arturas",LTU,M,,,,1972,0,20,AUG25,1970,i
12809942,"Mecelis, Arturas (j)",LTU,M,,,,1674,0,20,AUG25,2004,
12832260,"Medisauskas, Egidijus",LTU,M,,,,1525,0,40,AUG25,1953,
12838624,"Mendelis, Mantas",LTU,M,,,,1413,0,40,AUG25,2007,i
12829714,"Meskauskaite, Gabija",LTU,F,,,,1517,0,20,AUG25,2003,wi
12822493,"Meskauskas, Kristupas",LTU,M,,,,1615,0,20,AUG25,2005,i
12822507,"Meskauskas, Paulius",LTU,M,,,,1438,0,40,AUG25,2005,i
12857718,"Meskauskas, Pijus",LTU,M,,,,1622,9,40,AUG25,2008,
12806587,"Meskenaite, Rugile",LTU,F,,,,1855,0,20,AUG25,1999,wi
12816990,"Meskeniene, Virginija",LTU,F,,,,1784,0,20,AUG25,1976,w
12801488,"Mezenkovas, Aleksej",LTU,M,,,,2019,0,40,AUG25,1978,i
12807656,"Michailov, Andrej",LTU,M,,,,1708,7,20,AUG25,1984,
12835838,"Michailovas, Ugnius",LTU,M,,,,1786,0,40,AUG25,2009,
12818380,"Mickevicius, Jonas",LTU,M,,,,1832,0,40,AUG25,1959,i
12801402,"Mickevicius, Juras",LTU,M,FM,,,2275,9,20,AUG25,1981,
12817562,"Mickeviciute, Eitvile",LTU,F,,,,1609,0,40,AUG25,2000,wi
12817570,"Mickeviciute, Gedmante",LTU,F,,,,1637,0,40,AUG25,2000,wi
12824437,"Mickunaite, Agne",LTU,F,,,,1878,0,40,AUG25,2008,w
12803138,"Mickus, Arvydas",LTU,M,,,,2122,0,20,AUG25,1965,
12809080,"Mickus, Benas",LTU,M,,,,2010,0,20,AUG25,2003,i
12833380,"Mickus, Vidminas Marius",LTU,M,,,,1669,0,40,AUG25,2009,
12803391,"Mieliauskaite, Zivile",LTU,F,,,,1915,0,40,AUG25,1987,wi
12836877,"Mikalajunas, Gytis",LTU,M,,,,1441,0,40,AUG25,2011,i
12810649,"Mikalauskaite, Vytaute",LTU,F,,,,1548,0,40,AUG25,2006,wi
12805300,"Mikalauskis, Kestutis",LTU,M,,,,1958,0,20,AUG25,1974,
12800317,"Mikenas, Alius",LTU,M,,,,2072,0,20,AUG25,1955,i
12807931,"Mikenas, Laimutis",LTU,M,,,,1990,0,20,AUG25,1966,i
12856444,"Miklovas, Aironas",LTU,M,,,,1411,0,40,AUG25,2011,i
12807427,"Miknevicius, Laurynas",LTU,M,,,,2180,0,20,AUG25,1998,i
12826910,"Miknius, Vaclovas",LTU,M,,,,1723,0,40,AUG25,1983,i
12846279,"Mikolavicius, Julius",LTU,M,,,,1853,9,40,AUG25,2012,
12847720,"Mikolavicius, Marius",LTU,M,,,,1507,0,40,AUG25,1983,i
12828246,"Miksionis, Mindaugas",LTU,M,,,,1459,0,40,AUG25,2008,i
12846767,"Miksys, Mantas",LTU,M,,,,1492,0,20,AUG25,2006,i
12815683,"Miksys, Mykolas",LTU,M,,,,1532,0,40,AUG25,2005,i
12845515,"Mikulinaite, Meta",LTU,F,,,,1657,0,40,AUG25,2009,w
12806161,"Mikulskas, Arnoldas",LTU,M,,,,2038,0,40,AUG25,1973,i
12804088,"Milasevicius, Jonas",LTU,M,,,,1961,0,20,AUG25,1945,i
12800759,"Milasiute, Vygante",LTU,F,,,,2046,0,20,AUG25,1975,wi
12867047,"Mileris, Rimvydas",LTU,M,,,,1683,0,40,AUG25,1971,
12826618,"Milius, Ignas",LTU,M,,,,2064,9,40,AUG25,2008,
12846732,"Miliute, Aiste",LTU,F,,,,1508,0,40,AUG25,2012,w
12802034,"Minelga, Audrius",LTU,M,,,,2089,0,20,AUG25,1963,i
12844942,"Minkauskas, Tadas",LTU,M,,,,1588,0,40,AUG25,2010,
12803901,"Mirauskas, Edvinas",LTU,M,,,,1890,0,20,AUG25,1992,i
12812226,"Mironenko, Leonid",LTU,M,,,,1644,0,20,AUG25,1939,i
12805319,"Mironovic, Dmitrij",LTU,M,,,,1895,0,40,AUG25,1994,i
12808229,"Misiuk, Emilija",LTU,F,,,,1650,0,20,AUG25,2004,wi
12807435,"Misiuk, Ernest",LTU,M,,,,1819,0,20,AUG25,2004,i
12800082,"Misiuk, Ivona",LTU,F,,,,1820,0,20,AUG25,1995,wi
12808237,"Misiuk, Karolina",LTU,F,,,,1698,0,20,AUG25,2001,wi
12824461,"Misiuk, Martynas",LTU,M,,,,1869,0,40,AUG25,2010,i
12810657,"Misiuk, Monika",LTU,F,,,,1657,0,40,AUG25,2007,wi
12804584,"Misiuk, Patrik",LTU,M,,,,1728,0,20,AUG25,1999,i
12812323,"Mockus, Arvydas",LTU,M,,,,1775,0,20,AUG25,1976,
12811750,"Mockus, Dziugas",LTU,M,,,,1782,0,20,AUG25,2002,i
12802840,"Molofej, Denis",LTU,M,,,,1982,0,20,AUG25,1986,
12802441,"Mordas, Vytautas",LTU,M,,,,2067,0,40,AUG25,1963,i
12830267,"Morkunaite, Adrijana",LTU,F,,,,1559,0,20,AUG25,2006,wi
12801763,"Morkunaite, Egle",LTU,F,,,,2138,0,20,AUG25,1981,wi
12831026,"Morkunas, Gustas",LTU,M,FM,,,2325,7,20,AUG25,2009,
12815950,"Motiejunas, Titas",LTU,M,,,,1490,0,40,AUG25,1999,i
12811246,"Motuza, Nedas",LTU,M,,,,1581,0,20,AUG25,2005,i
12812714,"Motuzaite, Emile",LTU,F,,,,1407,0,40,AUG25,2007,wi
12802301,"Moya, Giedre",LTU,F,,,,AIM,1891,0,AUG25,1982,wi
12801127,"Mozeris, Viktoras",LTU,M,,,,2083,0,20,AUG25,1979,i
12806773,"Mukovoz, Dino",LTU,M,,,,1802,0,40,AUG25,2000,i
12803790,"Mulevicius, Andrius",LTU,M,,,,1874,0,20,AUG25,1985,
12801003,"Muningis, Paulius",LTU,M,,,,2142,0,20,AUG25,1978,i
12809861,"Muralis, Aloyzas",LTU,M,,,,1914,0,20,AUG25,1973,
12832936,"Murauskaite, Rugile",LTU,F,,,,1426,0,40,AUG25,2008,wi
12832235,"Murnikas, Tadas",LTU,M,,,,1423,0,40,AUG25,2008,i
12817686,"Muzas, Valdas",LTU,M,,,,1693,0,40,AUG25,1968,i
12841579,"Naidionov, Ratmir",LTU,M,,,,1534,0,40,AUG25,2009,
12844098,"Nainys, Zanas",LTU,M,,,,2374,7,10,AUG25,2009,
12837520,"Narbutas, Renaldas",LTU,M,,,,1650,0,40,AUG25,2003,i
12813885,"Narmontas, Algirdas",LTU,M,,,,1553,4,20,AUG25,1940,
12802204,"Narmontas, Matas",LTU,M,IM,,,2417,0,10,AUG25,1991,i
12801135,"Narmontas, Raimondas",LTU,M,,,,1939,9,20,AUG25,1961,
12802549,"Narmontas, Tauras",LTU,M,CM,,,2203,0,20,AUG25,1991,i
12802018,"Narusevicius, Andrius",LTU,M,,,,1876,0,40,AUG25,1989,i
12804746,"Narusevicius, Lukas",LTU,M,,,,1852,0,20,AUG25,1997,i
12840122,"Narusis, Tautvydas",LTU,M,,,,1513,0,40,AUG25,2011,
12840904,"Narusis, Zygimantas",LTU,M,,,,1465,0,40,AUG25,2009,
12870250,"Naucius, Patrikas",LTU,M,,,,1430,0,40,AUG25,2018,
12824585,"Nausedaite, Meida",LTU,F,,,,1533,0,40,AUG25,2006,wi
12810282,"Navasaitis, Mykolas",LTU,M,,,,1493,0,40,AUG25,1946,i
12805327,"Navickaite, Sandra",LTU,F,,,,1837,0,20,AUG25,1993,wi
12833398,"Navickas, Linas",LTU,M,,,,1453,0,40,AUG25,2009,i
12825379,"Navickas, Nojus",LTU,M,,,,1636,0,40,AUG25,2004,i
12808113,"Navickas, Ricardas",LTU,M,,,,1650,0,40,AUG25,2001,i
12844101,"Navickas, Tadas",LTU,M,,,,1737,0,40,AUG25,2010,
12804754,"Nemickas, Gintautas",LTU,M,,,,1755,0,20,AUG25,1929,i
12840408,"Nikartas, Justinas",LTU,M,,,,1548,0,40,AUG25,2011,
12809977,"Noreika, Normantas",LTU,M,,,,1566,0,40,AUG25,2003,i
12801925,"Norinkeviciute, Rasa",LTU,F,WFM,WFM,,1884,4,20,AUG25,1967,w
12818879,"Norkeliunas, Matas",LTU,M,,,,1914,0,20,AUG25,2006,
12833967,"Norkeliunas, Sarunas",LTU,M,,,,1633,0,40,AUG25,2012,
12826626,"Norkunas, Azuolas",LTU,M,,,,1814,0,20,AUG25,2006,
12805718,"Norkunas, Domas",LTU,M,,,,1902,0,20,AUG25,1995,
12826634,"Norkunas, Irmantas",LTU,M,,,,AFM,1627,0,AUG25,2002,i
388105454,"Norvaisis, Arnas",LTU,M,,,,1703,0,40,AUG25,2004,
12802964,"Novickiene, Gintare",LTU,F,,,,2009,0,20,AUG25,1991,wi
4102924,"Novik, Maxim",LTU,M,GM,,,2378,18,10,AUG25,1970,
12800384,"Novikov, Vitalij",LTU,M,,,,2263,0,20,AUG25,1958,
12802140,"Novikovas, Anatolijus",LTU,M,,,,1901,0,20,AUG25,1966,
12864005,"Novikovas, Martynas",LTU,M,,,,1707,0,40,AUG25,1982,
12814822,"Ogiala, Andrius",LTU,M,,,,1925,0,20,AUG25,1975,
12824054,"Ogintas, Algimantas",LTU,M,,,,1762,0,20,AUG25,1958,
12819638,"Onega, Paulius",LTU,M,,,,1441,0,20,AUG25,2005,i
12853828,"Orlova, Aleksandra",LTU,F,,,,1430,0,40,AUG25,1983,wi
12807486,"Orlovas, Martynas",LTU,M,,,,1728,0,40,AUG25,1992,i
12804193,"Osadcij, Jury",LTU,M,,,,1810,0,40,AUG25,1960,i
12862312,"Osipenko, Oleksandr",LTU,M,,,,1527,3,40,AUG25,2015,
12809810,"Ostreika, Mironas",LTU,M,,,,1651,0,40,AUG25,1957,i
12835781,"Ovcinikova, Auguste",LTU,F,,,,1703,0,40,AUG25,2010,w
14195976,"Ozhaiska, Yaryna",LTU,F,,,,1887,9,20,AUG25,2005,w
12826308,"Packauskas, Kristupas",LTU,M,,,,1551,0,40,AUG25,2000,i
12803146,"Pakalniskis, Romas",LTU,M,,,,1542,0,20,AUG25,1968,
12825824,"Paknys, Mindaugas",LTU,M,,,,1905,0,40,AUG25,1973,i
12827452,"Paknyte, Beatrice",LTU,F,,,,1525,0,40,AUG25,2008,wi
12825875,"Paknyte, Elzbieta",LTU,F,,,,1580,0,20,AUG25,2006,wi
12808873,"Palevicius, Domas",LTU,M,,,,1914,0,40,AUG25,1981,i
12828602,"Paliokas, Kajus",LTU,M,,,,1453,0,40,AUG25,2008,i
12801755,"Paliulionis, Andrius",LTU,M,,,,2042,0,40,AUG25,1983,i
12805955,"Paliulis, Aivaras",LTU,M,,,,1852,0,40,AUG25,1995,i
12806927,"Paliulis, Arunas",LTU,M,,,,2193,0,40,AUG25,1951,i
12829552,"Paltanavicius, Julius",LTU,M,,,,1495,0,40,AUG25,2007,i
12824470,"Pamataityte, Ema",LTU,F,,,,1413,0,40,AUG25,2007,wi
12810860,"Paskauskas, Vaidotas",LTU,M,,,,1928,0,40,AUG25,1960,i
12811076,"Paskauskas, Zenonas",LTU,M,,,,1554,0,20,AUG25,1937,i
12807346,"Paulauskas, Andrius",LTU,M,,FA,,1926,0,20,AUG25,1996,
12854980,"Paulauskas, Vytenis Jonas",LTU,M,,,,1575,0,40,AUG25,1990,i
12800350,"Paulauskiene, Vilma",LTU,F,,,,2009,0,20,AUG25,1966,wi
12838764,"Pauzelis, Bernardas",LTU,M,,,,1405,0,40,AUG25,2009,i
12804258,"Pauzolis, Regimantas",LTU,M,,,,1966,0,40,AUG25,1962,i
12808652,"Pavliukovec, Jekaterina",LTU,F,,,,1527,0,40,AUG25,2002,wi
12800490,"Pavlovic, Vladimir",LTU,M,,,,2154,0,20,AUG25,1958,
12849251,"Pazarauskas, Sarunas",LTU,M,,,,1601,0,20,AUG25,1989,
12802190,"Pazeriene, Diana",LTU,F,,,,1963,0,20,AUG25,1985,w
12827509,"Paznekas, Tomas",LTU,M,,,,1501,0,40,AUG25,2004,i
12801526,"Peciura, Darius",LTU,M,,,,1601,0,40,AUG25,1987,i
2873619,"Perazzo, Kamila",LTU,F,,,,1539,0,20,AUG25,2006,w
12808784,"Perminaite, Guoda",LTU,F,,,,1885,0,20,AUG25,2001,w
12811386,"Perminaite, Simona",LTU,F,,,,1743,0,20,AUG25,2004,wi
12814911,"Persinas, Vilius",LTU,M,,,,1682,0,20,AUG25,2004,
12820067,"Peseckis, Herkus",LTU,M,,,,1436,0,40,AUG25,2008,i
12854379,"Petchenko, Varvara",LTU,F,,,,1487,0,40,AUG25,2013,w
12865494,"Petkevicius, Kristijonas",LTU,M,,,,1452,7,40,AUG25,2012,
12804290,"Petkeviciute, Justina",LTU,F,,,,1879,0,20,AUG25,1989,wi
12850292,"Petkus, Rimvydas",LTU,M,,,,1505,0,40,AUG25,1983,i
12862762,"Petniunas, Karolis",LTU,M,,,,1514,0,40,AUG25,2014,
12801119,"Petrauskas, Rimvydas",LTU,M,,,,2179,0,40,AUG25,1955,
12802972,"Petrauskas, Saulius",LTU,M,,,,2041,0,20,AUG25,1989,i
12853224,"Petronyte, Smilte",LTU,F,,,,1446,0,40,AUG25,2009,wi
12845663,"Petrov, Vitalij",LTU,M,,,,1554,0,40,AUG25,1952,
12861510,"Petrusevicius, Justas",LTU,M,,,,1456,0,40,AUG25,2008,
12846600,"Petruskevicius, Tadas",LTU,M,,,,1420,0,40,AUG25,2010,i
12803286,"Petuchovas, Robertas",LTU,M,,,,2006,0,20,AUG25,1988,i
12801615,"Petuchovskij, Edgar",LTU,M,,,,2190,0,20,AUG25,1984,i
12817082,"Pidluznij, Gleb",LTU,M,FM,,,2431,7,10,AUG25,2007,
12833835,"Pidluznij, Matvej",LTU,M,,,,1717,0,40,AUG25,2011,
12823589,"Piksrys, Rutenis",LTU,M,,,,1711,0,20,AUG25,1956,i
12817783,"Pikturna, Tajus",LTU,M,,,,1584,0,20,AUG25,2002,i
12802476,"Pileckis, Emilis",LTU,M,IM,,,2422,0,10,AUG25,1990,i
12812374,"Piliciauskas, Divonis",LTU,M,,,,1739,0,40,AUG25,2001,i
12812382,"Piliciauskas, Parbus",LTU,M,,,,1835,0,40,AUG25,2003,i
12801160,"Pilinkus, Donatas",LTU,M,,NA,,ACM,1678,0,AUG25,1975,i
12807664,"Pilipaviciute, Aiste",LTU,F,,,,1764,0,20,AUG25,2000,wi
12814180,"Pilipuitis, Mantas",LTU,M,,,,1894,0,20,AUG25,2002,i
12802271,"Piotrovski, Ksystof",LTU,M,,,,2016,0,40,AUG25,1985,i
12812390,"Plaipa, Antanas",LTU,M,,,,1729,0,20,AUG25,1957,
12830445,"Platbarzdyte, Ugne",LTU,F,,,,1497,0,40,AUG25,2009,wi
12852147,"Pleikys, Audrius",LTU,M,,,,1586,0,40,AUG25,1971,
12802492,"Pliksnys, Bronius",LTU,M,,,,1745,0,20,AUG25,1961,
12800627,"Plunge, Gintautas Jurgis",LTU,M,,,,1846,0,20,AUG25,1938,
12811530,"Pluta, Paulius",LTU,M,,,,1884,0,20,AUG25,2000,i
12811548,"Plutaite, Ausra",LTU,F,,,,1707,0,20,AUG25,2003,w
12856690,"Pocius, Augustas",LTU,M,,,,1500,0,40,AUG25,2015,
12821870,"Pocius, Ricardas Povilas",LTU,M,,,,1666,0,20,AUG25,1942,i
12811300,"Pocius, Vaclovas",LTU,M,,,,1726,0,20,AUG25,1965,
12808601,"Pociute, Ema",LTU,F,,,,1762,0,20,AUG25,2000,wi
12803596,"Poderis, Justinas",LTU,M,,,,1969,0,20,AUG25,1988,i
343109859,"Poderys, Mantas",LTU,M,,,,1694,0,40,AUG25,1986,
12844110,"Posaskov, Maksim",LTU,M,,,,1485,0,40,AUG25,2010,
12816140,"Posaskov, Nikita",LTU,M,,,,2062,9,20,AUG25,2005,
12818194,"Posaskov, Sergej",LTU,M,,,,1647,0,40,AUG25,1971,i
12804380,"Poska, Karolis",LTU,M,,,,1952,0,20,AUG25,1994,i
12850179,"Potapkin, Maksim",LTU,M,,,,1519,0,40,AUG25,2014,
12802816,"Potapova, Jelizaveta",LTU,F,,,,1969,0,20,AUG25,1988,wi
12813397,"Povilaitis, Kamilijus",LTU,M,,,,1796,0,40,AUG25,1976,i
12813109,"Povilaitis, Matas",LTU,M,,,,1864,0,20,AUG25,2006,
12813290,"Povilaitis, Stasys",LTU,M,,,,1534,0,40,AUG25,1949,i
12811700,"Povilaitis, Tomas",LTU,M,,,,2123,0,20,AUG25,2005,
12805858,"Povilavicius, Vytas",LTU,M,,,,1748,0,20,AUG25,1960,i
12804770,"Pozerskas, Giedrius",LTU,M,,,,1795,0,20,AUG25,1996,i
12801836,"Pralgauskas, Sigitas",LTU,M,,,,2124,0,40,AUG25,1967,i
12803200,"Pranaityte, Indre",LTU,F,,,,1945,0,20,AUG25,1989,wi
12857670,"Pranckevicius, Jokubas",LTU,M,,,,1405,0,40,AUG25,2010,i
12813117,"Pranskaitis, Erikas",LTU,M,,,,1594,0,40,AUG25,2003,i
12828491,"Praspaliauskas, Matas",LTU,M,,,,1846,0,40,AUG25,2007,
12816477,"Preibys, Mantas",LTU,M,,,,1657,0,20,AUG25,2001,i
12832456,"Preiksas, Kazimiras",LTU,M,,,,1914,0,40,AUG25,1968,i
12848743,"Prelgauskas, Dovydas",LTU,M,,,,1418,0,40,AUG25,2008,
12801550,"Prigodin, Ruslan",LTU,M,,,,2057,0,20,AUG25,1993,
12803995,"Prismontaite, Reda",LTU,F,,,,1958,0,20,AUG25,1986,wi
12800791,"Prokopowicz, Czeslaw",LTU,M,,,,2154,0,20,AUG25,1976,i
12803847,"Pronckus, Tadas",LTU,M,,,,1946,0,40,AUG25,1986,i
12839973,"Prostsevichus, Vladislav",LTU,M,,,,1828,0,40,AUG25,1959,i
12840041,"Prystavko, Kazimir",LTU,M,,,,1700,0,40,AUG25,1977,i
12822604,"Pucius, Benas",LTU,M,,,,1535,0,20,AUG25,2006,i
12803340,"Puidokaite, Kristina",LTU,F,,,,1872,0,20,AUG25,1990,wi
12860336,"Puisys, Dominykas",LTU,M,,,,1531,3,40,AUG25,2013,
12865214,"Pukinskas, Paulius",LTU,M,,,,ACM,1484,0,AUG25,2008,i
12809390,"Pultinevicius, Paulius",LTU,M,GM,,,2529,9,10,AUG25,2001,
12815578,"Pupka, Paulius",LTU,M,,,,1602,0,20,AUG25,2006,i
12836320,"Pustovalovas, Gabrielius",LTU,M,,,,1543,0,40,AUG25,2010,
12855693,"Puzas, Kasparas",LTU,M,,,,1707,9,40,AUG25,2016,
12834882,"Racickaite, Karolina",LTU,F,,,,1407,0,40,AUG25,2008,w
12844128,"Racinskas, Azuolas",LTU,M,,,,AFM,1815,0,AUG25,2009,
12817597,"Rackauskas, Karolis",LTU,M,,,,1811,0,20,AUG25,2006,i
12805971,"Rackevicius, Saulius",LTU,M,,,,1962,0,20,AUG25,1974,
12836184,"Radzevicius, Matas M.",LTU,M,,,,1407,0,40,AUG25,2006,i
12849847,"Radzevicius, Sigitas",LTU,M,,,,1644,8,20,AUG25,1969,
12846872,"Radzisauskas, Algirdas",LTU,M,,,,1903,0,40,AUG25,1967,i
12844381,"Radziukynas, Jonas",LTU,M,,,,1509,0,40,AUG25,2011,i
12815918,"Radziunas, Petras",LTU,M,,,,1627,0,40,AUG25,2002,i
12808750,"Radzivonas, Andrius",LTU,M,,,,1761,0,40,AUG25,1998,i
12818534,"Radzvilaviciene, Daiva",LTU,F,,,,1769,0,20,AUG25,1967,wi
12863394,"Ragainis, Gediminas",LTU,M,,,,1598,0,40,AUG25,2014,
12803502,"Ragainis, Gintaras",LTU,M,,,,1936,0,40,AUG25,1957,i
12834637,"Rakickas, Aurimas",LTU,M,,,,1637,0,40,AUG25,2009,
12804320,"Ralys, Vincas",LTU,M,,,,1946,0,20,AUG25,1993,i
12804266,"Ramanauskas, Leonas",LTU,M,,,,1788,0,20,AUG25,1943,i
12856886,"Ramoskevicius, Jonas",LTU,M,,,,1615,0,40,AUG25,2008,
12808130,"Ramsas, Paulius",LTU,M,,,,1612,0,40,AUG25,1996,i
12802565,"Rankele, Albinas",LTU,M,,,,1635,0,20,AUG25,1938,
12820881,"Rastenis, Dominykas",LTU,M,,,,1480,0,20,AUG25,2004,i
12800260,"Rastenis, Gediminas",LTU,M,,,,2323,0,20,AUG25,1954,i
12825220,"Ratkeviciute, Laurinta",LTU,F,,,,1501,0,40,AUG25,2007,w
12800880,"Ratkus, Laimonas",LTU,M,,,,2193,0,40,AUG25,1977,i
12809136,"Rauckyte, Kamile",LTU,F,,,,1631,0,20,AUG25,2001,wi
12808440,"Rauduve, Algirdas",LTU,M,,,,1765,0,20,AUG25,1952,i
12815721,"Raudys, Danielius",LTU,M,,,,1637,0,20,AUG25,2001,i
12848271,"Raugalas, Marius",LTU,M,,,,1764,0,40,AUG25,1988,i
12813494,"Raugevicius, Matas",LTU,M,,,,1862,9,20,AUG25,2005,
12837911,"Ravinis, Jokubas",LTU,M,,,,1404,0,40,AUG25,2011,i
12810738,"Ravlusevic, Evelina",LTU,F,,,,1831,0,20,AUG25,2003,wi
12868337,"Razas, Valdas",LTU,M,,,,1784,7,40,AUG25,1973,
12807494,"Reklaitis, Sarunas",LTU,M,,,,1882,0,20,AUG25,1995,i
12806374,"Remeika, Arvydas",LTU,M,,,,1504,0,40,AUG25,1984,i
12814970,"Remeika, Matas",LTU,M,,,,1546,0,40,AUG25,2001,i
12829137,"Remeika, Ugnius",LTU,M,,,,1548,0,20,AUG25,2006,i
12832278,"Remeika, Vytautas",LTU,M,,,,1622,0,20,AUG25,1977,i
12833428,"Remeika, Vytenis",LTU,M,,,,1521,0,40,AUG25,2011,i
12832286,"Remeikaite, Rugile",LTU,F,,,,1507,0,40,AUG25,2009,wi
12853429,"Repecka, Kristupas",LTU,M,,,,1477,0,40,AUG25,1995,
12857807,"Riauka, Simas",LTU,M,,,,1632,0,40,AUG25,2011,
12810991,"Riauka, Vytautas",LTU,M,,,,1727,0,20,AUG25,1988,
12847585,"Ribinskas, Gediminas",LTU,M,,,,1768,16,20,AUG25,2003,
12805173,"Ridzvanavicius, Jonas",LTU,M,,,,2024,0,20,AUG25,1943,i
12803910,"Rimeikis, Andrius",LTU,M,,,,2132,0,20,AUG25,1992,
12804959,"Rimkus, Adomas",LTU,M,,,,1812,0,20,AUG25,1984,i
12823678,"Rimkus, Bronius",LTU,M,,,,1758,0,40,AUG25,1943,i
12812110,"Rimkus, Ignas",LTU,M,,,,1884,0,40,AUG25,1993,i
12828637,"Rimkus, Tomas",LTU,M,,,,1471,0,40,AUG25,2009,i
12800473,"Rocius, Marijonas",LTU,M,,,,2184,0,20,AUG25,1963,i
12803928,"Rogovojus, Nikolajus",LTU,M,,,,1732,0,40,AUG25,1945,i
12851159,"Romeika, Ernestas",LTU,M,,,,1630,0,40,AUG25,1992,i
12800023,"Rozentalis, Eduardas",LTU,M,GM,,,2462,18,10,AUG25,1963,
12820652,"Rudaitis, Jokubas",LTU,M,,,,1542,0,40,AUG25,2006,i
12804096,"Rudys, Arunas",LTU,M,,,,1991,0,20,AUG25,1971,i
12847950,"Rudys, Augustas",LTU,M,,,,1555,8,40,AUG25,2013,
12802042,"Rudys, Mantas",LTU,M,,,,1914,0,20,AUG25,1992,i
12805343,"Rudyte, Migle",LTU,F,,,,1775,0,20,AUG25,1995,wi
12835552,"Rudzinskaite, Ula",LTU,F,,,,1778,0,40,AUG25,2010,w
12812722,"Rudzkis, Mazvydas",LTU,M,,,,1680,0,20,AUG25,1999,i
12827355,"Rudzkis, Vilius",LTU,M,,,,2146,0,40,AUG25,2007,
12807214,"Ruginiene, Ramune",LTU,F,,,,1714,0,40,AUG25,1972,wi
12837156,"Ruginis, Antanas",LTU,M,,,,1549,0,40,AUG25,1957,i
12836400,"Rukas, Danielius",LTU,M,,,,1410,0,40,AUG25,2010,i
12812005,"Ruksenas, Romas",LTU,M,,,,1999,0,20,AUG25,1969,i
12837059,"Rumiancevas, Valentinas",LTU,M,,,,1619,0,40,AUG25,1990,i
12803359,"Rupsys, Antanas",LTU,M,,,,1779,0,40,AUG25,1990,i
12806463,"Rupsys, Justas",LTU,M,,,,1888,0,40,AUG25,1994,i
12802891,"Rupsys, Rimantas",LTU,M,,,,1823,0,20,AUG25,1966,
12852376,"Ruseckas, Kristupas",LTU,M,,,,1458,0,40,AUG25,2015,
12831085,"Rusteika, Paulius",LTU,M,,,,1486,0,40,AUG25,2008,i
12801917,"Rutkauskas, Gediminas",LTU,M,,,,1824,0,20,AUG25,1954,
12805351,"Rutkus, Marius",LTU,M,,,,1902,0,20,AUG25,1993,i
12800104,"Ruzele, Darius",LTU,M,GM,,,2531,0,10,AUG25,1968,i
12804398,"Sabaliauskas, Laimonas",LTU,M,,,,2020,0,20,AUG25,1977,
12870765,"Sabaliauskas, Sigitas",LTU,M,,,,1506,0,40,AUG25,1972,
12806390,"Sabaliauskis, Martynas",LTU,M,,,,1825,0,20,AUG25,1995,i
12814920,"Sabaliauskyte, Ieva",LTU,F,,,,1542,0,20,AUG25,2003,wi
12804436,"Sabatina, Emilija",LTU,F,,,,1765,0,40,AUG25,1995,wi
12801992,"Sableviciene, Sarune",LTU,F,,,,1996,0,20,AUG25,1982,wi
12828378,"Sadzevicius, Justinas",LTU,M,,,,1441,0,40,AUG25,2008,i
12800457,"Sakalauskas, Vaidas",LTU,M,IM,NA,,2317,0,10,AUG25,1971,
12835617,"Sakavickas, Rokas",LTU,M,,,,1432,0,40,AUG25,2006,i
12802425,"Sakiniene, Gina",LTU,F,,,,2062,0,20,AUG25,1985,wi
12864749,"Sakinis, Rimandas",LTU,M,,,,1721,0,40,AUG25,1960,
12802174,"Sakinis, Robertas",LTU,M,,,,2011,0,20,AUG25,1984,i
12840548,"Sakinis, Rokas",LTU,M,,,,ACM,1721,9,AUG25,2013,
12809268,"Salenga, Rytis",LTU,M,,,,1857,0,40,AUG25,1969,
12803219,"Salickas, Vytenis",LTU,M,,,,2025,0,20,AUG25,1989,i
12807575,"Salna, Aleksandras",LTU,M,FM,NA,,2291,9,20,AUG25,2000,
12808628,"Samodelkin, Artiom",LTU,M,,,,1785,0,40,AUG25,1980,i
12801623,"Samofalov, Artiom",LTU,M,,,,1864,0,40,AUG25,1991,i
12800678,"Samulevicius, Tomas",LTU,M,,,,2316,0,20,AUG25,1980,i
12807672,"Samulionis, Matas",LTU,M,,,,1797,0,20,AUG25,2000,i
12808946,"Samuolis, Mantas",LTU,M,,,,1948,0,20,AUG25,2000,i
12811629,"Sanda, Dovydas",LTU,M,,,,1782,0,40,AUG25,1999,i
12829943,"Sanda, Karolis",LTU,M,,,,1447,0,40,AUG25,2010,i
12800724,"Sarakauskas, Gediminas",LTU,M,IM,,,2316,0,10,AUG25,1977,
12817333,"Sarauskas, Andrius",LTU,M,,NA,,2026,9,20,AUG25,2002,
12823643,"Sarcevicius, Rapolas",LTU,M,,,,1490,0,20,AUG25,2006,i
12860573,"Sargautyte, Ruta",LTU,F,,,,1511,5,40,AUG25,1958,w
12807680,"Sateika, Vytautas",LTU,M,,,,1793,0,40,AUG25,1958,i
12835684,"Satkauskas, Benediktas",LTU,M,,,,AIM,1507,0,AUG25,2009,i
12804401,"Satkauskas, Egidijus",LTU,M,,,,1600,0,40,AUG25,1991,i
12804789,"Satkus, Kestutis",LTU,M,,,,1710,0,40,AUG25,1996,i
12831514,"Saudys, Jonas",LTU,M,,,,1575,0,40,AUG25,1947,i
12845990,"Saukalaite, Noja",LTU,F,,,,1457,0,40,AUG25,2011,wi
12846228,"Saukalas, Erikas",LTU,M,,,,1461,0,40,AUG25,1977,i
12802727,"Saulyte, Evelina",LTU,F,,,,1985,0,20,AUG25,1991,wi
12802735,"Saulyte, Gabriele",LTU,F,,,,2026,0,20,AUG25,1990,wi
12806129,"Saumanaite, Skaiste",LTU,F,,,,1998,0,20,AUG25,1998,wi
12818798,"Saumaniene, Jurate",LTU,F,,,,1772,0,20,AUG25,1961,wi
12822221,"Saunorius, Tomas",LTU,M,,,,1456,0,40,AUG25,2007,i
12816671,"Saunoriute, Milda",LTU,F,,,,1765,0,20,AUG25,2003,wi
12845531,"Savelevas, Grazvidas",LTU,M,,,,1568,0,40,AUG25,1996,
12826650,"Saviciauskas, Germantas",LTU,M,,,,1564,0,40,AUG25,2008,
12802557,"Savickas, Airidas",LTU,M,FM,,,2363,0,20,AUG25,1987,i
12803642,"Savickiene, Viktorija",LTU,F,,,,1943,0,20,AUG25,1988,w
12806404,"Savickiene, Virginija",LTU,F,,,,1861,0,20,AUG25,1977,wi
12806633,"Savin, Jevgenij",LTU,M,,,,1784,0,40,AUG25,1951,i
12827363,"Scekaciov, Rostislav",LTU,M,,,,1784,0,20,AUG25,2006,
12843156,"Scerbinkinas, Viktoras",LTU,M,,,,1513,0,40,AUG25,1997,i
12828220,"Scipokaite, Deina",LTU,F,,,,1597,0,40,AUG25,2008,w
12803693,"Sciupokas, Arunas",LTU,M,,,,1955,0,20,AUG25,1953,
12834718,"Segzda, Deimantas",LTU,M,,,,1441,0,40,AUG25,2008,i
12829218,"Segzda, Gytis",LTU,M,,,,1851,0,40,AUG25,1988,i
12851272,"Seifert, Emma Victoria",LTU,F,,,,1423,0,40,AUG25,2012,w
12854603,"Semenauskas, Nojus",LTU,M,,,,1433,0,40,AUG25,2010,
12802980,"Semionovas, Sergejus",LTU,M,,,,2024,0,20,AUG25,1990,i
12817112,"Semonavicius, Arturas",LTU,M,,,,1618,0,40,AUG25,1965,i
12806811,"Semonaviciute, Agne",LTU,F,,,,1917,0,20,AUG25,1999,w
12806820,"Semonaviciute, Migle",LTU,F,,,,1742,0,20,AUG25,2001,w
12804797,"Seputis, Antanas",LTU,M,,,,1774,0,20,AUG25,1950,i
12829404,"Ser, Daniel",LTU,M,CM,,,2078,9,40,AUG25,2009,
12846252,"Ser, Karina",LTU,F,,,,AFM,1427,0,AUG25,2015,w
13526626,"Sergeeva, Eva",LTU,F,,,,1620,0,40,AUG25,2012,w
12817341,"Sernaite, Austeja",LTU,F,,,,1675,0,40,AUG25,2002,wi
12805360,"Setikiene, Grazina",LTU,F,,,,1852,0,20,AUG25,1957,wi
12803936,"Setkauskas, Vaidas",LTU,M,,,,2272,0,20,AUG25,1993,
12818755,"Sevcenko, Piotr",LTU,M,,,,1494,0,40,AUG25,1936,i
12801054,"Sevrukas, Gediminas",LTU,M,,,,1894,0,40,AUG25,1966,
12827819,"Shalabayev, Syrym",LTU,M,,,,1825,0,20,AUG25,1969,i
12800899,"Shidlovskiy, Yuriy",LTU,M,,,,2380,0,40,AUG25,0,i
12822655,"Shilova, Nika",LTU,F,,,,1441,0,40,AUG25,2006,wi
12807583,"Sibajeva, Marija",LTU,F,WFM,WFM,,2000,0,20,AUG25,2002,w
12806030,"Sidabras, Ignas",LTU,M,,,,1881,0,20,AUG25,1998,i
12806048,"Sidabras, Jonas Dr.med.",LTU,M,,,,2021,0,20,AUG25,1998,i
12840289,"Sidaravicius, Leonas",LTU,M,,,,1772,0,40,AUG25,1950,i
12810177,"Sidaraviciute, Ruta",LTU,F,,,,1663,0,20,AUG25,1965,w
12806196,"Silauskas, Kestutis",LTU,M,,,,1839,0,20,AUG25,1994,i
12855421,"Sileikis, Zygimantas",LTU,M,,,,1440,6,40,AUG25,2014,
12811572,"Silkaitis, Laimis",LTU,M,,,,1827,0,20,AUG25,2004,i
12805386,"Silkus, Algirdas",LTU,M,,,,1961,0,20,AUG25,1991,i
12806943,"Simaite, Meida",LTU,F,,,,1732,0,20,AUG25,2001,wi
12804100,"Simanaitis, Vytautas",LTU,M,,,,2040,0,20,AUG25,1993,i
12803022,"Simanauskas, Algirdas",LTU,M,,,,1970,0,40,AUG25,1952,i
12849006,"Simanavicius, Tautvydas",LTU,M,,,,1592,0,40,AUG25,2013,i
12805033,"Simas, Dainius",LTU,M,,,,1812,0,40,AUG25,1989,i
12826049,"Simeliunas, Aurimas",LTU,M,,,,1525,0,40,AUG25,1977,i
12808253,"Simkunaite, Gabija",LTU,F,WFM,WFM,NA,2009,0,20,AUG25,2002,w
12806145,"Simkunas, Kestutis",LTU,M,,,,1899,0,20,AUG25,1958,
12810169,"Simonis, Karolis",LTU,M,,,,2031,0,40,AUG25,1987,i
12840602,"Sinkevicius, Majus",LTU,M,,,,1411,0,40,AUG25,2012,i
12851230,"Sinusas, Kestutis",LTU,M,,,,1532,0,20,AUG25,1987,
12839132,"Sipavicius, Einaras",LTU,M,,,,1634,0,40,AUG25,1998,
12846368,"Sireikis, Jokubas",LTU,M,,,,1593,0,40,AUG25,1999,i
12818259,"Sirtautas, Indrius",LTU,M,,,,1765,0,40,AUG25,1992,i
12815845,"Sitkauskaite, Ieva",LTU,F,,,,1708,0,20,AUG25,2004,wi
12809179,"Siugzdinis, Tautvydas",LTU,M,,,,1776,0,20,AUG25,2003,i
12803154,"Sivickij, Edvard",LTU,M,,,,1971,0,40,AUG25,1988,i
12810371,"Skaburskis, Martynas",LTU,M,,,,1910,0,40,AUG25,2001,
12861871,"Skalisius, Rimvydas",LTU,M,,,,1512,0,20,AUG25,1996,
12801062,"Skarulskis, Robertas",LTU,M,,,,2010,0,20,AUG25,1979,i
12810380,"Skerba, Gediminas",LTU,M,,,,1687,0,20,AUG25,1999,i
12804045,"Skerute, Irena",LTU,F,,,,1582,0,20,AUG25,1940,wi
12801852,"Skierus, Algimantas",LTU,M,,,,1847,0,20,AUG25,1957,
12813508,"Skietrys, Eugenijus",LTU,M,,,,1583,0,20,AUG25,1979,i
12800686,"Skrebnevskis, Romanas",LTU,M,,,,2223,0,20,AUG25,1975,i
12808768,"Skripkiunas, Benas",LTU,M,,,,1709,0,20,AUG25,2002,
12828203,"Skyrius, Aronas",LTU,M,,,,1676,0,40,AUG25,2009,i
12800449,"Slapikas, Vytautas",LTU,M,IM,,,2363,0,10,AUG25,1973,i
12809187,"Slikas, Deividas",LTU,M,,,,1677,0,40,AUG25,2001,i
12803766,"Slikas, Laurynas",LTU,M,,,,1972,0,20,AUG25,1992,i
12814946,"Slikas, Rokas",LTU,M,,,,1623,0,20,AUG25,2004,i
12801020,"Slivinskas, Mindaugas",LTU,M,,,,2235,0,20,AUG25,1976,i
12829315,"Slivinskas, Vytautas",LTU,M,,,,1953,0,40,AUG25,1952,i
12820709,"Slubelis, Pijus",LTU,M,,,,1404,0,40,AUG25,2006,i
12802409,"Slusnys, Evaldas",LTU,M,,,,AIM,1847,0,AUG25,1971,i
12800465,"Slusnys, Mindaugas",LTU,M,,,,2275,0,40,AUG25,1972,i
12825301,"Smalskys, Vaidotas",LTU,M,,,,1754,0,40,AUG25,1987,i
12809705,"Smolenskas, Dainius",LTU,M,,,,1869,0,40,AUG25,1971,i
12807354,"Snezko, Marius",LTU,M,,,,1904,0,20,AUG25,1996,
12833037,"Snipaitis, Simonas",LTU,M,,,,1470,0,40,AUG25,2009,i
12804894,"Snuviskis, Tadas",LTU,M,,,,1585,0,40,AUG25,1991,i
12806153,"Snyras, Kazys",LTU,M,,,,1665,0,20,AUG25,1936,i
12800368,"Solys, Laimutis",LTU,M,FM,,,2241,0,20,AUG25,1961,
12823651,"Songaila, Jokubas",LTU,M,,,,1480,0,40,AUG25,2006,i
12851094,"Sosunov, Denis",LTU,M,,,,1575,0,40,AUG25,1980,i
12845892,"Sosunov, Nikita",LTU,M,,,,1434,0,40,AUG25,2010,i
12834530,"Spevak, Dovydas",LTU,M,,,,1935,9,40,AUG25,2007,
12802484,"Stalemekas, Ernestas",LTU,M,,,,2131,0,20,AUG25,1977,i
12804169,"Stalgys, Vidmantas",LTU,M,,,,1726,0,40,AUG25,1945,i
12803804,"Stankevic, Robertas",LTU,M,,,,1870,0,20,AUG25,1988,i
12808890,"Stankevicius, Vytautas",LTU,M,,,,1890,0,40,AUG25,1980,i
12807532,"Stankus, Andrius",LTU,M,,,,1764,0,40,AUG25,1989,i
12803871,"Stanzys, Almantas",LTU,M,,,,1900,0,20,AUG25,1988,i
12815705,"Staponas, Zygimantas",LTU,M,,,,1545,0,20,AUG25,2005,i
12802751,"Starovoitovas, Viktoras",LTU,M,,,,2150,0,40,AUG25,1986,i
13507567,"Stashis, Anna",LTU,F,,,,1945,0,20,AUG25,2000,wi
12840033,"Stasiulionis, Ceslovas",LTU,M,,,,1594,0,20,AUG25,1960,
12853984,"Stasiulis, Robertas",LTU,M,,,,1576,0,40,AUG25,1981,
12800740,"Stasiunaite, Lina",LTU,F,WFM,WFM,,2148,0,20,AUG25,1977,wi
12826731,"Stasius, Matas",LTU,M,,,,1491,0,40,AUG25,2007,i
12808270,"Stasius, Vidmantas",LTU,M,,,,1893,0,20,AUG25,1980,
12814210,"Staskeviciute, Darija",LTU,F,,,,1714,0,20,AUG25,2003,w
12808148,"Stauskas, Lukas",LTU,M,,,,2385,0,20,AUG25,2000,
12804274,"Steponavicius, Algimantas",LTU,M,,,,AIM,1777,0,AUG25,1961,
12817716,"Steponavicius, Petras",LTU,M,,,,1768,0,20,AUG25,1946,
12800848,"Steponavicius, Stasys",LTU,M,,,,2224,0,20,AUG25,1978,
12848131,"Steponavicius, Zygimantas",LTU,M,,,,1573,0,40,AUG25,2000,i
12856770,"Stiklickas, Mantas",LTU,M,,,,1632,0,40,AUG25,2010,
12804819,"Stitilis, Arnoldas",LTU,M,,,,1878,0,20,AUG25,1974,i
12806897,"Stitilis, Domas",LTU,M,,,,1710,0,20,AUG25,2000,i
12802328,"Stojanas, Justinas",LTU,M,,,,2086,0,20,AUG25,1984,
12802379,"Stonciute, Edita",LTU,F,,,,1802,0,40,AUG25,1991,wi
12803499,"Stoniene, Brigita",LTU,F,,,,2012,0,20,AUG25,1991,wi
12833479,"Straksys, Vidas",LTU,M,,,,1696,0,40,AUG25,1975,i
12823570,"Strauka, Jokubas",LTU,M,,,,1614,0,40,AUG25,2002,i
12832081,"Straukiene, Irena",LTU,F,,,,1735,0,20,AUG25,1957,wi
12805980,"Strazdas, Povilas",LTU,M,,,,1924,0,40,AUG25,1996,i
12824615,"Strazdas, Povilas",LTU,M,,,,1463,0,40,AUG25,2006,i
12801887,"Streikus, Simonas",LTU,M,,,,2205,0,20,AUG25,1982,i
12812730,"Stremavicius, Pijus",LTU,M,IM,,,2345,0,10,AUG25,2004,
12804444,"Stremavicius, Titas",LTU,M,GM,,,2549,0,10,AUG25,1998,
12804827,"Strigunas, Rytis",LTU,M,,,,1809,0,20,AUG25,1996,i
12834742,"Strokova, Medeina",LTU,F,,,,1663,9,40,AUG25,2008,w
12805513,"Struckas, Arunas",LTU,M,,,,1978,0,40,AUG25,1979,i
12810967,"Stukas, Ernestas",LTU,M,,,,1709,0,40,AUG25,2000,i
12803421,"Subatavicius, Mindaugas",LTU,M,,,,2096,0,40,AUG25,1988,i
12833975,"Sukaitis, Simas",LTU,M,,,,1489,0,40,AUG25,2008,i
12826723,"Sukauskas, Ernestas",LTU,M,,,,1561,0,40,AUG25,1989,i
12812544,"Sukvietis, Airidas",LTU,M,,,,1690,0,20,AUG25,2003,i
12821799,"Sukyte, Kotryna",LTU,F,,,,1846,9,20,AUG25,2006,w
12801674,"Sulikiene, Kristina",LTU,F,WCM,WCM,,1860,0,20,AUG25,1980,wi
12800953,"Sulskis, Giedrius",LTU,M,,,,2234,0,20,AUG25,1976,i
12800112,"Sulskis, Sarunas",LTU,M,GM,FT,,2476,0,10,AUG25,1972,
12800562,"Sumskis, Rimvydas",LTU,M,,,,1973,0,20,AUG25,1970,
12847542,"Surplys, Benas",LTU,M,,,,1551,0,40,AUG25,2010,i
12841544,"Surplys, Faustas",LTU,M,,,,1594,0,40,AUG25,2009,i
12801313,"Surplys, Giedrius",LTU,M,,,,2010,0,40,AUG25,1980,i
12848913,"Surplys, Jokubas",LTU,M,,,,1584,0,40,AUG25,2012,i
12801739,"Survila, Andrius",LTU,M,,,,2051,0,40,AUG25,0,i
12800406,"Sutkevicius, Juozas",LTU,M,,,,2029,0,20,AUG25,1955,i
12810398,"Sutkevicius, Lukas",LTU,M,,,,1768,0,20,AUG25,1998,i
12828882,"Svazinskas, Vytautas",LTU,M,,,,1765,0,40,AUG25,1955,i
12831735,"Svencionyte, Auguste",LTU,F,,,,1411,0,40,AUG25,2010,wi
12805777,"Svitojus, Zygimantas",LTU,M,,,,2029,0,20,AUG25,1997,
12812552,"Sysojevas, Emilis",LTU,M,,,,1677,0,40,AUG25,2003,i
12855391,"Tack, Thomas",LTU,M,,,,1433,0,40,AUG25,2010,i
12860603,"Tamasauskas, Ignas Laimonas",LTU,M,,,,1484,0,40,AUG25,1995,i
12805394,"Tamosaitis, Rimas",LTU,M,,,,1993,0,20,AUG25,1961,
12801569,"Taucius, Martynas",LTU,M,,,,2260,0,20,AUG25,1977,i
12802123,"Taujanskis, Eugenijus",LTU,M,,,,1869,0,20,AUG25,1960,i
12805580,"Teleisa, Vytautas",LTU,M,,,,1857,0,40,AUG25,1939,i
12814229,"Telisauskas, Mantas",LTU,M,,,,1510,0,20,AUG25,2002,i
12805408,"Tilvikas, Justas",LTU,M,,,,1985,0,20,AUG25,1993,i
12800015,"Tiuninas, Algirdas",LTU,M,,,,2072,0,20,AUG25,1992,i
12800929,"Tokarevas, Tomas",LTU,M,,,,2210,0,20,AUG25,1973,i
12842966,"Tomkus, Augustas",LTU,M,,,,1443,0,40,AUG25,2010,
12842958,"Tomkute, Zivile",LTU,F,,,,1509,0,40,AUG25,2010,w
12852082,"Trapuila, Dovas",LTU,M,,,,1408,0,40,AUG25,2013,
12809730,"Tuinyla, Juozas",LTU,M,,,,1639,0,40,AUG25,1950,i
12805424,"Tulabaite, Kotryna",LTU,F,,,,1793,0,20,AUG25,1992,wi
12802450,"Tumosa, Algis",LTU,M,,,,1924,0,20,AUG25,1951,i
12802646,"Turauskas, Laimonas",LTU,M,,,,2065,0,20,AUG25,1991,i
12800236,"Turauskiene, Renata",LTU,F,WIM,WIM,,2209,0,20,AUG25,1969,wi
12809748,"Tuska, Rimantas",LTU,M,,,,1917,0,40,AUG25,1986,i
12842800,"Tutinas, Romualdas",LTU,M,,NA,,1791,15,20,AUG25,1969,
12823848,"Tutkus, Lukas",LTU,M,,,,1565,0,40,AUG25,1992,i
12803030,"Tvarijonas, Jonis",LTU,M,,,,2006,0,40,AUG25,1988,i
12802581,"Tvarijonas, Povilas",LTU,M,FM,,,2361,0,20,AUG25,1991,i
12805432,"Tvarijonas, Tomas",LTU,M,FM,,,2228,0,20,AUG25,1996,i
12819654,"Tvarijonavicius, Lukas",LTU,M,,,,1518,0,40,AUG25,2000,i
12824518,"Uckuronis, Aleksandras",LTU,M,,,,1537,0,40,AUG25,2007,i
12800554,"Ulcinas, Arturas",LTU,M,,,,2155,0,40,AUG25,0,i
12812510,"Ulevicius, Paulius",LTU,M,,,,1603,0,40,AUG25,2001,i
12863084,"Ulianskas, Dovydas",LTU,M,,,,1431,0,40,AUG25,2012,i
12838500,"Ulinauskas, Tauras",LTU,M,,,,1419,0,40,AUG25,2008,i
12829781,"Undzenas, Algimantas",LTU,M,,,,1776,0,20,AUG25,1940,
12866261,"Unguraitis, Rojus",LTU,M,,,,1430,3,40,AUG25,2015,
12809756,"Uoka, Virginijus",LTU,M,,,,1540,0,40,AUG25,1971,i
12804908,"Urbanavicius, Rytis",LTU,M,,,,1836,0,40,AUG25,1995,i
12847909,"Urbanavicius-Heredia, Benjamin",LTU,M,,,,1459,0,40,AUG25,2008,i
12803260,"Urbanaviciute, Danute",LTU,F,,,,1798,0,40,AUG25,1969,w
12813168,"Urbonaite, Ieva",LTU,F,,,,1417,0,40,AUG25,2005,wi
12801356,"Urbonas, Donatas",LTU,M,,,,1970,0,40,AUG25,1992,i
12855405,"Urbonas, Skomantas",LTU,M,,,,1557,0,40,AUG25,2008,i
12802603,"Urbonaviciute, Zivile",LTU,F,,,,1919,0,20,AUG25,1994,wi
12853070,"Urbutis, Liudvikas",LTU,M,,,,1494,10,40,AUG25,2014,
12805440,"Usakovas, Jevgenijus",LTU,M,,,,2106,0,20,AUG25,1960,i
12845973,"Usinskas, Jonas",LTU,M,,,,1489,0,40,AUG25,2013,i
12830143,"Uza, Domantas",LTU,M,,,,1513,0,40,AUG25,2009,i
1585096,"Uzkuraitis, Ugnius",LTU,M,,,,1499,0,40,AUG25,2010,i
12836486,"Vaicekauskas, Domas",LTU,M,,,,1591,0,40,AUG25,2009,
12805459,"Vaicekauskas, Gytis",LTU,M,CM,,,2206,0,20,AUG25,1995,
12809195,"Vaiciulenas, Lukas",LTU,M,,,,1632,0,40,AUG25,2001,i
12811122,"Vaiciulionis, Eugenijus",LTU,M,,,,1484,0,40,AUG25,1942,i
12824801,"Vaiciunas, Giedrius",LTU,M,,,,1814,0,40,AUG25,2009,i
12853437,"Vaiciunas, Martynas",LTU,M,,,,1518,0,40,AUG25,1996,i
12817104,"Vainauskas, Haroldas",LTU,M,,,,1625,0,40,AUG25,2007,i
12838152,"Vainauskas, Timotiejus",LTU,M,,,,1444,0,40,AUG25,2009,i
12829870,"Vainermanas, Berelis",LTU,M,,,,1750,0,20,AUG25,1957,
12869066,"Vaisman, Nikole",LTU,F,,,,1525,0,40,AUG25,2014,w
12803367,"Vaisvila, Andrius",LTU,M,,,,1912,0,20,AUG25,1993,
12841846,"Vaitiekunas, Motiejus",LTU,M,,,,1692,8,40,AUG25,2011,
12841854,"Vaitiekunas, Zaimantas",LTU,M,,,,1483,0,40,AUG25,1974,
12807451,"Vaitkevicius, Kasparas",LTU,M,,,,1870,0,20,AUG25,1986,
12806951,"Vaitkevicius, Paulius",LTU,M,,,,1974,0,20,AUG25,2001,i
12846333,"Vaitkunas, Pijus",LTU,M,,,,1588,0,40,AUG25,2010,
12816710,"Vaitkus, Mantas",LTU,M,,,,1535,0,40,AUG25,2005,i
12846597,"Valaika, Mantas",LTU,M,,,,1556,0,40,AUG25,1986,i
12838578,"Valaika, Matas",LTU,M,,,,1435,0,40,AUG25,2010,
12846830,"Valanciunas, Kristijonas",LTU,M,,,,1571,0,40,AUG25,1998,i
12860999,"Valancius, Nedas",LTU,M,,,,1402,0,40,AUG25,2010,
12847739,"Valantiejus, Jokubas",LTU,M,,,,1708,0,20,AUG25,2005,
12807370,"Valantiejus, Vaidotas",LTU,M,,,,2105,0,20,AUG25,1985,
12806170,"Valantinas, Rokas",LTU,M,,,,1974,0,40,AUG25,1977,i
12802131,"Valauskas, Juozas",LTU,M,,,,1796,0,20,AUG25,1949,i
12855731,"Valavicius, Rokas",LTU,M,,,,1561,6,40,AUG25,2013,
12836354,"Valciukas, Lukas",LTU,M,,,,1558,8,40,AUG25,2011,
12805700,"Valciukiene, Asta",LTU,F,,NA,,1800,0,20,AUG25,1974,wi
12839485,"Valeikaite, Melika",LTU,F,,,,1447,0,40,AUG25,2009,wi
12804185,"Valenta, Alvydas",LTU,M,,,,1741,0,20,AUG25,1964,
12851728,"Valikonis, Adas",LTU,M,,,,1584,0,40,AUG25,2014,
12815187,"Valiunas, Eimutis",LTU,M,,,,1828,0,20,AUG25,1957,i
12808504,"Valiunas, Rimantas",LTU,M,,,,2066,0,20,AUG25,1961,i
12829048,"Valiusenko, Daniil",LTU,M,,,,1589,0,40,AUG25,2007,i
12832197,"Valkiunas, Simonas",LTU,M,,,,1627,0,40,AUG25,1998,i
12800546,"Vanagaite, Giedre",LTU,F,WFM,WFM,,2078,0,20,AUG25,1997,wi
12819980,"Vanagas, Stanislovas",LTU,M,,,,1540,0,40,AUG25,1952,i
12805467,"Vanagas, Tadas",LTU,M,,,,2173,0,20,AUG25,1996,i
12840610,"Vansevicius, Dominykas",LTU,M,,,,1536,0,40,AUG25,2012,
12808792,"Vardanyan, Aras",LTU,M,FM,NA,,2326,9,20,AUG25,2001,
12801321,"Varnas, Vygantas",LTU,M,,,,2157,0,20,AUG25,1970,i
12800651,"Varniene, Rita",LTU,F,,,,2101,0,20,AUG25,1973,wi
12842974,"Vaseris, Justas",LTU,M,,,,1529,0,40,AUG25,2008,i
12844209,"Vasilevskis, Mantas",LTU,M,,,,1475,0,40,AUG25,2013,
12820962,"Vasiliauskas, Aidas",LTU,M,,,,1440,0,40,AUG25,2007,i
12814245,"Vasiliauskas, Antanas",LTU,M,,,,1789,0,20,AUG25,2003,i
12808334,"Vasiliauskas, Domas",LTU,M,,,,1874,0,20,AUG25,2001,i
12830160,"Vasiliauskas, Donatas Aleksandras",LTU,M,,,,1484,0,40,AUG25,2009,i
12859290,"Vasiliauskas, Dovydas",LTU,M,,,,1519,4,40,AUG25,2010,
12809489,"Vasiliauskas, Ignas",LTU,M,,,,1532,0,20,AUG25,2004,i
12807591,"Vasiliauskas, Nerijus",LTU,M,,,,1945,0,20,AUG25,2001,i
12808008,"Vaskevicius, Augustas",LTU,M,,,,1993,0,20,AUG25,2002,i
12803294,"Vasylius, Kestutis",LTU,M,,,,2080,0,20,AUG25,1989,
12833916,"Vazgauskas, Povilas",LTU,M,,,,1560,0,20,AUG25,1952,
12846643,"Vazneviciute, Jurate",LTU,F,,,,1564,0,20,AUG25,1965,wi
12801216,"Vaznonis, Donatas",LTU,M,,FT,,2053,0,20,AUG25,1979,i
12802069,"Vaznonis, Vytautas",LTU,M,IM,,,2351,0,10,AUG25,1986,
12846686,"Vedegys, Pijus",LTU,M,,,,1445,0,40,AUG25,2012,i
12849383,"Vedrickas, Aistis",LTU,M,,,,1538,4,40,AUG25,2016,
12802654,"Vedrickas, Tautvydas",LTU,M,FM,,,2308,0,10,AUG25,1990,
12846678,"Vedrickas, Vytis",LTU,M,,,,1781,9,40,AUG25,2014,
12802573,"Vedrickiene, Jovita",LTU,F,,,,2012,0,20,AUG25,1986,w
12804142,"Velioniskis, Robertas",LTU,M,,,,1957,0,20,AUG25,1995,i
12813974,"Venckevicius, Justas",LTU,M,,,,1770,0,20,AUG25,2002,i
12825140,"Venckunas, Jonas",LTU,M,,,,1425,0,40,AUG25,2008,i
12825298,"Venckunas, Tomas",LTU,M,,,,1449,0,40,AUG25,1977,i
12815659,"Venckus, Domas",LTU,M,,,,1479,0,40,AUG25,2005,i
12849650,"Venskutonis, Danielius",LTU,M,,,,1572,0,40,AUG25,2009,
12817260,"Versekenaite, Gabija",LTU,F,,,,1635,0,20,AUG25,2004,wi
12802344,"Vesciunas, Tomas",LTU,M,,NA,,2040,0,40,AUG25,1979,
12804541,"Vicas, Marijus",LTU,M,,,,2237,0,20,AUG25,1997,i
12805998,"Vidginis, Vykintas",LTU,M,,,,1848,0,40,AUG25,1995,i
12833819,"Vidugiriene, Silvija",LTU,F,,,,1474,0,40,AUG25,1993,wi
12833800,"Vidugiris, Paulius",LTU,M,,,,1563,0,40,AUG25,1990,i
12807265,"Viederis, Gediminas",LTU,M,,,,1869,0,20,AUG25,1974,
12803723,"Viggins, Beata",LTU,F,,,,1737,0,40,AUG25,1992,wi
12863092,"Vijeikis, Justas",LTU,M,,,,1598,0,40,AUG25,2010,i
12816183,"Viliamas, Dovydas",LTU,M,,,,1913,0,40,AUG25,2007,
12824534,"Viliusis, Neimantas",LTU,M,,,,1674,0,40,AUG25,2008,i
12828785,"Vilkas, Edmundas",LTU,M,,,,1442,0,40,AUG25,1959,i
12815853,"Vilkevicius, Karolis",LTU,M,,,,1499,0,40,AUG25,2003,i
12816736,"Vilkys, Benediktas",LTU,M,,,,1647,0,20,AUG25,2005,i
12800830,"Viskelis, Darius",LTU,M,FM,,,2146,0,20,AUG25,1972,
12801534,"Viskelis, Steponas",LTU,M,,,,1881,0,20,AUG25,1945,i
12811580,"Visomirskis, Algirdas",LTU,M,,,,1827,0,40,AUG25,1983,i
12804495,"Vitkevicius, Juozas",LTU,M,,,,1907,0,20,AUG25,1961,i
12812234,"Vitkus, Gvidas",LTU,M,,,,1848,0,40,AUG25,1980,i
12854964,"Vitkus, Leonas",LTU,M,,,,1684,0,40,AUG25,1950,i
12819611,"Vizinis, Jonas",LTU,M,,,,1654,0,20,AUG25,2006,i
12807605,"Vojevodin, Erik",LTU,M,,,,1651,0,40,AUG25,1998,i
12848140,"Volkov, Leonid",LTU,M,,,,1828,0,40,AUG25,1980,
12814253,"Volkovas, Denisas",LTU,M,,,,1472,0,40,AUG25,2003,i
12817724,"Volkovas, Edvinas",LTU,M,,,,AFM,1697,0,AUG25,1997,
12841307,"Volosatov, Jevgenij",LTU,M,,NA,,AFM,1482,0,AUG25,1978,i
12803430,"Voroblievas, Arturas",LTU,M,,,,1805,0,20,AUG25,1975,
12801984,"Voronov, Vadim",LTU,M,,,,1767,0,20,AUG25,1965,
12808776,"Voropajevas, Nikolajus",LTU,M,,,,1601,0,20,AUG25,1949,
12849812,"Voveris, Vykintas",LTU,M,,,,1575,0,40,AUG25,2008,
12814075,"Vysniauskas, Ovidijus",LTU,M,,,,1947,0,40,AUG25,1988,i
12803944,"Vysniauskas, Vaidas",LTU,M,,,,1818,0,20,AUG25,1971,
12857610,"Vysockij, Artiom",LTU,M,,,,1480,0,40,AUG25,2014,
12847852,"Zaborovskis, Edvinas",LTU,M,,,,1448,0,40,AUG25,2014,
12841820,"Zaborskis, Tautvydas",LTU,M,,,,1552,0,40,AUG25,2008,
12801542,"Zacharov, Vladimir",LTU,M,,,,2014,0,40,AUG25,1953,i
12800120,"Zagorskis, Darius",LTU,M,GM,,,2381,0,10,AUG25,1969,
12815055,"Zakarevicius, Tomas",LTU,M,,,,1620,0,40,AUG25,1982,i
12801496,"Zaksaite, Salomeja",LTU,F,WGM,WGM,,2133,0,20,AUG25,1985,w
12823481,"Zalanskas, Julius",LTU,M,,,,1787,0,40,AUG25,1995,i
12824542,"Zalimas, Ugnius",LTU,M,,,,1673,0,40,AUG25,2007,
12813222,"Zalneravicius, Balys",LTU,M,,,,1492,0,40,AUG25,2003,i
12831115,"Zalys, Matas",LTU,M,,,,1495,0,40,AUG25,2008,i
12800210,"Zapolskis, Antanas",LTU,M,IM,,,2215,0,10,AUG25,1962,i
12800201,"Zaura, Vidmantas",LTU,M,,,,1973,0,20,AUG25,1959,i
12853615,"Zavackas, Martynas",LTU,M,,,,1520,0,40,AUG25,1983,i
12800970,"Zaveckis, Laurynas",LTU,M,CM,,,2252,0,20,AUG25,1977,i
12859702,"Zaveckis, Mantas",LTU,M,,,,1676,9,40,AUG25,2011,
12852414,"Zdanys, Vytenis",LTU,M,,,,1691,0,40,AUG25,2015,
12800937,"Zebrauskis, Robertas",LTU,M,,,,2095,0,40,AUG25,1965,
12804835,"Zeimys, Vilmantas",LTU,M,,,,1698,0,20,AUG25,1967,i
12804916,"Zelannikovas, Viktoras",LTU,M,,,,1939,0,20,AUG25,1994,i
12818801,"Zelvys, Darius",LTU,M,,,,1642,0,40,AUG25,1969,i
12809217,"Zemaitis, Raimondas",LTU,M,,,,1594,0,40,AUG25,1947,i
12804517,"Zemlickas, Arunas",LTU,M,,,,1935,0,20,AUG25,1987,
12802395,"Zickus, Simonas",LTU,M,FM,,,2276,0,20,AUG25,1989,i
12869104,"Zickus, Tajus",LTU,M,,,,1537,0,40,AUG25,2007,
12806668,"Zidanavicius, Eimutis",LTU,M,,,,1904,0,20,AUG25,1962,
12842885,"Ziedas, Linas",LTU,M,,,,1575,0,40,AUG25,1981,i
12823660,"Zilakauskis, Steponas",LTU,M,,,,1926,0,20,AUG25,2006,
12800716,"Zilanus, Arturas",LTU,M,,,,1983,0,20,AUG25,1977,i
12831620,"Zilanus, Paulius",LTU,M,,,,1442,0,40,AUG25,2008,i
12840327,"Zilevicius, Mantas",LTU,M,,,,1703,0,20,AUG25,1994,
12805483,"Zilinskas, Vaidotas",LTU,M,,,,AIM,1919,0,AUG25,1953,
12802824,"Zilvinskas, Aivaras",LTU,M,,,,2002,0,20,AUG25,1985,i
12844888,"Zilys, Eimantas",LTU,M,,,,1424,0,40,AUG25,2004,
12838918,"Zinkevicius, Elijus",LTU,M,,,,1403,0,40,AUG25,2008,i
12808342,"Zinovjev, Oleg",LTU,M,,,,1669,0,20,AUG25,2002,i
12803740,"Ziogas, Modestas",LTU,M,,,,2037,0,20,AUG25,1985,i
12807800,"Ziogiene, Ieva",LTU,F,,,,1609,0,20,AUG25,1985,wi
12803880,"Zirnovas, Martynas",LTU,M,,,,1783,0,20,AUG25,1983,
12800589,"Zitinskas, Lukas",LTU,M,,,,1891,0,20,AUG25,1994,i
12817678,"Ziukaite, Ieva",LTU,F,,,,1422,0,40,AUG25,2005,wi
12847160,"Ziukas, Ernestas",LTU,M,,,,1527,0,40,AUG25,2012,
12817899,"Ziukas, Saulius",LTU,M,,,,1706,0,40,AUG25,2007,
12828513,"Ziura, Arvydas",LTU,M,,,,1550,9,40,AUG25,2008,
12805785,"Ziurkus, Vaidas",LTU,M,,,,1802,0,40,AUG25,1983,i
12827401,"Ziuzin, Fiodar",LTU,M,,,,ACM,1583,0,AUG25,2010,i
12831646,"Znutas, Jokubas",LTU,M,,,,1466,0,40,AUG25,2010,i
12848425,"Znutas, Karolis",LTU,M,,,,1480,0,40,AUG25,1997,i
12861316,"Zobernis, Emilijus",LTU,M,,,,1568,0,40,AUG25,2007,
12810045,"Zolotov, Roman",LTU,M,,,,1697,0,40,AUG25,1998,i
12851450,"Zonyte, Adele",LTU,F,,,,1410,2,40,AUG25,2016,w
12844918,"Zonyte, Aukse",LTU,F,,,,1552,16,40,AUG25,2011,w
12803618,"Zoruba, Martynas",LTU,M,,,,1974,0,40,AUG25,1989,i
12824550,"Zubavicius, Kajus",LTU,M,,,,1497,0,40,AUG25,2007,i
12800902,"Zubrickas, Robertas",LTU,M,,,,2205,0,20,AUG25,1979,i
12801585,"Zujev, Oleg",LTU,M,FM,,,2194,0,20,AUG25,1979,i
12861804,"Zukas, Benas",LTU,M,,,,1404,0,40,AUG25,2010,i
12804533,"Zukauskas, Aloyzas",LTU,M,,,,1850,0,20,AUG25,1931,i
12808180,"Zukauskas, Arnas Povilas",LTU,M,,,,2069,0,20,AUG25,2000,
12807702,"Zukauskas, Egidijus",LTU,M,,,,1655,0,20,AUG25,1961,
12823414,"Zukauskas, Gintaras",LTU,M,,,,1632,0,40,AUG25,1970,i
12828718,"Zukauskas, Gustas",LTU,M,,,,1427,0,40,AUG25,2008,i
12800813,"Zukauskas, Kestutis",LTU,M,,,,2281,0,20,AUG25,1962,i
12823422,"Zukauskas, Laurynas",LTU,M,,,,1594,0,20,AUG25,2003,i
12805505,"Zukauskas, Petras",LTU,M,,,,1759,0,20,AUG25,1958,
12848557,"Zukauskas, Rokas",LTU,M,,,,1684,0,40,AUG25,2005,i
12853143,"Zumeris, Marius",LTU,M,,,,1599,0,40,AUG25,1979,i
12850195,"Zurba, Jonas",LTU,M,,,,1747,9,20,AUG25,2001,
12844160,"Zutautas, Mantas",LTU,M,,,,1549,6,40,AUG25,2012,
12862690,"Zutautas, Vsevolod",LTU,M,,,,1500,0,40,AUG25,2014,
12861200,"Zutaute, Leja",LTU,F,,,,1507,6,40,AUG25,2010,w
12814296,"Zvinklys, Antanas",LTU,M,,,,1746,0,40,AUG25,2000,i
12821551,"Zvirblis, Andrius",LTU,M,,,,1997,0,20,AUG25,1972,
12812757,"Zvirblis, Povilas",LTU,M,,,,1551,0,40,AUG25,2003,i
12801283,"Zybartaite, Gabriele",LTU,F,,,,1716,0,40,AUG25,1994,wi
12811130,"Zygas, Arunas",LTU,M,,,,1790,0,40,AUG25,1951,i
12841250,"Zymantas, Ignas",LTU,M,,,,1542,0,40,AUG25,2012,