[
  {
    "ID Number": "12802166"
  },
  {
    "ID Number": "12849944"
  },
  {
    "ID Number": "12844977"
  },
  {
    "ID Number": "12846945"
  },
  {
    "ID Number": "12847372"
  },
  {
    "ID Number": "12834360"
  },
  {
    "ID Number": "12816515"
  },
  {
    "ID Number": "12815063"
  },
  {
    "ID Number": "12812587"
  },
  {
    "ID Number": "12814784"
  },
  {
    "ID Number": "12836818"
  },
  {
    "ID Number": "12811718"
  },
  {
    "ID Number": "12845060"
  },
  {
    "ID Number": "12841480"
  },
  {
    "ID Number": "12805599"
  },
  {
    "ID Number": "12808040"
  },
  {
    "ID Number": "12810452"
  },
  {
    "ID Number": "12831484"
  },
  {
    "ID Number": "12802689"
  },
  {
    "ID Number": "12860590"
  },
  {
    "ID Number": "12843709"
  },
  {
    "ID Number": "12848751"
  },
  {
    "ID Number": "12840726"
  },
  {
    "ID Number": "12840955"
  },
  {
    "ID Number": "12836001"
  },
  {
    "ID Number": "12835340"
  },
  {
    "ID Number": "12807826"
  },
  {
    "ID Number": "12864331"
  },
  {
    "ID Number": "12863904"
  },
  {
    "ID Number": "12821713"
  },
  {
    "ID Number": "12828610"
  },
  {
    "ID Number": "12821560"
  },
  {
    "ID Number": "12808679"
  },
  {
    "ID Number": "12804592"
  },
  {
    "ID Number": "12804452"
  },
  {
    "ID Number": "12830216"
  },
  {
    "ID Number": "12832189"
  },
  {
    "ID Number": "388166772"
  },
  {
    "ID Number": "12808288"
  },
  {
    "ID Number": "12822183"
  },
  {
    "ID Number": "12843130"
  },
  {
    "ID Number": "12830917"
  },
  {
    "ID Number": "12832480"
  },
  {
    "ID Number": "12853372"
  },
  {
    "ID Number": "12862703"
  },
  {
    "ID Number": "12837970"
  },
  {
    "ID Number": "12845965"
  },
  {
    "ID Number": "12829323"
  },
  {
    "ID Number": "12810835"
  },
  {
    "ID Number": "12847313"
  },
  {
    "ID Number": "12818054"
  },
  {
    "ID Number": "12861553"
  },
  {
    "ID Number": "12858862"
  },
  {
    "ID Number": "12809888"
  },
  {
    "ID Number": "12803626"
  },
  {
    "ID Number": "12807087"
  },
  {
    "ID Number": "12805556"
  },
  {
    "ID Number": "12818550"
  },
  {
    "ID Number": "12801364"
  },
  {
    "ID Number": "12847062"
  },
  {
    "ID Number": "12807389"
  },
  {
    "ID Number": "12860824"
  },
  {
    "ID Number": "12845582"
  },
  {
    "ID Number": "12809900"
  },
  {
    "ID Number": "12821047"
  },
  {
    "ID Number": "12806480"
  },
  {
    "ID Number": "12841048"
  },
  {
    "ID Number": "12812293"
  },
  {
    "ID Number": "12852252"
  },
  {
    "ID Number": "12830356"
  },
  {
    "ID Number": "12805602"
  },
  {
    "ID Number": "12816906"
  },
  {
    "ID Number": "12831417"
  },
  {
    "ID Number": "12811939"
  },
  {
    "ID Number": "12832987"
  },
  {
    "ID Number": "12804924"
  },
  {
    "ID Number": "2014599"
  },
  {
    "ID Number": "12826081"
  },
  {
    "ID Number": "12814083"
  },
  {
    "ID Number": "12854301"
  },
  {
    "ID Number": "12812188"
  },
  {
    "ID Number": "12801348"
  },
  {
    "ID Number": "12849030"
  },
  {
    "ID Number": "12810975"
  },
  {
    "ID Number": "12872687"
  },
  {
    "ID Number": "12810088"
  },
  {
    "ID Number": "12831808"
  },
  {
    "ID Number": "12831794"
  },
  {
    "ID Number": "12811149"
  },
  {
    "ID Number": "12808997"
  },
  {
    "ID Number": "12820407"
  },
  {
    "ID Number": "12824224"
  },
  {
    "ID Number": "12825417"
  },
  {
    "ID Number": "12827983"
  },
  {
    "ID Number": "12802719"
  },
  {
    "ID Number": "12802760"
  },
  {
    "ID Number": "12822973"
  },
  {
    "ID Number": "12865095"
  },
  {
    "ID Number": "12843113"
  },
  {
    "ID Number": "12834505"
  },
  {
    "ID Number": "12865044"
  },
  {
    "ID Number": "12803960"
  },
  {
    "ID Number": "12861537"
  },
  {
    "ID Number": "12803634"
  },
  {
    "ID Number": "12809292"
  },
  {
    "ID Number": "12825115"
  },
  {
    "ID Number": "12837644"
  },
  {
    "ID Number": "12838209"
  },
  {
    "ID Number": "12800090"
  },
  {
    "ID Number": "12826227"
  },
  {
    "ID Number": "12857637"
  },
  {
    "ID Number": "12810479"
  },
  {
    "ID Number": "12828262"
  },
  {
    "ID Number": "12857696"
  },
  {
    "ID Number": "12811181"
  },
  {
    "ID Number": "12861812"
  },
  {
    "ID Number": "12833754"
  },
  {
    "ID Number": "12865800"
  },
  {
    "ID Number": "12848069"
  },
  {
    "ID Number": "12806692"
  },
  {
    "ID Number": "12861170"
  },
  {
    "ID Number": "12865737"
  },
  {
    "ID Number": "12802590"
  },
  {
    "ID Number": "12838250"
  },
  {
    "ID Number": "12813818"
  },
  {
    "ID Number": "12853992"
  },
  {
    "ID Number": "12820130"
  },
  {
    "ID Number": "12818100"
  },
  {
    "ID Number": "12854018"
  },
  {
    "ID Number": "12831395"
  },
  {
    "ID Number": "12806242"
  },
  {
    "ID Number": "12827541"
  },
  {
    "ID Number": "12803243"
  },
  {
    "ID Number": "12848000"
  },
  {
    "ID Number": "12801860"
  },
  {
    "ID Number": "12824640"
  },
  {
    "ID Number": "12813826"
  },
  {
    "ID Number": "12854751"
  },
  {
    "ID Number": "12847070"
  },
  {
    "ID Number": "12864030"
  },
  {
    "ID Number": "12815748"
  },
  {
    "ID Number": "12826278"
  },
  {
    "ID Number": "12804061"
  },
  {
    "ID Number": "12832251"
  },
  {
    "ID Number": "12802085"
  },
  {
    "ID Number": "12840980"
  },
  {
    "ID Number": "12811815"
  },
  {
    "ID Number": "12817694"
  },
  {
    "ID Number": "12818542"
  },
  {
    "ID Number": "12802514"
  },
  {
    "ID Number": "12802093"
  },
  {
    "ID Number": "12804983"
  },
  {
    "ID Number": "12802522"
  },
  {
    "ID Number": "12859079"
  },
  {
    "ID Number": "12825891"
  },
  {
    "ID Number": "12814792"
  },
  {
    "ID Number": "12831913"
  },
  {
    "ID Number": "12864374"
  },
  {
    "ID Number": "12805610"
  },
  {
    "ID Number": "12833738"
  },
  {
    "ID Number": "12851868"
  },
  {
    "ID Number": "34128945"
  },
  {
    "ID Number": "12851744"
  },
  {
    "ID Number": "12829366"
  },
  {
    "ID Number": "12802743"
  },
  {
    "ID Number": "12830690"
  },
  {
    "ID Number": "12829803"
  },
  {
    "ID Number": "12800643"
  },
  {
    "ID Number": "12873918"
  },
  {
    "ID Number": "12809233"
  },
  {
    "ID Number": "12809241"
  },
  {
    "ID Number": "12808814"
  },
  {
    "ID Number": "12800996"
  },
  {
    "ID Number": "12810355"
  },
  {
    "ID Number": "12803758"
  },
  {
    "ID Number": "12802786"
  },
  {
    "ID Number": "12846147"
  },
  {
    "ID Number": "12821446"
  },
  {
    "ID Number": "12831530"
  },
  {
    "ID Number": "12851566"
  },
  {
    "ID Number": "12837105"
  },
  {
    "ID Number": "12825549"
  },
  {
    "ID Number": "12866199"
  },
  {
    "ID Number": "12857882"
  },
  {
    "ID Number": "12847925"
  },
  {
    "ID Number": "12842745"
  },
  {
    "ID Number": "12808644"
  },
  {
    "ID Number": "12831344"
  },
  {
    "ID Number": "12829927"
  },
  {
    "ID Number": "12812617"
  },
  {
    "ID Number": "12859087"
  },
  {
    "ID Number": "12825905"
  },
  {
    "ID Number": "12804479"
  },
  {
    "ID Number": "12821209"
  },
  {
    "ID Number": "12851477"
  },
  {
    "ID Number": "12816060"
  },
  {
    "ID Number": "12843660"
  },
  {
    "ID Number": "12825085"
  },
  {
    "ID Number": "12800163"
  },
  {
    "ID Number": "12828904"
  },
  {
    "ID Number": "12825786"
  },
  {
    "ID Number": "12805874"
  },
  {
    "ID Number": "12801445"
  },
  {
    "ID Number": "12854468"
  },
  {
    "ID Number": "12838225"
  },
  {
    "ID Number": "12807460"
  },
  {
    "ID Number": "12832499"
  },
  {
    "ID Number": "12867381"
  },
  {
    "ID Number": "12832316"
  },
  {
    "ID Number": "12827932"
  },
  {
    "ID Number": "12840874"
  },
  {
    "ID Number": "12838349"
  },
  {
    "ID Number": "12836389"
  },
  {
    "ID Number": "12831549"
  },
  {
    "ID Number": "12807559"
  },
  {
    "ID Number": "12803855"
  },
  {
    "ID Number": "12853275"
  },
  {
    "ID Number": "12847755"
  },
  {
    "ID Number": "12807109"
  },
  {
    "ID Number": "12838810"
  },
  {
    "ID Number": "12817279"
  },
  {
    "ID Number": "388166843"
  },
  {
    "ID Number": "12801070"
  },
  {
    "ID Number": "12801410"
  },
  {
    "ID Number": "12810320"
  },
  {
    "ID Number": "12811009"
  },
  {
    "ID Number": "12808458"
  },
  {
    "ID Number": "12829730"
  },
  {
    "ID Number": "12805882"
  },
  {
    "ID Number": "12810517"
  },
  {
    "ID Number": "12832740"
  },
  {
    "ID Number": "12839493"
  },
  {
    "ID Number": "12853127"
  },
  {
    "ID Number": "12804622"
  },
  {
    "ID Number": "12814091"
  },
  {
    "ID Number": "12865885"
  },
  {
    "ID Number": "12851388"
  },
  {
    "ID Number": "12856037"
  },
  {
    "ID Number": "12868310"
  },
  {
    "ID Number": "12805831"
  },
  {
    "ID Number": "12812854"
  },
  {
    "ID Number": "12863505"
  },
  {
    "ID Number": "12853402"
  },
  {
    "ID Number": "12806641"
  },
  {
    "ID Number": "12814989"
  },
  {
    "ID Number": "12809551"
  },
  {
    "ID Number": "12853925"
  },
  {
    "ID Number": "12839248"
  },
  {
    "ID Number": "12810096"
  },
  {
    "ID Number": "12821993"
  },
  {
    "ID Number": "12837202"
  },
  {
    "ID Number": "12837199"
  },
  {
    "ID Number": "12871974"
  },
  {
    "ID Number": "12817708"
  },
  {
    "ID Number": "12805017"
  },
  {
    "ID Number": "12845850"
  },
  {
    "ID Number": "12802336"
  },
  {
    "ID Number": "12827673"
  },
  {
    "ID Number": "12826537"
  },
  {
    "ID Number": "12828270"
  },
  {
    "ID Number": "12826774"
  },
  {
    "ID Number": "12810100"
  },
  {
    "ID Number": "12853003"
  },
  {
    "ID Number": "12852635"
  },
  {
    "ID Number": "12873420"
  },
  {
    "ID Number": "12831980"
  },
  {
    "ID Number": "12836770"
  },
  {
    "ID Number": "12845868"
  },
  {
    "ID Number": "12857874"
  },
  {
    "ID Number": "12802948"
  },
  {
    "ID Number": "12812021"
  },
  {
    "ID Number": "12805025"
  },
  {
    "ID Number": "12801259"
  },
  {
    "ID Number": "12846180"
  },
  {
    "ID Number": "12835579"
  },
  {
    "ID Number": "12835560"
  },
  {
    "ID Number": "12828050"
  },
  {
    "ID Number": "12812480"
  },
  {
    "ID Number": "12841110"
  },
  {
    "ID Number": "12815896"
  },
  {
    "ID Number": "12802239"
  },
  {
    "ID Number": "12815071"
  },
  {
    "ID Number": "12819948"
  },
  {
    "ID Number": "12807567"
  },
  {
    "ID Number": "12832200"
  },
  {
    "ID Number": "12849294"
  },
  {
    "ID Number": "12825492"
  },
  {
    "ID Number": "12808911"
  },
  {
    "ID Number": "12800171"
  },
  {
    "ID Number": "12826260"
  },
  {
    "ID Number": "12813354"
  },
  {
    "ID Number": "12865370"
  },
  {
    "ID Number": "12855871"
  },
  {
    "ID Number": "12838551"
  },
  {
    "ID Number": "12870609"
  },
  {
    "ID Number": "12819034"
  },
  {
    "ID Number": "12860808"
  },
  {
    "ID Number": "12809560"
  },
  {
    "ID Number": "12842702"
  },
  {
    "ID Number": "12830089"
  },
  {
    "ID Number": "12853933"
  },
  {
    "ID Number": "12860662"
  },
  {
    "ID Number": "12856428"
  },
  {
    "ID Number": "12800694"
  },
  {
    "ID Number": "12829234"
  },
  {
    "ID Number": "12822990"
  },
  {
    "ID Number": "12807613"
  },
  {
    "ID Number": "12827940"
  },
  {
    "ID Number": "12814105"
  },
  {
    "ID Number": "12829811"
  },
  {
    "ID Number": "12846562"
  },
  {
    "ID Number": "12847607"
  },
  {
    "ID Number": "12811947"
  },
  {
    "ID Number": "12801097"
  },
  {
    "ID Number": "12818119"
  },
  {
    "ID Number": "12840653"
  },
  {
    "ID Number": "12802867"
  },
  {
    "ID Number": "12857742"
  },
  {
    "ID Number": "12803278"
  },
  {
    "ID Number": "12805076"
  },
  {
    "ID Number": "12869678"
  },
  {
    "ID Number": "12825913"
  },
  {
    "ID Number": "12838829"
  },
  {
    "ID Number": "12828564"
  },
  {
    "ID Number": "12802220"
  },
  {
    "ID Number": "12809578"
  },
  {
    "ID Number": "12809926"
  },
  {
    "ID Number": "12823007"
  },
  {
    "ID Number": "12861081"
  },
  {
    "ID Number": "12817023"
  },
  {
    "ID Number": "12818909"
  },
  {
    "ID Number": "12857963"
  },
  {
    "ID Number": "12848417"
  },
  {
    "ID Number": "12854875"
  },
  {
    "ID Number": "12812099"
  },
  {
    "ID Number": "12863696"
  },
  {
    "ID Number": "12846015"
  },
  {
    "ID Number": "12800945"
  },
  {
    "ID Number": "12815101"
  },
  {
    "ID Number": "12803588"
  },
  {
    "ID Number": "12803251"
  },
  {
    "ID Number": "12802956"
  },
  {
    "ID Number": "12821217"
  },
  {
    "ID Number": "12862061"
  },
  {
    "ID Number": "12858331"
  },
  {
    "ID Number": "12845132"
  },
  {
    "ID Number": "34572775"
  },
  {
    "ID Number": "12822361"
  },
  {
    "ID Number": "12820970"
  },
  {
    "ID Number": "12833797"
  },
  {
    "ID Number": "12818461"
  },
  {
    "ID Number": "12821233"
  },
  {
    "ID Number": "12870471"
  },
  {
    "ID Number": "12805084"
  },
  {
    "ID Number": "12864048"
  },
  {
    "ID Number": "12845833"
  },
  {
    "ID Number": "12806960"
  },
  {
    "ID Number": "12808423"
  },
  {
    "ID Number": "12801712"
  },
  {
    "ID Number": "12854697"
  },
  {
    "ID Number": "12842508"
  },
  {
    "ID Number": "12800295"
  },
  {
    "ID Number": "12811955"
  },
  {
    "ID Number": "12839400"
  },
  {
    "ID Number": "12856630"
  },
  {
    "ID Number": "12830194"
  },
  {
    "ID Number": "12815470"
  },
  {
    "ID Number": "12846198"
  },
  {
    "ID Number": "12848565"
  },
  {
    "ID Number": "12801267"
  },
  {
    "ID Number": "12828440"
  },
  {
    "ID Number": "12854158"
  },
  {
    "ID Number": "12808202"
  },
  {
    "ID Number": "12806269"
  },
  {
    "ID Number": "12805106"
  },
  {
    "ID Number": "12803189"
  },
  {
    "ID Number": "12836524"
  },
  {
    "ID Number": "12807737"
  },
  {
    "ID Number": "12807303"
  },
  {
    "ID Number": "12855332"
  },
  {
    "ID Number": "12819956"
  },
  {
    "ID Number": "12805629"
  },
  {
    "ID Number": "12865052"
  },
  {
    "ID Number": "12803006"
  },
  {
    "ID Number": "12804932"
  },
  {
    "ID Number": "12857629"
  },
  {
    "ID Number": "12869635"
  },
  {
    "ID Number": "12803375"
  },
  {
    "ID Number": "12824810"
  },
  {
    "ID Number": "12856045"
  },
  {
    "ID Number": "12810401"
  },
  {
    "ID Number": "12824275"
  },
  {
    "ID Number": "12813842"
  },
  {
    "ID Number": "12868043"
  },
  {
    "ID Number": "12838373"
  },
  {
    "ID Number": "12829536"
  },
  {
    "ID Number": "12862002"
  },
  {
    "ID Number": "12803715"
  },
  {
    "ID Number": "12805114"
  },
  {
    "ID Number": "12826570"
  },
  {
    "ID Number": "12860611"
  },
  {
    "ID Number": "12808059"
  },
  {
    "ID Number": "12805637"
  },
  {
    "ID Number": "1407058"
  },
  {
    "ID Number": "12828106"
  },
  {
    "ID Number": "12820938"
  },
  {
    "ID Number": "12816299"
  },
  {
    "ID Number": "12832634"
  },
  {
    "ID Number": "12808806"
  },
  {
    "ID Number": "12802255"
  },
  {
    "ID Number": "12829242"
  },
  {
    "ID Number": "12802611"
  },
  {
    "ID Number": "12832383"
  },
  {
    "ID Number": "12805122"
  },
  {
    "ID Number": "12828114"
  },
  {
    "ID Number": "12811963"
  },
  {
    "ID Number": "12825921"
  },
  {
    "ID Number": "12809322"
  },
  {
    "ID Number": "12807044"
  },
  {
    "ID Number": "12811432"
  },
  {
    "ID Number": "12819875"
  },
  {
    "ID Number": "12831867"
  },
  {
    "ID Number": "12843792"
  },
  {
    "ID Number": "12853496"
  },
  {
    "ID Number": "12845604"
  },
  {
    "ID Number": "12851914"
  },
  {
    "ID Number": "12849421"
  },
  {
    "ID Number": "12800597"
  },
  {
    "ID Number": "12865893"
  },
  {
    "ID Number": "12833860"
  },
  {
    "ID Number": "12863742"
  },
  {
    "ID Number": "12819093"
  },
  {
    "ID Number": "12831875"
  },
  {
    "ID Number": "12811238"
  },
  {
    "ID Number": "12814113"
  },
  {
    "ID Number": "12847798"
  },
  {
    "ID Number": "12802107"
  },
  {
    "ID Number": "12817406"
  },
  {
    "ID Number": "12845477"
  },
  {
    "ID Number": "12812765"
  },
  {
    "ID Number": "12822264"
  },
  {
    "ID Number": "12818925"
  },
  {
    "ID Number": "12827185"
  },
  {
    "ID Number": "12827177"
  },
  {
    "ID Number": "12843954"
  },
  {
    "ID Number": "12810215"
  },
  {
    "ID Number": "12810223"
  },
  {
    "ID Number": "12845035"
  },
  {
    "ID Number": "12848298"
  },
  {
    "ID Number": "12838462"
  },
  {
    "ID Number": "12817759"
  },
  {
    "ID Number": "12811653"
  },
  {
    "ID Number": "12839574"
  },
  {
    "ID Number": "12803600"
  },
  {
    "ID Number": "12814890"
  },
  {
    "ID Number": "12805130"
  },
  {
    "ID Number": "12839175"
  },
  {
    "ID Number": "12862460"
  },
  {
    "ID Number": "12824291"
  },
  {
    "ID Number": "12809012"
  },
  {
    "ID Number": "12808210"
  },
  {
    "ID Number": "12829471"
  },
  {
    "ID Number": "12810312"
  },
  {
    "ID Number": "12864188"
  },
  {
    "ID Number": "12801330"
  },
  {
    "ID Number": "12821160"
  },
  {
    "ID Number": "12861065"
  },
  {
    "ID Number": "12851213"
  },
  {
    "ID Number": "12808830"
  },
  {
    "ID Number": "12867004"
  },
  {
    "ID Number": "12846538"
  },
  {
    "ID Number": "12810541"
  },
  {
    "ID Number": "12846520"
  },
  {
    "ID Number": "12867063"
  },
  {
    "ID Number": "12833843"
  },
  {
    "ID Number": "12860760"
  },
  {
    "ID Number": "12826880"
  },
  {
    "ID Number": "12815110"
  },
  {
    "ID Number": "12812250"
  },
  {
    "ID Number": "12811262"
  },
  {
    "ID Number": "12833959"
  },
  {
    "ID Number": "12806986"
  },
  {
    "ID Number": "12811270"
  },
  {
    "ID Number": "12812897"
  },
  {
    "ID Number": "12814121"
  },
  {
    "ID Number": "12831930"
  },
  {
    "ID Number": "12838101"
  },
  {
    "ID Number": "12844322"
  },
  {
    "ID Number": "12844365"
  },
  {
    "ID Number": "12801909"
  },
  {
    "ID Number": "12814806"
  },
  {
    "ID Number": "12807710"
  },
  {
    "ID Number": "12849197"
  },
  {
    "ID Number": "12846171"
  },
  {
    "ID Number": "12807729"
  },
  {
    "ID Number": "12826340"
  },
  {
    "ID Number": "12861979"
  },
  {
    "ID Number": "12813990"
  },
  {
    "ID Number": "12824305"
  },
  {
    "ID Number": "12824313"
  },
  {
    "ID Number": "12811734"
  },
  {
    "ID Number": "12811289"
  },
  {
    "ID Number": "12830453"
  },
  {
    "ID Number": "12835005"
  },
  {
    "ID Number": "12844551"
  },
  {
    "ID Number": "12866377"
  },
  {
    "ID Number": "12846317"
  },
  {
    "ID Number": "12802875"
  },
  {
    "ID Number": "12802670"
  },
  {
    "ID Number": "12807150"
  },
  {
    "ID Number": "12861480"
  },
  {
    "ID Number": "12870412"
  },
  {
    "ID Number": "12827207"
  },
  {
    "ID Number": "12824046"
  },
  {
    "ID Number": "12836699"
  },
  {
    "ID Number": "12801046"
  },
  {
    "ID Number": "12819816"
  },
  {
    "ID Number": "12820954"
  },
  {
    "ID Number": "12816205"
  },
  {
    "ID Number": "12807400"
  },
  {
    "ID Number": "12807419"
  },
  {
    "ID Number": "12843237"
  },
  {
    "ID Number": "12873454"
  },
  {
    "ID Number": "12848450"
  },
  {
    "ID Number": "12855227"
  },
  {
    "ID Number": "12852767"
  },
  {
    "ID Number": "12847321"
  },
  {
    "ID Number": "12861987"
  },
  {
    "ID Number": "12840661"
  },
  {
    "ID Number": "12806706"
  },
  {
    "ID Number": "12866997"
  },
  {
    "ID Number": "12805165"
  },
  {
    "ID Number": "12803987"
  },
  {
    "ID Number": "12810983"
  },
  {
    "ID Number": "12808067"
  },
  {
    "ID Number": "12819883"
  },
  {
    "ID Number": "12806056"
  },
  {
    "ID Number": "12812404"
  },
  {
    "ID Number": "12809020"
  },
  {
    "ID Number": "12801941"
  },
  {
    "ID Number": "12814466"
  },
  {
    "ID Number": "12802530"
  },
  {
    "ID Number": "12803669"
  },
  {
    "ID Number": "12814474"
  },
  {
    "ID Number": "12843075"
  },
  {
    "ID Number": "12863920"
  },
  {
    "ID Number": "12809349"
  },
  {
    "ID Number": "12860093"
  },
  {
    "ID Number": "12830038"
  },
  {
    "ID Number": "12828122"
  },
  {
    "ID Number": "12834289"
  },
  {
    "ID Number": "12820237"
  },
  {
    "ID Number": "12816019"
  },
  {
    "ID Number": "12814300"
  },
  {
    "ID Number": "12857289"
  },
  {
    "ID Number": "12802913"
  },
  {
    "ID Number": "12822795"
  },
  {
    "ID Number": "12833339"
  },
  {
    "ID Number": "12832766"
  },
  {
    "ID Number": "12813800"
  },
  {
    "ID Number": "12809357"
  },
  {
    "ID Number": "12809365"
  },
  {
    "ID Number": "12810118"
  },
  {
    "ID Number": "12832049"
  },
  {
    "ID Number": "12825930"
  },
  {
    "ID Number": "12801933"
  },
  {
    "ID Number": "12829501"
  },
  {
    "ID Number": "12833266"
  },
  {
    "ID Number": "12857432"
  },
  {
    "ID Number": "12846937"
  },
  {
    "ID Number": "12833452"
  },
  {
    "ID Number": "12801950"
  },
  {
    "ID Number": "12828548"
  },
  {
    "ID Number": "12814008"
  },
  {
    "ID Number": "12872270"
  },
  {
    "ID Number": "12828726"
  },
  {
    "ID Number": "12800988"
  },
  {
    "ID Number": "12808393"
  },
  {
    "ID Number": "12829749"
  },
  {
    "ID Number": "12801143"
  },
  {
    "ID Number": "12830780"
  },
  {
    "ID Number": "12850390"
  },
  {
    "ID Number": "12868493"
  },
  {
    "ID Number": "12828645"
  },
  {
    "ID Number": "12828912"
  },
  {
    "ID Number": "12814130"
  },
  {
    "ID Number": "12812650"
  },
  {
    "ID Number": "12807877"
  },
  {
    "ID Number": "12821462"
  },
  {
    "ID Number": "12824330"
  },
  {
    "ID Number": "12843466"
  },
  {
    "ID Number": "12804347"
  },
  {
    "ID Number": "12833711"
  },
  {
    "ID Number": "12802115"
  },
  {
    "ID Number": "12811343"
  },
  {
    "ID Number": "12804282"
  },
  {
    "ID Number": "12804312"
  },
  {
    "ID Number": "12862290"
  },
  {
    "ID Number": "12858552"
  },
  {
    "ID Number": "12805645"
  },
  {
    "ID Number": "12804568"
  },
  {
    "ID Number": "12862452"
  },
  {
    "ID Number": "12807320"
  },
  {
    "ID Number": "12824348"
  },
  {
    "ID Number": "12838179"
  },
  {
    "ID Number": "12802247"
  },
  {
    "ID Number": "12840530"
  },
  {
    "ID Number": "12809039"
  },
  {
    "ID Number": "12810550"
  },
  {
    "ID Number": "12809047"
  },
  {
    "ID Number": "12847402"
  },
  {
    "ID Number": "12808318"
  },
  {
    "ID Number": "12823627"
  },
  {
    "ID Number": "12853780"
  },
  {
    "ID Number": "12806501"
  },
  {
    "ID Number": "12806510"
  },
  {
    "ID Number": "12858820"
  },
  {
    "ID Number": "12851124"
  },
  {
    "ID Number": "12867691"
  },
  {
    "ID Number": "12836907"
  },
  {
    "ID Number": "12867500"
  },
  {
    "ID Number": "12867039"
  },
  {
    "ID Number": "12826057"
  },
  {
    "ID Number": "12804681"
  },
  {
    "ID Number": "12804690"
  },
  {
    "ID Number": "12812200"
  },
  {
    "ID Number": "12864986"
  },
  {
    "ID Number": "12822442"
  },
  {
    "ID Number": "12849600"
  },
  {
    "ID Number": "12822760"
  },
  {
    "ID Number": "12808938"
  },
  {
    "ID Number": "12843164"
  },
  {
    "ID Number": "12806226"
  },
  {
    "ID Number": "12809373"
  },
  {
    "ID Number": "12803529"
  },
  {
    "ID Number": "12809055"
  },
  {
    "ID Number": "12812218"
  },
  {
    "ID Number": "12805564"
  },
  {
    "ID Number": "12830259"
  },
  {
    "ID Number": "12864846"
  },
  {
    "ID Number": "12802638"
  },
  {
    "ID Number": "12804240"
  },
  {
    "ID Number": "12842877"
  },
  {
    "ID Number": "12807478"
  },
  {
    "ID Number": "12845043"
  },
  {
    "ID Number": "12847500"
  },
  {
    "ID Number": "12864935"
  },
  {
    "ID Number": "12831425"
  },
  {
    "ID Number": "12843628"
  },
  {
    "ID Number": "12806617"
  },
  {
    "ID Number": "12833223"
  },
  {
    "ID Number": "12851930"
  },
  {
    "ID Number": "12855081"
  },
  {
    "ID Number": "12821888"
  },
  {
    "ID Number": "12830704"
  },
  {
    "ID Number": "12821896"
  },
  {
    "ID Number": "12825808"
  },
  {
    "ID Number": "12828475"
  },
  {
    "ID Number": "12806528"
  },
  {
    "ID Number": "12808717"
  },
  {
    "ID Number": "12851825"
  },
  {
    "ID Number": "12864528"
  },
  {
    "ID Number": "12856118"
  },
  {
    "ID Number": "12801372"
  },
  {
    "ID Number": "12811840"
  },
  {
    "ID Number": "12802310"
  },
  {
    "ID Number": "12803863"
  },
  {
    "ID Number": "12846031"
  },
  {
    "ID Number": "12832537"
  },
  {
    "ID Number": "12854719"
  },
  {
    "ID Number": "12853500"
  },
  {
    "ID Number": "12810576"
  },
  {
    "ID Number": "12820989"
  },
  {
    "ID Number": "12872210"
  },
  {
    "ID Number": "12809799"
  },
  {
    "ID Number": "12833312"
  },
  {
    "ID Number": "12871150"
  },
  {
    "ID Number": "12841870"
  },
  {
    "ID Number": "12841862"
  },
  {
    "ID Number": "13507443"
  },
  {
    "ID Number": "12853810"
  },
  {
    "ID Number": "12827266"
  },
  {
    "ID Number": "12847712"
  },
  {
    "ID Number": "12806080"
  },
  {
    "ID Number": "12848212"
  },
  {
    "ID Number": "12845647"
  },
  {
    "ID Number": "12851787"
  },
  {
    "ID Number": "12817767"
  },
  {
    "ID Number": "12861391"
  },
  {
    "ID Number": "12837822"
  },
  {
    "ID Number": "12855855"
  },
  {
    "ID Number": "12825611"
  },
  {
    "ID Number": "12839507"
  },
  {
    "ID Number": "12868086"
  },
  {
    "ID Number": "12863726"
  },
  {
    "ID Number": "12801968"
  },
  {
    "ID Number": "12837300"
  },
  {
    "ID Number": "12807788"
  },
  {
    "ID Number": "12873829"
  },
  {
    "ID Number": "12821829"
  },
  {
    "ID Number": "12837148"
  },
  {
    "ID Number": "12803537"
  },
  {
    "ID Number": "12806218"
  },
  {
    "ID Number": "12808407"
  },
  {
    "ID Number": "12806684"
  },
  {
    "ID Number": "12868213"
  },
  {
    "ID Number": "12805246"
  },
  {
    "ID Number": "12804550"
  },
  {
    "ID Number": "12805653"
  },
  {
    "ID Number": "12833851"
  },
  {
    "ID Number": "12856789"
  },
  {
    "ID Number": "12823759"
  },
  {
    "ID Number": "12826898"
  },
  {
    "ID Number": "12800279"
  },
  {
    "ID Number": "12802999"
  },
  {
    "ID Number": "12829757"
  },
  {
    "ID Number": "12803782"
  },
  {
    "ID Number": "12826847"
  },
  {
    "ID Number": "12814148"
  },
  {
    "ID Number": "12817317"
  },
  {
    "ID Number": "12857300"
  },
  {
    "ID Number": "12804355"
  },
  {
    "ID Number": "12825620"
  },
  {
    "ID Number": "12853135"
  },
  {
    "ID Number": "12859168"
  },
  {
    "ID Number": "12865168"
  },
  {
    "ID Number": "12849308"
  },
  {
    "ID Number": "12854891"
  },
  {
    "ID Number": "12854883"
  },
  {
    "ID Number": "12830836"
  },
  {
    "ID Number": "12825948"
  },
  {
    "ID Number": "12855804"
  },
  {
    "ID Number": "12811971"
  },
  {
    "ID Number": "12811599"
  },
  {
    "ID Number": "12823295"
  },
  {
    "ID Number": "12827339"
  },
  {
    "ID Number": "12842613"
  },
  {
    "ID Number": "12833703"
  },
  {
    "ID Number": "12818933"
  },
  {
    "ID Number": "12845566"
  },
  {
    "ID Number": "12815667"
  },
  {
    "ID Number": "12806994"
  },
  {
    "ID Number": "12835790"
  },
  {
    "ID Number": "12816094"
  },
  {
    "ID Number": "12819964"
  },
  {
    "ID Number": "12823309"
  },
  {
    "ID Number": "12816272"
  },
  {
    "ID Number": "12812692"
  },
  {
    "ID Number": "12856002"
  },
  {
    "ID Number": "12808725"
  },
  {
    "ID Number": "12809063"
  },
  {
    "ID Number": "12854921"
  },
  {
    "ID Number": "12817775"
  },
  {
    "ID Number": "388166727"
  },
  {
    "ID Number": "12811467"
  },
  {
    "ID Number": "12847216"
  },
  {
    "ID Number": "12809071"
  },
  {
    "ID Number": "12808024"
  },
  {
    "ID Number": "12853593"
  },
  {
    "ID Number": "12852899"
  },
  {
    "ID Number": "12801810"
  },
  {
    "ID Number": "12836044"
  },
  {
    "ID Number": "12854395"
  },
  {
    "ID Number": "12833517"
  },
  {
    "ID Number": "12819115"
  },
  {
    "ID Number": "12803545"
  },
  {
    "ID Number": "12814954"
  },
  {
    "ID Number": "12872741"
  },
  {
    "ID Number": "12863068"
  },
  {
    "ID Number": "12813320"
  },
  {
    "ID Number": "12846104"
  },
  {
    "ID Number": "12818291"
  },
  {
    "ID Number": "12842826"
  },
  {
    "ID Number": "12826189"
  },
  {
    "ID Number": "12848891"
  },
  {
    "ID Number": "12823597"
  },
  {
    "ID Number": "12818844"
  },
  {
    "ID Number": "12834335"
  },
  {
    "ID Number": "12850233"
  },
  {
    "ID Number": "12800520"
  },
  {
    "ID Number": "12811475"
  },
  {
    "ID Number": "12812412"
  },
  {
    "ID Number": "12861561"
  },
  {
    "ID Number": "12826103"
  },
  {
    "ID Number": "12817031"
  },
  {
    "ID Number": "12817040"
  },
  {
    "ID Number": "12808075"
  },
  {
    "ID Number": "12861138"
  },
  {
    "ID Number": "12840513"
  },
  {
    "ID Number": "12807176"
  },
  {
    "ID Number": "12822094"
  },
  {
    "ID Number": "12804126"
  },
  {
    "ID Number": "12849391"
  },
  {
    "ID Number": "12847100"
  },
  {
    "ID Number": "12829285"
  },
  {
    "ID Number": "12856339"
  },
  {
    "ID Number": "12807818"
  },
  {
    "ID Number": "12803383"
  },
  {
    "ID Number": "12853631"
  },
  {
    "ID Number": "12847810"
  },
  {
    "ID Number": "12864617"
  },
  {
    "ID Number": "12823635"
  },
  {
    "ID Number": "12814903"
  },
  {
    "ID Number": "12815799"
  },
  {
    "ID Number": "12815802"
  },
  {
    "ID Number": "12814318"
  },
  {
    "ID Number": "12805920"
  },
  {
    "ID Number": "12827193"
  },
  {
    "ID Number": "12828394"
  },
  {
    "ID Number": "12801607"
  },
  {
    "ID Number": "12870650"
  },
  {
    "ID Number": "12864102"
  },
  {
    "ID Number": "12851760"
  },
  {
    "ID Number": "12800503"
  },
  {
    "ID Number": "12812498"
  },
  {
    "ID Number": "12870030"
  },
  {
    "ID Number": "12847631"
  },
  {
    "ID Number": "12849456"
  },
  {
    "ID Number": "12846007"
  },
  {
    "ID Number": "12844071"
  },
  {
    "ID Number": "12811980"
  },
  {
    "ID Number": "12806285"
  },
  {
    "ID Number": "12855910"
  },
  {
    "ID Number": "12806544"
  },
  {
    "ID Number": "12832138"
  },
  {
    "ID Number": "12866849"
  },
  {
    "ID Number": "12803731"
  },
  {
    "ID Number": "12829560"
  },
  {
    "ID Number": "12834548"
  },
  {
    "ID Number": "12873837"
  },
  {
    "ID Number": "12809381"
  },
  {
    "ID Number": "12841595"
  },
  {
    "ID Number": "12813370"
  },
  {
    "ID Number": "12806293"
  },
  {
    "ID Number": "12821756"
  },
  {
    "ID Number": "12828971"
  },
  {
    "ID Number": "12825328"
  },
  {
    "ID Number": "12873900"
  },
  {
    "ID Number": "12824941"
  },
  {
    "ID Number": "12827444"
  },
  {
    "ID Number": "12830208"
  },
  {
    "ID Number": "12854387"
  },
  {
    "ID Number": "12803065"
  },
  {
    "ID Number": "12856347"
  },
  {
    "ID Number": "12863629"
  },
  {
    "ID Number": "12830399"
  },
  {
    "ID Number": "12848794"
  },
  {
    "ID Number": "12815675"
  },
  {
    "ID Number": "12806307"
  },
  {
    "ID Number": "12834009"
  },
  {
    "ID Number": "12818950"
  },
  {
    "ID Number": "12866768"
  },
  {
    "ID Number": "12806315"
  },
  {
    "ID Number": "12821101"
  },
  {
    "ID Number": "12833886"
  },
  {
    "ID Number": "12802506"
  },
  {
    "ID Number": "12826936"
  },
  {
    "ID Number": "12801828"
  },
  {
    "ID Number": "12837636"
  },
  {
    "ID Number": "12853410"
  },
  {
    "ID Number": "12866105"
  },
  {
    "ID Number": "12840670"
  },
  {
    "ID Number": "12828980"
  },
  {
    "ID Number": "12852325"
  },
  {
    "ID Number": "12800732"
  },
  {
    "ID Number": "12829978"
  },
  {
    "ID Number": "12824950"
  },
  {
    "ID Number": "12826952"
  },
  {
    "ID Number": "12815535"
  },
  {
    "ID Number": "12861464"
  },
  {
    "ID Number": "12808091"
  },
  {
    "ID Number": "12814261"
  },
  {
    "ID Number": "12821640"
  },
  {
    "ID Number": "12813451"
  },
  {
    "ID Number": "12808105"
  },
  {
    "ID Number": "12811874"
  },
  {
    "ID Number": "12805939"
  },
  {
    "ID Number": "12867195"
  },
  {
    "ID Number": "12826286"
  },
  {
    "ID Number": "12814814"
  },
  {
    "ID Number": "12807184"
  },
  {
    "ID Number": "12803090"
  },
  {
    "ID Number": "12829331"
  },
  {
    "ID Number": "12862444"
  },
  {
    "ID Number": "12844489"
  },
  {
    "ID Number": "12865834"
  },
  {
    "ID Number": "12824135"
  },
  {
    "ID Number": "12802700"
  },
  {
    "ID Number": "12835870"
  },
  {
    "ID Number": "12812013"
  },
  {
    "ID Number": "12821659"
  },
  {
    "ID Number": "12800392"
  },
  {
    "ID Number": "12858854"
  },
  {
    "ID Number": "12808857"
  },
  {
    "ID Number": "12822035"
  },
  {
    "ID Number": "12810843"
  },
  {
    "ID Number": "12806560"
  },
  {
    "ID Number": "12806765"
  },
  {
    "ID Number": "12806579"
  },
  {
    "ID Number": "12818143"
  },
  {
    "ID Number": "12849685"
  },
  {
    "ID Number": "12810622"
  },
  {
    "ID Number": "12850713"
  },
  {
    "ID Number": "12840130"
  },
  {
    "ID Number": "12867861"
  },
  {
    "ID Number": "12851671"
  },
  {
    "ID Number": "12806323"
  },
  {
    "ID Number": "12805572"
  },
  {
    "ID Number": "12823783"
  },
  {
    "ID Number": "12814580"
  },
  {
    "ID Number": "12872229"
  },
  {
    "ID Number": "12818640"
  },
  {
    "ID Number": "12810339"
  },
  {
    "ID Number": "12815543"
  },
  {
    "ID Number": "12854271"
  },
  {
    "ID Number": "55743366"
  },
  {
    "ID Number": "12834475"
  },
  {
    "ID Number": "12800031"
  },
  {
    "ID Number": "12800660"
  },
  {
    "ID Number": "12850209"
  },
  {
    "ID Number": "12856860"
  },
  {
    "ID Number": "12806676"
  },
  {
    "ID Number": "12837792"
  },
  {
    "ID Number": "12801011"
  },
  {
    "ID Number": "12809632"
  },
  {
    "ID Number": "12872237"
  },
  {
    "ID Number": "12864285"
  },
  {
    "ID Number": "12817635"
  },
  {
    "ID Number": "12809640"
  },
  {
    "ID Number": "12829765"
  },
  {
    "ID Number": "12855375"
  },
  {
    "ID Number": "12833584"
  },
  {
    "ID Number": "12807192"
  },
  {
    "ID Number": "12800481"
  },
  {
    "ID Number": "12825360"
  },
  {
    "ID Number": "12810851"
  },
  {
    "ID Number": "12846953"
  },
  {
    "ID Number": "14134039"
  },
  {
    "ID Number": "12833606"
  },
  {
    "ID Number": "12818160"
  },
  {
    "ID Number": "12801100"
  },
  {
    "ID Number": "12809250"
  },
  {
    "ID Number": "12843911"
  },
  {
    "ID Number": "12847577"
  },
  {
    "ID Number": "12825069"
  },
  {
    "ID Number": "12849286"
  },
  {
    "ID Number": "12834416"
  },
  {
    "ID Number": "12813036"
  },
  {
    "ID Number": "12858846"
  },
  {
    "ID Number": "12810444"
  },
  {
    "ID Number": "12856380"
  },
  {
    "ID Number": "12814024"
  },
  {
    "ID Number": "12860514"
  },
  {
    "ID Number": "12825166"
  },
  {
    "ID Number": "12865648"
  },
  {
    "ID Number": "12837750"
  },
  {
    "ID Number": "12837679"
  },
  {
    "ID Number": "12860620"
  },
  {
    "ID Number": "12847283"
  },
  {
    "ID Number": "12847291"
  },
  {
    "ID Number": "12837580"
  },
  {
    "ID Number": "12804428"
  },
  {
    "ID Number": "12816124"
  },
  {
    "ID Number": "12814032"
  },
  {
    "ID Number": "12822485"
  },
  {
    "ID Number": "12805688"
  },
  {
    "ID Number": "12809942"
  },
  {
    "ID Number": "12809950"
  },
  {
    "ID Number": "12855235"
  },
  {
    "ID Number": "12856568"
  },
  {
    "ID Number": "12829714"
  },
  {
    "ID Number": "12822493"
  },
  {
    "ID Number": "12822507"
  },
  {
    "ID Number": "12857718"
  },
  {
    "ID Number": "12806587"
  },
  {
    "ID Number": "12816990"
  },
  {
    "ID Number": "12807656"
  },
  {
    "ID Number": "12848085"
  },
  {
    "ID Number": "12835838"
  },
  {
    "ID Number": "388166932"
  },
  {
    "ID Number": "12801402"
  },
  {
    "ID Number": "12813052"
  },
  {
    "ID Number": "12817570"
  },
  {
    "ID Number": "12824437"
  },
  {
    "ID Number": "12803138"
  },
  {
    "ID Number": "12809080"
  },
  {
    "ID Number": "12833380"
  },
  {
    "ID Number": "12828858"
  },
  {
    "ID Number": "12834424"
  },
  {
    "ID Number": "12824453"
  },
  {
    "ID Number": "12836877"
  },
  {
    "ID Number": "12810649"
  },
  {
    "ID Number": "12853852"
  },
  {
    "ID Number": "12830550"
  },
  {
    "ID Number": "12805300"
  },
  {
    "ID Number": "12818968"
  },
  {
    "ID Number": "12809098"
  },
  {
    "ID Number": "12800317"
  },
  {
    "ID Number": "12807931"
  },
  {
    "ID Number": "12856444"
  },
  {
    "ID Number": "12807427"
  },
  {
    "ID Number": "12825107"
  },
  {
    "ID Number": "12826910"
  },
  {
    "ID Number": "12846279"
  },
  {
    "ID Number": "12847720"
  },
  {
    "ID Number": "12805696"
  },
  {
    "ID Number": "12826243"
  },
  {
    "ID Number": "12827967"
  },
  {
    "ID Number": "12846767"
  },
  {
    "ID Number": "12815683"
  },
  {
    "ID Number": "12845515"
  },
  {
    "ID Number": "12804088"
  },
  {
    "ID Number": "12832510"
  },
  {
    "ID Number": "12826618"
  },
  {
    "ID Number": "12851523"
  },
  {
    "ID Number": "12846732"
  },
  {
    "ID Number": "12846287"
  },
  {
    "ID Number": "12826170"
  },
  {
    "ID Number": "12802034"
  },
  {
    "ID Number": "12844942"
  },
  {
    "ID Number": "12844950"
  },
  {
    "ID Number": "12808229"
  },
  {
    "ID Number": "12807435"
  },
  {
    "ID Number": "12800082"
  },
  {
    "ID Number": "12808237"
  },
  {
    "ID Number": "12824461"
  },
  {
    "ID Number": "12810657"
  },
  {
    "ID Number": "12838098"
  },
  {
    "ID Number": "12813877"
  },
  {
    "ID Number": "12834181"
  },
  {
    "ID Number": "12812323"
  },
  {
    "ID Number": "12825867"
  },
  {
    "ID Number": "12811750"
  },
  {
    "ID Number": "12811904"
  },
  {
    "ID Number": "12809101"
  },
  {
    "ID Number": "12845876"
  },
  {
    "ID Number": "12830267"
  },
  {
    "ID Number": "12831026"
  },
  {
    "ID Number": "12831743"
  },
  {
    "ID Number": "12864412"
  },
  {
    "ID Number": "12811246"
  },
  {
    "ID Number": "12812714"
  },
  {
    "ID Number": "12802301"
  },
  {
    "ID Number": "12806773"
  },
  {
    "ID Number": "12803790"
  },
  {
    "ID Number": "12826111"
  },
  {
    "ID Number": "12809861"
  },
  {
    "ID Number": "12829838"
  },
  {
    "ID Number": "12832235"
  },
  {
    "ID Number": "12841579"
  },
  {
    "ID Number": "12844098"
  },
  {
    "ID Number": "12834483"
  },
  {
    "ID Number": "12845094"
  },
  {
    "ID Number": "12802263"
  },
  {
    "ID Number": "12813885"
  },
  {
    "ID Number": "12802204"
  },
  {
    "ID Number": "12801135"
  },
  {
    "ID Number": "12802549"
  },
  {
    "ID Number": "12835501"
  },
  {
    "ID Number": "12840122"
  },
  {
    "ID Number": "12840904"
  },
  {
    "ID Number": "12843946"
  },
  {
    "ID Number": "12870250"
  },
  {
    "ID Number": "12824585"
  },
  {
    "ID Number": "12810282"
  },
  {
    "ID Number": "12805327"
  },
  {
    "ID Number": "12830640"
  },
  {
    "ID Number": "12825379"
  },
  {
    "ID Number": "12808113"
  },
  {
    "ID Number": "12844101"
  },
  {
    "ID Number": "12811513"
  },
  {
    "ID Number": "12852201"
  },
  {
    "ID Number": "12840408"
  },
  {
    "ID Number": "12845736"
  },
  {
    "ID Number": "12809977"
  },
  {
    "ID Number": "12801925"
  },
  {
    "ID Number": "12826960"
  },
  {
    "ID Number": "12818879"
  },
  {
    "ID Number": "12833967"
  },
  {
    "ID Number": "12826626"
  },
  {
    "ID Number": "12805718"
  },
  {
    "ID Number": "12826634"
  },
  {
    "ID Number": "12860298"
  },
  {
    "ID Number": "388105454"
  },
  {
    "ID Number": "12838560"
  },
  {
    "ID Number": "12802964"
  },
  {
    "ID Number": "4102924"
  },
  {
    "ID Number": "12802140"
  },
  {
    "ID Number": "12834432"
  },
  {
    "ID Number": "12852490"
  },
  {
    "ID Number": "12814822"
  },
  {
    "ID Number": "12819638"
  },
  {
    "ID Number": "12820245"
  },
  {
    "ID Number": "12853828"
  },
  {
    "ID Number": "12807486"
  },
  {
    "ID Number": "12862312"
  },
  {
    "ID Number": "12835781"
  },
  {
    "ID Number": "14195976"
  },
  {
    "ID Number": "12826308"
  },
  {
    "ID Number": "12809985"
  },
  {
    "ID Number": "12865923"
  },
  {
    "ID Number": "12825824"
  },
  {
    "ID Number": "12827452"
  },
  {
    "ID Number": "12825875"
  },
  {
    "ID Number": "12860301"
  },
  {
    "ID Number": "12808873"
  },
  {
    "ID Number": "12848093"
  },
  {
    "ID Number": "12805955"
  },
  {
    "ID Number": "12830895"
  },
  {
    "ID Number": "12811998"
  },
  {
    "ID Number": "12829552"
  },
  {
    "ID Number": "12821241"
  },
  {
    "ID Number": "12869953"
  },
  {
    "ID Number": "12810681"
  },
  {
    "ID Number": "12810860"
  },
  {
    "ID Number": "12811076"
  },
  {
    "ID Number": "12825476"
  },
  {
    "ID Number": "12825956"
  },
  {
    "ID Number": "12834556"
  },
  {
    "ID Number": "12807346"
  },
  {
    "ID Number": "11607866"
  },
  {
    "ID Number": "12854980"
  },
  {
    "ID Number": "12800350"
  },
  {
    "ID Number": "12813907"
  },
  {
    "ID Number": "12833509"
  },
  {
    "ID Number": "12821012"
  },
  {
    "ID Number": "12813095"
  },
  {
    "ID Number": "12804258"
  },
  {
    "ID Number": "12800490"
  },
  {
    "ID Number": "12849251"
  },
  {
    "ID Number": "12802190"
  },
  {
    "ID Number": "12850306"
  },
  {
    "ID Number": "12813591"
  },
  {
    "ID Number": "12829455"
  },
  {
    "ID Number": "2873619"
  },
  {
    "ID Number": "12849243"
  },
  {
    "ID Number": "12808784"
  },
  {
    "ID Number": "12811386"
  },
  {
    "ID Number": "12814911"
  },
  {
    "ID Number": "12824771"
  },
  {
    "ID Number": "12828777"
  },
  {
    "ID Number": "12839272"
  },
  {
    "ID Number": "12821020"
  },
  {
    "ID Number": "12804290"
  },
  {
    "ID Number": "12865672"
  },
  {
    "ID Number": "12862762"
  },
  {
    "ID Number": "12860310"
  },
  {
    "ID Number": "12852961"
  },
  {
    "ID Number": "12852023"
  },
  {
    "ID Number": "12864501"
  },
  {
    "ID Number": "12849693"
  },
  {
    "ID Number": "12851302"
  },
  {
    "ID Number": "12823791"
  },
  {
    "ID Number": "12853224"
  },
  {
    "ID Number": "12823562"
  },
  {
    "ID Number": "12854352"
  },
  {
    "ID Number": "12854476"
  },
  {
    "ID Number": "12845663"
  },
  {
    "ID Number": "12863165"
  },
  {
    "ID Number": "12861510"
  },
  {
    "ID Number": "12826928"
  },
  {
    "ID Number": "12846600"
  },
  {
    "ID Number": "12803286"
  },
  {
    "ID Number": "12865990"
  },
  {
    "ID Number": "12817082"
  },
  {
    "ID Number": "12833835"
  },
  {
    "ID Number": "12823589"
  },
  {
    "ID Number": "12817783"
  },
  {
    "ID Number": "12802476"
  },
  {
    "ID Number": "12865125"
  },
  {
    "ID Number": "12812374"
  },
  {
    "ID Number": "12812382"
  },
  {
    "ID Number": "12801160"
  },
  {
    "ID Number": "12807664"
  },
  {
    "ID Number": "12814180"
  },
  {
    "ID Number": "12822159"
  },
  {
    "ID Number": "12812390"
  },
  {
    "ID Number": "12835803"
  },
  {
    "ID Number": "12830445"
  },
  {
    "ID Number": "12852147"
  },
  {
    "ID Number": "12802492"
  },
  {
    "ID Number": "12816469"
  },
  {
    "ID Number": "12800627"
  },
  {
    "ID Number": "12811530"
  },
  {
    "ID Number": "12820890"
  },
  {
    "ID Number": "12811548"
  },
  {
    "ID Number": "12825654"
  },
  {
    "ID Number": "12813605"
  },
  {
    "ID Number": "12845353"
  },
  {
    "ID Number": "12856690"
  },
  {
    "ID Number": "12847844"
  },
  {
    "ID Number": "12811300"
  },
  {
    "ID Number": "12820199"
  },
  {
    "ID Number": "12808601"
  },
  {
    "ID Number": "343109859"
  },
  {
    "ID Number": "12849316"
  },
  {
    "ID Number": "12830275"
  },
  {
    "ID Number": "12846210"
  },
  {
    "ID Number": "12816140"
  },
  {
    "ID Number": "12818194"
  },
  {
    "ID Number": "12804380"
  },
  {
    "ID Number": "12813613"
  },
  {
    "ID Number": "12857661"
  },
  {
    "ID Number": "12850179"
  },
  {
    "ID Number": "12802816"
  },
  {
    "ID Number": "12813397"
  },
  {
    "ID Number": "12813109"
  },
  {
    "ID Number": "12813290"
  },
  {
    "ID Number": "12811700"
  },
  {
    "ID Number": "12805858"
  },
  {
    "ID Number": "12804770"
  },
  {
    "ID Number": "12801836"
  },
  {
    "ID Number": "12833010"
  },
  {
    "ID Number": "12857670"
  },
  {
    "ID Number": "12860468"
  },
  {
    "ID Number": "12813117"
  },
  {
    "ID Number": "12828491"
  },
  {
    "ID Number": "12858358"
  },
  {
    "ID Number": "12816477"
  },
  {
    "ID Number": "12833304"
  },
  {
    "ID Number": "12832456"
  },
  {
    "ID Number": "12848743"
  },
  {
    "ID Number": "12801550"
  },
  {
    "ID Number": "12803847"
  },
  {
    "ID Number": "12839973"
  },
  {
    "ID Number": "12822590"
  },
  {
    "ID Number": "12822604"
  },
  {
    "ID Number": "12860336"
  },
  {
    "ID Number": "12810959"
  },
  {
    "ID Number": "12865214"
  },
  {
    "ID Number": "12809390"
  },
  {
    "ID Number": "12852503"
  },
  {
    "ID Number": "12806366"
  },
  {
    "ID Number": "12815578"
  },
  {
    "ID Number": "12836320"
  },
  {
    "ID Number": "12811556"
  },
  {
    "ID Number": "12853607"
  },
  {
    "ID Number": "12855073"
  },
  {
    "ID Number": "12855693"
  },
  {
    "ID Number": "12834882"
  },
  {
    "ID Number": "12844128"
  },
  {
    "ID Number": "12817597"
  },
  {
    "ID Number": "12805971"
  },
  {
    "ID Number": "12873896"
  },
  {
    "ID Number": "12852210"
  },
  {
    "ID Number": "12830364"
  },
  {
    "ID Number": "12865869"
  },
  {
    "ID Number": "12836184"
  },
  {
    "ID Number": "12849847"
  },
  {
    "ID Number": "12827215"
  },
  {
    "ID Number": "12807516"
  },
  {
    "ID Number": "12846872"
  },
  {
    "ID Number": "12844381"
  },
  {
    "ID Number": "12815918"
  },
  {
    "ID Number": "12863394"
  },
  {
    "ID Number": "12865010"
  },
  {
    "ID Number": "12833924"
  },
  {
    "ID Number": "12851809"
  },
  {
    "ID Number": "12825972"
  },
  {
    "ID Number": "12851361"
  },
  {
    "ID Number": "12834637"
  },
  {
    "ID Number": "12814660"
  },
  {
    "ID Number": "12804266"
  },
  {
    "ID Number": "12829994"
  },
  {
    "ID Number": "12856886"
  },
  {
    "ID Number": "12840343"
  },
  {
    "ID Number": "12820881"
  },
  {
    "ID Number": "12825174"
  },
  {
    "ID Number": "12819824"
  },
  {
    "ID Number": "12825220"
  },
  {
    "ID Number": "12800880"
  },
  {
    "ID Number": "12809136"
  },
  {
    "ID Number": "12822639"
  },
  {
    "ID Number": "12818011"
  },
  {
    "ID Number": "12815721"
  },
  {
    "ID Number": "12848271"
  },
  {
    "ID Number": "12813494"
  },
  {
    "ID Number": "12837911"
  },
  {
    "ID Number": "12810738"
  },
  {
    "ID Number": "12868337"
  },
  {
    "ID Number": "12863890"
  },
  {
    "ID Number": "12807494"
  },
  {
    "ID Number": "12806374"
  },
  {
    "ID Number": "12829137"
  },
  {
    "ID Number": "12832278"
  },
  {
    "ID Number": "12833428"
  },
  {
    "ID Number": "12832286"
  },
  {
    "ID Number": "12843490"
  },
  {
    "ID Number": "12854905"
  },
  {
    "ID Number": "12839990"
  },
  {
    "ID Number": "12848700"
  },
  {
    "ID Number": "12857807"
  },
  {
    "ID Number": "12810991"
  },
  {
    "ID Number": "12847585"
  },
  {
    "ID Number": "12848115"
  },
  {
    "ID Number": "12853941"
  },
  {
    "ID Number": "12803910"
  },
  {
    "ID Number": "12804959"
  },
  {
    "ID Number": "12831409"
  },
  {
    "ID Number": "12812110"
  },
  {
    "ID Number": "12846970"
  },
  {
    "ID Number": "12828637"
  },
  {
    "ID Number": "12826472"
  },
  {
    "ID Number": "12852937"
  },
  {
    "ID Number": "12821675"
  },
  {
    "ID Number": "12803928"
  },
  {
    "ID Number": "12829200"
  },
  {
    "ID Number": "12848123"
  },
  {
    "ID Number": "12816388"
  },
  {
    "ID Number": "12800023"
  },
  {
    "ID Number": "12826120"
  },
  {
    "ID Number": "12829773"
  },
  {
    "ID Number": "12820652"
  },
  {
    "ID Number": "12804096"
  },
  {
    "ID Number": "12847950"
  },
  {
    "ID Number": "12835552"
  },
  {
    "ID Number": "12812722"
  },
  {
    "ID Number": "12827355"
  },
  {
    "ID Number": "12807214"
  },
  {
    "ID Number": "12822892"
  },
  {
    "ID Number": "12830224"
  },
  {
    "ID Number": "12812005"
  },
  {
    "ID Number": "12803359"
  },
  {
    "ID Number": "12806463"
  },
  {
    "ID Number": "12802891"
  },
  {
    "ID Number": "12852376"
  },
  {
    "ID Number": "12831085"
  },
  {
    "ID Number": "12813338"
  },
  {
    "ID Number": "12805351"
  },
  {
    "ID Number": "12813621"
  },
  {
    "ID Number": "12847526"
  },
  {
    "ID Number": "12867551"
  },
  {
    "ID Number": "12804398"
  },
  {
    "ID Number": "12806390"
  },
  {
    "ID Number": "12814920"
  },
  {
    "ID Number": "12809152"
  },
  {
    "ID Number": "12804436"
  },
  {
    "ID Number": "12873845"
  },
  {
    "ID Number": "12828378"
  },
  {
    "ID Number": "12819573"
  },
  {
    "ID Number": "12836885"
  },
  {
    "ID Number": "12847623"
  },
  {
    "ID Number": "12854484"
  },
  {
    "ID Number": "12843563"
  },
  {
    "ID Number": "12800457"
  },
  {
    "ID Number": "12835617"
  },
  {
    "ID Number": "12802425"
  },
  {
    "ID Number": "12864749"
  },
  {
    "ID Number": "12802174"
  },
  {
    "ID Number": "12840548"
  },
  {
    "ID Number": "12821683"
  },
  {
    "ID Number": "12809268"
  },
  {
    "ID Number": "12868833"
  },
  {
    "ID Number": "12807575"
  },
  {
    "ID Number": "12864943"
  },
  {
    "ID Number": "12848638"
  },
  {
    "ID Number": "12807672"
  },
  {
    "ID Number": "12808946"
  },
  {
    "ID Number": "12811629"
  },
  {
    "ID Number": "12829943"
  },
  {
    "ID Number": "12835200"
  },
  {
    "ID Number": "12800724"
  },
  {
    "ID Number": "12853755"
  },
  {
    "ID Number": "12817333"
  },
  {
    "ID Number": "12823643"
  },
  {
    "ID Number": "12860573"
  },
  {
    "ID Number": "12868116"
  },
  {
    "ID Number": "12837954"
  },
  {
    "ID Number": "12811777"
  },
  {
    "ID Number": "12835684"
  },
  {
    "ID Number": "12804401"
  },
  {
    "ID Number": "12831514"
  },
  {
    "ID Number": "12806129"
  },
  {
    "ID Number": "12822221"
  },
  {
    "ID Number": "12816671"
  },
  {
    "ID Number": "12828211"
  },
  {
    "ID Number": "12826650"
  },
  {
    "ID Number": "12802557"
  },
  {
    "ID Number": "12803642"
  },
  {
    "ID Number": "12806404"
  },
  {
    "ID Number": "12867420"
  },
  {
    "ID Number": "12857378"
  },
  {
    "ID Number": "12861995"
  },
  {
    "ID Number": "12827363"
  },
  {
    "ID Number": "12843156"
  },
  {
    "ID Number": "12863491"
  },
  {
    "ID Number": "12855553"
  },
  {
    "ID Number": "12828220"
  },
  {
    "ID Number": "12803693"
  },
  {
    "ID Number": "12826669"
  },
  {
    "ID Number": "12818356"
  },
  {
    "ID Number": "12834718"
  },
  {
    "ID Number": "12829218"
  },
  {
    "ID Number": "12851272"
  },
  {
    "ID Number": "12810754"
  },
  {
    "ID Number": "12849324"
  },
  {
    "ID Number": "12854603"
  },
  {
    "ID Number": "12843342"
  },
  {
    "ID Number": "12817112"
  },
  {
    "ID Number": "12806811"
  },
  {
    "ID Number": "12806820"
  },
  {
    "ID Number": "12809675"
  },
  {
    "ID Number": "12844969"
  },
  {
    "ID Number": "12829404"
  },
  {
    "ID Number": "388166852"
  },
  {
    "ID Number": "12846252"
  },
  {
    "ID Number": "13526626"
  },
  {
    "ID Number": "12827835"
  },
  {
    "ID Number": "12817341"
  },
  {
    "ID Number": "12853011"
  },
  {
    "ID Number": "12805360"
  },
  {
    "ID Number": "12803936"
  },
  {
    "ID Number": "12801054"
  },
  {
    "ID Number": "12855847"
  },
  {
    "ID Number": "12855928"
  },
  {
    "ID Number": "12827819"
  },
  {
    "ID Number": "12873357"
  },
  {
    "ID Number": "12848301"
  },
  {
    "ID Number": "12868221"
  },
  {
    "ID Number": "12821500"
  },
  {
    "ID Number": "12822655"
  },
  {
    "ID Number": "12807583"
  },
  {
    "ID Number": "12806030"
  },
  {
    "ID Number": "12806048"
  },
  {
    "ID Number": "12840289"
  },
  {
    "ID Number": "12810177"
  },
  {
    "ID Number": "12848255"
  },
  {
    "ID Number": "12806196"
  },
  {
    "ID Number": "12855421"
  },
  {
    "ID Number": "12869880"
  },
  {
    "ID Number": "12811572"
  },
  {
    "ID Number": "12805386"
  },
  {
    "ID Number": "12864072"
  },
  {
    "ID Number": "12810762"
  },
  {
    "ID Number": "12802298"
  },
  {
    "ID Number": "12806943"
  },
  {
    "ID Number": "12810029"
  },
  {
    "ID Number": "12805033"
  },
  {
    "ID Number": "12826049"
  },
  {
    "ID Number": "12808253"
  },
  {
    "ID Number": "12833460"
  },
  {
    "ID Number": "12806145"
  },
  {
    "ID Number": "12850543"
  },
  {
    "ID Number": "12849715"
  },
  {
    "ID Number": "12810169"
  },
  {
    "ID Number": "12808822"
  },
  {
    "ID Number": "12872776"
  },
  {
    "ID Number": "12840602"
  },
  {
    "ID Number": "12810770"
  },
  {
    "ID Number": "12813931"
  },
  {
    "ID Number": "12839132"
  },
  {
    "ID Number": "12809160"
  },
  {
    "ID Number": "12846368"
  },
  {
    "ID Number": "12814938"
  },
  {
    "ID Number": "12814202"
  },
  {
    "ID Number": "12815845"
  },
  {
    "ID Number": "12809179"
  },
  {
    "ID Number": "12813940"
  },
  {
    "ID Number": "12803154"
  },
  {
    "ID Number": "12815730"
  },
  {
    "ID Number": "12810371"
  },
  {
    "ID Number": "12868280"
  },
  {
    "ID Number": "12861871"
  },
  {
    "ID Number": "12810380"
  },
  {
    "ID Number": "12801852"
  },
  {
    "ID Number": "12813508"
  },
  {
    "ID Number": "12830437"
  },
  {
    "ID Number": "12800686"
  },
  {
    "ID Number": "12808768"
  },
  {
    "ID Number": "12828203"
  },
  {
    "ID Number": "12800449"
  },
  {
    "ID Number": "12809187"
  },
  {
    "ID Number": "12803766"
  },
  {
    "ID Number": "12867411"
  },
  {
    "ID Number": "12814946"
  },
  {
    "ID Number": "12829315"
  },
  {
    "ID Number": "12820709"
  },
  {
    "ID Number": "12806412"
  },
  {
    "ID Number": "12817058"
  },
  {
    "ID Number": "12802409"
  },
  {
    "ID Number": "12800465"
  },
  {
    "ID Number": "12806722"
  },
  {
    "ID Number": "12825301"
  },
  {
    "ID Number": "12854913"
  },
  {
    "ID Number": "12809705"
  },
  {
    "ID Number": "12815691"
  },
  {
    "ID Number": "12871958"
  },
  {
    "ID Number": "12807354"
  },
  {
    "ID Number": "12833037"
  },
  {
    "ID Number": "12819190"
  },
  {
    "ID Number": "12824119"
  },
  {
    "ID Number": "12843520"
  },
  {
    "ID Number": "12863947"
  },
  {
    "ID Number": "12821780"
  },
  {
    "ID Number": "12867403"
  },
  {
    "ID Number": "12800368"
  },
  {
    "ID Number": "12813770"
  },
  {
    "ID Number": "12823651"
  },
  {
    "ID Number": "12870056"
  },
  {
    "ID Number": "12851094"
  },
  {
    "ID Number": "12845892"
  },
  {
    "ID Number": "12867250"
  },
  {
    "ID Number": "12834530"
  },
  {
    "ID Number": "12873861"
  },
  {
    "ID Number": "12837725"
  },
  {
    "ID Number": "12802484"
  },
  {
    "ID Number": "12870935"
  },
  {
    "ID Number": "12861057"
  },
  {
    "ID Number": "12803804"
  },
  {
    "ID Number": "12807532"
  },
  {
    "ID Number": "12815705"
  },
  {
    "ID Number": "12854492"
  },
  {
    "ID Number": "13507567"
  },
  {
    "ID Number": "12850136"
  },
  {
    "ID Number": "12824500"
  },
  {
    "ID Number": "12853984"
  },
  {
    "ID Number": "12826731"
  },
  {
    "ID Number": "12808270"
  },
  {
    "ID Number": "12818712"
  },
  {
    "ID Number": "12814210"
  },
  {
    "ID Number": "12808148"
  },
  {
    "ID Number": "12804274"
  },
  {
    "ID Number": "12817716"
  },
  {
    "ID Number": "12800848"
  },
  {
    "ID Number": "12848131"
  },
  {
    "ID Number": "12856770"
  },
  {
    "ID Number": "12804819"
  },
  {
    "ID Number": "12806897"
  },
  {
    "ID Number": "12802328"
  },
  {
    "ID Number": "12802379"
  },
  {
    "ID Number": "12846813"
  },
  {
    "ID Number": "12802077"
  },
  {
    "ID Number": "12811637"
  },
  {
    "ID Number": "12823570"
  },
  {
    "ID Number": "12805980"
  },
  {
    "ID Number": "12824615"
  },
  {
    "ID Number": "12801887"
  },
  {
    "ID Number": "12812730"
  },
  {
    "ID Number": "12804444"
  },
  {
    "ID Number": "12804827"
  },
  {
    "ID Number": "12829854"
  },
  {
    "ID Number": "12834742"
  },
  {
    "ID Number": "12833975"
  },
  {
    "ID Number": "12865761"
  },
  {
    "ID Number": "12826723"
  },
  {
    "ID Number": "12812544"
  },
  {
    "ID Number": "12825778"
  },
  {
    "ID Number": "12821799"
  },
  {
    "ID Number": "12801674"
  },
  {
    "ID Number": "12800953"
  },
  {
    "ID Number": "12800112"
  },
  {
    "ID Number": "12818364"
  },
  {
    "ID Number": "12821314"
  },
  {
    "ID Number": "12800562"
  },
  {
    "ID Number": "12850144"
  },
  {
    "ID Number": "12846376"
  },
  {
    "ID Number": "12813656"
  },
  {
    "ID Number": "12847542"
  },
  {
    "ID Number": "12841544"
  },
  {
    "ID Number": "12848913"
  },
  {
    "ID Number": "12806854"
  },
  {
    "ID Number": "12800406"
  },
  {
    "ID Number": "12810398"
  },
  {
    "ID Number": "12864404"
  },
  {
    "ID Number": "12855987"
  },
  {
    "ID Number": "12852740"
  },
  {
    "ID Number": "12834513"
  },
  {
    "ID Number": "12834440"
  },
  {
    "ID Number": "12831735"
  },
  {
    "ID Number": "12831433"
  },
  {
    "ID Number": "12850098"
  },
  {
    "ID Number": "12860425"
  },
  {
    "ID Number": "12805777"
  },
  {
    "ID Number": "12812552"
  },
  {
    "ID Number": "12865060"
  },
  {
    "ID Number": "12860603"
  },
  {
    "ID Number": "12805394"
  },
  {
    "ID Number": "12805742"
  },
  {
    "ID Number": "12807990"
  },
  {
    "ID Number": "12851779"
  },
  {
    "ID Number": "12815420"
  },
  {
    "ID Number": "12816698"
  },
  {
    "ID Number": "12867942"
  },
  {
    "ID Number": "12802123"
  },
  {
    "ID Number": "12805580"
  },
  {
    "ID Number": "12814229"
  },
  {
    "ID Number": "12855340"
  },
  {
    "ID Number": "12819522"
  },
  {
    "ID Number": "12834459"
  },
  {
    "ID Number": "12805408"
  },
  {
    "ID Number": "12861251"
  },
  {
    "ID Number": "12857815"
  },
  {
    "ID Number": "12847356"
  },
  {
    "ID Number": "12815446"
  },
  {
    "ID Number": "12854298"
  },
  {
    "ID Number": "12852996"
  },
  {
    "ID Number": "12802450"
  },
  {
    "ID Number": "12802646"
  },
  {
    "ID Number": "12809748"
  },
  {
    "ID Number": "12842800"
  },
  {
    "ID Number": "12803030"
  },
  {
    "ID Number": "12802581"
  },
  {
    "ID Number": "12805432"
  },
  {
    "ID Number": "12869961"
  },
  {
    "ID Number": "12826740"
  },
  {
    "ID Number": "12824518"
  },
  {
    "ID Number": "12812510"
  },
  {
    "ID Number": "12810878"
  },
  {
    "ID Number": "12838500"
  },
  {
    "ID Number": "12828505"
  },
  {
    "ID Number": "12824526"
  },
  {
    "ID Number": "12825395"
  },
  {
    "ID Number": "12813982"
  },
  {
    "ID Number": "12829781"
  },
  {
    "ID Number": "12866261"
  },
  {
    "ID Number": "12821810"
  },
  {
    "ID Number": "12847909"
  },
  {
    "ID Number": "12803260"
  },
  {
    "ID Number": "12855405"
  },
  {
    "ID Number": "12802603"
  },
  {
    "ID Number": "12805440"
  },
  {
    "ID Number": "12844420"
  },
  {
    "ID Number": "12845973"
  },
  {
    "ID Number": "12844560"
  },
  {
    "ID Number": "12810037"
  },
  {
    "ID Number": "12836486"
  },
  {
    "ID Number": "12805459"
  },
  {
    "ID Number": "12818658"
  },
  {
    "ID Number": "12807753"
  },
  {
    "ID Number": "12809195"
  },
  {
    "ID Number": "12842400"
  },
  {
    "ID Number": "12841382"
  },
  {
    "ID Number": "12824801"
  },
  {
    "ID Number": "12809209"
  },
  {
    "ID Number": "12817104"
  },
  {
    "ID Number": "12829870"
  },
  {
    "ID Number": "12826839"
  },
  {
    "ID Number": "12830240"
  },
  {
    "ID Number": "12870072"
  },
  {
    "ID Number": "12862959"
  },
  {
    "ID Number": "12841846"
  },
  {
    "ID Number": "12841854"
  },
  {
    "ID Number": "12807451"
  },
  {
    "ID Number": "12806951"
  },
  {
    "ID Number": "12846333"
  },
  {
    "ID Number": "12816710"
  },
  {
    "ID Number": "12813184"
  },
  {
    "ID Number": "12846597"
  },
  {
    "ID Number": "12838578"
  },
  {
    "ID Number": "12846830"
  },
  {
    "ID Number": "12813958"
  },
  {
    "ID Number": "12813966"
  },
  {
    "ID Number": "12847739"
  },
  {
    "ID Number": "12807370"
  },
  {
    "ID Number": "12806170"
  },
  {
    "ID Number": "12837830"
  },
  {
    "ID Number": "12802131"
  },
  {
    "ID Number": "12855731"
  },
  {
    "ID Number": "12836354"
  },
  {
    "ID Number": "12805700"
  },
  {
    "ID Number": "12839485"
  },
  {
    "ID Number": "12813192"
  },
  {
    "ID Number": "12851728"
  },
  {
    "ID Number": "12855740"
  },
  {
    "ID Number": "12863718"
  },
  {
    "ID Number": "12829048"
  },
  {
    "ID Number": "12856355"
  },
  {
    "ID Number": "12800546"
  },
  {
    "ID Number": "12805467"
  },
  {
    "ID Number": "12840610"
  },
  {
    "ID Number": "12851205"
  },
  {
    "ID Number": "12808792"
  },
  {
    "ID Number": "12805750"
  },
  {
    "ID Number": "12842974"
  },
  {
    "ID Number": "12820962"
  },
  {
    "ID Number": "12814245"
  },
  {
    "ID Number": "12808334"
  },
  {
    "ID Number": "12859290"
  },
  {
    "ID Number": "12809489"
  },
  {
    "ID Number": "12807591"
  },
  {
    "ID Number": "12821705"
  },
  {
    "ID Number": "12808008"
  },
  {
    "ID Number": "12855936"
  },
  {
    "ID Number": "12803294"
  },
  {
    "ID Number": "12833916"
  },
  {
    "ID Number": "12846643"
  },
  {
    "ID Number": "12801216"
  },
  {
    "ID Number": "12802069"
  },
  {
    "ID Number": "12846686"
  },
  {
    "ID Number": "12849383"
  },
  {
    "ID Number": "12802654"
  },
  {
    "ID Number": "12846678"
  },
  {
    "ID Number": "12802573"
  },
  {
    "ID Number": "12839663"
  },
  {
    "ID Number": "12828750"
  },
  {
    "ID Number": "12804142"
  },
  {
    "ID Number": "12813974"
  },
  {
    "ID Number": "12825140"
  },
  {
    "ID Number": "12825298"
  },
  {
    "ID Number": "12818690"
  },
  {
    "ID Number": "12815659"
  },
  {
    "ID Number": "12837962"
  },
  {
    "ID Number": "12862010"
  },
  {
    "ID Number": "12849650"
  },
  {
    "ID Number": "12864862"
  },
  {
    "ID Number": "12825719"
  },
  {
    "ID Number": "12817260"
  },
  {
    "ID Number": "12802344"
  },
  {
    "ID Number": "12804541"
  },
  {
    "ID Number": "12855456"
  },
  {
    "ID Number": "12805998"
  },
  {
    "ID Number": "12861359"
  },
  {
    "ID Number": "12807265"
  },
  {
    "ID Number": "12847569"
  },
  {
    "ID Number": "12863092"
  },
  {
    "ID Number": "12861235"
  },
  {
    "ID Number": "12816183"
  },
  {
    "ID Number": "12824534"
  },
  {
    "ID Number": "12816736"
  },
  {
    "ID Number": "12851353"
  },
  {
    "ID Number": "12827649"
  },
  {
    "ID Number": "12814741"
  },
  {
    "ID Number": "12800830"
  },
  {
    "ID Number": "12801534"
  },
  {
    "ID Number": "12862029"
  },
  {
    "ID Number": "12816035"
  },
  {
    "ID Number": "12811580"
  },
  {
    "ID Number": "12803561"
  },
  {
    "ID Number": "12833487"
  },
  {
    "ID Number": "12804495"
  },
  {
    "ID Number": "12826146"
  },
  {
    "ID Number": "12819611"
  },
  {
    "ID Number": "12867071"
  },
  {
    "ID Number": "12848140"
  },
  {
    "ID Number": "12817724"
  },
  {
    "ID Number": "12841307"
  },
  {
    "ID Number": "12803430"
  },
  {
    "ID Number": "12810819"
  },
  {
    "ID Number": "12801984"
  },
  {
    "ID Number": "12808776"
  },
  {
    "ID Number": "12816400"
  },
  {
    "ID Number": "12810886"
  },
  {
    "ID Number": "12848530"
  },
  {
    "ID Number": "12822930"
  },
  {
    "ID Number": "12819310"
  },
  {
    "ID Number": "12849812"
  },
  {
    "ID Number": "12846996"
  },
  {
    "ID Number": "12814075"
  },
  {
    "ID Number": "12803944"
  },
  {
    "ID Number": "12857610"
  },
  {
    "ID Number": "12826901"
  },
  {
    "ID Number": "12847852"
  },
  {
    "ID Number": "12841811"
  },
  {
    "ID Number": "12841838"
  },
  {
    "ID Number": "12841820"
  },
  {
    "ID Number": "12801542"
  },
  {
    "ID Number": "12800120"
  },
  {
    "ID Number": "12848158"
  },
  {
    "ID Number": "12815055"
  },
  {
    "ID Number": "12801496"
  },
  {
    "ID Number": "12829056"
  },
  {
    "ID Number": "12824542"
  },
  {
    "ID Number": "12813214"
  },
  {
    "ID Number": "12813222"
  },
  {
    "ID Number": "12831115"
  },
  {
    "ID Number": "12800210"
  },
  {
    "ID Number": "12858315"
  },
  {
    "ID Number": "12814288"
  },
  {
    "ID Number": "12810894"
  },
  {
    "ID Number": "12870447"
  },
  {
    "ID Number": "12800201"
  },
  {
    "ID Number": "12853615"
  },
  {
    "ID Number": "12800970"
  },
  {
    "ID Number": "12859702"
  },
  {
    "ID Number": "12857068"
  },
  {
    "ID Number": "12852414"
  },
  {
    "ID Number": "12800937"
  },
  {
    "ID Number": "12820660"
  },
  {
    "ID Number": "12804835"
  },
  {
    "ID Number": "12804916"
  },
  {
    "ID Number": "12809217"
  },
  {
    "ID Number": "12814750"
  },
  {
    "ID Number": "12857440"
  },
  {
    "ID Number": "12804517"
  },
  {
    "ID Number": "12802395"
  },
  {
    "ID Number": "12869104"
  },
  {
    "ID Number": "12806668"
  },
  {
    "ID Number": "12823660"
  },
  {
    "ID Number": "12831620"
  },
  {
    "ID Number": "12840327"
  },
  {
    "ID Number": "12865508"
  },
  {
    "ID Number": "12865877"
  },
  {
    "ID Number": "12805483"
  },
  {
    "ID Number": "12838918"
  },
  {
    "ID Number": "12808342"
  },
  {
    "ID Number": "12834327"
  },
  {
    "ID Number": "12803740"
  },
  {
    "ID Number": "12803880"
  },
  {
    "ID Number": "12817678"
  },
  {
    "ID Number": "12847640"
  },
  {
    "ID Number": "12845027"
  },
  {
    "ID Number": "12847160"
  },
  {
    "ID Number": "12817899"
  },
  {
    "ID Number": "12816329"
  },
  {
    "ID Number": "12828513"
  },
  {
    "ID Number": "12853313"
  },
  {
    "ID Number": "12805785"
  },
  {
    "ID Number": "12827401"
  },
  {
    "ID Number": "12859842"
  },
  {
    "ID Number": "12848425"
  },
  {
    "ID Number": "12861316"
  },
  {
    "ID Number": "12851450"
  },
  {
    "ID Number": "12844918"
  },
  {
    "ID Number": "12824550"
  },
  {
    "ID Number": "12801585"
  },
  {
    "ID Number": "12848166"
  },
  {
    "ID Number": "12804533"
  },
  {
    "ID Number": "12808180"
  },
  {
    "ID Number": "12807702"
  },
  {
    "ID Number": "12837466"
  },
  {
    "ID Number": "12828718"
  },
  {
    "ID Number": "12823422"
  },
  {
    "ID Number": "12805505"
  },
  {
    "ID Number": "12848557"
  },
  {
    "ID Number": "12853143"
  },
  {
    "ID Number": "12850195"
  },
  {
    "ID Number": "12844160"
  },
  {
    "ID Number": "12862690"
  },
  {
    "ID Number": "12861200"
  },
  {
    "ID Number": "12814296"
  },
  {
    "ID Number": "12821551"
  },
  {
    "ID Number": "12813346"
  },
  {
    "ID Number": "12811130"
  },
  {
    "ID Number": "12827436"
  },
  {
    "ID Number": "12841250"
  }
]