[
  {
    "ID Number": "32500963"
  },
  {
    "ID Number": "32500971"
  },
  {
    "ID Number": "32500980"
  },
  {
    "ID Number": "32500157"
  },
  {
    "ID Number": "32500033"
  },
  {
    "ID Number": "32500017"
  },
  {
    "ID Number": "32502141"
  },
  {
    "ID Number": "32503970"
  },
  {
    "ID Number": "32500181"
  },
  {
    "ID Number": "32504241"
  },
  {
    "ID Number": "32503946"
  },
  {
    "ID Number": "32501048"
  },
  {
    "ID Number": "32503393"
  },
  {
    "ID Number": "32500173"
  },
  {
    "ID Number": "8710651"
  },
  {
    "ID Number": "32504128"
  },
  {
    "ID Number": "32502125"
  },
  {
    "ID Number": "32501013"
  },
  {
    "ID Number": "32503989"
  },
  {
    "ID Number": "32503407"
  },
  {
    "ID Number": "32501021"
  },
  {
    "ID Number": "32502885"
  }
]