[
  {
    "ID Number": "23800577",
    "Name": "Alberto Queipo Delgado",
    "Fed": "ANT",
    "Sex": "M",
    "Title": "",
    "WTit": "",
    "OTit": "",
    "FOA": "1538",
    "Rating": "AUG25",
    "Gms": "0",
    "K": "40",
    "B-day": "2011",
    "Flag": "i"
  },
  {
    "ID Number": "23800038",
    "Name": "Aska, Jerry",
    "Fed": "ANT",
    "Sex": "M",
    "Title": "",
    "WTit": "",
    "OTit": "",
    "FOA": "1602",
    "Rating": "AUG25",
    "Gms": "0",
    "K": "40",
    "B-day": "2000",
    "Flag": "i"
  },
  {
    "ID Number": "23800410",
    "Name": "Farquhar, Abner",
    "Fed": "ANT",
    "Sex": "M",
    "Title": "CM",
    "WTit": "",
    "OTit": "",
    "FOA": "1759",
    "Rating": "AUG25",
    "Gms": "0",
    "K": "20",
    "B-day": "2003",
    "Flag": ""
  },
  {
    "ID Number": "23800089",
    "Name": "Fleming, Hannibal",
    "Fed": "ANT",
    "Sex": "M",
    "Title": "",
    "WTit": "",
    "OTit": "",
    "FOA": "1651",
    "Rating": "AUG25",
    "Gms": "0",
    "K": "40",
    "B-day": "0",
    "Flag": "i"
  },
  {
    "ID Number": "10401067",
    "Name": "Grant, Chester",
    "Fed": "ANT",
    "Sex": "M",
    "Title": "",
    "WTit": "",
    "OTit": "",
    "FOA": "1481",
    "Rating": "AUG25",
    "Gms": "0",
    "K": "40",
    "B-day": "1984",
    "Flag": "i"
  },
  {
    "ID Number": "23800143",
    "Name": "Ince, Victor",
    "Fed": "ANT",
    "Sex": "M",
    "Title": "",
    "WTit": "",
    "OTit": "",
    "FOA": "1561",
    "Rating": "AUG25",
    "Gms": "0",
    "K": "40",
    "B-day": "2001",
    "Flag": "i"
  },
  {
    "ID Number": "23800500",
    "Name": "Kyle Bougouneau",
    "Fed": "ANT",
    "Sex": "M",
    "Title": "",
    "WTit": "",
    "OTit": "",
    "FOA": "1527",
    "Rating": "AUG25",
    "Gms": "0",
    "K": "40",
    "B-day": "1997",
    "Flag": "i"
  },
  {
    "ID Number": "23800011",
    "Name": "Matthew Bailey",
    "Fed": "ANT",
    "Sex": "M",
    "Title": "CM",
    "WTit": "",
    "OTit": "",
    "FOA": "1638",
    "Rating": "AUG25",
    "Gms": "0",
    "K": "20",
    "B-day": "1998",
    "Flag": ""
  },
  {
    "ID Number": "3500756",
    "Name": "Queipo Caballero, Guillermo",
    "Fed": "ANT",
    "Sex": "M",
    "Title": "FM",
    "WTit": "",
    "OTit": "",
    "FOA": "2218",
    "Rating": "AUG25",
    "Gms": "0",
    "K": "20",
    "B-day": "1965",
    "Flag": "i"
  },
  {
    "ID Number": "10401075",
    "Name": "Smith, Seymore",
    "Fed": "ANT",
    "Sex": "M",
    "Title": "",
    "WTit": "",
    "OTit": "",
    "FOA": "1570",
    "Rating": "AUG25",
    "Gms": "0",
    "K": "40",
    "B-day": "1977",
    "Flag": "i"
  },
  {
    "ID Number": "23800178",
    "Name": "Solomon, Jonathan",
    "Fed": "ANT",
    "Sex": "M",
    "Title": "",
    "WTit": "",
    "OTit": "",
    "FOA": "1512",
    "Rating": "AUG25",
    "Gms": "0",
    "K": "40",
    "B-day": "2004",
    "Flag": ""
  },
  {
    "ID Number": "23800160",
    "Name": "Solomon, Joshua",
    "Fed": "ANT",
    "Sex": "M",
    "Title": "",
    "WTit": "",
    "OTit": "",
    "FOA": "1563",
    "Rating": "AUG25",
    "Gms": "0",
    "K": "40",
    "B-day": "2004",
    "Flag": ""
  },
  {
    "ID Number": "23800046",
    "Name": "Warner, Andre",
    "Fed": "ANT",
    "Sex": "M",
    "Title": "",
    "WTit": "",
    "OTit": "",
    "FOA": "1557",
    "Rating": "AUG25",
    "Gms": "0",
    "K": "40",
    "B-day": "1998",
    "Flag": "i"
  }
]