[
  {
    "ID Number": "10301780"
  },
  {
    "ID Number": "10300040"
  },
  {
    "ID Number": "10300503"
  },
  {
    "ID Number": "10300589"
  },
  {
    "ID Number": "10300163"
  },
  {
    "ID Number": "10300180"
  },
  {
    "ID Number": "10305122"
  },
  {
    "ID Number": "10304290"
  },
  {
    "ID Number": "10310037"
  },
  {
    "ID Number": "10303162"
  },
  {
    "ID Number": "10304371"
  },
  {
    "ID Number": "10306803"
  },
  {
    "ID Number": "10306838"
  },
  {
    "ID Number": "10307362"
  },
  {
    "ID Number": "10302751"
  },
  {
    "ID Number": "10300228"
  },
  {
    "ID Number": "10303260"
  },
  {
    "ID Number": "10305793"
  },
  {
    "ID Number": "10306439"
  },
  {
    "ID Number": "10304541"
  },
  {
    "ID Number": "10301100"
  },
  {
    "ID Number": "10302875"
  },
  {
    "ID Number": "10301615"
  },
  {
    "ID Number": "10301445"
  },
  {
    "ID Number": "10303553"
  },
  {
    "ID Number": "10301666"
  },
  {
    "ID Number": "10309926"
  },
  {
    "ID Number": "10300597"
  },
  {
    "ID Number": "10305254"
  },
  {
    "ID Number": "10303057"
  },
  {
    "ID Number": "10306218"
  },
  {
    "ID Number": "10307087"
  },
  {
    "ID Number": "10304339"
  },
  {
    "ID Number": "10303987"
  },
  {
    "ID Number": "10309446"
  },
  {
    "ID Number": "10309560"
  },
  {
    "ID Number": "10303340"
  },
  {
    "ID Number": "10304428"
  },
  {
    "ID Number": "10300368"
  },
  {
    "ID Number": "10307036"
  },
  {
    "ID Number": "10309390"
  },
  {
    "ID Number": "10306757"
  },
  {
    "ID Number": "10303480"
  },
  {
    "ID Number": "10300864"
  },
  {
    "ID Number": "10303472"
  },
  {
    "ID Number": "10304495"
  },
  {
    "ID Number": "10300848"
  },
  {
    "ID Number": "10305890"
  },
  {
    "ID Number": "10302603"
  },
  {
    "ID Number": "10303332"
  },
  {
    "ID Number": "10303022"
  },
  {
    "ID Number": "10308482"
  },
  {
    "ID Number": "10304860"
  },
  {
    "ID Number": "10300805"
  },
  {
    "ID Number": "10307656"
  },
  {
    "ID Number": "10306587"
  },
  {
    "ID Number": "10300171"
  },
  {
    "ID Number": "10307176"
  },
  {
    "ID Number": "10303537"
  },
  {
    "ID Number": "10304657"
  },
  {
    "ID Number": "10304274"
  },
  {
    "ID Number": "10301283"
  },
  {
    "ID Number": "10303634"
  },
  {
    "ID Number": "10300066"
  },
  {
    "ID Number": "10303383"
  },
  {
    "ID Number": "10301992"
  },
  {
    "ID Number": "10300708"
  },
  {
    "ID Number": "10305580"
  },
  {
    "ID Number": "10306765"
  },
  {
    "ID Number": "10311750"
  },
  {
    "ID Number": "10307672"
  },
  {
    "ID Number": "10301585"
  },
  {
    "ID Number": "10301704"
  },
  {
    "ID Number": "10302867"
  },
  {
    "ID Number": "10305807"
  },
  {
    "ID Number": "10305653"
  },
  {
    "ID Number": "10301690"
  },
  {
    "ID Number": "10300015"
  },
  {
    "ID Number": "10301186"
  },
  {
    "ID Number": "10306420"
  },
  {
    "ID Number": "10307753"
  },
  {
    "ID Number": "10305092"
  },
  {
    "ID Number": "10300910"
  },
  {
    "ID Number": "10308130"
  },
  {
    "ID Number": "10306510"
  },
  {
    "ID Number": "10303316"
  },
  {
    "ID Number": "10303278"
  },
  {
    "ID Number": "10308814"
  },
  {
    "ID Number": "10307990"
  },
  {
    "ID Number": "10301771"
  },
  {
    "ID Number": "10308423"
  },
  {
    "ID Number": "10301763"
  },
  {
    "ID Number": "10300694"
  },
  {
    "ID Number": "10301470"
  },
  {
    "ID Number": "10300198"
  },
  {
    "ID Number": "10310061"
  },
  {
    "ID Number": "10310444"
  },
  {
    "ID Number": "10304100"
  },
  {
    "ID Number": "10310720"
  },
  {
    "ID Number": "383266891"
  },
  {
    "ID Number": "10301658"
  },
  {
    "ID Number": "10310223"
  },
  {
    "ID Number": "10301291"
  },
  {
    "ID Number": "10307605"
  },
  {
    "ID Number": "10305769"
  },
  {
    "ID Number": "10300201"
  },
  {
    "ID Number": "10300716"
  },
  {
    "ID Number": "10302905"
  },
  {
    "ID Number": "10306560"
  },
  {
    "ID Number": "10303839"
  },
  {
    "ID Number": "10301399"
  },
  {
    "ID Number": "10306390"
  },
  {
    "ID Number": "10304070"
  },
  {
    "ID Number": "10303529"
  },
  {
    "ID Number": "10306781"
  },
  {
    "ID Number": "10300082"
  },
  {
    "ID Number": "10306633"
  },
  {
    "ID Number": "10306650"
  },
  {
    "ID Number": "10301488"
  }
]