[
  {
    "ID Number": "10301780",
    "Name": "Abdullah, Abdullah",
    "Fed": "KUW",
    "Sex": "M",
    "Title": "",
    "WTit": "",
    "OTit": "",
    "Rating": "1581",
    "Gms": "0",
    "K": "20",
    "RatingMonth": "SEP25",
    "B-day": "1982",
    "Flag": "i"
  },
  {
    "ID Number": "10300040",
    "Name": "Al Azmi, Khalaf",
    "Fed": "KUW",
    "Sex": "M",
    "Title": "",
    "WTit": "NI",
    "OTit": "",
    "Rating": "1829",
    "Gms": "0",
    "K": "20",
    "RatingMonth": "SEP25",
    "B-day": "1968",
    "Flag": "i"
  },
  {
    "ID Number": "10300503",
    "Name": "Al Ibrahim, Abdulrahman",
    "Fed": "KUW",
    "Sex": "M",
    "Title": "CM",
    "WTit": "",
    "OTit": "",
    "Rating": "1840",
    "Gms": "0",
    "K": "20",
    "RatingMonth": "SEP25",
    "B-day": "1995",
    "Flag": "i"
  },
  {
    "ID Number": "10300589",
    "Name": "Al Subaie, Nasser",
    "Fed": "KUW",
    "Sex": "M",
    "Title": "",
    "WTit": "",
    "OTit": "",
    "Rating": "1663",
    "Gms": "0",
    "K": "20",
    "RatingMonth": "SEP25",
    "B-day": "1989",
    "Flag": "i"
  },
  {
    "ID Number": "10300163",
    "Name": "Al-Hajiri, Bader",
    "Fed": "KUW",
    "Sex": "M",
    "Title": "FM",
    "WTit": "",
    "OTit": "",
    "Rating": "2114",
    "Gms": "0",
    "K": "20",
    "RatingMonth": "SEP25",
    "B-day": "1968",
    "Flag": ""
  },
  {
    "ID Number": "10300180",
    "Name": "Al-Hamlan, Faisal",
    "Fed": "KUW",
    "Sex": "M",
    "Title": "",
    "WTit": "",
    "OTit": "",
    "Rating": "1951",
    "Gms": "0",
    "K": "20",
    "RatingMonth": "SEP25",
    "B-day": "1973",
    "Flag": "i"
  },
  {
    "ID Number": "10305122",
    "Name": "Al-owaihan, hamad M M",
    "Fed": "KUW",
    "Sex": "M",
    "Title": "",
    "WTit": "",
    "OTit": "",
    "Rating": "1476",
    "Gms": "0",
    "K": "20",
    "RatingMonth": "SEP25",
    "B-day": "1994",
    "Flag": ""
  },
  {
    "ID Number": "10304290",
    "Name": "Alabdaljader, Mohammed",
    "Fed": "KUW",
    "Sex": "M",
    "Title": "CM",
    "WTit": "",
    "OTit": "",
    "Rating": "1633",
    "Gms": "0",
    "K": "20",
    "RatingMonth": "SEP25",
    "B-day": "2006",
    "Flag": "i"
  },
  {
    "ID Number": "10310037",
    "Name": "Alabdullah, Khalid",
    "Fed": "KUW",
    "Sex": "M",
    "Title": "",
    "WTit": "",
    "OTit": "",
    "Rating": "1474",
    "Gms": "0",
    "K": "20",
    "RatingMonth": "SEP25",
    "B-day": "1993",
    "Flag": ""
  },
  {
    "ID Number": "10303162",
    "Name": "Aladsani, Samer",
    "Fed": "KUW",
    "Sex": "M",
    "Title": "",
    "WTit": "",
    "OTit": "",
    "Rating": "1740",
    "Gms": "0",
    "K": "20",
    "RatingMonth": "SEP25",
    "B-day": "2002",
    "Flag": "i"
  },
  {
    "ID Number": "10304371",
    "Name": "Alajmi,  Jadiea",
    "Fed": "KUW",
    "Sex": "M",
    "Title": "",
    "WTit": "",
    "OTit": "",
    "Rating": "1507",
    "Gms": "0",
    "K": "20",
    "RatingMonth": "SEP25",
    "B-day": "1991",
    "Flag": "i"
  },
  {
    "ID Number": "10306803",
    "Name": "Alajmi, Abdulmohsen H",
    "Fed": "KUW",
    "Sex": "M",
    "Title": "",
    "WTit": "",
    "OTit": "",
    "Rating": "1503",
    "Gms": "0",
    "K": "40",
    "RatingMonth": "SEP25",
    "B-day": "2009",
    "Flag": "i"
  },
  {
    "ID Number": "10306838",
    "Name": "Alajmi, Fahad KH",
    "Fed": "KUW",
    "Sex": "M",
    "Title": "",
    "WTit": "",
    "OTit": "",
    "Rating": "1546",
    "Gms": "0",
    "K": "20",
    "RatingMonth": "SEP25",
    "B-day": "1996",
    "Flag": "i"
  },
  {
    "ID Number": "10307362",
    "Name": "Alali, Ahmad",
    "Fed": "KUW",
    "Sex": "M",
    "Title": "",
    "WTit": "",
    "OTit": "",
    "Rating": "1585",
    "Gms": "0",
    "K": "20",
    "RatingMonth": "SEP25",
    "B-day": "2001",
    "Flag": "i"
  },
  {
    "ID Number": "10302751",
    "Name": "Alali, Jasem",
    "Fed": "KUW",
    "Sex": "M",
    "Title": "",
    "WTit": "",
    "OTit": "",
    "Rating": "1643",
    "Gms": "0",
    "K": "20",
    "RatingMonth": "SEP25",
    "B-day": "1972",
    "Flag": "i"
  },
  {
    "ID Number": "10300228",
    "Name": "Alamiri, Adel",
    "Fed": "KUW",
    "Sex": "M",
    "Title": "",
    "WTit": "",
    "OTit": "",
    "Rating": "1918",
    "Gms": "0",
    "K": "20",
    "RatingMonth": "SEP25",
    "B-day": "1977",
    "Flag": "i"
  },
  {
    "ID Number": "10303260",
    "Name": "Alasad, Tareq",
    "Fed": "KUW",
    "Sex": "M",
    "Title": "",
    "WTit": "",
    "OTit": "",
    "Rating": "1620",
    "Gms": "0",
    "K": "20",
    "RatingMonth": "SEP25",
    "B-day": "1976",
    "Flag": "i"
  },
  {
    "ID Number": "10305793",
    "Name": "Alasfour, Hamad",
    "Fed": "KUW",
    "Sex": "M",
    "Title": "",
    "WTit": "",
    "OTit": "",
    "Rating": "1548",
    "Gms": "0",
    "K": "20",
    "RatingMonth": "SEP25",
    "B-day": "1999",
    "Flag": "i"
  },
  {
    "ID Number": "10306439",
    "Name": "Alasfour, Zaid",
    "Fed": "KUW",
    "Sex": "M",
    "Title": "",
    "WTit": "",
    "OTit": "",
    "Rating": "1545",
    "Gms": "0",
    "K": "40",
    "RatingMonth": "SEP25",
    "B-day": "2008",
    "Flag": "i"
  },
  {
    "ID Number": "10304541",
    "Name": "Alasseeri, Ahmad",
    "Fed": "KUW",
    "Sex": "M",
    "Title": "",
    "WTit": "",
    "OTit": "",
    "Rating": "1482",
    "Gms": "0",
    "K": "20",
    "RatingMonth": "SEP25",
    "B-day": "1985",
    "Flag": "i"
  },
  {
    "ID Number": "10301100",
    "Name": "Alawadhi, Amenah",
    "Fed": "KUW",
    "Sex": "F",
    "Title": "WCM",
    "WTit": "WCM",
    "OTit": "",
    "Rating": "1625",
    "Gms": "0",
    "K": "20",
    "RatingMonth": "SEP25",
    "B-day": "1980",
    "Flag": "wi"
  },
  {
    "ID Number": "10302875",
    "Name": "Alazemi, Aisha",
    "Fed": "KUW",
    "Sex": "F",
    "Title": "",
    "WTit": "",
    "OTit": "",
    "Rating": "1524",
    "Gms": "0",
    "K": "20",
    "RatingMonth": "SEP25",
    "B-day": "2004",
    "Flag": "w"
  },
  {
    "ID Number": "10301615",
    "Name": "Alazmi, Abdulrahman",
    "Fed": "KUW",
    "Sex": "M",
    "Title": "",
    "WTit": "",
    "OTit": "",
    "Rating": "1686",
    "Gms": "0",
    "K": "20",
    "RatingMonth": "SEP25",
    "B-day": "1991",
    "Flag": "i"
  },
  {
    "ID Number": "10301445",
    "Name": "Alazmi, Ahmad",
    "Fed": "KUW",
    "Sex": "M",
    "Title": "",
    "WTit": "",
    "OTit": "",
    "Rating": "1589",
    "Gms": "0",
    "K": "20",
    "RatingMonth": "SEP25",
    "B-day": "1996",
    "Flag": "i"
  },
  {
    "ID Number": "10303553",
    "Name": "Alazmi, Amani",
    "Fed": "KUW",
    "Sex": "F",
    "Title": "WCM",
    "WTit": "WCM",
    "OTit": "",
    "Rating": "1683",
    "Gms": "0",
    "K": "20",
    "RatingMonth": "SEP25",
    "B-day": "1992",
    "Flag": "w"
  },
  {
    "ID Number": "10301666",
    "Name": "Alazmi, Eid",
    "Fed": "KUW",
    "Sex": "M",
    "Title": "",
    "WTit": "",
    "OTit": "",
    "Rating": "1516",
    "Gms": "0",
    "K": "20",
    "RatingMonth": "SEP25",
    "B-day": "1993",
    "Flag": "i"
  },
  {
    "ID Number": "10309926",
    "Name": "Alazmi, Mobarak",
    "Fed": "KUW",
    "Sex": "M",
    "Title": "",
    "WTit": "",
    "OTit": "",
    "Rating": "1651",
    "Gms": "0",
    "K": "20",
    "RatingMonth": "SEP25",
    "B-day": "1999",
    "Flag": ""
  },
  {
    "ID Number": "10300597",
    "Name": "Alazmi, Nawaf",
    "Fed": "KUW",
    "Sex": "M",
    "Title": "",
    "WTit": "",
    "OTit": "",
    "Rating": "1749",
    "Gms": "0",
    "K": "20",
    "RatingMonth": "SEP25",
    "B-day": "1972",
    "Flag": "i"
  },
  {
    "ID Number": "10305254",
    "Name": "Alazzaz, Abdullah",
    "Fed": "KUW",
    "Sex": "M",
    "Title": "",
    "WTit": "",
    "OTit": "",
    "Rating": "1573",
    "Gms": "0",
    "K": "20",
    "RatingMonth": "SEP25",
    "B-day": "2003",
    "Flag": ""
  },
  {
    "ID Number": "10303057",
    "Name": "Albalhan, Fawaz",
    "Fed": "KUW",
    "Sex": "M",
    "Title": "",
    "WTit": "",
    "OTit": "",
    "Rating": "1432",
    "Gms": "0",
    "K": "20",
    "RatingMonth": "SEP25",
    "B-day": "1980",
    "Flag": "i"
  },
  {
    "ID Number": "10306218",
    "Name": "Albannai, Abdulaziz T",
    "Fed": "KUW",
    "Sex": "M",
    "Title": "",
    "WTit": "",
    "OTit": "",
    "Rating": "1452",
    "Gms": "0",
    "K": "20",
    "RatingMonth": "SEP25",
    "B-day": "2004",
    "Flag": "i"
  },
  {
    "ID Number": "10307087",
    "Name": "Albustan, Yousef",
    "Fed": "KUW",
    "Sex": "M",
    "Title": "",
    "WTit": "",
    "OTit": "",
    "Rating": "1476",
    "Gms": "0",
    "K": "40",
    "RatingMonth": "SEP25",
    "B-day": "2012",
    "Flag": "i"
  },
  {
    "ID Number": "10304339",
    "Name": "Aldaihani, Turki",
    "Fed": "KUW",
    "Sex": "M",
    "Title": "",
    "WTit": "",
    "OTit": "",
    "Rating": "1713",
    "Gms": "0",
    "K": "20",
    "RatingMonth": "SEP25",
    "B-day": "2005",
    "Flag": ""
  },
  {
    "ID Number": "10303987",
    "Name": "Aldashti, Ali",
    "Fed": "KUW",
    "Sex": "M",
    "Title": "",
    "WTit": "",
    "OTit": "",
    "Rating": "1561",
    "Gms": "0",
    "K": "20",
    "RatingMonth": "SEP25",
    "B-day": "1997",
    "Flag": "i"
  },
  {
    "ID Number": "10309446",
    "Name": "Alduwaisan, Hamad",
    "Fed": "KUW",
    "Sex": "M",
    "Title": "",
    "WTit": "",
    "OTit": "",
    "Rating": "1442",
    "Gms": "0",
    "K": "20",
    "RatingMonth": "SEP25",
    "B-day": "1998",
    "Flag": ""
  },
  {
    "ID Number": "10309560",
    "Name": "Alenezi, Abdulrahman",
    "Fed": "KUW",
    "Sex": "M",
    "Title": "",
    "WTit": "",
    "OTit": "",
    "Rating": "1707",
    "Gms": "0",
    "K": "20",
    "RatingMonth": "SEP25",
    "B-day": "1993",
    "Flag": ""
  },
  {
    "ID Number": "10303340",
    "Name": "Alfahad, Naser",
    "Fed": "KUW",
    "Sex": "M",
    "Title": "",
    "WTit": "",
    "OTit": "",
    "Rating": "1577",
    "Gms": "0",
    "K": "20",
    "RatingMonth": "SEP25",
    "B-day": "1972",
    "Flag": "i"
  },
  {
    "ID Number": "10304428",
    "Name": "Alfailakawi, Mohammad",
    "Fed": "KUW",
    "Sex": "M",
    "Title": "",
    "WTit": "",
    "OTit": "",
    "Rating": "1554",
    "Gms": "0",
    "K": "40",
    "RatingMonth": "SEP25",
    "B-day": "2008",
    "Flag": "i"
  },
  {
    "ID Number": "10300368",
    "Name": "Alfaras, Thamer",
    "Fed": "KUW",
    "Sex": "M",
    "Title": "",
    "WTit": "",
    "OTit": "",
    "Rating": "1546",
    "Gms": "0",
    "K": "20",
    "RatingMonth": "SEP25",
    "B-day": "2002",
    "Flag": "i"
  },
  {
    "ID Number": "10307036",
    "Name": "Alghanim, Faisal",
    "Fed": "KUW",
    "Sex": "M",
    "Title": "",
    "WTit": "",
    "OTit": "",
    "Rating": "1434",
    "Gms": "0",
    "K": "40",
    "RatingMonth": "SEP25",
    "B-day": "2008",
    "Flag": ""
  },
  {
    "ID Number": "10309390",
    "Name": "Alhalwaji, Asaad",
    "Fed": "KUW",
    "Sex": "M",
    "Title": "",
    "WTit": "",
    "OTit": "",
    "Rating": "1588",
    "Gms": "0",
    "K": "40",
    "RatingMonth": "SEP25",
    "B-day": "2010",
    "Flag": ""
  },
  {
    "ID Number": "10306757",
    "Name": "Alhamad, Abdulaziz",
    "Fed": "KUW",
    "Sex": "M",
    "Title": "",
    "WTit": "",
    "OTit": "",
    "Rating": "1457",
    "Gms": "0",
    "K": "20",
    "RatingMonth": "SEP25",
    "B-day": "1996",
    "Flag": "i"
  },
  {
    "ID Number": "10303480",
    "Name": "Alhasan, Ali",
    "Fed": "KUW",
    "Sex": "M",
    "Title": "",
    "WTit": "",
    "OTit": "",
    "Rating": "1455",
    "Gms": "0",
    "K": "20",
    "RatingMonth": "SEP25",
    "B-day": "1981",
    "Flag": "i"
  },
  {
    "ID Number": "10300864",
    "Name": "Alhasan, Hasan",
    "Fed": "KUW",
    "Sex": "M",
    "Title": "",
    "WTit": "",
    "OTit": "",
    "Rating": "1779",
    "Gms": "0",
    "K": "20",
    "RatingMonth": "SEP25",
    "B-day": "1979",
    "Flag": "i"
  },
  {
    "ID Number": "10303472",
    "Name": "Alhasan, Zainah",
    "Fed": "KUW",
    "Sex": "F",
    "Title": "",
    "WTit": "",
    "OTit": "",
    "Rating": "1405",
    "Gms": "0",
    "K": "40",
    "RatingMonth": "SEP25",
    "B-day": "2011",
    "Flag": "wi"
  },
  {
    "ID Number": "10304495",
    "Name": "Alhassan, Ahmad",
    "Fed": "KUW",
    "Sex": "M",
    "Title": "",
    "WTit": "",
    "OTit": "",
    "Rating": "1516",
    "Gms": "0",
    "K": "40",
    "RatingMonth": "SEP25",
    "B-day": "2011",
    "Flag": "i"
  },
  {
    "ID Number": "10300848",
    "Name": "Alhassan, Meshari",
    "Fed": "KUW",
    "Sex": "M",
    "Title": "",
    "WTit": "",
    "OTit": "",
    "Rating": "1661",
    "Gms": "0",
    "K": "20",
    "RatingMonth": "SEP25",
    "B-day": "1982",
    "Flag": "i"
  },
  {
    "ID Number": "10305890",
    "Name": "Alheid, Hasan",
    "Fed": "KUW",
    "Sex": "M",
    "Title": "",
    "WTit": "",
    "OTit": "",
    "Rating": "1555",
    "Gms": "0",
    "K": "20",
    "RatingMonth": "SEP25",
    "B-day": "1974",
    "Flag": "i"
  },
  {
    "ID Number": "10302603",
    "Name": "Alhejab, Meshal",
    "Fed": "KUW",
    "Sex": "M",
    "Title": "CM",
    "WTit": "",
    "OTit": "",
    "Rating": "1753",
    "Gms": "0",
    "K": "40",
    "RatingMonth": "SEP25",
    "B-day": "2007",
    "Flag": ""
  },
  {
    "ID Number": "10303332",
    "Name": "Aljadi, Hussain",
    "Fed": "KUW",
    "Sex": "M",
    "Title": "",
    "WTit": "",
    "OTit": "",
    "Rating": "1609",
    "Gms": "0",
    "K": "20",
    "RatingMonth": "SEP25",
    "B-day": "1994",
    "Flag": "i"
  },
  {
    "ID Number": "10303022",
    "Name": "Alkandari, Adel",
    "Fed": "KUW",
    "Sex": "M",
    "Title": "",
    "WTit": "",
    "OTit": "",
    "Rating": "1500",
    "Gms": "0",
    "K": "20",
    "RatingMonth": "SEP25",
    "B-day": "1964",
    "Flag": "i"
  },
  {
    "ID Number": "10308482",
    "Name": "Alkandari, Mohammad",
    "Fed": "KUW",
    "Sex": "M",
    "Title": "",
    "WTit": "",
    "OTit": "",
    "Rating": "1666",
    "Gms": "0",
    "K": "20",
    "RatingMonth": "SEP25",
    "B-day": "2001",
    "Flag": "i"
  },
  {
    "ID Number": "10304860",
    "Name": "Alkandari, Shuaib",
    "Fed": "KUW",
    "Sex": "M",
    "Title": "",
    "WTit": "",
    "OTit": "",
    "Rating": "1597",
    "Gms": "0",
    "K": "20",
    "RatingMonth": "SEP25",
    "B-day": "1989",
    "Flag": "i"
  },
  {
    "ID Number": "10300805",
    "Name": "Alkanderi, Suad",
    "Fed": "KUW",
    "Sex": "F",
    "Title": "",
    "WTit": "",
    "OTit": "",
    "Rating": "1573",
    "Gms": "0",
    "K": "20",
    "RatingMonth": "SEP25",
    "B-day": "1974",
    "Flag": "wi"
  },
  {
    "ID Number": "10307656",
    "Name": "Alkhadher, Abdullah",
    "Fed": "KUW",
    "Sex": "M",
    "Title": "",
    "WTit": "",
    "OTit": "",
    "Rating": "1414",
    "Gms": "0",
    "K": "40",
    "RatingMonth": "SEP25",
    "B-day": "2009",
    "Flag": "i"
  },
  {
    "ID Number": "10306587",
    "Name": "Alkhadher, Abdulwahab",
    "Fed": "KUW",
    "Sex": "M",
    "Title": "",
    "WTit": "",
    "OTit": "",
    "Rating": "1423",
    "Gms": "0",
    "K": "40",
    "RatingMonth": "SEP25",
    "B-day": "2012",
    "Flag": "i"
  },
  {
    "ID Number": "10300171",
    "Name": "Alkhaldi, Bader",
    "Fed": "KUW",
    "Sex": "M",
    "Title": "",
    "WTit": "",
    "OTit": "",
    "Rating": "1968",
    "Gms": "0",
    "K": "20",
    "RatingMonth": "SEP25",
    "B-day": "1986",
    "Flag": "i"
  },
  {
    "ID Number": "10307176",
    "Name": "Almajed, Khaled",
    "Fed": "KUW",
    "Sex": "M",
    "Title": "",
    "WTit": "",
    "OTit": "",
    "Rating": "1533",
    "Gms": "0",
    "K": "20",
    "RatingMonth": "SEP25",
    "B-day": "2002",
    "Flag": "i"
  },
  {
    "ID Number": "10303537",
    "Name": "Almanaseer, Talal",
    "Fed": "KUW",
    "Sex": "M",
    "Title": "",
    "WTit": "",
    "OTit": "",
    "Rating": "1552",
    "Gms": "0",
    "K": "20",
    "RatingMonth": "SEP25",
    "B-day": "1985",
    "Flag": "i"
  },
  {
    "ID Number": "10304657",
    "Name": "Almatar, Khalifa",
    "Fed": "KUW",
    "Sex": "M",
    "Title": "",
    "WTit": "",
    "OTit": "",
    "Rating": "1407",
    "Gms": "0",
    "K": "20",
    "RatingMonth": "SEP25",
    "B-day": "2000",
    "Flag": ""
  },
  {
    "ID Number": "10304274",
    "Name": "Almazeedi, Ahmad",
    "Fed": "KUW",
    "Sex": "M",
    "Title": "",
    "WTit": "",
    "OTit": "",
    "Rating": "1448",
    "Gms": "0",
    "K": "20",
    "RatingMonth": "SEP25",
    "B-day": "1997",
    "Flag": ""
  },
  {
    "ID Number": "10301283",
    "Name": "Almeraj, Etedal",
    "Fed": "KUW",
    "Sex": "F",
    "Title": "",
    "WTit": "",
    "OTit": "",
    "Rating": "1407",
    "Gms": "0",
    "K": "20",
    "RatingMonth": "SEP25",
    "B-day": "1980",
    "Flag": "wi"
  },
  {
    "ID Number": "10303634",
    "Name": "Almohammad, Hamad",
    "Fed": "KUW",
    "Sex": "M",
    "Title": "",
    "WTit": "",
    "OTit": "",
    "Rating": "1556",
    "Gms": "0",
    "K": "20",
    "RatingMonth": "SEP25",
    "B-day": "1993",
    "Flag": ""
  },
  {
    "ID Number": "10300066",
    "Name": "Almousawi, Omran",
    "Fed": "KUW",
    "Sex": "M",
    "Title": "",
    "WTit": "",
    "OTit": "",
    "Rating": "1759",
    "Gms": "0",
    "K": "20",
    "RatingMonth": "SEP25",
    "B-day": "1978",
    "Flag": "i"
  },
  {
    "ID Number": "10303383",
    "Name": "Almousawi, Saleh",
    "Fed": "KUW",
    "Sex": "M",
    "Title": "",
    "WTit": "",
    "OTit": "",
    "Rating": "1785",
    "Gms": "0",
    "K": "20",
    "RatingMonth": "SEP25",
    "B-day": "1994",
    "Flag": "i"
  },
  {
    "ID Number": "10301992",
    "Name": "Almuhaini, Abdulaziz",
    "Fed": "KUW",
    "Sex": "M",
    "Title": "",
    "WTit": "",
    "OTit": "",
    "Rating": "1575",
    "Gms": "0",
    "K": "20",
    "RatingMonth": "SEP25",
    "B-day": "1993",
    "Flag": "i"
  },
  {
    "ID Number": "10300708",
    "Name": "Almuneer, Muhammad",
    "Fed": "KUW",
    "Sex": "M",
    "Title": "",
    "WTit": "",
    "OTit": "",
    "Rating": "1546",
    "Gms": "0",
    "K": "20",
    "RatingMonth": "SEP25",
    "B-day": "1986",
    "Flag": ""
  },
  {
    "ID Number": "10305580",
    "Name": "Almutairat, Fehan A",
    "Fed": "KUW",
    "Sex": "M",
    "Title": "",
    "WTit": "",
    "OTit": "",
    "Rating": "1486",
    "Gms": "0",
    "K": "20",
    "RatingMonth": "SEP25",
    "B-day": "1999",
    "Flag": "i"
  },
  {
    "ID Number": "10306765",
    "Name": "Almutairi, Abdulaziz H",
    "Fed": "KUW",
    "Sex": "M",
    "Title": "",
    "WTit": "",
    "OTit": "",
    "Rating": "1438",
    "Gms": "0",
    "K": "20",
    "RatingMonth": "SEP25",
    "B-day": "2006",
    "Flag": ""
  },
  {
    "ID Number": "10311750",
    "Name": "Almutairi, Abdullah Faisal",
    "Fed": "KUW",
    "Sex": "M",
    "Title": "",
    "WTit": "",
    "OTit": "",
    "Rating": "1631",
    "Gms": "0",
    "K": "20",
    "RatingMonth": "SEP25",
    "B-day": "1990",
    "Flag": ""
  },
  {
    "ID Number": "10307672",
    "Name": "Almutairi, Hilal",
    "Fed": "KUW",
    "Sex": "M",
    "Title": "",
    "WTit": "",
    "OTit": "",
    "Rating": "1410",
    "Gms": "0",
    "K": "40",
    "RatingMonth": "SEP25",
    "B-day": "2012",
    "Flag": "i"
  },
  {
    "ID Number": "10301585",
    "Name": "Almutairi, Mohammad Fhaid",
    "Fed": "KUW",
    "Sex": "M",
    "Title": "",
    "WTit": "",
    "OTit": "",
    "Rating": "1569",
    "Gms": "0",
    "K": "20",
    "RatingMonth": "SEP25",
    "B-day": "1987",
    "Flag": "i"
  },
  {
    "ID Number": "10301704",
    "Name": "Almutairi, Nawaf",
    "Fed": "KUW",
    "Sex": "M",
    "Title": "",
    "WTit": "",
    "OTit": "",
    "Rating": "1578",
    "Gms": "0",
    "K": "20",
    "RatingMonth": "SEP25",
    "B-day": "1979",
    "Flag": "i"
  },
  {
    "ID Number": "10302867",
    "Name": "Almutawaa, Salma",
    "Fed": "KUW",
    "Sex": "F",
    "Title": "",
    "WTit": "",
    "OTit": "",
    "Rating": "1403",
    "Gms": "0",
    "K": "20",
    "RatingMonth": "SEP25",
    "B-day": "1996",
    "Flag": "wi"
  },
  {
    "ID Number": "10305807",
    "Name": "Alnassafi, Motlaq",
    "Fed": "KUW",
    "Sex": "M",
    "Title": "",
    "WTit": "",
    "OTit": "",
    "Rating": "1453",
    "Gms": "0",
    "K": "20",
    "RatingMonth": "SEP25",
    "B-day": "1998",
    "Flag": "i"
  },
  {
    "ID Number": "10305653",
    "Name": "Alonaizi, Abdullah",
    "Fed": "KUW",
    "Sex": "M",
    "Title": "",
    "WTit": "",
    "OTit": "",
    "Rating": "1428",
    "Gms": "0",
    "K": "40",
    "RatingMonth": "SEP25",
    "B-day": "2015",
    "Flag": ""
  },
  {
    "ID Number": "10301690",
    "Name": "Alotaibi, Khaled",
    "Fed": "KUW",
    "Sex": "M",
    "Title": "",
    "WTit": "",
    "OTit": "",
    "Rating": "1728",
    "Gms": "0",
    "K": "20",
    "RatingMonth": "SEP25",
    "B-day": "1980",
    "Flag": "i"
  },
  {
    "ID Number": "10300015",
    "Name": "Alothman, Abdul Wahab",
    "Fed": "KUW",
    "Sex": "M",
    "Title": "FM",
    "WTit": "",
    "OTit": "",
    "Rating": "2001",
    "Gms": "0",
    "K": "20",
    "RatingMonth": "SEP25",
    "B-day": "1969",
    "Flag": "i"
  },
  {
    "ID Number": "10301186",
    "Name": "Alothman, Salem",
    "Fed": "KUW",
    "Sex": "M",
    "Title": "",
    "WTit": "",
    "OTit": "",
    "Rating": "1676",
    "Gms": "0",
    "K": "20",
    "RatingMonth": "SEP25",
    "B-day": "2003",
    "Flag": "i"
  },
  {
    "ID Number": "10306420",
    "Name": "Alqallaf, Nawaf",
    "Fed": "KUW",
    "Sex": "M",
    "Title": "",
    "WTit": "",
    "OTit": "",
    "Rating": "1435",
    "Gms": "0",
    "K": "40",
    "RatingMonth": "SEP25",
    "B-day": "2008",
    "Flag": "i"
  },
  {
    "ID Number": "10307753",
    "Name": "Alqatami, Faisal",
    "Fed": "KUW",
    "Sex": "M",
    "Title": "",
    "WTit": "",
    "OTit": "",
    "Rating": "1511",
    "Gms": "0",
    "K": "40",
    "RatingMonth": "SEP25",
    "B-day": "2009",
    "Flag": ""
  },
  {
    "ID Number": "10305092",
    "Name": "Alradhwan, Ahmad",
    "Fed": "KUW",
    "Sex": "M",
    "Title": "",
    "WTit": "",
    "OTit": "",
    "Rating": "1552",
    "Gms": "0",
    "K": "20",
    "RatingMonth": "SEP25",
    "B-day": "1987",
    "Flag": "i"
  },
  {
    "ID Number": "10300910",
    "Name": "Alrashidi, Yousef",
    "Fed": "KUW",
    "Sex": "M",
    "Title": "",
    "WTit": "",
    "OTit": "",
    "Rating": "1700",
    "Gms": "0",
    "K": "20",
    "RatingMonth": "SEP25",
    "B-day": "1989",
    "Flag": "i"
  },
  {
    "ID Number": "10308130",
    "Name": "Alrayyes, Mahmoud",
    "Fed": "KUW",
    "Sex": "M",
    "Title": "",
    "WTit": "",
    "OTit": "",
    "Rating": "1450",
    "Gms": "0",
    "K": "40",
    "RatingMonth": "SEP25",
    "B-day": "2011",
    "Flag": "i"
  },
  {
    "ID Number": "10306510",
    "Name": "Alrefae, Ahmad",
    "Fed": "KUW",
    "Sex": "M",
    "Title": "",
    "WTit": "",
    "OTit": "",
    "Rating": "1666",
    "Gms": "10",
    "K": "40",
    "RatingMonth": "SEP25",
    "B-day": "2007",
    "Flag": ""
  },
  {
    "ID Number": "10303316",
    "Name": "Alruwaiyeh, Musa",
    "Fed": "KUW",
    "Sex": "M",
    "Title": "",
    "WTit": "",
    "OTit": "",
    "Rating": "1663",
    "Gms": "0",
    "K": "20",
    "RatingMonth": "SEP25",
    "B-day": "1985",
    "Flag": "i"
  },
  {
    "ID Number": "10303278",
    "Name": "Alruwayeh, Talal",
    "Fed": "KUW",
    "Sex": "M",
    "Title": "",
    "WTit": "",
    "OTit": "",
    "Rating": "1677",
    "Gms": "0",
    "K": "20",
    "RatingMonth": "SEP25",
    "B-day": "1960",
    "Flag": "i"
  },
  {
    "ID Number": "10308814",
    "Name": "Alsabah, Abdulaziz",
    "Fed": "KUW",
    "Sex": "M",
    "Title": "",
    "WTit": "",
    "OTit": "",
    "Rating": "1512",
    "Gms": "0",
    "K": "40",
    "RatingMonth": "SEP25",
    "B-day": "2009",
    "Flag": "i"
  },
  {
    "ID Number": "10307990",
    "Name": "Alsabah, Abdullah",
    "Fed": "KUW",
    "Sex": "M",
    "Title": "",
    "WTit": "",
    "OTit": "",
    "Rating": "1429",
    "Gms": "0",
    "K": "40",
    "RatingMonth": "SEP25",
    "B-day": "2012",
    "Flag": "i"
  },
  {
    "ID Number": "10301771",
    "Name": "Alsaqer, Meshal",
    "Fed": "KUW",
    "Sex": "M",
    "Title": "",
    "WTit": "",
    "OTit": "",
    "Rating": "AIM",
    "Gms": "1806",
    "K": "10",
    "RatingMonth": "SEP25",
    "B-day": "1986",
    "Flag": ""
  },
  {
    "ID Number": "10308423",
    "Name": "Alsayer, Bader",
    "Fed": "KUW",
    "Sex": "M",
    "Title": "",
    "WTit": "",
    "OTit": "",
    "Rating": "1710",
    "Gms": "0",
    "K": "40",
    "RatingMonth": "SEP25",
    "B-day": "2014",
    "Flag": ""
  },
  {
    "ID Number": "10301763",
    "Name": "Alshammari, Mohammad",
    "Fed": "KUW",
    "Sex": "M",
    "Title": "",
    "WTit": "",
    "OTit": "",
    "Rating": "1581",
    "Gms": "0",
    "K": "20",
    "RatingMonth": "SEP25",
    "B-day": "1975",
    "Flag": ""
  },
  {
    "ID Number": "10300694",
    "Name": "Alsharhan, Musaed",
    "Fed": "KUW",
    "Sex": "M",
    "Title": "",
    "WTit": "",
    "OTit": "",
    "Rating": "1786",
    "Gms": "0",
    "K": "20",
    "RatingMonth": "SEP25",
    "B-day": "1983",
    "Flag": "i"
  },
  {
    "ID Number": "10301470",
    "Name": "Alshemmeri, Fayez",
    "Fed": "KUW",
    "Sex": "M",
    "Title": "",
    "WTit": "",
    "OTit": "",
    "Rating": "1501",
    "Gms": "0",
    "K": "20",
    "RatingMonth": "SEP25",
    "B-day": "1977",
    "Flag": "i"
  },
  {
    "ID Number": "10300198",
    "Name": "AlShourfaa, Hazaa",
    "Fed": "KUW",
    "Sex": "M",
    "Title": "",
    "WTit": "",
    "OTit": "",
    "Rating": "1839",
    "Gms": "0",
    "K": "20",
    "RatingMonth": "SEP25",
    "B-day": "1981",
    "Flag": "i"
  },
  {
    "ID Number": "10310061",
    "Name": "Alsubaiei, Mohammad",
    "Fed": "KUW",
    "Sex": "M",
    "Title": "",
    "WTit": "",
    "OTit": "",
    "Rating": "1614",
    "Gms": "0",
    "K": "20",
    "RatingMonth": "SEP25",
    "B-day": "2004",
    "Flag": ""
  },
  {
    "ID Number": "10310444",
    "Name": "Alsubiei, Mohammad",
    "Fed": "KUW",
    "Sex": "M",
    "Title": "",
    "WTit": "",
    "OTit": "",
    "Rating": "1580",
    "Gms": "0",
    "K": "20",
    "RatingMonth": "SEP25",
    "B-day": "1989",
    "Flag": ""
  },
  {
    "ID Number": "10304100",
    "Name": "Alsuwailem, Othman",
    "Fed": "KUW",
    "Sex": "M",
    "Title": "",
    "WTit": "",
    "OTit": "",
    "Rating": "1632",
    "Gms": "0",
    "K": "20",
    "RatingMonth": "SEP25",
    "B-day": "1988",
    "Flag": "i"
  },
  {
    "ID Number": "10310720",
    "Name": "Alwasmi, Sara",
    "Fed": "KUW",
    "Sex": "F",
    "Title": "",
    "WTit": "",
    "OTit": "",
    "Rating": "1501",
    "Gms": "0",
    "K": "40",
    "RatingMonth": "SEP25",
    "B-day": "2013",
    "Flag": "w"
  },
  {
    "ID Number": "383266891",
    "Name": "Alzaid, Zaid",
    "Fed": "KUW",
    "Sex": "M",
    "Title": "",
    "WTit": "",
    "OTit": "",
    "Rating": "1540",
    "Gms": "0",
    "K": "20",
    "RatingMonth": "SEP25",
    "B-day": "1972",
    "Flag": "i"
  },
  {
    "ID Number": "10301658",
    "Name": "Alzaid, Zaid Nabeel",
    "Fed": "KUW",
    "Sex": "M",
    "Title": "",
    "WTit": "",
    "OTit": "",
    "Rating": "1580",
    "Gms": "0",
    "K": "20",
    "RatingMonth": "SEP25",
    "B-day": "1983",
    "Flag": "i"
  },
  {
    "ID Number": "10310223",
    "Name": "Awadh, Mohammad",
    "Fed": "KUW",
    "Sex": "M",
    "Title": "",
    "WTit": "",
    "OTit": "",
    "Rating": "1468",
    "Gms": "0",
    "K": "20",
    "RatingMonth": "SEP25",
    "B-day": "1990",
    "Flag": ""
  },
  {
    "ID Number": "10301291",
    "Name": "Baqer, Fatemah Alzahraa",
    "Fed": "KUW",
    "Sex": "F",
    "Title": "WCM",
    "WTit": "WCM",
    "OTit": "",
    "Rating": "1500",
    "Gms": "0",
    "K": "20",
    "RatingMonth": "SEP25",
    "B-day": "2001",
    "Flag": "wi"
  },
  {
    "ID Number": "10307605",
    "Name": "Ebraheem, Ali",
    "Fed": "KUW",
    "Sex": "M",
    "Title": "",
    "WTit": "",
    "OTit": "",
    "Rating": "1481",
    "Gms": "0",
    "K": "20",
    "RatingMonth": "SEP25",
    "B-day": "2006",
    "Flag": "i"
  },
  {
    "ID Number": "10305769",
    "Name": "Eidi, Eisa",
    "Fed": "KUW",
    "Sex": "M",
    "Title": "",
    "WTit": "",
    "OTit": "",
    "Rating": "1539",
    "Gms": "9",
    "K": "20",
    "RatingMonth": "SEP25",
    "B-day": "2000",
    "Flag": ""
  },
  {
    "ID Number": "10300201",
    "Name": "Hashem, Khaled",
    "Fed": "KUW",
    "Sex": "M",
    "Title": "CM",
    "WTit": "",
    "OTit": "",
    "Rating": "1866",
    "Gms": "11",
    "K": "20",
    "RatingMonth": "SEP25",
    "B-day": "1986",
    "Flag": ""
  },
  {
    "ID Number": "10300716",
    "Name": "Hussain, Hashem",
    "Fed": "KUW",
    "Sex": "M",
    "Title": "",
    "WTit": "",
    "OTit": "",
    "Rating": "1731",
    "Gms": "11",
    "K": "20",
    "RatingMonth": "SEP25",
    "B-day": "1988",
    "Flag": ""
  },
  {
    "ID Number": "10302905",
    "Name": "Huwaidi, Fahad",
    "Fed": "KUW",
    "Sex": "M",
    "Title": "",
    "WTit": "",
    "OTit": "",
    "Rating": "1722",
    "Gms": "0",
    "K": "20",
    "RatingMonth": "SEP25",
    "B-day": "1978",
    "Flag": "i"
  },
  {
    "ID Number": "10306560",
    "Name": "Jamal, Mohammad J",
    "Fed": "KUW",
    "Sex": "M",
    "Title": "",
    "WTit": "",
    "OTit": "",
    "Rating": "1546",
    "Gms": "0",
    "K": "40",
    "RatingMonth": "SEP25",
    "B-day": "2008",
    "Flag": "i"
  },
  {
    "ID Number": "10303839",
    "Name": "Khalaf, Ali",
    "Fed": "KUW",
    "Sex": "M",
    "Title": "",
    "WTit": "",
    "OTit": "",
    "Rating": "1728",
    "Gms": "9",
    "K": "20",
    "RatingMonth": "SEP25",
    "B-day": "2000",
    "Flag": ""
  },
  {
    "ID Number": "10301399",
    "Name": "Mlaihan, Adel",
    "Fed": "KUW",
    "Sex": "M",
    "Title": "",
    "WTit": "",
    "OTit": "",
    "Rating": "1566",
    "Gms": "0",
    "K": "20",
    "RatingMonth": "SEP25",
    "B-day": "1975",
    "Flag": "i"
  },
  {
    "ID Number": "10304070",
    "Name": "Nema, Rabab",
    "Fed": "KUW",
    "Sex": "F",
    "Title": "WCM",
    "WTit": "WCM",
    "OTit": "",
    "Rating": "1601",
    "Gms": "0",
    "K": "20",
    "RatingMonth": "SEP25",
    "B-day": "1998",
    "Flag": "wi"
  },
  {
    "ID Number": "10303529",
    "Name": "Safar, Hussain",
    "Fed": "KUW",
    "Sex": "M",
    "Title": "",
    "WTit": "",
    "OTit": "",
    "Rating": "1465",
    "Gms": "0",
    "K": "20",
    "RatingMonth": "SEP25",
    "B-day": "1995",
    "Flag": "i"
  },
  {
    "ID Number": "10306781",
    "Name": "Sairet, Abdullah W",
    "Fed": "KUW",
    "Sex": "M",
    "Title": "",
    "WTit": "",
    "OTit": "",
    "Rating": "1605",
    "Gms": "0",
    "K": "20",
    "RatingMonth": "SEP25",
    "B-day": "1994",
    "Flag": "i"
  },
  {
    "ID Number": "10300082",
    "Name": "Shehab, Ibrahim",
    "Fed": "KUW",
    "Sex": "M",
    "Title": "",
    "WTit": "",
    "OTit": "",
    "Rating": "2045",
    "Gms": "0",
    "K": "20",
    "RatingMonth": "SEP25",
    "B-day": "1971",
    "Flag": "i"
  },
  {
    "ID Number": "10306633",
    "Name": "Sulaiman, Hussain",
    "Fed": "KUW",
    "Sex": "M",
    "Title": "",
    "WTit": "",
    "OTit": "",
    "Rating": "1404",
    "Gms": "0",
    "K": "40",
    "RatingMonth": "SEP25",
    "B-day": "2013",
    "Flag": ""
  },
  {
    "ID Number": "10306650",
    "Name": "Sulaiman, Yousef",
    "Fed": "KUW",
    "Sex": "M",
    "Title": "",
    "WTit": "",
    "OTit": "",
    "Rating": "1494",
    "Gms": "0",
    "K": "40",
    "RatingMonth": "SEP25",
    "B-day": "2011",
    "Flag": ""
  },
  {
    "ID Number": "10301488",
    "Name": "Zyad, Salem",
    "Fed": "KUW",
    "Sex": "M",
    "Title": "",
    "WTit": "",
    "OTit": "",
    "Rating": "1903",
    "Gms": "0",
    "K": "20",
    "RatingMonth": "SEP25",
    "B-day": "2003",
    "Flag": "i"
  }
]