ID Number,Name,Fed,Sex,Title,WTit,OTit,Rating,Gms,K,RatingMonth,B-day,Flag
1093541,"Aalberts, Jos",NED,M,,,,1815,0,40,SEP25,1994,
1060660,"Aarten, Marjolein",NED,F,,,,1614,0,20,SEP25,1981,w
1078224,"Aarts, Joaquin",NED,M,,,,2081,0,40,SEP25,2006,
1012975,"Abcouwer, Jan-Bart",NED,M,,,,2102,0,20,SEP25,1966,i
1034146,"Abma, Klaas",NED,M,,,,1852,0,20,SEP25,1964,i
1029355,"Abspoel, Michael",NED,M,,,,1875,0,40,SEP25,1958,
1055011,"Adavatkar, Rugved",NED,M,,,,1795,0,20,SEP25,1998,
1079379,"Aders, Maarten",NED,M,,,,1708,0,40,SEP25,1980,
1019716,"Admiraal, Miguoel",NED,M,IM,,,2449,0,10,SEP25,1994,i
1049330,"Admiraal, Ruurd",NED,M,,,,1452,0,20,SEP25,1955,i
1084380,"Al Jabir, Al Fares",NED,M,,,,1725,0,20,SEP25,2002,i
1068253,"Albers, Sasa",NED,M,FM,,,2089,0,20,SEP25,2004,i
1053760,"Albertus, Bram",NED,M,,,,1988,0,20,SEP25,2003,
11515090,"Alhasan, Husam",NED,M,,"NI,NA",,AFM,1763,0,SEP25,1986,
1072668,"Alvares, Thomas",NED,M,,,,1858,0,40,SEP25,2006,
1020307,"Ameling, Bob",NED,M,,,,1847,0,20,SEP25,1935,
1099795,"Andrieu, Justin",NED,M,,,,1666,0,40,SEP25,1995,i
1055240,"Andringa, Arjo",NED,M,,,,1984,0,20,SEP25,1993,
1027824,"Anink, Marco",NED,M,,,,1939,0,20,SEP25,1983,i
1056115,"Apon, Iwahn",NED,M,,,,1990,0,20,SEP25,1962,
40101959,"Appelo, Harry",NED,M,,,,1877,0,40,SEP25,1955,i
1092162,"Arbizu, Juan",NED,M,,,,1698,0,20,SEP25,1995,i
1069543,"Arends, Herman",NED,M,,,,1678,9,20,SEP25,1951,
40103439,"Arends, Janco",NED,M,,,,1773,0,40,SEP25,2005,
40109992,"Arens, Mattia",NED,M,,,,1706,0,40,SEP25,1987,
1068849,"Arnold, Rhys",NED,M,FM,,,1908,0,40,SEP25,2009,i
1005987,"Arp, Frans",NED,M,,,,2036,0,20,SEP25,1944,i
1039040,"Arts, Jan",NED,M,,,,1650,0,40,SEP25,1955,i
1071319,"Au, Willy",NED,M,,,,1681,0,40,SEP25,1977,
1022318,"Auwens, Michel",NED,M,,,,1935,0,20,SEP25,1963,i
1024442,"Avis, Fred",NED,M,,,,1871,0,20,SEP25,1959,i
40101002,"Ay, Barry",NED,M,,,,1685,0,40,SEP25,2001,
40119564,"Ayyappan, Arjun Karthik",NED,M,,,,1541,6,40,SEP25,2014,
40102157,"Baars, Tije",NED,M,,,,1826,0,20,SEP25,2002,
1015460,"Bachaus, Sander",NED,M,,,,1993,0,20,SEP25,1990,i
1059165,"Baeten, William",NED,M,,,,1808,0,20,SEP25,1959,i
40104842,"Bajnath, Dhanesh",NED,M,,,,1684,0,40,SEP25,2013,i
1046187,"Bakels, Anton",NED,M,,,,1934,0,20,SEP25,1979,
1038052,"Bakels, Rob",NED,M,,,,1794,0,40,SEP25,1968,
1068016,"Bakija, Alan",NED,M,,,,2217,0,40,SEP25,2007,
1022067,"Bakker, Jouke",NED,M,,,,2124,0,20,SEP25,1996,i
40108350,"Balde, Esko",NED,M,,,,1750,0,40,SEP25,2009,
1002511,"Bannink, Bernard",NED,M,FM,,,2176,0,20,SEP25,1964,
1099760,"Barak, Ramin",NED,M,,,,1763,0,20,SEP25,1991,
1051008,"Baselmans, Luuk",NED,M,FM,,,2389,0,10,SEP25,2001,
1048139,"Baselmans, Sam",NED,M,,,,2169,0,20,SEP25,1999,i
1091905,"Beardsley, Benjamin",NED,M,,,,1737,0,40,SEP25,1998,
1063782,"Beaumont, Arjan",NED,M,,,,1912,0,40,SEP25,1971,
1001183,"Becx, Cesar",NED,M,FM,,,2032,0,20,SEP25,1959,
1011634,"Beeke, Bob",NED,M,FM,,,2225,0,20,SEP25,1981,
1050249,"Beerdsen, Marco",NED,M,,,,1832,0,40,SEP25,1971,i
1030108,"Beerdsen, Thomas",NED,M,GM,,,2485,0,10,SEP25,1998,
1062859,"Beerends, John",NED,M,,,,1682,0,40,SEP25,1948,
1022229,"Bekker, Stefan",NED,M,FM,,,2339,0,20,SEP25,1989,
1072919,"Bekkers, Paul",NED,M,,,,1937,0,20,SEP25,1964,i
1037161,"Bekkink, Sereyo",NED,M,,,,2064,0,20,SEP25,1997,
1014064,"Beltman, Guus",NED,M,,,,1917,0,20,SEP25,1979,i
40102424,"Beltman, Joost",NED,M,,,,1880,0,40,SEP25,1975,
1009311,"Bensdorp-De Labaca, Marlies",NED,F,WIM,WIM,,2188,0,20,SEP25,1985,w
1042327,"Bergmans, Dirk",NED,M,,,,1972,0,20,SEP25,1983,i
40118827,"Bernards, Job",NED,M,,,,1848,0,40,SEP25,2001,
1054520,"Bertrand, Sjors",NED,M,,,,1722,0,20,SEP25,1985,i
40102874,"Beuving, Louis",NED,M,,,,1745,0,40,SEP25,2005,i
40118517,"Bezemer, Joel",NED,M,,,,1778,0,40,SEP25,2007,
1096630,"Bhawsar, Ashwath",NED,M,,,,1814,0,40,SEP25,2012,
1057812,"Bleeker, Kasper",NED,M,,,,2036,0,40,SEP25,2005,i
1022997,"Blijlevens, Pim",NED,M,,,,1967,0,20,SEP25,1981,
40110494,"Blok, Lukas",NED,M,,,,1774,0,40,SEP25,2012,
1092723,"Blok, Xaveer",NED,M,,,,1823,0,40,SEP25,2008,i
1089811,"Blokland, Bent",NED,M,,,,1911,0,40,SEP25,2006,i
1014358,"Blom, Vincent",NED,M,FM,,,2292,0,20,SEP25,1992,
40106748,"Bodewes, Adrianus",NED,M,,,,1608,0,40,SEP25,1970,i
1003020,"Boel, Peter",NED,M,FM,,,2133,0,20,SEP25,1963,
1067478,"Boeren, Jurriaan",NED,M,,,,1936,0,40,SEP25,2005,i
1016164,"Boguslavskij, Taras",NED,M,,,,1972,0,20,SEP25,1986,i
1000306,"Bohm, Hans",NED,M,IM,,,2284,0,20,SEP25,1950,i
1017063,"Bok, Benjamin",NED,M,GM,,,2590,0,10,SEP25,1995,
1019872,"Bollaart, Jeroen",NED,M,,,,1930,0,20,SEP25,1971,i
1099671,"Bolle, Leo",NED,M,,,,1912,0,40,SEP25,1953,
1027883,"Bollen, Guus",NED,M,CM,,,2186,0,20,SEP25,1990,i
1087460,"Bon, Gijs",NED,M,,,,1862,0,40,SEP25,2005,i
1028367,"Bonoo, Iwan",NED,M,,,,1908,0,20,SEP25,1964,
1048716,"Boonstra, Jacques",NED,M,,,,1853,0,40,SEP25,1960,
1044850,"Boot, Otto",NED,M,,,,1763,0,40,SEP25,1945,
1046454,"Bosboom, Ardin",NED,M,,,,2097,0,20,SEP25,1996,i
40100162,"Boskemper, Danny",NED,M,,,,1709,0,40,SEP25,1969,
1080237,"Bosschieter, Peter",NED,M,,,,1680,0,40,SEP25,1953,i
40100170,"Bosveld, Mattias",NED,M,,,,1774,0,20,SEP25,2005,i
1010999,"Both, Erik",NED,M,,,,2122,0,20,SEP25,1960,i
1019287,"Both, Gert",NED,M,,,,1944,0,20,SEP25,1946,
40111091,"Bouwman, Jort",NED,M,,,,1686,0,40,SEP25,2004,i
1084836,"Bovenkerk, Casper",NED,M,,,,1785,0,20,SEP25,2002,i
1024191,"Brachten, Ron",NED,M,,,,1819,0,20,SEP25,1959,
1022776,"Brasse, Bram",NED,M,,,,1881,0,20,SEP25,1984,i
1082892,"Breider, Jayden",NED,M,,,,1676,0,40,SEP25,2010,
1094548,"Brienen, Jacob",NED,M,,,,1895,0,40,SEP25,2007,i
1049020,"Brinkman, Dirk",NED,M,,,,1787,0,20,SEP25,1959,
1049283,"Broek, Barry",NED,M,,,,1730,0,20,SEP25,1996,i
1093584,"Broekman, Lode",NED,M,,,,1667,0,40,SEP25,1965,
1005154,"Broekman, Willem",NED,M,,,,1922,0,20,SEP25,1947,
40109917,"Broere, Petra",NED,F,,,,1666,0,40,SEP25,1989,wi
1067680,"Broersma, Sven",NED,M,,,,1935,0,20,SEP25,2003,i
1010069,"Brokken, Dennis",NED,M,IM,,,2425,0,10,SEP25,1982,i
1095307,"Brorens, Victor",NED,M,,,,1748,0,40,SEP25,2012,
40102220,"Brouwer, Cor",NED,M,,,,1745,0,40,SEP25,1954,
1018060,"Brouwer, Dennis",NED,M,,,,2188,0,20,SEP25,1972,i
1093720,"Brouwer, Joey",NED,M,,,,1809,0,40,SEP25,2002,i
1081993,"Brouwer, Wiebe",NED,M,,,,1815,0,20,SEP25,1993,i
40119874,"Bruens, Messi",NED,M,,,,1661,0,40,SEP25,2010,
40110915,"Bruls, Sven",NED,M,,,,1734,0,40,SEP25,2012,
40118797,"Brummelaar, Lesley",NED,M,,,,1799,0,40,SEP25,1979,
1051377,"Brunet Espinosa, Roger",NED,M,,,,1775,0,20,SEP25,1988,i
1048473,"Bruschke, Alexander",NED,M,,,,1960,0,20,SEP25,1998,
1021834,"Buikstra, Arjon",NED,M,,,,2067,0,20,SEP25,1987,i
1019465,"Burg, Brent",NED,M,,,,2199,0,20,SEP25,1991,i
1017691,"Burg, Henk",NED,M,,,,1845,0,20,SEP25,1956,i
1010697,"Burg, Twan",NED,M,GM,,,2539,0,10,SEP25,1990,i
1092243,"Burggraaf, Nick",NED,M,,,,1654,0,40,SEP25,1987,i
1014374,"Bus, Tom",NED,M,CM,,,2070,0,20,SEP25,1960,
1068679,"Busa, Ryan",NED,M,,,,1780,0,20,SEP25,2003,i
1002406,"Buter, Andre",NED,M,,,,1919,0,20,SEP25,1955,
1008153,"Cako, Laszlo",NED,M,,,,2113,0,20,SEP25,1966,i
1014420,"Casareno, Erwin",NED,M,,,,AIM,1817,0,SEP25,1960,
1044044,"Chamuleau, Benoit",NED,M,,,,1713,0,20,SEP25,1970,i
1042386,"Chappin, Rene",NED,M,,,,1761,0,20,SEP25,1963,i
40115321,"Chaudhuri, Aarini",NED,F,,,,1546,0,40,SEP25,2015,w
1041991,"Cheng, Fon Kee",NED,M,,,,AFM,1523,5,SEP25,1968,
1072226,"Cherepanov, Daniil A",NED,M,,,,1672,0,40,SEP25,2010,i
1010735,"Cheung, Jan",NED,M,,,,1915,0,20,SEP25,1969,
1089250,"Chua, Ethan",NED,M,,,,2089,0,40,SEP25,2010,
1013637,"Cliteur, Olaf",NED,M,,,,1951,0,20,SEP25,1963,i
1094637,"Cloosterman, Teun",NED,M,,,,1860,0,40,SEP25,2009,i
1016199,"Colijn, Stefan",NED,M,FM,,,2333,0,20,SEP25,1989,i
1060708,"Cordes, Jule",NED,F,,,,1922,0,20,SEP25,2006,w
1008137,"Cornelisse, John",NED,M,,,,2184,0,20,SEP25,1973,
1087177,"Cornelisse, Lorelei",NED,F,WFM,WFM,,2091,0,20,SEP25,2004,wi
1098160,"Cornelissen, Jort",NED,M,,,,1732,0,40,SEP25,1999,
1099337,"Cornelissen, Roderick",NED,M,,,,1800,0,40,SEP25,1991,
1093010,"Czuba, Adam",NED,M,,,,1491,0,40,SEP25,1989,
1048805,"Daemen, Jules",NED,M,,,,1845,0,20,SEP25,1989,i
1050761,"Daems, Jan",NED,M,,,,1489,0,20,SEP25,1951,i
40110036,"Dam, Maria",NED,F,,,,1597,0,40,SEP25,1993,wi
1032550,"Damen, Igor",NED,M,,,,2102,0,20,SEP25,1993,i
1039709,"Damen, Jip",NED,M,FM,,,2156,0,20,SEP25,1997,i
1074369,"Damen, Josephine",NED,F,,,,1794,0,40,SEP25,2008,wi
1094831,"Darie, Aden",NED,M,,,,1897,0,40,SEP25,2010,
1060970,"Davydavicius, Paulius",NED,M,,,,1416,0,20,SEP25,1984,i
1050729,"De Boer, Bas",NED,M,CM,,,2110,0,20,SEP25,1998,
1048120,"De Boer, Eelke",NED,M,IM,,,2276,0,20,SEP25,2003,i
1077970,"De Boer, Guus",NED,M,,,,1874,0,20,SEP25,1982,i
1068792,"De Boer, Hein",NED,M,,,,1805,0,20,SEP25,1954,i
1097261,"De Boerdere, Jesse",NED,M,,,,1761,0,40,SEP25,2006,i
1056360,"De Bruijn, Tjerk-Peter",NED,M,,,,1833,0,20,SEP25,1970,i
1033026,"De Dreu, Dies",NED,M,,,,1877,0,20,SEP25,1979,
1042130,"De Feijter, Bas",NED,M,,,,2238,0,20,SEP25,1999,i
1028235,"De Freytas, Paul",NED,M,,,,1912,0,20,SEP25,1964,
1059807,"De Glopper, Bart",NED,M,,,,1860,0,40,SEP25,1954,i
1017918,"De Graaf, Arnoud",NED,M,,,,1892,0,20,SEP25,1963,
1068440,"De Graaf, Calvin",NED,M,,,,1418,0,40,SEP25,2001,
1005677,"De Graaf, Dick",NED,M,,,,2108,0,20,SEP25,1964,
1046489,"De Graaf, Dion",NED,M,,,,1830,0,20,SEP25,1990,i
107105230,"de Graaf, Jurrian",NED,M,,,,AFM,1808,0,SEP25,2002,
40102262,"De Graauw, Simon",NED,M,,,,1811,0,40,SEP25,2007,
1098136,"De Gruijter, Christian",NED,M,,,,1631,0,20,SEP25,1987,i
1005006,"De Haan, Eric",NED,M,FM,,,2310,0,20,SEP25,1969,i
1059696,"De Heij, Mees",NED,M,,,,1669,0,40,SEP25,2008,i
40101860,"De Jong, Lode",NED,M,CM,,,1848,0,40,SEP25,2010,
40101126,"De Jong, Mika",NED,M,,,,1906,0,40,SEP25,2006,i
1046284,"De Jong, Ti",NED,F,,,,1773,0,20,SEP25,1958,w
1000543,"De Jong, Tom",NED,M,FM,,,2117,0,20,SEP25,1955,i
1059319,"De Jongh, Benno",NED,M,,,,1945,0,20,SEP25,1980,i
1091204,"De Klerk, Leon",NED,M,,,,1677,0,20,SEP25,1987,i
40101231,"De Koning, Aaron",NED,M,,,,1805,0,40,SEP25,1982,
40108694,"De Koning, Mila",NED,F,,,,1554,0,40,SEP25,2012,w
1006479,"De Kruif, Kees",NED,M,,,,1706,0,20,SEP25,1956,
1097148,"De Kruik, Yorick",NED,M,,,,1821,0,40,SEP25,2000,
1023721,"De Lange, Gerard",NED,M,,,,1809,0,20,SEP25,1968,i
1056638,"De Man, Burg",NED,M,,,,1887,0,20,SEP25,1953,i
452572,"De Martin, Lilian",NED,F,,,,1726,0,20,SEP25,1983,wi
1013106,"De Meester, Johan",NED,M,,,,1826,0,20,SEP25,1957,i
1005324,"De Mie, Mariska",NED,F,WFM,WFM,,2075,0,20,SEP25,1979,wi
1049623,"De Mon, Gino",NED,M,,,,2103,0,20,SEP25,1995,
40104966,"De Moor, Bart",NED,M,,,,1725,0,40,SEP25,1990,
1006100,"De Niet, Gert-Michiel",NED,M,,,,2092,0,20,SEP25,1973,
40110052,"De Oude, Sybe",NED,M,,,,1885,0,40,SEP25,1985,
1052594,"De Putter, Sven",NED,M,,,,1668,0,40,SEP25,2006,i
1024884,"De Ridder, Henk",NED,M,,,,1787,0,20,SEP25,1946,i
1007971,"De Roda Husman, Juan",NED,M,,,,2213,0,20,SEP25,1965,i
1011030,"De Rooij, Gert",NED,M,,,,1960,0,20,SEP25,1968,i
1037226,"De Roos, Radboud",NED,M,,,,1944,0,20,SEP25,1975,i
1003909,"De Vreugt, Dennis",NED,M,GM,,,2397,0,20,SEP25,1980,i
1069195,"De Vries, Fabian",NED,M,,,,1843,0,40,SEP25,2005,i
1023756,"De Vries, Hans",NED,M,,,,1741,0,40,SEP25,1971,
1024205,"De Vries, Joel",NED,M,,,,2087,0,20,SEP25,1993,
1058827,"De Vries, Tobias",NED,M,,,,1933,0,20,SEP25,2001,i
1072242,"De Wilt, Koen",NED,M,,,,1926,0,20,SEP25,1990,i
1069020,"De Winter, Arthur",NED,M,IM,,,2365,0,20,SEP25,2008,i
1027344,"De Winter, Gerard",NED,M,,,,1800,0,20,SEP25,1954,i
1096389,"De Wit, Evan",NED,M,,,,1883,0,40,SEP25,2010,
1097326,"De Wit, Jim",NED,M,,,,1682,0,40,SEP25,2015,
1002210,"De Wit, Michel",NED,M,FM,,,2164,0,20,SEP25,1967,
1002147,"De Wit, Patricia",NED,F,,,,1903,0,40,SEP25,1967,wi
1012770,"De Wit, Tex",NED,M,FM,,,2309,0,20,SEP25,1986,i
1092421,"De Witte, Sjoerd",NED,M,,,,1784,0,40,SEP25,2001,
1060163,"De Zoeten, Cato",NED,F,,,,1920,0,20,SEP25,2004,wi
1085816,"Deij, Casper",NED,M,,,,1705,7,40,SEP25,2010,
1039679,"Dekker, Derk",NED,M,,,,1918,0,20,SEP25,1978,
1062174,"Dekker, Jos",NED,M,,,,1815,0,40,SEP25,1992,i
1024299,"Dekker, Willem",NED,M,,,,1627,0,40,SEP25,1954,i
40110060,"Dekkers, Kai",NED,M,,,,1632,0,40,SEP25,2007,i
1032798,"Den Boer, Lennard",NED,M,,,,2100,0,20,SEP25,1991,i
1068300,"Den Heijer, Rolinde",NED,F,,,,2012,0,20,SEP25,2005,w
40110095,"Devender, Jain",NED,M,,,,1565,0,40,SEP25,1987,i
1024957,"Devine, Christopher",NED,M,,,,2064,7,20,SEP25,1982,
1012967,"Dignum, Erik",NED,M,,,,2009,0,20,SEP25,1972,i
1006452,"Dijksterhuis, Rolf",NED,M,,,,1952,0,20,SEP25,1969,
1098497,"Dijkstra, Hedser",NED,M,,,,1713,0,40,SEP25,1958,
1045652,"Dijkstra, Hidde",NED,M,,,,1931,0,20,SEP25,1996,
1087991,"Dinanath, Hrdya",NED,M,CM,,,1964,0,40,SEP25,2013,
1052055,"Disselhoff, Rob",NED,M,,,,1857,0,20,SEP25,1946,i
40119998,"Dixit, Aditya",NED,M,,,,1731,0,40,SEP25,1999,
1057901,"Dominguez, Rezar",NED,M,,,,1665,0,20,SEP25,1971,i
1093762,"Dorrestijn, Marco",NED,M,,,,1791,0,40,SEP25,1990,
40111016,"Drager, Jason",NED,M,,,,1705,0,40,SEP25,2004,
1056735,"Drenthen, Arjan",NED,M,,,,1944,0,20,SEP25,1982,
1006304,"Duchene, Rene",NED,M,,,,2047,0,20,SEP25,1954,
1025015,"Duijker, Bert",NED,M,,,,1925,0,20,SEP25,1950,i
1048910,"Duijm, Marcel",NED,M,,,,1745,0,40,SEP25,1961,
40110087,"Duijmelings, Bas",NED,M,,,,1860,0,40,SEP25,1995,i
1003771,"Duijn, Richard",NED,M,FM,,,2154,0,20,SEP25,1971,
40100839,"Duindam, Hedde",NED,M,,,,1557,0,40,SEP25,2008,i
1005103,"Duivenvoorde, Cees",NED,M,,,,2022,0,20,SEP25,1968,i
1033875,"Duivenvoorden, Ben",NED,M,,,,1815,0,20,SEP25,1957,i
1057979,"Dumont, Ties",NED,M,,,,1815,0,20,SEP25,2004,i
40100197,"Duong, Ralf",NED,M,,,,1685,0,40,SEP25,2004,
1055038,"Duson, Robin",NED,F,,,,2100,0,20,SEP25,2002,wi
1057847,"Edwardss, Dylan",NED,M,,,,2040,0,20,SEP25,2006,
445126,"Eefting, Martijn",NED,M,,,,1842,0,20,SEP25,1979,i
1011804,"Eerens, Pim",NED,M,,,,2068,0,20,SEP25,1962,i
1093886,"Eggink, Ronnie",NED,M,,,,1932,0,40,SEP25,1980,
1060961,"Ehrhardt, Matthias",NED,M,,,,1703,0,40,SEP25,1957,
1094297,"El Khaddari, Lina",NED,F,,,,1778,0,40,SEP25,2006,w
40109070,"Elangkumaran, Anumitra",NED,F,,,,1773,0,40,SEP25,2012,w
1091719,"Elferink, Duncan",NED,M,,,,1624,0,40,SEP25,2009,
1086545,"Elferink, Leon",NED,M,,,,1931,0,40,SEP25,2007,
1053531,"Elgersma, Onno",NED,M,FM,,,2296,0,20,SEP25,2004,
1089439,"Elsinga, Brian",NED,M,,,,1878,0,40,SEP25,2003,i
1028375,"Engelkes, Wijnand",NED,M,,,,1791,0,40,SEP25,1958,i
1067834,"Engels, Jo",NED,M,,,,1586,0,40,SEP25,1947,
1004093,"Eppinga, Roland",NED,M,,,,2160,0,20,SEP25,1975,i
1098594,"Erkul, Omer",NED,M,,,,1592,0,20,SEP25,1996,
1004689,"Ernst, Sipke",NED,M,GM,FT,,2514,0,10,SEP25,1979,i
40111636,"Eskif, Muhammed",NED,M,,,,1821,0,40,SEP25,1971,
40105962,"Eswar, Aadith",NED,M,,,,1445,0,40,SEP25,2013,
1084267,"Etienne, Ghilon",NED,M,,,,1810,6,40,SEP25,2011,
40102858,"Eussen, Lucas",NED,M,,,,1654,0,40,SEP25,2008,i
40100448,"Eustratiadis, Panagiotis",NED,M,,,,1636,0,40,SEP25,1991,i
1036262,"Eveleens, Ed",NED,M,,,,1753,0,20,SEP25,1955,
40102513,"Evendijk, Tim",NED,M,,,,1867,0,40,SEP25,1999,
611832,"Faber, Hugo",NED,M,,,,1972,0,20,SEP25,1963,
1084046,"Faverey, Eddy",NED,M,,,,1790,0,20,SEP25,1969,i
1088653,"Feijen, Niels",NED,M,,,,AFM,1834,0,SEP25,1999,i
1074334,"Feng, Elysia",NED,F,,,,1713,0,40,SEP25,2008,w
40109283,"Folbert, Mark",NED,M,,,,1726,0,40,SEP25,1990,i
1072803,"Folkers, Sono",NED,M,,,,1747,0,40,SEP25,2008,i
1069357,"Foolen, Ardy",NED,M,,,,1589,0,20,SEP25,1969,i
1094750,"Formanoy, David",NED,M,,,,1544,0,40,SEP25,2011,
1089730,"Francois, Peter",NED,M,,,,1860,0,40,SEP25,1995,
40101487,"Fransen, Jean-Paul",NED,M,,,,1959,0,40,SEP25,1970,
40101142,"Franssen, Michel",NED,M,,,,1775,0,40,SEP25,1953,i
1095790,"Frederiks, Jesse",NED,M,,,,1915,0,40,SEP25,2010,
1097768,"Freijse, Mathias",NED,M,,,,1862,0,40,SEP25,2008,i
1019449,"Friesen, Bas",NED,M,,,,2002,0,20,SEP25,1973,i
1038460,"Frijhoff, Jeroen",NED,M,,,,1647,0,40,SEP25,1971,
1014536,"Fritschy, Frits",NED,M,,,,1984,0,20,SEP25,1956,
1005138,"Frouws, Willem",NED,M,,,,1760,0,20,SEP25,1953,i
40109623,"Fu, Ziqing",NED,M,,,,1640,0,40,SEP25,2017,
1090909,"Gaj, Jur",NED,M,,,,1737,0,40,SEP25,2006,
1054856,"Gajadhar Sukul, Vashish",NED,M,,,,1640,0,40,SEP25,1993,
40100480,"Ganeshram, Niranjana",NED,F,,,,1525,0,40,SEP25,2013,w
1083031,"Ganeshram, Nirupa",NED,F,,,,1679,7,40,SEP25,2007,w
1085654,"Gang, Kevin Wan Ze",NED,M,,,,1608,6,40,SEP25,2011,
40104125,"Garay, Enzo",NED,M,,,,1913,0,40,SEP25,2009,
1084496,"Gassner, Yuri",NED,M,,,,1865,0,40,SEP25,2000,i
1091387,"Gayen, Arish",NED,M,,,,1695,0,40,SEP25,2011,
1095897,"Georgopoulos-Karbouniaris, Mylo",NED,M,,,,1702,0,40,SEP25,2011,i
40100430,"Gerdsen, Henk",NED,M,,,,1654,0,20,SEP25,1954,
1082167,"Gergin, Isafara",NED,F,,,,1836,0,40,SEP25,2008,w
40101177,"Ghnim, Abdulrhman",NED,M,,,,1713,0,40,SEP25,1995,
1053361,"Gijsen, William",NED,M,,,,2112,0,20,SEP25,2001,
24116068,"Giri, Anish",NED,M,GM,,,2685,0,10,SEP25,1994,
40110508,"Gnanasekaran, Keerthi",NED,F,,,,1689,0,40,SEP25,2012,w
40110192,"Gnanasekaran, Mithran",NED,M,,,,1453,0,40,SEP25,2016,
1088688,"Gohil, Viaan",NED,M,,,,1738,0,40,SEP25,2013,i
40110680,"Gorny, Wiktor",NED,M,,,,1670,0,40,SEP25,1996,
1013394,"Gortemaker, Lucas",NED,M,,,,2027,0,20,SEP25,1993,
1063162,"Goudriaan, Rafael",NED,M,,,,2009,0,40,SEP25,2005,
1010158,"Gouma, Ronald",NED,M,,,,1970,0,20,SEP25,1963,i
40122255,"Goussard, Willem",NED,M,,,,1727,6,40,SEP25,1972,
1097504,"Goverde, Gijs",NED,M,,,,1906,0,40,SEP25,2003,
1073850,"Graafmans, Pascal",NED,M,,,,1875,0,40,SEP25,1969,i
1025147,"Graff, Marcel",NED,M,,,,1828,0,20,SEP25,1958,i
1037145,"Greve, Alexander",NED,M,,,,2019,0,20,SEP25,1972,i
40109291,"Greven, Noa",NED,F,,,,1578,0,40,SEP25,2010,wi
1036475,"Greven, Ron",NED,M,,,,1804,0,20,SEP25,1957,
1019945,"Grochal, Joey",NED,M,FM,,,2221,0,20,SEP25,1986,
1008323,"Groenewold, Jan Joris",NED,M,,,,2092,0,20,SEP25,1982,i
1087746,"Groenewoud, Joel",NED,M,,,,2154,0,40,SEP25,2010,i
1004140,"Groffen, Hans",NED,M,,,,2083,0,20,SEP25,1959,
1000330,"Grooten, Herman",NED,M,IM,,,2206,0,10,SEP25,1958,
1068806,"Grooten, Tommy",NED,M,,,,2145,8,40,SEP25,2010,
1057472,"Grutter, Tim",NED,M,IM,,,2291,0,20,SEP25,2003,
1097091,"Guillaumond, Matthieu",NED,M,,,,1969,0,40,SEP25,2012,i
40120643,"Gulave, Devran",NED,M,,,,1650,0,40,SEP25,2004,
40102840,"Gunaydin, Ertugrul Mete",NED,M,,,,1461,0,40,SEP25,2012,i
1032488,"Gunther, Marcella",NED,F,,,,1946,0,20,SEP25,1993,wi
1084194,"Gupta, Akul",NED,M,,,,1795,0,40,SEP25,2014,
13602888,"Guramishvili, Sopiko",NED,F,IM,WGM,,2328,0,20,SEP25,1991,wi
1091760,"Gussinklo, Ben",NED,M,,,,1897,0,40,SEP25,1965,
1003844,"Haak, Eelco",NED,M,,,,2003,0,20,SEP25,1964,i
1054449,"Haarsma, Rob",NED,M,,,,1711,0,20,SEP25,1963,i
1017292,"Haast, Anne",NED,F,WGM,WGM,,2283,0,20,SEP25,1993,w
1021133,"Haast, Mark",NED,M,IM,,,2388,0,10,SEP25,1991,i
1049240,"Habig, Bryan",NED,M,,,,AIM,2033,0,SEP25,1997,
1029487,"Haenen, Tom",NED,M,,,,1819,0,20,SEP25,1944,i
1011120,"Hageman, Ger",NED,M,,,,1917,0,20,SEP25,1956,i
1094890,"Hagen, Maurits",NED,M,,,,1658,0,40,SEP25,2011,i
1092561,"Hallibert, Emilien",NED,M,,,,1820,0,40,SEP25,2010,
1045415,"Halve, Gerard",NED,M,,,,1847,0,40,SEP25,1953,i
1054430,"Han, Yichen",NED,M,IM,,,2375,0,20,SEP25,2007,
40110923,"Hannessen, Jonathan",NED,M,,,,1639,0,40,SEP25,2007,
40111083,"Hanning, Hidde",NED,M,,,,1700,0,40,SEP25,1999,i
1078674,"Hardeman, Martijn",NED,M,,,,1923,0,20,SEP25,1973,
1053914,"Harder, Cindy",NED,F,,,,1484,2,20,SEP25,1971,w
1005944,"Hart, Martin",NED,M,,,,2094,0,20,SEP25,1964,
1013718,"Hartog, Marc",NED,M,,,,1976,0,20,SEP25,1968,i
1005120,"Hauptmann, Thomas",NED,M,,,,1899,0,20,SEP25,1956,
1039857,"Haver, Sjoerd",NED,M,,,,1878,0,20,SEP25,1998,
1083805,"Heijligers, Arjan",NED,M,,,,1555,0,40,SEP25,1968,
40109305,"Heikamp, Hendrik",NED,M,,,,2008,0,40,SEP25,2009,i
1041940,"Heinen, Dai",NED,M,,,,1807,0,40,SEP25,1981,
24600857,"Heirich, Andreas",NED,M,,NA,,1921,0,20,SEP25,1969,i
1092146,"Held, Jesper",NED,M,,,,1815,0,40,SEP25,2003,i
1048481,"Hematyar, Fardin",NED,M,,,,1858,0,20,SEP25,2002,
1012266,"Henderikse, Bert",NED,M,,,,2037,0,20,SEP25,1952,i
1015745,"Hendriks, Tobias",NED,M,,,,2126,0,40,SEP25,1990,i
1000713,"Hendriks, Willy",NED,M,IM,,,2393,0,10,SEP25,1966,
1032305,"Hennekes, Jacques",NED,M,,,,2066,0,20,SEP25,1979,
1011391,"Hennipman, Rene",NED,M,CM,,,2129,0,20,SEP25,1961,i
1060945,"Hettinga, Jaap",NED,M,,,,1771,0,20,SEP25,1960,i
40103757,"Heus, Daan",NED,M,,,,1887,0,40,SEP25,2009,
1071815,"Hijma, Michiel",NED,M,,,,1929,0,20,SEP25,1973,i
1014102,"Hilarius, Sander",NED,M,,,,1981,0,20,SEP25,1948,
1046713,"Hilwerda, Jonas",NED,M,FM,,,2226,0,20,SEP25,2003,
1025295,"Hoffer, Koen",NED,M,,,,1491,0,40,SEP25,1981,i
1007599,"Hoffman, Ron",NED,M,,,,1972,0,20,SEP25,1965,i
1046802,"Hofstede, Rijk-Pieter",NED,M,,,,1960,0,40,SEP25,1979,i
1047981,"Hol, Camile",NED,M,,,,1996,0,20,SEP25,1973,i
1042335,"Hollands, Maxim",NED,M,,,,1726,0,40,SEP25,1977,
1019228,"Hoogland, Bauke",NED,M,,,,1841,0,40,SEP25,1992,
1036076,"Hoornstra, Hans",NED,M,,,,1925,0,20,SEP25,1968,
1005669,"Hopman, Pieter",NED,M,IM,,,2333,0,20,SEP25,1972,
1004387,"Houtman, Joop",NED,M,FM,,,2070,0,20,SEP25,1957,i
1014110,"Houweling, Bert",NED,M,,,,1980,0,20,SEP25,1954,i
1031597,"Hovens, Leo",NED,M,,,,1806,3,20,SEP25,1948,
1040685,"Hoving, Hank",NED,M,,,,1901,0,40,SEP25,1961,
40110257,"Huang, Doudou",NED,F,,,,1520,0,40,SEP25,2015,w
40104184,"Huang, Vincent",NED,M,,,,AFM,1839,7,SEP25,2013,
1060724,"Huang, Wendy",NED,F,,,,1893,8,40,SEP25,2008,w
40105288,"Huang, Ziyang",NED,M,,,,1554,0,40,SEP25,2015,
1054589,"Hubers, Daan",NED,M,,,,1841,0,20,SEP25,2004,i
40101258,"Huijsing, Bryan",NED,M,,,,1790,0,40,SEP25,2005,i
1040553,"Huijzer, Theo",NED,M,,,,1850,0,40,SEP25,1947,i
1085875,"Huiskes, Mathijs",NED,M,,,,1869,0,20,SEP25,1999,i
1005839,"Huizer, Mark",NED,M,CM,,,2102,0,20,SEP25,1971,
1081942,"Hulshof, Erik",NED,M,,,,1654,0,20,SEP25,1969,i
1003291,"Hulshof, Peter",NED,M,,,,2173,0,20,SEP25,1972,i
1029215,"Hummel, Albert Jan",NED,M,,,,2034,0,20,SEP25,1991,i
1043587,"Husers, Yannic",NED,M,,FA,,1936,0,20,SEP25,1994,
40105822,"Hylarides, Charlie Ronald",NED,M,,,,1762,0,40,SEP25,2009,
1027425,"IJzermans, Cees",NED,M,,,,2072,0,20,SEP25,1992,i
1027433,"IJzermans, Ger",NED,M,,,,1647,0,20,SEP25,1958,i
1099132,"Ilin, Evgeny",NED,M,,,,1641,0,40,SEP25,1979,i
40117065,"Ismayilov, Uzeyir",NED,M,,,,1925,0,40,SEP25,1988,
1018329,"Jacobs, Florian",NED,M,,,,2243,0,20,SEP25,1989,
1010344,"Janse, Jan Jaap",NED,M,,,,2218,0,20,SEP25,1974,i
1012550,"Jansen, Bob",NED,M,,,,2250,0,20,SEP25,1985,
1091336,"Jansen, Bob A",NED,M,,,,1715,0,20,SEP25,1985,i
40101185,"Jansen, Ivan",NED,M,,,,1528,0,40,SEP25,2004,i
40120686,"Jansen, Kay",NED,M,,,,1629,0,40,SEP25,2004,
1089587,"Jansen, Marijn",NED,M,,,,1869,0,20,SEP25,2002,
1091239,"Jansen, Thijn",NED,M,,,,1689,0,20,SEP25,1990,i
40107353,"Jansz, Wilfred",NED,M,,,,1966,0,40,SEP25,1975,
1004026,"Jap Tjoen San, Linda",NED,F,WIM,WIM,,2024,0,20,SEP25,1977,wi
1096192,"Jaspar, Luc",NED,M,,,,1856,0,40,SEP25,1999,
40110273,"Jawahar, Dhruvith",NED,M,,,,1508,0,40,SEP25,2015,
1094165,"Jellema, Pieter",NED,M,,,,2085,0,40,SEP25,2001,i
40100243,"John, Rihaan",NED,M,,,,1597,0,40,SEP25,2014,
40102122,"John, Ryan",NED,M,,,,1746,0,40,SEP25,2012,
1025465,"Jonkheer, Alex",NED,M,,,,1682,0,20,SEP25,1950,
1002708,"Jonkman, Harmen",NED,M,GM,,,2351,0,20,SEP25,1975,i
1062328,"Joppe, Korneel",NED,M,,,,1787,0,20,SEP25,1960,i
40101703,"Jorritsma, Wander",NED,M,,,,1680,0,40,SEP25,1996,i
1091310,"Jovanovic, Luka L",NED,M,,,,1772,0,40,SEP25,2006,i
1025481,"Jurrius, Theo",NED,M,,,,2028,0,20,SEP25,1981,
1010182,"Kabos, Tobias",NED,M,FM,,,2301,0,20,SEP25,1991,i
1048937,"Kaizer, Bert",NED,M,,,,1817,0,40,SEP25,1959,
1094092,"Kakrana, Reyansh",NED,M,,,,1914,0,40,SEP25,2011,
1008820,"Kalisvaart, Peter",NED,M,,,,2065,0,20,SEP25,1980,i
1059025,"Kamphuis, Jasper",NED,M,,,,2067,0,20,SEP25,1977,i
1037595,"Kamps, Ronald",NED,M,,,,1861,0,20,SEP25,1959,i
1088408,"Kanbier, Djezzmonde",NED,M,,,,1632,0,40,SEP25,2007,i
1016431,"Karssenberg, Arnout",NED,M,,,,1892,0,20,SEP25,1980,i
1091352,"Karwe, Markus Alexander",NED,M,,,,1929,0,20,SEP25,1984,i
1058720,"Kat, Bob",NED,M,,,,1516,0,20,SEP25,1953,i
1072595,"Katpatal, Akshaj",NED,M,,,,1806,0,40,SEP25,2012,
1082914,"Katpatal, Mukund",NED,M,,,,1632,0,20,SEP25,1982,i
1084941,"Kaufmann, Thomas",NED,M,,,,1908,0,40,SEP25,1995,
1033689,"Kazarian, Anna-Maja",NED,F,FM,WIM,,2062,0,20,SEP25,2000,w
1068750,"Kazarjan, Gachatur",NED,M,,,,2151,0,40,SEP25,2009,
40102300,"Kazi, Zidan",NED,M,,,,1782,0,40,SEP25,2016,
1025520,"Keesman, Henk",NED,M,,,,1862,0,40,SEP25,1964,i
40110109,"Keijsers, Wim",NED,M,,,,1710,0,40,SEP25,1995,i
1023888,"Keijzer, Leo",NED,M,,,,1814,0,20,SEP25,1959,i
40109933,"Kempers, Jord",NED,M,,,,1609,0,40,SEP25,2003,i
1022563,"Kerkhof, Michel",NED,M,,,,2000,0,20,SEP25,1990,i
1072579,"Kerkmeester, Cedric",NED,M,,,,2098,0,40,SEP25,2003,
1034219,"Keuning, Selwin",NED,M,,,,2046,0,20,SEP25,1997,i
1040634,"Kevlishvili, Robby",NED,M,GM,,,2523,0,10,SEP25,2001,
1025562,"Kindt, Manfred",NED,M,,,,2035,0,20,SEP25,1971,
1088661,"Kleibeuker, Mika",NED,M,,,,1977,0,40,SEP25,2007,i
1014668,"Klein, Ron",NED,M,,,,1998,0,20,SEP25,1954,
1056611,"Kletter, Sander",NED,M,,,,1821,0,40,SEP25,1962,
1068814,"Klinkenberg, Jelmar",NED,M,,,,1545,0,40,SEP25,2008,i
1000845,"Klip, Hans",NED,M,IM,,,2280,0,20,SEP25,1959,i
40109500,"Kloet, Rik",NED,M,,,,1478,0,40,SEP25,1964,
40121208,"Klok, Jakob",NED,M,,,,1598,0,40,SEP25,1974,
1007432,"Kloosterman, Henk",NED,M,,,,1888,0,40,SEP25,1966,
1035002,"Kloppenburg, Geert",NED,M,,,,2016,0,20,SEP25,1957,i
1096460,"Klute, Leon",NED,M,,,,1764,0,40,SEP25,1995,
1040839,"Knight, David",NED,M,,,,AGM,1932,0,SEP25,1981,
40121216,"Koelewijn, Jan Wout",NED,M,,,,1678,0,40,SEP25,1982,
1011588,"Koelmans, Jan Willem",NED,M,,,,1822,0,20,SEP25,1960,
1084950,"Kok, Lennart",NED,M,,,,1859,0,40,SEP25,1997,i
40110290,"Kokkula, Advaith Krishna",NED,M,,,,1480,0,40,SEP25,2015,
204374,"Koks, Paul",NED,M,,,,1710,0,20,SEP25,1965,i
1099213,"Kolijn, David",NED,M,,,,1894,0,40,SEP25,2009,
1024256,"Kollen, Zyon",NED,M,FM,,,2350,0,20,SEP25,1995,i
1039776,"Kolodkin, Daniil",NED,M,,,,2063,0,20,SEP25,1997,i
1016300,"Konijn, Bart",NED,M,FM,,,2223,0,20,SEP25,1984,i
1023365,"Konnen, Timo",NED,M,,,,1886,0,20,SEP25,1970,i
1085662,"Kool, Jesper",NED,M,,,,1909,0,40,SEP25,2008,
40112365,"Koole, David",NED,M,,,,1879,9,40,SEP25,1996,
1054163,"Koolen, Tom",NED,M,,,,1713,0,20,SEP25,1996,i
1054783,"Kools, Jasper",NED,M,,,,1895,0,20,SEP25,1998,i
1054759,"Kools, Thomas",NED,M,,,,2043,0,20,SEP25,1996,
1031759,"Koopmans, Perry",NED,M,,,,1694,0,20,SEP25,1945,
1096621,"Koppenens, Ben",NED,M,,,,1579,0,40,SEP25,1977,
1087940,"Koppenens, Oscar",NED,M,,,,1846,0,40,SEP25,2012,
40111059,"Korthals, Richard",NED,M,,,,1814,0,40,SEP25,1959,i
1008544,"Koster, Ramon",NED,M,FM,,,2311,7,20,SEP25,1983,
1093665,"Kriens, Hans",NED,M,,,,1859,0,40,SEP25,1961,
1013009,"Kronemeijer, Simon",NED,M,,,,2061,0,20,SEP25,1976,
1058487,"Kroon, Ivo",NED,M,,,,1964,0,20,SEP25,1999,
499358,"Kruger, Derik",NED,M,,,,1472,0,40,SEP25,2014,i
1006460,"Kruijf, Caspar",NED,M,,,,1947,0,20,SEP25,1965,i
1005073,"Kruis, Rudy",NED,M,,,,1967,0,20,SEP25,1958,i
1007459,"Kruit, Erik",NED,M,,,,1894,0,20,SEP25,1968,i
40121224,"Kruithof, Glenn",NED,M,,,,1504,0,40,SEP25,1997,
1082930,"Krylov, Philippe",NED,M,,,,1768,0,40,SEP25,2009,i
1084020,"Kshirsagar, Parth",NED,M,,,,1666,9,40,SEP25,2012,
1084011,"Kshirsagar, Pranav",NED,M,,,,2139,10,40,SEP25,2009,
1081691,"Kuijs, Nico",NED,M,,,,1904,0,20,SEP25,1961,i
1015729,"Kuiper, Willem",NED,M,,,,1822,0,20,SEP25,1955,
1014706,"Kuitert, Christian",NED,M,,,,1944,0,20,SEP25,1977,i
1085921,"Kulikova, Polina",NED,F,,,,1687,0,40,SEP25,2008,w
1019686,"Kuling, Lody",NED,M,,,,2188,0,20,SEP25,1990,i
1087134,"Kumar, Dhruv",NED,M,,,,1850,0,40,SEP25,2014,i
1070207,"Kumar, Prajit Sai",NED,M,,,,2203,9,40,SEP25,2008,
1070231,"Kumar, Prayan Sai",NED,M,,,,1924,8,40,SEP25,2011,
1082647,"Kurt, Sascha",NED,M,FM,,,2061,0,40,SEP25,2010,
40120082,"Kurys, Daniil",NED,M,,,,1639,0,40,SEP25,2007,
1051504,"Kutchoukov, Thomas",NED,M,,,,1661,0,40,SEP25,2008,
1007998,"L'Ami, Erwin",NED,M,GM,,,2640,0,10,SEP25,1985,
1034103,"Laan, Kart",NED,M,,,,1889,0,20,SEP25,1993,i
1021265,"Laarhoven, Thijs",NED,M,FM,,,2305,0,20,SEP25,1989,i
1048945,"Labriaire, Millo",NED,M,,,,1610,0,40,SEP25,1976,i
1059505,"Labruyere, Roger",NED,M,FM,,,2140,0,40,SEP25,2007,
1038257,"Lai, Hing Ting",NED,M,IM,,,2409,0,10,SEP25,1997,
1089293,"Lalkota, Naresh Kumar",NED,M,,,,1480,0,20,SEP25,1985,
1087690,"Lalkota, Sai Pranav Tejas",NED,M,,,,AFM,1775,0,SEP25,2012,
1098667,"Lalkota, Srikar",NED,M,,,,1425,0,40,SEP25,2017,
40119467,"Laluyan, Adelina",NED,F,,,,1506,0,40,SEP25,1978,w
1027123,"Lambrechts, Koen",NED,M,FM,,,2343,0,20,SEP25,1990,i
1008803,"Lammens, Tim",NED,M,FM,,,2267,0,20,SEP25,1979,i
1054660,"Lammers, Anton",NED,M,,,,1951,0,20,SEP25,1965,
1080458,"Lammers, Hans",NED,M,,,,1498,0,40,SEP25,1975,i
40106306,"Landman, Renzo",NED,M,,,,2053,0,40,SEP25,2007,
1060031,"Langendoen, Aad",NED,M,,,,1632,0,20,SEP25,1961,i
1099701,"Langeveld, Rik",NED,M,,,,1799,0,40,SEP25,1993,
1040960,"Le Grand, Jan Willem",NED,M,,,,1910,0,20,SEP25,1963,
1083937,"Leenen, Boyd",NED,M,CM,,,2012,0,40,SEP25,2012,
40108848,"Leenes, Robert",NED,M,,,,AFM,1740,0,SEP25,1966,i
1008439,"Leenhouts, Koen",NED,M,GM,,,2443,0,10,SEP25,1984,i
40101169,"Leenhouwers, Fabian",NED,M,,,,1572,0,40,SEP25,2004,i
1019988,"Leentjens, Gilbert",NED,M,,,,1853,0,20,SEP25,1973,i
1085905,"Lenting, Roan",NED,M,,,,1710,0,40,SEP25,2013,
16265084,"Levasier, Pieter",NED,M,,,,1669,0,40,SEP25,1952,i
1069284,"Li-Behn, Tobias",NED,M,,,,1940,0,20,SEP25,2004,
1038095,"Lie, Michael",NED,M,,,,1902,0,20,SEP25,1987,i
1053159,"Liefrink, Feike",NED,M,,,,1939,0,20,SEP25,1966,
1085492,"Lind, Jacco",NED,M,,,,2002,0,20,SEP25,2003,i
40110885,"Linger, Djooz",NED,M,,,,1570,0,40,SEP25,2006,i
40110893,"Linger, Inden",NED,M,,,,1700,0,40,SEP25,2008,i
40110907,"Linger, Zamee",NED,M,,,,1585,0,40,SEP25,2010,i
40120147,"Liu, Louis",NED,M,,,,1866,0,40,SEP25,2008,
40102327,"Liyanage, Nuwan",NED,M,,,,1607,0,40,SEP25,1985,
1089838,"Lobo, Dhruv",NED,M,,,,1597,0,40,SEP25,2010,
1032852,"Lombaers, Peter",NED,M,FM,,,2261,0,20,SEP25,1991,i
1010107,"Lommers, Frank",NED,M,,,,2170,0,20,SEP25,1964,i
40114937,"Londhe, Svar",NED,M,,,,1689,0,40,SEP25,2011,
40106608,"Loonen, Teun",NED,M,,,,1720,0,40,SEP25,1989,
1034804,"Luimes, Arent",NED,M,,,,1935,0,20,SEP25,1982,i
40110826,"Luiten, Wessel",NED,M,,,,1773,0,40,SEP25,2005,i
40118401,"Lukasse, Marnix",NED,M,,,,1922,0,40,SEP25,1995,
1038508,"Lundin, Terje",NED,M,,,,1812,0,20,SEP25,1968,i
1091980,"Luong, Thao",NED,F,,,,1682,0,40,SEP25,2012,w
40106543,"Luu, Phong",NED,M,,,,1670,0,40,SEP25,2013,
40106144,"Ma, Tim",NED,M,,,,1803,0,40,SEP25,2015,
1007319,"Ma, Whee Ky",NED,M,FM,,,2313,0,20,SEP25,1978,i
40118126,"Ma, Ying Hao",NED,M,,,,1625,0,40,SEP25,1983,
1025759,"Maas, Joop",NED,M,,,,1915,0,20,SEP25,1955,i
1029975,"Maassen van den Brink, Koen",NED,M,,,,2011,0,20,SEP25,1985,
1092170,"Madhani, Arya",NED,M,,,,1534,0,40,SEP25,1998,i
1070215,"Madularea, David",NED,M,,,,2101,0,40,SEP25,2009,
1038346,"Maessen, Roy",NED,M,,,,1840,0,20,SEP25,1997,
40107183,"Malhan, Kiyaan",NED,M,,,,1500,0,40,SEP25,2013,
40110958,"Man, Kenji",NED,M,,,,1476,0,40,SEP25,2012,i
1043366,"Manenschijn, Wouter",NED,M,,,,1891,0,20,SEP25,1997,i
1058363,"Marcelis, Ronald",NED,M,,,,1677,0,20,SEP25,1954,i
40105075,"Margaryan, Aren",NED,M,,,,1809,9,40,SEP25,2015,
40105830,"Marinissen, William",NED,M,,,,1687,0,40,SEP25,1991,i
40102335,"Mastop, Guido",NED,M,,,,1697,0,40,SEP25,2007,i
1054422,"Maters, Arthur",NED,M,,,,2041,0,20,SEP25,2004,i
40109895,"Mathijssen, Koen",NED,M,,,,1582,0,40,SEP25,2009,
40105890,"Mau-Asam, Leon",NED,M,,,,1747,0,40,SEP25,2010,
40120740,"Mayer, Teun",NED,M,,,,1714,0,40,SEP25,2005,
40107418,"Meeuwissen, Morris",NED,M,,,,1771,0,40,SEP25,2004,
1039628,"Melchers, Bert-Jan",NED,M,,,,1632,0,20,SEP25,1955,i
1016474,"Mengerink, Ynze",NED,M,,,,2125,0,20,SEP25,1964,i
1043293,"Mensing, Adrian",NED,M,,,,2033,7,20,SEP25,1999,
204730,"Merx, Bob",NED,M,,,,2091,0,20,SEP25,1965,i
1099930,"Messaoudi, Nino",NED,M,,,,1906,0,40,SEP25,1996,
1040723,"Metselaar, Harold",NED,M,,,,1939,0,20,SEP25,1967,i
40111776,"Meulmeester, Luuk",NED,M,,,,1917,0,40,SEP25,2008,
1021176,"Meurs, Tom",NED,M,,,,2219,0,20,SEP25,1992,i
40102050,"Middeldorp, Arne",NED,M,,,,1601,0,40,SEP25,1968,
1022490,"Middelkoop, Erik",NED,M,,,,1919,0,20,SEP25,1969,
1018477,"Miedema, David",NED,M,IM,,,2322,0,20,SEP25,1989,i
1025791,"Miesen, Fabian",NED,M,,,,2194,0,20,SEP25,1986,i
40101304,"Miesen, Sander",NED,M,,,,2030,0,40,SEP25,2002,
1016903,"Milort, Gerard",NED,M,,,,1963,1,20,SEP25,1960,
1087185,"Mittal, Aashray",NED,M,,,,1777,0,40,SEP25,2012,
1097725,"Moghaddam, Davoud",NED,M,,,,1942,0,40,SEP25,1981,i
1081896,"Molenkamp, Jan Bertus",NED,M,,,,1809,0,20,SEP25,1966,i
1008978,"Monteban, Martijn",NED,M,FM,,,2283,0,20,SEP25,1982,i
208019,"Montforts, Ton",NED,M,,,,1691,0,20,SEP25,1946,
1025848,"Mostertman, Milan",NED,M,FM,,,2251,0,20,SEP25,1993,i
1030540,"Mostertman, Xander",NED,M,,,,1973,0,20,SEP25,1994,i
1073338,"Mulder, Arjan",NED,M,,,,1818,0,40,SEP25,1983,
40120155,"Mulder, Daniel",NED,M,,,,1597,0,40,SEP25,1983,
1011430,"Mulders, Rinze",NED,M,,,,1936,0,20,SEP25,1991,
1052977,"Muller, Kenneth",NED,M,,,,1925,0,20,SEP25,1995,i
1054457,"Muntean, Adrian",NED,M,,,,1621,0,20,SEP25,1974,
1018507,"Naarden, Amindo",NED,M,,,,1964,0,20,SEP25,1974,i
1073915,"Nabhani, Amil",NED,M,,,,1843,0,20,SEP25,1991,i
40111873,"Nadrshin, Oleg",NED,M,,,,1831,0,40,SEP25,2014,
40109135,"Nair, Pranav Prasobh",NED,M,,,,1642,0,40,SEP25,2013,
40110117,"Neele, Milan",NED,M,,,,1600,0,40,SEP25,2006,i
1086510,"Ngangbam, Chingthang",NED,M,,,,1773,0,40,SEP25,2012,
40102343,"Ngangbam, Malem",NED,F,,,,1587,0,40,SEP25,2016,w
1095072,"Nguyen, Paul",NED,M,,,,1764,0,40,SEP25,2013,
1083449,"Nicol, Michael",NED,M,,,,1918,0,20,SEP25,1995,i
1027158,"Nicolai, Amir",NED,M,,,,2155,0,20,SEP25,1991,i
1061631,"Niemeijer, Leon",NED,M,,,,1917,0,40,SEP25,2007,i
1061275,"Nies, Levi",NED,M,,,,1879,0,20,SEP25,2002,
1060643,"Nietsch, Harry",NED,M,,,,1615,0,20,SEP25,1955,i
1000063,"Nijboer, Friso",NED,M,GM,,,2479,0,10,SEP25,1965,i
107105259,"Njio, Jeroen",NED,M,,,,1576,8,20,SEP25,1968,
1086260,"Nobbe, Lars",NED,M,,,,1717,0,40,SEP25,2003,i
1011154,"Nooijen, Jos",NED,M,,,,2093,0,20,SEP25,1960,i
1057499,"Noordenbos, Daan",NED,M,,,,2071,0,20,SEP25,2002,i
1014862,"Noordkamp, Wouter",NED,M,,,,1950,0,20,SEP25,1974,
40110990,"Nunnikhoven, Krijn-Joost",NED,M,,,,1730,0,40,SEP25,1978,
1064126,"Obdam, Leo",NED,M,,,,1438,0,20,SEP25,1952,i
1010115,"Ochtman, Henk",NED,M,,,,2090,0,20,SEP25,1972,
1000756,"Okkes, Menno",NED,M,FM,,,2346,0,20,SEP25,1960,i
1025899,"Olij, Huib",NED,M,,,,1925,0,40,SEP25,1954,i
1060767,"Olsman, Maarten",NED,M,,,,1872,0,40,SEP25,1984,i
1091867,"Omnes, Tiago",NED,M,,,,1952,0,40,SEP25,2013,
1095200,"Omnes, Zoe",NED,F,,,,1485,0,40,SEP25,2015,w
1050230,"Omota, Vlad",NED,M,,,,1921,0,20,SEP25,2001,i
1011162,"Ondersteijn, Niels",NED,M,IM,,,2394,0,10,SEP25,1984,
1020609,"Oosterlaken, Ed",NED,M,,,,1984,0,20,SEP25,1968,
1051725,"Oostvogels, Niek",NED,M,,,,1899,0,20,SEP25,1984,
1019708,"Ootes, Lars",NED,M,IM,,,2379,0,10,SEP25,1991,i
40121232,"Oporski, Jacek",NED,M,,,,1476,0,40,SEP25,1985,
1062581,"Oppers, Danny",NED,M,,,,1604,0,40,SEP25,1994,
1013483,"Oranje, Richard",NED,M,,,,2045,0,20,SEP25,1969,
1048490,"Osinga-Reiber, Marjolein",NED,F,,,,1551,0,20,SEP25,1959,w
1072196,"Oskam, Caspar",NED,M,,,,1890,0,40,SEP25,1972,i
1085085,"Oskam, Dejen",NED,M,,,,1798,0,40,SEP25,2007,
1072722,"Oskam, Julian",NED,M,,,,1897,0,20,SEP25,2005,
40109550,"Ossevoort, Luca",NED,M,,,,1444,0,40,SEP25,2013,
1060490,"Othman, Omar",NED,M,,,,1821,0,20,SEP25,1984,i
1013971,"Otte, Marijn",NED,M,FM,,,2166,0,20,SEP25,1989,i
1036203,"Oudshoorn, Arres",NED,M,,,,2165,0,20,SEP25,1992,i
1018566,"Ouwens, Bert",NED,M,,,,1943,0,20,SEP25,1959,i
1046560,"Overmeer, Henk",NED,M,,,,1609,0,40,SEP25,1957,
1047361,"Overtoom, Reinier",NED,M,,,,1874,0,20,SEP25,1983,
1021125,"Oxener, Aldo",NED,M,,,,1730,0,20,SEP25,1959,i
40101975,"Ozbek, Ahmet Naim",NED,M,,,,1706,0,40,SEP25,2012,
40121240,"Ozel, Giray",NED,M,,,,1661,0,40,SEP25,1993,
1210947,"Padurariu, Ioana Smaranda",NED,F,WIM,WIM,,2177,0,20,SEP25,1987,wi
42210852,"Panzar, Emilia-Andreea",NED,F,,,,1488,0,40,SEP25,2013,wi
1084259,"Pathak, Raghav",NED,M,,,,1854,0,40,SEP25,2014,i
40121720,"Patil, Advay",NED,M,,,,1425,0,40,SEP25,2010,
40121534,"Patil, Anay",NED,M,,,,1561,0,40,SEP25,2015,
1004239,"Peek, Maurice",NED,M,IM,,,2360,0,10,SEP25,1976,
107210639,"Peele, Arnold",NED,M,,,,1807,0,20,SEP25,1977,i
1000403,"Peelen, Piet",NED,M,IM,,,2332,0,10,SEP25,1965,i
1004760,"Pel, Bonno",NED,M,FM,,,2249,0,20,SEP25,1974,i
40109976,"Pellemans, Mathijs",NED,M,,,,1797,0,40,SEP25,1993,i
1007564,"Pellikaan, Govert",NED,M,,,,1971,0,20,SEP25,1975,i
40102610,"Pellitteri, Alexis",NED,M,,,,1716,0,40,SEP25,1987,
1006622,"Pelter, Yehuda",NED,M,,,,1950,0,20,SEP25,1972,i
1098624,"Pereira, Hans",NED,M,,,,1710,0,40,SEP25,2016,i
1022946,"Perrenet, Jacob",NED,M,,,,1997,0,20,SEP25,1948,i
1054988,"Pham, Khoi",NED,M,IM,,,2292,0,20,SEP25,2005,i
40109216,"Piek, Rosaline",NED,F,,,,1687,0,40,SEP25,1997,wi
40101215,"Pieper, Roy",NED,M,,,,1751,0,40,SEP25,1993,
40101070,"Pijls, Coun",NED,M,,,,1848,0,40,SEP25,2006,i
1019554,"Pijpers, Arthur",NED,M,GM,,,2444,0,10,SEP25,1994,i
1034529,"Plooijer, Johan",NED,M,,,,1863,0,20,SEP25,1946,i
1044621,"Pluijmen, Theo",NED,M,,,,1857,0,20,SEP25,1958,i
1064002,"Pol, Nico",NED,M,,,,1872,0,40,SEP25,1967,
1072315,"Pompert, Edwin",NED,M,,,,AFM,1698,0,SEP25,1961,i
1058126,"Poppelaars, Jan",NED,M,,,,1861,0,40,SEP25,1955,i
40110222,"Poudel, Avin",NED,M,,,,1628,0,40,SEP25,2016,
40122115,"Prabhakaran, Yuvan",NED,M,,,,1502,9,40,SEP25,2018,
40109640,"Prabu, Veadhavv",NED,M,,,,1515,0,40,SEP25,2013,
1042874,"Preuter, Carlos",NED,M,,,,1854,0,20,SEP25,1984,
40105121,"Priem, Ian",NED,M,,,,1752,0,40,SEP25,1987,
40100847,"Prijs, Xander",NED,M,,,,1784,0,20,SEP25,1992,
1099094,"Pronk, David",NED,M,,,,1635,0,40,SEP25,2004,i
1016334,"Provoost, Simon",NED,M,,,,2160,0,20,SEP25,1988,
1091450,"Quintus, Max",NED,M,,,,1760,0,20,SEP25,1998,
1025996,"Rademakers, Evert",NED,M,FM,,,2306,0,20,SEP25,1991,i
1090720,"Ramdien, Ryan",NED,M,,,,1844,0,40,SEP25,2010,i
1091883,"Rampaart, Gerben",NED,M,,,,1882,0,20,SEP25,1978,i
1032283,"Ratsma, Midas",NED,M,FM,,,2251,0,20,SEP25,1995,i
1069470,"Razdolski, Ilya",NED,M,,,,2119,0,20,SEP25,1984,
1046578,"Reichardt, Jasper",NED,M,,,,1995,0,20,SEP25,1991,
1046586,"Reichardt, Thomas",NED,M,,,,1955,0,20,SEP25,1996,
40118380,"Reitsma, Hylke",NED,M,,,,1841,7,40,SEP25,1990,
1010450,"Reulink, Fred",NED,M,,,,1929,0,20,SEP25,1953,
16207017,"Ricken, Katharina",NED,F,WFM,WFM,NA,2103,0,20,SEP25,2004,w
1059661,"Riedstra, Symon",NED,M,,,,1810,0,20,SEP25,1968,
1012215,"Rietman, Frits",NED,M,,,,2244,0,20,SEP25,1986,i
1053230,"Rijnders, Wijnand",NED,M,,,,1852,0,40,SEP25,1969,
1093312,"Rijnen, Jari",NED,M,,,,1963,0,40,SEP25,1996,i
1052624,"Rijpkema, Rimme",NED,M,,,,1643,0,20,SEP25,1969,
1014889,"Rill, Gerard",NED,M,,,,2117,0,20,SEP25,1959,i
1085760,"Ritzerveld, Noah",NED,M,FM,,,2086,0,40,SEP25,2012,
1029142,"Robinson, Roland",NED,M,,,,1739,0,40,SEP25,1962,
1058401,"Roebers, Eline",NED,F,IM,,,2409,0,10,SEP25,2006,w
1007815,"Roebers, Jan",NED,M,FM,,,2043,0,20,SEP25,1965,
1097393,"Roersma, Dylan",NED,M,,,,1739,0,40,SEP25,2012,
1042998,"Roesink, Myron",NED,M,,,,2001,0,40,SEP25,1999,
1043250,"Roesink, Veron",NED,M,,,,1999,0,40,SEP25,1999,
1099442,"Roggeband, Jens",NED,M,,,,1915,0,40,SEP25,1991,
1071580,"Rogojina, Alexandru-Andrei",NED,M,,,,1569,0,40,SEP25,1995,i
1092138,"Rogozyanskiy, Alexander",NED,M,,,,1879,0,40,SEP25,2008,
1068709,"Ronner, Micha",NED,M,,,,1712,0,20,SEP25,1994,i
1033956,"Roomer, Paul",NED,M,,,,1824,0,20,SEP25,1963,
1016369,"Roskam, Mathieu",NED,M,,,,1935,0,20,SEP25,1980,i
1062085,"Roskam, Rinus",NED,M,,,,1647,0,40,SEP25,1956,
40121259,"Rossa, Django",NED,M,,,,1795,0,40,SEP25,1997,
1084682,"Ruben, Berend",NED,M,,,,1971,0,40,SEP25,1993,
1032631,"Ruben, Erik",NED,M,,,,1745,0,40,SEP25,1959,i
1046594,"Ruitenbeek, Mike",NED,M,,,,1803,0,20,SEP25,1989,i
1055348,"Rutte, Edwin",NED,M,,,,1712,0,40,SEP25,1971,i
1052063,"Rutten, Alexander",NED,M,,,,2071,0,20,SEP25,2006,i
40101649,"Ruzaykyn, Dennis",NED,M,,,,1565,0,40,SEP25,2013,
1058134,"Ruzaykyn, Oleksandr",NED,M,,,,1827,0,40,SEP25,1986,
1087860,"Samala, Yuvan Yatin",NED,M,,,,1612,0,40,SEP25,2013,i
1073451,"Sapulette, Jay-Giani",NED,M,,,,1799,0,40,SEP25,2009,
1047230,"Schadd, Jan",NED,M,,,,1899,0,20,SEP25,1948,i
40121267,"Schaffrath, Claus",NED,M,,,,1727,0,40,SEP25,1969,
40120090,"Scheffer, Math",NED,M,,,,1612,0,40,SEP25,1956,
1039261,"Schelvis, Richard",NED,M,,,,2163,0,20,SEP25,1995,i
1018680,"Schenning, Albert",NED,M,,,,2088,0,20,SEP25,1958,i
1004735,"Schippers, Maurice",NED,M,FM,,,2248,0,20,SEP25,1993,i
1048759,"Schleipfenbauer, Bent",NED,M,,,,1971,0,20,SEP25,1996,
1002430,"Schoeber, Peter",NED,M,,,,2138,0,20,SEP25,1953,i
40104443,"Schoen, Hubert",NED,M,,,,1965,0,40,SEP25,2000,
1031155,"Schoenmakers, Nico",NED,M,,,,1823,0,20,SEP25,1961,
40103145,"Schoenmakers, Rene",NED,M,,,,1459,0,40,SEP25,1960,
1084658,"Schoffelmeer, Jetse",NED,M,,,,1955,0,20,SEP25,1996,
1009508,"Schoorl, Rob",NED,M,FM,,,2307,0,20,SEP25,1983,i
1046730,"Schoppen, Casper",NED,M,GM,,,2574,0,10,SEP25,2002,i
1040090,"Schouten, Jordy",NED,M,,,,2125,0,20,SEP25,1994,i
1001108,"Schouten, Nico",NED,M,IM,,,2186,0,20,SEP25,1945,i
1026119,"Schreuder Peters, Misja",NED,M,,,,1842,0,20,SEP25,1969,i
1009818,"Schrik, Rachid",NED,M,CM,,,2166,0,20,SEP25,1976,
1012908,"Schroer, Marcel",NED,M,,,,2081,0,20,SEP25,1965,
1005561,"Schut, Han",NED,M,CM,,,2063,0,20,SEP25,1964,
1019481,"Schut, Lisa",NED,F,WIM,WIM,,2383,0,20,SEP25,1994,wi
40121283,"Schweppe, Laurens",NED,M,,,,1888,0,40,SEP25,1997,
1093053,"Sekreve, Bram",NED,M,,,,1785,0,40,SEP25,1993,i
40110940,"Selimi, Altin",NED,M,,,,1808,0,40,SEP25,1996,i
13504444,"Serankou, Barys",NED,M,,,,1781,0,20,SEP25,1998,
34604812,"Seth, Aakrit",NED,M,,,,1812,0,40,SEP25,2011,
40121461,"Shalai, Marian",NED,M,,,,1602,0,40,SEP25,1998,
1094408,"Shankar, Aravindh Swaminathan",NED,M,,,,1819,0,40,SEP25,1996,
5068428,"Shivam, Agrawal",NED,M,,,,1834,0,40,SEP25,1998,i
40108325,"Shrivastava, Sayan",NED,M,,,,1625,0,40,SEP25,2009,
1009931,"Sibbing, Eddy",NED,M,,,,2198,0,20,SEP25,1961,i
1013246,"Sijpkens, Michiel",NED,M,,,,2138,0,20,SEP25,1989,
1012916,"Simenon, Jozef",NED,M,FM,,,2176,0,20,SEP25,1987,
1030787,"Sitton, Ben",NED,M,,,,1904,0,20,SEP25,1985,
1032178,"Skrobic, Dragan",NED,M,,,,2004,0,20,SEP25,1988,i
1065882,"Slagboom, Leandro",NED,M,FM,,,2373,0,20,SEP25,2006,i
1091972,"Sleeckx, Alexander",NED,M,,,,1824,0,40,SEP25,1995,
1071483,"Sliedrecht, Rens",NED,M,,,,1711,7,40,SEP25,1954,
1002473,"Slingerland, Fred",NED,M,IM,,,2231,0,10,SEP25,1972,i
1040650,"Slomczewski, Michal",NED,M,,,,2032,0,20,SEP25,2000,
1094645,"Smeenk, Merijn",NED,M,,,,1801,0,40,SEP25,2008,i
1092499,"Smeets, Bent",NED,M,,,,1540,0,40,SEP25,2011,
1007246,"Smeets, Jan",NED,M,GM,,,2520,9,10,SEP25,1985,
1063910,"Smeets, Kobe",NED,M,FM,,,2168,0,40,SEP25,2008,
1084755,"Smeets, Sjo",NED,M,,,,1805,0,20,SEP25,1956,
1091131,"Smid, Jelle",NED,M,,,,2094,0,20,SEP25,2006,
1011570,"Smit, Gabriel",NED,M,,,,1844,0,20,SEP25,1977,
1052047,"Smit, Jan",NED,M,,,,1821,0,20,SEP25,1958,i
1006894,"Smit, Maarten",NED,M,,,,2016,0,20,SEP25,1964,
1016385,"Smit, Manuel",NED,M,,,,2017,0,20,SEP25,1982,
1052691,"Smit, Tom",NED,M,,,,1666,0,20,SEP25,1948,
1019511,"Smits, Benjamin",NED,M,,,,1958,0,20,SEP25,1989,
40109925,"Smits, Jeroen",NED,M,,,,1540,0,40,SEP25,2001,
1019384,"Smits, Sebastiaan",NED,M,,,,2125,0,20,SEP25,1986,
1090380,"Snijders, Take",NED,M,,,,1964,0,40,SEP25,2007,i
1005642,"Snuverink, Jochem",NED,M,,,,2298,0,20,SEP25,1979,i
1030205,"Soderberg, Kaj",NED,M,,,,1947,0,40,SEP25,1961,i
14400030,"Sokolov, Ivan",NED,M,GM,,,2588,0,10,SEP25,1968,i
40107060,"Sosef, Noah",NED,M,,,,1825,0,40,SEP25,2015,
1006118,"Spaan, Nathanael",NED,M,,,,2143,0,20,SEP25,1964,
1052772,"Spanjer, Joris",NED,M,,,,1791,0,40,SEP25,2001,i
1096320,"Spee, Jean",NED,M,,,,1831,0,40,SEP25,1956,
1068881,"Spit, Vincent",NED,M,,,,2067,0,20,SEP25,2000,i
1099221,"Sprong, Mehran",NED,M,,,,1534,0,40,SEP25,2011,i
1026771,"Sprong, Pia",NED,F,,,,1699,0,20,SEP25,1958,wi
40108317,"Srivatsa, Kirtin",NED,M,,,,AFM,1602,0,SEP25,2013,
1072625,"Stakenburg, Alexander",NED,M,,,,1804,0,20,SEP25,1985,
1004220,"Steenbekkers, Franck",NED,M,CM,,,2117,0,20,SEP25,1966,i
1085441,"Sternfeld, Douwe",NED,M,,,,1558,0,20,SEP25,1998,i
1092928,"Stikkelbroeck, Eva",NED,F,,,,1694,0,40,SEP25,2007,wi
1096257,"Stok, Joris",NED,M,,,,1733,0,40,SEP25,2004,i
1028626,"Stolte, Maarten",NED,M,,,,2058,0,20,SEP25,1976,
1033743,"Stolwijk, Colin",NED,M,,,,2223,0,20,SEP25,1998,
1026275,"Stoop, Jan",NED,M,,,,1744,0,20,SEP25,1945,
40106403,"Stradmeijer, Geert",NED,M,,,,1897,0,40,SEP25,2000,
40109909,"Suicmez, Alkan",NED,M,,,,1677,0,40,SEP25,2000,
1095765,"Suthan, Aadvik",NED,M,,,,1780,0,40,SEP25,2016,
1007858,"Sutmuller, Jos",NED,M,,,,2062,0,20,SEP25,1945,i
1055852,"Taams, Lisanne",NED,F,,,,2061,0,20,SEP25,1996,w
1008048,"Tabak, Stefan",NED,M,FM,,,2173,0,20,SEP25,1968,i
1018779,"Talsma, Paul",NED,M,,,,2162,0,20,SEP25,1960,i
1011316,"Tan, Matthew",NED,M,IM,FT,,2419,0,10,SEP25,1988,i
40101495,"Tanasa, Vlad",NED,M,,,,1802,0,40,SEP25,1997,i
1008897,"Teeuwen, Jos",NED,M,,,,2041,0,20,SEP25,1959,
40101967,"Teianu, Maxim",NED,M,,,,1816,0,40,SEP25,2010,
1095846,"Teianu, Sabin",NED,M,,,,2023,0,40,SEP25,2012,
1017900,"Temmink, Henk",NED,M,,,,2135,0,20,SEP25,1952,i
1032879,"Ten Have, Roland",NED,M,,,,1954,0,20,SEP25,1990,i
1026356,"Ten Hertog, Hugo",NED,M,GM,,,2484,0,10,SEP25,1994,i
1095781,"Ten Kate, Gustav",NED,M,,,,1804,0,40,SEP25,2009,
1095919,"Terlouw, Frank",NED,M,,,,1811,0,40,SEP25,2014,i
1087401,"Terlouw, Wouter",NED,M,CM,,,2055,0,40,SEP25,2011,
1059335,"Terluin, Marcel",NED,M,,,,1864,0,40,SEP25,1973,i
1055070,"Terwee, Michiel",NED,M,,,,1795,0,20,SEP25,2003,i
1055003,"Terwee, Sybe",NED,M,,,,1781,0,20,SEP25,1951,i
1095838,"Tetova, Amir",NED,M,,,,1825,0,40,SEP25,2012,
40104885,"Thakkar, Viaan",NED,M,,,,1552,0,40,SEP25,2016,
1068598,"Theeuwes, Milan",NED,M,,,,1865,0,20,SEP25,1992,i
1002899,"Theulings, Paul-Peter",NED,M,CM,,,2046,0,20,SEP25,1963,i
1091840,"Thijssen, Freek",NED,M,,,,1913,0,40,SEP25,2012,
1040952,"Tikranian, Alik",NED,M,FM,,,2234,0,20,SEP25,1998,i
1000012,"Timman, Jan H",NED,M,GM,,,2472,0,10,SEP25,1951,i
40104524,"Timmer, Michel",NED,M,,,,1879,0,40,SEP25,2003,
1000918,"Timmerman, Gert",NED,M,FM,,,2120,0,20,SEP25,1956,
1058398,"Timmerman, Jan",NED,M,,,,1728,0,20,SEP25,1969,
40101762,"Timmerman, Tygo",NED,M,,,,1624,0,40,SEP25,2007,i
1026380,"Timmermans, Adri",NED,M,,,,1888,0,20,SEP25,1956,i
1026399,"Timmermans, Mark",NED,M,IM,,,2355,0,20,SEP25,1990,i
1098306,"Timmers, Lars",NED,M,,,,1633,0,40,SEP25,1999,
1090143,"Titus, Branco",NED,M,,,,1979,0,40,SEP25,2000,i
1008013,"Tiviakov, Sergei",NED,M,GM,,,2602,0,10,SEP25,1973,i
1001493,"Tjiam, Dharma",NED,M,IM,,,2365,0,10,SEP25,1970,
1057871,"Tjin a Lien, Ike",NED,M,,,,1757,0,20,SEP25,1966,
1057952,"Tjin a Lien, Jie-Ren",NED,M,,,,1781,0,20,SEP25,2004,
1074482,"Toirkens, Kristian",NED,M,,,,1814,0,40,SEP25,1975,i
1074490,"Torn, Daniel",NED,M,,,,1709,0,40,SEP25,1971,
1012800,"Tromp, Patriek",NED,M,,,,1987,0,20,SEP25,1980,i
1066994,"Tuijnman, Jeannot",NED,M,,,,1815,0,40,SEP25,1957,
1050842,"Uddin, Ahnaf Tajwar",NED,M,,,,2064,0,40,SEP25,1998,
1088041,"Uitdehaag, Koen",NED,M,,,,1829,0,40,SEP25,1980,
1031260,"Uneken, Bert",NED,M,,,,1807,0,20,SEP25,1957,i
1052560,"Uyttenhove, Pearl",NED,M,,,,1780,0,40,SEP25,1968,
40111547,"Vaillant, Paul",NED,M,,,,1628,0,40,SEP25,1964,
1076787,"Valkenburg, Max",NED,M,,,,1780,0,40,SEP25,2000,i
21510784,"van Alphen, Marius",NED,M,,,,1773,0,20,SEP25,1959,i
1006924,"Van Amerongen, Arjen",NED,M,,,,2072,0,20,SEP25,1969,
1057626,"Van Amerongen, Judith",NED,F,,,,1818,0,40,SEP25,1976,wi
1001728,"Van Amerongen-Jansen, Peggy",NED,F,,,,2036,0,20,SEP25,1970,w
1015478,"Van Asseldonk, Paul",NED,M,,,,2025,0,20,SEP25,1966,i
40108929,"Van Baaren, Joris",NED,M,,,,1787,0,40,SEP25,2004,
40106691,"Van Baggum, Wouter",NED,M,,,,1473,0,40,SEP25,1965,i
1097172,"Van Basten, Giovanni",NED,M,,,,1738,0,40,SEP25,1997,
1078259,"Van Batenburg, Mees",NED,M,,,,2219,0,40,SEP25,2009,
1005618,"Van Beckhoven, Boudewijn",NED,M,,,,1935,0,20,SEP25,1970,i
1007262,"Van Beek, Alexander",NED,M,IM,,,2362,0,20,SEP25,1981,i
40100022,"Van Beek, Harmen",NED,M,,,,1834,0,40,SEP25,2002,
1090135,"Van Boxel, Marit",NED,F,,,,1472,0,40,SEP25,2011,w
1078747,"Van Boxel, Tamara",NED,F,,,,1760,0,40,SEP25,1988,w
1074849,"Van Boxtel, Danniel",NED,M,,,,1929,0,40,SEP25,1971,
1012843,"Van Buitenen, Herbert",NED,M,,,,2215,0,20,SEP25,1970,i
40105580,"Van Capelleveen, Jan Willem",NED,M,,,,1506,0,40,SEP25,1966,
1049771,"Van Dael, Siem",NED,M,FM,,,2278,0,20,SEP25,2004,i
1002600,"Van Dam, Jan",NED,M,,,,1816,0,20,SEP25,1954,
1012762,"Van Dam, Niels",NED,M,,,,2015,7,20,SEP25,1982,
40110125,"Van Dam, Tijme",NED,M,,,,1495,0,40,SEP25,2003,i
40109518,"Van de Coterlet, Niels",NED,M,,,,1757,0,40,SEP25,1991,
1028936,"Van de Griend, Johan",NED,M,,,,1832,0,20,SEP25,1950,
1009583,"Van de Groep, William",NED,M,,,,1960,0,20,SEP25,1977,i
1068466,"Van de Lagemaat, Arend",NED,M,CM,,,2003,0,20,SEP25,1994,i
1028073,"Van de Lisdonk, Lucien",NED,M,,,,1948,0,20,SEP25,1966,
1048970,"Van de Merwe, Peter",NED,M,,,,1749,0,40,SEP25,1956,
1020102,"Van de Poel, Taco",NED,M,,,,1884,0,20,SEP25,1964,i
1028049,"Van de Veer, Peter",NED,M,,,,1744,0,20,SEP25,1979,i
1084712,"Van de Ven, Raymond",NED,M,,,,1644,0,40,SEP25,1975,
40107248,"Van de Vreede, Adrie",NED,M,,,,1686,0,40,SEP25,2005,
1004670,"Van Delft, Merijn",NED,M,IM,,,2372,0,20,SEP25,1979,i
1030809,"Van den Belt, Peter",NED,M,,,,1855,0,40,SEP25,1963,i
1008684,"Van den Berg, Bram",NED,M,,,,2200,0,20,SEP25,1978,i
1901893,"Van den Berg, Imme",NED,M,,,,1917,0,20,SEP25,1952,
1036254,"Van den Berg, Jaap",NED,M,,,,1805,0,20,SEP25,1959,
1028863,"Van den Born, Ico",NED,M,,NI,,1771,10,20,SEP25,1962,
1015010,"Van den Bos, Frans Pieter",NED,M,,,,1909,7,20,SEP25,1962,
1020110,"Van den Broek, Rene",NED,M,,,,1982,0,20,SEP25,1962,i
1003720,"Van den Doel, Erik",NED,M,GM,,,2520,9,10,SEP25,1979,
40121291,"Van den Doel, Floris",NED,M,,,,1659,0,40,SEP25,2004,
40121305,"Van den Doel, Mathijs",NED,M,,,,1441,0,40,SEP25,2003,
1086731,"Van den Heuvel, Ton",NED,M,,,,1749,0,40,SEP25,1981,i
1091891,"Van der Beek, Menno",NED,M,,,,1784,0,20,SEP25,1967,i
1048988,"Van der Fluit, Frank",NED,M,,,,1731,0,40,SEP25,1962,
1001787,"Van der Giessen, Ada Leona",NED,F,,,,1815,0,20,SEP25,1948,w
1052853,"Van der Hagen, Loek",NED,M,FM,,,2210,0,40,SEP25,2006,
40113655,"Van der Heijden, Marijn",NED,M,,,,1570,0,40,SEP25,2013,
1008595,"Van der Hoeven, Gert-Jan",NED,M,,,,2233,0,20,SEP25,1974,i
1021338,"Van der Knijff, Kees",NED,M,,,,1947,0,20,SEP25,1989,
1018850,"Van der Leij, Arjan",NED,M,,,,2028,0,20,SEP25,1972,
1019260,"Van der Lende, Ilias",NED,M,IM,,,2304,0,20,SEP25,1994,i
1039717,"Van der Lende, Nathalie",NED,F,,,,1928,0,20,SEP25,1992,wi
1027964,"Van der Linden, Ronald",NED,M,,,,1828,0,20,SEP25,1988,
40109658,"Van der Maas, Matthias",NED,M,,,,1454,0,40,SEP25,2012,
1005855,"Van der Marel, Lambertus",NED,M,,,,2037,0,20,SEP25,1958,
1084445,"Van der Molen, Valentijn",NED,M,,,,1526,0,40,SEP25,2008,i
40102009,"Van der Pas, Paul",NED,M,,,,1658,0,40,SEP25,1998,i
1039687,"Van der Pluijm, Dik",NED,M,,,,1882,0,20,SEP25,1957,
1046055,"Van der Pol, Theo",NED,M,,,,1707,0,20,SEP25,1955,
1004115,"Van der Raaf, Erik",NED,M,,,,2095,0,20,SEP25,1957,
1052934,"Van der Sleen, Jan",NED,M,,,,1845,0,20,SEP25,1992,
1007831,"Van der Spek, Hein Piet",NED,M,,,,2127,0,20,SEP25,1942,i
40110834,"Van der Toorn, Arie-Jan",NED,M,,,,1703,0,40,SEP25,1994,i
1022938,"Van der Veen, Terry",NED,M,,,,2063,0,20,SEP25,1973,
1033840,"Van der Vegt, Seth",NED,M,,,,1915,0,20,SEP25,1980,i
1049364,"Van der Velden, Alain",NED,M,,,,1949,0,40,SEP25,2000,
1015753,"Van der Velden, Bram",NED,M,CM,,,2207,0,20,SEP25,1988,i
1026607,"Van der Wel, Richard",NED,M,,,,1973,0,20,SEP25,1967,
1053620,"Van der Werf, Joel",NED,M,,,,2091,0,20,SEP25,1998,
1000470,"Van der Werf, Mark",NED,M,IM,,,2387,0,10,SEP25,1968,
1001116,"Van Dijk, Bram",NED,M,,,,1897,0,20,SEP25,1953,
40101207,"Van Dijk, Nordin",NED,M,,,,1711,0,40,SEP25,2003,i
1059629,"Van Dijk, Ron",NED,M,,,,1838,0,20,SEP25,1969,
1015311,"Van Dijken, Rex",NED,M,,,,2044,0,20,SEP25,1948,i
1028693,"Van Dinteren, Peter",NED,M,,,,1870,0,20,SEP25,1957,i
1048503,"Van Doren, Bas",NED,M,,,,2046,0,20,SEP25,2000,i
1026623,"Van Drie, Rik",NED,M,,,,1992,0,40,SEP25,1963,i
1002988,"Van Duijvenbode, Arco",NED,M,,,,2030,0,20,SEP25,1969,i
40101088,"Van Duuren, Gilead",NED,M,,,,1631,0,40,SEP25,2010,i
222011,"Van Duuren, Louis",NED,M,,,,1812,0,20,SEP25,1944,i
1064061,"Van Egmond, Tom",NED,M,,,,1962,0,40,SEP25,2007,i
1060058,"Van Eijk, Liedewij",NED,F,,,,1705,0,20,SEP25,1991,wi
1011510,"Van Eijk, Sander",NED,M,IM,,,2388,0,10,SEP25,1986,
40119289,"Van Esch, Rob",NED,M,,,,1784,0,40,SEP25,1959,
40102130,"Van Essen, Tobias",NED,M,,,,1630,0,40,SEP25,2004,
1044605,"Van Esterik, Erik",NED,M,,,,2039,0,20,SEP25,1970,i
1039784,"Van Foreest, Jorden",NED,M,GM,,,2638,0,10,SEP25,1999,
1039792,"Van Foreest, Lucas",NED,M,GM,,,2471,0,10,SEP25,2001,
1051563,"Van Foreest, Machteld",NED,F,FM,WIM,,2158,0,40,SEP25,2007,wi
1052020,"Van Foreest, Nanne",NED,M,,,,1844,0,40,SEP25,2007,
40119980,"Van Gaal, Sjoerd",NED,M,,,,1810,0,40,SEP25,1995,
1044680,"Van Garderen, Ton",NED,M,,,,1807,0,20,SEP25,1961,
40104605,"Van Geffen, Johnny",NED,M,,,,1726,0,40,SEP25,1968,
1068407,"Van Gent, Aad",NED,M,,,,1815,0,40,SEP25,1959,
1015796,"Van Gils, Martin",NED,M,,,,1995,0,20,SEP25,1960,i
1036394,"Van Ginkel, Henk",NED,M,,,,1884,0,20,SEP25,1961,
40101100,"Van Happen, Niels",NED,M,,,,1757,0,40,SEP25,2005,
40103382,"Van Harten, Wout",NED,M,,,,1773,0,40,SEP25,2009,
1005596,"Van Helvoort, Rob",NED,M,,,,2053,0,20,SEP25,1959,
40121321,"Van Hemert, Patrick",NED,M,,,,1566,0,40,SEP25,1979,
1008161,"Van Hengel, Hugo",NED,M,FM,,,2197,0,20,SEP25,1978,i
1085735,"Van Hesselingen, Guido",NED,M,FM,,,2173,0,40,SEP25,2007,
1048112,"Van Hoorn, Geert",NED,M,,,,2029,0,20,SEP25,2000,i
1018957,"Van Houwelingen, Leo",NED,M,,,,1979,0,20,SEP25,1967,i
1093711,"Van Huijstee, Vincent",NED,M,,,,1923,0,40,SEP25,2000,i
40101991,"Van Hussen, Casper",NED,M,,,,1730,0,40,SEP25,2004,i
1020854,"Van Kampen, Robin",NED,M,GM,,,2653,0,10,SEP25,1994,i
1054236,"Van Kanten, Brian",NED,M,,,,1678,0,20,SEP25,1971,
1019414,"Van Kempen, Roderick",NED,M,,,,2007,0,20,SEP25,1984,i
1068512,"Van Keulen, Koen",NED,M,,,,1871,0,40,SEP25,1989,
1013858,"Van Keulen, Onno",NED,M,,,,1960,0,20,SEP25,1967,i
1058274,"Van Kuijk, Vadim",NED,M,,,,2079,0,40,SEP25,2005,i
1009940,"Van Leent, Dimitri",NED,M,FM,,,2149,0,20,SEP25,1982,i
40120163,"Van Leeuwen, Ivo",NED,M,,,,1908,0,40,SEP25,1992,
1078798,"Van Leeuwen, Wiek",NED,M,,,,1807,0,40,SEP25,1953,
1012665,"Van Liempt, Michael",NED,M,,,,2104,0,20,SEP25,1989,i
1038389,"Van Meegen, Henk",NED,M,,,,1768,0,20,SEP25,1965,i
1034995,"Van Meegen, Ruud",NED,M,FM,,,2204,0,20,SEP25,1996,i
1013076,"Van Oosterom, Chiel",NED,M,IM,,,2404,0,10,SEP25,1988,i
40107825,"Van Opstal, Wout",NED,M,,,,1651,0,40,SEP25,2007,
1035967,"Van Osch, Mees",NED,M,FM,,,2363,0,20,SEP25,1993,
1068423,"Van Pel, Gerben",NED,M,,,,2028,0,20,SEP25,1994,
1060759,"Van Ravensteijn, Antal",NED,M,,,,2127,0,40,SEP25,1999,
40102181,"Van Ree, Thailo",NED,M,,,,1874,0,20,SEP25,1975,
1097199,"Van Renselaar, Lars",NED,M,,,,1708,0,40,SEP25,2005,i
1019821,"Van Riemsdijk, Felipe Herman",NED,M,,,,1837,0,20,SEP25,1986,i
1002783,"Van Rijn, Anton",NED,M,CM,,,2206,0,20,SEP25,1964,
1051075,"Van Roon, Sjoerd",NED,M,FM,,,2205,0,20,SEP25,2002,
1010000,"Van Ruitenburg, Joost",NED,M,FM,,,2315,0,20,SEP25,1982,i
1099256,"Van Soest, Sjoerd",NED,M,,,,1682,0,20,SEP25,1991,
40121330,"Van Stralen, Roy",NED,M,,,,1587,0,40,SEP25,1992,
1078623,"Van Straten, Jeroen",NED,M,,,,1838,0,40,SEP25,1965,i
1060538,"Van t Hoff, Tom",NED,M,,,,2005,0,20,SEP25,2002,
40101720,"Van Trirum, Noel",NED,M,,,,1774,0,40,SEP25,2007,i
1012673,"Van Vliet, Jeffrey",NED,M,FM,,,2403,0,10,SEP25,1986,
40102165,"Van Wamel, Gijs",NED,M,,,,1811,0,40,SEP25,2002,
1009877,"Van Weersel, Arlette",NED,F,WIM,WIM,,2147,0,20,SEP25,1984,wi
1000268,"Van Wely, Loek",NED,M,GM,FST,,2552,0,10,SEP25,1972,
40107876,"Van Weperen, Feike Lammert",NED,M,,,,1456,0,40,SEP25,1992,i
40101614,"Van Wijk, Marco",NED,M,,,,1516,0,40,SEP25,2000,i
1012576,"Van't Kaar, Robbert",NED,M,,,,2050,0,20,SEP25,1957,i
40108295,"Vasan, Navin",NED,M,,,,1760,0,40,SEP25,1993,i
1004166,"Vedder, Richard",NED,M,FM,,,2187,0,20,SEP25,1970,
1020196,"Veenstra, Frits",NED,M,,,,1839,0,20,SEP25,1954,i
1073710,"Veerbeek, Wessel",NED,M,,,,1927,0,40,SEP25,1992,i
40111571,"Vegaraju, Atharva",NED,M,,,,1603,0,40,SEP25,2011,
40104664,"Veldhuijsen, Jos",NED,M,,,,1702,0,40,SEP25,1994,
1095773,"Veldhuyzen, Ywein",NED,M,,,,1850,0,40,SEP25,2005,
1035282,"Veltkamp, Bastiaan",NED,M,,,,2194,0,20,SEP25,1995,
4631307,"Veltkamp, Gerben",NED,M,,,,2070,0,20,SEP25,1974,i
1026917,"Veltman, Anne",NED,M,,,,2097,0,20,SEP25,1983,i
40103242,"Verbaken, Ilja",NED,M,,,,1668,0,40,SEP25,2014,
1063790,"Verheij, Dana",NED,F,,,,1835,0,40,SEP25,2007,w
1026933,"Verhoef, Harry",NED,M,,,,1797,0,20,SEP25,1968,
1044001,"Verhoef, Jaap",NED,M,,,,1944,0,20,SEP25,1950,i
1098519,"Verhoeven, Lars",NED,M,,,,1748,0,40,SEP25,2008,
1054775,"Verhoeven, Robin",NED,M,,,,2023,0,20,SEP25,1996,i
40118428,"Vermeulen, Aad",NED,M,,,,1803,0,40,SEP25,1955,
40120031,"Vermeulen, Martijn",NED,M,,,,1526,0,40,SEP25,1973,
1088580,"Vermeulen, Ruud",NED,M,,,,1766,0,20,SEP25,1958,i
1026968,"Vermue, Albert",NED,M,,,,1830,0,20,SEP25,1963,i
1014080,"Versloot, Jan Willem",NED,M,,,,1828,0,40,SEP25,1958,i
1055542,"Verstege, Vincent",NED,M,,,,1872,0,20,SEP25,1985,i
1098780,"Verstegen, Jonas",NED,M,,,,1816,0,40,SEP25,2013,
1004271,"Verwoert, Jef",NED,M,,,,2028,0,20,SEP25,1969,i
1097075,"Vis, Olivier",NED,M,,,,1849,0,40,SEP25,2001,i
40109399,"Visee, Thijs",NED,M,,,,1871,0,40,SEP25,1997,i
1016482,"Visser, Anton",NED,M,,,,1875,0,40,SEP25,1958,i
1010204,"Visser, Henk-Jan",NED,M,CM,,,2247,0,20,SEP25,1980,i
1082566,"Visser, Wouter",NED,M,,,,1725,0,20,SEP25,1993,
1060503,"Vissers, Nico",NED,M,,,,1838,0,40,SEP25,1978,i
1072854,"Vlug, Arthur",NED,M,,,,1994,0,20,SEP25,1989,
1000764,"Vogel, Jaap",NED,M,FM,,,2005,0,20,SEP25,1948,
1085824,"Vogels, Mathijs",NED,M,,,,1808,0,40,SEP25,2010,
40110001,"Volders, Camiel",NED,M,,,,1679,0,40,SEP25,2003,
1068776,"Vonken, Bob",NED,M,,,,1705,0,20,SEP25,2001,i
1059378,"Vos, Rik",NED,M,,,,1976,0,20,SEP25,1990,i
1055267,"Vosooghi Dizaji, Mehdi",NED,M,,,,1911,0,20,SEP25,1980,i
1005634,"Vreugdenhil, Frans",NED,M,,,,1830,7,20,SEP25,1956,
1048333,"Vrolijk, Liam",NED,M,GM,,,2521,0,10,SEP25,2002,
1094505,"Vysniauskas, Algirdas",NED,M,,,,1565,0,40,SEP25,2006,
1047558,"Waardenburg, Feline",NED,F,,,,1850,0,20,SEP25,2000,wi
1050265,"Waardenburg, Marlinde",NED,F,,,,1842,0,20,SEP25,2002,wi
1008293,"Wagenaar, Harm Theo",NED,M,,,,1916,0,20,SEP25,1956,i
1030256,"Wagner, Andre",NED,M,,NA,,1930,0,40,SEP25,1959,
40118398,"Wakker, Peter",NED,M,,,,1788,0,40,SEP25,1956,
1024175,"Wandy, Kasim",NED,M,,,,AFM,1829,0,SEP25,1963,
1048104,"Warmerdam, Max",NED,M,GM,,,2535,0,10,SEP25,2000,
1050036,"Warnaar, Alisha",NED,F,,,,1935,0,20,SEP25,2003,wi
1084577,"Wazzan, Amr",NED,M,,,,1859,0,40,SEP25,1999,i
1053787,"Wedda, Dries",NED,M,,,,2222,0,20,SEP25,2002,i
1036335,"Weerts, Rene",NED,M,,,,1716,0,20,SEP25,1963,
1059815,"Weijers, Ralf",NED,M,,,,1931,0,20,SEP25,1983,
1028332,"Weijsenfeld, Martin",NED,M,,,,2007,0,40,SEP25,1968,
1004182,"Wemmers, Xander",NED,M,IM,,,2351,0,10,SEP25,1974,i
40121348,"Weren, Noud",NED,M,,,,1516,0,40,SEP25,1959,
1014188,"Werkhoven, Maarten",NED,M,,,,1803,0,20,SEP25,1962,
1007009,"Werksma, Arie",NED,M,,,,2201,0,20,SEP25,1959,i
1213261,"Werle, Iozefina",NED,F,WGM,WGM,,2261,0,20,SEP25,1989,wi
1006088,"Werle, Jan",NED,M,GM,,,2523,0,10,SEP25,1984,i
1080369,"Westerhof, Fleur",NED,F,,,,1838,0,40,SEP25,2009,wi
1013319,"Westerweele, Henrik",NED,M,,,,1970,0,20,SEP25,1980,
1088734,"Westveer, Riny",NED,M,,,,1857,0,20,SEP25,2002,
40110761,"Wiarda, Sjoerd",NED,M,,,,1907,0,40,SEP25,1966,i
40115712,"Wielemaker, Marco",NED,M,,,,1834,0,40,SEP25,1959,
40109526,"Wiendels, Frank",NED,M,,,,1855,0,40,SEP25,1972,i
1058959,"Wierenga, Jael",NED,M,,,,1984,0,40,SEP25,2006,i
1021729,"Wieringa, Helmer",NED,M,,,,1948,0,20,SEP25,1949,i
40102777,"Wiersma, Camiel",NED,M,,,,1959,0,40,SEP25,2006,
1002864,"Wiersma, Eelke",NED,M,IM,,,2296,0,10,SEP25,1973,i
40108619,"Wijnen, Thomas",NED,M,,,,1649,0,40,SEP25,2000,i
1002589,"Wilgenhof, Otto",NED,M,,,,2117,0,20,SEP25,1964,
1010840,"Wille, Erik",NED,M,,,,1879,0,40,SEP25,1964,
40101096,"Wilming, Auke",NED,M,,,,1957,0,20,SEP25,2004,
1085930,"Wink, Luka",NED,M,CM,,,1855,0,40,SEP25,2010,i
1003887,"Winkels, Marcel",NED,M,CM,,,1989,0,20,SEP25,1964,i
40101460,"Winnubst, Paul",NED,M,,,,1586,0,40,SEP25,2008,i
1092375,"Winter, Sven",NED,M,,,,1887,0,40,SEP25,2010,
1005480,"Wismeijer, Jeroen",NED,M,,,,1983,0,20,SEP25,1965,i
1090500,"Witte, Phoebe",NED,F,,,,1610,0,20,SEP25,1999,w
1088009,"Woudt, Ismael",NED,M,,,,1924,0,20,SEP25,1994,
1039016,"Wuijts, Johan",NED,M,,,,2035,0,20,SEP25,1986,
1006347,"Wustefeld, Carl",NED,M,,,,2201,0,20,SEP25,1968,i
1003038,"Ydo, Pim",NED,M,,,,1966,0,20,SEP25,1950,
1037528,"Zagema, Jan Sybren",NED,M,,,,1903,0,20,SEP25,1989,
1073826,"Zecha, Oscar",NED,M,,,,1895,0,40,SEP25,2011,
40101037,"Zhang, Jinchen",NED,F,,,,1554,0,40,SEP25,2014,wi
40102386,"Zhang, Xiheng",NED,M,,,,1940,0,40,SEP25,2014,
1086871,"Zhang, Yourui Eric",NED,M,,,,1495,0,40,SEP25,2012,i
40109739,"Zhou, Yanyang",NED,M,,,,1726,0,40,SEP25,2014,
40107175,"Zouridis, Christian",NED,M,,,,1696,0,40,SEP25,2011,
1012207,"Zuiderweg, Edwin",NED,M,,,,1949,0,20,SEP25,1973,
1024280,"Zuiderweg, Hiddo",NED,M,,,,1891,0,20,SEP25,1969,i
1091743,"Zwamborn, Thom",NED,M,,,,1940,0,40,SEP25,2000,
1041444,"Zwirs, Jasper",NED,M,,,,2101,0,20,SEP25,1997,
1036432,"Zwirs, Nico",NED,M,IM,,,2424,0,10,SEP25,1994,i