[
  {
    "ID Number": "16000935"
  },
  {
    "ID Number": "16000927"
  },
  {
    "ID Number": "16001117"
  },
  {
    "ID Number": "16001079"
  },
  {
    "ID Number": "16000749"
  },
  {
    "ID Number": "16001184"
  },
  {
    "ID Number": "16000048"
  },
  {
    "ID Number": "16000064"
  },
  {
    "ID Number": "16001362"
  },
  {
    "ID Number": "16000544"
  },
  {
    "ID Number": "16000080"
  },
  {
    "ID Number": "16000129"
  },
  {
    "ID Number": "16000420"
  },
  {
    "ID Number": "16000838"
  },
  {
    "ID Number": "16000820"
  },
  {
    "ID Number": "16000382"
  },
  {
    "ID Number": "16001044"
  },
  {
    "ID Number": "16000412"
  },
  {
    "ID Number": "16000307"
  },
  {
    "ID Number": "16000510"
  },
  {
    "ID Number": "16000617"
  },
  {
    "ID Number": "16000170"
  },
  {
    "ID Number": "16000145"
  },
  {
    "ID Number": "16000013"
  },
  {
    "ID Number": "16001354"
  },
  {
    "ID Number": "16000021"
  },
  {
    "ID Number": "16000390"
  },
  {
    "ID Number": "16001494"
  },
  {
    "ID Number": "16001109"
  },
  {
    "ID Number": "16000277"
  },
  {
    "ID Number": "16000030"
  },
  {
    "ID Number": "16000072"
  },
  {
    "ID Number": "16000536"
  },
  {
    "ID Number": "16000200"
  },
  {
    "ID Number": "16000595"
  },
  {
    "ID Number": "16000609"
  },
  {
    "ID Number": "16000285"
  },
  {
    "ID Number": "16000374"
  },
  {
    "ID Number": "16000480"
  },
  {
    "ID Number": "16000323"
  },
  {
    "ID Number": "16000099"
  },
  {
    "ID Number": "16000250"
  },
  {
    "ID Number": "16001869"
  },
  {
    "ID Number": "16000358"
  },
  {
    "ID Number": "16000188"
  },
  {
    "ID Number": "16000765"
  },
  {
    "ID Number": "16001125"
  },
  {
    "ID Number": "16000722"
  },
  {
    "ID Number": "16000676"
  },
  {
    "ID Number": "16001192"
  },
  {
    "ID Number": "16000293"
  }
]