[
  {
    "ID Number": "16000935",
    "Name": "Barajiginywa, Anastase",
    "Fed": "RWA",
    "Sex": "M",
    "Title": "",
    "WTit": "",
    "OTit": "",
    "FOA": "1894",
    "Rating": "AUG25",
    "Gms": "0",
    "K": "40",
    "B-day": "1981",
    "Flag": "i"
  },
  {
    "ID Number": "16000927",
    "Name": "Barakamfitiye, Sulayman",
    "Fed": "RWA",
    "Sex": "M",
    "Title": "",
    "WTit": "",
    "OTit": "",
    "FOA": "1677",
    "Rating": "AUG25",
    "Gms": "0",
    "K": "40",
    "B-day": "1982",
    "Flag": "i"
  },
  {
    "ID Number": "16001117",
    "Name": "Bikorimana, Saveur",
    "Fed": "RWA",
    "Sex": "M",
    "Title": "",
    "WTit": "",
    "OTit": "",
    "FOA": "1807",
    "Rating": "AUG25",
    "Gms": "0",
    "K": "40",
    "B-day": "2001",
    "Flag": "i"
  },
  {
    "ID Number": "16001079",
    "Name": "Cyubahiro, Ben Patrick",
    "Fed": "RWA",
    "Sex": "M",
    "Title": "",
    "WTit": "",
    "OTit": "",
    "FOA": "1767",
    "Rating": "AUG25",
    "Gms": "0",
    "K": "20",
    "B-day": "2004",
    "Flag": "i"
  },
  {
    "ID Number": "16000749",
    "Name": "Eric Maina, Eustache",
    "Fed": "RWA",
    "Sex": "M",
    "Title": "",
    "WTit": "",
    "OTit": "",
    "FOA": "1645",
    "Rating": "AUG25",
    "Gms": "0",
    "K": "40",
    "B-day": "1987",
    "Flag": "i"
  },
  {
    "ID Number": "16001184",
    "Name": "Fotso Fono, Kevin Larry",
    "Fed": "RWA",
    "Sex": "M",
    "Title": "",
    "WTit": "",
    "OTit": "",
    "FOA": "1585",
    "Rating": "AUG25",
    "Gms": "0",
    "K": "40",
    "B-day": "1993",
    "Flag": "i"
  },
  {
    "ID Number": "16000048",
    "Name": "Ganza, Kevin",
    "Fed": "RWA",
    "Sex": "M",
    "Title": "",
    "WTit": "",
    "OTit": "",
    "FOA": "1717",
    "Rating": "AUG25",
    "Gms": "0",
    "K": "20",
    "B-day": "1984",
    "Flag": "i"
  },
  {
    "ID Number": "16000064",
    "Name": "Hakizimana, Jean Baptiste",
    "Fed": "RWA",
    "Sex": "M",
    "Title": "",
    "WTit": "",
    "OTit": "",
    "FOA": "1808",
    "Rating": "AUG25",
    "Gms": "0",
    "K": "40",
    "B-day": "1953",
    "Flag": "i"
  },
  {
    "ID Number": "16001362",
    "Name": "IRADUKUNDA, Abubakr",
    "Fed": "RWA",
    "Sex": "M",
    "Title": "",
    "WTit": "",
    "OTit": "",
    "FOA": "1779",
    "Rating": "AUG25",
    "Gms": "0",
    "K": "40",
    "B-day": "1995",
    "Flag": "i"
  },
  {
    "ID Number": "16000544",
    "Name": "Iradukunda, Ange Clement",
    "Fed": "RWA",
    "Sex": "M",
    "Title": "",
    "WTit": "",
    "OTit": "",
    "FOA": "1702",
    "Rating": "AUG25",
    "Gms": "0",
    "K": "40",
    "B-day": "1993",
    "Flag": "i"
  },
  {
    "ID Number": "16000080",
    "Name": "Kabera, Godfrey",
    "Fed": "RWA",
    "Sex": "M",
    "Title": "CM",
    "WTit": "",
    "OTit": "",
    "FOA": "1941",
    "Rating": "AUG25",
    "Gms": "0",
    "K": "20",
    "B-day": "1984",
    "Flag": "i"
  },
  {
    "ID Number": "16000129",
    "Name": "Kagabo Mugema, Eugene",
    "Fed": "RWA",
    "Sex": "M",
    "Title": "",
    "WTit": "",
    "OTit": "",
    "FOA": "1820",
    "Rating": "AUG25",
    "Gms": "0",
    "K": "20",
    "B-day": "1978",
    "Flag": "i"
  },
  {
    "ID Number": "16000420",
    "Name": "Karemera Mwikarago, Wellars",
    "Fed": "RWA",
    "Sex": "M",
    "Title": "",
    "WTit": "",
    "OTit": "",
    "FOA": "1752",
    "Rating": "AUG25",
    "Gms": "0",
    "K": "40",
    "B-day": "1959",
    "Flag": "i"
  },
  {
    "ID Number": "16000838",
    "Name": "Karenzi Gisa, Kevin",
    "Fed": "RWA",
    "Sex": "M",
    "Title": "",
    "WTit": "",
    "OTit": "",
    "FOA": "1791",
    "Rating": "AUG25",
    "Gms": "0",
    "K": "40",
    "B-day": "1995",
    "Flag": "i"
  },
  {
    "ID Number": "16000820",
    "Name": "Karenzi, Eliphaz Ben",
    "Fed": "RWA",
    "Sex": "M",
    "Title": "",
    "WTit": "",
    "OTit": "",
    "FOA": "1843",
    "Rating": "AUG25",
    "Gms": "0",
    "K": "20",
    "B-day": "1960",
    "Flag": "i"
  },
  {
    "ID Number": "16000382",
    "Name": "Karuhanga, James",
    "Fed": "RWA",
    "Sex": "M",
    "Title": "",
    "WTit": "",
    "OTit": "",
    "FOA": "1674",
    "Rating": "AUG25",
    "Gms": "0",
    "K": "40",
    "B-day": "1976",
    "Flag": "i"
  },
  {
    "ID Number": "16001044",
    "Name": "Kshitij, Goyal",
    "Fed": "RWA",
    "Sex": "M",
    "Title": "",
    "WTit": "",
    "OTit": "",
    "FOA": "AFM",
    "Rating": "AUG25",
    "Gms": "1838",
    "K": "0",
    "B-day": "2005",
    "Flag": "i"
  },
  {
    "ID Number": "16000412",
    "Name": "Mbabazi, Gerard",
    "Fed": "RWA",
    "Sex": "M",
    "Title": "",
    "WTit": "",
    "OTit": "",
    "FOA": "1743",
    "Rating": "AUG25",
    "Gms": "0",
    "K": "40",
    "B-day": "1989",
    "Flag": "i"
  },
  {
    "ID Number": "16000307",
    "Name": "Mugisha Fernand",
    "Fed": "RWA",
    "Sex": "M",
    "Title": "",
    "WTit": "",
    "OTit": "",
    "FOA": "1731",
    "Rating": "AUG25",
    "Gms": "0",
    "K": "40",
    "B-day": "1993",
    "Flag": "i"
  },
  {
    "ID Number": "16000510",
    "Name": "Mugisha, Ivan",
    "Fed": "RWA",
    "Sex": "M",
    "Title": "",
    "WTit": "",
    "OTit": "",
    "FOA": "1729",
    "Rating": "AUG25",
    "Gms": "0",
    "K": "20",
    "B-day": "1985",
    "Flag": "i"
  },
  {
    "ID Number": "16000617",
    "Name": "Munyurangabo, Ronjin",
    "Fed": "RWA",
    "Sex": "M",
    "Title": "",
    "WTit": "",
    "OTit": "",
    "FOA": "1815",
    "Rating": "AUG25",
    "Gms": "0",
    "K": "20",
    "B-day": "2000",
    "Flag": "i"
  },
  {
    "ID Number": "16000170",
    "Name": "Murara Umuhoza, Layola",
    "Fed": "RWA",
    "Sex": "F",
    "Title": "",
    "WTit": "",
    "OTit": "",
    "FOA": "1587",
    "Rating": "AUG25",
    "Gms": "0",
    "K": "40",
    "B-day": "2003",
    "Flag": "wi"
  },
  {
    "ID Number": "16000145",
    "Name": "Murara Urwintwari, Ian",
    "Fed": "RWA",
    "Sex": "M",
    "Title": "",
    "WTit": "",
    "OTit": "",
    "FOA": "1816",
    "Rating": "AUG25",
    "Gms": "0",
    "K": "20",
    "B-day": "2002",
    "Flag": "i"
  },
  {
    "ID Number": "16000013",
    "Name": "Murara, Maxence",
    "Fed": "RWA",
    "Sex": "M",
    "Title": "CM",
    "WTit": "",
    "OTit": "",
    "FOA": "1841",
    "Rating": "AUG25",
    "Gms": "0",
    "K": "20",
    "B-day": "1972",
    "Flag": "i"
  },
  {
    "ID Number": "16001354",
    "Name": "Murenzi, Hassan",
    "Fed": "RWA",
    "Sex": "M",
    "Title": "",
    "WTit": "",
    "OTit": "",
    "FOA": "1740",
    "Rating": "AUG25",
    "Gms": "0",
    "K": "40",
    "B-day": "1996",
    "Flag": "i"
  },
  {
    "ID Number": "16000021",
    "Name": "Mutabazi, Fidele",
    "Fed": "RWA",
    "Sex": "M",
    "Title": "",
    "WTit": "",
    "OTit": "",
    "FOA": "1878",
    "Rating": "AUG25",
    "Gms": "0",
    "K": "20",
    "B-day": "1963",
    "Flag": "i"
  },
  {
    "ID Number": "16000390",
    "Name": "Ndangiza, Asad",
    "Fed": "RWA",
    "Sex": "M",
    "Title": "",
    "WTit": "",
    "OTit": "",
    "FOA": "1800",
    "Rating": "AUG25",
    "Gms": "0",
    "K": "40",
    "B-day": "1985",
    "Flag": "i"
  },
  {
    "ID Number": "16001494",
    "Name": "Nditabiriye Lionel",
    "Fed": "RWA",
    "Sex": "M",
    "Title": "",
    "WTit": "",
    "OTit": "",
    "FOA": "1807",
    "Rating": "AUG25",
    "Gms": "0",
    "K": "40",
    "B-day": "1983",
    "Flag": "i"
  },
  {
    "ID Number": "16001109",
    "Name": "Nduwayesu, Maranatha",
    "Fed": "RWA",
    "Sex": "M",
    "Title": "",
    "WTit": "",
    "OTit": "",
    "FOA": "1922",
    "Rating": "AUG25",
    "Gms": "0",
    "K": "40",
    "B-day": "1999",
    "Flag": "i"
  },
  {
    "ID Number": "16000277",
    "Name": "Ngarambe, Rugema",
    "Fed": "RWA",
    "Sex": "M",
    "Title": "",
    "WTit": "",
    "OTit": "",
    "FOA": "1811",
    "Rating": "AUG25",
    "Gms": "0",
    "K": "40",
    "B-day": "1969",
    "Flag": "i"
  },
  {
    "ID Number": "16000030",
    "Name": "Ngendo, Joseph",
    "Fed": "RWA",
    "Sex": "M",
    "Title": "",
    "WTit": "",
    "OTit": "",
    "FOA": "1883",
    "Rating": "AUG25",
    "Gms": "0",
    "K": "40",
    "B-day": "1953",
    "Flag": "i"
  },
  {
    "ID Number": "16000072",
    "Name": "Niyibizi, Alain Patience",
    "Fed": "RWA",
    "Sex": "M",
    "Title": "",
    "WTit": "",
    "OTit": "",
    "FOA": "1783",
    "Rating": "AUG25",
    "Gms": "0",
    "K": "20",
    "B-day": "1985",
    "Flag": "i"
  },
  {
    "ID Number": "16000536",
    "Name": "Niyongira, Florent",
    "Fed": "RWA",
    "Sex": "M",
    "Title": "",
    "WTit": "",
    "OTit": "",
    "FOA": "1695",
    "Rating": "AUG25",
    "Gms": "0",
    "K": "40",
    "B-day": "1984",
    "Flag": "i"
  },
  {
    "ID Number": "16000200",
    "Name": "Niyonsaba, Aline",
    "Fed": "RWA",
    "Sex": "F",
    "Title": "",
    "WTit": "",
    "OTit": "",
    "FOA": "1499",
    "Rating": "AUG25",
    "Gms": "0",
    "K": "40",
    "B-day": "1993",
    "Flag": "wi"
  },
  {
    "ID Number": "16000595",
    "Name": "Nkuyubwatsi, Eddy Christian",
    "Fed": "RWA",
    "Sex": "M",
    "Title": "",
    "WTit": "NA",
    "OTit": "",
    "FOA": "1479",
    "Rating": "AUG25",
    "Gms": "0",
    "K": "40",
    "B-day": "1978",
    "Flag": "i"
  },
  {
    "ID Number": "16000609",
    "Name": "Nsabimana Ubumwe, Solomon",
    "Fed": "RWA",
    "Sex": "M",
    "Title": "",
    "WTit": "",
    "OTit": "",
    "FOA": "1827",
    "Rating": "AUG25",
    "Gms": "0",
    "K": "40",
    "B-day": "1998",
    "Flag": "i"
  },
  {
    "ID Number": "16000285",
    "Name": "Ntabonsanganywe Gabriel",
    "Fed": "RWA",
    "Sex": "M",
    "Title": "",
    "WTit": "",
    "OTit": "",
    "FOA": "1808",
    "Rating": "AUG25",
    "Gms": "0",
    "K": "40",
    "B-day": "1958",
    "Flag": "i"
  },
  {
    "ID Number": "16000374",
    "Name": "Nyandwi, Anastase",
    "Fed": "RWA",
    "Sex": "M",
    "Title": "",
    "WTit": "",
    "OTit": "",
    "FOA": "1618",
    "Rating": "AUG25",
    "Gms": "0",
    "K": "40",
    "B-day": "1977",
    "Flag": "i"
  },
  {
    "ID Number": "16000480",
    "Name": "Nzabanita, Joseph",
    "Fed": "RWA",
    "Sex": "M",
    "Title": "",
    "WTit": "",
    "OTit": "",
    "FOA": "1863",
    "Rating": "AUG25",
    "Gms": "0",
    "K": "20",
    "B-day": "1977",
    "Flag": "i"
  },
  {
    "ID Number": "16000323",
    "Name": "Rukimbira, Valentin",
    "Fed": "RWA",
    "Sex": "M",
    "Title": "",
    "WTit": "",
    "OTit": "",
    "FOA": "1860",
    "Rating": "AUG25",
    "Gms": "0",
    "K": "20",
    "B-day": "1986",
    "Flag": "i"
  },
  {
    "ID Number": "16000099",
    "Name": "Rutaremara, Theotime",
    "Fed": "RWA",
    "Sex": "M",
    "Title": "",
    "WTit": "",
    "OTit": "",
    "FOA": "1822",
    "Rating": "AUG25",
    "Gms": "0",
    "K": "20",
    "B-day": "1977",
    "Flag": "i"
  },
  {
    "ID Number": "16000250",
    "Name": "Ruzigura, Alexis",
    "Fed": "RWA",
    "Sex": "M",
    "Title": "CM",
    "WTit": "",
    "OTit": "",
    "FOA": "1859",
    "Rating": "AUG25",
    "Gms": "0",
    "K": "20",
    "B-day": "1974",
    "Flag": "i"
  },
  {
    "ID Number": "16001869",
    "Name": "SANYA DERRICK MBABAZI",
    "Fed": "RWA",
    "Sex": "M",
    "Title": "",
    "WTit": "",
    "OTit": "",
    "FOA": "1767",
    "Rating": "AUG25",
    "Gms": "0",
    "K": "20",
    "B-day": "1999",
    "Flag": ""
  },
  {
    "ID Number": "16000358",
    "Name": "Sheja, Poli Sabin",
    "Fed": "RWA",
    "Sex": "M",
    "Title": "",
    "WTit": "",
    "OTit": "",
    "FOA": "1842",
    "Rating": "AUG25",
    "Gms": "0",
    "K": "40",
    "B-day": "1995",
    "Flag": "i"
  },
  {
    "ID Number": "16000188",
    "Name": "Shimwa, Marie Faustine",
    "Fed": "RWA",
    "Sex": "F",
    "Title": "",
    "WTit": "",
    "OTit": "",
    "FOA": "1638",
    "Rating": "AUG25",
    "Gms": "0",
    "K": "40",
    "B-day": "1994",
    "Flag": "wi"
  },
  {
    "ID Number": "16000765",
    "Name": "Tuyizere, Elyse",
    "Fed": "RWA",
    "Sex": "M",
    "Title": "",
    "WTit": "",
    "OTit": "",
    "FOA": "1771",
    "Rating": "AUG25",
    "Gms": "0",
    "K": "40",
    "B-day": "1993",
    "Flag": "i"
  },
  {
    "ID Number": "16001125",
    "Name": "Twizeyimana, Methode",
    "Fed": "RWA",
    "Sex": "M",
    "Title": "",
    "WTit": "",
    "OTit": "",
    "FOA": "1656",
    "Rating": "AUG25",
    "Gms": "0",
    "K": "40",
    "B-day": "2001",
    "Flag": "i"
  },
  {
    "ID Number": "16000722",
    "Name": "Uwamahoro, Christelle",
    "Fed": "RWA",
    "Sex": "F",
    "Title": "WCM",
    "WTit": "WCM",
    "OTit": "",
    "FOA": "1525",
    "Rating": "AUG25",
    "Gms": "0",
    "K": "40",
    "B-day": "2004",
    "Flag": "wi"
  },
  {
    "ID Number": "16000676",
    "Name": "Uwase, Joselyne",
    "Fed": "RWA",
    "Sex": "F",
    "Title": "WFM",
    "WTit": "WFM",
    "OTit": "",
    "FOA": "1732",
    "Rating": "AUG25",
    "Gms": "0",
    "K": "40",
    "B-day": "2002",
    "Flag": "wi"
  },
  {
    "ID Number": "16001192",
    "Name": "Uwimana, Didier",
    "Fed": "RWA",
    "Sex": "M",
    "Title": "",
    "WTit": "",
    "OTit": "",
    "FOA": "1593",
    "Rating": "AUG25",
    "Gms": "0",
    "K": "40",
    "B-day": "2007",
    "Flag": "i"
  },
  {
    "ID Number": "16000293",
    "Name": "Zimurinda, Ben Tom",
    "Fed": "RWA",
    "Sex": "M",
    "Title": "",
    "WTit": "NA",
    "OTit": "",
    "FOA": "1834",
    "Rating": "AUG25",
    "Gms": "0",
    "K": "20",
    "B-day": "1980",
    "Flag": "i"
  }
]