[
  {
    "ID Number": "14305046"
  },
  {
    "ID Number": "534008888"
  },
  {
    "ID Number": "14396122"
  },
  {
    "ID Number": "14358859"
  },
  {
    "ID Number": "14346648"
  },
  {
    "ID Number": "14357836"
  },
  {
    "ID Number": "14346532"
  },
  {
    "ID Number": "14303132"
  },
  {
    "ID Number": "14309580"
  },
  {
    "ID Number": "14320657"
  },
  {
    "ID Number": "14320231"
  },
  {
    "ID Number": "14354489"
  },
  {
    "ID Number": "534008640"
  },
  {
    "ID Number": "14324008"
  },
  {
    "ID Number": "14329522"
  },
  {
    "ID Number": "534028099"
  },
  {
    "ID Number": "14376679"
  },
  {
    "ID Number": "14323486"
  },
  {
    "ID Number": "14323303"
  },
  {
    "ID Number": "14358867"
  },
  {
    "ID Number": "14323664"
  },
  {
    "ID Number": "14316455"
  },
  {
    "ID Number": "14373718"
  },
  {
    "ID Number": "14358492"
  },
  {
    "ID Number": "14306468"
  },
  {
    "ID Number": "14304600"
  },
  {
    "ID Number": "14301440"
  },
  {
    "ID Number": "14321661"
  },
  {
    "ID Number": "14358883"
  },
  {
    "ID Number": "14350890"
  },
  {
    "ID Number": "14353059"
  },
  {
    "ID Number": "14356929"
  },
  {
    "ID Number": "2071010"
  },
  {
    "ID Number": "534028102"
  },
  {
    "ID Number": "534028110"
  },
  {
    "ID Number": "14312905"
  },
  {
    "ID Number": "14385511"
  },
  {
    "ID Number": "14318032"
  },
  {
    "ID Number": "14344840"
  },
  {
    "ID Number": "14348071"
  },
  {
    "ID Number": "14306484"
  },
  {
    "ID Number": "14300770"
  },
  {
    "ID Number": "14323672"
  },
  {
    "ID Number": "14361574"
  },
  {
    "ID Number": "534000739"
  },
  {
    "ID Number": "14358310"
  },
  {
    "ID Number": "14332140"
  },
  {
    "ID Number": "14329085"
  },
  {
    "ID Number": "14389509"
  },
  {
    "ID Number": "14324776"
  },
  {
    "ID Number": "14300370"
  },
  {
    "ID Number": "14356333"
  },
  {
    "ID Number": "14382148"
  },
  {
    "ID Number": "14376792"
  },
  {
    "ID Number": "14351137"
  },
  {
    "ID Number": "14356228"
  },
  {
    "ID Number": "14300818"
  },
  {
    "ID Number": "14300052"
  },
  {
    "ID Number": "14317117"
  },
  {
    "ID Number": "14343860"
  },
  {
    "ID Number": "14302934"
  },
  {
    "ID Number": "14351323"
  },
  {
    "ID Number": "14352265"
  },
  {
    "ID Number": "534000615"
  },
  {
    "ID Number": "534005471"
  },
  {
    "ID Number": "14361078"
  },
  {
    "ID Number": "14339161"
  },
  {
    "ID Number": "14320738"
  },
  {
    "ID Number": "14343509"
  },
  {
    "ID Number": "14318962"
  },
  {
    "ID Number": "14361752"
  },
  {
    "ID Number": "14327279"
  },
  {
    "ID Number": "14339528"
  },
  {
    "ID Number": "14303248"
  },
  {
    "ID Number": "14305259"
  },
  {
    "ID Number": "14382156"
  },
  {
    "ID Number": "14352273"
  },
  {
    "ID Number": "14335697"
  },
  {
    "ID Number": "14300249"
  },
  {
    "ID Number": "14320746"
  },
  {
    "ID Number": "14332647"
  },
  {
    "ID Number": "14375818"
  },
  {
    "ID Number": "14364840"
  },
  {
    "ID Number": "14377241"
  },
  {
    "ID Number": "14303558"
  },
  {
    "ID Number": "534023500"
  },
  {
    "ID Number": "14356457"
  },
  {
    "ID Number": "14350610"
  },
  {
    "ID Number": "14314126"
  },
  {
    "ID Number": "14346842"
  },
  {
    "ID Number": "14346850"
  },
  {
    "ID Number": "14351331"
  },
  {
    "ID Number": "14305291"
  },
  {
    "ID Number": "14357186"
  },
  {
    "ID Number": "14382440"
  },
  {
    "ID Number": "534011757"
  },
  {
    "ID Number": "14334453"
  },
  {
    "ID Number": "14317532"
  },
  {
    "ID Number": "14332795"
  },
  {
    "ID Number": "14327074"
  },
  {
    "ID Number": "14360942"
  },
  {
    "ID Number": "14383217"
  },
  {
    "ID Number": "14333180"
  },
  {
    "ID Number": "14304570"
  },
  {
    "ID Number": "14364450"
  },
  {
    "ID Number": "14340496"
  },
  {
    "ID Number": "14309742"
  },
  {
    "ID Number": "14357194"
  },
  {
    "ID Number": "14359537"
  },
  {
    "ID Number": "534001158"
  },
  {
    "ID Number": "14325187"
  },
  {
    "ID Number": "14355183"
  },
  {
    "ID Number": "14353580"
  },
  {
    "ID Number": "14352303"
  },
  {
    "ID Number": "14303574"
  },
  {
    "ID Number": "14303582"
  },
  {
    "ID Number": "14305364"
  },
  {
    "ID Number": "534001174"
  },
  {
    "ID Number": "14307472"
  },
  {
    "ID Number": "14385066"
  },
  {
    "ID Number": "14303604"
  },
  {
    "ID Number": "14317982"
  },
  {
    "ID Number": "14378434"
  },
  {
    "ID Number": "14317320"
  },
  {
    "ID Number": "14364867"
  },
  {
    "ID Number": "14330733"
  },
  {
    "ID Number": "14363097"
  },
  {
    "ID Number": "14300028"
  },
  {
    "ID Number": "14360535"
  },
  {
    "ID Number": "14325993"
  },
  {
    "ID Number": "410802"
  },
  {
    "ID Number": "14324636"
  },
  {
    "ID Number": "14359561"
  },
  {
    "ID Number": "14341670"
  },
  {
    "ID Number": "14341662"
  },
  {
    "ID Number": "14351960"
  },
  {
    "ID Number": "14372002"
  },
  {
    "ID Number": "14327023"
  },
  {
    "ID Number": "534013180"
  },
  {
    "ID Number": "14330512"
  },
  {
    "ID Number": "14338017"
  },
  {
    "ID Number": "14346885"
  },
  {
    "ID Number": "14373742"
  },
  {
    "ID Number": "14318610"
  },
  {
    "ID Number": "14311127"
  },
  {
    "ID Number": "14306263"
  },
  {
    "ID Number": "14323168"
  },
  {
    "ID Number": "14377594"
  },
  {
    "ID Number": "534009264"
  },
  {
    "ID Number": "14347776"
  },
  {
    "ID Number": "123105276"
  },
  {
    "ID Number": "14303400"
  },
  {
    "ID Number": "14365707"
  },
  {
    "ID Number": "14307510"
  },
  {
    "ID Number": "14333260"
  },
  {
    "ID Number": "14316544"
  },
  {
    "ID Number": "14316552"
  },
  {
    "ID Number": "14317419"
  },
  {
    "ID Number": "14332825"
  },
  {
    "ID Number": "14388723"
  },
  {
    "ID Number": "14306859"
  },
  {
    "ID Number": "14302349"
  },
  {
    "ID Number": "14300990"
  },
  {
    "ID Number": "14301407"
  },
  {
    "ID Number": "14316560"
  },
  {
    "ID Number": "14307545"
  },
  {
    "ID Number": "14318512"
  },
  {
    "ID Number": "14312336"
  },
  {
    "ID Number": "14339544"
  },
  {
    "ID Number": "14312930"
  },
  {
    "ID Number": "14322447"
  },
  {
    "ID Number": "14341310"
  },
  {
    "ID Number": "14313243"
  },
  {
    "ID Number": "14346907"
  },
  {
    "ID Number": "14324865"
  },
  {
    "ID Number": "14326108"
  },
  {
    "ID Number": "14306450"
  },
  {
    "ID Number": "14337762"
  },
  {
    "ID Number": "14322943"
  },
  {
    "ID Number": "14331608"
  },
  {
    "ID Number": "14338211"
  },
  {
    "ID Number": "534000798"
  },
  {
    "ID Number": "534011560"
  },
  {
    "ID Number": "14322773"
  },
  {
    "ID Number": "14305437"
  },
  {
    "ID Number": "14368773"
  },
  {
    "ID Number": "14370336"
  },
  {
    "ID Number": "534011943"
  },
  {
    "ID Number": "123110202"
  },
  {
    "ID Number": "14350807"
  },
  {
    "ID Number": "14374595"
  },
  {
    "ID Number": "14365766"
  },
  {
    "ID Number": "14300010"
  },
  {
    "ID Number": "14309513"
  },
  {
    "ID Number": "14373220"
  },
  {
    "ID Number": "14317737"
  },
  {
    "ID Number": "14311887"
  },
  {
    "ID Number": "14362457"
  },
  {
    "ID Number": "14311496"
  },
  {
    "ID Number": "14356376"
  },
  {
    "ID Number": "14355302"
  },
  {
    "ID Number": "14307650"
  },
  {
    "ID Number": "14318814"
  },
  {
    "ID Number": "14373181"
  },
  {
    "ID Number": "14357380"
  },
  {
    "ID Number": "14363160"
  },
  {
    "ID Number": "14372266"
  },
  {
    "ID Number": "14371634"
  },
  {
    "ID Number": "534018662"
  },
  {
    "ID Number": "14394537"
  },
  {
    "ID Number": "14348411"
  },
  {
    "ID Number": "14302977"
  },
  {
    "ID Number": "14318520"
  },
  {
    "ID Number": "14345900"
  },
  {
    "ID Number": "14369753"
  },
  {
    "ID Number": "14369761"
  },
  {
    "ID Number": "14311500"
  },
  {
    "ID Number": "14324210"
  },
  {
    "ID Number": "14368501"
  },
  {
    "ID Number": "14342774"
  },
  {
    "ID Number": "14322960"
  },
  {
    "ID Number": "14357453"
  },
  {
    "ID Number": "14301938"
  },
  {
    "ID Number": "14344076"
  },
  {
    "ID Number": "14352338"
  },
  {
    "ID Number": "14330539"
  },
  {
    "ID Number": "534008799"
  },
  {
    "ID Number": "14328577"
  },
  {
    "ID Number": "14373904"
  },
  {
    "ID Number": "14305470"
  },
  {
    "ID Number": "14375419"
  },
  {
    "ID Number": "14319136"
  },
  {
    "ID Number": "14352346"
  },
  {
    "ID Number": "14336200"
  },
  {
    "ID Number": "14333279"
  },
  {
    "ID Number": "14340852"
  },
  {
    "ID Number": "14307715"
  },
  {
    "ID Number": "14310031"
  },
  {
    "ID Number": "14333287"
  },
  {
    "ID Number": "14303175"
  },
  {
    "ID Number": "14352362"
  },
  {
    "ID Number": "14301628"
  },
  {
    "ID Number": "14338033"
  },
  {
    "ID Number": "14307740"
  },
  {
    "ID Number": "14339781"
  },
  {
    "ID Number": "14339587"
  },
  {
    "ID Number": "14337827"
  },
  {
    "ID Number": "14379325"
  },
  {
    "ID Number": "14321440"
  },
  {
    "ID Number": "14352370"
  },
  {
    "ID Number": "14310813"
  },
  {
    "ID Number": "14313260"
  },
  {
    "ID Number": "14346036"
  },
  {
    "ID Number": "14346044"
  },
  {
    "ID Number": "14300788"
  },
  {
    "ID Number": "14310066"
  },
  {
    "ID Number": "14324490"
  },
  {
    "ID Number": "14377276"
  },
  {
    "ID Number": "14360977"
  },
  {
    "ID Number": "14338270"
  },
  {
    "ID Number": "14381605"
  },
  {
    "ID Number": "534024301"
  },
  {
    "ID Number": "14307790"
  },
  {
    "ID Number": "14322790"
  },
  {
    "ID Number": "14303795"
  },
  {
    "ID Number": "14359006"
  },
  {
    "ID Number": "14319470"
  },
  {
    "ID Number": "14370565"
  },
  {
    "ID Number": "14300133"
  },
  {
    "ID Number": "14301725"
  },
  {
    "ID Number": "14321556"
  },
  {
    "ID Number": "14313332"
  },
  {
    "ID Number": "14322463"
  },
  {
    "ID Number": "14300141"
  },
  {
    "ID Number": "14307820"
  },
  {
    "ID Number": "14377683"
  },
  {
    "ID Number": "14386801"
  },
  {
    "ID Number": "14370182"
  },
  {
    "ID Number": "14340577"
  },
  {
    "ID Number": "14300206"
  },
  {
    "ID Number": "14359685"
  },
  {
    "ID Number": "534011960"
  },
  {
    "ID Number": "14351633"
  },
  {
    "ID Number": "14371162"
  },
  {
    "ID Number": "14364123"
  },
  {
    "ID Number": "14322471"
  },
  {
    "ID Number": "14328828"
  },
  {
    "ID Number": "14389010"
  },
  {
    "ID Number": "14332868"
  },
  {
    "ID Number": "14314070"
  },
  {
    "ID Number": "14324237"
  },
  {
    "ID Number": "14341280"
  },
  {
    "ID Number": "14330040"
  },
  {
    "ID Number": "534008802"
  },
  {
    "ID Number": "14318466"
  },
  {
    "ID Number": "14307928"
  },
  {
    "ID Number": "14326906"
  },
  {
    "ID Number": "14303841"
  },
  {
    "ID Number": "14303850"
  },
  {
    "ID Number": "14332620"
  },
  {
    "ID Number": "14332639"
  },
  {
    "ID Number": "14327252"
  },
  {
    "ID Number": "14337851"
  },
  {
    "ID Number": "14305674"
  },
  {
    "ID Number": "14361604"
  },
  {
    "ID Number": "14328305"
  },
  {
    "ID Number": "14361787"
  },
  {
    "ID Number": "14337860"
  },
  {
    "ID Number": "14381176"
  },
  {
    "ID Number": "14325810"
  },
  {
    "ID Number": "14307944"
  },
  {
    "ID Number": "14332582"
  },
  {
    "ID Number": "14320509"
  },
  {
    "ID Number": "534028196"
  },
  {
    "ID Number": "14380935"
  },
  {
    "ID Number": "14303868"
  },
  {
    "ID Number": "14305704"
  },
  {
    "ID Number": "534005234"
  },
  {
    "ID Number": "14320754"
  },
  {
    "ID Number": "14310120"
  },
  {
    "ID Number": "14354438"
  },
  {
    "ID Number": "14300702"
  },
  {
    "ID Number": "14339560"
  },
  {
    "ID Number": "14324610"
  },
  {
    "ID Number": "14353067"
  },
  {
    "ID Number": "14396211"
  },
  {
    "ID Number": "72300540"
  },
  {
    "ID Number": "14308010"
  },
  {
    "ID Number": "14398435"
  },
  {
    "ID Number": "14308029"
  },
  {
    "ID Number": "14323265"
  },
  {
    "ID Number": "14325829"
  },
  {
    "ID Number": "14376148"
  },
  {
    "ID Number": "14350696"
  },
  {
    "ID Number": "14334623"
  },
  {
    "ID Number": "14303876"
  },
  {
    "ID Number": "14323508"
  },
  {
    "ID Number": "14332051"
  },
  {
    "ID Number": "534005501"
  },
  {
    "ID Number": "14372487"
  },
  {
    "ID Number": "14343665"
  },
  {
    "ID Number": "14339315"
  },
  {
    "ID Number": "14368218"
  },
  {
    "ID Number": "14311283"
  },
  {
    "ID Number": "14396220"
  },
  {
    "ID Number": "14339340"
  },
  {
    "ID Number": "14352249"
  },
  {
    "ID Number": "14356473"
  },
  {
    "ID Number": "14303892"
  },
  {
    "ID Number": "14338661"
  },
  {
    "ID Number": "14329395"
  },
  {
    "ID Number": "14392240"
  },
  {
    "ID Number": "14371642"
  },
  {
    "ID Number": "14316331"
  },
  {
    "ID Number": "14308134"
  },
  {
    "ID Number": "14328399"
  },
  {
    "ID Number": "14336332"
  },
  {
    "ID Number": "14376776"
  },
  {
    "ID Number": "14360985"
  },
  {
    "ID Number": "14319845"
  },
  {
    "ID Number": "14393514"
  },
  {
    "ID Number": "14334798"
  },
  {
    "ID Number": "14308150"
  },
  {
    "ID Number": "14320959"
  },
  {
    "ID Number": "14343100"
  },
  {
    "ID Number": "14340607"
  },
  {
    "ID Number": "14313278"
  },
  {
    "ID Number": "14360373"
  },
  {
    "ID Number": "14309440"
  },
  {
    "ID Number": "14313286"
  },
  {
    "ID Number": "14360381"
  },
  {
    "ID Number": "14305712"
  },
  {
    "ID Number": "14387719"
  },
  {
    "ID Number": "14353172"
  },
  {
    "ID Number": "14311569"
  },
  {
    "ID Number": "14334224"
  },
  {
    "ID Number": "14378752"
  },
  {
    "ID Number": "14357461"
  },
  {
    "ID Number": "14397528"
  },
  {
    "ID Number": "14388510"
  },
  {
    "ID Number": "14343711"
  },
  {
    "ID Number": "14372703"
  },
  {
    "ID Number": "14375869"
  },
  {
    "ID Number": "14341000"
  },
  {
    "ID Number": "14305755"
  },
  {
    "ID Number": "14368145"
  },
  {
    "ID Number": "14372495"
  },
  {
    "ID Number": "14362880"
  },
  {
    "ID Number": "14321114"
  },
  {
    "ID Number": "534009612"
  },
  {
    "ID Number": "14328771"
  },
  {
    "ID Number": "14353180"
  },
  {
    "ID Number": "14341093"
  },
  {
    "ID Number": "14322609"
  },
  {
    "ID Number": "14348489"
  },
  {
    "ID Number": "14357402"
  },
  {
    "ID Number": "14368927"
  },
  {
    "ID Number": "14308258"
  },
  {
    "ID Number": "14394812"
  },
  {
    "ID Number": "14368099"
  },
  {
    "ID Number": "14361833"
  },
  {
    "ID Number": "534005510"
  },
  {
    "ID Number": "534010947"
  },
  {
    "ID Number": "14321041"
  },
  {
    "ID Number": "14364239"
  },
  {
    "ID Number": "14320789"
  },
  {
    "ID Number": "534011617"
  },
  {
    "ID Number": "14328593"
  },
  {
    "ID Number": "14330067"
  },
  {
    "ID Number": "14325250"
  },
  {
    "ID Number": "14357470"
  },
  {
    "ID Number": "14342316"
  },
  {
    "ID Number": "534028226"
  },
  {
    "ID Number": "14347083"
  },
  {
    "ID Number": "14348667"
  },
  {
    "ID Number": "14319225"
  },
  {
    "ID Number": "14303108"
  },
  {
    "ID Number": "14332566"
  },
  {
    "ID Number": "534005781"
  },
  {
    "ID Number": "14308274"
  },
  {
    "ID Number": "14326477"
  },
  {
    "ID Number": "14359065"
  },
  {
    "ID Number": "14332906"
  },
  {
    "ID Number": "14310244"
  },
  {
    "ID Number": "14320797"
  },
  {
    "ID Number": "14374684"
  },
  {
    "ID Number": "14327040"
  },
  {
    "ID Number": "14359081"
  },
  {
    "ID Number": "14310260"
  },
  {
    "ID Number": "14318687"
  },
  {
    "ID Number": "14320363"
  },
  {
    "ID Number": "534023720"
  },
  {
    "ID Number": "14341824"
  },
  {
    "ID Number": "14329654"
  },
  {
    "ID Number": "14357119"
  },
  {
    "ID Number": "14339129"
  },
  {
    "ID Number": "14365952"
  },
  {
    "ID Number": "14359324"
  },
  {
    "ID Number": "14374021"
  },
  {
    "ID Number": "14322633"
  },
  {
    "ID Number": "14340348"
  },
  {
    "ID Number": "14346559"
  },
  {
    "ID Number": "14371650"
  },
  {
    "ID Number": "14318539"
  },
  {
    "ID Number": "14355086"
  },
  {
    "ID Number": "14324350"
  },
  {
    "ID Number": "14320908"
  },
  {
    "ID Number": "14343371"
  },
  {
    "ID Number": "14339447"
  },
  {
    "ID Number": "14322226"
  },
  {
    "ID Number": "14398460"
  },
  {
    "ID Number": "14316692"
  },
  {
    "ID Number": "14310880"
  },
  {
    "ID Number": "14331713"
  },
  {
    "ID Number": "14325632"
  },
  {
    "ID Number": "14331926"
  },
  {
    "ID Number": "534000453"
  },
  {
    "ID Number": "14336669"
  },
  {
    "ID Number": "14303990"
  },
  {
    "ID Number": "14322765"
  },
  {
    "ID Number": "14372312"
  },
  {
    "ID Number": "14330075"
  },
  {
    "ID Number": "14352117"
  },
  {
    "ID Number": "14333198"
  },
  {
    "ID Number": "14355710"
  },
  {
    "ID Number": "14308380"
  },
  {
    "ID Number": "14308398"
  },
  {
    "ID Number": "14326523"
  },
  {
    "ID Number": "534027343"
  },
  {
    "ID Number": "14310317"
  },
  {
    "ID Number": "14357879"
  },
  {
    "ID Number": "14340887"
  },
  {
    "ID Number": "14311593"
  },
  {
    "ID Number": "14359901"
  },
  {
    "ID Number": "14367980"
  },
  {
    "ID Number": "14372096"
  },
  {
    "ID Number": "14316714"
  },
  {
    "ID Number": "14316722"
  },
  {
    "ID Number": "14319055"
  },
  {
    "ID Number": "14366550"
  },
  {
    "ID Number": "14349973"
  },
  {
    "ID Number": "14301610"
  },
  {
    "ID Number": "14386712"
  },
  {
    "ID Number": "14328615"
  },
  {
    "ID Number": "534028234"
  },
  {
    "ID Number": "14334607"
  },
  {
    "ID Number": "14331322"
  },
  {
    "ID Number": "14333295"
  },
  {
    "ID Number": "14386224"
  },
  {
    "ID Number": "14304040"
  },
  {
    "ID Number": "14375893"
  },
  {
    "ID Number": "14375907"
  },
  {
    "ID Number": "14388561"
  },
  {
    "ID Number": "534024379"
  },
  {
    "ID Number": "14316404"
  },
  {
    "ID Number": "534028242"
  },
  {
    "ID Number": "14308428"
  },
  {
    "ID Number": "534027360"
  },
  {
    "ID Number": "14308452"
  },
  {
    "ID Number": "14399482"
  },
  {
    "ID Number": "14332337"
  },
  {
    "ID Number": "14335875"
  },
  {
    "ID Number": "14310341"
  },
  {
    "ID Number": "534006311"
  },
  {
    "ID Number": "14321890"
  },
  {
    "ID Number": "14311054"
  },
  {
    "ID Number": "14308460"
  },
  {
    "ID Number": "14351820"
  },
  {
    "ID Number": "14340682"
  },
  {
    "ID Number": "11003944"
  },
  {
    "ID Number": "14373785"
  },
  {
    "ID Number": "14376962"
  },
  {
    "ID Number": "534023445"
  },
  {
    "ID Number": "14367866"
  },
  {
    "ID Number": "14341077"
  },
  {
    "ID Number": "14339617"
  },
  {
    "ID Number": "534001670"
  },
  {
    "ID Number": "72300329"
  },
  {
    "ID Number": "534001697"
  },
  {
    "ID Number": "14353091"
  },
  {
    "ID Number": "534023801"
  },
  {
    "ID Number": "534005790"
  },
  {
    "ID Number": "14364158"
  },
  {
    "ID Number": "14328640"
  },
  {
    "ID Number": "14332035"
  },
  {
    "ID Number": "14321262"
  },
  {
    "ID Number": "14367831"
  },
  {
    "ID Number": "14363313"
  },
  {
    "ID Number": "14338688"
  },
  {
    "ID Number": "14300400"
  },
  {
    "ID Number": "534000062"
  },
  {
    "ID Number": "14306760"
  },
  {
    "ID Number": "14312603"
  },
  {
    "ID Number": "14319314"
  },
  {
    "ID Number": "534010980"
  },
  {
    "ID Number": "534023810"
  },
  {
    "ID Number": "14332370"
  },
  {
    "ID Number": "14380099"
  },
  {
    "ID Number": "14356600"
  },
  {
    "ID Number": "14348640"
  },
  {
    "ID Number": "14334194"
  },
  {
    "ID Number": "14383446"
  },
  {
    "ID Number": "14341832"
  },
  {
    "ID Number": "14366614"
  },
  {
    "ID Number": "14346168"
  },
  {
    "ID Number": "14314916"
  },
  {
    "ID Number": "14372150"
  },
  {
    "ID Number": "14323354"
  },
  {
    "ID Number": "14330156"
  },
  {
    "ID Number": "14385490"
  },
  {
    "ID Number": "14355841"
  },
  {
    "ID Number": "14386844"
  },
  {
    "ID Number": "14353458"
  },
  {
    "ID Number": "14305860"
  },
  {
    "ID Number": "14346176"
  },
  {
    "ID Number": "14353032"
  },
  {
    "ID Number": "14333201"
  },
  {
    "ID Number": "14381869"
  },
  {
    "ID Number": "14320819"
  },
  {
    "ID Number": "534017607"
  },
  {
    "ID Number": "14302250"
  },
  {
    "ID Number": "14306506"
  },
  {
    "ID Number": "14310414"
  },
  {
    "ID Number": "14301067"
  },
  {
    "ID Number": "14330458"
  },
  {
    "ID Number": "14320428"
  },
  {
    "ID Number": "14320479"
  },
  {
    "ID Number": "14302411"
  },
  {
    "ID Number": "14318490"
  },
  {
    "ID Number": "14316765"
  },
  {
    "ID Number": "14360012"
  },
  {
    "ID Number": "14316781"
  },
  {
    "ID Number": "14301075"
  },
  {
    "ID Number": "14300460"
  },
  {
    "ID Number": "14339641"
  },
  {
    "ID Number": "14322145"
  },
  {
    "ID Number": "14338718"
  },
  {
    "ID Number": "14371944"
  },
  {
    "ID Number": "14338858"
  },
  {
    "ID Number": "14343380"
  },
  {
    "ID Number": "14360462"
  },
  {
    "ID Number": "14352729"
  },
  {
    "ID Number": "14304155"
  },
  {
    "ID Number": "14304163"
  },
  {
    "ID Number": "14335018"
  },
  {
    "ID Number": "14323648"
  },
  {
    "ID Number": "14323656"
  },
  {
    "ID Number": "14357887"
  },
  {
    "ID Number": "14334674"
  },
  {
    "ID Number": "14329506"
  },
  {
    "ID Number": "14377632"
  },
  {
    "ID Number": "14367734"
  },
  {
    "ID Number": "14360470"
  },
  {
    "ID Number": "14341930"
  },
  {
    "ID Number": "14344084"
  },
  {
    "ID Number": "14375923"
  },
  {
    "ID Number": "14338432"
  },
  {
    "ID Number": "14359146"
  },
  {
    "ID Number": "14301644"
  },
  {
    "ID Number": "14373807"
  },
  {
    "ID Number": "14329867"
  },
  {
    "ID Number": "14350645"
  },
  {
    "ID Number": "14352419"
  },
  {
    "ID Number": "14357127"
  },
  {
    "ID Number": "14318563"
  },
  {
    "ID Number": "14323192"
  },
  {
    "ID Number": "534000941"
  },
  {
    "ID Number": "14304201"
  },
  {
    "ID Number": "14328658"
  },
  {
    "ID Number": "14354586"
  },
  {
    "ID Number": "14323737"
  },
  {
    "ID Number": "14308592"
  },
  {
    "ID Number": "534018670"
  },
  {
    "ID Number": "14341018"
  },
  {
    "ID Number": "14373130"
  },
  {
    "ID Number": "534024115"
  },
  {
    "ID Number": "14330504"
  },
  {
    "ID Number": "14321947"
  },
  {
    "ID Number": "14332604"
  },
  {
    "ID Number": "534000500"
  },
  {
    "ID Number": "14366134"
  },
  {
    "ID Number": "14333392"
  },
  {
    "ID Number": "14351587"
  },
  {
    "ID Number": "534029222"
  },
  {
    "ID Number": "14376504"
  },
  {
    "ID Number": "14373203"
  },
  {
    "ID Number": "14342898"
  },
  {
    "ID Number": "14333910"
  },
  {
    "ID Number": "14325284"
  },
  {
    "ID Number": "14316854"
  },
  {
    "ID Number": "14339358"
  },
  {
    "ID Number": "14312662"
  },
  {
    "ID Number": "14305968"
  },
  {
    "ID Number": "14386879"
  },
  {
    "ID Number": "14300184"
  },
  {
    "ID Number": "14383063"
  },
  {
    "ID Number": "14349809"
  },
  {
    "ID Number": "14346575"
  },
  {
    "ID Number": "14315807"
  },
  {
    "ID Number": "14340739"
  },
  {
    "ID Number": "14321068"
  },
  {
    "ID Number": "123110310"
  },
  {
    "ID Number": "14372533"
  },
  {
    "ID Number": "14353202"
  },
  {
    "ID Number": "14339676"
  },
  {
    "ID Number": "14398478"
  },
  {
    "ID Number": "14321211"
  },
  {
    "ID Number": "14341867"
  },
  {
    "ID Number": "14309548"
  },
  {
    "ID Number": "14306000"
  },
  {
    "ID Number": "14310570"
  },
  {
    "ID Number": "14323206"
  },
  {
    "ID Number": "14351048"
  },
  {
    "ID Number": "534008810"
  },
  {
    "ID Number": "14354624"
  },
  {
    "ID Number": "14349183"
  },
  {
    "ID Number": "534023488"
  },
  {
    "ID Number": "14356988"
  },
  {
    "ID Number": "14345803"
  },
  {
    "ID Number": "14377055"
  },
  {
    "ID Number": "14331853"
  },
  {
    "ID Number": "14339056"
  },
  {
    "ID Number": "14306514"
  },
  {
    "ID Number": "14354039"
  },
  {
    "ID Number": "14341360"
  },
  {
    "ID Number": "14338750"
  },
  {
    "ID Number": "14301237"
  },
  {
    "ID Number": "14359405"
  },
  {
    "ID Number": "14342863"
  },
  {
    "ID Number": "14343266"
  },
  {
    "ID Number": "14318784"
  },
  {
    "ID Number": "14336987"
  },
  {
    "ID Number": "14333139"
  },
  {
    "ID Number": "14367637"
  },
  {
    "ID Number": "534007253"
  },
  {
    "ID Number": "14347571"
  },
  {
    "ID Number": "14330636"
  },
  {
    "ID Number": "14311321"
  },
  {
    "ID Number": "534016155"
  },
  {
    "ID Number": "14338882"
  },
  {
    "ID Number": "14351170"
  },
  {
    "ID Number": "14372126"
  },
  {
    "ID Number": "14302438"
  },
  {
    "ID Number": "14327554"
  },
  {
    "ID Number": "14317141"
  },
  {
    "ID Number": "14307197"
  },
  {
    "ID Number": "14304260"
  },
  {
    "ID Number": "14341034"
  },
  {
    "ID Number": "14323818"
  },
  {
    "ID Number": "14319586"
  },
  {
    "ID Number": "14330849"
  },
  {
    "ID Number": "14325012"
  },
  {
    "ID Number": "14310953"
  },
  {
    "ID Number": "14355833"
  },
  {
    "ID Number": "14360179"
  },
  {
    "ID Number": "14300192"
  },
  {
    "ID Number": "14300478"
  },
  {
    "ID Number": "14300044"
  },
  {
    "ID Number": "14339307"
  },
  {
    "ID Number": "14328666"
  },
  {
    "ID Number": "14350629"
  },
  {
    "ID Number": "14303191"
  },
  {
    "ID Number": "14353210"
  },
  {
    "ID Number": "14373823"
  },
  {
    "ID Number": "14300567"
  },
  {
    "ID Number": "14304309"
  },
  {
    "ID Number": "14325543"
  },
  {
    "ID Number": "14348179"
  },
  {
    "ID Number": "14346230"
  },
  {
    "ID Number": "14357658"
  },
  {
    "ID Number": "14310635"
  },
  {
    "ID Number": "14315122"
  },
  {
    "ID Number": "14315130"
  },
  {
    "ID Number": "14323281"
  },
  {
    "ID Number": "14396718"
  },
  {
    "ID Number": "14346613"
  },
  {
    "ID Number": "14352451"
  },
  {
    "ID Number": "14328682"
  },
  {
    "ID Number": "14355124"
  },
  {
    "ID Number": "14308797"
  },
  {
    "ID Number": "534005668"
  },
  {
    "ID Number": "14343320"
  },
  {
    "ID Number": "534011064"
  },
  {
    "ID Number": "14310660"
  },
  {
    "ID Number": "14372398"
  },
  {
    "ID Number": "14349787"
  },
  {
    "ID Number": "14358786"
  },
  {
    "ID Number": "14386887"
  },
  {
    "ID Number": "14301784"
  },
  {
    "ID Number": "14367580"
  },
  {
    "ID Number": "14304503"
  },
  {
    "ID Number": "14340216"
  },
  {
    "ID Number": "14340453"
  },
  {
    "ID Number": "14308800"
  },
  {
    "ID Number": "14338530"
  },
  {
    "ID Number": "14387158"
  },
  {
    "ID Number": "14353490"
  },
  {
    "ID Number": "14362635"
  },
  {
    "ID Number": "534028293"
  },
  {
    "ID Number": "14323842"
  },
  {
    "ID Number": "14373041"
  },
  {
    "ID Number": "14358794"
  },
  {
    "ID Number": "14372088"
  },
  {
    "ID Number": "14303116"
  },
  {
    "ID Number": "14321084"
  },
  {
    "ID Number": "14357909"
  },
  {
    "ID Number": "14357917"
  },
  {
    "ID Number": "534028307"
  },
  {
    "ID Number": "14309408"
  },
  {
    "ID Number": "14351315"
  },
  {
    "ID Number": "14351129"
  },
  {
    "ID Number": "14371707"
  },
  {
    "ID Number": "14371766"
  },
  {
    "ID Number": "14304406"
  },
  {
    "ID Number": "14305011"
  },
  {
    "ID Number": "14360233"
  },
  {
    "ID Number": "14301261"
  },
  {
    "ID Number": "14341883"
  },
  {
    "ID Number": "14300958"
  },
  {
    "ID Number": "14332477"
  },
  {
    "ID Number": "14307120"
  },
  {
    "ID Number": "14309017"
  },
  {
    "ID Number": "534018107"
  },
  {
    "ID Number": "14321610"
  },
  {
    "ID Number": "14360489"
  },
  {
    "ID Number": "14333414"
  },
  {
    "ID Number": "14303272"
  },
  {
    "ID Number": "14319217"
  },
  {
    "ID Number": "534017364"
  },
  {
    "ID Number": "14363488"
  },
  {
    "ID Number": "14399563"
  },
  {
    "ID Number": "14373831"
  },
  {
    "ID Number": "14348160"
  },
  {
    "ID Number": "14311704"
  },
  {
    "ID Number": "14353016"
  },
  {
    "ID Number": "14320860"
  },
  {
    "ID Number": "534013687"
  },
  {
    "ID Number": "14397501"
  },
  {
    "ID Number": "14364956"
  },
  {
    "ID Number": "14301431"
  },
  {
    "ID Number": "534005579"
  },
  {
    "ID Number": "14303230"
  },
  {
    "ID Number": "14300532"
  },
  {
    "ID Number": "14359456"
  },
  {
    "ID Number": "14300540"
  },
  {
    "ID Number": "14305003"
  },
  {
    "ID Number": "14306239"
  },
  {
    "ID Number": "14306247"
  },
  {
    "ID Number": "14390116"
  },
  {
    "ID Number": "14341921"
  },
  {
    "ID Number": "14370891"
  },
  {
    "ID Number": "534002197"
  },
  {
    "ID Number": "14302578"
  },
  {
    "ID Number": "14306824"
  },
  {
    "ID Number": "14323290"
  },
  {
    "ID Number": "14320665"
  },
  {
    "ID Number": "14352591"
  },
  {
    "ID Number": "14333325"
  },
  {
    "ID Number": "14361930"
  },
  {
    "ID Number": "14347717"
  },
  {
    "ID Number": "14339501"
  },
  {
    "ID Number": "14330938"
  },
  {
    "ID Number": "14335620"
  },
  {
    "ID Number": "14334976"
  },
  {
    "ID Number": "14301172"
  },
  {
    "ID Number": "534027467"
  },
  {
    "ID Number": "14308967"
  }
]