[
  {
    "ID Number": "21601240",
    "Name": "Christian Fernandes",
    "Fed": "TAN",
    "Sex": "M",
    "Title": "",
    "WTit": "",
    "OTit": "",
    "FOA": "1593",
    "Rating": "AUG25",
    "Gms": "0",
    "K": "40",
    "B-day": "2008",
    "Flag": ""
  },
  {
    "ID Number": "21600635",
    "Name": "Ebrahim, Zahabiyah",
    "Fed": "TAN",
    "Sex": "F",
    "Title": "",
    "WTit": "",
    "OTit": "",
    "FOA": "1530",
    "Rating": "AUG25",
    "Gms": "0",
    "K": "20",
    "B-day": "2001",
    "Flag": "w"
  },
  {
    "ID Number": "21602166",
    "Name": "ELISHA, GEORGE",
    "Fed": "TAN",
    "Sex": "M",
    "Title": "",
    "WTit": "",
    "OTit": "",
    "FOA": "1784",
    "Rating": "AUG25",
    "Gms": "0",
    "K": "20",
    "B-day": "2000",
    "Flag": ""
  },
  {
    "ID Number": "21600600",
    "Name": "Haruna Mohamed",
    "Fed": "TAN",
    "Sex": "M",
    "Title": "",
    "WTit": "",
    "OTit": "",
    "FOA": "1635",
    "Rating": "AUG25",
    "Gms": "0",
    "K": "20",
    "B-day": "2002",
    "Flag": ""
  },
  {
    "ID Number": "21601712",
    "Name": "Henry Marwa Michael",
    "Fed": "TAN",
    "Sex": "M",
    "Title": "",
    "WTit": "",
    "OTit": "",
    "FOA": "1625",
    "Rating": "AUG25",
    "Gms": "0",
    "K": "40",
    "B-day": "2008",
    "Flag": ""
  },
  {
    "ID Number": "21600538",
    "Name": "Lusako, Shedrack",
    "Fed": "TAN",
    "Sex": "M",
    "Title": "",
    "WTit": "",
    "OTit": "",
    "FOA": "1760",
    "Rating": "AUG25",
    "Gms": "0",
    "K": "20",
    "B-day": "2003",
    "Flag": ""
  },
  {
    "ID Number": "21602034",
    "Name": "LYIMO, ONESMO",
    "Fed": "TAN",
    "Sex": "M",
    "Title": "",
    "WTit": "",
    "OTit": "",
    "FOA": "1689",
    "Rating": "AUG25",
    "Gms": "0",
    "K": "20",
    "B-day": "1977",
    "Flag": ""
  },
  {
    "ID Number": "21601631",
    "Name": "Misambo .J. Kilasa",
    "Fed": "TAN",
    "Sex": "M",
    "Title": "",
    "WTit": "SI",
    "OTit": "",
    "FOA": "1878",
    "Rating": "AUG25",
    "Gms": "0",
    "K": "20",
    "B-day": "1990",
    "Flag": ""
  },
  {
    "ID Number": "21600520",
    "Name": "Moras, Anacleutus",
    "Fed": "TAN",
    "Sex": "M",
    "Title": "",
    "WTit": "",
    "OTit": "",
    "FOA": "1547",
    "Rating": "AUG25",
    "Gms": "0",
    "K": "20",
    "B-day": "2002",
    "Flag": ""
  },
  {
    "ID Number": "21602450",
    "Name": "Nathan Isaac Pokam",
    "Fed": "TAN",
    "Sex": "M",
    "Title": "",
    "WTit": "",
    "OTit": "",
    "FOA": "1463",
    "Rating": "AUG25",
    "Gms": "0",
    "K": "40",
    "B-day": "2015",
    "Flag": ""
  },
  {
    "ID Number": "10002324",
    "Name": "Njau, Albert",
    "Fed": "TAN",
    "Sex": "M",
    "Title": "",
    "WTit": "",
    "OTit": "",
    "FOA": "1946",
    "Rating": "AUG25",
    "Gms": "0",
    "K": "20",
    "B-day": "0",
    "Flag": ""
  },
  {
    "ID Number": "21601623",
    "Name": "Parsa Naser",
    "Fed": "TAN",
    "Sex": "M",
    "Title": "",
    "WTit": "",
    "OTit": "",
    "FOA": "1765",
    "Rating": "AUG25",
    "Gms": "0",
    "K": "40",
    "B-day": "2008",
    "Flag": ""
  },
  {
    "ID Number": "21600724",
    "Name": "Prisha Chheda",
    "Fed": "TAN",
    "Sex": "F",
    "Title": "",
    "WTit": "",
    "OTit": "",
    "FOA": "ACM",
    "Rating": "AUG25",
    "Gms": "1681",
    "K": "0",
    "B-day": "2007",
    "Flag": "w"
  },
  {
    "ID Number": "21600449",
    "Name": "Rashid Mansour Sharif",
    "Fed": "TAN",
    "Sex": "M",
    "Title": "",
    "WTit": "",
    "OTit": "",
    "FOA": "1732",
    "Rating": "AUG25",
    "Gms": "0",
    "K": "20",
    "B-day": "1974",
    "Flag": ""
  },
  {
    "ID Number": "21602689",
    "Name": "Sharma, Kul Rishi",
    "Fed": "TAN",
    "Sex": "M",
    "Title": "",
    "WTit": "",
    "OTit": "",
    "FOA": "1577",
    "Rating": "AUG25",
    "Gms": "0",
    "K": "20",
    "B-day": "1994",
    "Flag": ""
  },
  {
    "ID Number": "21600155",
    "Name": "Veer Gandhi",
    "Fed": "TAN",
    "Sex": "M",
    "Title": "CM",
    "WTit": "",
    "OTit": "",
    "FOA": "1760",
    "Rating": "AUG25",
    "Gms": "0",
    "K": "20",
    "B-day": "1999",
    "Flag": ""
  }
]