[
  {
    "ID Number": "21601240"
  },
  {
    "ID Number": "21600635"
  },
  {
    "ID Number": "21602166"
  },
  {
    "ID Number": "21600600"
  },
  {
    "ID Number": "21601712"
  },
  {
    "ID Number": "21600538"
  },
  {
    "ID Number": "21602034"
  },
  {
    "ID Number": "21601631"
  },
  {
    "ID Number": "21600520"
  },
  {
    "ID Number": "21602450"
  },
  {
    "ID Number": "10002324"
  },
  {
    "ID Number": "21601623"
  },
  {
    "ID Number": "21600724"
  },
  {
    "ID Number": "21600449"
  },
  {
    "ID Number": "21602689"
  },
  {
    "ID Number": "21600155"
  }
]