ID Number,Name,Fed,Sex,Title,WTit,OTit,FOA,Rating,Gms,K,B-day,Flag
11642904,"Abola, Arina",LAT,F,,,,1480,AUG25,0,40,2009,w
11603232,"Abolina, Arija-Solveiga",LAT,F,,,,1843,AUG25,0,20,1936,wi
11600675,"Abolina, Liga",LAT,F,,,,2140,AUG25,0,40,1976,wi
11614862,"Abolins, Sergejs",LAT,M,,,,1840,AUG25,0,20,1976,i
11633131,"Abols, Ernests",LAT,M,,,,1526,AUG25,0,40,2013,
11622075,"Adamovics, Aleksejs",LAT,M,,,,2183,AUG25,9,40,2007,
11616423,"Afanasjevs, Aleksandrs",LAT,M,,,,1655,AUG25,0,20,1954,
11645172,"Afanasjevs, Zahars",LAT,M,,,,1556,AUG25,0,40,2014,
11602104,"Agafonov, Yuri Dr",LAT,M,,,,2096,AUG25,0,20,1956,
11622830,"Aghalarov, Ruslan",LAT,M,,,,1862,AUG25,0,40,1991,i
11636440,"Aispurs, Gabriels",LAT,M,,,,1710,AUG25,0,40,2013,
11606835,"Aizstrauts, Arturs",LAT,M,,,,1791,AUG25,0,20,2002,
11609095,"Alainis, Artis",LAT,M,,,,1980,AUG25,0,20,2002,
11617608,"Aleidzans, Vadims",LAT,M,,,,1944,AUG25,0,40,2009,
11609001,"Alekseev,Ilia",LAT,M,,,,1789,AUG25,0,20,2000,i
11620480,"Aleksejevs, Daniils",LAT,M,,,,1582,AUG25,0,40,2010,
11611618,"Aleksejevs, Deniels",LAT,M,,,,1666,AUG25,0,40,1998,i
11631813,"Aliev, Arif",LAT,M,,,,1733,AUG25,0,40,2012,
11631805,"Aliev, Iskander",LAT,M,,,,1551,AUG25,0,40,2013,
11602392,"Alipovs, Anatolijs",LAT,M,,,,1835,AUG25,0,20,1960,
11652381,"Ambainis, Krisjanis",LAT,M,,,,1440,AUG25,0,40,2013,
11602260,"Amerika, Katrina",LAT,F,WIM,WIM,,2214,AUG25,0,20,1991,w
11610425,"Aminovs, Maksims",LAT,M,,,,1792,AUG25,0,20,2005,i
11624035,"Aminovs, Marats",LAT,M,,,,1561,AUG25,0,40,1972,i
11602899,"Andaburskis, Aleksejs",LAT,M,,FT,,2085,AUG25,0,40,1952,i
11612762,"Andersone, Arta",LAT,F,,,,1476,AUG25,0,40,2003,wi
11635991,"Andrejeva, Sofija",LAT,F,,,,1420,AUG25,0,40,2013,w
11602708,"Andrejevs, Arvids",LAT,M,CM,,,2165,AUG25,0,20,1987,i
11602201,"Andrejevs, Jurijs",LAT,M,,,,2098,AUG25,0,40,1986,i
11604603,"Andrucis, Maris",LAT,M,,,,1850,AUG25,0,40,1964,i
11623853,"Andrusevics, Jegors",LAT,M,,,,1885,AUG25,0,40,2012,
11617632,"Andryushin, Maxim",LAT,M,,,,AFM,AUG25,1709,3,1981,
11604611,"Andzans, Maris",LAT,M,,,,1602,AUG25,0,20,1964,i
11635487,"Angens,Dags",LAT,M,,,,1530,AUG25,0,40,2007,
11632747,"Anins, Peteris",LAT,M,,,,1555,AUG25,0,40,2003,i
11621753,"Anokhin, Yaromir",LAT,M,,,,1456,AUG25,0,40,2008,
11624248,"Antjufejevs, Vsevolods",LAT,M,,,,1581,AUG25,0,40,1972,i
11601469,"Antoms, Guntars",LAT,M,IM,,,2303,AUG25,0,10,1960,
11646195,"Antonevics, Normunds",LAT,M,,,,1469,AUG25,0,40,2012,
11643471,"Antoniskis, Markuss",LAT,M,,,,1422,AUG25,0,40,2009,
11604484,"Antonivs, Vladislavs",LAT,M,,,,1917,AUG25,0,20,2002,i
11640634,"Antonovics, Maksims",LAT,M,,,,1591,AUG25,0,40,2005,
11611669,"Apenitis, Markuss",LAT,M,,,,1582,AUG25,0,40,2007,i
11634448,"Apine, Emilija",LAT,F,,,,1778,AUG25,0,20,2006,w
11602139,"Apinis, Guntis",LAT,M,,,,1813,AUG25,0,20,1966,i
11633000,"Apinis, Madars Andrejs",LAT,M,,,,1407,AUG25,0,40,2012,
11613513,"Aprups,Rinalds",LAT,M,,,,1537,AUG25,0,20,2006,i
11638729,"Aronovics, Boriss",LAT,M,,,,1456,AUG25,0,40,1964,
11615028,"Arums, Juris",LAT,M,,,,1619,AUG25,0,40,1985,
11602651,"Atrohovs, Viktors",LAT,M,,,,2056,AUG25,0,40,1989,i
11609141,"Atte, Rebeka",LAT,F,,,,1750,AUG25,0,20,2000,wi
11603089,"Auzins, Artis",LAT,M,,,,2059,AUG25,0,40,1974,
11622733,"Auzins, Kristers",LAT,M,,,,1528,AUG25,0,40,2010,
11604280,"Avotins, Arturs",LAT,M,,,,1778,AUG25,0,20,2000,i
11637625,"Azarkevics, Aleksejs",LAT,M,,,,1657,AUG25,0,20,1989,
11629932,"Azevs, Aleksandrs",LAT,M,,,,1577,AUG25,0,40,2008,
11606665,"Bagatais, Janis",LAT,M,,,,1922,AUG25,0,40,1989,
11608811,"Bagirov, Eldar",LAT,M,,,,1718,AUG25,0,40,1964,i
11646373,"Bakass, Artjoms",LAT,M,,,,1446,AUG25,0,40,2016,
11644761,"Bakmasters, Markus Nikolajs",LAT,M,,,,1443,AUG25,0,40,2008,i
11609052,"Balanenkovs, Jegors",LAT,M,,,,1470,AUG25,0,40,2002,
11617098,"Balcuns, Kristaps",LAT,M,,,,1715,AUG25,0,40,2009,
11600861,"Barbakadze, Aleksandrs",LAT,M,FM,,,2335,AUG25,0,40,1963,i
11610670,"Bartasevics, Tomass",LAT,M,,,,1600,AUG25,0,40,2003,i
11607009,"Bartoss, Marjans",LAT,M,,,,1633,AUG25,0,40,1987,i
11604832,"Bass, Harijs",LAT,M,,,,1785,AUG25,0,20,2000,i
11600888,"Batakovs, Olegs",LAT,M,,,,1879,AUG25,0,20,1941,
11603593,"Batashevs, Arsens",LAT,M,,,,2166,AUG25,18,20,2001,
11608897,"Batirevs,Maksims",LAT,M,,,,1605,AUG25,0,40,2002,i
11602147,"Baumanis, Kristaps",LAT,M,,,,1760,AUG25,0,20,1990,i
11603240,"Bautris, Aivars",LAT,M,,,,1702,AUG25,0,20,1964,
11600810,"Bedrina, Irina",LAT,F,WFM,WFM,,2075,AUG25,0,20,1974,wi
11639636,"Beiers, Jekabs",LAT,M,,,,1464,AUG25,0,40,2013,i
11606029,"Bekasovs, Rihards",LAT,M,,,,2103,AUG25,0,20,2002,
11603836,"Beks, Edmunds",LAT,M,,,,2022,AUG25,0,20,1997,i
11613343,"Belakova, Laura",LAT,F,,,,1467,AUG25,0,20,2001,w
11632674,"Beniosev, Daniel",LAT,M,CM,,,1974,AUG25,0,40,2013,
11637102,"Bergmanis, Davids Kaspars",LAT,M,,,,1546,AUG25,0,40,1997,i
11608706,"Bergs, Martins",LAT,M,,,,1506,AUG25,0,40,2004,i
11637013,"Bernans, Aleksandrs",LAT,M,,,,1473,AUG25,0,40,2012,
11601426,"Bernotas, Arturs",LAT,M,FM,,,2324,AUG25,0,10,1995,
11639237,"Bervas, Florian",LAT,M,,,,1530,AUG25,0,20,1988,i
11601221,"Berzina, Aija",LAT,F,,,,2005,AUG25,0,40,1978,wi
11601345,"Berzina, Ilze",LAT,F,WGM,WGM,,2155,AUG25,0,20,1984,w
11600764,"Berzinsh, Ivars",LAT,M,,,,2239,AUG25,0,20,1977,i
11611650,"Berzinsh, Markuss",LAT,M,,,,1623,AUG25,0,40,2008,i
11600357,"Berzinsh, Roland",LAT,M,IM,,,2361,AUG25,0,10,1975,i
11602120,"Besedin, Pavel",LAT,M,,,,2071,AUG25,0,20,1989,i
11639822,"Bethere, Beatrise",LAT,F,,,,1505,AUG25,0,40,2012,w
11603259,"Biktimirovs, Konstantins",LAT,M,,,,1974,AUG25,0,20,1992,i
11613106,"Binders,Aleks-Aleksandrs",LAT,M,,,,1475,AUG25,0,40,2003,i
11604638,"Birjukovs, Anatolijs",LAT,M,,,,1608,AUG25,0,20,1947,
11607238,"Birmans, Daniels",LAT,M,,,,1808,AUG25,0,20,2003,i
11646675,"Birznieks, Toms",LAT,M,,,,1472,AUG25,0,40,2015,
11629134,"Bitenieks, Dominiks",LAT,M,,,,1492,AUG25,0,40,2007,i
11644966,"Bleive, Viesturs",LAT,M,,,,1426,AUG25,0,40,2012,
11604298,"Blinovs, Artjoms",LAT,M,,,,1854,AUG25,0,20,1984,i
11604034,"Blumbergs, Ralfs",LAT,M,,,,1909,AUG25,0,20,1998,i
11604433,"Blumentals, Gatis",LAT,M,,,,1813,AUG25,0,20,1970,
11635541,"Blumins, Rafaels",LAT,M,,,,1423,AUG25,0,40,2011,
11634251,"Bodaks, Leonards",LAT,M,,,,1480,AUG25,0,40,2017,
11632569,"Bodaks, Maksimilians",LAT,M,,,,1736,AUG25,0,40,2014,
11608064,"Bogdanovics, Kirills",LAT,M,,,,1995,AUG25,0,20,2005,i
11623713,"Bogdanovs, Aleksandrs",LAT,M,,,,1607,AUG25,0,40,2009,
11604182,"Bogorods, Daniels",LAT,M,,,,1923,AUG25,0,20,1999,i
11639881,"Boleiko, Augusts",LAT,M,,,,1513,AUG25,0,40,2015,
11601981,"Bolsakovs, Vadims",LAT,M,,,,2089,AUG25,0,20,1989,
11602929,"Boreisis, Vitauts",LAT,M,,,,1938,AUG25,5,20,1968,
315362,"Borisovs, Leonids",LAT,M,,,,1928,AUG25,0,20,1954,i
11603925,"Bovtramovics, Vladimirs",LAT,M,,,,1807,AUG25,0,20,1964,
11632925,"Bralitis, Edgars",LAT,M,,,,1650,AUG25,0,40,1985,i
11602660,"Breikss, Peteris",LAT,M,,,,1785,AUG25,0,20,1958,
11635231,"Breimanis, Artemijs",LAT,M,,,,1501,AUG25,0,40,1999,i
11645920,"Brencis, Adrians",LAT,M,,,,1472,AUG25,0,40,2010,
11636351,"Briedis, Juris",LAT,M,,,,1913,AUG25,0,40,1972,
11604646,"Brikers, Aleksandrs",LAT,M,,,,2068,AUG25,0,20,2001,
11600322,"Brils, Leonids",LAT,M,FM,,,2183,AUG25,0,40,1970,
11609389,"Brojs,Artjoms",LAT,M,,,,1626,AUG25,0,40,2005,i
11608978,"Bude, Toms",LAT,M,,,,1721,AUG25,0,20,2000,i
11628014,"Bugrovs, Olegs",LAT,M,,,,1538,AUG25,0,40,2000,i
11639776,"Bulins, Zigmunds",LAT,M,,,,1434,AUG25,0,40,1984,
11611596,"Burenkovs,Artjoms",LAT,M,,,,1804,AUG25,0,20,2005,i
11612096,"Burenkovs,Dmitrijs",LAT,M,,,,1620,AUG25,0,20,1969,i
11605642,"Burkevica, Ilze",LAT,F,,,,1862,AUG25,0,20,1971,w
11645091,"Caplinskis, Rudolfs",LAT,M,,,,1660,AUG25,0,40,2000,
11615044,"Casecnikovs, Artjoms",LAT,M,,,,1577,AUG25,0,40,2006,i
11636343,"Cehovals, Grigorijs",LAT,M,,,,1407,AUG25,0,40,2012,
11636475,"Celmalniece, Ance",LAT,F,,,,1511,AUG25,0,40,2012,w
11605014,"Cernavska, Olga",LAT,F,,,,1632,AUG25,0,40,2000,wi
11636912,"Chirkovs, Pavels",LAT,M,,,,1446,AUG25,0,40,2014,
11606258,"Ciekurs, Maris",LAT,M,,,,1741,AUG25,0,20,1985,i
11603151,"Cigankovs, Aleksandrs",LAT,M,,,,1683,AUG25,0,40,1998,i
11635835,"Cimbers, Daniels",LAT,M,,,,1599,AUG25,0,40,2015,
11602384,"Cimina, Andra",LAT,F,,,,1919,AUG25,0,20,1972,w
11601787,"Cimins, Alberts",LAT,M,,AO,,AIM,AUG25,2071,0,1970,i
11604654,"Circenis, Kaspars",LAT,M,,,,2108,AUG25,0,40,1990,
11622113,"Cirulis, Marcis",LAT,M,,,,1429,AUG25,0,40,2009,
11634650,"Cirvelis, Janis",LAT,M,,,,1587,AUG25,0,40,1970,i
11631473,"Coat, Patrik",LAT,M,,,,1467,AUG25,0,40,1969,i
11640464,"Cukste, Sofija",LAT,F,,,,1405,AUG25,0,40,2014,w
11640456,"Cuksts, Stefans",LAT,M,,,,1668,AUG25,0,40,2014,
11623241,"Dabolins, Davis",LAT,M,,,,1425,AUG25,0,40,2010,i
11633255,"Dabols, Janis Marks",LAT,M,,,,1852,AUG25,0,40,2011,
11600519,"Dadikina, Anna",LAT,F,,,,2115,AUG25,0,20,1975,wi
11603453,"Dagis, Karlis",LAT,M,,,,2014,AUG25,0,20,1992,i
11603461,"Dagis, Martins",LAT,M,,,,1990,AUG25,0,40,1988,i
11630779,"Daineko, Jevgenija",LAT,F,,,,1588,AUG25,0,40,2012,wi
68400098,"Daineko, Pjotrs",LAT,M,,,,1510,AUG25,0,40,2008,i
11610441,"Daleckis, Deniss",LAT,M,,,,1644,AUG25,0,20,2006,i
11626453,"Danilkovs, Kirills",LAT,M,,,,1405,AUG25,0,40,2007,i
11601590,"Daskevics, Vitalijs",LAT,M,,,,2038,AUG25,0,20,1958,i
11647035,"Daugavins, Uldis",LAT,M,,,,1626,AUG25,0,40,1982,
11602872,"Daugerts, Janis",LAT,M,,FI,,2006,AUG25,0,40,1981,i
11604794,"Deglis, Dainis",LAT,M,,,,1698,AUG25,0,20,1959,i
11638346,"Demakina, Nadezda",LAT,F,,,,1678,AUG25,4,40,2011,w
11640316,"Dementjevs, Aleksandrs",LAT,M,,,,1431,AUG25,0,40,2007,
11645385,"Demjanenko, Kirils",LAT,M,,,,1572,AUG25,0,40,2009,
34292446,"Derbenev, Arseniy",LAT,M,,,,1765,AUG25,0,40,2010,i
11630132,"Derecinskis, Romans",LAT,M,,,,1471,AUG25,0,40,1998,
11605022,"Dernova, Arina",LAT,F,,,,1621,AUG25,0,40,1999,wi
11645717,"Deulofeu, Jaume",LAT,M,,,,1706,AUG25,0,40,1995,
11620218,"Dilans, Arvis",LAT,M,,,,1451,AUG25,0,40,2009,
11624698,"Diners, Kirils",LAT,M,,,,1434,AUG25,3,40,2012,
11650133,"Dirba, Normunds",LAT,M,,,,1776,AUG25,0,40,1973,
11613432,"Dirzininkas, Andris",LAT,M,,,,1549,AUG25,0,40,1988,i
11623730,"Djacenko, Romans",LAT,M,,,,1841,AUG25,0,40,1989,i
11603020,"Djogteva, Jekaterina",LAT,F,,,,1921,AUG25,0,20,1996,w
11632593,"Dmitrijevs, Naums",LAT,M,,,,1512,AUG25,0,40,2013,
11612100,"Dobroze,Ainars",LAT,M,,,,1693,AUG25,0,20,1959,i
11605030,"Dombrovska, Stefanija",LAT,F,,,,1633,AUG25,0,20,1967,w
11609532,"Dombrovskis, Vladislavs",LAT,M,,,,1639,AUG25,0,40,2002,i
11624906,"Dorofejevs, Demids",LAT,M,,,,1496,AUG25,0,40,2010,i
11600594,"Drozdov, Mihail",LAT,M,,,,2245,AUG25,0,20,1954,i
11651997,"Drukmanis, Linards",LAT,M,,,,1576,AUG25,0,40,1992,
11601833,"Dubova, Anna",LAT,F,,,,1786,AUG25,0,20,1995,wi
11607246,"Dubovs, Andzejs",LAT,M,,,,1424,AUG25,0,40,2004,
11607661,"Dumins, Edgars",LAT,M,,,,1867,AUG25,0,40,1979,i
11649887,"Dumpis, Sergejs",LAT,M,,,,1640,AUG25,0,40,1999,
11644257,"Dunajevs, Georgijs",LAT,M,,,,1733,AUG25,0,40,1987,i
11601477,"Dunaveckis, Deniss",LAT,M,,,,2171,AUG25,0,20,1996,i
11611472,"Dundurs, Henriks",LAT,M,,,,1660,AUG25,0,20,2003,i
11611103,"Dvornikovs, Aleksandrs",LAT,M,,,,1648,AUG25,0,40,1948,i
11602210,"Dzalbo, Andrejs",LAT,M,,,,2174,AUG25,0,20,1990,i
11604131,"Dzelde, Martins",LAT,M,,,,1891,AUG25,0,40,1985,i
11612118,"Dzinejs, Tomass",LAT,M,,,,1695,AUG25,0,40,1996,i
11603860,"Dzirkalis, Edvins",LAT,M,,,,2094,AUG25,0,20,1969,
11601280,"Dzjuba, Vsevolod",LAT,M,FM,,,2081,AUG25,0,20,1979,
11644788,"Efeja, Kristaps",LAT,M,,,,1483,AUG25,0,40,1991,i
11613416,"Eglitis, Intars",LAT,M,,,,1854,AUG25,0,40,1980,i
11633670,"Eglitis, Roberts",LAT,M,,,,1631,AUG25,0,20,1966,
11616652,"Eglitis,Kristaps",LAT,M,,,,1481,AUG25,0,40,2009,
11605650,"El-Haze, Zans Pols",LAT,M,,,,1837,AUG25,0,20,1998,i
11606622,"El-Zeins, Ismails",LAT,M,,,,1649,AUG25,0,40,1994,i
11640359,"Elsbergs, Andrejs",LAT,M,,,,1483,AUG25,0,40,2017,
11603267,"Elsbergs, Janis",LAT,M,,,,1926,AUG25,0,20,1969,i
11606576,"Elsts, Andrs",LAT,M,,,,1976,AUG25,0,40,1979,i
11641398,"Elsts, Rihards",LAT,M,,,,1702,AUG25,0,40,2010,
11600284,"Eremina, Natalia",LAT,F,,,,2050,AUG25,0,40,1967,wi
11606703,"Erenpreiss, Pauls",LAT,M,,,,1504,AUG25,0,40,2000,i
11605138,"Erlats, Janis",LAT,M,,,,1921,AUG25,0,20,1963,i
11600241,"Erneste, Inguna",LAT,F,WGM,WGM,,2116,AUG25,0,20,1966,wi
11652101,"Fals, Emils",LAT,M,,,,1547,AUG25,0,40,2004,
11604042,"Fedorovichs, Vladimirs",LAT,M,,,,1973,AUG25,0,20,1950,i
11607912,"Feldmanis, Andrejs",LAT,M,,,,1555,AUG25,0,40,2002,i
11610794,"Feldmanis, Arturs",LAT,M,,,,1899,AUG25,0,20,1983,
11612398,"Feldmanis, Kristers",LAT,M,,,,1437,AUG25,0,40,2007,i
11608820,"Filipovs, Jevgenijs",LAT,M,,,,1731,AUG25,0,20,2005,
11631899,"Filipovs, Sergejs",LAT,M,,,,1952,AUG25,5,40,2014,
11633468,"Fjodorovs, Dmitrijs",LAT,M,,,,1473,AUG25,0,40,2012,
11602031,"Fjodorovs, Sergejs",LAT,M,,,,1998,AUG25,0,20,1985,i
11615923,"Fjodorovs, Sergejs",LAT,M,,,,1585,AUG25,0,40,2008,
11637838,"Fleischmann, Marc",LAT,M,,,,1638,AUG25,5,40,1997,
11633735,"Fogele, Estere",LAT,F,,,,1435,AUG25,0,40,2010,w
11607360,"Fomins, Artemijs",LAT,M,,,,1623,AUG25,0,40,2002,i
11615265,"Franckevics,Roberts",LAT,M,,,,1567,AUG25,0,40,1969,i
11615451,"Francs,Marats",LAT,M,CM,,,2090,AUG25,8,40,2008,
11643390,"Frasers, Alisters Ansis",LAT,M,,,,1474,AUG25,0,40,2010,i
11610891,"Freibergs, Andrejs",LAT,M,,,,1878,AUG25,0,20,2006,
11617314,"Freibergs, Filips",LAT,M,,,,1793,AUG25,0,40,2009,
11617322,"Freibergs, Raimonds",LAT,M,,,,1520,AUG25,0,40,2009,
11635690,"Freimanis, Emils",LAT,M,,,,1617,AUG25,0,40,2009,i
11608960,"Fridensteins-Bridins, Atis",LAT,M,,,,1897,AUG25,0,20,2004,i
11606053,"Fridmanis, Josifs",LAT,M,,,,1771,AUG25,0,20,1948,i
11630990,"Fridmans, Boriss",LAT,M,,,,1416,AUG25,0,40,2012,
11633530,"Frolovs, Nikita",LAT,M,,,,1407,AUG25,0,40,2011,i
11636106,"Fulss, Eriks",LAT,M,,,,1611,AUG25,0,40,2005,i
11629738,"Gabrusans, Zanis",LAT,M,,,,1490,AUG25,0,40,2009,
11624086,"Gaidis, Edvards",LAT,M,,,,1511,AUG25,0,40,2011,
11623683,"Gailevska, Milana",LAT,F,,,,1734,AUG25,0,40,2012,w
11641681,Gailiss Gustavs,LAT,M,,,,1614,AUG25,0,40,2008,
11637951,Gailums Makss,LAT,M,,,,1749,AUG25,5,40,2014,
11606061,"Galkins, Semjons",LAT,M,,,,AIM,AUG25,1821,0,1993,i
11606010,"Gamsa, Mark",LAT,M,,,,1925,AUG25,0,20,1970,
11618671,"Gansone, Aiga",LAT,F,,,,1568,AUG25,0,40,2010,w
11603658,"Gatere, Liene",LAT,F,,,,1846,AUG25,0,20,1984,wi
11633301,"Gauja, Hugo Georgs",LAT,M,,,,1520,AUG25,0,40,2011,
11633484,"Gavrass, Maksims",LAT,M,,,,1546,AUG25,0,40,2010,
11636360,"Gavrilova, Varvara",LAT,F,,,,1522,AUG25,0,40,2011,w
11601906,"Gavrilovs, Dmitrijs",LAT,M,,,,1953,AUG25,0,20,1986,i
11636831,"Geidans, Vilnis",LAT,M,,,,1516,AUG25,0,40,1981,i
11606193,"Gerasimovs, Aleksejs",LAT,M,,,,1707,AUG25,0,40,2002,i
11604301,"Gercans, Visvaldis",LAT,M,,,,1932,AUG25,0,20,1963,i
11609710,"Germanovs, Georgijs",LAT,M,CM,,,2260,AUG25,0,40,2008,
11639083,"Girgensons, Agris",LAT,M,,,,1530,AUG25,0,40,1961,i
11633913,"Glazers, Jefims",LAT,M,,,,1463,AUG25,0,40,2010,i
11629789,"Gobleja, Karlis",LAT,M,,,,1864,AUG25,0,20,1968,
11639580,"Goldbergs, Edvards",LAT,M,,,,1533,AUG25,0,40,2010,
11600446,"Goldmane, Astra",LAT,F,,,,1975,AUG25,0,20,1956,w
68400071,"Golikovs, Nikita",LAT,M,,,,1480,AUG25,0,40,2007,i
11625260,"Golomjodovs, Dmitrijs",LAT,M,,,,1489,AUG25,0,40,1977,
11607386,"Golsta, Madara",LAT,F,,,,1951,AUG25,9,20,2003,w
11607394,"Golsta, Ramona",LAT,F,,,,AFM,AUG25,1942,9,2003,w
11601582,"Golubeva, Marija",LAT,F,,,,1859,AUG25,0,20,1998,wi
11613670,"Golubeva, Marija",LAT,F,,,,1513,AUG25,0,40,2001,wi
11603577,"Golubeva, Natalija",LAT,F,,,,1557,AUG25,0,40,2000,wi
11608528,"Golubovskis, Maksims",LAT,M,FM,,,2254,AUG25,0,20,2003,
11603224,"Gordievich, Larisa",LAT,F,,,,1853,AUG25,0,20,1997,wi
11628839,"Gorohovs, Aleksandrs",LAT,M,,,,1521,AUG25,0,40,2012,
4199650,"Gorozhankina, Julia",LAT,F,WFM,WFM,,2009,AUG25,0,20,1993,wi
11627115,"Gozs, Arons",LAT,M,,,,1494,AUG25,0,40,2012,i
11606070,"Granovska, Elisa",LAT,F,,,,1640,AUG25,0,20,2003,wi
11604310,"Grapmanis, Edgars",LAT,M,,,,1968,AUG25,0,20,1998,i
11601990,"Grasis, Janis",LAT,M,FM,,,2251,AUG25,0,20,1971,i
11601604,"Graudins, Ilmars",LAT,M,,,,2135,AUG25,0,40,1968,i
11630752,"Gravere, Justine Elza",LAT,F,,,,1549,AUG25,0,40,2007,w
11607408,"Grickus, Andris",LAT,M,,,,1573,AUG25,0,40,2003,i
11601620,"Griezne, Edvins",LAT,M,,,,2076,AUG25,0,20,1964,i
11640200,"Grigorenko, Vladislavs",LAT,M,,,,1617,AUG25,0,40,2015,
11645369,"Grigors, Germans",LAT,M,,,,1572,AUG25,0,40,2011,
11614773,"Grinfelds, Martins",LAT,M,,,,1704,AUG25,0,40,2000,i
11604670,"Grivnieks, Alberts",LAT,M,,,,1921,AUG25,0,20,2000,i
11604050,"Gromovs, Leonids",LAT,M,,,,1884,AUG25,0,40,1937,i
11617942,"Gruznova, Kristine",LAT,F,,NA,,1583,AUG25,0,40,2008,w
11609753,"Gudovskis, Konstantins",LAT,M,,,,2018,AUG25,0,20,1983,
11609060,"Gulmedovs,Murats Geoklens",LAT,M,,,,1554,AUG25,0,40,2006,i
11609850,"Gulnevs, Daniils",LAT,M,,,,1721,AUG25,0,40,2002,i
11623802,"Guminskaya, Daria",LAT,F,,,,1561,AUG25,0,40,2011,w
11632461,"Guminskiy, Gregory",LAT,M,,,,1480,AUG25,0,40,2014,
11602040,"Gutmans, Mihail",LAT,M,,,,2116,AUG25,0,20,1988,
11603488,"Haciveli, Zubeirs",LAT,M,,,,1931,AUG25,0,20,1998,i
11613556,"Harlamovs, Daniils",LAT,M,,,,1651,AUG25,0,40,2009,i
11608765,"Harlinska, Sandra",LAT,F,,,,1884,AUG25,0,20,1963,wi
11613688,"Harlinskis,Viktors",LAT,M,,,,1698,AUG25,0,40,1959,i
11617691,"Hermanis, Atis",LAT,M,,,,1608,AUG25,0,40,2006,i
11632879,"Hiznikovs, Miks Tomass",LAT,M,,,,1652,AUG25,0,40,2004,i
11612746,"Hlopkova, Jekaterina",LAT,F,,,,1581,AUG25,0,20,2004,w
11600179,"Hohluka, Arina",LAT,F,,,,1778,AUG25,0,20,1993,wi
11602368,"Hohluks, Aleksandrs",LAT,M,,,,2094,AUG25,0,20,1991,i
11628790,"Hops, Roberts",LAT,M,,,,1750,AUG25,0,40,2009,
11604239,"Horobrijs, Daniils",LAT,M,,,,1908,AUG25,0,20,2004,i
11602171,"Hramov, Anton",LAT,M,,,,1840,AUG25,0,40,1995,i
11636505,"Ignatenko, Rolands",LAT,M,,,,1505,AUG25,0,40,2012,
11640715,"Igovens, Kaspars",LAT,M,,,,1432,AUG25,0,40,1996,i
11609559,"Ikstena, Sarlote",LAT,F,,,,1550,AUG25,0,20,2005,w
11601850,"Ilarionovs, Dmitrijs",LAT,M,,,,2211,AUG25,0,20,1986,i
11633034,"Iljins, Kirils",LAT,M,,,,1613,AUG25,0,40,2011,
11604158,"Imanovs, Elhans",LAT,M,,,,1902,AUG25,0,20,1996,i
11603305,"Indricans, Olgerts",LAT,M,,,,2178,AUG25,0,20,1990,i
11601027,"Indricans, Vadims",LAT,M,,,,1944,AUG25,0,20,1993,i
4668030,"Isakovs, Janis",LAT,M,,,,1897,AUG25,0,20,1960,
11601485,"Ivanisvili, Andrejs",LAT,M,,,,2233,AUG25,0,20,1982,i
11625970,"Ivanisvili, Maksims",LAT,M,,,,1625,AUG25,0,40,2011,
34137430,"Ivanov, Igor",LAT,M,,,,2213,AUG25,0,20,1999,i
11609125,"Ivanova,Katrina Telma",LAT,F,,,,1596,AUG25,0,20,2001,wi
11626283,"Ivanovs, Aleksejs",LAT,M,,,,1853,AUG25,0,40,1984,i
11603941,"Ivanovs, Viktors",LAT,M,,,,1665,AUG25,0,20,1962,
11608498,"Ivanovskis, Sergejs",LAT,M,,,,1840,AUG25,0,20,1956,i
11601167,"Ivasjuta, Vladimirs",LAT,M,,,,1851,AUG25,0,40,1996,i
11634685,"Ivasko, Markuss",LAT,M,,,,1531,AUG25,0,40,2000,
11603496,"Ivbulis, Martins",LAT,M,,,,1939,AUG25,0,20,1993,
11604190,"Ivonins, Andis",LAT,M,,,,1869,AUG25,0,20,0,i
11624469,"Ivulans, Patriks",LAT,M,,,,1739,AUG25,0,40,2013,
11604247,"Jablonskaja, Anastasija",LAT,F,,,,1706,AUG25,0,20,2001,wi
11633220,"Jahangiryan, Ruben",LAT,M,,,,1465,AUG25,0,40,2011,i
11603313,"Jaickis, Vladislavs",LAT,M,,,,1777,AUG25,0,20,1991,i
11643447,"Jakabsone, Tifanija Bella",LAT,F,,,,1631,AUG25,0,40,2014,w
11613300,"Jakobsons, Andris",LAT,M,,,,1703,AUG25,0,20,1952,
11639407,"Jakobsons, Larss",LAT,M,,,,1520,AUG25,0,40,2008,
11643463,"Jakovlevs, Aleksandrs",LAT,M,,,,1468,AUG25,0,40,1973,
11601108,"Jakovlevs, Igors",LAT,M,,,,2061,AUG25,0,40,1961,i
11611316,"Jakovlevs,Aleksandrs",LAT,M,,,,1852,AUG25,0,40,1976,i
11619929,"Jakubsevicus, Raimonds",LAT,M,,,,1629,AUG25,0,40,2009,i
11615583,"Jaldova, Lilita",LAT,F,,,,1431,AUG25,0,40,2004,wi
11600551,"Jankovskis, Guntis",LAT,M,FM,,,2226,AUG25,0,20,1971,
11604867,"Janovskis, Daniels",LAT,M,,,,1788,AUG25,0,20,2002,i
11614722,"Jansone, Melanija Luize",LAT,F,,,,1978,AUG25,0,40,2008,w
11619040,"Jansons, Edijs",LAT,M,,,,1450,AUG25,0,40,1976,
11637269,"Jansons, Hugo",LAT,M,,,,1579,AUG25,0,40,1997,i
11624523,"Jansons, Kristers Roberts",LAT,M,,,,1432,AUG25,0,40,2002,i
11636807,"Jansons, Svens",LAT,M,,,,1477,AUG25,0,40,1996,i
11609966,"Jansons, Valdis",LAT,M,,,,1655,AUG25,0,20,1978,
11633808,"Jaresko, Timurs",LAT,M,,,,1592,AUG25,0,40,2008,
11610255,"Jaroshs, Maksims",LAT,M,,,,1805,AUG25,0,40,1981,i
11637773,"Jascuks, Kirills",LAT,M,,,,1477,AUG25,0,40,2015,
11612010,"Jasinskis, Anatolijs",LAT,M,,,,AFM,AUG25,1569,0,1965,i
11604492,"Jazdanovs, Aleksandrs",LAT,M,CM,,,2037,AUG25,0,20,2003,
11650044,"Jefimova, Marija",LAT,F,,,,1468,AUG25,0,40,2017,w
11649470,"Jefimovs, Akims",LAT,M,,,,1733,AUG25,5,40,2017,
11601299,"Jefremov, Aivar",LAT,M,,NA,,AFM,AUG25,1823,0,1996,
11602325,"Jefremov, Dmitrij",LAT,M,,,,1770,AUG25,0,40,1968,i
11615389,"Jekabsone, Nellija",LAT,F,,,,1468,AUG25,0,40,2008,w
11628227,"Jekabsons, Alberts",LAT,M,,,,1688,AUG25,0,40,1991,i
11605359,"Jekabsons, Ivars",LAT,M,,,,2050,AUG25,0,20,1962,
11601302,"Jemeljanova, Irina",LAT,F,,,,1913,AUG25,0,40,1985,wi
11607947,"Jenavs, Ernests",LAT,M,,,,1518,AUG25,0,40,1988,
11632429,"Jeparovs, Nikita",LAT,M,,,,1436,AUG25,0,40,2011,
11638699,"Jeremejevs, Vladimirs",LAT,M,,,,1538,AUG25,0,40,2006,
11622466,"Jermacans, Andris",LAT,M,,,,1584,AUG25,0,40,1970,i
11644540,"Jermolajevs, Valters",LAT,M,,,,1452,AUG25,0,40,2009,
11620811,"Jeronovics, Toms",LAT,M,,,,1972,AUG25,0,40,2011,
11602724,"Jesse, Ingemars",LAT,M,FM,,,2357,AUG25,0,10,1989,i
11610905,"Jonins, Dimitrijs",LAT,M,,,,1703,AUG25,0,20,2006,i
11650010,"Junajevs, Deniss",LAT,M,,,,1558,AUG25,0,40,1994,
11612134,"Jurksta, Jurgis",LAT,M,,,,1651,AUG25,0,20,1975,i
11633948,"Jurzdickis, Levi Mose",LAT,M,,,,1455,AUG25,0,40,2015,
11632330,"Jutans, Raivo",LAT,M,,,,1458,AUG25,0,40,1969,i
11604808,"Kalandarova, Laura",LAT,F,,,,2037,AUG25,0,40,1985,wi
11607211,"Kalinicenko, Maksims",LAT,M,,,,1714,AUG25,0,20,1998,i
11631856,"Kalinin, Oleg",LAT,M,,,,1736,AUG25,0,40,2012,
11607955,"Kalnenieks, Uldis",LAT,M,,,,1581,AUG25,0,20,1954,
11600756,"Kalnina, Madara",LAT,F,,,,1976,AUG25,0,40,1990,wi
11622555,"Kalnins, Aleksandrs Alans",LAT,M,,,,1692,AUG25,0,20,2001,i
11638230,"Kalnins, Eduards",LAT,M,,,,1542,AUG25,4,40,2010,
11604069,"Kalnins, Toms",LAT,M,,"AO,IO",,2056,AUG25,0,20,1996,i
11641258,"Kalvans, Karlis",LAT,M,,,,1447,AUG25,0,40,2007,i
11637757,"Kalve, Andris",LAT,M,,,,1518,AUG25,0,40,1957,
11602732,"Kanasts, Mairis",LAT,M,,,,1970,AUG25,0,40,1989,i
11602236,"Kance, Edmunds",LAT,M,,,,1923,AUG25,0,40,1980,i
11603569,"Kane, Marta",LAT,F,,,,1899,AUG25,0,20,1994,wi
11605049,"Kannina, Krista",LAT,F,,,,1651,AUG25,0,20,1998,wi
11629312,"Kantans, Ansis",LAT,M,,,,1719,AUG25,6,40,2011,
11629304,"Kantans, Jekabs",LAT,M,,,,1481,AUG25,0,40,2011,
11602945,"Kantans, Toms",LAT,M,GM,,,2515,AUG25,20,10,1994,
11644460,"Kapakle, Katrina Marta",LAT,F,,,,1450,AUG25,0,40,2008,wi
11602562,"Kapce, Viesturs",LAT,M,CM,SI,,2071,AUG25,0,20,1987,
11616776,"Karasevics,Aleksandrs",LAT,M,,,,1751,AUG25,4,40,2009,
11633905,"Karbazals, Huans Boriss",LAT,M,,,,1518,AUG25,0,40,1997,
11605731,"Karcevs, Ivans",LAT,M,,,,1756,AUG25,0,40,1998,i
11600942,"Karklins, Imants",LAT,M,,,,2131,AUG25,0,20,1971,i
11630442,"Karpovs, Toms",LAT,M,,,,1438,AUG25,0,40,2011,
11602643,"Karzinins, Genadijs",LAT,M,,,,1957,AUG25,0,20,1992,i
11600225,"Katishonok, Nikolaj",LAT,M,FM,,,2004,AUG25,0,20,1957,
11629460,"Kaverins, Nikita",LAT,M,,,,1808,AUG25,0,20,1969,i
11601370,"Kazachenkov, Vladislav",LAT,M,,,,2235,AUG25,0,40,1969,i
11612754,"Kazakovs, Edvards",LAT,M,,,,1800,AUG25,0,40,2002,i
11611987,"Kazmerika, Anna",LAT,F,,,,1787,AUG25,0,20,2004,w
11600489,"Kazmins, Girts",LAT,M,,,,1897,AUG25,0,20,1979,i
11617705,"Kazoks, Aivars",LAT,M,,,,2002,AUG25,0,20,1953,
11608935,"Kempele, Ilze",LAT,F,,,,1708,AUG25,0,40,1972,wi
11633719,"Kempelis, Artis",LAT,M,,,,1663,AUG25,0,40,2003,i
11600039,"Kengis, Edvins",LAT,M,GM,,,2493,AUG25,0,10,1959,
11616385,"Kezberis,Markuss",LAT,M,,,,1543,AUG25,0,40,2007,i
11609109,"Kipluka,Anna Krista",LAT,F,,,,1626,AUG25,0,20,2005,wi
11600373,"Kirpichnikov, Vladimir",LAT,M,FM,,,2340,AUG25,0,10,1948,
11642440,"Kirstuks, Regnars",LAT,M,,,,1609,AUG25,0,40,2015,
11600381,"Kivlan, Ivars",LAT,M,,,,2385,AUG25,0,20,1954,i
11643820,"Klesnins, Artemijs",LAT,M,,,,1598,AUG25,0,40,2015,
11643862,"Klesnins, Daniils",LAT,M,,,,ACM,AUG25,1584,0,2009,
11602066,"Klimakovs, Sergejs",LAT,M,FM,,,2337,AUG25,0,20,1985,
11602350,"Klochan, Jevgeny",LAT,M,,,,2179,AUG25,0,20,1991,i
11600438,"Klovane, Astra",LAT,F,,,,2265,AUG25,0,20,1944,wi
11623594,"Klusa, Zanete",LAT,F,,,,1633,AUG25,0,40,2008,w
11616849,"Kokina,Elizabete",LAT,F,,NA,,1457,AUG25,0,40,2006,wi
11629320,"Kolada, Glebs",LAT,M,,,,1417,AUG25,0,40,2002,i
11604255,"Kolasa, Pjotrs",LAT,M,,,,2011,AUG25,0,20,2000,
11602244,"Kolesnikovs, Ivans",LAT,M,,,,1987,AUG25,0,20,1986,
11623276,"Koops, Janis",LAT,M,,,,1914,AUG25,0,40,1985,
11636491,"Korzanova,  Anna",LAT,F,,,,1657,AUG25,0,40,2011,w
11606096,"Kovalevskis, Artjoms",LAT,M,,,,1758,AUG25,0,20,2000,i
11602376,"Kovalevsky, Arkady",LAT,M,,,,2156,AUG25,0,20,1990,i
11601973,"Kovalovs, Nikolajs",LAT,M,,,,2046,AUG25,0,40,1987,i
11602155,"Kozjukova, Olga",LAT,F,,,,2014,AUG25,0,20,1989,wi
11600462,"Krakops, Maris",LAT,M,GM,,,2510,AUG25,0,10,1978,i
11621290,"Krakops, Martijs",LAT,M,,,,1732,AUG25,0,40,2010,
11624051,"Krasavins, Glebs",LAT,M,,,,1494,AUG25,0,40,2009,i
11618019,"Krasilnikova, Marija",LAT,F,,,,1720,AUG25,0,40,2009,w
11618078,"Krasilnikovs, Aleksandrs",LAT,M,,NA,,1559,AUG25,0,20,2006,i
11607343,"Krastins, Arturs",LAT,M,,,,1668,AUG25,0,20,2005,i
11603666,"Krastins, Juris",LAT,M,,,,1917,AUG25,0,20,1987,i
11603674,"Krauze, Anda",LAT,F,,,,1797,AUG25,0,40,1979,wi
11631643,"Krebe, Marko",LAT,M,,,,1458,AUG25,0,40,2010,
11602163,"Kretainis, Kristaps",LAT,M,,,,2159,AUG25,0,20,1982,
11618086,"Kriek, Zoran",LAT,M,,,,1653,AUG25,0,20,2006,i
11603100,"Krilovs, Nikolajs",LAT,M,,,,2117,AUG25,0,20,1994,
11600349,"Krivonosov, Oleg",LAT,M,IM,,,2320,AUG25,9,10,1961,
11604883,"Krjukovs, Dmitrijs",LAT,M,,,,1850,AUG25,0,40,2000,i
11640758,"Krjukovs, Timurs",LAT,M,,,,1512,AUG25,0,40,2012,
11635665,"Kromans, Rinalds",LAT,M,,,,1439,AUG25,0,40,2014,
11604077,"Kronlaks, Olafs",LAT,M,,,,1838,AUG25,0,20,1941,
11601701,"Krumina, Linda",LAT,F,WFM,WFM,,2055,AUG25,0,20,1984,w
11607890,"Krumina, Marija",LAT,F,,,,1735,AUG25,0,20,2001,wi
11620854,"Krumins, Janis",LAT,M,,,,1643,AUG25,0,40,2009,
11614080,"Krumins, Karlis",LAT,M,,,,1494,AUG25,0,40,2004,i
11600730,"Krums, Ilmars",LAT,M,,,,1986,AUG25,0,20,1971,
11609818,"Krupska, Liza",LAT,F,,,,1605,AUG25,0,40,1997,wi
11602686,"Krustkalns, Kristaps",LAT,M,FM,,,2098,AUG25,0,20,1979,
11630116,"Kruzitis, Ronalds",LAT,M,,,,1723,AUG25,0,40,1994,i
11634952,"Kubulina, Kate Adria",LAT,F,,,,1594,AUG25,0,40,2013,w
11622040,"Kuchina, Polina",LAT,F,,,,1458,AUG25,0,40,2010,wi
11601744,"Kucins, Vladislavs",LAT,M,,,,1940,AUG25,0,20,1936,i
11607963,"Kudelkins, Viktors",LAT,M,,,,1710,AUG25,0,20,1954,i
11606932,"Kuklins, Martins",LAT,M,,,,1468,AUG25,0,40,2005,i
11634405,"Kuklis, Ralfs",LAT,M,,,,1511,AUG25,0,40,2014,
11613440,"Kulins, Jurgis",LAT,M,,,,1647,AUG25,0,40,1989,i
11635061,"Kumarina, Natalija",LAT,F,,,,1417,AUG25,0,40,2012,wi
11600470,"Kupruks, Raimonds",LAT,M,,,,2175,AUG25,0,40,1973,i
11600071,"Kurbanova, Dagmara",LAT,F,,,,1774,AUG25,0,20,1997,wi
11601795,"Kurbanova, Dinara",LAT,F,,,,1910,AUG25,0,40,1989,wi
11610930,"Kurjakovs, Dmitrijs",LAT,M,,,,1477,AUG25,0,40,2005,i
11606320,"Kurmatovs, Marsels",LAT,M,,,,1733,AUG25,0,20,1941,i
11617357,"Kurmatovs,Arturs",LAT,M,,,,1752,AUG25,0,40,1994,i
11613122,"Kurockins, Antons",LAT,M,,,,1510,AUG25,0,40,2005,i
11602074,"Kurpnieks, Vairis",LAT,M,,,,1965,AUG25,0,20,1976,
11640090,"Kusenko, Romans",LAT,M,,,,1627,AUG25,0,20,1978,i
11604514,"Kuzmicevs, Genadijs",LAT,M,,,,2096,AUG25,0,40,1939,i
11616130,"Kuzmicevs,Daniils",LAT,M,,,,1534,AUG25,0,40,2007,i
11618736,"Kuznecova, Marija",LAT,F,WFM,WFM,,2207,AUG25,9,40,2010,w
11604557,"Kuznecovs, Nikita",LAT,M,FM,,,2291,AUG25,0,20,2002,i
11619570,"Labecka, Maria",LAT,F,,,,1441,AUG25,0,40,2010,wi
11637935,"Labonarskis, Arsenijs",LAT,M,,,,1469,AUG25,0,40,2016,
11600497,"Lacis, Aleksandrs",LAT,M,,,,1749,AUG25,0,20,1937,i
11605774,"Lacis, Edgars",LAT,M,,,,1773,AUG25,0,40,1958,i
11646926,"Ladisevs, Edvards",LAT,M,,,,1617,AUG25,0,40,2012,
11609915,"Lagons, Armands",LAT,M,,,,1632,AUG25,0,40,1989,i
11628278,"Lahs, Edvards",LAT,M,,,,1483,AUG25,0,40,2011,
11606797,"Lahs, Einars",LAT,M,,,,1727,AUG25,0,20,2005,i
11628294,"Lahs, Olivers",LAT,M,,,,1433,AUG25,0,40,2014,
11628286,"Lahs, Ricards",LAT,M,,,,1489,AUG25,0,40,2011,
11625511,"Laimina, Alise",LAT,F,,,,1666,AUG25,0,40,2009,w
11602465,"Laimins, Lauris",LAT,M,,,,2157,AUG25,0,20,1976,
11603348,"Laizans, Aivars",LAT,M,,,,1934,AUG25,0,40,1969,
11603046,"Laizans, Austris",LAT,M,,,,1623,AUG25,0,40,1990,i
11609443,"Laksis, Dans",LAT,M,,,,1628,AUG25,0,40,1999,i
11600047,"Lanka, Zigurds",LAT,M,GM,FST,,2334,AUG25,0,10,1960,
11622105,"Lapins, Rainers",LAT,M,,,,1573,AUG25,0,40,2010,
11602805,"Lapsa, Guntis",LAT,M,,,,2008,AUG25,0,40,1982,i
11604778,"Lapsevskis, Roberts",LAT,M,,,,1804,AUG25,0,40,1984,i
11608994,"Lapurins, Ricards",LAT,M,,,,1420,AUG25,0,40,1999,i
11632259,"Laskovs, Romans",LAT,M,,,,1555,AUG25,0,40,2012,
11619015,"Lasmanis, Reinis",LAT,M,,,,1594,AUG25,0,40,1989,i
11601647,"Lavendelis, Egons",LAT,M,FM,,,2279,AUG25,0,20,1984,
11609168,"Lavrinovics, Dmitrijs",LAT,M,,,,1588,AUG25,0,40,1976,i
11635452,"Lazars, Krisjanis",LAT,M,,,,1845,AUG25,16,40,2013,
11634200,"Lazdina, Adrija",LAT,F,,,,1411,AUG25,0,40,2014,w
11619643,"Lazdina, Ingrida",LAT,F,,,,ACM,AUG25,1754,0,1983,wi
11634197,"Lazdina, Keitija",LAT,F,,,,1600,AUG25,6,40,2012,w
11618701,"Lazovskis, Lauris",LAT,M,,,,1426,AUG25,0,20,2006,i
11604816,"Lebedevs, Aleksandrs",LAT,M,,,,1735,AUG25,0,40,1976,i
11607564,"Lebedevs, Ilja",LAT,M,,,,1767,AUG25,0,40,1992,i
11604085,"Lebedevs, Jevgenijs",LAT,M,,,,1758,AUG25,0,20,1947,i
11644915,"Leikarts, Arnis",LAT,M,,,,1432,AUG25,0,40,1972,
11608455,"Leitans, Daniels",LAT,M,,,,1611,AUG25,0,20,2004,i
11611561,"Leja, Daniels",LAT,M,,,,1417,AUG25,0,40,2006,i
11611553,"Leja,Deivids",LAT,M,,,,1627,AUG25,0,40,2005,i
11613866,"Lejnieks, Roberts",LAT,M,,,,1767,AUG25,0,40,1979,i
11607254,"Lele, Emili",LAT,F,,,,1543,AUG25,0,20,2004,wi
11602856,"Lelis, Edgars",LAT,M,,,,2004,AUG25,0,20,1991,i
11604328,"Lelis, Janis",LAT,M,,FA,,1816,AUG25,0,20,1947,i
11638893,"Leonovics, Eduards",LAT,M,,,,1574,AUG25,0,20,1998,
11607289,"Leonovs, Jegors",LAT,M,,,,1620,AUG25,0,20,2004,i
11609257,"Leonovs,Glebs",LAT,M,,,,1617,AUG25,0,40,2004,i
11606207,"Lepjohina, Valerija",LAT,F,,,,1657,AUG25,0,20,2001,wi
11629290,"Lescenko, Maksims",LAT,M,,,,1510,AUG25,0,40,2011,
11609729,"Levcenkova, Sofija Viktorija",LAT,F,,,,1415,AUG25,0,40,2003,wi
11654880,"Levsunovs, Alekss",LAT,M,,,,1763,AUG25,3,40,1993,
11635894,"Libensons, Julijs",LAT,M,,,,1826,AUG25,5,20,1969,
11600799,"Lickrastina, Agnese",LAT,F,WIM,WIM,,2123,AUG25,0,20,1972,wi
11600500,"Lielmezs, Girts",LAT,M,,,,1967,AUG25,0,20,1977,
11621176,"Liepina, Daniela Nikola",LAT,F,,,,1519,AUG25,0,40,2009,w
11617977,"Liepina, Elza",LAT,F,,,,1462,AUG25,0,40,2008,wi
11641550,"Liepina, Sofija",LAT,F,,,,1422,AUG25,0,40,2014,w
11640219,"Liepins, Arturs",LAT,M,,,,1575,AUG25,0,40,2015,
11603054,"Liepins, Janis",LAT,M,,,,1891,AUG25,0,40,1943,i
11602406,"Liepins, Karlis",LAT,M,,,,1896,AUG25,0,40,1992,i
11603682,"Liepins, Martins",LAT,M,,,,1933,AUG25,0,20,1940,i
11601574,"Liepins, Oliver",LAT,M,,,,2052,AUG25,0,20,1971,i
11636785,"Ligotnis, Maksims",LAT,M,,,,1857,AUG25,5,40,2011,
11603542,"Limanovska, Elizabete",LAT,F,WFM,WFM,,2176,AUG25,0,20,2000,wi
11604530,"Limanovskis, Elvis",LAT,M,,,,1702,AUG25,0,40,1996,i
11606100,"Lindermans, Pavels",LAT,M,,,,1917,AUG25,0,20,2001,i
11615257,"Linins, Aivars",LAT,M,,,,1570,AUG25,0,40,1957,i
11607440,"Lipkins, Marks",LAT,M,,,,1758,AUG25,0,40,2003,i
11639903,"Lipsa, Artis",LAT,M,,,,1469,AUG25,0,40,2006,
11639253,"Liscovs, Augusts",LAT,M,,,,1517,AUG25,0,40,2014,
11625740,"Lisovskis, Dmitrijs",LAT,M,,,,1929,AUG25,0,40,2007,
11603992,"Litvjakova, Darija",LAT,F,,,,1755,AUG25,0,20,2000,wi
11620951,"Locmele,Valerija",LAT,F,,,,1464,AUG25,0,40,2010,w
11614609,"Lode, Adrians",LAT,M,,,,1408,AUG25,0,40,2009,i
11607459,"Lokastovs, Daniils",LAT,M,,,,1660,AUG25,0,40,2004,i
11600616,"Luckans, Arnolds",LAT,M,FM,,,2469,AUG25,0,10,1978,i
11603879,"Lukonins, Aleksejs",LAT,M,,,,1590,AUG25,0,40,1990,i
11635134,"Luksevics, Aksels",LAT,M,,,,1534,AUG25,0,40,2012,
11606118,"Luscenkovs, Artjoms",LAT,M,,,,1863,AUG25,0,20,2000,i
11648600,"Luse, Elizabete Anna",LAT,F,,,,1429,AUG25,0,40,2010,w
11635517,"Lusis, Kristers",LAT,M,,,,1524,AUG25,0,40,2011,
11625430,"Lusts, Ricards Martins",LAT,M,,,,1556,AUG25,0,40,2011,
11605812,"Luta, Vilhelms",LAT,M,,,,1664,AUG25,0,40,1937,i
11600268,"Lutskane, Anus",LAT,F,,,,2035,AUG25,0,20,1951,wi
11604441,"Machevskis, Edmunds",LAT,M,,,,1822,AUG25,0,20,1939,i
11644567,"Mackevics, Raivis",LAT,M,,,,1737,AUG25,0,40,1977,i
11618272,"Macuks, Timofejs",LAT,M,,,,1549,AUG25,0,40,2008,
11610476,"Mahadbekov, Mahmud",LAT,M,,,,1580,AUG25,0,40,2005,i
11634146,"Maizenbergs, Levs",LAT,M,,,,1581,AUG25,0,40,2015,
11644109,"Makarovs, Daniils",LAT,M,,,,1587,AUG25,0,40,2017,
11620072,"Maklakova, Dafne",LAT,F,,,,1537,AUG25,0,40,2011,w
11617748,"Maklakova, Naomi",LAT,F,WCM,WCM,,1984,AUG25,16,40,2010,w
11603470,"Maklakova, Nellija",LAT,F,,"FI,NA",,1881,AUG25,18,20,1981,w
11613548,"Maksimovs, Mihails",LAT,M,,,,1460,AUG25,0,40,2006,i
11602546,"Makukins, Maksims",LAT,M,,,,1762,AUG25,0,40,2000,i
11643544,"Malakalns, Martins",LAT,M,,,,1714,AUG25,0,40,2008,
11604204,"Malnieks, Karlis",LAT,M,,,,1911,AUG25,0,20,2001,i
11625600,"Manzurcevs, Ralfs",LAT,M,,,,1607,AUG25,0,40,2009,i
11601540,"Marcinkevics, Oskars",LAT,M,,,,1945,AUG25,0,20,1993,i
11604565,"Markauss, Daniels",LAT,M,,,,1921,AUG25,0,20,1998,i
11636483,"Markovs, Ernests",LAT,M,,,,1513,AUG25,0,40,2012,i
11611138,"Marstupa,Rodions",LAT,M,,,,1523,AUG25,0,40,2002,i
11600012,"Marutkins, Olegs",LAT,M,,,,2135,AUG25,0,20,1996,i
11622130,"Maskalans, Nils",LAT,M,,,,1430,AUG25,0,40,2007,i
11601914,"Matcins, Aleksejs",LAT,M,,,,2115,AUG25,0,20,1985,
11628545,"Matisons, Janis Mihaels",LAT,M,,,,1864,AUG25,0,40,2008,
11607467,"Matrosovs, Aleksandrs",LAT,M,,,,1569,AUG25,0,40,2003,i
11606126,"Matvejevs, Andrejs",LAT,M,,,,1868,AUG25,0,40,1996,i
11601710,"Matvieks, Nikolajs",LAT,M,,,,2015,AUG25,0,20,1939,i
11610344,"Medina, Ruta",LAT,F,,,,1551,AUG25,0,40,2003,wi
11616601,"Mednis,Agnis",LAT,M,,,,1685,AUG25,0,20,1993,
11605162,"Megnis, Renars",LAT,M,,,,1878,AUG25,0,40,1999,i
11605820,"Meiers, Gundars",LAT,M,,,,1788,AUG25,0,20,1957,
11623900,"Meinarts, Marks",LAT,M,,,,1566,AUG25,0,40,1999,i
11600845,"Melderis, Uldis",LAT,M,,,,1896,AUG25,0,20,1961,
11605839,"Melihovs, Stanislavs",LAT,M,,,,AFM,AUG25,1660,0,1978,
11617560,"Melnikovs, Glebs",LAT,M,,,,1470,AUG25,0,40,2009,i
11602287,"Melnikovs, Svjatoslav",LAT,M,,,,2062,AUG25,0,20,1990,i
11624647,"Melnis, Kristers",LAT,M,,,,1476,AUG25,0,40,2000,i
11655003,"Mence, Aija",LAT,F,,,,1786,AUG25,7,40,1974,w
11635525,"Mence, Jasmina",LAT,F,,,,1492,AUG25,7,40,2015,w
11610484,"Mende, Alise",LAT,F,,,,1485,AUG25,0,40,2003,wi
11624710,"Merzlovs, Timurs",LAT,M,,,,1450,AUG25,0,40,2011,i
11602740,"Meshkovs, Nikita",LAT,M,GM,,,2547,AUG25,11,10,1994,
11606347,"Mesters, Janis",LAT,M,,,,1719,AUG25,0,40,1949,
11601663,"Metreveli, Sergejs",LAT,M,,,,2179,AUG25,0,40,1982,i
11644435,"Mezale, Herta",LAT,F,,,,1545,AUG25,0,40,2011,w
11600691,"Michailovs, Romans",LAT,M,,,,2160,AUG25,0,40,1978,i
11607521,"Micko, Leonids",LAT,M,,,,1483,AUG25,0,40,2004,i
11634715,"Midega, Estere",LAT,F,,,,1454,AUG25,0,40,2008,wi
11617292,"Mierina, Lauma",LAT,F,,,,1660,AUG25,0,40,2011,w
11632070,"Mierina, Liva",LAT,F,,,,1611,AUG25,0,40,2014,w
11616830,"Mierins, Emils Janis",LAT,M,,,,2199,AUG25,0,20,2005,
11603178,"Mierins, Eriks",LAT,M,,,,2041,AUG25,0,20,1973,
11604336,"Mierins, Guntars",LAT,M,,,,1652,AUG25,0,40,2001,i
11604344,"Mierins, Imants",LAT,M,,,,1596,AUG25,0,40,2003,i
11600136,"Miezis, Normunds",LAT,M,GM,,,2366,AUG25,9,10,1971,
11604964,"Migunova, Aleksandra",LAT,F,,,,1857,AUG25,0,20,2000,wi
11604891,"Migunovs, Andrejs",LAT,M,,,,1941,AUG25,0,20,1998,i
11603690,"Mihailovs, Arturs",LAT,M,,IO,,1922,AUG25,0,20,1982,i
11601531,"Mihailovs, Jurijs",LAT,M,IM,,,2434,AUG25,0,10,1989,i
11641355,"Mihailovskis, Timurs",LAT,M,,,,1558,AUG25,0,40,2012,
11602996,"Mihalevica, Diana",LAT,F,,,,2105,AUG25,0,40,1985,wi
11635703,"Mikalausks, Valerijs",LAT,M,,,,1414,AUG25,0,40,1985,i
11633832,"Mikelsons, Kaspars",LAT,M,,,,1529,AUG25,0,40,1983,
11607475,"Mikelsons, Mikelis-Emils",LAT,M,,,,1950,AUG25,0,20,2000,i
11633018,"Mileiko, Juris",LAT,M,,NA,,1683,AUG25,9,20,1953,
11608803,"Miles, Jana",LAT,F,,,,1925,AUG25,0,40,1981,wi
11623187,"Milovs, Daniels",LAT,M,,,,1942,AUG25,0,20,2001,i
11606363,"Mitenieks, Matiss",LAT,M,,,,1882,AUG25,0,20,1970,i
11609192,"Mjatezs, Ivans",LAT,M,,,,1866,AUG25,0,20,2006,
11642939,"Moisejevs, Glebs",LAT,M,,,,1747,AUG25,0,20,1976,
11640472,"Molcanovs, Jevgenijs",LAT,M,,,,1439,AUG25,0,40,2010,i
11604506,"Morozli, Grigorijs",LAT,M,,,,1963,AUG25,0,20,2003,i
11612770,"Morozovs, Deniss",LAT,M,,,,1744,AUG25,0,20,2003,i
11639440,"Morozovs, Nikita",LAT,M,,,,1466,AUG25,0,40,2010,i
11622660,"Mucenieks, Marks",LAT,M,,,,1830,AUG25,0,20,2003,
11603704,"Muhamadejevs, Rinats",LAT,M,,,,2313,AUG25,0,20,1984,i
11622369,"Murdasovs, Jevgenijs",LAT,M,,,,1860,AUG25,0,40,1951,i
11640170,"Murinovs, Matvejs",LAT,M,,,,1560,AUG25,0,40,2014,
11629100,"Murnieks, Armands",LAT,M,,,,1531,AUG25,0,40,2007,i
11602295,"Mustaps, Matiss",LAT,M,FM,,,2363,AUG25,0,20,1990,
11626348,"Muzis, Renars",LAT,M,,,,2121,AUG25,0,40,2009,
11636009,"Nagle, Miroslava",LAT,F,,,,1537,AUG25,0,40,2011,w
11617659,"Napins, Vadims",LAT,M,,,,1555,AUG25,0,20,1946,i
11606908,"Naumovs, Aleksejs",LAT,M,,,,1684,AUG25,0,40,2000,i
11606959,"Naumovs, Andrejs",LAT,M,,,,1477,AUG25,0,40,2001,i
11607106,"Nazarcuks, Nikolajs",LAT,M,,,,1683,AUG25,0,40,1938,i
11623225,"Nazarovs, Daniils",LAT,M,,,,1719,AUG25,0,40,2010,
11633433,"Nazarovs, Marks",LAT,M,,,,1404,AUG25,0,40,2014,
11601388,"Neiksans, Arturs",LAT,M,GM,FT,,2584,AUG25,0,10,1983,
11602180,"Nemkovs, Vjaceslavs",LAT,M,,,,1712,AUG25,0,20,1939,
11600853,"Nevickis, Arturs",LAT,M,,,,1915,AUG25,0,40,1937,i
11600829,"Nevickis, Nikolajs",LAT,M,,,,2044,AUG25,0,20,1931,i
11608684,"Nevickis, Sergejs",LAT,M,,,,1529,AUG25,0,40,1953,i
11602481,"Ni, Polina",LAT,F,,"FI,FA",,1884,AUG25,0,20,1971,w
11610948,"Niciporuks, Vladislavs",LAT,M,,,,1446,AUG25,0,40,2005,i
11608366,"Nikiforovs, Georgijs",LAT,M,,,,1512,AUG25,0,40,1958,i
11617543,"Nikitins, Mirons",LAT,M,,,,1448,AUG25,0,40,2009,
11601493,"Nikolajev, Denis",LAT,M,,,,2345,AUG25,0,20,1983,i
11606592,"Nikolajeva, Marija",LAT,F,,,,1840,AUG25,0,20,2002,wi
11648104,"Nilovs, Artemijs",LAT,M,,,,1724,AUG25,0,40,2015,
11635312,"Noreikis, Andris",LAT,M,,,,1824,AUG25,0,40,1978,i
11633476,"Noreikis, Konstantins",LAT,M,,,,1409,AUG25,0,40,2013,
11647680,"Novickis, Aleksis",LAT,M,,,,1460,AUG25,0,40,2014,
11611413,"Noviks, Maris",LAT,M,,,,1874,AUG25,0,20,1982,i
11605065,"Novoksconovs, Vladimirs",LAT,M,,,,1862,AUG25,0,20,1950,i
11604212,"Nuksa, Kaspars",LAT,M,,,,1737,AUG25,0,20,1999,i
11611707,"Nuksevics, Rudolfs",LAT,M,,,,1633,AUG25,0,40,2000,i
11631830,"Olshevskis, Aleksejs Jans",LAT,M,,,,1820,AUG25,0,40,2010,
11604352,"Omuls, Peteris",LAT,M,,,,1645,AUG25,0,20,1941,i
11601655,"Orlina, Laura",LAT,F,,,,1818,AUG25,0,20,1996,wi
11633140,"Orlovs, Vladimirs",LAT,M,,,,1568,AUG25,0,20,2006,
11601825,"Orlovska, Madara",LAT,F,,,,2059,AUG25,0,20,1986,w
11636173,"Orlovskis, Jaroslavs",LAT,M,,,,1862,AUG25,0,40,2012,
11629525,"Oshmjanskis, Konstantins",LAT,M,,,,1413,AUG25,0,40,1972,i
11639717,"Osipovs, Luka",LAT,M,,,,1547,AUG25,0,40,2011,
11602341,"Osis, Renars",LAT,M,,,,2094,AUG25,0,20,1979,i
11610867,"Osobskaja, Zinaida",LAT,F,,,,1758,AUG25,0,20,1952,w
11601752,"Osokins, Andrejs",LAT,M,,,,2082,AUG25,0,20,1984,i
11603550,"Otikova, Elina",LAT,F,WFM,WFM,,2069,AUG25,0,20,1993,w
11617594,"Otrohovs, Maksims",LAT,M,,,,1913,AUG25,0,40,2007,
11618949,"Ott Karl, Joachim",LAT,M,,,,1525,AUG25,0,40,1970,i
11606142,"Ovcinkins, Arsenijs",LAT,M,,,,1709,AUG25,0,20,2002,
11623810,"Ozolina, Elina",LAT,F,,,,1441,AUG25,0,40,2007,wi
11602678,"Ozolins, Ansis",LAT,M,,,,2063,AUG25,0,20,1989,i
11601671,"Ozolins, Aris",LAT,M,FM,,,2147,AUG25,0,20,1957,i
11649631,"Ozolins, Gatis",LAT,M,,,,1500,AUG25,0,40,1972,
11624957,"Ozolins, Roberts",LAT,M,,,,1556,AUG25,0,40,2008,
11622989,"Ozolins,Kristaps",LAT,M,,,,1730,AUG25,0,40,2010,
11605456,"Ozols, Andris",LAT,M,,,,1663,AUG25,0,20,1968,
11602457,"Ozols-Ozolins, Ainars",LAT,M,,,,2184,AUG25,0,40,1985,i
11612738,"Pabriks, Hauke Namejs",LAT,M,,,,1602,AUG25,0,40,2000,i
11624078,"Paikens, Reinis",LAT,M,,,,2255,AUG25,8,40,2008,
11607483,"Pakalns, Raivis Kristians",LAT,M,,,,1851,AUG25,0,20,2002,
11602058,"Pakskis, Kristaps",LAT,M,FM,,,2303,AUG25,0,20,1990,i
11601507,"Pakula, Aleksej",LAT,M,,NA,,2132,AUG25,0,40,1979,i
11600969,"Pandars, Maris",LAT,M,,,,2225,AUG25,0,20,1977,i
11615052,"Panferovs, Olegs",LAT,M,,,,1571,AUG25,0,40,2006,i
11603720,"Pankratovs, Vladimirs",LAT,M,,,,2012,AUG25,0,40,1972,i
11603950,"Panovs, Maksims",LAT,M,,,,1756,AUG25,0,40,1999,i
11602473,"Panzhina, Jekaterina",LAT,F,,,,1919,AUG25,0,20,1990,wi
11606185,"Parhomenko, Anastasija",LAT,F,,,,1712,AUG25,0,20,2002,w
11603216,"Parhomenko, Margarita",LAT,F,,,,1958,AUG25,0,20,1999,w
11616172,"Parhomenko,Igors",LAT,M,,,,1455,AUG25,0,40,2009,i
11600721,"Pashkov, Anatolij",LAT,M,,,,2196,AUG25,0,20,1980,i
11631295,"Paune, Inese",LAT,F,,FI,,1632,AUG25,0,40,1968,wi
11632631,"Pavlovs, Jegors",LAT,M,,,,1511,AUG25,0,40,2014,
11605855,"Pavlovs, Nikita",LAT,M,,,,2022,AUG25,0,20,2002,
11617306,"Pavlovs, Ostins",LAT,M,,,,1661,AUG25,0,40,2008,
11601736,"Pavlovs, Sergejs",LAT,M,,,,1946,AUG25,0,20,1979,i
11602570,"Pavlucenko, Aleksejs",LAT,M,,,,1934,AUG25,0,20,1990,i
11601434,"Pcolkins, Nikolajs",LAT,M,,,,1602,AUG25,0,20,1940,i
11624825,"Pekarskis, Vsevolods",LAT,M,,,,1613,AUG25,0,40,2010,
11639954,"Peks, Jegors",LAT,M,,,,1426,AUG25,0,40,2012,i
11606843,"Pelle, Roberts",LAT,M,,,,1568,AUG25,0,40,1999,i
11635568,"Petersons, Franks",LAT,M,,,,1604,AUG25,0,40,2012,
11640324,"Petersons, Janis",LAT,M,,,,1651,AUG25,0,40,1983,i
11607769,"Petersons, Ojars",LAT,M,,,,1694,AUG25,0,20,1961,
11630426,"Petersons, Patriks",LAT,M,,,,1554,AUG25,0,40,2010,i
11606800,"Petrova, Vita",LAT,F,,,,1756,AUG25,0,20,2001,wi
11652187,"Petrovics, Kristofers",LAT,M,,,,1512,AUG25,0,40,2010,
11601892,"Petrovs, Aleksandrs",LAT,M,,,,1860,AUG25,0,20,1947,i
11618795,"Petrovs, Arsenijs",LAT,M,,,,1513,AUG25,0,40,2008,i
11604379,"Petrovs, Jaroslavs",LAT,M,,,,1865,AUG25,0,20,2002,
11613971,"Petrovs, Renars",LAT,M,,,,1865,AUG25,0,40,2007,
11604476,"Petrovska, Arina",LAT,F,,,,1750,AUG25,0,20,2003,wi
11638290,"Petrovskis, Normunds",LAT,M,,,,1472,AUG25,0,40,2013,
11603186,"Petrovskis, Olegs",LAT,M,,,,2101,AUG25,0,20,1998,i
11603968,"Petrovskis, Viktors",LAT,M,,,,1811,AUG25,0,40,1961,i
11616091,"Pidgora,Andrejs",LAT,M,,,,1715,AUG25,0,20,2006,i
11609117,"Piksis, Davids",LAT,M,,,,1786,AUG25,0,20,2002,i
11635320,"Pivovarovs, Andrejs",LAT,M,,,,1491,AUG25,0,40,2012,
11626879,"Pivovarovs, Davids",LAT,M,,,,1464,AUG25,0,40,2008,i
11636378,"Pivovarovs, Matvejs Zeliks",LAT,M,,,,1467,AUG25,0,40,2011,i
11612150,"Plate, Marks",LAT,M,,,,1715,AUG25,0,40,1984,i
11622598,"Platonovs, Nikolajs",LAT,M,,,,2054,AUG25,0,40,2012,
11604840,"Plitnieks, Janis",LAT,M,,,,1747,AUG25,0,40,1944,i
11646250,"Podens, Raivo",LAT,M,,,,1433,AUG25,0,40,2010,
11628731,"Podgornijs, Bogdans",LAT,M,,,,1605,AUG25,0,40,2009,i
11629266,"Podgornijs, Makars",LAT,M,,,,1420,AUG25,0,40,2009,i
11613327,"Podojniks, Marks Ernests",LAT,M,,,,1669,AUG25,0,20,2005,i
11601272,"Podprigora, Dmitrij",LAT,M,,,,2159,AUG25,0,40,1981,i
11604387,"Podzins, Rihards",LAT,M,,,,1707,AUG25,0,40,1999,i
11614269,"Pogorelovs,Dmitrijs",LAT,M,,,,1690,AUG25,0,40,2007,
11620587,"Pogrebnojs, Damirs",LAT,M,,,,1529,AUG25,0,40,2010,
11602333,"Pogrebnojs, Dmitrijs",LAT,M,,,,AIM,AUG25,1976,0,1979,
11626500,"Pokatovs, Kirills",LAT,M,,,,1422,AUG25,0,40,2010,
11609176,"Polakovs, Viktors",LAT,M,,,,1819,AUG25,0,20,1962,i
11611367,"Policans, Kristers",LAT,M,,,,1648,AUG25,0,20,2006,i
11602953,"Polyakov, Fedor",LAT,M,,,,2084,AUG25,0,20,2000,
11603976,"Pomahs, Martins",LAT,M,,,,1897,AUG25,0,20,1978,i
11603194,"Pomahs, Ziedonis",LAT,M,,,,1509,AUG25,0,20,1947,i
11637510,"Posohovskis, Markus",LAT,M,,,,1494,AUG25,0,40,2011,
11601639,"Potuznij, Dmitrij",LAT,M,,,,2153,AUG25,0,40,1972,i
11600217,"Priedite, Ingrida",LAT,F,WFM,WFM,,2002,AUG25,0,20,1954,wi
11600993,"Prieditis, Aivars",LAT,M,,,,1475,AUG25,0,40,1973,i
11601760,"Priednieks, Eriks",LAT,M,,,,2091,AUG25,0,20,1939,i
11603739,"Pronins, Aleksandrs",LAT,M,,,,1849,AUG25,0,20,1997,i
11647302,"Provorovs, Roberts",LAT,M,,,,1487,AUG25,0,40,2012,
11613718,"Prudnikovs, Stefans",LAT,M,,,,1489,AUG25,0,40,2009,i
11602511,"Pucena, Mara",LAT,F,,,,1951,AUG25,0,40,1988,wi
11628855,"Pucinskis, Mihails",LAT,M,,,,1564,AUG25,0,40,2010,
11621893,"Pukite, Elza",LAT,F,,,,1519,AUG25,0,40,2010,wi
11605073,"Puntus, Vladimirs",LAT,M,,,,1890,AUG25,0,20,1955,i
11635304,"Purvins, Martins",LAT,M,,,,1525,AUG25,0,40,1960,i
11605170,"Pusmucans, Gunars",LAT,M,,,,1814,AUG25,0,40,1958,i
11600659,"Putka, Verners",LAT,M,FM,FT,,2307,AUG25,0,20,1977,i
11644397,"Radcenko, Igors",LAT,M,,,,1474,AUG25,0,40,2013,
11603372,"Rahunoks, Arturs",LAT,M,,,,1939,AUG25,0,40,1990,i
11604700,"Rasa, Gints",LAT,M,,,,2031,AUG25,0,20,1973,i
11608846,"Rastorgujeva, Alina",LAT,F,,,,1569,AUG25,0,40,2005,wi
11601000,"Ratke, Aija",LAT,F,,,,2006,AUG25,0,40,1973,wi
11608889,"Ratniece, Laura",LAT,F,,,,1702,AUG25,0,20,1988,wi
11629347,"Ratnieks, Ojars Vilmars",LAT,M,,,,1570,AUG25,0,40,1994,i
11625465,"Raudenieks, Kristians",LAT,M,,,,1498,AUG25,0,40,2009,i
11625473,"Raudenieks, Markus",LAT,M,,,,1511,AUG25,0,40,2009,i
11601060,"Raudive, Aivars",LAT,M,FM,,,2288,AUG25,0,20,1966,i
11600250,"Rause, Olita",LAT,F,IM,WGM,,2192,AUG25,0,20,1962,wi
11615435,"Reiha,Ance",LAT,F,,,,1532,AUG25,0,20,2006,w
11602988,"Reimanis, Ritvars",LAT,M,IM,,,2355,AUG25,0,10,1991,
11601124,"Reizniece, Dana",LAT,F,WGM,WGM,IO,2237,AUG25,0,20,1981,w
11609656,"Renga, Kristaps",LAT,M,,,,1695,AUG25,0,40,1991,i
11643455,"Resetnikovs, Andrejs",LAT,M,,,,1554,AUG25,0,40,1946,
11605006,"Reznikovs, Aleksandrs",LAT,M,,,,1860,AUG25,0,20,1985,i
11624884,"Rezniks, Roberts",LAT,M,,,,1784,AUG25,4,40,2009,
11600837,"Ribkinskis, Tomass",LAT,M,,,,1843,AUG25,0,20,1938,i
11624000,"Rikmane, Linda",LAT,F,,,,1568,AUG25,0,40,2009,w
11616245,"Rinkevics,Ralfs",LAT,M,,,,1492,AUG25,0,40,2006,i
11603380,"Rizihs, Valerijs",LAT,M,,,,1713,AUG25,0,20,1983,
11618329,"Rizovs, Markuss",LAT,M,,,,1437,AUG25,0,40,2005,i
11600772,"Rocko, Ilja",LAT,M,,,,2200,AUG25,0,20,1975,i
11601876,"Rogule, Laura",LAT,F,WGM,WGM,,2243,AUG25,0,20,1988,w
11602775,"Rogulis, Uldis",LAT,M,,,,1611,AUG25,0,20,1957,i
11645873,"Romanivs, Andrejs",LAT,M,,,,1466,AUG25,0,40,2015,
11601922,"Romanovs, Valentins",LAT,M,,,,1995,AUG25,0,40,1986,i
11634081,"Romanovskis, Davis",LAT,M,,,,1661,AUG25,0,40,2005,i
11601051,"Roze, Janis",LAT,M,,,,1738,AUG25,0,20,1950,
11600802,"Rozlapa, Vija",LAT,F,,FT,,1910,AUG25,0,20,1942,w
11602970,"Rubins, Viktors",LAT,M,,,,1914,AUG25,0,40,1949,i
11606380,"Rucs, Andris",LAT,M,,,,1888,AUG25,0,20,1984,i
11602554,"Rudovska, Elina",LAT,F,,,,1882,AUG25,0,20,1988,wi
11633387,"Rudzitis, Jekabs",LAT,M,,,,1405,AUG25,0,40,2012,
11647760,"Rudzitis, Kristaps",LAT,M,,,,1651,AUG25,0,40,2006,
11636734,"Rundale, Lelde",LAT,F,,,,1408,AUG25,0,40,2008,wi
11606940,"Rungenfelde, Elizabete",LAT,F,,,,1590,AUG25,0,40,2002,wi
11616547,"Rupais,Emils",LAT,M,,,,1585,AUG25,0,20,1977,
11614854,"Rupais,Gustavs",LAT,M,,,,1877,AUG25,0,40,2008,
11600683,"Rusakova, Natalija",LAT,F,,,,2015,AUG25,0,20,1975,wi
11606231,"Rusakovs, Martins",LAT,M,,,,1769,AUG25,0,40,1998,i
11638028,"Sabluks, Marks",LAT,M,,,,1469,AUG25,0,40,2012,
11600900,"Safonov, Nikolaj",LAT,M,,,,1990,AUG25,0,20,1963,i
11604727,"Safonovs, Romans",LAT,M,,,,1923,AUG25,0,20,1987,
11647817,"Sahins, Berke",LAT,M,,,,1575,AUG25,0,40,2012,
11600586,"Sakovich, Igor",LAT,M,FM,,,2142,AUG25,0,20,1938,i
11619821,"Sakovics, Viktors",LAT,M,,,,1593,AUG25,0,40,1957,i
11602937,"Saksis, Ivo",LAT,M,,,,1842,AUG25,0,40,1973,i
11607084,"Saksis, Juris",LAT,M,,,,1960,AUG25,0,40,1952,i
11605871,"Salenieks, Eduards",LAT,M,,,,1864,AUG25,0,20,1998,i
11639660,"Salna, Eduards",LAT,M,,,,1567,AUG25,0,40,2006,i
11607505,"Salzirnis, Patriks",LAT,M,,,,1589,AUG25,0,40,2002,i
11602112,"Samolins, Vitalijs",LAT,M,IM,,,2406,AUG25,0,10,1990,i
11633336,"Sarbantovics, Roberts",LAT,M,,,,1537,AUG25,0,40,2011,
11638249,"Saricevs, Romans",LAT,M,,,,1531,AUG25,0,40,1983,i
11603399,"Sarkans, Auseklis",LAT,M,,,,1967,AUG25,0,40,1989,i
11603003,"Sarnovska, Eira",LAT,F,,,,1822,AUG25,0,20,1998,wi
11630159,"Sarsuns, Stanislavs",LAT,M,,,,1535,AUG25,0,40,1950,i
11629126,"Savchenko, Vjacheslavs",LAT,M,,,,AIM,AUG25,1730,0,1987,
11605189,"Savchuks, Kirils",LAT,M,,,,1710,AUG25,0,40,1998,i
11601779,"Saveljevs, Aleksandrs",LAT,M,,,,2020,AUG25,0,20,1985,
11602082,"Saveljevs, Aleksandrs",LAT,M,,,,1977,AUG25,0,40,1986,i
11617489,"Savicevs, Arsenijs",LAT,M,FM,,,2211,AUG25,0,20,2008,
11633212,"Savins, Semjons",LAT,M,,,,1546,AUG25,0,40,2013,
11600578,"Savko, Alexei",LAT,M,FM,,,2335,AUG25,0,20,1974,i
11620692,"Savkovs, Matvejs",LAT,M,,,,1467,AUG25,0,40,2009,i
11606975,"Savruckis, Davids",LAT,M,,,,1686,AUG25,0,20,2001,i
11618159,"Scadilovs, Vsevolods",LAT,M,,,,1458,AUG25,0,40,2007,i
11600543,"Segal, Naum",LAT,M,,,,1874,AUG25,0,20,1934,
11603747,"Seglins, Juris",LAT,M,,,,1941,AUG25,0,40,1964,i
11611936,"Seiksts, Augusts",LAT,M,,,,1420,AUG25,0,40,1960,
11603402,"Selivanovs, Anatolijs",LAT,M,,,,1776,AUG25,0,20,1954,
11600608,"Semasev, Kim",LAT,M,FM,,,2249,AUG25,0,20,1932,i
11604263,"Semjonovs, Ilja",LAT,M,FM,,,2363,AUG25,0,10,2002,
11604271,"Semjonovs, Vsevolods",LAT,M,,,,1927,AUG25,0,20,2000,i
11616210,"Semjonovs,Milans",LAT,M,,,,1482,AUG25,0,40,2007,i
11601698,"Serdjuks, Makss",LAT,M,,,,1906,AUG25,0,20,1997,i
11608056,"Sergejeva, Sofija",LAT,F,,,,1591,AUG25,0,20,2006,wi
11610492,"Sergejevs, Germans",LAT,M,,,,1524,AUG25,0,40,2008,i
11605278,"Sermons, Uldis",LAT,M,,,,2021,AUG25,0,20,1964,i
11643722,"Sersnovs, Marks",LAT,M,,,,1504,AUG25,0,40,2014,
11640308,"Sersnovs, Pavels",LAT,M,,,,1468,AUG25,0,40,2016,
11620528,"Sestakovs, Maksims",LAT,M,,,,1431,AUG25,0,40,2004,
11604921,"Sevastjanovs, Roberts",LAT,M,,,,1766,AUG25,0,20,2002,i
11627000,"Shabashov, Danila",LAT,M,,,,1507,AUG25,0,40,1980,i
11609036,"Shaburishvili,Giorgi",LAT,M,,,,1800,AUG25,0,20,2003,
11632771,"Shalashovs, Mikhails",LAT,M,,,,1501,AUG25,0,40,2010,i
11608048,"Sharakovs, Ilja",LAT,M,,,,1782,AUG25,0,40,1999,i
11622679,"Shmins, Andrejs",LAT,M,,,,1516,AUG25,0,40,2005,i
11602414,"Shumskis, Aleksandrs",LAT,M,,,,1966,AUG25,0,20,1997,i
11601400,"Shutovs, Artjoms",LAT,M,,,,1801,AUG25,0,40,1994,
11635339,"Shvab, Petr",LAT,M,,,,1646,AUG25,0,40,2008,i
11603127,"Sics, Maksims",LAT,M,,,,1875,AUG25,0,20,1996,i
11618523,"Sigats, Tomass",LAT,M,,,,1538,AUG25,0,40,2005,i
11609680,"Silins, Juris",LAT,M,,,,1619,AUG25,0,40,2003,i
11602813,"Silmalis, Janis",LAT,M,,,,1678,AUG25,0,20,1958,
11603755,"Simcaks, Sergejs",LAT,M,,,,1902,AUG25,0,20,1969,
11604468,"Sinauridze, Simons",LAT,M,,,,1964,AUG25,0,20,2000,i
11630019,"Sinicina, Jevgenija",LAT,F,,,,1571,AUG25,0,40,2011,wi
11630620,"Sinicins, Sergejs",LAT,M,,,,1561,AUG25,0,40,1975,i
11609150,"Sinijs, Adrians",LAT,M,,,,1789,AUG25,0,20,2002,i
11603291,"Sinkevica, Julija",LAT,F,,,,1908,AUG25,0,20,1993,wi
44158165,"Sinyavin, Roman",LAT,M,,,,1904,AUG25,0,20,2000,i
11604573,"Sipicins, Alekss",LAT,M,,,,1662,AUG25,0,40,2001,i
11601957,"Sirokov, Jevgenijs",LAT,M,,,,1924,AUG25,0,20,1999,i
11611030,"Sirokova, Jelizaveta",LAT,F,,,,1575,AUG25,0,40,1999,wi
11644931,"Sislovs, Serafims",LAT,M,,,,1500,AUG25,0,40,2013,
11638567,"Sjadrovs, Marks",LAT,M,,,,1527,AUG25,0,40,2015,
11643536,"Skadins, Norberts",LAT,M,,,,1536,AUG25,0,40,2011,
11610077,"Skarbauskas, Valerijs",LAT,M,,,,1476,AUG25,0,20,1965,
11643510,"Skele, Andis",LAT,M,,,,1680,AUG25,0,40,1982,
11603429,"Skinkis, Peteris",LAT,M,,,,1877,AUG25,0,20,1961,i
11640618,"Skitskis, Aleksejs",LAT,M,,,,1499,AUG25,0,40,2008,i
11621621,"Sknarovs, Daniils",LAT,M,,,,1464,AUG25,0,40,2009,i
11605081,"Skonda, Nikolajs",LAT,M,,,,1914,AUG25,0,20,1942,i
11626968,"Skreitule, Undine",LAT,F,,,,1487,AUG25,0,40,2011,wi
11600977,"Skuja, Aivars",LAT,M,,,,1929,AUG25,0,20,1943,
11600276,"Skujina, Guna",LAT,F,WCM,WCM,,2090,AUG25,0,40,1970,wi
11611405,"Slaidins, Janis",LAT,M,,,,1885,AUG25,0,20,1975,i
11644176,"Slepovs, Marians",LAT,M,,,,1474,AUG25,0,40,2015,
11609788,"Slobodjans, Mitrofans",LAT,M,,,,1656,AUG25,0,40,1985,i
11636599,"Slubovskis, Emils",LAT,M,,,,1493,AUG25,0,40,2013,
11648120,"Smalijs, Vladimirs",LAT,M,,,,1418,AUG25,0,40,2012,
11640391,"Smikersts,Dainis",LAT,M,,,,1597,AUG25,0,40,2012,
11636866,"Smilga, Olivers",LAT,M,,,,1482,AUG25,0,40,2016,
11601515,"Smirnov, Aleksandr",LAT,M,,,,2050,AUG25,0,40,1985,i
11614013,"Smirnova, Jekaterina",LAT,F,,,,1570,AUG25,0,40,2007,wi
11601817,"Smirnova, Marina",LAT,F,,,,2073,AUG25,0,20,1983,wi
11602759,"Smirnovs, Aleksandrs",LAT,M,,,,2022,AUG25,0,20,1985,i
11629908,"Smirnovs, Artjoms",LAT,M,,,,1664,AUG25,0,40,2008,i
11603771,"Smislajevs, Olegs",LAT,M,,,,1933,AUG25,0,40,1957,i
11606657,"Smits, Marcis",LAT,M,,,,1909,AUG25,0,40,1975,i
11633166,"Smolakovs, Deniss",LAT,M,,,,1526,AUG25,0,40,2013,
11602015,"Smorodinskis, Igors",LAT,M,FM,,,2177,AUG25,0,20,1963,i
11600306,"Sokolov, Andrei",LAT,M,IM,,,2516,AUG25,0,10,1972,i
11629193,"Sokolovs, Maksimilians",LAT,M,,,,1525,AUG25,0,40,2009,
11611480,"Sokolovskis, Pavels",LAT,M,,,,1938,AUG25,0,40,2007,
11601183,"Sokols, Svjatoslavs",LAT,M,,,,1965,AUG25,0,20,1994,i
11608862,"Solomka, Nikita",LAT,M,,,,1946,AUG25,0,20,2002,i
11602619,"Somova, Nadezda",LAT,F,,,,1981,AUG25,0,20,1990,wi
11602520,"Somova, Olga",LAT,F,,,,1966,AUG25,0,40,1987,wi
11602767,"Somova, Tatjana",LAT,F,,,,1910,AUG25,0,20,1988,wi
11622504,"Sondors, Vjaceslavs",LAT,M,,,,1676,AUG25,0,40,2008,
11604107,"Sparnins, Edgars",LAT,M,,,,1855,AUG25,0,20,1980,i
11629681,"Spiridovska, Renata",LAT,F,,,,1535,AUG25,0,40,2012,w
11629690,"Spiridovskis, Leonels",LAT,M,,,,1421,AUG25,0,40,2014,
11611804,"Spiridovskis, Rafaels",LAT,M,,,,1646,AUG25,0,40,2007,i
11615680,"Spirkova,Marija",LAT,F,,,,1724,AUG25,0,20,2006,w
11629479,"Sprancis, Girts",LAT,M,,,,1408,AUG25,0,40,1977,i
11615826,"Sprindzuks Golubcovs,Edvards",LAT,M,,,,1606,AUG25,0,20,2004,i
11610506,"Springis, Jevgenijs",LAT,M,,,,1916,AUG25,0,20,2006,i
11602910,"Sprostins, Ainars",LAT,M,,,,1942,AUG25,0,40,1969,i
11650583,"Spruga, Roberts",LAT,M,,,,1424,AUG25,0,40,2015,
11603984,"Stabulnieks, Klavs",LAT,M,,,,2251,AUG25,0,20,2000,
11633204,"Stakanovs, Serafims",LAT,M,,,,1430,AUG25,0,40,2011,i
11606568,"Stals, Gunars",LAT,M,,,,1743,AUG25,0,40,1971,i
11610514,"Stanislavskis, Dmitrijs",LAT,M,,,,1704,AUG25,0,20,2003,i
11635916,"Stankevics, Kristians",LAT,M,,,,1430,AUG25,0,40,2012,
11602961,"Starcevs, Dmitrijs",LAT,M,,,,2158,AUG25,0,20,1996,i
11619503,"Stare, Evelina",LAT,F,,,,1486,AUG25,0,40,2009,wi
11601086,"Starostits, Andris",LAT,M,FM,,,2354,AUG25,0,20,1982,i
11600748,"Starostits, Ilmars",LAT,M,GM,,,2317,AUG25,0,10,1979,
11604743,"Stavickis, Isaks",LAT,M,,,,1884,AUG25,0,40,1940,i
11639555,"Steinberga, Anete",LAT,F,,,,1412,AUG25,0,40,2013,w
11611677,"Steinbergs, Raivo",LAT,M,,,,1612,AUG25,0,20,2005,
11605197,"Steinbergs, Viktors",LAT,M,,,,1864,AUG25,0,40,1952,i
11629991,"Steiners, Emils",LAT,M,,,,1933,AUG25,0,40,2011,
11635126,"Steins, Henrijs",LAT,M,,,,1504,AUG25,0,40,2011,
11601078,"Stepanov, Timofej",LAT,M,,,,2218,AUG25,0,20,1980,i
11635797,"Stepanovs, Andrejs",LAT,M,,,,AFM,AUG25,1693,0,1983,i
11610972,"Stepanovs, Dans",LAT,M,,,,1563,AUG25,0,20,2006,i
11622695,"Stepanovs, Ricards",LAT,M,,,,1667,AUG25,0,40,2008,
11602422,"Stepins, Edgars",LAT,M,FM,,,2241,AUG25,0,20,1995,i
11600292,"Stepite, Inta",LAT,F,,,,2050,AUG25,0,40,1971,wi
11604174,"Stepovojs, Viktors",LAT,M,,,,1885,AUG25,0,20,1996,i
11633158,"Sterns, Tomass Kristians",LAT,M,,,,1810,AUG25,0,20,2004,
11622164,"Stikane, Evelina",LAT,F,,,,1662,AUG25,0,20,2006,w
11611782,"Stinka, Gustavs",LAT,M,,NA,,1666,AUG25,0,20,2004,
11631953,"Stirna, Uldis",LAT,M,,,,2048,AUG25,0,40,1973,i
11622903,"Stots, Patriks",LAT,M,,,,1723,AUG25,0,40,1996,i
11622350,"Strazdins, Maris Kristaps",LAT,M,,,,1450,AUG25,0,40,2005,i
11601310,"Strebkovs, Andrejs",LAT,M,,,,2247,AUG25,0,10,1981,
11633174,"Strekalovs, Ernests",LAT,M,,,,1683,AUG25,0,40,2013,
11606177,"Strods, Armands",LAT,M,,,,1738,AUG25,0,40,2001,i
11608625,"Strods, Kristaps Reinis",LAT,M,,,,1895,AUG25,0,20,2003,
11650214,"Strucajevs, Timofejs",LAT,M,,,,1424,AUG25,0,40,2016,
11644613,"Stugis, Edvards",LAT,M,,,,1525,AUG25,0,40,2006,
11644591,"Stugis, Roberts",LAT,M,,,,1833,AUG25,0,40,1976,
11611340,"Stulpina,Liana",LAT,F,,,,1499,AUG25,0,40,2003,wi
11603780,"Sudmale, Galina",LAT,F,,,,1525,AUG25,0,40,1952,wi
11624329,"Sulzingers, Eriks Ariels",LAT,M,,,,1747,AUG25,0,40,2011,
11646225,"Surums, Edmunds",LAT,M,,,,1575,AUG25,7,40,2009,
11641118,"Surunova, Gabriela",LAT,F,,,,1418,AUG25,0,40,2016,w
11602490,"Surzikova, Vera",LAT,F,,,,1458,AUG25,0,20,1936,wi
11613645,"Susejs, Voldemars",LAT,M,,,,1480,AUG25,0,40,1942,i
11635479,"Suslenkovs, Boriss",LAT,M,,,,1508,AUG25,0,40,2014,
11609222,"Svecs, Marks",LAT,M,,,,1549,AUG25,0,40,2005,i
11601884,"Sveshnikov, Vladimir",LAT,M,IM,,,2417,AUG25,0,10,1986,i
11606517,"Svete, Kristaps",LAT,M,,,,1614,AUG25,0,40,1999,i
11608854,"Tabors, Emils",LAT,M,,,,1991,AUG25,0,20,2006,
11632240,"Tarasovs, Glebs",LAT,M,,,,1441,AUG25,0,40,2010,i
11623365,"Tarvids, Roberts",LAT,M,,,,1502,AUG25,0,40,2002,i
11621630,"Taskans, Adrians",LAT,M,,,,1416,AUG25,0,40,2007,
11633875,"Tavars, Henrijs",LAT,M,,,,1413,AUG25,0,40,2010,i
11601930,"Teitelbaums, Aleksandrs",LAT,M,,,,2204,AUG25,0,20,1987,i
11601566,"Tenis, Girts",LAT,M,,,,1938,AUG25,0,20,1971,
11623349,"Tenis, Kristaps",LAT,M,,,,1563,AUG25,0,40,2006,
11614900,"Ter-Avetisjana, Agnesa Stepania",LAT,F,WIM,WIM,,2216,AUG25,9,40,2007,w
11632194,"Teremranova, Sofija",LAT,F,,,,1542,AUG25,0,40,2013,w
11600152,"Terentiev, Sergei",LAT,M,FM,,,2221,AUG25,0,20,1962,i
11613530,"Testelecs, Ilja Kuprijans",LAT,M,,,,1900,AUG25,0,40,2008,
11610522,"Tihijs, Aleksejs",LAT,M,,,,1709,AUG25,0,20,2001,i
11607815,"Tihomirovs, Andris",LAT,M,,,,1626,AUG25,0,20,1981,i
11604581,"Timrots, Adolfs",LAT,M,,,,1697,AUG25,0,40,2002,i
11604972,"Tiselskaja, Alisa",LAT,F,,,,1660,AUG25,0,20,2002,wi
11602830,"Titareva, Anna",LAT,F,,,,1993,AUG25,0,40,1989,wi
11602023,"Titareva, Tatiana",LAT,F,,,,2130,AUG25,0,20,1986,wi
11632682,"Tkacovs, Stanislavs",LAT,M,,,,1438,AUG25,0,40,2011,
11611430,"Tokranova, Evelina",LAT,F,,,,1522,AUG25,0,20,2006,wi
11605600,"Tokranovs, Arturs",LAT,M,,,,1428,AUG25,0,40,2004,i
11603011,"Tokranovs, Dmitrijs",LAT,M,FM,,,2206,AUG25,0,20,1999,i
11622938,"Tolmaceva, Alona",LAT,F,,,,1823,AUG25,0,40,2013,w
11618590,"Tolmacevs, Romans",LAT,M,,,,1970,AUG25,0,40,2011,
11617519,"Tolmacevs,Artjoms",LAT,M,,,,2258,AUG25,0,40,2009,
11633840,"Tolpigins, Aleksandrs",LAT,M,,,,1451,AUG25,0,40,2013,
11645512,"Trapeznikovs, Timurs",LAT,M,,,,1452,AUG25,0,40,2016,
11615745,"Treibusa,Viktorija",LAT,F,,,,1464,AUG25,0,40,2008,wi
11634073,"Treigute, Lea",LAT,F,,,,1430,AUG25,0,40,2012,w
11636149,"Treiguts, Manu",LAT,M,,,,1492,AUG25,0,40,2014,
11638877,"Treikals, Raivis",LAT,M,,,,1558,AUG25,0,40,1996,i
11626470,"Treimanis, Ernests",LAT,M,,,,1580,AUG25,0,40,2009,
11637870,"Trenin, Vassili",LAT,M,,,,1417,AUG25,0,40,2009,i
11631880,"Tronenkova, Vilhelmine",LAT,F,,,,1646,AUG25,0,40,2014,w
11636939,"Tronenkovs, Austris",LAT,M,,,,1408,AUG25,0,40,2015,
11601558,"Tronenkovs, Valdis",LAT,M,FM,NA,,2236,AUG25,0,20,1985,i
11613157,"Truhanovs, Vadims",LAT,M,,,,1462,AUG25,0,40,2005,i
11619007,"Tsarenko, Sviatoslav",LAT,M,,,,1741,AUG25,0,40,2007,i
11603526,"Tumane, Dana",LAT,F,,,,1835,AUG25,0,20,1995,wi
11603615,"Turko, Antons",LAT,M,,,,1823,AUG25,0,40,1996,i
11616466,"Tutins,Andris",LAT,M,,,,1662,AUG25,0,40,2001,i
11602090,"Tyurin, Ilya",LAT,M,,,,2168,AUG25,0,20,1987,i
11643366,"Ugrjumovs, Nikita",LAT,M,,,,1461,AUG25,0,40,2012,
11622334,"Uhanovs, Maksims",LAT,M,,,,1645,AUG25,0,20,2001,i
11600330,"Ungure, Liga",LAT,F,WFM,WFM,,1935,AUG25,0,20,1956,w
11601205,"Ungurs, Edgars",LAT,M,FM,,,2116,AUG25,0,20,1984,
11602317,"Upelnieks, Imants",LAT,M,,,,1939,AUG25,0,20,1940,i
11602430,"Upmanis, Gustavs",LAT,M,,,,1988,AUG25,0,20,1994,i
11607971,"Uskans, Edgars",LAT,M,,,,AFM,AUG25,1659,0,1963,
11637609,"Uspelis, Matiss",LAT,M,,,,1635,AUG25,0,40,2011,
11612185,"Ustinovs, Igors",LAT,M,,,,1667,AUG25,0,40,1979,i
11602848,"Vainovska, Valentina",LAT,F,,,,1688,AUG25,0,20,1950,w
11605936,"Vaivade, Liva",LAT,F,,,,1672,AUG25,0,40,2002,wi
11605944,"Vaivads, Valts",LAT,M,,,,1642,AUG25,0,40,2002,i
11638052,"Vaivars, Klavs",LAT,M,,,,1547,AUG25,0,40,2014,
11617578,"Valdats, Reinis",LAT,M,FM,,,2302,AUG25,8,20,2010,
11611871,"Valeine, Ieva",LAT,F,,,,1432,AUG25,0,40,2008,w
11601450,"Valeinis, Janis",LAT,M,,,,2164,AUG25,0,20,1978,i
11604000,"Vambute, Dana",LAT,F,,,,1835,AUG25,0,20,2002,wi
11646004,"Vanaga, Patricija",LAT,F,,,,1487,AUG25,0,40,2007,w
11635509,"Vanags, Gustavs",LAT,M,,,,1618,AUG25,0,40,2007,
11641568,"Vanags, Karlis",LAT,M,,,,1479,AUG25,0,40,2012,
11634057,"Varchenko, Yegor",LAT,M,,,,1597,AUG25,0,20,2002,
11633786,"Varhotovs, Vladimirs",LAT,M,,,,1450,AUG25,0,40,2010,
11620161,"Varpins, Kristians",LAT,M,,,,1894,AUG25,0,40,2009,
11633964,"Varpins, Valters",LAT,M,,,,1559,AUG25,0,40,2012,
11626402,"Vascinska, Alina",LAT,F,,,,1404,AUG25,0,40,2011,wi
11606827,"Vasilevskis, Glebs",LAT,M,,,,1658,AUG25,0,40,2002,i
11600195,"Vasiljeva, Sofija",LAT,F,,,,1931,AUG25,0,20,1994,wi
11622067,"Vasiljeva, Sofja",LAT,F,,,,1996,AUG25,0,40,2009,w
11603135,"Vasiljevs, Andrejs",LAT,M,,,,1941,AUG25,0,20,1994,i
11608412,"Vasilkovs, Aleksandrs",LAT,M,,,,1529,AUG25,0,20,1969,
11625783,"Vazdike, Gunta",LAT,F,,,,1593,AUG25,0,40,1973,wi
11604417,"Vebers, Karlis",LAT,M,,,,1702,AUG25,0,40,1999,i
11601213,"Vedenina, Oksana",LAT,F,,,,2160,AUG25,0,40,1979,wi
11615249,"Veidemanis,Andris",LAT,M,,,,1584,AUG25,0,40,1986,i
11635355,"Veitners, Pauls",LAT,M,,,,1785,AUG25,0,40,2012,
11600063,"Veits, Janis",LAT,M,,,,AIM,AUG25,1916,0,1992,i
11610786,"Veja, Benita",LAT,F,,,,1989,AUG25,0,40,1948,w
11600527,"Veja, Ginta",LAT,F,,,,2035,AUG25,0,20,1978,wi
11631180,"Verbovskis, Dmitrijs",LAT,M,,,,1827,AUG25,0,40,1983,i
11605979,"Vernuks, Vjaceslavs",LAT,M,,,,1778,AUG25,0,20,1966,
11620366,"Vevers, Davis Raits",LAT,M,,,,1473,AUG25,0,40,2007,i
11605987,"Vevers, Elans Andrejs",LAT,M,,,,1590,AUG25,0,40,2000,i
11601841,"Vidruska, Renate",LAT,F,WFM,WFM,,2025,AUG25,0,20,1984,w
11618493,"Vidrusks, Jekabs",LAT,M,,,,1428,AUG25,0,40,2009,i
11618485,"Vidrusks,Arturs",LAT,M,,,,1415,AUG25,0,40,2010,
11630728,"Vigups, Ritvars",LAT,M,,,,1485,AUG25,0,40,2008,i
11608013,"Vijups, Dans",LAT,M,,,,AFM,AUG25,1857,0,1969,
11603810,"Vikanis, Egils",LAT,M,,,,1818,AUG25,0,40,1955,i
11600560,"Vikanis, Georgs",LAT,M,,,,2039,AUG25,0,40,1995,i
11636920,"Vilcins, Reinis",LAT,M,,,,1667,AUG25,0,20,1993,
11644311,"Vilde, Haralds",LAT,M,,,,1531,AUG25,0,40,2011,
11645296,"Vilemsons, Martins",LAT,M,,,,1848,AUG25,0,20,1978,
11602589,"Vilerte, Tamara",LAT,F,WGM,WGM,,1988,AUG25,0,20,1954,w
11633182,"Vilskersts, Ernests",LAT,M,,,,1490,AUG25,0,40,2013,
11603828,"Vilums, Aldis",LAT,M,,,,1948,AUG25,0,40,1980,i
11611979,"Vilums, Dainis",LAT,M,,,,1626,AUG25,0,40,1969,i
11611731,"Vingris,Mikelis",LAT,M,,,,2287,AUG25,9,40,2009,
11634324,"Vinkelis, Krisjanis",LAT,M,,,,1583,AUG25,0,40,2005,
11623047,"Vinogradovs, Artemijs",LAT,M,,,,1496,AUG25,0,40,2009,
11604140,"Vins, Aleksis",LAT,M,,,,1999,AUG25,0,20,1997,i
11632364,"Visnakova, Anna",LAT,F,,,,1587,AUG25,0,40,2011,w
11608161,"Visnevskis, Valdis",LAT,M,,,,1670,AUG25,0,20,1956,
11600870,"Visockis, Janis",LAT,M,,,,1969,AUG25,0,20,1938,
11604956,"Vissarionovs, Artjoms",LAT,M,,,,1795,AUG25,0,20,2005,i
11610069,"Vitins, Janis",LAT,M,,,,1664,AUG25,0,20,1969,
11631007,"Vitums Jaunzems, Gusts",LAT,M,,,,1522,AUG25,0,40,2012,
11622172,"Vizulis, Alfreds",LAT,M,,,,1548,AUG25,0,20,1976,
11619880,"Vjaters, Jaromirs",LAT,M,,,,1402,AUG25,0,40,2009,i
11604220,"Vladimirovs, Daniils",LAT,M,,,,1728,AUG25,0,20,1999,i
11631406,"Vladimirovs, Luka",LAT,M,,,,1499,AUG25,0,40,2008,
11611812,"Volkova, Anna Marija",LAT,F,,,,1504,AUG25,0,40,2003,wi
315400,"Volkovs, Janis",LAT,M,,,,2081,AUG25,0,40,1986,i
11601523,"Volodins, Igors",LAT,M,,,,2186,AUG25,0,20,1983,i
11629924,"Vorobjovs, Nils",LAT,M,,,,1594,AUG25,0,40,2011,
11612622,"Vorobjovs, Sergejs",LAT,M,,,,1551,AUG25,0,40,1969,i
11606240,"Voronko, Valerijs",LAT,M,,,,1915,AUG25,0,40,1995,i
11600233,"Voronova, Tatiana",LAT,F,WIM,WIM,,2164,AUG25,0,20,1955,wi
11616482,"Vuskans,Eduards",LAT,M,,,,1668,AUG25,0,40,2006,
11634669,"Winter, Paul",LAT,M,,,,1423,AUG25,0,40,2005,i
11622873,"Yovanovich, Victor",LAT,M,,,,1473,AUG25,0,40,2010,i
11612690,"Zageris, Martins",LAT,M,,,,1713,AUG25,0,40,1989,i
11611170,"Zags,Tomass",LAT,M,,,,1701,AUG25,0,20,2002,i
11624280,"Zajakins, Artjoms",LAT,M,,,,2004,AUG25,5,40,2007,
11622920,"Zakis, Janis",LAT,M,,,,1401,AUG25,0,40,2004,i
11603445,"Zalcmane, Vija",LAT,F,,,,1572,AUG25,0,20,1939,w
11603534,"Zalitis, Arturs-Aleksis",LAT,M,,,,2024,AUG25,0,20,1995,
11629860,"Zalitis, Gunars",LAT,M,,,,1567,AUG25,0,20,1954,
11618655,"Zareckis, Roberts",LAT,M,,,,1574,AUG25,0,40,2003,i
11605251,"Zarinsh, Ricards",LAT,M,,,,1783,AUG25,0,40,2000,i
11604425,"Zarovs, Aleksandrs",LAT,M,,,,1921,AUG25,0,20,1999,i
11611529,"Zass, Kristaps",LAT,M,,,,1764,AUG25,0,20,2006,i
11607980,"Zavjalovs, Jegors",LAT,M,,,,1718,AUG25,0,40,2000,i
11610816,"Zelmanis, Roberts",LAT,M,,,,1671,AUG25,0,40,2001,i
11632453,"Zemerovs, Arons",LAT,M,,,,1450,AUG25,0,40,2014,
11601868,"Zemzare, Agnija",LAT,F,,,,1932,AUG25,0,20,1986,w
11604760,"Ziedins, Roberts",LAT,M,,,,1908,AUG25,0,20,1999,i
11605995,"Zile, Girts",LAT,M,,,,1591,AUG25,0,40,2002,i
11607297,"Ziskins, Ilja",LAT,M,,,,1812,AUG25,0,20,1998,i
11613319,"Znotens, Nikita",LAT,M,,,,1608,AUG25,0,40,2002,i
11600420,"Zolotonos, Leonid",LAT,M,,,,2245,AUG25,0,20,1950,i
11609664,"Zorgenfreijs, Kriss",LAT,M,,,,1810,AUG25,0,40,1989,i
11611014,"Zubova, Darja",LAT,F,,,,1689,AUG25,0,20,2006,wi
11615753,"Zubova,Polina",LAT,F,,,,1446,AUG25,0,40,2008,wi
11603801,"Zuckovs, Aleksejs",LAT,M,FM,,,2335,AUG25,0,20,1960,i
11603909,"Zuj-Zaikovskis, Nikita",LAT,M,,,,1931,AUG25,0,20,2000,i
11646845,"Zusans, Reinis",LAT,M,,,,1541,AUG25,0,40,2013,
11600667,"Zvaunis, Maris",LAT,M,,,,1632,AUG25,0,20,1951,
11638770,"Zvirgzdins, Arturs",LAT,M,,,,1528,AUG25,0,40,1999,i