[
  {
    "ID Number": "9204571"
  },
  {
    "ID Number": "9213180"
  },
  {
    "ID Number": "9209301"
  },
  {
    "ID Number": "9217517"
  },
  {
    "ID Number": "9217525"
  },
  {
    "ID Number": "9202838"
  },
  {
    "ID Number": "9200312"
  },
  {
    "ID Number": "9207910"
  },
  {
    "ID Number": "9218122"
  },
  {
    "ID Number": "9218394"
  },
  {
    "ID Number": "9220240"
  },
  {
    "ID Number": "9202773"
  },
  {
    "ID Number": "9216421"
  },
  {
    "ID Number": "9202609"
  },
  {
    "ID Number": "9210164"
  },
  {
    "ID Number": "9210130"
  },
  {
    "ID Number": "9207880"
  },
  {
    "ID Number": "9202854"
  },
  {
    "ID Number": "9206000"
  },
  {
    "ID Number": "9201505"
  },
  {
    "ID Number": "9207015"
  },
  {
    "ID Number": "9221115"
  },
  {
    "ID Number": "9216316"
  },
  {
    "ID Number": "9214429"
  },
  {
    "ID Number": "9214836"
  },
  {
    "ID Number": "9219048"
  },
  {
    "ID Number": "9218416"
  },
  {
    "ID Number": "9209573"
  },
  {
    "ID Number": "9216936"
  },
  {
    "ID Number": "9202544"
  },
  {
    "ID Number": "9217398"
  },
  {
    "ID Number": "9215085"
  },
  {
    "ID Number": "9208089"
  },
  {
    "ID Number": "9200274"
  },
  {
    "ID Number": "9212027"
  },
  {
    "ID Number": "9201637"
  },
  {
    "ID Number": "9223517"
  },
  {
    "ID Number": "9219994"
  },
  {
    "ID Number": "9210199"
  },
  {
    "ID Number": "9202870"
  },
  {
    "ID Number": "9206930"
  },
  {
    "ID Number": "9211241"
  },
  {
    "ID Number": "9220917"
  },
  {
    "ID Number": "9216499"
  },
  {
    "ID Number": "9200525"
  },
  {
    "ID Number": "9200410"
  },
  {
    "ID Number": "9202897"
  },
  {
    "ID Number": "9220410"
  },
  {
    "ID Number": "9208020"
  },
  {
    "ID Number": "9217533"
  },
  {
    "ID Number": "9211640"
  },
  {
    "ID Number": "9201947"
  },
  {
    "ID Number": "9205403"
  },
  {
    "ID Number": "9222065"
  },
  {
    "ID Number": "9220925"
  },
  {
    "ID Number": "9220933"
  },
  {
    "ID Number": "9202919"
  },
  {
    "ID Number": "9204709"
  },
  {
    "ID Number": "9209107"
  },
  {
    "ID Number": "9216855"
  },
  {
    "ID Number": "9211098"
  },
  {
    "ID Number": "9218130"
  },
  {
    "ID Number": "9206353"
  },
  {
    "ID Number": "9203486"
  },
  {
    "ID Number": "9202129"
  },
  {
    "ID Number": "9209751"
  },
  {
    "ID Number": "9206019"
  },
  {
    "ID Number": "9207600"
  },
  {
    "ID Number": "9209336"
  },
  {
    "ID Number": "9211020"
  },
  {
    "ID Number": "9218165"
  },
  {
    "ID Number": "9210091"
  },
  {
    "ID Number": "9216650"
  },
  {
    "ID Number": "9208208"
  },
  {
    "ID Number": "9220950"
  },
  {
    "ID Number": "9202315"
  },
  {
    "ID Number": "9202226"
  },
  {
    "ID Number": "9213546"
  },
  {
    "ID Number": "9218173"
  },
  {
    "ID Number": "9213554"
  },
  {
    "ID Number": "9204393"
  },
  {
    "ID Number": "9216669"
  },
  {
    "ID Number": "9201858"
  },
  {
    "ID Number": "9200711"
  },
  {
    "ID Number": "9203400"
  },
  {
    "ID Number": "9219447"
  },
  {
    "ID Number": "9204725"
  },
  {
    "ID Number": "9220968"
  },
  {
    "ID Number": "9205128"
  },
  {
    "ID Number": "9209808"
  },
  {
    "ID Number": "9221352"
  },
  {
    "ID Number": "9201629"
  },
  {
    "ID Number": "9206655"
  },
  {
    "ID Number": "9219030"
  },
  {
    "ID Number": "9202137"
  },
  {
    "ID Number": "9217363"
  },
  {
    "ID Number": "9206698"
  },
  {
    "ID Number": "9209379"
  },
  {
    "ID Number": "9207384"
  },
  {
    "ID Number": "9218211"
  },
  {
    "ID Number": "9217355"
  },
  {
    "ID Number": "9207228"
  },
  {
    "ID Number": "9202056"
  },
  {
    "ID Number": "9216030"
  },
  {
    "ID Number": "9218220"
  },
  {
    "ID Number": "9208704"
  },
  {
    "ID Number": "9204733"
  },
  {
    "ID Number": "9206582"
  },
  {
    "ID Number": "9211284"
  },
  {
    "ID Number": "9201599"
  },
  {
    "ID Number": "9222421"
  },
  {
    "ID Number": "9218238"
  },
  {
    "ID Number": "9211756"
  },
  {
    "ID Number": "9207872"
  },
  {
    "ID Number": "9205802"
  },
  {
    "ID Number": "9207929"
  },
  {
    "ID Number": "9210750"
  },
  {
    "ID Number": "9207597"
  },
  {
    "ID Number": "9210652"
  },
  {
    "ID Number": "9220402"
  },
  {
    "ID Number": "9225196"
  },
  {
    "ID Number": "9200959"
  },
  {
    "ID Number": "9219099"
  },
  {
    "ID Number": "9216766"
  },
  {
    "ID Number": "9205993"
  },
  {
    "ID Number": "9221123"
  },
  {
    "ID Number": "9220976"
  },
  {
    "ID Number": "9215468"
  },
  {
    "ID Number": "9220984"
  },
  {
    "ID Number": "9223002"
  },
  {
    "ID Number": "9215921"
  },
  {
    "ID Number": "9214976"
  },
  {
    "ID Number": "9209263"
  },
  {
    "ID Number": "9220151"
  },
  {
    "ID Number": "9211551"
  },
  {
    "ID Number": "9206060"
  },
  {
    "ID Number": "9210660"
  },
  {
    "ID Number": "9218246"
  },
  {
    "ID Number": "9206990"
  },
  {
    "ID Number": "9218610"
  },
  {
    "ID Number": "9217541"
  },
  {
    "ID Number": "9218556"
  },
  {
    "ID Number": "9220160"
  },
  {
    "ID Number": "9217550"
  },
  {
    "ID Number": "9221395"
  },
  {
    "ID Number": "9206965"
  },
  {
    "ID Number": "9205756"
  },
  {
    "ID Number": "9209395"
  },
  {
    "ID Number": "9207767"
  },
  {
    "ID Number": "9202200"
  },
  {
    "ID Number": "9204288"
  },
  {
    "ID Number": "9220194"
  },
  {
    "ID Number": "9206973"
  },
  {
    "ID Number": "9221476"
  },
  {
    "ID Number": "9218629"
  },
  {
    "ID Number": "9217061"
  },
  {
    "ID Number": "9214500"
  },
  {
    "ID Number": "9209484"
  },
  {
    "ID Number": "9200673"
  },
  {
    "ID Number": "9202145"
  },
  {
    "ID Number": "9215395"
  },
  {
    "ID Number": "9202250"
  },
  {
    "ID Number": "9215352"
  },
  {
    "ID Number": "9207899"
  },
  {
    "ID Number": "9203419"
  },
  {
    "ID Number": "9214615"
  },
  {
    "ID Number": "9220062"
  },
  {
    "ID Number": "9218033"
  },
  {
    "ID Number": "9200258"
  },
  {
    "ID Number": "9200177"
  },
  {
    "ID Number": "9221484"
  },
  {
    "ID Number": "9216294"
  },
  {
    "ID Number": "9203036"
  },
  {
    "ID Number": "9207023"
  },
  {
    "ID Number": "9204555"
  },
  {
    "ID Number": "9220054"
  },
  {
    "ID Number": "9206485"
  },
  {
    "ID Number": "9201980"
  },
  {
    "ID Number": "9213562"
  },
  {
    "ID Number": "9211535"
  },
  {
    "ID Number": "9214437"
  },
  {
    "ID Number": "9204610"
  },
  {
    "ID Number": "9209824"
  },
  {
    "ID Number": "9211659"
  },
  {
    "ID Number": "9216103"
  },
  {
    "ID Number": "9206280"
  },
  {
    "ID Number": "9218637"
  },
  {
    "ID Number": "9216219"
  },
  {
    "ID Number": "9217649"
  },
  {
    "ID Number": "9202269"
  },
  {
    "ID Number": "9218998"
  },
  {
    "ID Number": "9202277"
  },
  {
    "ID Number": "9219803"
  },
  {
    "ID Number": "9219340"
  },
  {
    "ID Number": "9200223"
  },
  {
    "ID Number": "9223177"
  },
  {
    "ID Number": "9202447"
  },
  {
    "ID Number": "9217371"
  },
  {
    "ID Number": "9210075"
  },
  {
    "ID Number": "9210083"
  },
  {
    "ID Number": "9200061"
  },
  {
    "ID Number": "9202072"
  },
  {
    "ID Number": "9202021"
  },
  {
    "ID Number": "9218475"
  },
  {
    "ID Number": "9206914"
  },
  {
    "ID Number": "9218980"
  },
  {
    "ID Number": "9206116"
  },
  {
    "ID Number": "9206884"
  },
  {
    "ID Number": "9214445"
  },
  {
    "ID Number": "9220712"
  },
  {
    "ID Number": "9222928"
  },
  {
    "ID Number": "9202005"
  },
  {
    "ID Number": "9219579"
  },
  {
    "ID Number": "9200215"
  },
  {
    "ID Number": "9210733"
  },
  {
    "ID Number": "9203060"
  },
  {
    "ID Number": "9219323"
  },
  {
    "ID Number": "9201300"
  },
  {
    "ID Number": "9220704"
  },
  {
    "ID Number": "9201220"
  },
  {
    "ID Number": "9218491"
  },
  {
    "ID Number": "9202102"
  },
  {
    "ID Number": "9200088"
  },
  {
    "ID Number": "9200355"
  },
  {
    "ID Number": "9202900"
  },
  {
    "ID Number": "9202579"
  },
  {
    "ID Number": "9215972"
  },
  {
    "ID Number": "9216537"
  },
  {
    "ID Number": "9200304"
  },
  {
    "ID Number": "9200681"
  },
  {
    "ID Number": "9215158"
  },
  {
    "ID Number": "9208763"
  },
  {
    "ID Number": "9201009"
  },
  {
    "ID Number": "9206191"
  },
  {
    "ID Number": "9215891"
  },
  {
    "ID Number": "16217543"
  },
  {
    "ID Number": "9223371"
  },
  {
    "ID Number": "9223258"
  },
  {
    "ID Number": "9209581"
  },
  {
    "ID Number": "9200398"
  },
  {
    "ID Number": "9218262"
  },
  {
    "ID Number": "9219366"
  },
  {
    "ID Number": "9201262"
  },
  {
    "ID Number": "9202552"
  },
  {
    "ID Number": "9216162"
  },
  {
    "ID Number": "9213430"
  },
  {
    "ID Number": "9202595"
  },
  {
    "ID Number": "9205330"
  },
  {
    "ID Number": "9201602"
  },
  {
    "ID Number": "9220593"
  },
  {
    "ID Number": "9218645"
  },
  {
    "ID Number": "9201742"
  },
  {
    "ID Number": "9219595"
  },
  {
    "ID Number": "9203257"
  },
  {
    "ID Number": "9212035"
  },
  {
    "ID Number": "9210180"
  },
  {
    "ID Number": "9202412"
  },
  {
    "ID Number": "9213376"
  },
  {
    "ID Number": "9214860"
  },
  {
    "ID Number": "9200142"
  },
  {
    "ID Number": "9201564"
  },
  {
    "ID Number": "9218564"
  },
  {
    "ID Number": "9201360"
  },
  {
    "ID Number": "9201750"
  },
  {
    "ID Number": "9213635"
  },
  {
    "ID Number": "9210997"
  },
  {
    "ID Number": "1312383"
  },
  {
    "ID Number": "9218068"
  },
  {
    "ID Number": "9216871"
  },
  {
    "ID Number": "9202323"
  },
  {
    "ID Number": "9202153"
  },
  {
    "ID Number": "9202781"
  },
  {
    "ID Number": "9218955"
  },
  {
    "ID Number": "9218335"
  },
  {
    "ID Number": "9214461"
  },
  {
    "ID Number": "9218572"
  },
  {
    "ID Number": "9211390"
  },
  {
    "ID Number": "9217797"
  },
  {
    "ID Number": "9217789"
  },
  {
    "ID Number": "9217770"
  },
  {
    "ID Number": "9216154"
  },
  {
    "ID Number": "9204440"
  },
  {
    "ID Number": "9207724"
  },
  {
    "ID Number": "9219358"
  },
  {
    "ID Number": "9200479"
  },
  {
    "ID Number": "9221140"
  },
  {
    "ID Number": "9208887"
  },
  {
    "ID Number": "9202790"
  },
  {
    "ID Number": "9220771"
  },
  {
    "ID Number": "9219129"
  },
  {
    "ID Number": "9202161"
  },
  {
    "ID Number": "9220348"
  },
  {
    "ID Number": "9217673"
  },
  {
    "ID Number": "9216391"
  },
  {
    "ID Number": "9220429"
  },
  {
    "ID Number": "9203753"
  },
  {
    "ID Number": "9214666"
  },
  {
    "ID Number": "9202170"
  },
  {
    "ID Number": "9201386"
  },
  {
    "ID Number": "9202331"
  },
  {
    "ID Number": "9221026"
  },
  {
    "ID Number": "9220780"
  },
  {
    "ID Number": "9218378"
  },
  {
    "ID Number": "9218270"
  },
  {
    "ID Number": "9201467"
  },
  {
    "ID Number": "9212337"
  },
  {
    "ID Number": "9217754"
  },
  {
    "ID Number": "9205527"
  },
  {
    "ID Number": "9219455"
  },
  {
    "ID Number": "9222235"
  },
  {
    "ID Number": "9215182"
  },
  {
    "ID Number": "9200819"
  },
  {
    "ID Number": "9200339"
  },
  {
    "ID Number": "9207759"
  },
  {
    "ID Number": "9200070"
  },
  {
    "ID Number": "9219072"
  },
  {
    "ID Number": "9205730"
  },
  {
    "ID Number": "9202188"
  },
  {
    "ID Number": "9201920"
  },
  {
    "ID Number": "9220437"
  },
  {
    "ID Number": "9221034"
  },
  {
    "ID Number": "9213600"
  },
  {
    "ID Number": "9220755"
  },
  {
    "ID Number": "9221042"
  },
  {
    "ID Number": "9215409"
  },
  {
    "ID Number": "9202366"
  },
  {
    "ID Number": "9211446"
  },
  {
    "ID Number": "9211497"
  },
  {
    "ID Number": "9203133"
  },
  {
    "ID Number": "9205365"
  },
  {
    "ID Number": "9214488"
  },
  {
    "ID Number": "9215204"
  },
  {
    "ID Number": "9205209"
  },
  {
    "ID Number": "9212493"
  },
  {
    "ID Number": "9221085"
  },
  {
    "ID Number": "9219587"
  },
  {
    "ID Number": "9201963"
  },
  {
    "ID Number": "9218289"
  },
  {
    "ID Number": "9218076"
  },
  {
    "ID Number": "9202030"
  },
  {
    "ID Number": "9205764"
  },
  {
    "ID Number": "9215344"
  },
  {
    "ID Number": "9220070"
  },
  {
    "ID Number": "9215069"
  },
  {
    "ID Number": "9212361"
  },
  {
    "ID Number": "9200282"
  },
  {
    "ID Number": "9202110"
  },
  {
    "ID Number": "9212116"
  },
  {
    "ID Number": "9217045"
  },
  {
    "ID Number": "9216235"
  },
  {
    "ID Number": "9211101"
  },
  {
    "ID Number": "9202196"
  },
  {
    "ID Number": "9200150"
  },
  {
    "ID Number": "9218297"
  },
  {
    "ID Number": "2406659"
  },
  {
    "ID Number": "9202420"
  },
  {
    "ID Number": "9218300"
  },
  {
    "ID Number": "9221204"
  },
  {
    "ID Number": "9220763"
  },
  {
    "ID Number": "9201416"
  },
  {
    "ID Number": "9202692"
  },
  {
    "ID Number": "9216340"
  },
  {
    "ID Number": "9216260"
  },
  {
    "ID Number": "9205608"
  },
  {
    "ID Number": "9205551"
  },
  {
    "ID Number": "9205535"
  },
  {
    "ID Number": "9216278"
  },
  {
    "ID Number": "9205616"
  },
  {
    "ID Number": "9200509"
  },
  {
    "ID Number": "9204547"
  },
  {
    "ID Number": "9203427"
  },
  {
    "ID Number": "9220860"
  },
  {
    "ID Number": "9221093"
  },
  {
    "ID Number": "9218050"
  },
  {
    "ID Number": "9204563"
  },
  {
    "ID Number": "9202803"
  },
  {
    "ID Number": "9212000"
  },
  {
    "ID Number": "9200380"
  },
  {
    "ID Number": "9221107"
  },
  {
    "ID Number": "9202510"
  }
]