ID Number,Name,Fed,Sex,Title,WTit,OTit,Rating,Gms,K,RatingMonth,B-day,Flag
6219802,"Adireksombat, Tayos",THA,M,,,,1502,0,40,AUG25,2012,
6214215,"Adunsehawat, Chotpisit",THA,M,,,,1552,0,20,AUG25,2004,i
6203248,"Ahkuputra, Pongsan",THA,M,,,,1584,0,20,AUG25,1992,
6201318,"Akharaboollasez, Akharin",THA,M,,NA,,1938,0,20,AUG25,1977,i
6208169,"Alriyami, Faris Rashid",THA,M,,,,AIM,1858,0,AUG25,2006,
6210171,"Amaranantakit, Arti",THA,M,,,,1629,0,20,AUG25,2005,i
6204953,"Angkanawin, Siwabannakorn",THA,M,,,,1597,0,20,AUG25,2004,
6204988,"Angkanawin, Tethineekanya",THA,F,,,,1596,0,20,AUG25,2006,wi
6222811,"Apichonnabutr, Ratchanon",THA,M,,,,AFM,1524,0,AUG25,2011,
6214789,"Ariyasoonthorn, Wichitchai",THA,M,,,,1433,0,20,AUG25,2004,i
6200907,"Arpijuntarangkoon, Jaradpong",THA,M,,,,1921,0,20,AUG25,1981,i
6226906,"Arun, Naruebej",THA,M,,,,1579,4,40,AUG25,2014,
6202039,"Arunnuntapanich, Tinnakrit",THA,M,FM,,,2127,0,20,AUG25,1991,
6204856,"Asavasaetakul, Chawit",THA,M,,,,AGM,2047,0,AUG25,2003,
6201857,"Asavayutphol, Pattarapong",THA,M,,FA,,1688,0,20,AUG25,1998,i
6216358,"Asawapiromz, Werawis",THA,M,,,,1684,0,20,AUG25,2006,i
6200575,"Assarat, Suthiraphan",THA,M,,,,1852,0,20,AUG25,1965,
6210384,"Asvahem, Peerathat",THA,M,,,,1449,0,40,AUG25,2013,
6223370,"Athpaibul, Sirintra",THA,F,,,,1422,0,40,AUG25,2015,w
6203191,"Atikankhotchasee, Manunthon",THA,F,WFM,WFM,FI,1629,0,20,AUG25,1991,wi
6211968,"Banyen, Awirut",THA,M,,,,1620,0,20,AUG25,2001,i
6200893,"Bell, Bruce",THA,M,,,,1890,0,20,AUG25,1949,i
6205488,"Bodemar, Jonathan",THA,M,CM,,,1989,9,20,AUG25,2006,
6212832,"Boonchai, Gumpanat",THA,M,,,,1657,0,20,AUG25,2004,i
6201865,"Boonruamboon, Arch",THA,M,,,,1882,0,20,AUG25,1972,i
6201113,"Boonsong, Permsak",THA,M,,,,1727,0,20,AUG25,1984,i
6209165,"Boonyaudomsart, Nuttapon",THA,M,,,,1687,0,20,AUG25,2001,i
6206654,"Bootsumran, Sirin",THA,F,,NA,,1538,0,40,AUG25,2008,wi
6207561,"Borirakphatthanakul, Waranya",THA,F,,,,1503,0,20,AUG25,2005,wi
6203108,"Brady, Thomas",THA,M,,,,1858,0,20,AUG25,1992,i
6200265,"Brahmawong, Patcharawee",THA,M,,,,1862,0,20,AUG25,1980,i
6210120,"Branz, Alan",THA,M,,,,1500,0,40,AUG25,2009,i
6212557,"Brunner, Dan Nathan",THA,M,,,,1617,0,40,AUG25,2007,i
6211232,"Buakird, Apichit",THA,M,,,,1961,0,20,AUG25,1994,
6201148,"Buasroung, Ekasith",THA,M,,,,1673,0,20,AUG25,1945,i
6205658,"Buhagiar, Julian Robert",THA,M,,,,1603,0,20,AUG25,2003,i
6205640,"Buhagiar, Melita Sunan",THA,F,WCM,WCM,,1671,0,40,AUG25,2007,wi
6221343,"Bunkangwan, Veerasaroot",THA,M,,,,AFM,1636,0,AUG25,2009,i
6202357,"Bunnag, Bhon",THA,M,,,,1771,0,20,AUG25,1996,i
6206638,"Bunnag, Pirat",THA,M,,,,1713,0,20,AUG25,1998,
6204074,"Bunyakiati, Panuchart",THA,M,,,,1798,0,20,AUG25,1977,i
6207650,"Buranasing, Wanawee",THA,M,,NA,,1811,11,20,AUG25,1997,
6205682,"Burbach, Brunel Baron",THA,M,,,,1840,0,40,AUG25,2008,i
6200850,"Campi, William",THA,M,,,,1918,0,20,AUG25,1979,i
6209742,"Chaichayanon, Thanagid",THA,M,,,,1573,0,20,AUG25,2004,i
6204813,"Chaiongkarn, Bunyapon",THA,M,,,,1675,0,20,AUG25,2004,i
6203701,"Chaipa, Kanyanut",THA,F,,,,1594,0,20,AUG25,2003,wi
6203558,"Chaipa, Kullanan",THA,F,,,,1456,0,20,AUG25,2001,wi
6204163,"Chaipornpisuth, Chadin",THA,M,,,,1609,0,20,AUG25,1998,i
6219110,"Chaisaharuek, Jiraphat",THA,M,,,,1575,0,40,AUG25,2015,
6220851,"Chaiyapong, Pasit",THA,M,,,,1629,0,20,AUG25,2006,i
6202993,"Chaoveeraprasit, Chayapol",THA,M,,,,1550,7,20,AUG25,2003,
6216986,"Charatwatanawan, Pada",THA,M,,,,1431,0,40,AUG25,2012,
6216994,"Charatwatanawan, Pakom",THA,M,,,,1581,0,40,AUG25,2009,
6204562,"Charnsripinyo, Teerapat",THA,M,,,,1711,0,20,AUG25,2006,i
6202195,"Charoenkwan, Pat",THA,M,,,,1811,0,20,AUG25,2001,
6210937,"Chiadthaisong, Kanuengnit",THA,F,,,,1453,0,20,AUG25,1995,w
6209432,"Chimpong, Kanokthorn",THA,F,,,,1412,0,20,AUG25,2006,wi
6214894,"Chimyam, Jakkawan",THA,M,,,,1471,0,20,AUG25,1988,
6209343,"Chinkulkitniwat, Purichaya",THA,F,,,,1526,0,40,AUG25,2011,w
6209980,"Chirakranont, Rawit",THA,M,,,,1610,0,40,AUG25,2011,i
6209998,"Chirakranont, Warit",THA,M,,,,1630,0,40,AUG25,2011,i
6200982,"Chirananthavat, Theemathas",THA,M,,,,2025,0,20,AUG25,1998,i
6207871,"Chiravanich, Pathee",THA,M,,,,ACM,1632,0,AUG25,2008,i
6208720,"Chokthitirath, Akararath",THA,M,,,,1457,0,40,AUG25,2009,i
6204570,"Chokthitirath, Wongpakorn",THA,M,,,,1512,0,20,AUG25,2004,i
6205178,"Chongstitwattana, Cholapat",THA,M,,IA,,AIM,1677,7,AUG25,1981,
6223524,"Chotesuparach, Vimutti",THA,M,,,,1592,12,40,AUG25,2011,
6204589,"Chotichanathawewong, Sanquan",THA,M,,,,1713,0,20,AUG25,2003,i
6202209,"Chotitada, Sivawong",THA,M,,,,1798,0,20,AUG25,1995,i
6215190,"Chuehom, Chinnakit",THA,M,,NA,,1688,0,20,AUG25,1999,i
6203710,"Chuemsakul, Sarocha",THA,F,WFM,WFM,NA,1834,0,20,AUG25,2004,w
6204597,"Chuensuwonkul, Pariyakul",THA,F,,,,1555,0,20,AUG25,2006,w
6216374,"Chulanon, Pongrak",THA,M,,NA,,1555,0,20,AUG25,1993,i
6207634,"Chulasereekul, Kwanchanok",THA,F,,,,1512,0,20,AUG25,1998,wi
6214444,"Chunsukon, Viritpol",THA,M,,,,1650,0,40,AUG25,2007,i
6207510,"Dadoung, Chanthanipa",THA,F,,,,1503,0,20,AUG25,2003,wi
6204333,"Danyuttasilp, Yuttasak",THA,M,,,,1682,0,20,AUG25,1974,i
6200451,"Darby, Peter",THA,M,,,,1766,0,20,AUG25,1961,
6214053,"Deeprasert, Fauzi",THA,M,,,,1584,0,40,AUG25,2007,
6217290,"Deevisetpunt, Prakun",THA,M,,,,1576,0,40,AUG25,2009,i
6200613,"Deewan, Nitat",THA,M,,,,2025,0,20,AUG25,1974,i
6215122,"Dhippayom, Tara",THA,M,,,,1545,0,40,AUG25,2008,i
6205992,"Dowsuksee, Tanachai",THA,M,,,,1634,0,20,AUG25,2002,i
6202055,"Duangchaiya, Paphon",THA,M,,,,1791,0,20,AUG25,1998,i
6223303,"Dumoulin, Peissone",THA,M,,,,AFM,1499,0,AUG25,2001,
6206611,"Ghongsing, Pakaporn",THA,F,,,,1472,0,20,AUG25,2006,wi
6200125,"Hansing, Saphong",THA,M,,,,1980,0,20,AUG25,1986,i
6223290,"Homsetnan, Tanatch",THA,M,,,,AFM,1706,0,AUG25,2013,
6207936,"Iamwattananan, Nattapong",THA,M,,,,1465,0,20,AUG25,2000,i
6217621,"Imthua, Kittapas",THA,M,,,,1496,0,20,AUG25,2004,i
6205550,"Intajak, Chanatip",THA,M,,,,1555,0,20,AUG25,2006,i
6214800,"Inthasoi, Thip-aksorn",THA,F,,,,1529,0,20,AUG25,2000,wi
6201342,"Janset, Pakpoom",THA,M,,,,1719,0,20,AUG25,1999,i
6224180,"Jinapong, Jirayus",THA,M,,,,1584,0,20,AUG25,2001,
6206794,"Jingjang, Shin",THA,M,,,,1767,0,20,AUG25,2006,i
6225837,"Jirachaikernkhan, Marvin",THA,M,,,,1548,0,40,AUG25,2009,
6211020,"Jirapongsakul, Chokanan",THA,M,,,,1596,0,40,AUG25,2007,i
6215882,"Jirasiriariyakul, Sirawat",THA,M,,,,1679,0,40,AUG25,2007,i
6204350,"Jiravuttipong, Gunn",THA,M,,,,1669,0,20,AUG25,1993,i
6208924,"Jiroajvanichakorn, Rathasart",THA,M,,,,1734,9,40,AUG25,2009,
6222609,"Jitjuajun, Waratorn",THA,M,,,,1666,0,40,AUG25,2013,
6214878,"Jitsamlan, Aittipong",THA,M,,,,1560,0,20,AUG25,1996,i
6209963,"Jitwichian, Pataradit",THA,M,,,,1573,0,40,AUG25,2011,
6214010,"Jongatireklap, Wacharaphol",THA,M,,NA,,1626,0,20,AUG25,1988,
6219063,"Jongjaturachok, Phumthakit",THA,M,,,,1678,0,40,AUG25,2008,i
6202420,"Jumpathong, Chayanon",THA,M,,,,1831,0,20,AUG25,1994,i
6208789,"Junput, Orachaporn",THA,F,,,,1494,0,40,AUG25,2009,wi
6209106,"Kaenratana, Punyathon",THA,M,,,,1654,0,40,AUG25,2011,i
6208797,"Kaewkunsri, Nannaphat",THA,F,,,,1432,0,40,AUG25,2008,wi
6212166,"Kaewwattha, Chanathun",THA,M,,,,1540,0,20,AUG25,2005,i
6212174,"Kaewwattha, Natrada",THA,F,,,,1726,8,40,AUG25,2007,w
6214665,"Kamolchotiros, Ava Yeap",THA,F,,,,1548,6,40,AUG25,2014,w
6203183,"Kamphusan, Thaphat",THA,M,,,,1798,0,20,AUG25,1996,i
6201601,"Kananub, Warot",THA,M,CM,,,2168,0,20,AUG25,1994,i
6208193,"Kangkorn, Sek",THA,M,,,,1573,0,20,AUG25,2006,i
6203132,"Karnchanapimolkul, Phathaphol",THA,M,,,,1719,0,20,AUG25,1996,i
6222161,"Katewongveerachart, Supakorn",THA,M,,,,1549,0,20,AUG25,2004,
6223532,"Kawachi, Porntiphan",THA,M,,,,1608,0,20,AUG25,2003,
6224601,"Ketkaew, Gongnatee",THA,M,,,,1469,0,40,AUG25,2015,
6222200,"Khamkuer, Thanthorn",THA,M,,,,AFM,1507,0,AUG25,2001,
6215343,"Khamma, Chatbhisit",THA,M,,,,1413,0,40,AUG25,2013,i
6216153,"Khamma, Phichayarat",THA,F,,,,1562,0,40,AUG25,2016,wi
6204260,"Khampliw, Jitasan",THA,F,,,,1445,0,20,AUG25,1992,wi
6208240,"Khamsawas, Thak",THA,M,,,,1599,0,40,AUG25,2007,i
6210872,"Khanabut, Mawin",THA,M,,,,1527,0,20,AUG25,1995,i
6204228,"Khanijou, Harin",THA,M,,,,1671,0,20,AUG25,2001,i
6204244,"Khanijou, Kavin",THA,M,,,,1596,0,20,AUG25,1995,i
6204147,"Khanijou, Rajbir Singh",THA,M,,,,1798,0,20,AUG25,1972,i
6209289,"Khantree, Napat",THA,F,WCM,WCM,,1588,0,40,AUG25,2007,wi
6212280,"Khoonmee, Yoodthana",THA,M,,,,1606,0,20,AUG25,1997,i
6202071,"Khumnorkaew, Tupfah",THA,M,,NA,,1940,0,20,AUG25,1998,
6216382,"Khunpitiluck, Nachonn",THA,M,,,,1579,0,40,AUG25,2010,i
6213081,"Khunthongjan, Panthawit",THA,M,,,,1671,0,20,AUG25,1996,i
6211593,"Kiattananan, Punn",THA,M,,,,1521,0,20,AUG25,2006,i
6220223,"Kijkamjai, Arthicha",THA,M,,,,1518,10,40,AUG25,2015,
6210244,"Kingngern, Natnichamon",THA,F,,,,1580,0,20,AUG25,2005,wi
6207111,"Kingpoom, Sakdiphat",THA,M,,,,1586,0,20,AUG25,2004,
6222277,"Kititheerakul, Thanaset",THA,M,,,,1511,0,20,AUG25,1999,
6213430,"Kledmanee, Darun",THA,M,,,,1820,9,40,AUG25,2009,
6212131,"Kontha, Putthiphong",THA,M,,,,1660,0,20,AUG25,2004,i
6212140,"Kontha, Tanupat",THA,M,,,,1498,0,20,AUG25,2002,i
6211771,"Kosaisoonthorn, Marwin",THA,M,,,,1653,0,20,AUG25,2003,i
6209149,"Kositwongsakul, Thanig",THA,M,,,,1612,0,20,AUG25,1997,i
6224164,"Krajaejun, Yanakorn",THA,M,,,,1460,0,40,AUG25,2011,
6223630,"Krataichun, Thunpisit",THA,M,,,,1694,0,20,AUG25,2005,
6215734,"Kreetachat, Tachin",THA,M,,,,1740,0,40,AUG25,2009,i
6204627,"Kreingkriwasin, Wanlikhit",THA,M,,,,1629,0,20,AUG25,2004,i
6201610,"Kulpruethanon, Thanadon",THA,M,FM,,,2212,0,20,AUG25,1994,i
6210252,"Kulsirirat, Rattanawish",THA,M,,,,1542,0,20,AUG25,2001,i
6219101,"Kultungkijsaree, Pichayut",THA,M,,,,1461,0,40,AUG25,2014,
6209874,"Kunanantakul, Kunapat",THA,M,,,,AFM,1474,0,AUG25,2008,
6209777,"Kunanantakul, Kunawach",THA,M,,,,AIM,1587,0,AUG25,2006,
6218490,"Kunsansuphakit, Kitgawin",THA,M,,,,1515,0,20,AUG25,2004,i
6216366,"Kusakulpiboon, Sirawich",THA,M,,,,1630,0,20,AUG25,2006,
6202225,"Lakkhananithiphan, Methat",THA,M,,,,1728,0,20,AUG25,1987,i
6217001,"Lam Zen Wee, Wisely",THA,M,,,,1617,0,20,AUG25,2004,i
6205003,"Laohawirapap, Prin",THA,M,IM,,,2188,0,20,AUG25,2006,
6204139,"Laosaengpha, Napat",THA,M,,,,1692,0,20,AUG25,1998,i
6215661,"Leeanant, Kraisit",THA,M,,,,1785,0,20,AUG25,2003,i
6218504,"Leeisaranukul, Michael",THA,M,,,,1777,0,20,AUG25,1972,i
6220550,"Leelad, Thanakrit",THA,M,,,,1746,0,20,AUG25,2004,i
6210104,"Leepattanawong, Chanoknan",THA,M,,,,1668,0,20,AUG25,2002,i
6214681,"Leksukhum, Torne",THA,M,,,,1807,0,40,AUG25,2011,
6218300,"Lertariyanunt, Peeranat",THA,M,,,,1513,0,40,AUG25,2012,i
6216943,"Lertsitisak, Harrit",THA,M,,,,1493,0,40,AUG25,2009,i
6202233,"Lertwiram, Apichat",THA,M,,,,1800,0,20,AUG25,2000,i
6206484,"Limlungkarn, Apiwat",THA,M,,,,1714,0,20,AUG25,1993,
6210490,"Limpanyaloet, Prakasit",THA,M,,,,1474,0,20,AUG25,1993,i
6215645,"Limpetcharakul, Nutnapon",THA,M,,,,AFM,1663,0,AUG25,2009,
6210864,"Limpornchaicharoen, Napat",THA,M,,,,1428,0,20,AUG25,2006,i
6212824,"Limsethanuwat, Napeepat",THA,M,,,,1465,0,40,AUG25,2008,i
6217680,"Liukasemsarn, Pakornnarong",THA,M,,,,1792,23,40,AUG25,2015,
6217249,"Loahathaimongkol, Weerachai",THA,M,,,,1483,0,20,AUG25,1983,i
6212026,"Lohanimit, Thiti",THA,M,,,,1486,0,20,AUG25,2006,i
6226973,"Lookchant, Nathijedth",THA,M,,,,1478,0,40,AUG25,2010,
6213618,"Louwakul, Phuwin",THA,M,,,,AFM,1684,7,AUG25,2014,
6219527,"Maetavittayakorn, Chawakorn",THA,M,,,,1592,4,40,AUG25,2014,
6204090,"Manakit, Piyalap",THA,M,,,,1666,0,20,AUG25,1979,i
6202241,"Maneesorn, Kankawee",THA,M,,,,1863,0,20,AUG25,1999,i
6202250,"Mangkham, Keartisak",THA,M,,,,1666,0,20,AUG25,2002,i
6221033,"Maungwong, Arada",THA,F,,,,1425,0,40,AUG25,2016,w
6208487,"Mekarapiruk, Nathasha",THA,F,WCM,WCM,,1546,0,40,AUG25,2009,wi
6221645,"Mekasuwandit, Chanayus",THA,M,,,,1621,0,40,AUG25,2011,
6216714,"Methanuwatt, Methawong",THA,M,,,,1639,0,20,AUG25,2006,i
6202446,"Miller, Zach",THA,M,,,,1786,0,20,AUG25,1996,i
6214738,"Mishra, Arush",THA,M,,,,1803,0,40,AUG25,2008,
6207618,"Mokawattana, Wongsathorn",THA,M,,,,1710,0,20,AUG25,2003,i
6209602,"Mongkolpradit, Harris",THA,M,,,,1609,0,20,AUG25,2002,i
6214770,"Mongkoltawephun, Chanon",THA,M,,,,1537,0,20,AUG25,2005,i
6204651,"Mutaya, Chayanit",THA,F,,,,1490,0,20,AUG25,2006,wi
6220509,"Nakthip, Nakorn",THA,M,,,,1524,0,40,AUG25,2016,
6200478,"Nakvanich, Sahapol",THA,M,,,,1875,0,20,AUG25,1969,i
6203213,"Nattavutthisit, Kavin",THA,M,,,,1879,0,20,AUG25,1999,i
6214495,"Ngamdeethae, Wimok",THA,M,,,,1437,0,20,AUG25,2004,i
6209300,"Ngamdeethae, Wimutti",THA,M,,,,1584,0,20,AUG25,2003,i
6219594,"Ngamyingsanga, Bhumpat",THA,M,,,,1664,0,20,AUG25,1998,i
6207707,"Nicrothanon, Chayaphat",THA,M,,,,1649,0,20,AUG25,1996,i
6207570,"Nilkhumhaeng, Nilwadee",THA,F,,NA,,1538,0,20,AUG25,2005,w
6203027,"Nimitmongkol, Podchara",THA,M,,,,1783,0,20,AUG25,1993,i
6217303,"Niramitpattanakoson, Ditsapat",THA,M,,,,1779,0,40,AUG25,2009,
6212859,"Nokkhuntong, Vanit",THA,M,,,,1621,0,20,AUG25,2000,i
6214177,"Noparatvarakorn, Peewatin",THA,M,,,,1518,0,40,AUG25,2012,
6204660,"Noppakun, Napat",THA,M,,,,1633,0,20,AUG25,2005,i
6211240,"Nuchit, Apisit",THA,M,,,,1596,0,20,AUG25,2000,i
6206859,"Nudat, Pinprachya",THA,F,,,,1614,0,40,AUG25,2009,wi
6206689,"Nudat, Pinpremsin",THA,F,,,,1573,0,20,AUG25,2005,wi
6203310,"Nunbhakdi, Tawin Matthew",THA,M,,,,1986,0,20,AUG25,1998,i
6216390,"Onbumrung, Anon",THA,M,,,,1570,0,20,AUG25,1991,i
6217834,"Onggara, Hugh Ananta",THA,M,,,,1448,0,40,AUG25,2011,
6207030,"Owajaroensakul, Sanant",THA,M,,,,1551,0,20,AUG25,2006,i
6209157,"Pa-in, Thunpisit",THA,M,,,,1433,0,40,AUG25,2012,i
6210287,"Padkratok, Taksakarn",THA,M,,,,1471,0,20,AUG25,2004,i
6226388,"Panapornsirikul, Kulthawat",THA,M,,,,AFM,1487,0,AUG25,1997,
6209521,"Pantip, Thampaphon",THA,M,,,,1428,0,20,AUG25,2002,i
6204392,"Pantong, Tikampon",THA,M,,,,1812,0,20,AUG25,1990,i
6208525,"Panyaraj, Prissayaporn",THA,F,,,,1423,0,40,AUG25,2007,wi
6206956,"Parhira, Preeda",THA,M,,,,1654,0,20,AUG25,2003,i
6216897,"Parkvisal, Teepapark",THA,M,,,,1450,0,40,AUG25,2012,
6207308,"Pattanak, Wittawat",THA,M,,,,1602,0,20,AUG25,1982,i
6202098,"Pattanawong, Worawong",THA,M,,,,1567,0,20,AUG25,1985,
6210830,"Pattarasopark, Suthichai",THA,M,,,,1602,0,20,AUG25,1996,i
6201210,"Petchrongrusamee, Pornpong",THA,M,,,,1787,0,20,AUG25,1970,i
6211127,"Phaithoon Na Ayuttaya, Apirak",THA,M,,,,1662,0,20,AUG25,1999,i
6202268,"Pheephacharakan, Pinatpong",THA,M,,NA,,1840,0,20,AUG25,2003,i
6218865,"Phetprom, Tanawat",THA,M,,,,1680,0,20,AUG25,2002,i
6217532,"Phichetarpha, Thanakit",THA,M,,,,1634,0,40,AUG25,2009,
6213820,"Phimpraphan, Sunny",THA,M,,NA,,1512,0,40,AUG25,2008,i
6212352,"Phisuthikul, Poj",THA,M,,,,1479,0,40,AUG25,2012,i
6201911,"Phitchayarom, Ruja",THA,F,WCM,WCM,,1655,0,20,AUG25,1992,w
6206573,"Phomsong, Wayu",THA,M,,,,1498,0,40,AUG25,2007,i
6214967,"Pienpoldeesakul, Baimon",THA,M,,,,1785,0,40,AUG25,2008,
6203914,"Pinphetsawan, Sirikwan",THA,F,,NA,,1588,7,20,AUG25,1993,w
6220401,"Pinyopasakul, Win",THA,M,,,,1586,0,20,AUG25,2005,
6221670,"Piriyalertsak, Teerathut",THA,M,,,,1436,0,40,AUG25,2014,
6200206,"Pitirotjirathon, Jirapak",THA,M,FM,"FT,SI",,2147,0,20,AUG25,1977,i
6206816,"Piyathumawuttikul, Kantapat",THA,M,,,,1701,0,40,AUG25,2007,i
6204414,"Plakwongsirikul, Sakkaranant",THA,M,,NA,,1645,0,20,AUG25,2004,i
6218075,"Plodnaimueang, Ueaangkun",THA,M,,,,1487,0,40,AUG25,2010,i
6200354,"Pongkiettisak, Sant",THA,M,,,,1975,0,20,AUG25,1969,i
6200516,"Pornariyasombat, Atippat",THA,M,,,,2058,0,20,AUG25,1973,i
6202497,"Pornpichitwattanakij, Pornmongkol",THA,M,,,,1810,0,20,AUG25,1991,i
6223206,"Pornsiwakulwong, Siravit",THA,M,,,,1513,0,40,AUG25,2010,
6212727,"Prairahongkun, Narupachai",THA,M,,,,1653,0,20,AUG25,2001,i
6218474,"Praneechotiros, Tharawut",THA,M,,,,1563,0,20,AUG25,1994,
6217125,"Prasawang, Muninnart",THA,M,,,,1482,0,20,AUG25,2006,i
6204422,"Prasitsoonthorn, Teerachoti",THA,M,,,,AIM,1859,0,AUG25,2003,i
6210686,"Prayoonthamrongthiti, Pisut",THA,M,,,,1882,0,20,AUG25,2002,i
6211925,"Preukpanasan, Pornpoj",THA,M,,,,1579,0,20,AUG25,1994,i
6204694,"Promchan, Noppakun",THA,M,,,,1642,0,40,AUG25,2007,i
6204996,"Prommuang, Araya",THA,F,WCM,WCM,NA,1740,17,40,AUG25,2007,w
6204171,"Promsirinimit, Pornouma",THA,F,,,,1711,0,20,AUG25,1995,wi
6203922,"Promsirinimit, Suratsada",THA,F,,,,1618,0,20,AUG25,1994,wi
6207790,"Pruksanubal, Supasit",THA,M,,,,1527,0,40,AUG25,2009,i
6204708,"Punpuckdeekoon, Matang",THA,F,,,,1444,0,40,AUG25,2007,wi
6216706,"Puntuyakorn, Nachapol",THA,M,,,,1492,0,40,AUG25,2007,
6207782,"Punyanitya, Jirath",THA,M,,,,1622,0,40,AUG25,2010,i
6211704,"Punyanitya, Prempipath",THA,M,,,,1574,0,40,AUG25,2012,i
6223648,"Puripatthanawong, Patipat",THA,M,,,,1639,0,20,AUG25,2005,
6217273,"Quint, Stefan",THA,M,,,,1434,0,20,AUG25,2004,i
6203078,"Rangkaew, Katunchalee",THA,F,,,,1565,0,20,AUG25,1991,w
6213677,"Rattanasinurangkun, Nuttapon",THA,M,,,,1621,0,20,AUG25,1997,i
6204732,"Riangrungrote, Phawat",THA,M,,,,1732,0,20,AUG25,2005,i
6212905,"Rimmai, Praytawan",THA,M,,,,1446,0,20,AUG25,2003,i
6200583,"Rittilert, Raweewish",THA,M,,,,1930,0,20,AUG25,1977,i
6221793,"Rodraksa, Traya",THA,M,,,,1467,0,40,AUG25,2014,
6207669,"Roekwiree, Kob-ngoen",THA,F,,NA,,1576,0,20,AUG25,1997,wi
6215459,"Rojjanaburanon, Jomkwan",THA,F,,NA,,1425,0,20,AUG25,2003,w
6220347,"Ruengjirachuporn, Chantat",THA,M,,,,1452,4,40,AUG25,2017,
6218334,"Rujiravanich, Pacific",THA,M,,,,1519,0,40,AUG25,2013,
6200184,"Saeheng, Boonsueb",THA,M,FM,,,2171,0,20,AUG25,1966,i
6225284,"Saengngoen, Kantawit",THA,M,,,,1642,0,40,AUG25,2009,
6207340,"Saengprasit, Seksan",THA,M,,,,1576,0,20,AUG25,1999,i
6204236,"Saengsrijan, Jakkraphon",THA,M,,,,1574,0,20,AUG25,1992,i
6204880,"Saiai, Purimprach",THA,M,,,,1522,0,40,AUG25,2010,i
6206697,"Saipetch, Kai",THA,M,,,,1587,0,40,AUG25,2008,i
6211380,"Saisud, Krit",THA,M,,,,1584,15,40,AUG25,2008,
6202101,"Sajjapornthep, Jarunpol",THA,M,,,,1715,0,20,AUG25,1973,
6202314,"Sakboon, Harit",THA,M,,,,1893,0,20,AUG25,1998,i
6204740,"Saksaringkarn, Nattawee",THA,M,,,,1738,0,20,AUG25,1998,i
6201423,"Saksaringkarn, Nattawut",THA,M,,,,1785,0,20,AUG25,0,i
6207243,"Samatthanan, Jirath",THA,M,,,,1575,0,40,AUG25,2008,i
6207251,"Samatthanan, Theerath",THA,M,,,,1618,0,40,AUG25,2010,i
6204058,"Samphaothong, Siriwan",THA,F,,,,1601,0,20,AUG25,2000,w
6203124,"Sandhiratne, Akkarawut",THA,M,,,,1867,0,20,AUG25,1992,i
6208843,"Sangchong, Chintakanya",THA,F,,,,1462,0,40,AUG25,2007,wi
6205518,"Sangkham, Irada",THA,F,,,,1516,0,20,AUG25,2002,wi
6205585,"Sangkham, Tanawat",THA,M,,,,1538,0,40,AUG25,2007,i
6206662,"Sangkham, Yanapa",THA,F,,,,1475,0,40,AUG25,2008,wi
6212840,"Sangpreedeekorn, Jirawat",THA,M,,,,1451,0,20,AUG25,2000,i
6209750,"Sangsiri, Kantapon",THA,M,,,,1605,0,20,AUG25,2006,i
6210155,"Sangsiri, Tharatep",THA,M,,,,1538,0,20,AUG25,1969,i
6223087,"Santanakanit, Phudis",THA,M,,,,1578,0,40,AUG25,2010,
6218032,"Sanukitpaisarn, Nutthapong",THA,M,,,,1629,0,40,AUG25,2011,i
6204015,"Seela, Prajuk",THA,M,,,,1674,0,20,AUG25,1979,i
6222943,"Sehgal, Chhatresh",THA,M,,,,1485,0,20,AUG25,2003,
6217842,"Sermsrisuwan, Bhupah Orlando",THA,M,,,,1551,0,40,AUG25,2010,i
6221696,"Serngadichaiwit, Teerapat",THA,M,,,,1677,0,20,AUG25,1993,
6204023,"Sevikul, Bhasit",THA,M,,,,1816,0,20,AUG25,1958,i
6204910,"Siladaeng, Teewasu",THA,M,,,,1710,0,20,AUG25,2006,i
6200680,"Silalikhit, Jakkapan",THA,M,,,,1803,0,20,AUG25,1966,i
6204082,"Simawit, Tirasak",THA,M,,,,1460,0,20,AUG25,2002,i
6204767,"Singsomroj, Sornsawan",THA,F,,,,1655,0,20,AUG25,2003,wi
6206930,"Singtoroj, Rattchapol",THA,M,,,,1497,0,20,AUG25,2006,i
6211976,"Sintavanuruk, Dhas",THA,M,,,,1525,0,20,AUG25,2002,i
6203159,"Siribootr, Jugkit Sam",THA,M,,,,1718,0,20,AUG25,0,i
6216323,"Siridanupath, Gavin",THA,M,,,,1787,8,40,AUG25,2013,
6214746,"Sirimongkol, Panpat",THA,M,,,,1751,0,20,AUG25,2004,i
6206093,"Siripakorn, Sumeth",THA,M,,,,1629,0,20,AUG25,1998,i
6210902,"Siripatvanich, Nonglak",THA,F,,,,1444,0,20,AUG25,1992,w
6214568,"Siripraiwan, Tanawat",THA,M,,,,AFM,1483,0,AUG25,2008,i
6220380,"Sirisinghol, Natthanun",THA,M,,,,1595,0,40,AUG25,2011,
6216293,"Sirisuksawat, Korranat",THA,M,,,,1689,0,20,AUG25,2000,i
6200443,"Sivara, Poompat",THA,M,,,,1956,0,20,AUG25,1964,i
6215637,"Somboonsuwan, Tavorn",THA,M,,,,1602,0,20,AUG25,2005,i
6211410,"Soonthornpan, Tanop",THA,M,,,,1668,0,20,AUG25,2004,i
6220908,"Soonthron, Peeranut",THA,M,,,,1505,0,20,AUG25,2006,i
6203779,"Sorncharoensap, Poramet",THA,M,,,,1665,0,20,AUG25,2005,i
6208835,"Srettawiwatt, Nicharee",THA,F,,,,1424,0,40,AUG25,2008,wi
6222196,"Sricharoen, Pore",THA,M,,,,1627,0,20,AUG25,1998,
6201903,"Srijomtong, Isawan",THA,F,WCM,WCM,,1751,0,20,AUG25,1998,wi
6212263,"Sripakdee, Padungsak",THA,M,,,,1609,0,20,AUG25,1968,i
6214886,"Sriraksa, Phongkit",THA,M,,,,1545,0,20,AUG25,1994,
6213383,"Srisawang, Piroon",THA,M,,FA,,1677,0,20,AUG25,1995,i
6211887,"Srivannaboon, Sabiangtham",THA,M,,,,1512,0,40,AUG25,2010,i
6200508,"Srivatanakul, Pricha",THA,M,,,,1686,0,20,AUG25,1937,i
6213995,"Srivilaived, Pruetipong",THA,M,,,,1429,0,20,AUG25,2003,i
6219799,"Sucharit, Phop-phon",THA,M,,,,1600,0,40,AUG25,2007,i
6212697,"Suharuithaya, Virit",THA,M,,,,1465,0,40,AUG25,2012,i
6216560,"Sukapiriya, Norrapat",THA,M,,,,1451,9,40,AUG25,2013,
6218563,"Sukcharoenyingyong, Sorawit",THA,M,,,,1693,8,40,AUG25,2010,
6217737,"Suksumit, Roman",THA,M,,,,1677,0,40,AUG25,2010,i
6201890,"Sunathvanichkul, Tawan",THA,M,,,,1590,0,20,AUG25,1992,i
6203167,"Supinanont, Sitthiporn",THA,M,,,,1718,0,20,AUG25,1952,i
6216889,"Suradee, Pithayut",THA,M,,,,1525,0,40,AUG25,2009,i
6202306,"Suranatbunsiri, Suphadithakorn",THA,M,,,,1837,0,20,AUG25,1987,i
6225209,"Surapongprapa, Rabil",THA,M,,,,1608,0,20,AUG25,1973,
6200788,"Surintharaseree, Kittitat",THA,M,,,,1939,0,20,AUG25,1989,i
6214657,"Suthiponpaisarn, Proudpitcha",THA,F,,,,1559,4,40,AUG25,2014,w
6220185,"Suthiponpaisarn, Udom",THA,M,,,,1580,0,20,AUG25,1973,
6210783,"Sutthithamwasi, Makorn",THA,M,,,,1536,0,40,AUG25,2007,i
6206417,"Suvannawongse, Putita",THA,F,,,,1460,0,20,AUG25,1994,wi
6203540,"Suwanvaree, Porawee",THA,M,,,,1709,0,20,AUG25,2002,i
6220789,"Suwitchanpan, Natthabhumi",THA,M,,,,1595,0,40,AUG25,2010,
6201652,"Tachaplalert, Suvich",THA,M,,,,1886,0,20,AUG25,1997,i
6223508,"Tachotwattanakorn, Krittaphars",THA,M,,,,1617,0,40,AUG25,2008,
6217397,"Tairahan, Sorawit",THA,M,,,,1429,0,40,AUG25,2007,
6203477,"Tamtrakoon, Rattathammanoon",THA,M,,,,1707,0,20,AUG25,2000,i
6211941,"Tanarujiviwat, Warut",THA,M,,,,1557,0,20,AUG25,2000,i
6204821,"Tangsunawan, Tada",THA,M,,,,1519,0,40,AUG25,2008,i
6204791,"Tantipura, Noppakorn",THA,M,,,,2001,0,20,AUG25,2003,
6203043,"Taowal, Phanuwat",THA,M,,,,1858,0,20,AUG25,1998,i
6217095,"Tapanakulsak, Peramin",THA,M,,,,1583,0,40,AUG25,2010,
6205860,"Taulananda, Anon",THA,M,,,,AIM,1665,0,AUG25,2006,i
6206115,"Tawankanjana, Dhi",THA,M,,,,1683,0,40,AUG25,2008,i
6208894,"Tawankanjana, Sasinat",THA,F,,,,1576,5,40,AUG25,2011,w
6200117,"Taweesupmun, Chanida",THA,F,WCM,WCM,,1914,0,20,AUG25,1984,wi
6200176,"Teerapabpaisit, Wisuwat",THA,M,FM,,,2060,0,20,AUG25,1971,i
6207286,"Teerawuttiudom, Bhudit",THA,M,,,,1687,0,40,AUG25,2008,i
6214819,"Thamthinawut, Nitcha",THA,F,,,,1549,0,20,AUG25,1992,wi
6201059,"Thanarotrung, Ratchaphon",THA,M,,,,1952,0,20,AUG25,1994,
6201733,"Thanatipanonda, Thotsaporn",THA,M,,,,2107,0,20,AUG25,1977,i
6204783,"Thanintharathan, Thawanphon",THA,F,,,,1603,0,20,AUG25,1994,wi
6204040,"Thassanamethin, Methavee",THA,M,,,,1730,0,20,AUG25,1980,i
6222900,"Thiradechanun, Thanakrit",THA,M,,,,1656,0,20,AUG25,1967,
6223613,"Thonganant, Bantat",THA,M,,,,1655,0,40,AUG25,2010,
6211283,"Thongsuk, Chaiwat",THA,M,,,,1573,0,20,AUG25,1973,i
6206603,"Thongsuk, Supawaree",THA,F,,,,1581,0,20,AUG25,2005,wi
6205984,"Thongsuk, Teerawat",THA,M,,,,1553,0,20,AUG25,2003,i
6202330,"Tianopart, Ruengyot",THA,M,,,,1848,0,20,AUG25,1998,i
6209076,"Tienanansuk, Kwanprach",THA,F,,,,1428,0,20,AUG25,2006,wi
6208274,"Tienanansuk, Sittha",THA,M,,,,1475,0,40,AUG25,2008,i
6209882,"Titapiwatanakun, Boonjertpan",THA,M,,,,1635,0,40,AUG25,2008,i
6206867,"Tootong, Thamachart",THA,M,,,,1590,0,40,AUG25,2007,i
652009726,"Tourteau, Victoria",THA,F,,,,1436,9,40,AUG25,2014,w
6200036,"Trisa-Ard, Nakorn",THA,M,FM,,,2160,0,20,AUG25,1943,i
6205909,"Tudsana, Narongchai",THA,M,,,,1572,0,20,AUG25,2002,i
6226426,"Tumsuwun, Sanyalak",THA,M,,,,1568,0,20,AUG25,1984,
6203230,"Tungkaew, Pitchakorn",THA,M,,,,1644,0,20,AUG25,2001,i
6203493,"Tungkaew, Sitikan",THA,M,,,,1684,0,20,AUG25,2000,i
6210554,"Tunsakul, Nuttapol",THA,M,,,,1460,0,20,AUG25,1993,i
6215017,"Tuntrairat, Banyawat",THA,M,,,,1583,6,40,AUG25,2016,
6202551,"Tuorila, Christina",THA,F,,,,1719,0,20,AUG25,1996,wi
6200214,"Tuorila, Kai",THA,M,,,,1813,8,20,AUG25,1965,
6202152,"Tuorila, Nina",THA,F,,NA,,1591,0,20,AUG25,2002,wi
6218296,"Uapongkitikul, Pavatt",THA,M,,,,1421,14,40,AUG25,2012,
6213332,"Udornpim, Tye",THA,M,,,,1438,0,40,AUG25,2008,
6207324,"Ungsrithong, Chanachoke",THA,M,,,,1638,0,40,AUG25,2008,i
6203760,"Upachan, Songkasem",THA,M,,,,1627,0,20,AUG25,2006,i
6221513,"Vijitsatitrat, Virinya",THA,F,,,,1434,0,40,AUG25,2014,w
6213260,"Viriya, A-nak",THA,M,,,,1594,0,20,AUG25,2006,i
6200745,"Vitithum, Issara",THA,M,,,,1953,0,20,AUG25,1964,i
6210716,"Vongrungrot, Kritin",THA,M,,,,1506,0,40,AUG25,2012,i
6205887,"Vongsarath, Chanon Tyler",THA,M,,NA,,ACM,1732,0,AUG25,1994,
6202179,"Vongvastana, Chananchida",THA,F,,,,1711,0,20,AUG25,2000,wi
6214509,"Voranavin, Jomsup",THA,M,,,,1637,0,20,AUG25,2006,i
6220622,"Vorrapittayaporn, Bhudit",THA,M,,,,1724,0,40,AUG25,2007,
6210791,"Wang, Ruojia",THA,M,,,,1558,0,40,AUG25,2009,i
6206131,"Wangchareonpaisal, Trirachai",THA,M,,,,1710,0,20,AUG25,1999,i
6208282,"Wangthumboon, Patawee",THA,M,,,,1606,0,40,AUG25,2007,i
6204473,"Wannawichian, Suwicha",THA,F,,,,1597,0,20,AUG25,1978,wi
6217320,"Wannissorn, Petch",THA,M,,,,1681,0,20,AUG25,1988,i
6202187,"Wattanarat, Pasawon",THA,M,,,,1930,0,20,AUG25,1991,i
6212158,"Wattanasak, Theptat",THA,M,,,,1507,0,20,AUG25,1999,i
6203825,"Weerapan, Phumrapee",THA,M,,,,1548,0,20,AUG25,2006,i
6223460,"Wisetsak, Supanat",THA,M,,,,1533,0,20,AUG25,2005,
6201075,"Wiwarin, Piyapon",THA,M,,,,1771,0,20,AUG25,1991,i
6201083,"Wiwatanadate, Poompong",THA,M,FM,IA,,1870,0,20,AUG25,1990,
6213006,"Wongbenjarat, Supakrit",THA,M,,,,1591,0,20,AUG25,2006,i
6217613,"Wongkosonjit, Win",THA,M,,,,1574,0,40,AUG25,2008,i
6202349,"Wongsawan, Thoetsak",THA,M,,,,1837,0,20,AUG25,1995,
6223265,"Wongsirirangsee, Wongpath",THA,M,,,,1479,0,40,AUG25,2009,
6211470,"Wongwaiwit, Nrah",THA,M,,,,1539,0,20,AUG25,2006,i
6211062,"Wongwiwatchai, Abhitam",THA,M,,,,1585,0,20,AUG25,1996,i
6215939,"Wutti-udomlert, Gunn Daniel",THA,M,,,,1551,0,40,AUG25,2008,i
6206808,"Yabsanthia, Tawatchai",THA,M,,,,1576,0,20,AUG25,1995,i
6209769,"Yampunranai, Navanatee",THA,M,,,,1537,0,20,AUG25,2006,i
6209068,"Yindee, Wanida",THA,F,,,,1504,0,20,AUG25,1999,wi
6200770,"Yothinnorratham, Tepparit",THA,M,,,,1937,0,20,AUG25,1992,i
6203221,"Yoying, Arnon",THA,M,,,,1855,0,20,AUG25,1990,i