[
  {
    "ID Number": "4326806"
  },
  {
    "ID Number": "4301528"
  },
  {
    "ID Number": "4310829"
  },
  {
    "ID Number": "4314131"
  },
  {
    "ID Number": "4303636"
  },
  {
    "ID Number": "4303083"
  },
  {
    "ID Number": "4317262"
  },
  {
    "ID Number": "4321219"
  },
  {
    "ID Number": "4313003"
  },
  {
    "ID Number": "4314255"
  },
  {
    "ID Number": "4309545"
  },
  {
    "ID Number": "4311116"
  },
  {
    "ID Number": "4325923"
  },
  {
    "ID Number": "4321502"
  },
  {
    "ID Number": "467600"
  },
  {
    "ID Number": "4306953"
  },
  {
    "ID Number": "4307313"
  },
  {
    "ID Number": "4304462"
  },
  {
    "ID Number": "4321030"
  },
  {
    "ID Number": "4316452"
  },
  {
    "ID Number": "4305965"
  },
  {
    "ID Number": "4311981"
  },
  {
    "ID Number": "4311990"
  },
  {
    "ID Number": "4301382"
  },
  {
    "ID Number": "4305337"
  },
  {
    "ID Number": "4317220"
  },
  {
    "ID Number": "4301340"
  },
  {
    "ID Number": "4303423"
  },
  {
    "ID Number": "4306767"
  },
  {
    "ID Number": "4300920"
  },
  {
    "ID Number": "4307321"
  },
  {
    "ID Number": "4308239"
  },
  {
    "ID Number": "14307405"
  },
  {
    "ID Number": "4320808"
  },
  {
    "ID Number": "4300238"
  },
  {
    "ID Number": "110000016"
  },
  {
    "ID Number": "4309073"
  },
  {
    "ID Number": "4321693"
  },
  {
    "ID Number": "4317084"
  },
  {
    "ID Number": "4325605"
  },
  {
    "ID Number": "4309332"
  },
  {
    "ID Number": "4305981"
  },
  {
    "ID Number": "4300874"
  },
  {
    "ID Number": "4313011"
  },
  {
    "ID Number": "4314271"
  },
  {
    "ID Number": "4330080"
  },
  {
    "ID Number": "4306350"
  },
  {
    "ID Number": "4309081"
  },
  {
    "ID Number": "4310276"
  },
  {
    "ID Number": "4319966"
  },
  {
    "ID Number": "4319974"
  },
  {
    "ID Number": "4317980"
  },
  {
    "ID Number": "4318072"
  },
  {
    "ID Number": "4325702"
  },
  {
    "ID Number": "4307470"
  },
  {
    "ID Number": "4307810"
  },
  {
    "ID Number": "4311540"
  },
  {
    "ID Number": "4313488"
  },
  {
    "ID Number": "4300645"
  },
  {
    "ID Number": "4325656"
  },
  {
    "ID Number": "4314611"
  },
  {
    "ID Number": "4325710"
  },
  {
    "ID Number": "4300556"
  },
  {
    "ID Number": "4300840"
  },
  {
    "ID Number": "4303288"
  },
  {
    "ID Number": "4301951"
  },
  {
    "ID Number": "4300793"
  },
  {
    "ID Number": "4313704"
  },
  {
    "ID Number": "4301218"
  },
  {
    "ID Number": "4303911"
  },
  {
    "ID Number": "4314301"
  },
  {
    "ID Number": "4301722"
  },
  {
    "ID Number": "4316886"
  },
  {
    "ID Number": "4307330"
  },
  {
    "ID Number": "4321685"
  },
  {
    "ID Number": "4313585"
  },
  {
    "ID Number": "4330102"
  },
  {
    "ID Number": "4328892"
  },
  {
    "ID Number": "453480"
  },
  {
    "ID Number": "459127"
  },
  {
    "ID Number": "4312198"
  },
  {
    "ID Number": "4300106"
  },
  {
    "ID Number": "4307046"
  },
  {
    "ID Number": "4300572"
  },
  {
    "ID Number": "4300157"
  },
  {
    "ID Number": "4319370"
  },
  {
    "ID Number": "4302052"
  },
  {
    "ID Number": "4302060"
  },
  {
    "ID Number": "4313364"
  },
  {
    "ID Number": "4330056"
  },
  {
    "ID Number": "4320875"
  },
  {
    "ID Number": "4314352"
  },
  {
    "ID Number": "4326504"
  },
  {
    "ID Number": "4304128"
  },
  {
    "ID Number": "4311566"
  },
  {
    "ID Number": "4326288"
  },
  {
    "ID Number": "4312635"
  },
  {
    "ID Number": "4325621"
  },
  {
    "ID Number": "4301358"
  },
  {
    "ID Number": "4307437"
  },
  {
    "ID Number": "4310292"
  },
  {
    "ID Number": "4310608"
  },
  {
    "ID Number": "4302460"
  },
  {
    "ID Number": "4305116"
  },
  {
    "ID Number": "4300122"
  },
  {
    "ID Number": "4326490"
  },
  {
    "ID Number": "4300700"
  },
  {
    "ID Number": "4300866"
  },
  {
    "ID Number": "4317548"
  },
  {
    "ID Number": "4331419"
  },
  {
    "ID Number": "4301579"
  },
  {
    "ID Number": "4303962"
  },
  {
    "ID Number": "4300947"
  },
  {
    "ID Number": "4300114"
  },
  {
    "ID Number": "4314964"
  },
  {
    "ID Number": "4317041"
  },
  {
    "ID Number": "4314972"
  },
  {
    "ID Number": "4310837"
  },
  {
    "ID Number": "4301110"
  },
  {
    "ID Number": "4319672"
  },
  {
    "ID Number": "4325486"
  },
  {
    "ID Number": "4300505"
  },
  {
    "ID Number": "12417246"
  },
  {
    "ID Number": "4308808"
  },
  {
    "ID Number": "405647"
  },
  {
    "ID Number": "4306821"
  },
  {
    "ID Number": "4313119"
  },
  {
    "ID Number": "4306554"
  },
  {
    "ID Number": "4300025"
  },
  {
    "ID Number": "4317017"
  },
  {
    "ID Number": "4313305"
  },
  {
    "ID Number": "4300629"
  },
  {
    "ID Number": "4325648"
  },
  {
    "ID Number": "4328078"
  },
  {
    "ID Number": "4300777"
  },
  {
    "ID Number": "4329864"
  },
  {
    "ID Number": "4307615"
  },
  {
    "ID Number": "4307623"
  },
  {
    "ID Number": "4327845"
  },
  {
    "ID Number": "4318250"
  },
  {
    "ID Number": "4318269"
  },
  {
    "ID Number": "4330110"
  },
  {
    "ID Number": "4330129"
  },
  {
    "ID Number": "4306104"
  },
  {
    "ID Number": "4300424"
  },
  {
    "ID Number": "4306082"
  },
  {
    "ID Number": "4328906"
  },
  {
    "ID Number": "4304233"
  },
  {
    "ID Number": "4304586"
  },
  {
    "ID Number": "4313160"
  },
  {
    "ID Number": "4314379"
  },
  {
    "ID Number": "4314387"
  },
  {
    "ID Number": "4321049"
  },
  {
    "ID Number": "4306325"
  },
  {
    "ID Number": "4310616"
  },
  {
    "ID Number": "4325869"
  },
  {
    "ID Number": "4302508"
  },
  {
    "ID Number": "4324994"
  },
  {
    "ID Number": "4313771"
  },
  {
    "ID Number": "4314646"
  },
  {
    "ID Number": "4317394"
  },
  {
    "ID Number": "4310233"
  },
  {
    "ID Number": "4313313"
  },
  {
    "ID Number": "4303806"
  },
  {
    "ID Number": "4304020"
  },
  {
    "ID Number": "4308883"
  },
  {
    "ID Number": "4303482"
  },
  {
    "ID Number": "4303555"
  },
  {
    "ID Number": "4317726"
  },
  {
    "ID Number": "4320786"
  },
  {
    "ID Number": "4330234"
  },
  {
    "ID Number": "4324900"
  },
  {
    "ID Number": "4303296"
  },
  {
    "ID Number": "4314123"
  },
  {
    "ID Number": "4321618"
  },
  {
    "ID Number": "4304594"
  },
  {
    "ID Number": "4330242"
  },
  {
    "ID Number": "4321472"
  },
  {
    "ID Number": "4321057"
  },
  {
    "ID Number": "4320913"
  },
  {
    "ID Number": "4300084"
  },
  {
    "ID Number": "4319486"
  },
  {
    "ID Number": "4305620"
  },
  {
    "ID Number": "4314654"
  },
  {
    "ID Number": "4314662"
  },
  {
    "ID Number": "4325028"
  },
  {
    "ID Number": "4306090"
  },
  {
    "ID Number": "4324820"
  },
  {
    "ID Number": "4325427"
  },
  {
    "ID Number": "4300602"
  },
  {
    "ID Number": "4301994"
  },
  {
    "ID Number": "4300599"
  },
  {
    "ID Number": "4304489"
  },
  {
    "ID Number": "4314557"
  },
  {
    "ID Number": "4314581"
  },
  {
    "ID Number": "4317050"
  },
  {
    "ID Number": "4312023"
  },
  {
    "ID Number": "4310098"
  },
  {
    "ID Number": "4303229"
  },
  {
    "ID Number": "4306570"
  },
  {
    "ID Number": "4325036"
  },
  {
    "ID Number": "4304608"
  },
  {
    "ID Number": "4322010"
  },
  {
    "ID Number": "4326628"
  },
  {
    "ID Number": "4309561"
  },
  {
    "ID Number": "4306597"
  },
  {
    "ID Number": "4306600"
  },
  {
    "ID Number": "4322380"
  },
  {
    "ID Number": "4306015"
  },
  {
    "ID Number": "4309952"
  },
  {
    "ID Number": "4320069"
  },
  {
    "ID Number": "4304284"
  },
  {
    "ID Number": "4304497"
  },
  {
    "ID Number": "4317009"
  },
  {
    "ID Number": "4304500"
  },
  {
    "ID Number": "4303300"
  },
  {
    "ID Number": "4303431"
  },
  {
    "ID Number": "4315251"
  },
  {
    "ID Number": "4325095"
  },
  {
    "ID Number": "4316665"
  },
  {
    "ID Number": "30924880"
  },
  {
    "ID Number": "4325753"
  },
  {
    "ID Number": "4313097"
  },
  {
    "ID Number": "4309766"
  },
  {
    "ID Number": "4300971"
  },
  {
    "ID Number": "4313372"
  },
  {
    "ID Number": "4310160"
  },
  {
    "ID Number": "4313801"
  },
  {
    "ID Number": "4304977"
  },
  {
    "ID Number": "4328876"
  },
  {
    "ID Number": "4303490"
  },
  {
    "ID Number": "4314859"
  },
  {
    "ID Number": "4320107"
  },
  {
    "ID Number": "4307887"
  },
  {
    "ID Number": "4313348"
  },
  {
    "ID Number": "4309960"
  },
  {
    "ID Number": "4316967"
  },
  {
    "ID Number": "8614237"
  },
  {
    "ID Number": "4313593"
  },
  {
    "ID Number": "4312546"
  },
  {
    "ID Number": "4316681"
  },
  {
    "ID Number": "4313186"
  },
  {
    "ID Number": "4317521"
  },
  {
    "ID Number": "4305469"
  },
  {
    "ID Number": "4311523"
  },
  {
    "ID Number": "4317076"
  },
  {
    "ID Number": "4305477"
  },
  {
    "ID Number": "4300386"
  },
  {
    "ID Number": "4303148"
  },
  {
    "ID Number": "4311094"
  },
  {
    "ID Number": "4312031"
  },
  {
    "ID Number": "4305639"
  },
  {
    "ID Number": "4315073"
  },
  {
    "ID Number": "4317408"
  },
  {
    "ID Number": "4312643"
  },
  {
    "ID Number": "4305728"
  },
  {
    "ID Number": "4306147"
  },
  {
    "ID Number": "4325672"
  },
  {
    "ID Number": "4311370"
  },
  {
    "ID Number": "4300653"
  },
  {
    "ID Number": "4306856"
  },
  {
    "ID Number": "4312058"
  },
  {
    "ID Number": "4317858"
  },
  {
    "ID Number": "4321871"
  },
  {
    "ID Number": "4301137"
  },
  {
    "ID Number": "4314433"
  },
  {
    "ID Number": "4301145"
  },
  {
    "ID Number": "4326440"
  },
  {
    "ID Number": "4304985"
  },
  {
    "ID Number": "4304993"
  },
  {
    "ID Number": "4305140"
  },
  {
    "ID Number": "4305485"
  },
  {
    "ID Number": "4308190"
  },
  {
    "ID Number": "4311086"
  },
  {
    "ID Number": "4300823"
  },
  {
    "ID Number": "4317599"
  },
  {
    "ID Number": "4312651"
  },
  {
    "ID Number": "4305736"
  },
  {
    "ID Number": "4317750"
  },
  {
    "ID Number": "4331753"
  },
  {
    "ID Number": "4305000"
  },
  {
    "ID Number": "4300181"
  },
  {
    "ID Number": "4302567"
  },
  {
    "ID Number": "4315308"
  },
  {
    "ID Number": "4315316"
  },
  {
    "ID Number": "2401312"
  },
  {
    "ID Number": "4312066"
  },
  {
    "ID Number": "4301390"
  },
  {
    "ID Number": "4316738"
  },
  {
    "ID Number": "4319737"
  },
  {
    "ID Number": "4309120"
  },
  {
    "ID Number": "4305914"
  },
  {
    "ID Number": "4324005"
  },
  {
    "ID Number": "4307577"
  },
  {
    "ID Number": "4311752"
  },
  {
    "ID Number": "4317866"
  },
  {
    "ID Number": "4313496"
  },
  {
    "ID Number": "4321251"
  },
  {
    "ID Number": "4303776"
  },
  {
    "ID Number": "4302311"
  },
  {
    "ID Number": "4311833"
  },
  {
    "ID Number": "4307763"
  },
  {
    "ID Number": "4300319"
  },
  {
    "ID Number": "4304012"
  },
  {
    "ID Number": "4331443"
  },
  {
    "ID Number": "4305647"
  },
  {
    "ID Number": "4301064"
  },
  {
    "ID Number": "4305019"
  },
  {
    "ID Number": "4305027"
  },
  {
    "ID Number": "4305035"
  },
  {
    "ID Number": "4308204"
  },
  {
    "ID Number": "4317203"
  },
  {
    "ID Number": "4305574"
  },
  {
    "ID Number": "4309987"
  },
  {
    "ID Number": "1208438"
  },
  {
    "ID Number": "4331257"
  },
  {
    "ID Number": "4309090"
  },
  {
    "ID Number": "4305051"
  },
  {
    "ID Number": "4304110"
  },
  {
    "ID Number": "4320476"
  },
  {
    "ID Number": "4317211"
  },
  {
    "ID Number": "4328841"
  },
  {
    "ID Number": "4305493"
  },
  {
    "ID Number": "4304764"
  },
  {
    "ID Number": "4304780"
  },
  {
    "ID Number": "4321189"
  },
  {
    "ID Number": "4312082"
  },
  {
    "ID Number": "4312090"
  },
  {
    "ID Number": "4312104"
  },
  {
    "ID Number": "33398453"
  },
  {
    "ID Number": "4330684"
  },
  {
    "ID Number": "4331451"
  },
  {
    "ID Number": "4305850"
  },
  {
    "ID Number": "4303997"
  },
  {
    "ID Number": "4304306"
  },
  {
    "ID Number": "4304314"
  },
  {
    "ID Number": "4314620"
  },
  {
    "ID Number": "4302940"
  },
  {
    "ID Number": "4302958"
  },
  {
    "ID Number": "35081136"
  },
  {
    "ID Number": "4313658"
  },
  {
    "ID Number": "4326482"
  },
  {
    "ID Number": "4310314"
  },
  {
    "ID Number": "4309693"
  },
  {
    "ID Number": "4312244"
  },
  {
    "ID Number": "4306783"
  },
  {
    "ID Number": "4301420"
  },
  {
    "ID Number": "4305396"
  },
  {
    "ID Number": "4325680"
  },
  {
    "ID Number": "4304730"
  },
  {
    "ID Number": "4304837"
  },
  {
    "ID Number": "4321405"
  },
  {
    "ID Number": "4314689"
  },
  {
    "ID Number": "4303946"
  },
  {
    "ID Number": "4328728"
  },
  {
    "ID Number": "4302354"
  },
  {
    "ID Number": "4300610"
  },
  {
    "ID Number": "4320964"
  },
  {
    "ID Number": "4325770"
  },
  {
    "ID Number": "4321065"
  },
  {
    "ID Number": "4302079"
  },
  {
    "ID Number": "4313437"
  },
  {
    "ID Number": "4321073"
  },
  {
    "ID Number": "4313836"
  },
  {
    "ID Number": "4302974"
  },
  {
    "ID Number": "4304373"
  },
  {
    "ID Number": "4300190"
  },
  {
    "ID Number": "4308840"
  },
  {
    "ID Number": "4309030"
  },
  {
    "ID Number": "4313852"
  },
  {
    "ID Number": "110033474"
  },
  {
    "ID Number": "4325176"
  },
  {
    "ID Number": "4315189"
  },
  {
    "ID Number": "4300718"
  },
  {
    "ID Number": "4307666"
  },
  {
    "ID Number": "4300963"
  },
  {
    "ID Number": "4304845"
  },
  {
    "ID Number": "4300548"
  },
  {
    "ID Number": "4319176"
  },
  {
    "ID Number": "4312120"
  },
  {
    "ID Number": "4303512"
  },
  {
    "ID Number": "4301854"
  },
  {
    "ID Number": "4328434"
  },
  {
    "ID Number": "4313534"
  },
  {
    "ID Number": "4306422"
  },
  {
    "ID Number": "4325397"
  },
  {
    "ID Number": "4325184"
  },
  {
    "ID Number": "4313879"
  },
  {
    "ID Number": "4313887"
  },
  {
    "ID Number": "4317874"
  },
  {
    "ID Number": "4306333"
  },
  {
    "ID Number": "4309278"
  },
  {
    "ID Number": "4314697"
  },
  {
    "ID Number": "4315260"
  },
  {
    "ID Number": "4319753"
  },
  {
    "ID Number": "4311280"
  },
  {
    "ID Number": "4311647"
  },
  {
    "ID Number": "4302087"
  },
  {
    "ID Number": "4313895"
  },
  {
    "ID Number": "35814420"
  },
  {
    "ID Number": "448630"
  },
  {
    "ID Number": "4307780"
  },
  {
    "ID Number": "4303733"
  },
  {
    "ID Number": "4317238"
  },
  {
    "ID Number": "4312139"
  },
  {
    "ID Number": "4323572"
  },
  {
    "ID Number": "4320247"
  },
  {
    "ID Number": "4302605"
  },
  {
    "ID Number": "4303261"
  },
  {
    "ID Number": "4317165"
  },
  {
    "ID Number": "4325567"
  },
  {
    "ID Number": "4321081"
  },
  {
    "ID Number": "4314565"
  },
  {
    "ID Number": "4319567"
  },
  {
    "ID Number": "4312570"
  },
  {
    "ID Number": "4324943"
  },
  {
    "ID Number": "25007408"
  },
  {
    "ID Number": "4301293"
  },
  {
    "ID Number": "4318099"
  },
  {
    "ID Number": "4304004"
  },
  {
    "ID Number": "4315197"
  },
  {
    "ID Number": "4301234"
  },
  {
    "ID Number": "4310063"
  },
  {
    "ID Number": "4312830"
  },
  {
    "ID Number": "4316290"
  },
  {
    "ID Number": "4328850"
  },
  {
    "ID Number": "4300904"
  },
  {
    "ID Number": "4312856"
  },
  {
    "ID Number": "4323963"
  },
  {
    "ID Number": "4317998"
  },
  {
    "ID Number": "4304438"
  },
  {
    "ID Number": "4314115"
  },
  {
    "ID Number": "4307011"
  },
  {
    "ID Number": "4318358"
  },
  {
    "ID Number": "4300513"
  },
  {
    "ID Number": "4300149"
  },
  {
    "ID Number": "4302036"
  },
  {
    "ID Number": "4326423"
  },
  {
    "ID Number": "4301188"
  },
  {
    "ID Number": "4317890"
  },
  {
    "ID Number": "4319214"
  },
  {
    "ID Number": "4306414"
  },
  {
    "ID Number": "4300815"
  },
  {
    "ID Number": "4304748"
  },
  {
    "ID Number": "4324803"
  },
  {
    "ID Number": "4312678"
  },
  {
    "ID Number": "4311515"
  },
  {
    "ID Number": "4321413"
  },
  {
    "ID Number": "4315138"
  },
  {
    "ID Number": "4315146"
  },
  {
    "ID Number": "4305531"
  },
  {
    "ID Number": "4306295"
  },
  {
    "ID Number": "4309812"
  },
  {
    "ID Number": "4317904"
  },
  {
    "ID Number": "4306902"
  },
  {
    "ID Number": "4313925"
  },
  {
    "ID Number": "4317351"
  },
  {
    "ID Number": "4330943"
  },
  {
    "ID Number": "4330188"
  },
  {
    "ID Number": "4325796"
  },
  {
    "ID Number": "4308174"
  },
  {
    "ID Number": "4311043"
  },
  {
    "ID Number": "4325800"
  },
  {
    "ID Number": "4320310"
  },
  {
    "ID Number": "4319877"
  },
  {
    "ID Number": "4328213"
  },
  {
    "ID Number": "4317360"
  },
  {
    "ID Number": "4314492"
  },
  {
    "ID Number": "4317246"
  },
  {
    "ID Number": "4310365"
  },
  {
    "ID Number": "4325885"
  },
  {
    "ID Number": "4321936"
  },
  {
    "ID Number": "4311655"
  },
  {
    "ID Number": "4310373"
  },
  {
    "ID Number": "4303814"
  },
  {
    "ID Number": "4321626"
  },
  {
    "ID Number": "4321286"
  },
  {
    "ID Number": "4317440"
  },
  {
    "ID Number": "4307682"
  },
  {
    "ID Number": "4313135"
  },
  {
    "ID Number": "4311930"
  },
  {
    "ID Number": "4306309"
  },
  {
    "ID Number": "4306317"
  },
  {
    "ID Number": "4311663"
  },
  {
    "ID Number": "4305701"
  },
  {
    "ID Number": "4311302"
  },
  {
    "ID Number": "4310810"
  },
  {
    "ID Number": "4327640"
  },
  {
    "ID Number": "4328043"
  },
  {
    "ID Number": "4312899"
  },
  {
    "ID Number": "4309588"
  },
  {
    "ID Number": "4320360"
  },
  {
    "ID Number": "4317912"
  },
  {
    "ID Number": "4313127"
  },
  {
    "ID Number": "4311051"
  },
  {
    "ID Number": "4304632"
  },
  {
    "ID Number": "4307704"
  },
  {
    "ID Number": "4303903"
  },
  {
    "ID Number": "4320387"
  },
  {
    "ID Number": "4320409"
  },
  {
    "ID Number": "4314000"
  },
  {
    "ID Number": "4314514"
  },
  {
    "ID Number": "4311850"
  },
  {
    "ID Number": "4304543"
  },
  {
    "ID Number": "4310039"
  },
  {
    "ID Number": "4306759"
  },
  {
    "ID Number": "4312910"
  },
  {
    "ID Number": "4307267"
  },
  {
    "ID Number": "4313445"
  },
  {
    "ID Number": "4328795"
  },
  {
    "ID Number": "4319001"
  },
  {
    "ID Number": "4315006"
  },
  {
    "ID Number": "4311132"
  },
  {
    "ID Number": "4325583"
  },
  {
    "ID Number": "4302761"
  },
  {
    "ID Number": "4302672"
  },
  {
    "ID Number": "4302680"
  },
  {
    "ID Number": "4313666"
  },
  {
    "ID Number": "4309111"
  },
  {
    "ID Number": "4305957"
  },
  {
    "ID Number": "4314700"
  }
]