[
  {
    "ID Number": "3409414"
  },
  {
    "ID Number": "3456374"
  },
  {
    "ID Number": "3409422"
  },
  {
    "ID Number": "3446727"
  },
  {
    "ID Number": "3459071"
  },
  {
    "ID Number": "3410404"
  },
  {
    "ID Number": "3424634"
  },
  {
    "ID Number": "3424642"
  },
  {
    "ID Number": "3405460"
  },
  {
    "ID Number": "3483622"
  },
  {
    "ID Number": "3428362"
  },
  {
    "ID Number": "3470482"
  },
  {
    "ID Number": "3478777"
  },
  {
    "ID Number": "3410412"
  },
  {
    "ID Number": "3445917"
  },
  {
    "ID Number": "3458202"
  },
  {
    "ID Number": "3406512"
  },
  {
    "ID Number": "3472256"
  },
  {
    "ID Number": "3460428"
  },
  {
    "ID Number": "3460819"
  },
  {
    "ID Number": "3476723"
  },
  {
    "ID Number": "3470776"
  },
  {
    "ID Number": "3417131"
  },
  {
    "ID Number": "3439054"
  },
  {
    "ID Number": "3431819"
  },
  {
    "ID Number": "3448282"
  },
  {
    "ID Number": "3431215"
  },
  {
    "ID Number": "3424219"
  },
  {
    "ID Number": "3412776"
  },
  {
    "ID Number": "3447138"
  },
  {
    "ID Number": "3439518"
  },
  {
    "ID Number": "3464237"
  },
  {
    "ID Number": "3419223"
  },
  {
    "ID Number": "3467520"
  },
  {
    "ID Number": "3408132"
  },
  {
    "ID Number": "3411915"
  },
  {
    "ID Number": "3473287"
  },
  {
    "ID Number": "6500110"
  },
  {
    "ID Number": "3416330"
  },
  {
    "ID Number": "3457125"
  },
  {
    "ID Number": "3432963"
  },
  {
    "ID Number": "3460258"
  },
  {
    "ID Number": "3454436"
  },
  {
    "ID Number": "3417603"
  },
  {
    "ID Number": "3430898"
  },
  {
    "ID Number": "3470539"
  },
  {
    "ID Number": "3401154"
  },
  {
    "ID Number": "3412334"
  },
  {
    "ID Number": "3462153"
  },
  {
    "ID Number": "3415490"
  },
  {
    "ID Number": "3520013"
  },
  {
    "ID Number": "3418332"
  },
  {
    "ID Number": "3421538"
  },
  {
    "ID Number": "3401243"
  },
  {
    "ID Number": "3485951"
  },
  {
    "ID Number": "3457338"
  },
  {
    "ID Number": "3476596"
  },
  {
    "ID Number": "3458687"
  },
  {
    "ID Number": "3428486"
  },
  {
    "ID Number": "3475190"
  },
  {
    "ID Number": "3417859"
  },
  {
    "ID Number": "3440842"
  },
  {
    "ID Number": "3440141"
  },
  {
    "ID Number": "3404226"
  },
  {
    "ID Number": "3458695"
  },
  {
    "ID Number": "3480020"
  },
  {
    "ID Number": "3422453"
  },
  {
    "ID Number": "3410293"
  },
  {
    "ID Number": "3406555"
  },
  {
    "ID Number": "3426947"
  },
  {
    "ID Number": "3471543"
  },
  {
    "ID Number": "3482286"
  },
  {
    "ID Number": "3463141"
  },
  {
    "ID Number": "3408140"
  },
  {
    "ID Number": "3407012"
  },
  {
    "ID Number": "3441385"
  },
  {
    "ID Number": "3449599"
  },
  {
    "ID Number": "3401030"
  },
  {
    "ID Number": "3468526"
  },
  {
    "ID Number": "3453332"
  },
  {
    "ID Number": "3424650"
  },
  {
    "ID Number": "3457486"
  },
  {
    "ID Number": "3469638"
  },
  {
    "ID Number": "3467740"
  },
  {
    "ID Number": "3440761"
  },
  {
    "ID Number": "3404463"
  },
  {
    "ID Number": "3468860"
  },
  {
    "ID Number": "3440567"
  },
  {
    "ID Number": "3451330"
  },
  {
    "ID Number": "3430642"
  },
  {
    "ID Number": "3429113"
  },
  {
    "ID Number": "3400670"
  },
  {
    "ID Number": "3427030"
  },
  {
    "ID Number": "3471870"
  },
  {
    "ID Number": "3410307"
  },
  {
    "ID Number": "3457761"
  },
  {
    "ID Number": "3459829"
  },
  {
    "ID Number": "3436446"
  },
  {
    "ID Number": "3415848"
  },
  {
    "ID Number": "3431401"
  },
  {
    "ID Number": "3456471"
  },
  {
    "ID Number": "3426483"
  },
  {
    "ID Number": "3400883"
  },
  {
    "ID Number": "3441300"
  },
  {
    "ID Number": "3461645"
  },
  {
    "ID Number": "3432025"
  },
  {
    "ID Number": "3453758"
  },
  {
    "ID Number": "3472710"
  },
  {
    "ID Number": "3475727"
  },
  {
    "ID Number": "3468879"
  },
  {
    "ID Number": "3475344"
  },
  {
    "ID Number": "3475395"
  },
  {
    "ID Number": "3414256"
  },
  {
    "ID Number": "3415856"
  },
  {
    "ID Number": "3441318"
  },
  {
    "ID Number": "3432742"
  },
  {
    "ID Number": "3454339"
  },
  {
    "ID Number": "3412644"
  },
  {
    "ID Number": "3472418"
  },
  {
    "ID Number": "3405290"
  },
  {
    "ID Number": "3461599"
  },
  {
    "ID Number": "3472159"
  },
  {
    "ID Number": "3413080"
  },
  {
    "ID Number": "3421406"
  },
  {
    "ID Number": "3427773"
  },
  {
    "ID Number": "3416356"
  },
  {
    "ID Number": "3459489"
  },
  {
    "ID Number": "3472736"
  },
  {
    "ID Number": "3402479"
  },
  {
    "ID Number": "3431193"
  },
  {
    "ID Number": "3402541"
  },
  {
    "ID Number": "3423891"
  },
  {
    "ID Number": "3436136"
  },
  {
    "ID Number": "3442900"
  },
  {
    "ID Number": "3424669"
  },
  {
    "ID Number": "3452786"
  },
  {
    "ID Number": "3450740"
  },
  {
    "ID Number": "3445682"
  },
  {
    "ID Number": "3417204"
  },
  {
    "ID Number": "3437272"
  },
  {
    "ID Number": "3469212"
  },
  {
    "ID Number": "3438465"
  },
  {
    "ID Number": "3473295"
  },
  {
    "ID Number": "3419797"
  },
  {
    "ID Number": "3419800"
  },
  {
    "ID Number": "3414841"
  },
  {
    "ID Number": "3416364"
  },
  {
    "ID Number": "3428141"
  },
  {
    "ID Number": "3453480"
  },
  {
    "ID Number": "3453944"
  },
  {
    "ID Number": "3458091"
  },
  {
    "ID Number": "3447243"
  },
  {
    "ID Number": "3431916"
  },
  {
    "ID Number": "3401448"
  },
  {
    "ID Number": "3433188"
  },
  {
    "ID Number": "3433196"
  },
  {
    "ID Number": "3473635"
  },
  {
    "ID Number": "3462072"
  },
  {
    "ID Number": "3479404"
  },
  {
    "ID Number": "3480844"
  },
  {
    "ID Number": "3440877"
  },
  {
    "ID Number": "3408159"
  },
  {
    "ID Number": "3402797"
  },
  {
    "ID Number": "3400816"
  },
  {
    "ID Number": "3460975"
  },
  {
    "ID Number": "3470792"
  },
  {
    "ID Number": "3424430"
  },
  {
    "ID Number": "3889467"
  },
  {
    "ID Number": "3430138"
  },
  {
    "ID Number": "3433080"
  },
  {
    "ID Number": "3448142"
  },
  {
    "ID Number": "3474992"
  },
  {
    "ID Number": "3401561"
  },
  {
    "ID Number": "3414264"
  },
  {
    "ID Number": "3414272"
  },
  {
    "ID Number": "3470490"
  },
  {
    "ID Number": "3462188"
  },
  {
    "ID Number": "3430340"
  },
  {
    "ID Number": "3483118"
  },
  {
    "ID Number": "3460398"
  },
  {
    "ID Number": "3429121"
  },
  {
    "ID Number": "3421244"
  },
  {
    "ID Number": "3457770"
  },
  {
    "ID Number": "3412369"
  },
  {
    "ID Number": "3401316"
  },
  {
    "ID Number": "3485935"
  },
  {
    "ID Number": "3468038"
  },
  {
    "ID Number": "3435520"
  },
  {
    "ID Number": "3451607"
  },
  {
    "ID Number": "3404587"
  },
  {
    "ID Number": "3402347"
  },
  {
    "ID Number": "3433790"
  },
  {
    "ID Number": "3457303"
  },
  {
    "ID Number": "3401936"
  },
  {
    "ID Number": "3409325"
  },
  {
    "ID Number": "3459497"
  },
  {
    "ID Number": "3469247"
  },
  {
    "ID Number": "3457168"
  },
  {
    "ID Number": "3401324"
  },
  {
    "ID Number": "3418057"
  },
  {
    "ID Number": "3468623"
  },
  {
    "ID Number": "3437280"
  },
  {
    "ID Number": "3404013"
  },
  {
    "ID Number": "3454096"
  },
  {
    "ID Number": "3413780"
  },
  {
    "ID Number": "3458903"
  },
  {
    "ID Number": "3460606"
  },
  {
    "ID Number": "3452395"
  },
  {
    "ID Number": "3401006"
  },
  {
    "ID Number": "3435105"
  },
  {
    "ID Number": "3455912"
  },
  {
    "ID Number": "3432548"
  },
  {
    "ID Number": "3453367"
  },
  {
    "ID Number": "3413659"
  },
  {
    "ID Number": "3430499"
  },
  {
    "ID Number": "3457346"
  },
  {
    "ID Number": "3427056"
  },
  {
    "ID Number": "3437299"
  },
  {
    "ID Number": "3477657"
  },
  {
    "ID Number": "2110024"
  },
  {
    "ID Number": "3407772"
  },
  {
    "ID Number": "3448320"
  },
  {
    "ID Number": "3402592"
  },
  {
    "ID Number": "3469794"
  },
  {
    "ID Number": "3410480"
  },
  {
    "ID Number": "3457389"
  },
  {
    "ID Number": "3408302"
  },
  {
    "ID Number": "3403041"
  },
  {
    "ID Number": "3402169"
  },
  {
    "ID Number": "3410498"
  },
  {
    "ID Number": "3470806"
  },
  {
    "ID Number": "3405796"
  },
  {
    "ID Number": "3466949"
  },
  {
    "ID Number": "3447219"
  },
  {
    "ID Number": "3466329"
  },
  {
    "ID Number": "3404153"
  },
  {
    "ID Number": "3407489"
  },
  {
    "ID Number": "3470555"
  },
  {
    "ID Number": "3484920"
  },
  {
    "ID Number": "3433676"
  },
  {
    "ID Number": "3408752"
  },
  {
    "ID Number": "3434621"
  },
  {
    "ID Number": "3467155"
  },
  {
    "ID Number": "3400034"
  },
  {
    "ID Number": "3467163"
  },
  {
    "ID Number": "3433099"
  },
  {
    "ID Number": "3424677"
  },
  {
    "ID Number": "3464199"
  },
  {
    "ID Number": "3462587"
  },
  {
    "ID Number": "3434222"
  },
  {
    "ID Number": "3431169"
  },
  {
    "ID Number": "3456510"
  },
  {
    "ID Number": "3409317"
  },
  {
    "ID Number": "3442268"
  },
  {
    "ID Number": "3400093"
  },
  {
    "ID Number": "3400620"
  },
  {
    "ID Number": "3471578"
  },
  {
    "ID Number": "3464253"
  },
  {
    "ID Number": "3419835"
  },
  {
    "ID Number": "3418677"
  },
  {
    "ID Number": "3470563"
  },
  {
    "ID Number": "3456307"
  },
  {
    "ID Number": "3452301"
  },
  {
    "ID Number": "3401057"
  },
  {
    "ID Number": "3473309"
  },
  {
    "ID Number": "3430995"
  },
  {
    "ID Number": "3462897"
  },
  {
    "ID Number": "3475085"
  },
  {
    "ID Number": "3449645"
  },
  {
    "ID Number": "3412792"
  },
  {
    "ID Number": "3405990"
  },
  {
    "ID Number": "3411702"
  },
  {
    "ID Number": "3476324"
  },
  {
    "ID Number": "3461726"
  },
  {
    "ID Number": "3429792"
  },
  {
    "ID Number": "3484637"
  },
  {
    "ID Number": "3430502"
  },
  {
    "ID Number": "3458210"
  },
  {
    "ID Number": "3426696"
  },
  {
    "ID Number": "3426254"
  },
  {
    "ID Number": "3461998"
  },
  {
    "ID Number": "3334724"
  },
  {
    "ID Number": "3419320"
  },
  {
    "ID Number": "3421589"
  },
  {
    "ID Number": "3432041"
  },
  {
    "ID Number": "3430685"
  },
  {
    "ID Number": "4431812"
  },
  {
    "ID Number": "3446379"
  },
  {
    "ID Number": "3462099"
  },
  {
    "ID Number": "3449564"
  },
  {
    "ID Number": "3446816"
  },
  {
    "ID Number": "3404943"
  },
  {
    "ID Number": "3406016"
  },
  {
    "ID Number": "3411591"
  },
  {
    "ID Number": "3453987"
  },
  {
    "ID Number": "3420264"
  },
  {
    "ID Number": "3413322"
  },
  {
    "ID Number": "3465640"
  },
  {
    "ID Number": "3425533"
  },
  {
    "ID Number": "3437019"
  },
  {
    "ID Number": "3427463"
  },
  {
    "ID Number": "3425517"
  },
  {
    "ID Number": "3439119"
  },
  {
    "ID Number": "3451771"
  },
  {
    "ID Number": "3444163"
  },
  {
    "ID Number": "3400930"
  },
  {
    "ID Number": "3452549"
  },
  {
    "ID Number": "3420388"
  },
  {
    "ID Number": "3444554"
  },
  {
    "ID Number": "3458148"
  },
  {
    "ID Number": "3401073"
  },
  {
    "ID Number": "3401308"
  },
  {
    "ID Number": "3415694"
  },
  {
    "ID Number": "3415007"
  },
  {
    "ID Number": "3432564"
  },
  {
    "ID Number": "3479323"
  },
  {
    "ID Number": "3451240"
  },
  {
    "ID Number": "3461653"
  },
  {
    "ID Number": "3482030"
  },
  {
    "ID Number": "3463800"
  },
  {
    "ID Number": "3463826"
  },
  {
    "ID Number": "3449157"
  },
  {
    "ID Number": "3472299"
  },
  {
    "ID Number": "3404480"
  },
  {
    "ID Number": "3473996"
  },
  {
    "ID Number": "3431878"
  },
  {
    "ID Number": "3403157"
  },
  {
    "ID Number": "3419576"
  },
  {
    "ID Number": "3404404"
  },
  {
    "ID Number": "3459837"
  },
  {
    "ID Number": "3459578"
  },
  {
    "ID Number": "3458229"
  },
  {
    "ID Number": "3471098"
  },
  {
    "ID Number": "3472388"
  },
  {
    "ID Number": "3440419"
  },
  {
    "ID Number": "3453855"
  },
  {
    "ID Number": "3416992"
  },
  {
    "ID Number": "3443698"
  },
  {
    "ID Number": "3432416"
  },
  {
    "ID Number": "3405176"
  },
  {
    "ID Number": "3465888"
  },
  {
    "ID Number": "3432475"
  },
  {
    "ID Number": "3450538"
  },
  {
    "ID Number": "3478971"
  },
  {
    "ID Number": "3409511"
  },
  {
    "ID Number": "3422887"
  },
  {
    "ID Number": "3419622"
  },
  {
    "ID Number": "3421724"
  },
  {
    "ID Number": "3438031"
  },
  {
    "ID Number": "3418006"
  },
  {
    "ID Number": "3483843"
  },
  {
    "ID Number": "3478793"
  },
  {
    "ID Number": "3421864"
  },
  {
    "ID Number": "3456200"
  },
  {
    "ID Number": "3440460"
  },
  {
    "ID Number": "3456315"
  },
  {
    "ID Number": "3457788"
  },
  {
    "ID Number": "3431630"
  },
  {
    "ID Number": "3457028"
  },
  {
    "ID Number": "3481883"
  },
  {
    "ID Number": "3444325"
  },
  {
    "ID Number": "3424570"
  },
  {
    "ID Number": "3457745"
  },
  {
    "ID Number": "3442187"
  },
  {
    "ID Number": "3465527"
  },
  {
    "ID Number": "3421619"
  },
  {
    "ID Number": "3453375"
  },
  {
    "ID Number": "3437817"
  },
  {
    "ID Number": "3432572"
  },
  {
    "ID Number": "3417999"
  },
  {
    "ID Number": "3452468"
  },
  {
    "ID Number": "3412989"
  },
  {
    "ID Number": "3415511"
  },
  {
    "ID Number": "3465284"
  },
  {
    "ID Number": "3416070"
  },
  {
    "ID Number": "3478475"
  },
  {
    "ID Number": "3438732"
  },
  {
    "ID Number": "3403610"
  },
  {
    "ID Number": "3457800"
  },
  {
    "ID Number": "3408329"
  },
  {
    "ID Number": "3465136"
  },
  {
    "ID Number": "3417662"
  },
  {
    "ID Number": "3424871"
  },
  {
    "ID Number": "3424880"
  },
  {
    "ID Number": "3404714"
  },
  {
    "ID Number": "3462781"
  },
  {
    "ID Number": "3465543"
  },
  {
    "ID Number": "3460525"
  },
  {
    "ID Number": "3406474"
  },
  {
    "ID Number": "3452581"
  },
  {
    "ID Number": "3415716"
  },
  {
    "ID Number": "3431444"
  },
  {
    "ID Number": "3403815"
  },
  {
    "ID Number": "3460630"
  },
  {
    "ID Number": "3469891"
  },
  {
    "ID Number": "3469905"
  },
  {
    "ID Number": "3424693"
  },
  {
    "ID Number": "3427170"
  },
  {
    "ID Number": "3403190"
  },
  {
    "ID Number": "3405478"
  },
  {
    "ID Number": "3482588"
  },
  {
    "ID Number": "3401812"
  },
  {
    "ID Number": "3414329"
  },
  {
    "ID Number": "3417018"
  },
  {
    "ID Number": "3442080"
  },
  {
    "ID Number": "3448673"
  },
  {
    "ID Number": "3401430"
  },
  {
    "ID Number": "3436950"
  },
  {
    "ID Number": "3403947"
  },
  {
    "ID Number": "3431207"
  },
  {
    "ID Number": "3453995"
  },
  {
    "ID Number": "3409198"
  },
  {
    "ID Number": "3405028"
  },
  {
    "ID Number": "3459152"
  },
  {
    "ID Number": "3454860"
  },
  {
    "ID Number": "3454878"
  },
  {
    "ID Number": "3453766"
  },
  {
    "ID Number": "3477533"
  },
  {
    "ID Number": "3415988"
  },
  {
    "ID Number": "3447650"
  },
  {
    "ID Number": "3468100"
  },
  {
    "ID Number": "3460223"
  },
  {
    "ID Number": "3463834"
  },
  {
    "ID Number": "3416089"
  },
  {
    "ID Number": "3435644"
  },
  {
    "ID Number": "3458105"
  },
  {
    "ID Number": "3425738"
  },
  {
    "ID Number": "3421961"
  },
  {
    "ID Number": "3443450"
  },
  {
    "ID Number": "3458555"
  },
  {
    "ID Number": "3465322"
  },
  {
    "ID Number": "3461360"
  },
  {
    "ID Number": "3429954"
  },
  {
    "ID Number": "3414671"
  },
  {
    "ID Number": "3433684"
  },
  {
    "ID Number": "3414906"
  },
  {
    "ID Number": "3425363"
  },
  {
    "ID Number": "3404412"
  },
  {
    "ID Number": "3479420"
  },
  {
    "ID Number": "3413802"
  },
  {
    "ID Number": "3472191"
  },
  {
    "ID Number": "3440257"
  },
  {
    "ID Number": "3467112"
  },
  {
    "ID Number": "3425118"
  },
  {
    "ID Number": "3460282"
  },
  {
    "ID Number": "3461378"
  },
  {
    "ID Number": "3441938"
  },
  {
    "ID Number": "3410579"
  },
  {
    "ID Number": "3404056"
  },
  {
    "ID Number": "3477746"
  },
  {
    "ID Number": "3437302"
  },
  {
    "ID Number": "3427412"
  },
  {
    "ID Number": "3471659"
  },
  {
    "ID Number": "3462552"
  },
  {
    "ID Number": "3458920"
  },
  {
    "ID Number": "3416097"
  },
  {
    "ID Number": "3408175"
  },
  {
    "ID Number": "3400077"
  },
  {
    "ID Number": "3459098"
  },
  {
    "ID Number": "3482634"
  },
  {
    "ID Number": "3428753"
  },
  {
    "ID Number": "3440478"
  },
  {
    "ID Number": "3459314"
  },
  {
    "ID Number": "3400182"
  },
  {
    "ID Number": "3404218"
  },
  {
    "ID Number": "3454347"
  },
  {
    "ID Number": "3416410"
  },
  {
    "ID Number": "3439526"
  },
  {
    "ID Number": "3469220"
  },
  {
    "ID Number": "3411869"
  },
  {
    "ID Number": "3406504"
  },
  {
    "ID Number": "3475255"
  },
  {
    "ID Number": "3458938"
  },
  {
    "ID Number": "3458946"
  },
  {
    "ID Number": "3444414"
  },
  {
    "ID Number": "3433218"
  },
  {
    "ID Number": "3423778"
  },
  {
    "ID Number": "3410595"
  },
  {
    "ID Number": "3451429"
  },
  {
    "ID Number": "3466841"
  },
  {
    "ID Number": "3443949"
  },
  {
    "ID Number": "3463192"
  },
  {
    "ID Number": "3465233"
  },
  {
    "ID Number": "3419649"
  },
  {
    "ID Number": "3434931"
  },
  {
    "ID Number": "3461602"
  },
  {
    "ID Number": "3465098"
  },
  {
    "ID Number": "3468739"
  },
  {
    "ID Number": "3449289"
  },
  {
    "ID Number": "3433862"
  },
  {
    "ID Number": "3420302"
  },
  {
    "ID Number": "3454355"
  },
  {
    "ID Number": "3404250"
  },
  {
    "ID Number": "3419860"
  },
  {
    "ID Number": "3420833"
  },
  {
    "ID Number": "3411710"
  },
  {
    "ID Number": "3431657"
  },
  {
    "ID Number": "3457290"
  },
  {
    "ID Number": "3462102"
  },
  {
    "ID Number": "3457818"
  },
  {
    "ID Number": "3406890"
  },
  {
    "ID Number": "3405818"
  },
  {
    "ID Number": "3400840"
  },
  {
    "ID Number": "3451658"
  },
  {
    "ID Number": "3420469"
  },
  {
    "ID Number": "3429814"
  },
  {
    "ID Number": "3444937"
  },
  {
    "ID Number": "3440834"
  },
  {
    "ID Number": "3428540"
  },
  {
    "ID Number": "3419347"
  },
  {
    "ID Number": "3402029"
  },
  {
    "ID Number": "3446506"
  },
  {
    "ID Number": "3433510"
  },
  {
    "ID Number": "3463656"
  },
  {
    "ID Number": "3463893"
  },
  {
    "ID Number": "3479480"
  },
  {
    "ID Number": "3459250"
  },
  {
    "ID Number": "3475875"
  },
  {
    "ID Number": "3418383"
  },
  {
    "ID Number": "3419657"
  },
  {
    "ID Number": "3457826"
  },
  {
    "ID Number": "3435300"
  },
  {
    "ID Number": "3427480"
  },
  {
    "ID Number": "3482529"
  },
  {
    "ID Number": "3447944"
  },
  {
    "ID Number": "3457419"
  },
  {
    "ID Number": "3416437"
  },
  {
    "ID Number": "3480305"
  },
  {
    "ID Number": "3459934"
  },
  {
    "ID Number": "3459942"
  },
  {
    "ID Number": "3459950"
  },
  {
    "ID Number": "3430286"
  },
  {
    "ID Number": "3471128"
  },
  {
    "ID Number": "3439461"
  },
  {
    "ID Number": "3471136"
  },
  {
    "ID Number": "3400441"
  },
  {
    "ID Number": "3459500"
  },
  {
    "ID Number": "3420841"
  },
  {
    "ID Number": "3445780"
  },
  {
    "ID Number": "3407500"
  },
  {
    "ID Number": "3464210"
  },
  {
    "ID Number": "3417697"
  },
  {
    "ID Number": "3429644"
  },
  {
    "ID Number": "3458717"
  },
  {
    "ID Number": "3425371"
  },
  {
    "ID Number": "3416445"
  },
  {
    "ID Number": "3401928"
  },
  {
    "ID Number": "3400654"
  },
  {
    "ID Number": "3461670"
  },
  {
    "ID Number": "3433528"
  },
  {
    "ID Number": "3457966"
  },
  {
    "ID Number": "3411729"
  },
  {
    "ID Number": "3443485"
  },
  {
    "ID Number": "3408205"
  },
  {
    "ID Number": "3471985"
  },
  {
    "ID Number": "3482294"
  },
  {
    "ID Number": "3475735"
  },
  {
    "ID Number": "3460436"
  },
  {
    "ID Number": "3407659"
  },
  {
    "ID Number": "3439895"
  },
  {
    "ID Number": "3401014"
  },
  {
    "ID Number": "3466558"
  },
  {
    "ID Number": "3419673"
  },
  {
    "ID Number": "3410633"
  },
  {
    "ID Number": "3479331"
  },
  {
    "ID Number": "3434230"
  },
  {
    "ID Number": "3472035"
  },
  {
    "ID Number": "3409040"
  },
  {
    "ID Number": "3472043"
  },
  {
    "ID Number": "3400026"
  },
  {
    "ID Number": "3423905"
  },
  {
    "ID Number": "3409074"
  },
  {
    "ID Number": "3405010"
  },
  {
    "ID Number": "3453502"
  },
  {
    "ID Number": "3428346"
  },
  {
    "ID Number": "3437310"
  },
  {
    "ID Number": "3455440"
  },
  {
    "ID Number": "3431967"
  },
  {
    "ID Number": "3430715"
  },
  {
    "ID Number": "3445178"
  },
  {
    "ID Number": "3432068"
  },
  {
    "ID Number": "3441873"
  },
  {
    "ID Number": "3441270"
  },
  {
    "ID Number": "3438368"
  },
  {
    "ID Number": "3415520"
  },
  {
    "ID Number": "3416461"
  },
  {
    "ID Number": "3415171"
  },
  {
    "ID Number": "3435458"
  },
  {
    "ID Number": "3406903"
  },
  {
    "ID Number": "3426530"
  },
  {
    "ID Number": "3413241"
  },
  {
    "ID Number": "3458725"
  },
  {
    "ID Number": "3414361"
  },
  {
    "ID Number": "3420540"
  },
  {
    "ID Number": "3420558"
  },
  {
    "ID Number": "3463842"
  },
  {
    "ID Number": "3452794"
  },
  {
    "ID Number": "3421465"
  },
  {
    "ID Number": "3414370"
  },
  {
    "ID Number": "3439640"
  },
  {
    "ID Number": "3429571"
  },
  {
    "ID Number": "3400638"
  },
  {
    "ID Number": "3416470"
  },
  {
    "ID Number": "3420850"
  },
  {
    "ID Number": "3407519"
  },
  {
    "ID Number": "3480470"
  },
  {
    "ID Number": "3471748"
  },
  {
    "ID Number": "3419096"
  },
  {
    "ID Number": "3418723"
  },
  {
    "ID Number": "3407381"
  },
  {
    "ID Number": "3422097"
  },
  {
    "ID Number": "3467244"
  },
  {
    "ID Number": "3463613"
  },
  {
    "ID Number": "3443957"
  },
  {
    "ID Number": "3464300"
  },
  {
    "ID Number": "3408892"
  },
  {
    "ID Number": "3432076"
  },
  {
    "ID Number": "3423310"
  },
  {
    "ID Number": "3486532"
  },
  {
    "ID Number": "3409520"
  },
  {
    "ID Number": "3412474"
  },
  {
    "ID Number": "3414060"
  },
  {
    "ID Number": "3412717"
  },
  {
    "ID Number": "3473767"
  },
  {
    "ID Number": "3433919"
  },
  {
    "ID Number": "3408477"
  },
  {
    "ID Number": "3433927"
  },
  {
    "ID Number": "3408485"
  },
  {
    "ID Number": "3435156"
  },
  {
    "ID Number": "3448363"
  },
  {
    "ID Number": "3473783"
  },
  {
    "ID Number": "3466353"
  },
  {
    "ID Number": "3432939"
  },
  {
    "ID Number": "3411974"
  },
  {
    "ID Number": "3445186"
  },
  {
    "ID Number": "3450589"
  },
  {
    "ID Number": "3462161"
  },
  {
    "ID Number": "3463400"
  },
  {
    "ID Number": "3409295"
  },
  {
    "ID Number": "3452808"
  },
  {
    "ID Number": "3441210"
  },
  {
    "ID Number": "3416801"
  },
  {
    "ID Number": "3446522"
  },
  {
    "ID Number": "3446530"
  },
  {
    "ID Number": "3433692"
  },
  {
    "ID Number": "3462277"
  },
  {
    "ID Number": "3483029"
  },
  {
    "ID Number": "3437230"
  },
  {
    "ID Number": "3418260"
  },
  {
    "ID Number": "3466752"
  },
  {
    "ID Number": "3479927"
  },
  {
    "ID Number": "3465403"
  },
  {
    "ID Number": "3475689"
  },
  {
    "ID Number": "3408221"
  },
  {
    "ID Number": "3486842"
  },
  {
    "ID Number": "3458970"
  },
  {
    "ID Number": "3456536"
  },
  {
    "ID Number": "3471861"
  },
  {
    "ID Number": "3473546"
  },
  {
    "ID Number": "3450236"
  },
  {
    "ID Number": "3421260"
  },
  {
    "ID Number": "3421279"
  },
  {
    "ID Number": "3459969"
  },
  {
    "ID Number": "3461025"
  },
  {
    "ID Number": "3478408"
  },
  {
    "ID Number": "3427498"
  },
  {
    "ID Number": "3438384"
  },
  {
    "ID Number": "3411982"
  },
  {
    "ID Number": "3406032"
  },
  {
    "ID Number": "3407250"
  },
  {
    "ID Number": "3434958"
  },
  {
    "ID Number": "3405885"
  },
  {
    "ID Number": "3417280"
  },
  {
    "ID Number": "3411559"
  },
  {
    "ID Number": "3421295"
  },
  {
    "ID Number": "3438317"
  },
  {
    "ID Number": "3457710"
  },
  {
    "ID Number": "3458326"
  },
  {
    "ID Number": "3402088"
  },
  {
    "ID Number": "3448002"
  },
  {
    "ID Number": "1512919"
  },
  {
    "ID Number": "3458989"
  },
  {
    "ID Number": "3440524"
  },
  {
    "ID Number": "3427951"
  },
  {
    "ID Number": "3402576"
  },
  {
    "ID Number": "3477541"
  },
  {
    "ID Number": "3401375"
  },
  {
    "ID Number": "3419100"
  },
  {
    "ID Number": "3463362"
  },
  {
    "ID Number": "3405826"
  },
  {
    "ID Number": "3466868"
  },
  {
    "ID Number": "3449173"
  },
  {
    "ID Number": "3482308"
  },
  {
    "ID Number": "3409350"
  },
  {
    "ID Number": "3409368"
  },
  {
    "ID Number": "3414078"
  },
  {
    "ID Number": "3459977"
  },
  {
    "ID Number": "3407160"
  },
  {
    "ID Number": "3430545"
  },
  {
    "ID Number": "3455050"
  },
  {
    "ID Number": "3410714"
  },
  {
    "ID Number": "3479447"
  },
  {
    "ID Number": "3446786"
  },
  {
    "ID Number": "3423093"
  },
  {
    "ID Number": "3435768"
  },
  {
    "ID Number": "3459675"
  },
  {
    "ID Number": "3408230"
  },
  {
    "ID Number": "3463419"
  },
  {
    "ID Number": "3470571"
  },
  {
    "ID Number": "3447456"
  },
  {
    "ID Number": "3445925"
  },
  {
    "ID Number": "3416496"
  },
  {
    "ID Number": "3440265"
  },
  {
    "ID Number": "3428583"
  },
  {
    "ID Number": "3483797"
  },
  {
    "ID Number": "3480321"
  },
  {
    "ID Number": "3435679"
  },
  {
    "ID Number": "3438627"
  },
  {
    "ID Number": "3435687"
  },
  {
    "ID Number": "3420604"
  },
  {
    "ID Number": "3451801"
  },
  {
    "ID Number": "3412148"
  },
  {
    "ID Number": "3465241"
  },
  {
    "ID Number": "3421759"
  },
  {
    "ID Number": "3423069"
  },
  {
    "ID Number": "3471853"
  },
  {
    "ID Number": "3410102"
  },
  {
    "ID Number": "3456404"
  },
  {
    "ID Number": "3441431"
  },
  {
    "ID Number": "3457850"
  },
  {
    "ID Number": "3407527"
  },
  {
    "ID Number": "3405346"
  },
  {
    "ID Number": "3430081"
  },
  {
    "ID Number": "3439593"
  },
  {
    "ID Number": "3439534"
  },
  {
    "ID Number": "3439941"
  },
  {
    "ID Number": "3459160"
  },
  {
    "ID Number": "3432696"
  },
  {
    "ID Number": "3439780"
  },
  {
    "ID Number": "3463907"
  },
  {
    "ID Number": "3463532"
  },
  {
    "ID Number": "3459870"
  },
  {
    "ID Number": "3409104"
  },
  {
    "ID Number": "3479153"
  },
  {
    "ID Number": "3460690"
  },
  {
    "ID Number": "3461386"
  },
  {
    "ID Number": "3426980"
  },
  {
    "ID Number": "3432890"
  },
  {
    "ID Number": "3453383"
  },
  {
    "ID Number": "3461920"
  },
  {
    "ID Number": "3403149"
  },
  {
    "ID Number": "3478734"
  },
  {
    "ID Number": "3457427"
  },
  {
    "ID Number": "3404170"
  },
  {
    "ID Number": "3461289"
  },
  {
    "ID Number": "3412229"
  },
  {
    "ID Number": "3406920"
  },
  {
    "ID Number": "3466434"
  },
  {
    "ID Number": "3440290"
  },
  {
    "ID Number": "3405273"
  },
  {
    "ID Number": "3417905"
  },
  {
    "ID Number": "3413365"
  },
  {
    "ID Number": "3434826"
  },
  {
    "ID Number": "3405494"
  },
  {
    "ID Number": "3413837"
  },
  {
    "ID Number": "3430553"
  },
  {
    "ID Number": "3444740"
  },
  {
    "ID Number": "3467686"
  },
  {
    "ID Number": "3439828"
  },
  {
    "ID Number": "3444627"
  },
  {
    "ID Number": "3480330"
  },
  {
    "ID Number": "3439070"
  },
  {
    "ID Number": "3446484"
  },
  {
    "ID Number": "3457508"
  },
  {
    "ID Number": "3478300"
  },
  {
    "ID Number": "3436527"
  },
  {
    "ID Number": "3441920"
  },
  {
    "ID Number": "3400697"
  },
  {
    "ID Number": "3415899"
  },
  {
    "ID Number": "3476367"
  },
  {
    "ID Number": "3455920"
  },
  {
    "ID Number": "3444759"
  },
  {
    "ID Number": "3403785"
  },
  {
    "ID Number": "3483169"
  },
  {
    "ID Number": "3459179"
  },
  {
    "ID Number": "3427676"
  },
  {
    "ID Number": "3419932"
  },
  {
    "ID Number": "3412482"
  },
  {
    "ID Number": "3408647"
  },
  {
    "ID Number": "3410331"
  },
  {
    "ID Number": "3461068"
  },
  {
    "ID Number": "3457176"
  },
  {
    "ID Number": "3412822"
  },
  {
    "ID Number": "3461076"
  },
  {
    "ID Number": "3424464"
  },
  {
    "ID Number": "3462293"
  },
  {
    "ID Number": "3413845"
  },
  {
    "ID Number": "3465675"
  },
  {
    "ID Number": "3425002"
  },
  {
    "ID Number": "3457265"
  },
  {
    "ID Number": "3462447"
  },
  {
    "ID Number": "3477320"
  },
  {
    "ID Number": "3429075"
  },
  {
    "ID Number": "3429083"
  },
  {
    "ID Number": "3431479"
  },
  {
    "ID Number": "3404749"
  },
  {
    "ID Number": "3412490"
  },
  {
    "ID Number": "3415902"
  },
  {
    "ID Number": "3402894"
  },
  {
    "ID Number": "3472205"
  },
  {
    "ID Number": "3472213"
  },
  {
    "ID Number": "3414086"
  },
  {
    "ID Number": "3410781"
  },
  {
    "ID Number": "3484440"
  },
  {
    "ID Number": "3444082"
  },
  {
    "ID Number": "3437760"
  },
  {
    "ID Number": "3447260"
  },
  {
    "ID Number": "3465926"
  },
  {
    "ID Number": "3477088"
  },
  {
    "ID Number": "3482618"
  },
  {
    "ID Number": "3448665"
  },
  {
    "ID Number": "3451569"
  },
  {
    "ID Number": "3460045"
  },
  {
    "ID Number": "3448339"
  },
  {
    "ID Number": "3414094"
  },
  {
    "ID Number": "3471772"
  },
  {
    "ID Number": "3400999"
  },
  {
    "ID Number": "3442063"
  },
  {
    "ID Number": "3402142"
  },
  {
    "ID Number": "3419940"
  },
  {
    "ID Number": "3440010"
  },
  {
    "ID Number": "3457109"
  },
  {
    "ID Number": "3467082"
  },
  {
    "ID Number": "3443361"
  },
  {
    "ID Number": "3464130"
  },
  {
    "ID Number": "3462145"
  },
  {
    "ID Number": "3463206"
  },
  {
    "ID Number": "3415651"
  },
  {
    "ID Number": "3411460"
  },
  {
    "ID Number": "3463869"
  },
  {
    "ID Number": "3452433"
  },
  {
    "ID Number": "3418740"
  },
  {
    "ID Number": "3463427"
  },
  {
    "ID Number": "3425126"
  },
  {
    "ID Number": "3434389"
  },
  {
    "ID Number": "3412830"
  },
  {
    "ID Number": "3437329"
  },
  {
    "ID Number": "3403874"
  },
  {
    "ID Number": "3473015"
  },
  {
    "ID Number": "3451208"
  },
  {
    "ID Number": "3417514"
  },
  {
    "ID Number": "3466736"
  },
  {
    "ID Number": "3449866"
  },
  {
    "ID Number": "3435474"
  },
  {
    "ID Number": "3470580"
  },
  {
    "ID Number": "3412237"
  },
  {
    "ID Number": "3476715"
  },
  {
    "ID Number": "3459764"
  },
  {
    "ID Number": "3405370"
  },
  {
    "ID Number": "3452689"
  },
  {
    "ID Number": "3469913"
  },
  {
    "ID Number": "3472280"
  },
  {
    "ID Number": "3456838"
  },
  {
    "ID Number": "3465934"
  },
  {
    "ID Number": "3480534"
  },
  {
    "ID Number": "3480542"
  },
  {
    "ID Number": "3428001"
  },
  {
    "ID Number": "3405850"
  },
  {
    "ID Number": "3468917"
  },
  {
    "ID Number": "3403858"
  },
  {
    "ID Number": "3418235"
  },
  {
    "ID Number": "3429938"
  },
  {
    "ID Number": "3472701"
  },
  {
    "ID Number": "3411885"
  },
  {
    "ID Number": "3421635"
  },
  {
    "ID Number": "3458377"
  },
  {
    "ID Number": "3446794"
  },
  {
    "ID Number": "3417522"
  },
  {
    "ID Number": "3424251"
  },
  {
    "ID Number": "3437337"
  },
  {
    "ID Number": "3415422"
  },
  {
    "ID Number": "3471179"
  },
  {
    "ID Number": "3446077"
  },
  {
    "ID Number": "3422259"
  },
  {
    "ID Number": "3459438"
  },
  {
    "ID Number": "3409473"
  },
  {
    "ID Number": "3407543"
  },
  {
    "ID Number": "3423190"
  },
  {
    "ID Number": "3432114"
  },
  {
    "ID Number": "3460126"
  },
  {
    "ID Number": "3474356"
  },
  {
    "ID Number": "3463915"
  },
  {
    "ID Number": "3943755"
  },
  {
    "ID Number": "3471187"
  },
  {
    "ID Number": "3464148"
  },
  {
    "ID Number": "3446409"
  },
  {
    "ID Number": "3403696"
  },
  {
    "ID Number": "3477916"
  },
  {
    "ID Number": "3470830"
  },
  {
    "ID Number": "3475956"
  },
  {
    "ID Number": "3441237"
  },
  {
    "ID Number": "3470520"
  },
  {
    "ID Number": "3426572"
  },
  {
    "ID Number": "3437035"
  },
  {
    "ID Number": "3475220"
  },
  {
    "ID Number": "3419185"
  },
  {
    "ID Number": "3401634"
  },
  {
    "ID Number": "3451828"
  },
  {
    "ID Number": "3423913"
  },
  {
    "ID Number": "3419967"
  },
  {
    "ID Number": "3422461"
  },
  {
    "ID Number": "3473449"
  },
  {
    "ID Number": "3406210"
  },
  {
    "ID Number": "3465047"
  },
  {
    "ID Number": "3405877"
  },
  {
    "ID Number": "3414434"
  },
  {
    "ID Number": "3462366"
  },
  {
    "ID Number": "3472990"
  },
  {
    "ID Number": "3473007"
  },
  {
    "ID Number": "3468674"
  },
  {
    "ID Number": "30968984"
  },
  {
    "ID Number": "3485080"
  },
  {
    "ID Number": "3462820"
  },
  {
    "ID Number": "3452590"
  },
  {
    "ID Number": "3479242"
  },
  {
    "ID Number": "3445895"
  },
  {
    "ID Number": "3426220"
  },
  {
    "ID Number": "3416569"
  },
  {
    "ID Number": "3423042"
  },
  {
    "ID Number": "3476626"
  },
  {
    "ID Number": "3412695"
  },
  {
    "ID Number": "3424146"
  },
  {
    "ID Number": "3460444"
  },
  {
    "ID Number": "3435342"
  },
  {
    "ID Number": "3481212"
  },
  {
    "ID Number": "3456293"
  },
  {
    "ID Number": "3470040"
  },
  {
    "ID Number": "3411737"
  },
  {
    "ID Number": "3446417"
  },
  {
    "ID Number": "3446190"
  },
  {
    "ID Number": "3421473"
  },
  {
    "ID Number": "3448878"
  },
  {
    "ID Number": "3409155"
  },
  {
    "ID Number": "3464490"
  },
  {
    "ID Number": "3413209"
  },
  {
    "ID Number": "3407616"
  },
  {
    "ID Number": "3402126"
  },
  {
    "ID Number": "3451097"
  },
  {
    "ID Number": "3402886"
  },
  {
    "ID Number": "3422860"
  },
  {
    "ID Number": "3421910"
  },
  {
    "ID Number": "3452077"
  },
  {
    "ID Number": "3409872"
  },
  {
    "ID Number": "3412180"
  },
  {
    "ID Number": "3469921"
  },
  {
    "ID Number": "3426998"
  },
  {
    "ID Number": "3449297"
  },
  {
    "ID Number": "3449300"
  },
  {
    "ID Number": "3418421"
  },
  {
    "ID Number": "3405770"
  },
  {
    "ID Number": "3457656"
  },
  {
    "ID Number": "3432149"
  },
  {
    "ID Number": "3458733"
  },
  {
    "ID Number": "3402290"
  },
  {
    "ID Number": "3422470"
  },
  {
    "ID Number": "3454959"
  },
  {
    "ID Number": "3410854"
  },
  {
    "ID Number": "3457982"
  },
  {
    "ID Number": "3467430"
  },
  {
    "ID Number": "3401642"
  },
  {
    "ID Number": "3439658"
  },
  {
    "ID Number": "3471616"
  },
  {
    "ID Number": "3428800"
  },
  {
    "ID Number": "3409244"
  },
  {
    "ID Number": "3408264"
  },
  {
    "ID Number": "3430251"
  },
  {
    "ID Number": "3449203"
  },
  {
    "ID Number": "3474518"
  },
  {
    "ID Number": "3406067"
  },
  {
    "ID Number": "3462560"
  },
  {
    "ID Number": "3468321"
  },
  {
    "ID Number": "3472175"
  },
  {
    "ID Number": "3400204"
  },
  {
    "ID Number": "3457095"
  },
  {
    "ID Number": "3466388"
  },
  {
    "ID Number": "3460134"
  },
  {
    "ID Number": "3450490"
  },
  {
    "ID Number": "3439550"
  },
  {
    "ID Number": "3459012"
  },
  {
    "ID Number": "3413217"
  },
  {
    "ID Number": "3405036"
  },
  {
    "ID Number": "3412016"
  },
  {
    "ID Number": "3401090"
  },
  {
    "ID Number": "3406768"
  },
  {
    "ID Number": "3414450"
  },
  {
    "ID Number": "3413381"
  },
  {
    "ID Number": "3469654"
  },
  {
    "ID Number": "3469662"
  },
  {
    "ID Number": "3467252"
  },
  {
    "ID Number": "3463117"
  },
  {
    "ID Number": "3408809"
  },
  {
    "ID Number": "3410862"
  },
  {
    "ID Number": "3402800"
  },
  {
    "ID Number": "3401286"
  },
  {
    "ID Number": "3457192"
  },
  {
    "ID Number": "3424154"
  },
  {
    "ID Number": "3405400"
  },
  {
    "ID Number": "3460541"
  },
  {
    "ID Number": "3470962"
  },
  {
    "ID Number": "3411478"
  },
  {
    "ID Number": "3417220"
  },
  {
    "ID Number": "3417239"
  },
  {
    "ID Number": "3475751"
  },
  {
    "ID Number": "3402924"
  },
  {
    "ID Number": "3450503"
  },
  {
    "ID Number": "3455262"
  },
  {
    "ID Number": "3430170"
  },
  {
    "ID Number": "3433536"
  },
  {
    "ID Number": "3454312"
  },
  {
    "ID Number": "3450350"
  },
  {
    "ID Number": "3434702"
  },
  {
    "ID Number": "3415937"
  },
  {
    "ID Number": "3469948"
  },
  {
    "ID Number": "3471519"
  },
  {
    "ID Number": "3412920"
  },
  {
    "ID Number": "3460002"
  },
  {
    "ID Number": "3412024"
  },
  {
    "ID Number": "3428290"
  },
  {
    "ID Number": "3404790"
  },
  {
    "ID Number": "3439615"
  },
  {
    "ID Number": "3419550"
  },
  {
    "ID Number": "3432998"
  },
  {
    "ID Number": "3464334"
  },
  {
    "ID Number": "3459527"
  },
  {
    "ID Number": "3459535"
  },
  {
    "ID Number": "3437345"
  },
  {
    "ID Number": "3447081"
  },
  {
    "ID Number": "3475441"
  },
  {
    "ID Number": "3457516"
  },
  {
    "ID Number": "3465195"
  },
  {
    "ID Number": "3461394"
  },
  {
    "ID Number": "3483207"
  },
  {
    "ID Number": "3435180"
  },
  {
    "ID Number": "3431746"
  },
  {
    "ID Number": "3462390"
  },
  {
    "ID Number": "3473490"
  },
  {
    "ID Number": "3420876"
  },
  {
    "ID Number": "3484629"
  },
  {
    "ID Number": "3407047"
  },
  {
    "ID Number": "3438392"
  },
  {
    "ID Number": "3442306"
  },
  {
    "ID Number": "3425380"
  },
  {
    "ID Number": "3440354"
  },
  {
    "ID Number": "3433145"
  },
  {
    "ID Number": "3437132"
  },
  {
    "ID Number": "3445593"
  },
  {
    "ID Number": "3466892"
  },
  {
    "ID Number": "3459187"
  },
  {
    "ID Number": "3480488"
  },
  {
    "ID Number": "3469557"
  },
  {
    "ID Number": "3459896"
  },
  {
    "ID Number": "3418030"
  },
  {
    "ID Number": "3477410"
  },
  {
    "ID Number": "3467120"
  },
  {
    "ID Number": "3451003"
  },
  {
    "ID Number": "3465985"
  },
  {
    "ID Number": "3408272"
  },
  {
    "ID Number": "3416577"
  },
  {
    "ID Number": "3453413"
  },
  {
    "ID Number": "3413934"
  },
  {
    "ID Number": "3424766"
  },
  {
    "ID Number": "3405125"
  },
  {
    "ID Number": "3407683"
  },
  {
    "ID Number": "3442756"
  },
  {
    "ID Number": "3481913"
  },
  {
    "ID Number": "3417123"
  },
  {
    "ID Number": "3412032"
  },
  {
    "ID Number": "3423336"
  },
  {
    "ID Number": "3473937"
  },
  {
    "ID Number": "3406393"
  },
  {
    "ID Number": "3455831"
  },
  {
    "ID Number": "3455939"
  },
  {
    "ID Number": "3417069"
  },
  {
    "ID Number": "3400786"
  },
  {
    "ID Number": "3421368"
  },
  {
    "ID Number": "3471209"
  },
  {
    "ID Number": "3441164"
  },
  {
    "ID Number": "3460231"
  },
  {
    "ID Number": "3475921"
  },
  {
    "ID Number": "3430146"
  },
  {
    "ID Number": "3403505"
  },
  {
    "ID Number": "3424022"
  },
  {
    "ID Number": "3452204"
  },
  {
    "ID Number": "3461548"
  },
  {
    "ID Number": "3465837"
  },
  {
    "ID Number": "3470156"
  },
  {
    "ID Number": "3423140"
  },
  {
    "ID Number": "3471454"
  },
  {
    "ID Number": "3482049"
  },
  {
    "ID Number": "3425487"
  },
  {
    "ID Number": "3400328"
  },
  {
    "ID Number": "3449319"
  },
  {
    "ID Number": "3434540"
  },
  {
    "ID Number": "3462846"
  },
  {
    "ID Number": "3477428"
  },
  {
    "ID Number": "3433722"
  },
  {
    "ID Number": "3411745"
  },
  {
    "ID Number": "3442357"
  },
  {
    "ID Number": "3458407"
  },
  {
    "ID Number": "3479102"
  },
  {
    "ID Number": "3479110"
  },
  {
    "ID Number": "3475611"
  },
  {
    "ID Number": "3431096"
  },
  {
    "ID Number": "3452530"
  },
  {
    "ID Number": "3476308"
  },
  {
    "ID Number": "3433730"
  },
  {
    "ID Number": "3466604"
  },
  {
    "ID Number": "3465489"
  },
  {
    "ID Number": "3473805"
  },
  {
    "ID Number": "3422968"
  },
  {
    "ID Number": "3476731"
  },
  {
    "ID Number": "3422550"
  },
  {
    "ID Number": "3412253"
  },
  {
    "ID Number": "3469077"
  },
  {
    "ID Number": "3409252"
  },
  {
    "ID Number": "3405931"
  },
  {
    "ID Number": "3475310"
  },
  {
    "ID Number": "3437353"
  },
  {
    "ID Number": "3456323"
  },
  {
    "ID Number": "3457737"
  },
  {
    "ID Number": "3458750"
  },
  {
    "ID Number": "3462633"
  },
  {
    "ID Number": "3462650"
  },
  {
    "ID Number": "3445984"
  },
  {
    "ID Number": "3406776"
  },
  {
    "ID Number": "3482456"
  },
  {
    "ID Number": "3461327"
  },
  {
    "ID Number": "3455718"
  },
  {
    "ID Number": "3413616"
  },
  {
    "ID Number": "3468062"
  },
  {
    "ID Number": "3415546"
  },
  {
    "ID Number": "3480550"
  },
  {
    "ID Number": "3412660"
  },
  {
    "ID Number": "3478556"
  },
  {
    "ID Number": "3426076"
  },
  {
    "ID Number": "3458121"
  },
  {
    "ID Number": "3458130"
  },
  {
    "ID Number": "3449769"
  },
  {
    "ID Number": "3459039"
  },
  {
    "ID Number": "3452212"
  },
  {
    "ID Number": "4403045"
  },
  {
    "ID Number": "3422488"
  },
  {
    "ID Number": "3400913"
  },
  {
    "ID Number": "3424049"
  },
  {
    "ID Number": "3459926"
  },
  {
    "ID Number": "3456072"
  },
  {
    "ID Number": "3434028"
  },
  {
    "ID Number": "3479021"
  },
  {
    "ID Number": "3419380"
  },
  {
    "ID Number": "3469956"
  },
  {
    "ID Number": "3408574"
  },
  {
    "ID Number": "3447197"
  },
  {
    "ID Number": "3421996"
  },
  {
    "ID Number": "3467295"
  },
  {
    "ID Number": "3466990"
  },
  {
    "ID Number": "3471780"
  },
  {
    "ID Number": "3471799"
  },
  {
    "ID Number": "3448398"
  },
  {
    "ID Number": "3402711"
  },
  {
    "ID Number": "3404684"
  },
  {
    "ID Number": "3456188"
  },
  {
    "ID Number": "3464610"
  },
  {
    "ID Number": "3462404"
  },
  {
    "ID Number": "3444643"
  },
  {
    "ID Number": "3460878"
  },
  {
    "ID Number": "3421678"
  },
  {
    "ID Number": "3437914"
  },
  {
    "ID Number": "3467538"
  },
  {
    "ID Number": "3422070"
  },
  {
    "ID Number": "3406342"
  },
  {
    "ID Number": "3458245"
  },
  {
    "ID Number": "3403882"
  },
  {
    "ID Number": "3417247"
  },
  {
    "ID Number": "3446220"
  },
  {
    "ID Number": "3462013"
  },
  {
    "ID Number": "3451682"
  },
  {
    "ID Number": "3438651"
  },
  {
    "ID Number": "3452093"
  },
  {
    "ID Number": "3445194"
  },
  {
    "ID Number": "3472760"
  },
  {
    "ID Number": "3457117"
  },
  {
    "ID Number": "3404846"
  },
  {
    "ID Number": "3431290"
  },
  {
    "ID Number": "3413721"
  },
  {
    "ID Number": "3403386"
  },
  {
    "ID Number": "3414965"
  },
  {
    "ID Number": "3408280"
  },
  {
    "ID Number": "3412938"
  },
  {
    "ID Number": "3415473"
  },
  {
    "ID Number": "3466914"
  },
  {
    "ID Number": "3473597"
  },
  {
    "ID Number": "3421074"
  },
  {
    "ID Number": "3465713"
  },
  {
    "ID Number": "3466612"
  },
  {
    "ID Number": "3412857"
  },
  {
    "ID Number": "3415112"
  },
  {
    "ID Number": "3476863"
  },
  {
    "ID Number": "3477207"
  },
  {
    "ID Number": "3408299"
  },
  {
    "ID Number": "3454932"
  },
  {
    "ID Number": "3416836"
  },
  {
    "ID Number": "3406962"
  },
  {
    "ID Number": "3418804"
  },
  {
    "ID Number": "3401456"
  },
  {
    "ID Number": "3403556"
  },
  {
    "ID Number": "3422496"
  },
  {
    "ID Number": "3437051"
  },
  {
    "ID Number": "3413268"
  },
  {
    "ID Number": "3445992"
  },
  {
    "ID Number": "3467716"
  },
  {
    "ID Number": "3458440"
  },
  {
    "ID Number": "3458458"
  },
  {
    "ID Number": "3410935"
  },
  {
    "ID Number": "3479765"
  },
  {
    "ID Number": "3416844"
  },
  {
    "ID Number": "3470989"
  },
  {
    "ID Number": "3435571"
  },
  {
    "ID Number": "3452441"
  },
  {
    "ID Number": "3412121"
  },
  {
    "ID Number": "3483142"
  },
  {
    "ID Number": "3455556"
  },
  {
    "ID Number": "3458164"
  },
  {
    "ID Number": "3463737"
  },
  {
    "ID Number": "3461114"
  },
  {
    "ID Number": "3458474"
  },
  {
    "ID Number": "3462021"
  },
  {
    "ID Number": "3461130"
  },
  {
    "ID Number": "3420892"
  },
  {
    "ID Number": "3474925"
  },
  {
    "ID Number": "3440788"
  },
  {
    "ID Number": "3465950"
  },
  {
    "ID Number": "3465721"
  },
  {
    "ID Number": "3456668"
  },
  {
    "ID Number": "3460460"
  },
  {
    "ID Number": "3416607"
  },
  {
    "ID Number": "3438406"
  },
  {
    "ID Number": "3422569"
  },
  {
    "ID Number": "3416950"
  },
  {
    "ID Number": "3421791"
  },
  {
    "ID Number": "3431762"
  },
  {
    "ID Number": "3461840"
  },
  {
    "ID Number": "3467015"
  },
  {
    "ID Number": "3424618"
  },
  {
    "ID Number": "3402754"
  },
  {
    "ID Number": "3448959"
  },
  {
    "ID Number": "3451135"
  },
  {
    "ID Number": "3477134"
  },
  {
    "ID Number": "3414973"
  },
  {
    "ID Number": "3433021"
  },
  {
    "ID Number": "3434079"
  },
  {
    "ID Number": "3454045"
  },
  {
    "ID Number": "3412059"
  },
  {
    "ID Number": "3469964"
  },
  {
    "ID Number": "3440605"
  },
  {
    "ID Number": "3412067"
  },
  {
    "ID Number": "3406814"
  },
  {
    "ID Number": "3459128"
  },
  {
    "ID Number": "3471489"
  },
  {
    "ID Number": "3464849"
  },
  {
    "ID Number": "3464857"
  },
  {
    "ID Number": "3462668"
  },
  {
    "ID Number": "3424820"
  },
  {
    "ID Number": "3405435"
  },
  {
    "ID Number": "3474062"
  },
  {
    "ID Number": "3439437"
  },
  {
    "ID Number": "3455947"
  },
  {
    "ID Number": "3443477"
  },
  {
    "ID Number": "3481239"
  },
  {
    "ID Number": "3421503"
  },
  {
    "ID Number": "3441890"
  },
  {
    "ID Number": "3407713"
  },
  {
    "ID Number": "3403920"
  },
  {
    "ID Number": "3439208"
  },
  {
    "ID Number": "3439216"
  },
  {
    "ID Number": "3441628"
  },
  {
    "ID Number": "3461556"
  },
  {
    "ID Number": "3416615"
  },
  {
    "ID Number": "3425231"
  },
  {
    "ID Number": "3429423"
  },
  {
    "ID Number": "3434729"
  },
  {
    "ID Number": "3460088"
  },
  {
    "ID Number": "3404285"
  },
  {
    "ID Number": "3416771"
  },
  {
    "ID Number": "3403645"
  },
  {
    "ID Number": "3474526"
  },
  {
    "ID Number": "3405303"
  },
  {
    "ID Number": "3429652"
  },
  {
    "ID Number": "3474232"
  },
  {
    "ID Number": "3448070"
  },
  {
    "ID Number": "3451941"
  },
  {
    "ID Number": "3416623"
  },
  {
    "ID Number": "3474291"
  },
  {
    "ID Number": "3409597"
  },
  {
    "ID Number": "3474399"
  },
  {
    "ID Number": "3440435"
  },
  {
    "ID Number": "3470857"
  },
  {
    "ID Number": "3410951"
  },
  {
    "ID Number": "3417310"
  },
  {
    "ID Number": "3463923"
  },
  {
    "ID Number": "3413977"
  },
  {
    "ID Number": "3406288"
  },
  {
    "ID Number": "3467724"
  },
  {
    "ID Number": "3479358"
  },
  {
    "ID Number": "3471390"
  },
  {
    "ID Number": "3458172"
  },
  {
    "ID Number": "3473813"
  },
  {
    "ID Number": "3409619"
  },
  {
    "ID Number": "3400921"
  },
  {
    "ID Number": "3409627"
  },
  {
    "ID Number": "3473503"
  },
  {
    "ID Number": "3414140"
  },
  {
    "ID Number": "3452450"
  },
  {
    "ID Number": "3468801"
  },
  {
    "ID Number": "3480585"
  },
  {
    "ID Number": "3405052"
  },
  {
    "ID Number": "3419282"
  },
  {
    "ID Number": "3403050"
  },
  {
    "ID Number": "3452239"
  },
  {
    "ID Number": "3469816"
  },
  {
    "ID Number": "3407080"
  },
  {
    "ID Number": "3469972"
  },
  {
    "ID Number": "3419398"
  },
  {
    "ID Number": "3428761"
  },
  {
    "ID Number": "3411354"
  },
  {
    "ID Number": "3415244"
  },
  {
    "ID Number": "3484300"
  },
  {
    "ID Number": "3400646"
  },
  {
    "ID Number": "3466639"
  },
  {
    "ID Number": "3409635"
  },
  {
    "ID Number": "3436586"
  },
  {
    "ID Number": "3465586"
  },
  {
    "ID Number": "3419274"
  },
  {
    "ID Number": "3400867"
  },
  {
    "ID Number": "3403890"
  },
  {
    "ID Number": "3417115"
  },
  {
    "ID Number": "3413047"
  },
  {
    "ID Number": "3486605"
  },
  {
    "ID Number": "3406970"
  },
  {
    "ID Number": "3432904"
  },
  {
    "ID Number": "3426084"
  },
  {
    "ID Number": "3428621"
  },
  {
    "ID Number": "3466124"
  },
  {
    "ID Number": "3412873"
  },
  {
    "ID Number": "3412881"
  },
  {
    "ID Number": "3477142"
  },
  {
    "ID Number": "3420787"
  },
  {
    "ID Number": "3464512"
  },
  {
    "ID Number": "3421317"
  },
  {
    "ID Number": "3431509"
  },
  {
    "ID Number": "3445429"
  },
  {
    "ID Number": "3438910"
  },
  {
    "ID Number": "3465497"
  },
  {
    "ID Number": "3458482"
  },
  {
    "ID Number": "3457923"
  },
  {
    "ID Number": "3458490"
  },
  {
    "ID Number": "3464687"
  },
  {
    "ID Number": "3475620"
  },
  {
    "ID Number": "3426670"
  },
  {
    "ID Number": "3463885"
  },
  {
    "ID Number": "3413535"
  },
  {
    "ID Number": "3418847"
  },
  {
    "ID Number": "3467201"
  },
  {
    "ID Number": "3420027"
  },
  {
    "ID Number": "3404510"
  },
  {
    "ID Number": "3469565"
  },
  {
    "ID Number": "3459047"
  },
  {
    "ID Number": "3469573"
  },
  {
    "ID Number": "3425959"
  },
  {
    "ID Number": "3469670"
  },
  {
    "ID Number": "3460789"
  },
  {
    "ID Number": "3452930"
  },
  {
    "ID Number": "3419410"
  },
  {
    "ID Number": "3452115"
  },
  {
    "ID Number": "3436772"
  },
  {
    "ID Number": "3439224"
  },
  {
    "ID Number": "3459918"
  },
  {
    "ID Number": "3463990"
  },
  {
    "ID Number": "3408523"
  },
  {
    "ID Number": "3465101"
  },
  {
    "ID Number": "3418855"
  },
  {
    "ID Number": "3465438"
  },
  {
    "ID Number": "3459772"
  },
  {
    "ID Number": "3414876"
  },
  {
    "ID Number": "3424260"
  },
  {
    "ID Number": "3438660"
  },
  {
    "ID Number": "3475786"
  },
  {
    "ID Number": "3458768"
  },
  {
    "ID Number": "3444651"
  },
  {
    "ID Number": "3446093"
  },
  {
    "ID Number": "3474534"
  },
  {
    "ID Number": "3451224"
  },
  {
    "ID Number": "3415953"
  },
  {
    "ID Number": "3454142"
  },
  {
    "ID Number": "3467031"
  },
  {
    "ID Number": "3439810"
  },
  {
    "ID Number": "3422828"
  },
  {
    "ID Number": "3472841"
  },
  {
    "ID Number": "3402070"
  },
  {
    "ID Number": "3402010"
  },
  {
    "ID Number": "3419606"
  },
  {
    "ID Number": "3453600"
  },
  {
    "ID Number": "3407128"
  },
  {
    "ID Number": "3456080"
  },
  {
    "ID Number": "3440796"
  },
  {
    "ID Number": "3480461"
  },
  {
    "ID Number": "3403130"
  },
  {
    "ID Number": "3426637"
  },
  {
    "ID Number": "3419207"
  },
  {
    "ID Number": "3426378"
  },
  {
    "ID Number": "3442489"
  },
  {
    "ID Number": "3456447"
  },
  {
    "ID Number": "3442225"
  },
  {
    "ID Number": "3414167"
  },
  {
    "ID Number": "3431304"
  },
  {
    "ID Number": "3431525"
  },
  {
    "ID Number": "3420639"
  },
  {
    "ID Number": "3425150"
  },
  {
    "ID Number": "3424405"
  },
  {
    "ID Number": "3447120"
  },
  {
    "ID Number": "3410994"
  },
  {
    "ID Number": "3423166"
  },
  {
    "ID Number": "3412105"
  },
  {
    "ID Number": "3424626"
  },
  {
    "ID Number": "3479935"
  },
  {
    "ID Number": "3453820"
  },
  {
    "ID Number": "3417786"
  },
  {
    "ID Number": "3417794"
  },
  {
    "ID Number": "3416267"
  },
  {
    "ID Number": "3410277"
  },
  {
    "ID Number": "3427587"
  },
  {
    "ID Number": "3452905"
  },
  {
    "ID Number": "3427455"
  },
  {
    "ID Number": "3465799"
  },
  {
    "ID Number": "3409988"
  },
  {
    "ID Number": "3413993"
  },
  {
    "ID Number": "3453910"
  },
  {
    "ID Number": "3445828"
  },
  {
    "ID Number": "3446840"
  },
  {
    "ID Number": "3474402"
  },
  {
    "ID Number": "3439704"
  },
  {
    "ID Number": "3431894"
  },
  {
    "ID Number": "3400964"
  },
  {
    "ID Number": "3457664"
  },
  {
    "ID Number": "3400824"
  },
  {
    "ID Number": "3466280"
  },
  {
    "ID Number": "3433552"
  },
  {
    "ID Number": "3463222"
  },
  {
    "ID Number": "3424952"
  },
  {
    "ID Number": "3411494"
  },
  {
    "ID Number": "3449327"
  },
  {
    "ID Number": "3404803"
  },
  {
    "ID Number": "3465594"
  },
  {
    "ID Number": "3469174"
  },
  {
    "ID Number": "3422003"
  },
  {
    "ID Number": "3460479"
  },
  {
    "ID Number": "3402037"
  },
  {
    "ID Number": "3462579"
  },
  {
    "ID Number": "3472639"
  },
  {
    "ID Number": "3482812"
  },
  {
    "ID Number": "3449092"
  },
  {
    "ID Number": "3433072"
  },
  {
    "ID Number": "3478696"
  },
  {
    "ID Number": "3412261"
  },
  {
    "ID Number": "3473465"
  },
  {
    "ID Number": "3432220"
  },
  {
    "ID Number": "3418324"
  },
  {
    "ID Number": "3432238"
  },
  {
    "ID Number": "3416666"
  },
  {
    "ID Number": "3449238"
  },
  {
    "ID Number": "3482499"
  },
  {
    "ID Number": "3400115"
  },
  {
    "ID Number": "3465128"
  },
  {
    "ID Number": "3430588"
  },
  {
    "ID Number": "3404110"
  },
  {
    "ID Number": "3454150"
  },
  {
    "ID Number": "3417930"
  },
  {
    "ID Number": "3436594"
  },
  {
    "ID Number": "3480453"
  },
  {
    "ID Number": "3407322"
  },
  {
    "ID Number": "3409694"
  },
  {
    "ID Number": "3420051"
  },
  {
    "ID Number": "3449629"
  },
  {
    "ID Number": "3423646"
  },
  {
    "ID Number": "3470458"
  },
  {
    "ID Number": "3438589"
  },
  {
    "ID Number": "3434290"
  },
  {
    "ID Number": "3444457"
  },
  {
    "ID Number": "3458075"
  },
  {
    "ID Number": "3478564"
  },
  {
    "ID Number": "3401278"
  },
  {
    "ID Number": "3418979"
  },
  {
    "ID Number": "3406792"
  },
  {
    "ID Number": "3405699"
  },
  {
    "ID Number": "3469751"
  },
  {
    "ID Number": "3471225"
  },
  {
    "ID Number": "3416780"
  },
  {
    "ID Number": "3434745"
  },
  {
    "ID Number": "3473198"
  },
  {
    "ID Number": "3446646"
  },
  {
    "ID Number": "3417824"
  },
  {
    "ID Number": "3404641"
  },
  {
    "ID Number": "3477150"
  },
  {
    "ID Number": "3403025"
  },
  {
    "ID Number": "3420922"
  },
  {
    "ID Number": "3420930"
  },
  {
    "ID Number": "3462730"
  },
  {
    "ID Number": "3452174"
  },
  {
    "ID Number": "3434842"
  },
  {
    "ID Number": "3458784"
  },
  {
    "ID Number": "3432246"
  },
  {
    "ID Number": "3458792"
  },
  {
    "ID Number": "3473414"
  },
  {
    "ID Number": "3411389"
  },
  {
    "ID Number": "3478939"
  },
  {
    "ID Number": "3400719"
  },
  {
    "ID Number": "3456366"
  },
  {
    "ID Number": "3472787"
  },
  {
    "ID Number": "3472795"
  },
  {
    "ID Number": "3415139"
  },
  {
    "ID Number": "3467406"
  },
  {
    "ID Number": "3437850"
  },
  {
    "ID Number": "3416682"
  },
  {
    "ID Number": "3473473"
  },
  {
    "ID Number": "3436403"
  },
  {
    "ID Number": "3419711"
  },
  {
    "ID Number": "3404609"
  },
  {
    "ID Number": "3400379"
  },
  {
    "ID Number": "3453537"
  },
  {
    "ID Number": "3454681"
  },
  {
    "ID Number": "3428990"
  },
  {
    "ID Number": "2110300"
  },
  {
    "ID Number": "3427390"
  },
  {
    "ID Number": "3465179"
  },
  {
    "ID Number": "3420949"
  },
  {
    "ID Number": "3412610"
  },
  {
    "ID Number": "3413756"
  },
  {
    "ID Number": "3430855"
  },
  {
    "ID Number": "3426858"
  },
  {
    "ID Number": "3405940"
  },
  {
    "ID Number": "3403564"
  },
  {
    "ID Number": "3411044"
  },
  {
    "ID Number": "3450058"
  },
  {
    "ID Number": "3427749"
  },
  {
    "ID Number": "3425983"
  },
  {
    "ID Number": "3478831"
  },
  {
    "ID Number": "3409279"
  },
  {
    "ID Number": "3425428"
  },
  {
    "ID Number": "3470466"
  },
  {
    "ID Number": "3452336"
  },
  {
    "ID Number": "3475794"
  },
  {
    "ID Number": "3401120"
  },
  {
    "ID Number": "3415970"
  },
  {
    "ID Number": "3429563"
  },
  {
    "ID Number": "3454169"
  },
  {
    "ID Number": "3401901"
  },
  {
    "ID Number": "3436500"
  },
  {
    "ID Number": "3468399"
  },
  {
    "ID Number": "3402177"
  },
  {
    "ID Number": "3449939"
  },
  {
    "ID Number": "3423026"
  },
  {
    "ID Number": "3464865"
  },
  {
    "ID Number": "3461963"
  },
  {
    "ID Number": "3417077"
  },
  {
    "ID Number": "3431185"
  },
  {
    "ID Number": "3429318"
  },
  {
    "ID Number": "3463761"
  },
  {
    "ID Number": "3445364"
  },
  {
    "ID Number": "3439151"
  },
  {
    "ID Number": "3418251"
  },
  {
    "ID Number": "3404293"
  },
  {
    "ID Number": "3458598"
  },
  {
    "ID Number": "3405451"
  },
  {
    "ID Number": "3460487"
  },
  {
    "ID Number": "3475808"
  },
  {
    "ID Number": "3400972"
  },
  {
    "ID Number": "3461190"
  },
  {
    "ID Number": "3471829"
  },
  {
    "ID Number": "3474550"
  },
  {
    "ID Number": "3408680"
  },
  {
    "ID Number": "3461335"
  },
  {
    "ID Number": "3433757"
  },
  {
    "ID Number": "3442713"
  },
  {
    "ID Number": "3423425"
  },
  {
    "ID Number": "3401294"
  },
  {
    "ID Number": "3409392"
  },
  {
    "ID Number": "3466302"
  },
  {
    "ID Number": "3403173"
  },
  {
    "ID Number": "3470245"
  },
  {
    "ID Number": "3406431"
  },
  {
    "ID Number": "3408604"
  },
  {
    "ID Number": "3445275"
  },
  {
    "ID Number": "3401413"
  },
  {
    "ID Number": "3415279"
  },
  {
    "ID Number": "3467732"
  },
  {
    "ID Number": "3467058"
  },
  {
    "ID Number": "3437752"
  },
  {
    "ID Number": "3440940"
  },
  {
    "ID Number": "3400433"
  },
  {
    "ID Number": "3421813"
  },
  {
    "ID Number": "3419215"
  },
  {
    "ID Number": "3412300"
  },
  {
    "ID Number": "3470636"
  },
  {
    "ID Number": "3474615"
  },
  {
    "ID Number": "3432297"
  },
  {
    "ID Number": "3402002"
  },
  {
    "ID Number": "3443841"
  },
  {
    "ID Number": "3432300"
  },
  {
    "ID Number": "3404196"
  },
  {
    "ID Number": "3466485"
  },
  {
    "ID Number": "3465810"
  },
  {
    "ID Number": "3414205"
  },
  {
    "ID Number": "3423484"
  },
  {
    "ID Number": "3419614"
  },
  {
    "ID Number": "3409406"
  },
  {
    "ID Number": "3439453"
  },
  {
    "ID Number": "3434575"
  },
  {
    "ID Number": "3475948"
  },
  {
    "ID Number": "3474941"
  },
  {
    "ID Number": "3401782"
  },
  {
    "ID Number": "3469417"
  },
  {
    "ID Number": "3408124"
  },
  {
    "ID Number": "3434583"
  },
  {
    "ID Number": "3414833"
  },
  {
    "ID Number": "3400042"
  },
  {
    "ID Number": "3413454"
  },
  {
    "ID Number": "3458806"
  },
  {
    "ID Number": "3416283"
  },
  {
    "ID Number": "3428125"
  },
  {
    "ID Number": "3427277"
  },
  {
    "ID Number": "3449122"
  },
  {
    "ID Number": "3481220"
  },
  {
    "ID Number": "3478610"
  },
  {
    "ID Number": "3473651"
  },
  {
    "ID Number": "3458814"
  },
  {
    "ID Number": "3470008"
  },
  {
    "ID Number": "3466930"
  },
  {
    "ID Number": "3410056"
  },
  {
    "ID Number": "3462358"
  },
  {
    "ID Number": "3461637"
  },
  {
    "ID Number": "3433501"
  },
  {
    "ID Number": "3481972"
  },
  {
    "ID Number": "3418880"
  },
  {
    "ID Number": "3420582"
  },
  {
    "ID Number": "3427374"
  },
  {
    "ID Number": "3427382"
  },
  {
    "ID Number": "3416704"
  },
  {
    "ID Number": "3404188"
  },
  {
    "ID Number": "3420957"
  },
  {
    "ID Number": "3418898"
  },
  {
    "ID Number": "3480356"
  },
  {
    "ID Number": "3418154"
  },
  {
    "ID Number": "3415813"
  },
  {
    "ID Number": "3484335"
  },
  {
    "ID Number": "3450430"
  },
  {
    "ID Number": "3430782"
  },
  {
    "ID Number": "3401995"
  },
  {
    "ID Number": "3460495"
  },
  {
    "ID Number": "3478173"
  },
  {
    "ID Number": "3416291"
  },
  {
    "ID Number": "3404870"
  },
  {
    "ID Number": "3473880"
  },
  {
    "ID Number": "3428133"
  },
  {
    "ID Number": "3471039"
  },
  {
    "ID Number": "3411818"
  },
  {
    "ID Number": "3410137"
  },
  {
    "ID Number": "3400069"
  },
  {
    "ID Number": "3432637"
  },
  {
    "ID Number": "115045"
  },
  {
    "ID Number": "3465608"
  },
  {
    "ID Number": "3418545"
  },
  {
    "ID Number": "3466450"
  },
  {
    "ID Number": "3472850"
  },
  {
    "ID Number": "3405710"
  },
  {
    "ID Number": "3417085"
  },
  {
    "ID Number": "3423018"
  },
  {
    "ID Number": "3440869"
  },
  {
    "ID Number": "3462331"
  },
  {
    "ID Number": "3414213"
  },
  {
    "ID Number": "3410064"
  },
  {
    "ID Number": "3439755"
  },
  {
    "ID Number": "3463311"
  },
  {
    "ID Number": "3407764"
  },
  {
    "ID Number": "3420418"
  },
  {
    "ID Number": "3417336"
  },
  {
    "ID Number": "3414884"
  },
  {
    "ID Number": "3403254"
  },
  {
    "ID Number": "3467627"
  },
  {
    "ID Number": "3479056"
  },
  {
    "ID Number": "3433129"
  },
  {
    "ID Number": "3459802"
  },
  {
    "ID Number": "3478769"
  },
  {
    "ID Number": "3482359"
  },
  {
    "ID Number": "3405958"
  },
  {
    "ID Number": "3426653"
  },
  {
    "ID Number": "3403831"
  },
  {
    "ID Number": "3472493"
  },
  {
    "ID Number": "3438970"
  },
  {
    "ID Number": "3467708"
  },
  {
    "ID Number": "3432327"
  },
  {
    "ID Number": "3458180"
  },
  {
    "ID Number": "3416976"
  },
  {
    "ID Number": "3416984"
  },
  {
    "ID Number": "3412768"
  },
  {
    "ID Number": "3421325"
  },
  {
    "ID Number": "3412113"
  },
  {
    "ID Number": "3462439"
  },
  {
    "ID Number": "3438937"
  },
  {
    "ID Number": "3445666"
  },
  {
    "ID Number": "3467147"
  },
  {
    "ID Number": "3417344"
  },
  {
    "ID Number": "3411834"
  },
  {
    "ID Number": "3430790"
  },
  {
    "ID Number": "3412318"
  },
  {
    "ID Number": "3417352"
  },
  {
    "ID Number": "3420191"
  },
  {
    "ID Number": "3420434"
  },
  {
    "ID Number": "3409759"
  },
  {
    "ID Number": "3471233"
  },
  {
    "ID Number": "3465071"
  },
  {
    "ID Number": "3465080"
  },
  {
    "ID Number": "3457567"
  },
  {
    "ID Number": "3414604"
  },
  {
    "ID Number": "3463249"
  },
  {
    "ID Number": "3472825"
  },
  {
    "ID Number": "3423433"
  },
  {
    "ID Number": "3448231"
  },
  {
    "ID Number": "3407004"
  },
  {
    "ID Number": "3455343"
  },
  {
    "ID Number": "3413764"
  },
  {
    "ID Number": "3415155"
  },
  {
    "ID Number": "3446603"
  }
]