[
  {
    "ID Number": "25108867"
  },
  {
    "ID Number": "25197037"
  },
  {
    "ID Number": "5834392"
  },
  {
    "ID Number": "5834422"
  },
  {
    "ID Number": "5837863"
  },
  {
    "ID Number": "5820642"
  },
  {
    "ID Number": "5840767"
  },
  {
    "ID Number": "5834040"
  },
  {
    "ID Number": "5820391"
  },
  {
    "ID Number": "5829224"
  },
  {
    "ID Number": "5819075"
  },
  {
    "ID Number": "5818656"
  },
  {
    "ID Number": "5862752"
  },
  {
    "ID Number": "5813069"
  },
  {
    "ID Number": "5837650"
  },
  {
    "ID Number": "5868149"
  },
  {
    "ID Number": "5806143"
  },
  {
    "ID Number": "5804949"
  },
  {
    "ID Number": "5822076"
  },
  {
    "ID Number": "5800900"
  },
  {
    "ID Number": "5804957"
  },
  {
    "ID Number": "33347484"
  },
  {
    "ID Number": "5835470"
  },
  {
    "ID Number": "5857074"
  },
  {
    "ID Number": "5831423"
  },
  {
    "ID Number": "5817099"
  },
  {
    "ID Number": "5826276"
  },
  {
    "ID Number": "33387230"
  },
  {
    "ID Number": "5812666"
  },
  {
    "ID Number": "5846366"
  },
  {
    "ID Number": "5818052"
  },
  {
    "ID Number": "5818044"
  },
  {
    "ID Number": "5839980"
  },
  {
    "ID Number": "5822912"
  },
  {
    "ID Number": "5825385"
  },
  {
    "ID Number": "5824060"
  },
  {
    "ID Number": "129112509"
  },
  {
    "ID Number": "5841232"
  },
  {
    "ID Number": "6008623"
  },
  {
    "ID Number": "5823331"
  },
  {
    "ID Number": "5854121"
  },
  {
    "ID Number": "5845157"
  },
  {
    "ID Number": "5821770"
  },
  {
    "ID Number": "5824982"
  },
  {
    "ID Number": "5834465"
  },
  {
    "ID Number": "5809100"
  },
  {
    "ID Number": "5845106"
  },
  {
    "ID Number": "5844070"
  },
  {
    "ID Number": "5840953"
  },
  {
    "ID Number": "5817900"
  },
  {
    "ID Number": "5838185"
  },
  {
    "ID Number": "5823650"
  },
  {
    "ID Number": "5806542"
  },
  {
    "ID Number": "5811430"
  },
  {
    "ID Number": "5833531"
  },
  {
    "ID Number": "5874173"
  },
  {
    "ID Number": "5800560"
  },
  {
    "ID Number": "5838002"
  },
  {
    "ID Number": "5800129"
  },
  {
    "ID Number": "5829364"
  },
  {
    "ID Number": "5838134"
  },
  {
    "ID Number": "5805783"
  },
  {
    "ID Number": "5805791"
  },
  {
    "ID Number": "5802032"
  },
  {
    "ID Number": "5801737"
  },
  {
    "ID Number": "5805805"
  },
  {
    "ID Number": "5819091"
  },
  {
    "ID Number": "5800854"
  },
  {
    "ID Number": "5830028"
  },
  {
    "ID Number": "5833620"
  },
  {
    "ID Number": "5805341"
  },
  {
    "ID Number": "5849810"
  },
  {
    "ID Number": "5828228"
  },
  {
    "ID Number": "5828406"
  },
  {
    "ID Number": "5800838"
  },
  {
    "ID Number": "5801648"
  },
  {
    "ID Number": "5812470"
  },
  {
    "ID Number": "5826780"
  },
  {
    "ID Number": "5868254"
  },
  {
    "ID Number": "5832071"
  },
  {
    "ID Number": "5824559"
  },
  {
    "ID Number": "5828961"
  },
  {
    "ID Number": "39933598"
  },
  {
    "ID Number": "5825423"
  },
  {
    "ID Number": "5831393"
  },
  {
    "ID Number": "5832462"
  },
  {
    "ID Number": "5812380"
  },
  {
    "ID Number": "5861462"
  },
  {
    "ID Number": "5817820"
  },
  {
    "ID Number": "5828295"
  },
  {
    "ID Number": "5839335"
  },
  {
    "ID Number": "5848261"
  },
  {
    "ID Number": "129104409"
  },
  {
    "ID Number": "5803276"
  },
  {
    "ID Number": "5802407"
  },
  {
    "ID Number": "5812100"
  },
  {
    "ID Number": "5856531"
  },
  {
    "ID Number": "5800463"
  },
  {
    "ID Number": "5824664"
  },
  {
    "ID Number": "5845351"
  },
  {
    "ID Number": "5830923"
  },
  {
    "ID Number": "5821304"
  },
  {
    "ID Number": "5831350"
  },
  {
    "ID Number": "5837464"
  },
  {
    "ID Number": "5813166"
  },
  {
    "ID Number": "5817692"
  },
  {
    "ID Number": "5821657"
  },
  {
    "ID Number": "5806798"
  },
  {
    "ID Number": "5811651"
  },
  {
    "ID Number": "5837790"
  },
  {
    "ID Number": "5836875"
  },
  {
    "ID Number": "5833612"
  },
  {
    "ID Number": "5877083"
  },
  {
    "ID Number": "5803292"
  },
  {
    "ID Number": "5806410"
  },
  {
    "ID Number": "5817994"
  },
  {
    "ID Number": "5701724"
  },
  {
    "ID Number": "5877610"
  },
  {
    "ID Number": "6013180"
  },
  {
    "ID Number": "5840465"
  },
  {
    "ID Number": "5822890"
  },
  {
    "ID Number": "5846129"
  },
  {
    "ID Number": "5834791"
  },
  {
    "ID Number": "5806810"
  },
  {
    "ID Number": "5840651"
  },
  {
    "ID Number": "5831237"
  },
  {
    "ID Number": "5827922"
  },
  {
    "ID Number": "5812143"
  },
  {
    "ID Number": "5832438"
  },
  {
    "ID Number": "5825164"
  },
  {
    "ID Number": "5801311"
  },
  {
    "ID Number": "5805856"
  },
  {
    "ID Number": "5821193"
  },
  {
    "ID Number": "5831245"
  },
  {
    "ID Number": "5808391"
  },
  {
    "ID Number": "5815169"
  },
  {
    "ID Number": "5820278"
  },
  {
    "ID Number": "5847290"
  },
  {
    "ID Number": "5819121"
  },
  {
    "ID Number": "5834732"
  },
  {
    "ID Number": "5835542"
  },
  {
    "ID Number": "5820650"
  },
  {
    "ID Number": "5820707"
  },
  {
    "ID Number": "5829453"
  },
  {
    "ID Number": "5821029"
  },
  {
    "ID Number": "5838363"
  },
  {
    "ID Number": "129105219"
  },
  {
    "ID Number": "5863198"
  },
  {
    "ID Number": "5833388"
  },
  {
    "ID Number": "5830982"
  },
  {
    "ID Number": "5803659"
  },
  {
    "ID Number": "5819660"
  },
  {
    "ID Number": "5819148"
  },
  {
    "ID Number": "5877490"
  },
  {
    "ID Number": "5844177"
  },
  {
    "ID Number": "5832608"
  },
  {
    "ID Number": "5804060"
  },
  {
    "ID Number": "5800587"
  },
  {
    "ID Number": "5801664"
  },
  {
    "ID Number": "5834759"
  },
  {
    "ID Number": "5835410"
  },
  {
    "ID Number": "5867061"
  },
  {
    "ID Number": "5812739"
  },
  {
    "ID Number": "5826659"
  },
  {
    "ID Number": "2636565"
  },
  {
    "ID Number": "88166333"
  },
  {
    "ID Number": "5833884"
  },
  {
    "ID Number": "5867380"
  },
  {
    "ID Number": "5800072"
  },
  {
    "ID Number": "5835259"
  },
  {
    "ID Number": "5811694"
  },
  {
    "ID Number": "5868734"
  },
  {
    "ID Number": "5804540"
  },
  {
    "ID Number": "5869021"
  },
  {
    "ID Number": "5852986"
  },
  {
    "ID Number": "5818060"
  },
  {
    "ID Number": "5841828"
  },
  {
    "ID Number": "5804558"
  },
  {
    "ID Number": "5800862"
  },
  {
    "ID Number": "5832233"
  },
  {
    "ID Number": "5824680"
  },
  {
    "ID Number": "5812488"
  },
  {
    "ID Number": "5800706"
  },
  {
    "ID Number": "5870747"
  },
  {
    "ID Number": "5803870"
  },
  {
    "ID Number": "5865786"
  },
  {
    "ID Number": "5836611"
  },
  {
    "ID Number": "5819156"
  },
  {
    "ID Number": "5818354"
  },
  {
    "ID Number": "8602425"
  },
  {
    "ID Number": "5814774"
  },
  {
    "ID Number": "5084164"
  },
  {
    "ID Number": "5831636"
  },
  {
    "ID Number": "5855357"
  },
  {
    "ID Number": "5863864"
  },
  {
    "ID Number": "5876524"
  },
  {
    "ID Number": "5837154"
  },
  {
    "ID Number": "5849187"
  },
  {
    "ID Number": "5846340"
  },
  {
    "ID Number": "5810620"
  },
  {
    "ID Number": "25656430"
  },
  {
    "ID Number": "45051534"
  },
  {
    "ID Number": "5829437"
  },
  {
    "ID Number": "5824885"
  },
  {
    "ID Number": "5817765"
  },
  {
    "ID Number": "5819164"
  },
  {
    "ID Number": "5808502"
  },
  {
    "ID Number": "5830095"
  },
  {
    "ID Number": "5830117"
  },
  {
    "ID Number": "5824443"
  },
  {
    "ID Number": "5837448"
  },
  {
    "ID Number": "5855616"
  },
  {
    "ID Number": "5805880"
  },
  {
    "ID Number": "5804566"
  },
  {
    "ID Number": "5806585"
  },
  {
    "ID Number": "5802423"
  },
  {
    "ID Number": "5819172"
  },
  {
    "ID Number": "5848482"
  },
  {
    "ID Number": "5824516"
  },
  {
    "ID Number": "5813379"
  },
  {
    "ID Number": "5805414"
  },
  {
    "ID Number": "5834228"
  },
  {
    "ID Number": "5809207"
  },
  {
    "ID Number": "5812763"
  },
  {
    "ID Number": "5812445"
  },
  {
    "ID Number": "5824630"
  },
  {
    "ID Number": "5825750"
  },
  {
    "ID Number": "5826349"
  },
  {
    "ID Number": "5875293"
  },
  {
    "ID Number": "5840350"
  },
  {
    "ID Number": "5846145"
  },
  {
    "ID Number": "5858011"
  },
  {
    "ID Number": "5846170"
  },
  {
    "ID Number": "5807360"
  },
  {
    "ID Number": "5818109"
  },
  {
    "ID Number": "5856582"
  },
  {
    "ID Number": "5811732"
  },
  {
    "ID Number": "5805929"
  },
  {
    "ID Number": "5832195"
  },
  {
    "ID Number": "5802105"
  },
  {
    "ID Number": "5817650"
  },
  {
    "ID Number": "5843316"
  },
  {
    "ID Number": "5807280"
  },
  {
    "ID Number": "5812780"
  },
  {
    "ID Number": "5829879"
  },
  {
    "ID Number": "5828015"
  },
  {
    "ID Number": "5823510"
  },
  {
    "ID Number": "5807379"
  },
  {
    "ID Number": "5819920"
  },
  {
    "ID Number": "5835658"
  },
  {
    "ID Number": "5806607"
  },
  {
    "ID Number": "5822378"
  },
  {
    "ID Number": "5815240"
  },
  {
    "ID Number": "72900180"
  },
  {
    "ID Number": "72900369"
  },
  {
    "ID Number": "5829852"
  },
  {
    "ID Number": "5849004"
  },
  {
    "ID Number": "5820219"
  },
  {
    "ID Number": "5833086"
  },
  {
    "ID Number": "5828937"
  },
  {
    "ID Number": "5838266"
  },
  {
    "ID Number": "14200473"
  },
  {
    "ID Number": "5855780"
  },
  {
    "ID Number": "5833825"
  },
  {
    "ID Number": "5807190"
  },
  {
    "ID Number": "5821827"
  },
  {
    "ID Number": "5855730"
  },
  {
    "ID Number": "5823064"
  },
  {
    "ID Number": "5854164"
  },
  {
    "ID Number": "5860350"
  },
  {
    "ID Number": "5838037"
  },
  {
    "ID Number": "5808553"
  },
  {
    "ID Number": "5820669"
  },
  {
    "ID Number": "5824850"
  },
  {
    "ID Number": "5823544"
  },
  {
    "ID Number": "5806844"
  },
  {
    "ID Number": "5848890"
  },
  {
    "ID Number": "5836450"
  },
  {
    "ID Number": "5836581"
  },
  {
    "ID Number": "5812550"
  },
  {
    "ID Number": "5818290"
  },
  {
    "ID Number": "5820235"
  },
  {
    "ID Number": "5825911"
  },
  {
    "ID Number": "5812836"
  },
  {
    "ID Number": "5805465"
  },
  {
    "ID Number": "5834708"
  },
  {
    "ID Number": "5867029"
  },
  {
    "ID Number": "5838754"
  },
  {
    "ID Number": "5833949"
  },
  {
    "ID Number": "72900687"
  },
  {
    "ID Number": "72900679"
  },
  {
    "ID Number": "5835267"
  },
  {
    "ID Number": "5819210"
  },
  {
    "ID Number": "5808561"
  },
  {
    "ID Number": "5829550"
  },
  {
    "ID Number": "5857430"
  },
  {
    "ID Number": "5819792"
  },
  {
    "ID Number": "5821312"
  },
  {
    "ID Number": "5837901"
  },
  {
    "ID Number": "129057748"
  },
  {
    "ID Number": "5025036"
  },
  {
    "ID Number": "5805279"
  },
  {
    "ID Number": "5855217"
  },
  {
    "ID Number": "5826462"
  },
  {
    "ID Number": "5822467"
  },
  {
    "ID Number": "5804302"
  },
  {
    "ID Number": "5856426"
  },
  {
    "ID Number": "5810728"
  },
  {
    "ID Number": "5820090"
  },
  {
    "ID Number": "5824893"
  },
  {
    "ID Number": "5802911"
  },
  {
    "ID Number": "5857732"
  },
  {
    "ID Number": "5859565"
  },
  {
    "ID Number": "5827825"
  },
  {
    "ID Number": "5825091"
  },
  {
    "ID Number": "5825733"
  },
  {
    "ID Number": "5853699"
  },
  {
    "ID Number": "5804809"
  },
  {
    "ID Number": "5818435"
  },
  {
    "ID Number": "5855306"
  },
  {
    "ID Number": "5804167"
  },
  {
    "ID Number": "5817447"
  },
  {
    "ID Number": "5805481"
  },
  {
    "ID Number": "5806488"
  },
  {
    "ID Number": "5829810"
  },
  {
    "ID Number": "5820120"
  },
  {
    "ID Number": "5819245"
  },
  {
    "ID Number": "5807387"
  },
  {
    "ID Number": "5854504"
  },
  {
    "ID Number": "5820740"
  },
  {
    "ID Number": "5836816"
  },
  {
    "ID Number": "5812500"
  },
  {
    "ID Number": "5818125"
  },
  {
    "ID Number": "5837820"
  },
  {
    "ID Number": "5800013"
  },
  {
    "ID Number": "5841488"
  },
  {
    "ID Number": "5805970"
  },
  {
    "ID Number": "5805503"
  },
  {
    "ID Number": "5848997"
  },
  {
    "ID Number": "5823439"
  },
  {
    "ID Number": "5815312"
  },
  {
    "ID Number": "5834171"
  },
  {
    "ID Number": "5845327"
  },
  {
    "ID Number": "5845319"
  },
  {
    "ID Number": "5817757"
  },
  {
    "ID Number": "5857503"
  },
  {
    "ID Number": "5827230"
  },
  {
    "ID Number": "5827248"
  },
  {
    "ID Number": "5835828"
  },
  {
    "ID Number": "5840848"
  },
  {
    "ID Number": "5836310"
  },
  {
    "ID Number": "5828309"
  },
  {
    "ID Number": "5833515"
  },
  {
    "ID Number": "5822718"
  },
  {
    "ID Number": "5700779"
  },
  {
    "ID Number": "5831970"
  },
  {
    "ID Number": "5800889"
  },
  {
    "ID Number": "5800935"
  },
  {
    "ID Number": "5811473"
  },
  {
    "ID Number": "5841682"
  },
  {
    "ID Number": "5802555"
  },
  {
    "ID Number": "5857082"
  },
  {
    "ID Number": "5855691"
  },
  {
    "ID Number": "5843332"
  },
  {
    "ID Number": "5846617"
  },
  {
    "ID Number": "5841607"
  },
  {
    "ID Number": "5839858"
  },
  {
    "ID Number": "5819296"
  },
  {
    "ID Number": "5833299"
  },
  {
    "ID Number": "5804477"
  },
  {
    "ID Number": "5805260"
  },
  {
    "ID Number": "5837626"
  },
  {
    "ID Number": "5845386"
  },
  {
    "ID Number": "5839394"
  },
  {
    "ID Number": "5836271"
  },
  {
    "ID Number": "5811481"
  },
  {
    "ID Number": "5804825"
  },
  {
    "ID Number": "5834341"
  },
  {
    "ID Number": "5817293"
  },
  {
    "ID Number": "5811791"
  },
  {
    "ID Number": "5818168"
  },
  {
    "ID Number": "5817463"
  },
  {
    "ID Number": "5869463"
  },
  {
    "ID Number": "5831482"
  },
  {
    "ID Number": "5835909"
  },
  {
    "ID Number": "5835917"
  },
  {
    "ID Number": "5802164"
  },
  {
    "ID Number": "5849152"
  },
  {
    "ID Number": "8639442"
  },
  {
    "ID Number": "5864020"
  },
  {
    "ID Number": "8605718"
  },
  {
    "ID Number": "5858232"
  },
  {
    "ID Number": "5800919"
  },
  {
    "ID Number": "5820944"
  },
  {
    "ID Number": "5823714"
  },
  {
    "ID Number": "5851564"
  },
  {
    "ID Number": "5862531"
  },
  {
    "ID Number": "5821258"
  },
  {
    "ID Number": "5834104"
  },
  {
    "ID Number": "5819350"
  },
  {
    "ID Number": "5813239"
  },
  {
    "ID Number": "5839130"
  },
  {
    "ID Number": "5836735"
  },
  {
    "ID Number": "5839475"
  },
  {
    "ID Number": "5824109"
  },
  {
    "ID Number": "5821673"
  },
  {
    "ID Number": "5817110"
  },
  {
    "ID Number": "5834538"
  },
  {
    "ID Number": "5814600"
  },
  {
    "ID Number": "5806186"
  },
  {
    "ID Number": "5804833"
  },
  {
    "ID Number": "5837707"
  },
  {
    "ID Number": "5847478"
  },
  {
    "ID Number": "5804175"
  },
  {
    "ID Number": "5854083"
  },
  {
    "ID Number": "5815991"
  },
  {
    "ID Number": "5857767"
  },
  {
    "ID Number": "5831504"
  },
  {
    "ID Number": "5832063"
  },
  {
    "ID Number": "5835380"
  },
  {
    "ID Number": "5860415"
  },
  {
    "ID Number": "5820332"
  },
  {
    "ID Number": "5823463"
  },
  {
    "ID Number": "5856116"
  },
  {
    "ID Number": "5840430"
  },
  {
    "ID Number": "5834317"
  },
  {
    "ID Number": "5836336"
  },
  {
    "ID Number": "5820421"
  },
  {
    "ID Number": "5831563"
  },
  {
    "ID Number": "33456275"
  },
  {
    "ID Number": "5805082"
  },
  {
    "ID Number": "5800528"
  },
  {
    "ID Number": "5820812"
  },
  {
    "ID Number": "5854920"
  },
  {
    "ID Number": "5827477"
  },
  {
    "ID Number": "5822858"
  },
  {
    "ID Number": "5834082"
  },
  {
    "ID Number": "5851823"
  },
  {
    "ID Number": "429041007"
  },
  {
    "ID Number": "5825873"
  },
  {
    "ID Number": "5849284"
  },
  {
    "ID Number": "5805988"
  },
  {
    "ID Number": "5837359"
  },
  {
    "ID Number": "5823102"
  },
  {
    "ID Number": "5823471"
  },
  {
    "ID Number": "5826187"
  },
  {
    "ID Number": "5824613"
  },
  {
    "ID Number": "5828350"
  },
  {
    "ID Number": "5838223"
  },
  {
    "ID Number": "5801834"
  },
  {
    "ID Number": "5814618"
  },
  {
    "ID Number": "5849683"
  },
  {
    "ID Number": "5838169"
  },
  {
    "ID Number": "5836255"
  },
  {
    "ID Number": "5829356"
  },
  {
    "ID Number": "5847800"
  },
  {
    "ID Number": "5836247"
  },
  {
    "ID Number": "5828740"
  },
  {
    "ID Number": "5807735"
  },
  {
    "ID Number": "5856612"
  },
  {
    "ID Number": "5812216"
  },
  {
    "ID Number": "5832357"
  },
  {
    "ID Number": "5834180"
  },
  {
    "ID Number": "5817803"
  },
  {
    "ID Number": "5834996"
  },
  {
    "ID Number": "5805570"
  },
  {
    "ID Number": "5805996"
  },
  {
    "ID Number": "5837340"
  },
  {
    "ID Number": "5840007"
  },
  {
    "ID Number": "5842948"
  },
  {
    "ID Number": "5856892"
  },
  {
    "ID Number": "5834562"
  },
  {
    "ID Number": "5803519"
  },
  {
    "ID Number": "5803268"
  },
  {
    "ID Number": "5833205"
  },
  {
    "ID Number": "5840830"
  },
  {
    "ID Number": "5823722"
  },
  {
    "ID Number": "5806003"
  },
  {
    "ID Number": "5822939"
  },
  {
    "ID Number": "5867088"
  },
  {
    "ID Number": "5822483"
  },
  {
    "ID Number": "5827116"
  },
  {
    "ID Number": "5834830"
  },
  {
    "ID Number": "5834554"
  },
  {
    "ID Number": "5834430"
  },
  {
    "ID Number": "5851734"
  },
  {
    "ID Number": "5834783"
  },
  {
    "ID Number": "5820057"
  },
  {
    "ID Number": "5818885"
  },
  {
    "ID Number": "5847940"
  },
  {
    "ID Number": "5802954"
  },
  {
    "ID Number": "5819431"
  },
  {
    "ID Number": "5839408"
  },
  {
    "ID Number": "5813590"
  },
  {
    "ID Number": "5812240"
  },
  {
    "ID Number": "5818311"
  },
  {
    "ID Number": "5827566"
  },
  {
    "ID Number": "5860466"
  },
  {
    "ID Number": "5822971"
  },
  {
    "ID Number": "5808111"
  },
  {
    "ID Number": "5201322"
  },
  {
    "ID Number": "5806917"
  },
  {
    "ID Number": "5833736"
  },
  {
    "ID Number": "5837561"
  },
  {
    "ID Number": "5825229"
  },
  {
    "ID Number": "5813344"
  },
  {
    "ID Number": "5828511"
  },
  {
    "ID Number": "5855705"
  },
  {
    "ID Number": "5828449"
  },
  {
    "ID Number": "5820375"
  },
  {
    "ID Number": "5814456"
  },
  {
    "ID Number": "5868866"
  },
  {
    "ID Number": "5806283"
  },
  {
    "ID Number": "5806011"
  },
  {
    "ID Number": "5818184"
  },
  {
    "ID Number": "5701295"
  },
  {
    "ID Number": "5816815"
  },
  {
    "ID Number": "5816823"
  },
  {
    "ID Number": "5206030"
  },
  {
    "ID Number": "5833442"
  },
  {
    "ID Number": "5835186"
  },
  {
    "ID Number": "5834945"
  },
  {
    "ID Number": "5833990"
  },
  {
    "ID Number": "5823838"
  },
  {
    "ID Number": "5014778"
  },
  {
    "ID Number": "5849691"
  },
  {
    "ID Number": "5827000"
  },
  {
    "ID Number": "5822726"
  },
  {
    "ID Number": "5866936"
  },
  {
    "ID Number": "5812283"
  },
  {
    "ID Number": "5808804"
  },
  {
    "ID Number": "5847796"
  },
  {
    "ID Number": "5820561"
  },
  {
    "ID Number": "5838959"
  },
  {
    "ID Number": "5840325"
  },
  {
    "ID Number": "5808138"
  },
  {
    "ID Number": "5822696"
  },
  {
    "ID Number": "5867762"
  },
  {
    "ID Number": "5831466"
  },
  {
    "ID Number": "5824591"
  },
  {
    "ID Number": "5824605"
  },
  {
    "ID Number": "5813247"
  },
  {
    "ID Number": "5822351"
  },
  {
    "ID Number": "5828988"
  },
  {
    "ID Number": "33341931"
  },
  {
    "ID Number": "5847273"
  },
  {
    "ID Number": "5826179"
  },
  {
    "ID Number": "5803500"
  },
  {
    "ID Number": "5835089"
  },
  {
    "ID Number": "5815053"
  },
  {
    "ID Number": "5820839"
  },
  {
    "ID Number": "5862841"
  },
  {
    "ID Number": "5806445"
  },
  {
    "ID Number": "5861268"
  },
  {
    "ID Number": "5828678"
  },
  {
    "ID Number": "5834724"
  },
  {
    "ID Number": "5811520"
  },
  {
    "ID Number": "35068601"
  },
  {
    "ID Number": "5845475"
  },
  {
    "ID Number": "5828830"
  },
  {
    "ID Number": "5811910"
  },
  {
    "ID Number": "5834627"
  },
  {
    "ID Number": "5835453"
  },
  {
    "ID Number": "5838320"
  },
  {
    "ID Number": "5867231"
  },
  {
    "ID Number": "5817676"
  },
  {
    "ID Number": "5876958"
  },
  {
    "ID Number": "5849454"
  },
  {
    "ID Number": "5876060"
  },
  {
    "ID Number": "5801770"
  },
  {
    "ID Number": "5863708"
  },
  {
    "ID Number": "5831164"
  },
  {
    "ID Number": "5811929"
  },
  {
    "ID Number": "5833418"
  },
  {
    "ID Number": "5819466"
  },
  {
    "ID Number": "5821223"
  },
  {
    "ID Number": "5818320"
  },
  {
    "ID Number": "5823404"
  },
  {
    "ID Number": "5837120"
  },
  {
    "ID Number": "5804132"
  },
  {
    "ID Number": "5852536"
  },
  {
    "ID Number": "5836425"
  },
  {
    "ID Number": "5834660"
  },
  {
    "ID Number": "5849128"
  },
  {
    "ID Number": "5830745"
  },
  {
    "ID Number": "5839947"
  },
  {
    "ID Number": "5807115"
  },
  {
    "ID Number": "5861411"
  },
  {
    "ID Number": "5868980"
  },
  {
    "ID Number": "5852200"
  },
  {
    "ID Number": "5804655"
  },
  {
    "ID Number": "5818559"
  },
  {
    "ID Number": "5801885"
  },
  {
    "ID Number": "5814979"
  },
  {
    "ID Number": "5850339"
  },
  {
    "ID Number": "5843570"
  },
  {
    "ID Number": "6008291"
  },
  {
    "ID Number": "8662193"
  },
  {
    "ID Number": "5837537"
  },
  {
    "ID Number": "5819490"
  },
  {
    "ID Number": "5817501"
  },
  {
    "ID Number": "25996045"
  },
  {
    "ID Number": "5849020"
  },
  {
    "ID Number": "5854881"
  },
  {
    "ID Number": "5848156"
  },
  {
    "ID Number": "5825296"
  },
  {
    "ID Number": "5832020"
  },
  {
    "ID Number": "5837405"
  },
  {
    "ID Number": "5828139"
  },
  {
    "ID Number": "5806046"
  },
  {
    "ID Number": "5818389"
  },
  {
    "ID Number": "5852684"
  },
  {
    "ID Number": "5828813"
  },
  {
    "ID Number": "5845289"
  },
  {
    "ID Number": "5840864"
  },
  {
    "ID Number": "5807794"
  },
  {
    "ID Number": "5825156"
  },
  {
    "ID Number": "5824842"
  },
  {
    "ID Number": "5848237"
  },
  {
    "ID Number": "5840473"
  },
  {
    "ID Number": "5803985"
  },
  {
    "ID Number": "5849500"
  },
  {
    "ID Number": "129057499"
  },
  {
    "ID Number": "5807808"
  },
  {
    "ID Number": "5808880"
  },
  {
    "ID Number": "5850134"
  },
  {
    "ID Number": "5845769"
  },
  {
    "ID Number": "5828635"
  },
  {
    "ID Number": "5805678"
  },
  {
    "ID Number": "5874696"
  },
  {
    "ID Number": "5806496"
  },
  {
    "ID Number": "5837839"
  },
  {
    "ID Number": "5800609"
  },
  {
    "ID Number": "5805333"
  },
  {
    "ID Number": "5812593"
  },
  {
    "ID Number": "5838789"
  },
  {
    "ID Number": "5813697"
  },
  {
    "ID Number": "5804663"
  },
  {
    "ID Number": "5819520"
  },
  {
    "ID Number": "129105424"
  },
  {
    "ID Number": "5832829"
  },
  {
    "ID Number": "5826918"
  },
  {
    "ID Number": "5877555"
  },
  {
    "ID Number": "5838231"
  },
  {
    "ID Number": "5816840"
  },
  {
    "ID Number": "5813522"
  },
  {
    "ID Number": "5859476"
  },
  {
    "ID Number": "5869366"
  },
  {
    "ID Number": "5805295"
  },
  {
    "ID Number": "5832640"
  },
  {
    "ID Number": "5856191"
  },
  {
    "ID Number": "5801974"
  },
  {
    "ID Number": "5836522"
  },
  {
    "ID Number": "5823382"
  },
  {
    "ID Number": "5816947"
  },
  {
    "ID Number": "5818249"
  },
  {
    "ID Number": "5847508"
  },
  {
    "ID Number": "5837413"
  },
  {
    "ID Number": "5820847"
  },
  {
    "ID Number": "5813123"
  },
  {
    "ID Number": "5816688"
  },
  {
    "ID Number": "5835445"
  },
  {
    "ID Number": "5820855"
  },
  {
    "ID Number": "5817684"
  },
  {
    "ID Number": "5834252"
  },
  {
    "ID Number": "5817331"
  },
  {
    "ID Number": "5820570"
  },
  {
    "ID Number": "5835585"
  },
  {
    "ID Number": "5825792"
  },
  {
    "ID Number": "33465045"
  },
  {
    "ID Number": "5824990"
  },
  {
    "ID Number": "5854911"
  },
  {
    "ID Number": "5839041"
  },
  {
    "ID Number": "5800439"
  },
  {
    "ID Number": "5800927"
  },
  {
    "ID Number": "5804388"
  },
  {
    "ID Number": "5828619"
  },
  {
    "ID Number": "5828643"
  },
  {
    "ID Number": "5808952"
  },
  {
    "ID Number": "5826624"
  },
  {
    "ID Number": "5854520"
  },
  {
    "ID Number": "5835518"
  },
  {
    "ID Number": "5809576"
  },
  {
    "ID Number": "5836654"
  },
  {
    "ID Number": "5822637"
  },
  {
    "ID Number": "5800056"
  },
  {
    "ID Number": "5847486"
  },
  {
    "ID Number": "5836620"
  },
  {
    "ID Number": "5816262"
  },
  {
    "ID Number": "5804701"
  },
  {
    "ID Number": "5832420"
  },
  {
    "ID Number": "5834384"
  },
  {
    "ID Number": "5835526"
  },
  {
    "ID Number": "5833396"
  },
  {
    "ID Number": "5839327"
  },
  {
    "ID Number": "5828864"
  },
  {
    "ID Number": "5220149"
  },
  {
    "ID Number": "5836506"
  },
  {
    "ID Number": "5806070"
  },
  {
    "ID Number": "5804418"
  },
  {
    "ID Number": "5806453"
  },
  {
    "ID Number": "5866618"
  },
  {
    "ID Number": "5838940"
  },
  {
    "ID Number": "5829011"
  },
  {
    "ID Number": "5829020"
  },
  {
    "ID Number": "5848768"
  },
  {
    "ID Number": "5837111"
  },
  {
    "ID Number": "5836603"
  },
  {
    "ID Number": "5831369"
  },
  {
    "ID Number": "5847982"
  },
  {
    "ID Number": "5833779"
  },
  {
    "ID Number": "5803055"
  },
  {
    "ID Number": "1208624"
  },
  {
    "ID Number": "5836743"
  },
  {
    "ID Number": "5825890"
  },
  {
    "ID Number": "33369780"
  },
  {
    "ID Number": "5833655"
  },
  {
    "ID Number": "5200393"
  },
  {
    "ID Number": "5829445"
  },
  {
    "ID Number": "5828970"
  },
  {
    "ID Number": "5851084"
  },
  {
    "ID Number": "5851092"
  },
  {
    "ID Number": "5839467"
  },
  {
    "ID Number": "5812453"
  },
  {
    "ID Number": "6006566"
  },
  {
    "ID Number": "5831555"
  },
  {
    "ID Number": "5806518"
  },
  {
    "ID Number": "5834856"
  },
  {
    "ID Number": "5836131"
  },
  {
    "ID Number": "5839068"
  },
  {
    "ID Number": "5844550"
  },
  {
    "ID Number": "5859506"
  },
  {
    "ID Number": "5834414"
  },
  {
    "ID Number": "5802040"
  },
  {
    "ID Number": "5801214"
  },
  {
    "ID Number": "5827043"
  },
  {
    "ID Number": "5819571"
  },
  {
    "ID Number": "5871000"
  },
  {
    "ID Number": "5804019"
  },
  {
    "ID Number": "5836352"
  },
  {
    "ID Number": "5819580"
  },
  {
    "ID Number": "5803071"
  },
  {
    "ID Number": "5836441"
  },
  {
    "ID Number": "5820456"
  },
  {
    "ID Number": "5831571"
  },
  {
    "ID Number": "5813131"
  },
  {
    "ID Number": "5800030"
  },
  {
    "ID Number": "5800234"
  },
  {
    "ID Number": "5831296"
  },
  {
    "ID Number": "5802369"
  },
  {
    "ID Number": "5806500"
  },
  {
    "ID Number": "5834694"
  },
  {
    "ID Number": "6000908"
  },
  {
    "ID Number": "5827701"
  },
  {
    "ID Number": "5825415"
  },
  {
    "ID Number": "5821975"
  },
  {
    "ID Number": "5806100"
  },
  {
    "ID Number": "5804906"
  },
  {
    "ID Number": "5833728"
  },
  {
    "ID Number": "6015620"
  },
  {
    "ID Number": "5833540"
  },
  {
    "ID Number": "5817153"
  },
  {
    "ID Number": "5806119"
  },
  {
    "ID Number": "5872740"
  },
  {
    "ID Number": "72900482"
  },
  {
    "ID Number": "5826144"
  },
  {
    "ID Number": "5835100"
  },
  {
    "ID Number": "5878250"
  },
  {
    "ID Number": "5827892"
  },
  {
    "ID Number": "5855411"
  },
  {
    "ID Number": "5827612"
  },
  {
    "ID Number": "5835780"
  },
  {
    "ID Number": "5837545"
  },
  {
    "ID Number": "5856183"
  },
  {
    "ID Number": "5836832"
  },
  {
    "ID Number": "5849411"
  },
  {
    "ID Number": "33339554"
  },
  {
    "ID Number": "5837529"
  },
  {
    "ID Number": "5834163"
  },
  {
    "ID Number": "5841291"
  },
  {
    "ID Number": "5826934"
  },
  {
    "ID Number": "5808243"
  },
  {
    "ID Number": "5845408"
  },
  {
    "ID Number": "5816971"
  },
  {
    "ID Number": "5823293"
  },
  {
    "ID Number": "5850150"
  },
  {
    "ID Number": "5831407"
  },
  {
    "ID Number": "5848776"
  },
  {
    "ID Number": "5806984"
  },
  {
    "ID Number": "5836069"
  },
  {
    "ID Number": "5836077"
  },
  {
    "ID Number": "5823536"
  },
  {
    "ID Number": "5811546"
  },
  {
    "ID Number": "5851300"
  },
  {
    "ID Number": "5710529"
  },
  {
    "ID Number": "5868203"
  },
  {
    "ID Number": "5811554"
  },
  {
    "ID Number": "5877873"
  },
  {
    "ID Number": "5840333"
  },
  {
    "ID Number": "5825806"
  },
  {
    "ID Number": "5802377"
  },
  {
    "ID Number": "5822629"
  },
  {
    "ID Number": "5813042"
  },
  {
    "ID Number": "5833639"
  },
  {
    "ID Number": "5832179"
  },
  {
    "ID Number": "5828686"
  },
  {
    "ID Number": "5861420"
  },
  {
    "ID Number": "5801877"
  },
  {
    "ID Number": "5844959"
  },
  {
    "ID Number": "5835763"
  },
  {
    "ID Number": "5834287"
  },
  {
    "ID Number": "5857651"
  },
  {
    "ID Number": "5832632"
  },
  {
    "ID Number": "5837898"
  },
  {
    "ID Number": "5832810"
  },
  {
    "ID Number": "5849136"
  },
  {
    "ID Number": "5837170"
  },
  {
    "ID Number": "5826241"
  }
]