[
  {
    "ID Number": "19900791",
    "Name": "Abdoulaye Niasse",
    "Fed": "SEN",
    "Sex": "M",
    "Title": "",
    "WTit": "",
    "OTit": "",
    "Rating": "1592",
    "Gms": "0",
    "K": "40",
    "RatingMonth": "SEP25",
    "B-day": "2004",
    "Flag": "i"
  },
  {
    "ID Number": "19900023",
    "Name": "Aw, Ousmane",
    "Fed": "SEN",
    "Sex": "M",
    "Title": "",
    "WTit": "",
    "OTit": "",
    "Rating": "1866",
    "Gms": "0",
    "K": "20",
    "RatingMonth": "SEP25",
    "B-day": "1956",
    "Flag": "i"
  },
  {
    "ID Number": "19900074",
    "Name": "Badji, Sekou Aransbene",
    "Fed": "SEN",
    "Sex": "M",
    "Title": "",
    "WTit": "",
    "OTit": "",
    "Rating": "1771",
    "Gms": "0",
    "K": "20",
    "RatingMonth": "SEP25",
    "B-day": "1979",
    "Flag": ""
  },
  {
    "ID Number": "19900414",
    "Name": "Bobrova, Lubov",
    "Fed": "SEN",
    "Sex": "F",
    "Title": "",
    "WTit": "",
    "OTit": "",
    "Rating": "1584",
    "Gms": "0",
    "K": "40",
    "RatingMonth": "SEP25",
    "B-day": "1955",
    "Flag": "wi"
  },
  {
    "ID Number": "681407",
    "Name": "Bodin-Hullin, Thomas",
    "Fed": "SEN",
    "Sex": "M",
    "Title": "",
    "WTit": "NI",
    "OTit": "",
    "Rating": "1854",
    "Gms": "0",
    "K": "20",
    "RatingMonth": "SEP25",
    "B-day": "1991",
    "Flag": ""
  },
  {
    "ID Number": "19900228",
    "Name": "Cisse, Amadou Lamine",
    "Fed": "SEN",
    "Sex": "M",
    "Title": "",
    "WTit": "NA",
    "OTit": "",
    "Rating": "1872",
    "Gms": "0",
    "K": "40",
    "RatingMonth": "SEP25",
    "B-day": "1972",
    "Flag": ""
  },
  {
    "ID Number": "19900430",
    "Name": "Deme, Cheikh Sidy Mohamed",
    "Fed": "SEN",
    "Sex": "M",
    "Title": "",
    "WTit": "NA",
    "OTit": "",
    "Rating": "1923",
    "Gms": "0",
    "K": "20",
    "RatingMonth": "SEP25",
    "B-day": "1997",
    "Flag": ""
  },
  {
    "ID Number": "19900295",
    "Name": "Diankha, Bara",
    "Fed": "SEN",
    "Sex": "M",
    "Title": "",
    "WTit": "NA",
    "OTit": "",
    "Rating": "1681",
    "Gms": "0",
    "K": "40",
    "RatingMonth": "SEP25",
    "B-day": "1990",
    "Flag": "i"
  },
  {
    "ID Number": "19900422",
    "Name": "Diarra, Rassoul",
    "Fed": "SEN",
    "Sex": "M",
    "Title": "",
    "WTit": "",
    "OTit": "",
    "Rating": "1821",
    "Gms": "0",
    "K": "40",
    "RatingMonth": "SEP25",
    "B-day": "2002",
    "Flag": "i"
  },
  {
    "ID Number": "19900805",
    "Name": "Dieng, Moustapha",
    "Fed": "SEN",
    "Sex": "M",
    "Title": "",
    "WTit": "",
    "OTit": "",
    "Rating": "1706",
    "Gms": "0",
    "K": "40",
    "RatingMonth": "SEP25",
    "B-day": "1996",
    "Flag": ""
  },
  {
    "ID Number": "19900031",
    "Name": "Diop, Wara",
    "Fed": "SEN",
    "Sex": "M",
    "Title": "",
    "WTit": "",
    "OTit": "",
    "Rating": "1752",
    "Gms": "0",
    "K": "20",
    "RatingMonth": "SEP25",
    "B-day": "1969",
    "Flag": ""
  },
  {
    "ID Number": "19900040",
    "Name": "Diop, Yaya",
    "Fed": "SEN",
    "Sex": "M",
    "Title": "",
    "WTit": "",
    "OTit": "",
    "Rating": "1825",
    "Gms": "0",
    "K": "40",
    "RatingMonth": "SEP25",
    "B-day": "1948",
    "Flag": "i"
  },
  {
    "ID Number": "19900597",
    "Name": "Diouf, Jules Ko",
    "Fed": "SEN",
    "Sex": "M",
    "Title": "",
    "WTit": "",
    "OTit": "",
    "Rating": "1783",
    "Gms": "0",
    "K": "40",
    "RatingMonth": "SEP25",
    "B-day": "1998",
    "Flag": ""
  },
  {
    "ID Number": "19900465",
    "Name": "Dioum, Mouhamadou Falilou",
    "Fed": "SEN",
    "Sex": "M",
    "Title": "",
    "WTit": "",
    "OTit": "",
    "Rating": "1777",
    "Gms": "0",
    "K": "40",
    "RatingMonth": "SEP25",
    "B-day": "1989",
    "Flag": ""
  },
  {
    "ID Number": "19900511",
    "Name": "El, Hadji Saidou Nourou BA",
    "Fed": "SEN",
    "Sex": "M",
    "Title": "",
    "WTit": "",
    "OTit": "",
    "Rating": "1993",
    "Gms": "0",
    "K": "20",
    "RatingMonth": "SEP25",
    "B-day": "1994",
    "Flag": ""
  },
  {
    "ID Number": "19900503",
    "Name": "Fall, Mouhamadou Mourtada",
    "Fed": "SEN",
    "Sex": "M",
    "Title": "",
    "WTit": "",
    "OTit": "",
    "Rating": "1854",
    "Gms": "0",
    "K": "40",
    "RatingMonth": "SEP25",
    "B-day": "1996",
    "Flag": "i"
  },
  {
    "ID Number": "19901550",
    "Name": "Gueye Mouhamet",
    "Fed": "SEN",
    "Sex": "M",
    "Title": "",
    "WTit": "",
    "OTit": "",
    "Rating": "1693",
    "Gms": "0",
    "K": "40",
    "RatingMonth": "SEP25",
    "B-day": "2003",
    "Flag": ""
  },
  {
    "ID Number": "19900058",
    "Name": "Gueye, Elhadji Gorgui",
    "Fed": "SEN",
    "Sex": "M",
    "Title": "",
    "WTit": "",
    "OTit": "",
    "Rating": "1969",
    "Gms": "0",
    "K": "20",
    "RatingMonth": "SEP25",
    "B-day": "1966",
    "Flag": "i"
  },
  {
    "ID Number": "2200260",
    "Name": "Izeta Txabarri, Felix",
    "Fed": "SEN",
    "Sex": "M",
    "Title": "GM",
    "WTit": "",
    "OTit": "",
    "Rating": "2452",
    "Gms": "0",
    "K": "10",
    "RatingMonth": "SEP25",
    "B-day": "1961",
    "Flag": "i"
  },
  {
    "ID Number": "19900163",
    "Name": "Kaundum A. Robert Diatta",
    "Fed": "SEN",
    "Sex": "M",
    "Title": "",
    "WTit": "",
    "OTit": "",
    "Rating": "1741",
    "Gms": "0",
    "K": "20",
    "RatingMonth": "SEP25",
    "B-day": "1974",
    "Flag": "i"
  },
  {
    "ID Number": "19901003",
    "Name": "Kone Sidy",
    "Fed": "SEN",
    "Sex": "M",
    "Title": "",
    "WTit": "",
    "OTit": "",
    "Rating": "1845",
    "Gms": "0",
    "K": "40",
    "RatingMonth": "SEP25",
    "B-day": "1995",
    "Flag": "i"
  },
  {
    "ID Number": "614831",
    "Name": "Lesbros, Bernard",
    "Fed": "SEN",
    "Sex": "M",
    "Title": "CM",
    "WTit": "FI",
    "OTit": "",
    "Rating": "1876",
    "Gms": "0",
    "K": "20",
    "RatingMonth": "SEP25",
    "B-day": "1948",
    "Flag": ""
  },
  {
    "ID Number": "19900090",
    "Name": "Leye, Mamadou Mbaye",
    "Fed": "SEN",
    "Sex": "M",
    "Title": "",
    "WTit": "",
    "OTit": "",
    "Rating": "1689",
    "Gms": "0",
    "K": "40",
    "RatingMonth": "SEP25",
    "B-day": "1962",
    "Flag": ""
  },
  {
    "ID Number": "19900929",
    "Name": "Ly, Abdoulaye Aziz",
    "Fed": "SEN",
    "Sex": "M",
    "Title": "",
    "WTit": "",
    "OTit": "",
    "Rating": "1801",
    "Gms": "0",
    "K": "40",
    "RatingMonth": "SEP25",
    "B-day": "1997",
    "Flag": ""
  },
  {
    "ID Number": "19900066",
    "Name": "Mansour, Gbedo Sy",
    "Fed": "SEN",
    "Sex": "M",
    "Title": "",
    "WTit": "",
    "OTit": "",
    "Rating": "2095",
    "Gms": "0",
    "K": "40",
    "RatingMonth": "SEP25",
    "B-day": "0",
    "Flag": "i"
  },
  {
    "ID Number": "19900490",
    "Name": "Marochkina, Nadezhda Valerevna",
    "Fed": "SEN",
    "Sex": "F",
    "Title": "CM",
    "WTit": "NI",
    "OTit": "",
    "Rating": "1807",
    "Gms": "0",
    "K": "20",
    "RatingMonth": "SEP25",
    "B-day": "1990",
    "Flag": "w"
  },
  {
    "ID Number": "5513154",
    "Name": "Mlik Omar",
    "Fed": "SEN",
    "Sex": "M",
    "Title": "",
    "WTit": "",
    "OTit": "",
    "Rating": "1484",
    "Gms": "0",
    "K": "40",
    "RatingMonth": "SEP25",
    "B-day": "2011",
    "Flag": ""
  },
  {
    "ID Number": "19900724",
    "Name": "Mouhamadou Lamine Gueye",
    "Fed": "SEN",
    "Sex": "M",
    "Title": "",
    "WTit": "",
    "OTit": "",
    "Rating": "1830",
    "Gms": "0",
    "K": "40",
    "RatingMonth": "SEP25",
    "B-day": "2000",
    "Flag": "i"
  },
  {
    "ID Number": "19900813",
    "Name": "Mouhamadou Lamine Toure",
    "Fed": "SEN",
    "Sex": "M",
    "Title": "",
    "WTit": "",
    "OTit": "",
    "Rating": "1635",
    "Gms": "0",
    "K": "40",
    "RatingMonth": "SEP25",
    "B-day": "1994",
    "Flag": ""
  },
  {
    "ID Number": "19900821",
    "Name": "Niang, Khady",
    "Fed": "SEN",
    "Sex": "F",
    "Title": "",
    "WTit": "DI",
    "OTit": "",
    "Rating": "1510",
    "Gms": "0",
    "K": "40",
    "RatingMonth": "SEP25",
    "B-day": "1993",
    "Flag": "w"
  },
  {
    "ID Number": "19900120",
    "Name": "Sakho, Daouda",
    "Fed": "SEN",
    "Sex": "M",
    "Title": "",
    "WTit": "",
    "OTit": "",
    "Rating": "1685",
    "Gms": "0",
    "K": "40",
    "RatingMonth": "SEP25",
    "B-day": "1960",
    "Flag": ""
  },
  {
    "ID Number": "19900953",
    "Name": "Sarkar, Aidan Krishna Benoit",
    "Fed": "SEN",
    "Sex": "M",
    "Title": "",
    "WTit": "",
    "OTit": "",
    "Rating": "1761",
    "Gms": "0",
    "K": "40",
    "RatingMonth": "SEP25",
    "B-day": "2010",
    "Flag": ""
  },
  {
    "ID Number": "19900350",
    "Name": "Sy Mame, Binta",
    "Fed": "SEN",
    "Sex": "F",
    "Title": "",
    "WTit": "",
    "OTit": "",
    "Rating": "1534",
    "Gms": "0",
    "K": "40",
    "RatingMonth": "SEP25",
    "B-day": "1996",
    "Flag": "wi"
  },
  {
    "ID Number": "19900333",
    "Name": "Sy, Mariama",
    "Fed": "SEN",
    "Sex": "F",
    "Title": "",
    "WTit": "",
    "OTit": "",
    "Rating": "1508",
    "Gms": "0",
    "K": "40",
    "RatingMonth": "SEP25",
    "B-day": "1990",
    "Flag": "wi"
  },
  {
    "ID Number": "19900082",
    "Name": "Wane, Al Hassane",
    "Fed": "SEN",
    "Sex": "M",
    "Title": "CM",
    "WTit": "NA",
    "OTit": "",
    "Rating": "1839",
    "Gms": "0",
    "K": "20",
    "RatingMonth": "SEP25",
    "B-day": "1971",
    "Flag": ""
  }
]