[
  {
    "ID Number": "19900791"
  },
  {
    "ID Number": "19900023"
  },
  {
    "ID Number": "19900074"
  },
  {
    "ID Number": "19900414"
  },
  {
    "ID Number": "681407"
  },
  {
    "ID Number": "19900228"
  },
  {
    "ID Number": "19900430"
  },
  {
    "ID Number": "19900295"
  },
  {
    "ID Number": "19900422"
  },
  {
    "ID Number": "19900805"
  },
  {
    "ID Number": "19900031"
  },
  {
    "ID Number": "19900040"
  },
  {
    "ID Number": "19900597"
  },
  {
    "ID Number": "19900465"
  },
  {
    "ID Number": "19900511"
  },
  {
    "ID Number": "19900503"
  },
  {
    "ID Number": "19901550"
  },
  {
    "ID Number": "19900058"
  },
  {
    "ID Number": "2200260"
  },
  {
    "ID Number": "19900163"
  },
  {
    "ID Number": "19901003"
  },
  {
    "ID Number": "614831"
  },
  {
    "ID Number": "19900090"
  },
  {
    "ID Number": "19900929"
  },
  {
    "ID Number": "19900066"
  },
  {
    "ID Number": "19900490"
  },
  {
    "ID Number": "5513154"
  },
  {
    "ID Number": "19900724"
  },
  {
    "ID Number": "19900813"
  },
  {
    "ID Number": "19900821"
  },
  {
    "ID Number": "19900120"
  },
  {
    "ID Number": "19900953"
  },
  {
    "ID Number": "19900350"
  },
  {
    "ID Number": "19900333"
  },
  {
    "ID Number": "19900082"
  }
]