ID Number,Name,Fed,Sex,Title,WTit,OTit,Rating,Gms,K,RatingMonth,B-day,Flag
6705863,"Abarca, Camila Rene",ESA,F,WCM,WCM,NA,1773,0,20,AUG25,2003,wi
6700250,"Acosta, Vladimiro",ESA,M,,,,1701,0,20,AUG25,1941,i
6707106,Agreda Camilo alejandro,ESA,M,,,,1828,0,40,AUG25,2007,
6701620,"Alas, Guillermo",ESA,M,,,,1792,0,20,AUG25,0,i
6701949,"Alas, Rigoberto",ESA,M,,,,1909,0,20,AUG25,0,i
6709656,Alessandro Giuseppe Benavides Revelo,ESA,M,,,,1409,0,40,AUG25,2010,
6700411,"Ancheta, Jorge",ESA,M,,,,2058,0,20,AUG25,1986,i
6703160,"Angel, Benjamin",ESA,M,,,,1617,0,20,AUG25,0,i
6705030,"Angel, Fabricio",ESA,M,,,,1779,0,20,AUG25,0,i
6707017,Araujo Jose Eduardo,ESA,M,,,,1813,0,20,AUG25,1992,i
6708838,"Argueta Franco, Jose Daniel",ESA,M,,,,1716,0,20,AUG25,1999,i
6700845,"Argueta, Carlos",ESA,M,,,,2002,0,20,AUG25,1991,i
6700640,"Arias, Daniel",ESA,M,FM,,,2168,0,20,AUG25,1997,
6700284,"Arias, Lemnys A.",ESA,M,IM,,,2376,0,10,AUG25,1978,
6705669,"Arriaza, Allison Charlize",ESA,F,,,,1575,0,40,AUG25,2007,w
6700667,"Avelar, Gabriela",ESA,F,WFM,WFM,,1928,0,20,AUG25,1989,wi
6700853,"Avila, Ricardo",ESA,M,,,,1836,0,20,AUG25,1983,i
6707734,Aviles Rafael,ESA,M,,,,1528,0,40,AUG25,2008,
6705570,"Baldelomar, Carlos Marcelo",ESA,M,,,,1753,0,20,AUG25,1985,i
6705740,"Barahona, Dalila Yamileth",ESA,F,WCM,WCM,,1816,0,20,AUG25,2005,wi
6703186,"Barrientos, Freddy",ESA,M,,,,1930,0,20,AUG25,0,i
6703798,"Barrientos, Fredy",ESA,M,,,,1924,0,20,AUG25,0,i
6710247,"Benner, Teresa Ann",ESA,F,,,,1491,0,40,AUG25,2012,w
6700292,"Blanco, David E.",ESA,M,,,,1982,0,20,AUG25,1981,i
6700837,"Blandon, Jaime",ESA,M,,,,1941,0,20,AUG25,1987,i
6701647,"Brizuela, Ruben",ESA,M,,,,1797,0,20,AUG25,1943,i
6700187,"Burgos Figueroa, Carlos E.",ESA,M,IM,,,2325,0,20,AUG25,1979,
6708200,"Burgos, Bryan Daniel",ESA,M,,,,1709,0,40,AUG25,2007,i
344104991,"Cabezas, Diego",ESA,M,,,,ACM,1646,0,AUG25,1998,i
6709796,"Calles, Johan",ESA,M,,,,1474,0,40,AUG25,2011,
6707351,Campos Ely,ESA,M,,,,1718,0,20,AUG25,1994,i
6702074,"Cardoza, Salvador",ESA,M,,,,1710,0,20,AUG25,0,i
6704107,"Castillo, Carlos Emilio",ESA,M,,,,1671,0,20,AUG25,0,i
6702198,"Castillo, Eduardo",ESA,M,,,,1741,0,20,AUG25,0,i
6701655,"Castro Cano, Elisa",ESA,F,,,,1596,0,20,AUG25,1989,wi
6710794,"Chavez Hernandes, Gerson Ulises",ESA,M,,,,1615,0,20,AUG25,1997,i
6700870,"Chavez, Hector Antonio",ESA,M,,,,ACM,1890,0,AUG25,1956,i
6700160,"Chavez, Hector Eduardo",ESA,M,CM,,,2141,0,20,AUG25,1980,i
6700098,"Chavez, Ricardo Ernesto",ESA,M,FM,,,2147,0,20,AUG25,1982,
6709516,"Cisneros Gamez, Carlos Alexis",ESA,M,,,,1870,0,20,AUG25,2000,i
6708056,"Colorado, Danilo",ESA,M,,,,1454,0,20,AUG25,1962,i
6710760,"Cordova Montano, Jose Elias",ESA,M,,,,1761,0,20,AUG25,2003,i
6700977,"Coreas, Guillermo",ESA,M,,,,1979,0,20,AUG25,1988,i
6710158,"Cruz Galvez, America Julissa",ESA,F,,,,1672,0,40,AUG25,2008,w
6703259,"De Leon, Gabriel",ESA,M,,,,1869,0,20,AUG25,0,i
6703127,"De Leon, Stephanie",ESA,F,WCM,WCM,,1827,0,20,AUG25,2000,wi
6706185,"Deras, Rafael",ESA,M,,,,1913,0,20,AUG25,1999,i
6700683,"Duarte, Juan",ESA,M,,,,AIM,1993,0,AUG25,1979,i
6707530,Dubon Mario Andre,ESA,M,,,,1633,0,20,AUG25,2006,i
6708854,Fang Juan,ESA,M,,,,1700,0,40,AUG25,2010,
6707009,Fernandez Denis,ESA,M,,,,1741,0,20,AUG25,2001,
6709745,"Figueroa, Americo",ESA,M,,,,1754,0,20,AUG25,1973,i
6710824,"Flores Portillo, Carlos Mario",ESA,M,,,,1451,0,40,AUG25,2011,i
6705227,"Flores, Carlos Mario",ESA,M,,,,1768,0,20,AUG25,0,i
6705464,"Galdamez, Milton",ESA,M,,,,1859,0,20,AUG25,0,i
6705073,"Galvez, Jose",ESA,M,,,,1963,0,20,AUG25,0,i
6703275,"Garay, Nelson",ESA,M,,,,1736,0,20,AUG25,0,i
6702945,"Garcia Mendez, Alcira Guadalupe",ESA,F,WCM,WCM,,1836,0,20,AUG25,1998,wi
6702503,"Garcia, Angie",ESA,F,WIM,WIM,,1883,0,20,AUG25,2002,w
6705588,"Garcia, Daniel Alejandro",ESA,M,,,,1720,0,20,AUG25,2002,i
6709141,"Garcia, Luis",ESA,M,,,,1837,0,20,AUG25,1962,i
6702309,"Giron, Jorge Ernesto",ESA,M,IM,,,2219,0,20,AUG25,1997,
6701817,"Godoy, Erick David",ESA,M,,,,1954,0,20,AUG25,1991,i
6711138,"Gonzalez Diaz, Diego Jose",ESA,M,,,,1429,0,40,AUG25,2011,
6704506,"Gonzalez, Jorge",ESA,M,,,,1790,0,20,AUG25,0,i
6710808,"Grande Villeda, Anderson Vladimir",ESA,M,,,,1567,0,40,AUG25,2008,i
6701108,"Grande, Jose",ESA,M,,,,1914,0,20,AUG25,1974,i
6710670,"Grande, Melissa Abigail",ESA,F,,,,1446,0,40,AUG25,2009,w
6703062,"Guardado Flores, Diana Beatriz",ESA,F,,NA,,1773,0,20,AUG25,1998,wi
6708889,"Guevara Ruiz, Marvin Andres",ESA,M,CM,,,1841,0,40,AUG25,2009,
6708870,"Guevara Ruiz, Santiago Jose",ESA,M,FM,,,1865,0,40,AUG25,2013,
6700136,"Guevara Sanchez, Erick Marvin",ESA,M,FM,,,1966,0,20,AUG25,1980,
6703321,"Guevara, Eduardo",ESA,M,,,,1698,0,20,AUG25,0,i
6703666,"Guzman, Francisco",ESA,M,,,,1836,0,20,AUG25,0,i
6709354,"Hernandez Portillo,Rodolfo",ESA,M,,,,1699,0,40,AUG25,2010,i
6706479,Hernandez Raul Alejandro,ESA,M,,,,1423,0,20,AUG25,2006,i
6706460,Hernandez Sofia,ESA,F,WCM,WCM,,1676,0,40,AUG25,2008,wi
6708951,"Hernandez Villalta, Guillermo",ESA,M,,,,1489,0,20,AUG25,1962,i
6700080,"Hernandez, Bera",ESA,F,WCM,WCM,,1911,0,20,AUG25,1992,wi
6701159,"Hernandez, Diego",ESA,M,FM,,,1935,0,20,AUG25,1998,i
6701175,"Hernandez, Jose M.",ESA,M,,,,1734,0,20,AUG25,1960,i
6701183,"Hernandez, Mauricio Daniel",ESA,M,CM,,,2007,0,20,AUG25,1996,i
6709397,"Hernandez, Ricardo",ESA,M,,,,1643,0,20,AUG25,2002,i
6709281,"Hernandez, Rocio Guadalupe",ESA,F,,,,1572,0,40,AUG25,2010,wi
6706916,Herrera Luis Alejandro,ESA,M,,,,1714,0,20,AUG25,2001,i
6704743,"Herrera, Marjorie",ESA,F,WCM,WCM,,1778,0,20,AUG25,2001,wi
6701191,"Huezo, Alvaro",ESA,M,,,,1866,0,20,AUG25,1982,i
6708471,"Ibarra Aguirre, Roberto",ESA,M,,,,1538,0,20,AUG25,1984,i
6707556,Ibarra Alex,ESA,M,,,,1757,0,40,AUG25,2007,
6707173,Ibarra Carlos Roberto,ESA,M,FM,,,2075,0,40,AUG25,2009,
6709826,"Ibarra, Katherine",ESA,F,,,,1654,0,40,AUG25,2014,w
6705685,"Jimenez Calles,Javier Ignacio",ESA,M,,,,1581,0,40,AUG25,2008,i
6709095,"Jimenez, Ricardo",ESA,M,,,,1785,0,20,AUG25,1982,i
6704522,"Landaverde, Isai",ESA,M,,,,1881,0,20,AUG25,1992,i
6700560,"Leiva, Marlon",ESA,M,,,,1929,0,20,AUG25,1987,i
6708498,"Lemus, Adonay",ESA,M,,,,1498,0,40,AUG25,2008,i
6700268,"Leyva, Hector",ESA,M,IM,NA,,2328,0,20,AUG25,1965,i
6700365,"Lievano Alvarado, Luis",ESA,M,CM,,,1999,0,20,AUG25,1981,i
6704760,"Lopez, Arnold",ESA,M,,,,1947,0,20,AUG25,0,i
6701248,"Manzur, Salvador",ESA,M,,,,1739,0,20,AUG25,1967,i
6709460,"Martell Arias, Saul Enrique",ESA,M,,,,1649,0,20,AUG25,2001,i
6700578,"Martell, Jose",ESA,M,,,,2001,0,20,AUG25,0,i
6703070,"Martinez Corpeno, Karla Beatriz",ESA,F,,,,1827,0,20,AUG25,1998,wi
6703372,"Martinez, Josue",ESA,M,,,,1721,0,20,AUG25,0,
6700691,"Martinez, Luis Gerardo",ESA,M,,,,1978,0,20,AUG25,1993,i
6700420,"Martinez, Nelson",ESA,M,FM,,,2130,0,20,AUG25,1985,i
6708986,"Martinez, Pablo",ESA,M,,,,1539,0,20,AUG25,2004,i
6703895,"Martinez, Rosemberg",ESA,M,,,,1884,0,20,AUG25,0,i
6710433,"Maya Morales, Daniel Alberto",ESA,M,,,,1504,0,40,AUG25,2007,i
6703402,"Medrano, Daniel",ESA,M,,,,1731,0,20,AUG25,2002,i
6703410,"Medrano, Roberto",ESA,M,,,,1884,0,20,AUG25,0,i
6701256,"Mejia, Guiseped",ESA,M,,,,2074,0,20,AUG25,1992,i
6701760,"Mejia, Guiseped",ESA,M,,,,1957,0,20,AUG25,1992,i
6703429,"Mejia, Jorge",ESA,M,,,,1857,0,20,AUG25,0,i
6701264,"Mejia, Lucio",ESA,M,,NA,,1961,0,20,AUG25,1993,i
6707742,Melara Alejandra,ESA,F,,,,1585,0,40,AUG25,2010,w
6703909,"Melara, Josue",ESA,M,CM,,,1721,0,20,AUG25,2005,i
6708560,"Melara, Karla Sofia",ESA,F,,,,1549,0,40,AUG25,2012,w
6703917,"Melara, Moises",ESA,M,FM,,,1949,0,20,AUG25,2001,i
6709508,"Melendez Cruz, Jose Roberto",ESA,M,,,,1825,0,40,AUG25,2007,
6706819,Melendez Jose Armando,ESA,M,,,,1681,0,20,AUG25,1998,i
6706800,Melendez Manuel A.,ESA,M,FM,,,1943,0,20,AUG25,2005,
6701710,"Melendez, Jose Edo.",ESA,M,,,,1794,0,20,AUG25,0,i
6705081,"Melendez, Jose Eduardo",ESA,M,,,,1822,0,20,AUG25,0,i
6706010,"Mendez Martinez, Armando",ESA,M,,,,1735,0,20,AUG25,1967,i
6705405,"Mendez, Alan Steven",ESA,M,,,,1925,0,20,AUG25,0,i
6700632,"Mendez, Marlon",ESA,M,,,,1979,0,20,AUG25,1989,i
6710182,"Mendoza, Emma Lily",ESA,F,,,,1508,0,40,AUG25,2009,w
6706312,"Menjivar, Luis",ESA,M,,,,1665,0,20,AUG25,1967,i
6707432,"Milla Espino, Alejandro",ESA,M,,,,AFM,1584,0,AUG25,2002,
6700446,"Mira, Felix",ESA,M,,,,1959,0,20,AUG25,1976,i
6703810,"Montano, Axel",ESA,M,,,,1583,0,20,AUG25,0,i
6701337,"Montenegro, Joaquin",ESA,M,,,,1790,0,20,AUG25,1947,i
6706754,Morales Carlos,ESA,M,FM,,,2026,0,20,AUG25,2001,
6710778,"Morales Salvador, Carlos Antonio",ESA,M,,,,1586,0,20,AUG25,2003,i
6703488,"Munoz, Randall",ESA,M,,,,1805,0,20,AUG25,0,i
6703496,"Murcia, Hector",ESA,M,,,,1760,0,20,AUG25,0,i
6703500,"Navarrete, Guillermo",ESA,M,,,,1891,0,20,AUG25,0,i
6710379,"Olivar Molina, Francisco David",ESA,M,,,,1510,0,40,AUG25,2010,
6702392,"Ortez, Andrea",ESA,F,WIM,WIM,,1892,0,20,AUG25,2001,w
6700764,"Pacheco, Julio",ESA,M,CM,,,1969,0,20,AUG25,1959,i
6709192,"Padilla, Ruben Arturo",ESA,M,,,,1629,0,20,AUG25,2005,i
6705090,"Palacios , Celina Maria",ESA,F,,,,1899,0,20,AUG25,0,wi
6703135,"Palacios, Celina",ESA,F,WFM,WFM,NA,1844,0,20,AUG25,1999,wi
6707840,Penate Cesar,ESA,M,,,,1605,0,20,AUG25,1963,i
6707505,Perez Francisco,ESA,M,,,,1744,0,20,AUG25,2002,i
6705197,"Perez Gavidia, Armando",ESA,M,,,,1633,0,20,AUG25,0,i
6707912,Perez Nayeli,ESA,F,,,,1448,0,20,AUG25,2001,w
6705715,"Perez Nolasco, Judith Estefani",ESA,F,WCM,WCM,,1684,0,40,AUG25,2008,wi
6705260,"Perez Salazar, Armando",ESA,M,CM,,,1891,0,20,AUG25,2005,i
6705120,"Perez Vargas, Armando",ESA,M,,,,1711,0,20,AUG25,1962,i
6709052,"Perez, Alexia",ESA,F,,,,1446,0,20,AUG25,2006,wi
6705324,"Perez, Damaris Nicole",ESA,F,CM,WFM,,1775,0,20,AUG25,2005,wi
6703690,"Pinto, Alejandro",ESA,M,,,,1790,0,20,AUG25,0,i
6707220,Quan Roberto,ESA,M,,,,1533,0,20,AUG25,1944,i
6704859,"Quijano, Juan Marcos",ESA,M,,,,1812,0,20,AUG25,0,i
6701434,"Ramirez, Jorge",ESA,M,FM,,,1971,0,20,AUG25,1987,i
6705421,"Ramos, Roque",ESA,M,,,,1815,0,20,AUG25,0,i
6702023,"Recinos, Jonathan",ESA,M,,,,1931,0,20,AUG25,0,i
6709486,Ricardo Enrique Morales Tejada,ESA,M,,,,1711,0,20,AUG25,1978,i
6702139,"Rios, Carlos",ESA,M,,,,1984,0,20,AUG25,0,i
6703534,"Rivas, Rigoberto",ESA,M,,,,1859,0,20,AUG25,0,i
6706070,Rivera Mario Alfredo,ESA,M,,,,1805,0,20,AUG25,1962,i
6707319,Rivera Omar,ESA,M,,,,1660,0,20,AUG25,1962,i
6703992,"Rodrigo, Romero",ESA,M,,,,1894,0,20,AUG25,0,i
6706380,"Rodriguez, Andres",ESA,M,,,,1687,0,20,AUG25,1998,i
6701892,"Rodriguez, Cristian A.",ESA,M,,,,1819,0,20,AUG25,1994,
6704360,"Rodriguez, Wilfredo",ESA,M,,,,1750,0,20,AUG25,0,i
6702430,"Romero, Armando Gaitan",ESA,M,,,,1758,0,20,AUG25,0,i
6703836,"Romero, Gustavo",ESA,M,,,,1807,0,20,AUG25,0,i
6704565,"Romero, Wilbert",ESA,M,,,,1888,0,20,AUG25,0,i
6703550,"Rosemberg, Carlos",ESA,M,,,,1886,0,20,AUG25,0,i
6704913,"Ruballo, Jose",ESA,M,,,,1846,0,20,AUG25,0,i
6708102,"Rugamas, Allison Daniela",ESA,F,,,,1591,0,40,AUG25,2009,w
6705391,"Ruiz Caceres, German",ESA,M,,,,1862,0,20,AUG25,1948,i
6709818,"Sanchez, Andres",ESA,M,,,,1454,0,40,AUG25,2011,
6701493,"Sanchez, David",ESA,M,,,,2005,0,20,AUG25,1997,i
6700217,"Sanchez, Ingrid",ESA,F,WFM,WFM,,2003,0,20,AUG25,1991,wi
6701507,"Sanchez, Jose",ESA,M,,,,2101,0,20,AUG25,1992,i
6700349,"Sandoval, Mario",ESA,M,,,,1891,0,20,AUG25,1950,i
6702970,"Santos Reyes, Rodrigo",ESA,M,,,,1781,0,20,AUG25,1976,
6703615,"Santos, Judith",ESA,F,WCM,WCM,,1831,0,20,AUG25,2001,wi
6704395,"Santos, Oliver",ESA,M,CM,,,1902,0,20,AUG25,2002,i
6703569,"Segura, Efrain",ESA,M,,,,1941,0,20,AUG25,0,i
6703143,"Silva, Gabriela",ESA,F,,,,1837,0,20,AUG25,0,wi
6706428,"Suarez, Oscar Rodrigo",ESA,M,,,,1488,0,20,AUG25,1996,i
6702465,"Sura, Kalvin",ESA,M,CM,,,1991,0,20,AUG25,1962,i
6700497,"Tobar, Jorge",ESA,M,,,,1894,0,20,AUG25,1963,i
6701531,"Torres, Vicente",ESA,M,,,,1829,0,20,AUG25,1953,i
6701582,"Umana, David",ESA,M,,,,1930,0,20,AUG25,1989,i
6709478,"Valdez Hernandez, Francisco Eliseo",ESA,M,,NA,,1686,0,20,AUG25,2005,i
6703780,"Valencia, Oscar",ESA,M,,,,1852,0,20,AUG25,0,i
6707254,Vasquez Oscar Ernesto,ESA,M,,,,1870,0,20,AUG25,1972,i
6707793,Vasquez Paola,ESA,F,,,,1532,0,20,AUG25,2004,wi
6705723,"Vasquez Vasquez, Marielos",ESA,F,WCM,WCM,,1972,0,40,AUG25,2007,w
6700438,"Vasquez, Marlon David",ESA,M,CM,FT,,1970,0,20,AUG25,1958,i
6710859,"Vasquez, Sergio",ESA,M,,,,1630,0,20,AUG25,1990,i
6706606,Velasquez Cesar Edgardo,ESA,M,,,,1642,0,20,AUG25,1965,i
6709362,"Velasquez, Jose Eduardo",ESA,M,,,,1797,0,20,AUG25,1962,i
6700110,"Velasquez, Oscar",ESA,M,,,,2022,0,20,AUG25,1955,i
6706592,Villalta Camilo,ESA,M,,,,1801,0,20,AUG25,2005,i
6706584,Villalta Diego,ESA,M,,,,1674,0,40,AUG25,2007,i
6709613,Zabdiel Neftaly Torres Perez,ESA,M,,,,1688,0,20,AUG25,2005,i
6703089,"Zavala Galindo, Alejandra Beatriz",ESA,F,WFM,WFM,NA,1923,0,20,AUG25,1997,wi
6710727,"Zelaya Rivas, Jonathan Neftali",ESA,M,,,,AFM,1756,0,AUG25,1997,i
6700233,"Zepeda, Lorena",ESA,F,WIM,WIM,,2080,0,20,AUG25,1984,wi
6700195,"Zepeda, Rafael",ESA,M,,,,1904,0,20,AUG25,1954,i
6700241,"Zepeda, Sonia",ESA,F,WIM,WIM,,2053,0,20,AUG25,1981,wi
6701590,"Zometa Guzman, Miguel Angel",ESA,M,,"FI,FA",,AGM,1939,0,AUG25,1987,i