[
  {
    "ID Number": "14800063"
  },
  {
    "ID Number": "14800047"
  },
  {
    "ID Number": "14806266"
  },
  {
    "ID Number": "14800438"
  },
  {
    "ID Number": "14800489"
  },
  {
    "ID Number": "14800250"
  },
  {
    "ID Number": "14800276"
  },
  {
    "ID Number": "14803607"
  },
  {
    "ID Number": "14807688"
  },
  {
    "ID Number": "14802228"
  },
  {
    "ID Number": "14802821"
  },
  {
    "ID Number": "14806339"
  },
  {
    "ID Number": "14800373"
  },
  {
    "ID Number": "14807629"
  },
  {
    "ID Number": "14802120"
  },
  {
    "ID Number": "14801221"
  },
  {
    "ID Number": "14802562"
  },
  {
    "ID Number": "14800730"
  },
  {
    "ID Number": "14801159"
  },
  {
    "ID Number": "14802023"
  },
  {
    "ID Number": "14801256"
  },
  {
    "ID Number": "14800209"
  },
  {
    "ID Number": "14801973"
  },
  {
    "ID Number": "14801906"
  },
  {
    "ID Number": "14807653"
  },
  {
    "ID Number": "14807726"
  },
  {
    "ID Number": "14801337"
  },
  {
    "ID Number": "14800098"
  },
  {
    "ID Number": "14805316"
  },
  {
    "ID Number": "14801345"
  },
  {
    "ID Number": "14800144"
  },
  {
    "ID Number": "14802902"
  }
]