[
  {
    "ID Number": "12000469",
    "Name": "Blum, Fabio",
    "Fed": "LIE",
    "Sex": "M",
    "Title": "",
    "WTit": "",
    "OTit": "",
    "FOA": "1415",
    "Rating": "AUG25",
    "Gms": "0",
    "K": "40",
    "B-day": "2009",
    "Flag": ""
  },
  {
    "ID Number": "4695330",
    "Name": "Ferster, Fabian",
    "Fed": "LIE",
    "Sex": "M",
    "Title": "",
    "WTit": "NA",
    "OTit": "",
    "FOA": "2088",
    "Rating": "AUG25",
    "Gms": "0",
    "K": "20",
    "B-day": "1986",
    "Flag": "i"
  },
  {
    "ID Number": "12000027",
    "Name": "Frick, Renato",
    "Fed": "LIE",
    "Sex": "M",
    "Title": "",
    "WTit": "FI",
    "OTit": "",
    "FOA": "2027",
    "Rating": "AUG25",
    "Gms": "0",
    "K": "20",
    "B-day": "1952",
    "Flag": "i"
  },
  {
    "ID Number": "12000078",
    "Name": "Guller, Andras",
    "Fed": "LIE",
    "Sex": "M",
    "Title": "CM",
    "WTit": "",
    "OTit": "",
    "FOA": "1973",
    "Rating": "AUG25",
    "Gms": "0",
    "K": "20",
    "B-day": "1948",
    "Flag": "i"
  },
  {
    "ID Number": "12000213",
    "Name": "Heron, Andrew",
    "Fed": "LIE",
    "Sex": "M",
    "Title": "CM",
    "WTit": "NA",
    "OTit": "",
    "FOA": "2013",
    "Rating": "AUG25",
    "Gms": "10",
    "K": "40",
    "B-day": "2007",
    "Flag": ""
  },
  {
    "ID Number": "12000221",
    "Name": "Heron, Steve",
    "Fed": "LIE",
    "Sex": "M",
    "Title": "",
    "WTit": "",
    "OTit": "",
    "FOA": "1676",
    "Rating": "AUG25",
    "Gms": "7",
    "K": "40",
    "B-day": "2009",
    "Flag": ""
  },
  {
    "ID Number": "200450",
    "Name": "Iclicki, Willy",
    "Fed": "LIE",
    "Sex": "M",
    "Title": "FM",
    "WTit": "",
    "OTit": "",
    "FOA": "1915",
    "Rating": "AUG25",
    "Gms": "0",
    "K": "20",
    "B-day": "1955",
    "Flag": "i"
  },
  {
    "ID Number": "14531216",
    "Name": "Jelic, Dejan",
    "Fed": "LIE",
    "Sex": "M",
    "Title": "CM",
    "WTit": "",
    "OTit": "",
    "FOA": "1952",
    "Rating": "AUG25",
    "Gms": "0",
    "K": "20",
    "B-day": "1974",
    "Flag": "i"
  },
  {
    "ID Number": "12000299",
    "Name": "Kaufmann, Tino",
    "Fed": "LIE",
    "Sex": "M",
    "Title": "",
    "WTit": "",
    "OTit": "",
    "FOA": "1647",
    "Rating": "AUG25",
    "Gms": "0",
    "K": "40",
    "B-day": "2007",
    "Flag": ""
  },
  {
    "ID Number": "4669533",
    "Name": "Krieger, Markus",
    "Fed": "LIE",
    "Sex": "M",
    "Title": "",
    "WTit": "",
    "OTit": "",
    "FOA": "2064",
    "Rating": "AUG25",
    "Gms": "0",
    "K": "20",
    "B-day": "1991",
    "Flag": ""
  },
  {
    "ID Number": "12000302",
    "Name": "Quaderer, Hansjoerg",
    "Fed": "LIE",
    "Sex": "M",
    "Title": "",
    "WTit": "",
    "OTit": "",
    "FOA": "1794",
    "Rating": "AUG25",
    "Gms": "0",
    "K": "20",
    "B-day": "1958",
    "Flag": "i"
  },
  {
    "ID Number": "12000230",
    "Name": "Raffaele, Luca",
    "Fed": "LIE",
    "Sex": "M",
    "Title": "",
    "WTit": "",
    "OTit": "",
    "FOA": "1530",
    "Rating": "AUG25",
    "Gms": "0",
    "K": "40",
    "B-day": "2009",
    "Flag": "i"
  },
  {
    "ID Number": "1343424",
    "Name": "Sele, Timea",
    "Fed": "LIE",
    "Sex": "F",
    "Title": "WCM",
    "WTit": "WCM",
    "OTit": "",
    "FOA": "1629",
    "Rating": "AUG25",
    "Gms": "0",
    "K": "20",
    "B-day": "2005",
    "Flag": "wi"
  }
]