[
  {
    "ID Number": "8409374"
  },
  {
    "ID Number": "8402361"
  },
  {
    "ID Number": "8407975"
  },
  {
    "ID Number": "8414319"
  },
  {
    "ID Number": "8414327"
  },
  {
    "ID Number": "8410607"
  },
  {
    "ID Number": "8411360"
  },
  {
    "ID Number": "8405441"
  },
  {
    "ID Number": "8410658"
  },
  {
    "ID Number": "8405077"
  },
  {
    "ID Number": "8407703"
  },
  {
    "ID Number": "8407924"
  },
  {
    "ID Number": "8409986"
  },
  {
    "ID Number": "8406499"
  },
  {
    "ID Number": "8414572"
  },
  {
    "ID Number": "8407460"
  },
  {
    "ID Number": "8407126"
  },
  {
    "ID Number": "8410291"
  },
  {
    "ID Number": "8410402"
  },
  {
    "ID Number": "8406464"
  },
  {
    "ID Number": "8400970"
  },
  {
    "ID Number": "8403511"
  },
  {
    "ID Number": "8409099"
  },
  {
    "ID Number": "8401985"
  },
  {
    "ID Number": "8401802"
  },
  {
    "ID Number": "8414858"
  },
  {
    "ID Number": "8414335"
  },
  {
    "ID Number": "8406073"
  },
  {
    "ID Number": "8402388"
  },
  {
    "ID Number": "8404844"
  },
  {
    "ID Number": "8410666"
  },
  {
    "ID Number": "8406510"
  },
  {
    "ID Number": "8409382"
  },
  {
    "ID Number": "8401128"
  },
  {
    "ID Number": "8400938"
  },
  {
    "ID Number": "8409234"
  },
  {
    "ID Number": "8401004"
  },
  {
    "ID Number": "8409749"
  },
  {
    "ID Number": "8410828"
  },
  {
    "ID Number": "8409501"
  },
  {
    "ID Number": "8411476"
  },
  {
    "ID Number": "8412545"
  },
  {
    "ID Number": "8404925"
  },
  {
    "ID Number": "8411271"
  },
  {
    "ID Number": "8401136"
  },
  {
    "ID Number": "8400040"
  },
  {
    "ID Number": "8402922"
  },
  {
    "ID Number": "8400644"
  },
  {
    "ID Number": "8407657"
  },
  {
    "ID Number": "8406561"
  },
  {
    "ID Number": "8400490"
  },
  {
    "ID Number": "8402086"
  },
  {
    "ID Number": "8411689"
  },
  {
    "ID Number": "8408807"
  },
  {
    "ID Number": "8407940"
  },
  {
    "ID Number": "8400431"
  },
  {
    "ID Number": "8401705"
  },
  {
    "ID Number": "8401250"
  },
  {
    "ID Number": "8414556"
  },
  {
    "ID Number": "8414262"
  },
  {
    "ID Number": "8400946"
  },
  {
    "ID Number": "8406480"
  },
  {
    "ID Number": "8409129"
  },
  {
    "ID Number": "8401667"
  },
  {
    "ID Number": "8400482"
  },
  {
    "ID Number": "8408750"
  },
  {
    "ID Number": "8403074"
  },
  {
    "ID Number": "8400741"
  },
  {
    "ID Number": "8402817"
  },
  {
    "ID Number": "8409137"
  },
  {
    "ID Number": "8407525"
  },
  {
    "ID Number": "8412960"
  },
  {
    "ID Number": "8407479"
  },
  {
    "ID Number": "8406219"
  },
  {
    "ID Number": "8414521"
  },
  {
    "ID Number": "8401152"
  },
  {
    "ID Number": "8400776"
  },
  {
    "ID Number": "8403023"
  },
  {
    "ID Number": "8404933"
  },
  {
    "ID Number": "8402540"
  },
  {
    "ID Number": "8401160"
  },
  {
    "ID Number": "8407398"
  },
  {
    "ID Number": "8400709"
  },
  {
    "ID Number": "8407800"
  },
  {
    "ID Number": "8408947"
  },
  {
    "ID Number": "8406316"
  },
  {
    "ID Number": "8410046"
  },
  {
    "ID Number": "8402108"
  },
  {
    "ID Number": "8406120"
  },
  {
    "ID Number": "8400016"
  },
  {
    "ID Number": "8401349"
  },
  {
    "ID Number": "8410054"
  },
  {
    "ID Number": "8410470"
  },
  {
    "ID Number": "8411654"
  },
  {
    "ID Number": "8400172"
  },
  {
    "ID Number": "8409412"
  },
  {
    "ID Number": "8402680"
  },
  {
    "ID Number": "8401381"
  },
  {
    "ID Number": "8401918"
  },
  {
    "ID Number": "8401748"
  },
  {
    "ID Number": "8403449"
  },
  {
    "ID Number": "8400318"
  },
  {
    "ID Number": "8414297"
  },
  {
    "ID Number": "8406812"
  },
  {
    "ID Number": "8406600"
  },
  {
    "ID Number": "8412243"
  },
  {
    "ID Number": "8409633"
  },
  {
    "ID Number": "8414793"
  },
  {
    "ID Number": "8401810"
  },
  {
    "ID Number": "8406618"
  },
  {
    "ID Number": "8408130"
  },
  {
    "ID Number": "8402930"
  },
  {
    "ID Number": "8406235"
  },
  {
    "ID Number": "8407363"
  },
  {
    "ID Number": "8412669"
  },
  {
    "ID Number": "8404291"
  },
  {
    "ID Number": "8403082"
  },
  {
    "ID Number": "8414505"
  },
  {
    "ID Number": "8406871"
  },
  {
    "ID Number": "8408890"
  },
  {
    "ID Number": "8408815"
  },
  {
    "ID Number": "8409455"
  },
  {
    "ID Number": "8410216"
  },
  {
    "ID Number": "8400059"
  },
  {
    "ID Number": "8400334"
  },
  {
    "ID Number": "8403090"
  },
  {
    "ID Number": "8406715"
  },
  {
    "ID Number": "8400512"
  },
  {
    "ID Number": "8407606"
  },
  {
    "ID Number": "8406324"
  },
  {
    "ID Number": "8410836"
  },
  {
    "ID Number": "8405344"
  },
  {
    "ID Number": "8401489"
  },
  {
    "ID Number": "8414270"
  },
  {
    "ID Number": "8400261"
  },
  {
    "ID Number": "8400342"
  },
  {
    "ID Number": "8401268"
  },
  {
    "ID Number": "8404720"
  },
  {
    "ID Number": "8404976"
  },
  {
    "ID Number": "8403309"
  },
  {
    "ID Number": "8403554"
  },
  {
    "ID Number": "8400520"
  },
  {
    "ID Number": "8401020"
  },
  {
    "ID Number": "8405980"
  },
  {
    "ID Number": "8410062"
  },
  {
    "ID Number": "8410135"
  },
  {
    "ID Number": "8415501"
  },
  {
    "ID Number": "8400610"
  },
  {
    "ID Number": "8401411"
  },
  {
    "ID Number": "8400830"
  },
  {
    "ID Number": "8402868"
  },
  {
    "ID Number": "8400296"
  },
  {
    "ID Number": "8400849"
  },
  {
    "ID Number": "8413746"
  },
  {
    "ID Number": "8408220"
  },
  {
    "ID Number": "8410518"
  },
  {
    "ID Number": "8410569"
  },
  {
    "ID Number": "8414874"
  },
  {
    "ID Number": "8408238"
  },
  {
    "ID Number": "8411409"
  },
  {
    "ID Number": "8400857"
  },
  {
    "ID Number": "8401950"
  },
  {
    "ID Number": "8411328"
  },
  {
    "ID Number": "8401675"
  },
  {
    "ID Number": "8408262"
  },
  {
    "ID Number": "8401772"
  },
  {
    "ID Number": "8402183"
  },
  {
    "ID Number": "8414475"
  },
  {
    "ID Number": "8411719"
  },
  {
    "ID Number": "8409439"
  },
  {
    "ID Number": "8412863"
  },
  {
    "ID Number": "8405409"
  },
  {
    "ID Number": "8413940"
  },
  {
    "ID Number": "8400288"
  },
  {
    "ID Number": "8408246"
  },
  {
    "ID Number": "8414823"
  },
  {
    "ID Number": "8414580"
  },
  {
    "ID Number": "8407010"
  },
  {
    "ID Number": "8408068"
  },
  {
    "ID Number": "8410364"
  },
  {
    "ID Number": "8414181"
  },
  {
    "ID Number": "8412839"
  },
  {
    "ID Number": "8408823"
  },
  {
    "ID Number": "8410259"
  },
  {
    "ID Number": "8402337"
  },
  {
    "ID Number": "8412618"
  },
  {
    "ID Number": "8400377"
  },
  {
    "ID Number": "8402973"
  },
  {
    "ID Number": "8414300"
  },
  {
    "ID Number": "8414394"
  },
  {
    "ID Number": "8403473"
  },
  {
    "ID Number": "8405123"
  },
  {
    "ID Number": "8413886"
  },
  {
    "ID Number": "8400385"
  },
  {
    "ID Number": "8406693"
  },
  {
    "ID Number": "8410267"
  },
  {
    "ID Number": "8415439"
  },
  {
    "ID Number": "8406332"
  },
  {
    "ID Number": "8415005"
  },
  {
    "ID Number": "8410372"
  },
  {
    "ID Number": "8405875"
  },
  {
    "ID Number": "8406340"
  },
  {
    "ID Number": "8404020"
  },
  {
    "ID Number": "8405328"
  },
  {
    "ID Number": "8402027"
  },
  {
    "ID Number": "8402485"
  },
  {
    "ID Number": "8401420"
  },
  {
    "ID Number": "8400393"
  },
  {
    "ID Number": "8402965"
  },
  {
    "ID Number": "8415498"
  },
  {
    "ID Number": "8408122"
  },
  {
    "ID Number": "8411093"
  },
  {
    "ID Number": "8410283"
  },
  {
    "ID Number": "8408432"
  },
  {
    "ID Number": "8410160"
  },
  {
    "ID Number": "8413860"
  },
  {
    "ID Number": "8400440"
  },
  {
    "ID Number": "8415536"
  },
  {
    "ID Number": "8402230"
  },
  {
    "ID Number": "8404232"
  },
  {
    "ID Number": "8406707"
  },
  {
    "ID Number": "8400504"
  },
  {
    "ID Number": "8415366"
  },
  {
    "ID Number": "8411425"
  },
  {
    "ID Number": "8406766"
  },
  {
    "ID Number": "8413045"
  },
  {
    "ID Number": "8406278"
  },
  {
    "ID Number": "8405360"
  },
  {
    "ID Number": "8400253"
  },
  {
    "ID Number": "8406405"
  },
  {
    "ID Number": "8400920"
  },
  {
    "ID Number": "8409102"
  },
  {
    "ID Number": "8407762"
  },
  {
    "ID Number": "8402833"
  },
  {
    "ID Number": "8406472"
  },
  {
    "ID Number": "8400024"
  },
  {
    "ID Number": "8407100"
  },
  {
    "ID Number": "8410780"
  },
  {
    "ID Number": "8409021"
  },
  {
    "ID Number": "8407738"
  },
  {
    "ID Number": "8409978"
  },
  {
    "ID Number": "8406367"
  },
  {
    "ID Number": "8400911"
  },
  {
    "ID Number": "8407576"
  }
]