[
  {
    "ID Number": "8409374",
    "Name": "Almendares Salazar, Jorge",
    "Fed": "HON",
    "Sex": "M",
    "Title": "",
    "WTit": "",
    "OTit": "",
    "FOA": "1793",
    "Rating": "AUG25",
    "Gms": "0",
    "K": "20",
    "B-day": "1995",
    "Flag": "i"
  },
  {
    "ID Number": "8402361",
    "Name": "Alonzo, Jose",
    "Fed": "HON",
    "Sex": "M",
    "Title": "",
    "WTit": "",
    "OTit": "",
    "FOA": "AFM",
    "Rating": "AUG25",
    "Gms": "1961",
    "K": "0",
    "B-day": "1993",
    "Flag": "i"
  },
  {
    "ID Number": "8407975",
    "Name": "Alvarado Fajardo, Elder",
    "Fed": "HON",
    "Sex": "M",
    "Title": "",
    "WTit": "NA",
    "OTit": "",
    "FOA": "1623",
    "Rating": "AUG25",
    "Gms": "0",
    "K": "20",
    "B-day": "1991",
    "Flag": "i"
  },
  {
    "ID Number": "8414319",
    "Name": "Alvarado, Ceshia",
    "Fed": "HON",
    "Sex": "F",
    "Title": "",
    "WTit": "",
    "OTit": "",
    "FOA": "1651",
    "Rating": "AUG25",
    "Gms": "0",
    "K": "40",
    "B-day": "2011",
    "Flag": "w"
  },
  {
    "ID Number": "8414327",
    "Name": "Alvarado, Joshiel",
    "Fed": "HON",
    "Sex": "M",
    "Title": "",
    "WTit": "",
    "OTit": "",
    "FOA": "1544",
    "Rating": "AUG25",
    "Gms": "0",
    "K": "40",
    "B-day": "2013",
    "Flag": ""
  },
  {
    "ID Number": "8410607",
    "Name": "Alvarenga, Heaven",
    "Fed": "HON",
    "Sex": "F",
    "Title": "",
    "WTit": "",
    "OTit": "",
    "FOA": "1422",
    "Rating": "AUG25",
    "Gms": "0",
    "K": "40",
    "B-day": "2010",
    "Flag": "wi"
  },
  {
    "ID Number": "8411360",
    "Name": "Alvarez Rodriguez, Eleazar Samir",
    "Fed": "HON",
    "Sex": "M",
    "Title": "",
    "WTit": "",
    "OTit": "",
    "FOA": "1506",
    "Rating": "AUG25",
    "Gms": "0",
    "K": "40",
    "B-day": "2013",
    "Flag": "i"
  },
  {
    "ID Number": "8405441",
    "Name": "Amador Rosales, Hector",
    "Fed": "HON",
    "Sex": "M",
    "Title": "",
    "WTit": "",
    "OTit": "",
    "FOA": "1785",
    "Rating": "AUG25",
    "Gms": "0",
    "K": "20",
    "B-day": "1989",
    "Flag": ""
  },
  {
    "ID Number": "8410658",
    "Name": "Anariba Rosales, Jhonathan",
    "Fed": "HON",
    "Sex": "M",
    "Title": "",
    "WTit": "",
    "OTit": "",
    "FOA": "1447",
    "Rating": "AUG25",
    "Gms": "0",
    "K": "40",
    "B-day": "2008",
    "Flag": "i"
  },
  {
    "ID Number": "8405077",
    "Name": "Andrade Fiallos, Rolando",
    "Fed": "HON",
    "Sex": "M",
    "Title": "",
    "WTit": "",
    "OTit": "",
    "FOA": "1856",
    "Rating": "AUG25",
    "Gms": "0",
    "K": "20",
    "B-day": "1990",
    "Flag": "i"
  },
  {
    "ID Number": "8407703",
    "Name": "Ardon Amaya, Alexei Alfredo",
    "Fed": "HON",
    "Sex": "M",
    "Title": "",
    "WTit": "",
    "OTit": "",
    "FOA": "1757",
    "Rating": "AUG25",
    "Gms": "0",
    "K": "40",
    "B-day": "2007",
    "Flag": ""
  },
  {
    "ID Number": "8407924",
    "Name": "Ardon, Marlon",
    "Fed": "HON",
    "Sex": "M",
    "Title": "",
    "WTit": "",
    "OTit": "",
    "FOA": "1920",
    "Rating": "AUG25",
    "Gms": "0",
    "K": "40",
    "B-day": "1978",
    "Flag": ""
  },
  {
    "ID Number": "8409986",
    "Name": "Ayala, Gema",
    "Fed": "HON",
    "Sex": "F",
    "Title": "",
    "WTit": "",
    "OTit": "",
    "FOA": "1403",
    "Rating": "AUG25",
    "Gms": "0",
    "K": "40",
    "B-day": "2011",
    "Flag": "wi"
  },
  {
    "ID Number": "8406499",
    "Name": "Banegas Rodas, Grascia Maria",
    "Fed": "HON",
    "Sex": "F",
    "Title": "",
    "WTit": "",
    "OTit": "",
    "FOA": "1590",
    "Rating": "AUG25",
    "Gms": "0",
    "K": "20",
    "B-day": "1995",
    "Flag": "w"
  },
  {
    "ID Number": "8414572",
    "Name": "Barahona Valle, Gerardo Arturo",
    "Fed": "HON",
    "Sex": "M",
    "Title": "",
    "WTit": "",
    "OTit": "",
    "FOA": "1765",
    "Rating": "AUG25",
    "Gms": "0",
    "K": "40",
    "B-day": "1995",
    "Flag": ""
  },
  {
    "ID Number": "8407460",
    "Name": "Benavides Diaz del Valle, Luis",
    "Fed": "HON",
    "Sex": "M",
    "Title": "",
    "WTit": "",
    "OTit": "",
    "FOA": "1643",
    "Rating": "AUG25",
    "Gms": "0",
    "K": "40",
    "B-day": "2008",
    "Flag": "i"
  },
  {
    "ID Number": "8407126",
    "Name": "Benitez, Kevin",
    "Fed": "HON",
    "Sex": "M",
    "Title": "",
    "WTit": "",
    "OTit": "",
    "FOA": "1700",
    "Rating": "AUG25",
    "Gms": "0",
    "K": "40",
    "B-day": "2008",
    "Flag": ""
  },
  {
    "ID Number": "8410291",
    "Name": "Bobadilla Deras, Ximena",
    "Fed": "HON",
    "Sex": "F",
    "Title": "",
    "WTit": "",
    "OTit": "",
    "FOA": "1479",
    "Rating": "AUG25",
    "Gms": "0",
    "K": "40",
    "B-day": "2016",
    "Flag": "w"
  },
  {
    "ID Number": "8410402",
    "Name": "Bobadilla Flores, Bairon",
    "Fed": "HON",
    "Sex": "M",
    "Title": "",
    "WTit": "",
    "OTit": "",
    "FOA": "1559",
    "Rating": "AUG25",
    "Gms": "0",
    "K": "40",
    "B-day": "2013",
    "Flag": ""
  },
  {
    "ID Number": "8406464",
    "Name": "Bobadilla, Diana",
    "Fed": "HON",
    "Sex": "F",
    "Title": "WCM",
    "WTit": "WCM",
    "OTit": "",
    "FOA": "1698",
    "Rating": "AUG25",
    "Gms": "0",
    "K": "40",
    "B-day": "2010",
    "Flag": "w"
  },
  {
    "ID Number": "8400970",
    "Name": "Bobadilla, Yelso",
    "Fed": "HON",
    "Sex": "M",
    "Title": "CM",
    "WTit": "FI",
    "OTit": "",
    "FOA": "1890",
    "Rating": "AUG25",
    "Gms": "0",
    "K": "20",
    "B-day": "1982",
    "Flag": "i"
  },
  {
    "ID Number": "8403511",
    "Name": "Bogran, Suetonio",
    "Fed": "HON",
    "Sex": "M",
    "Title": "",
    "WTit": "",
    "OTit": "",
    "FOA": "1984",
    "Rating": "AUG25",
    "Gms": "0",
    "K": "20",
    "B-day": "1992",
    "Flag": "i"
  },
  {
    "ID Number": "8409099",
    "Name": "Bonilla, Eder Lenin",
    "Fed": "HON",
    "Sex": "M",
    "Title": "",
    "WTit": "",
    "OTit": "",
    "FOA": "1783",
    "Rating": "AUG25",
    "Gms": "0",
    "K": "40",
    "B-day": "1989",
    "Flag": ""
  },
  {
    "ID Number": "8401985",
    "Name": "Bonilla, Jonathan",
    "Fed": "HON",
    "Sex": "M",
    "Title": "",
    "WTit": "",
    "OTit": "",
    "FOA": "1779",
    "Rating": "AUG25",
    "Gms": "0",
    "K": "20",
    "B-day": "1995",
    "Flag": ""
  },
  {
    "ID Number": "8401802",
    "Name": "Boquin, Luis Alberto",
    "Fed": "HON",
    "Sex": "M",
    "Title": "",
    "WTit": "",
    "OTit": "",
    "FOA": "1643",
    "Rating": "AUG25",
    "Gms": "0",
    "K": "20",
    "B-day": "0",
    "Flag": "i"
  },
  {
    "ID Number": "8414858",
    "Name": "Bourdeth, Maximiliano",
    "Fed": "HON",
    "Sex": "M",
    "Title": "",
    "WTit": "",
    "OTit": "",
    "FOA": "1733",
    "Rating": "AUG25",
    "Gms": "0",
    "K": "40",
    "B-day": "1988",
    "Flag": ""
  },
  {
    "ID Number": "8414335",
    "Name": "Bueso, Leonardo Daniel",
    "Fed": "HON",
    "Sex": "M",
    "Title": "",
    "WTit": "",
    "OTit": "",
    "FOA": "1543",
    "Rating": "AUG25",
    "Gms": "0",
    "K": "40",
    "B-day": "2015",
    "Flag": ""
  },
  {
    "ID Number": "8406073",
    "Name": "Caballero Lemus, Dinora Alejandra",
    "Fed": "HON",
    "Sex": "F",
    "Title": "",
    "WTit": "",
    "OTit": "",
    "FOA": "1444",
    "Rating": "AUG25",
    "Gms": "0",
    "K": "20",
    "B-day": "2006",
    "Flag": "w"
  },
  {
    "ID Number": "8402388",
    "Name": "Caballero Sanabria, Danery",
    "Fed": "HON",
    "Sex": "M",
    "Title": "",
    "WTit": "",
    "OTit": "",
    "FOA": "1481",
    "Rating": "AUG25",
    "Gms": "0",
    "K": "40",
    "B-day": "2010",
    "Flag": ""
  },
  {
    "ID Number": "8404844",
    "Name": "Caballero, Danery Javier",
    "Fed": "HON",
    "Sex": "M",
    "Title": "",
    "WTit": "",
    "OTit": "",
    "FOA": "1805",
    "Rating": "AUG25",
    "Gms": "0",
    "K": "20",
    "B-day": "1980",
    "Flag": ""
  },
  {
    "ID Number": "8410666",
    "Name": "Caballero, David Eli",
    "Fed": "HON",
    "Sex": "M",
    "Title": "",
    "WTit": "",
    "OTit": "",
    "FOA": "1643",
    "Rating": "AUG25",
    "Gms": "0",
    "K": "40",
    "B-day": "2009",
    "Flag": ""
  },
  {
    "ID Number": "8406510",
    "Name": "Caceres Galeano, Tristan Gabriel",
    "Fed": "HON",
    "Sex": "M",
    "Title": "",
    "WTit": "",
    "OTit": "",
    "FOA": "1798",
    "Rating": "AUG25",
    "Gms": "0",
    "K": "20",
    "B-day": "2002",
    "Flag": "i"
  },
  {
    "ID Number": "8409382",
    "Name": "Canales Pinot, Sheyla",
    "Fed": "HON",
    "Sex": "F",
    "Title": "",
    "WTit": "",
    "OTit": "",
    "FOA": "1429",
    "Rating": "AUG25",
    "Gms": "0",
    "K": "20",
    "B-day": "2001",
    "Flag": "wi"
  },
  {
    "ID Number": "8401128",
    "Name": "Cardenas Carbajal, Nilson",
    "Fed": "HON",
    "Sex": "M",
    "Title": "CM",
    "WTit": "",
    "OTit": "",
    "FOA": "2028",
    "Rating": "AUG25",
    "Gms": "0",
    "K": "20",
    "B-day": "1985",
    "Flag": "i"
  },
  {
    "ID Number": "8400938",
    "Name": "Cardona Mejia, Kerin Omar",
    "Fed": "HON",
    "Sex": "M",
    "Title": "",
    "WTit": "",
    "OTit": "",
    "FOA": "AFM",
    "Rating": "AUG25",
    "Gms": "1964",
    "K": "0",
    "B-day": "1984",
    "Flag": "i"
  },
  {
    "ID Number": "8409234",
    "Name": "Carias Vargas, Olga",
    "Fed": "HON",
    "Sex": "F",
    "Title": "",
    "WTit": "",
    "OTit": "",
    "FOA": "1438",
    "Rating": "AUG25",
    "Gms": "0",
    "K": "20",
    "B-day": "1998",
    "Flag": "wi"
  },
  {
    "ID Number": "8401004",
    "Name": "Carpio Rios, Alex",
    "Fed": "HON",
    "Sex": "M",
    "Title": "",
    "WTit": "",
    "OTit": "",
    "FOA": "1948",
    "Rating": "AUG25",
    "Gms": "0",
    "K": "20",
    "B-day": "0",
    "Flag": ""
  },
  {
    "ID Number": "8409749",
    "Name": "Carranza, Jose Isidro",
    "Fed": "HON",
    "Sex": "M",
    "Title": "",
    "WTit": "",
    "OTit": "",
    "FOA": "1650",
    "Rating": "AUG25",
    "Gms": "0",
    "K": "20",
    "B-day": "1991",
    "Flag": "i"
  },
  {
    "ID Number": "8410828",
    "Name": "Castaneda, Kevin",
    "Fed": "HON",
    "Sex": "M",
    "Title": "",
    "WTit": "",
    "OTit": "",
    "FOA": "1810",
    "Rating": "AUG25",
    "Gms": "0",
    "K": "40",
    "B-day": "1993",
    "Flag": ""
  },
  {
    "ID Number": "8409501",
    "Name": "Castillo Aguilar, Angel Emilio",
    "Fed": "HON",
    "Sex": "M",
    "Title": "",
    "WTit": "",
    "OTit": "",
    "FOA": "1603",
    "Rating": "AUG25",
    "Gms": "0",
    "K": "40",
    "B-day": "2011",
    "Flag": "i"
  },
  {
    "ID Number": "8411476",
    "Name": "Cerrato, Fabian",
    "Fed": "HON",
    "Sex": "M",
    "Title": "",
    "WTit": "",
    "OTit": "",
    "FOA": "1759",
    "Rating": "AUG25",
    "Gms": "0",
    "K": "40",
    "B-day": "2008",
    "Flag": "i"
  },
  {
    "ID Number": "8412545",
    "Name": "Cerrato, Iker",
    "Fed": "HON",
    "Sex": "M",
    "Title": "",
    "WTit": "",
    "OTit": "",
    "FOA": "1660",
    "Rating": "AUG25",
    "Gms": "0",
    "K": "40",
    "B-day": "2009",
    "Flag": ""
  },
  {
    "ID Number": "8404925",
    "Name": "Chahin Godoy, Angel Eduardo",
    "Fed": "HON",
    "Sex": "M",
    "Title": "CM",
    "WTit": "",
    "OTit": "",
    "FOA": "2153",
    "Rating": "AUG25",
    "Gms": "0",
    "K": "20",
    "B-day": "2006",
    "Flag": ""
  },
  {
    "ID Number": "8411271",
    "Name": "Chevez Morales, Josue Noe",
    "Fed": "HON",
    "Sex": "M",
    "Title": "",
    "WTit": "",
    "OTit": "",
    "FOA": "1600",
    "Rating": "AUG25",
    "Gms": "0",
    "K": "40",
    "B-day": "2010",
    "Flag": "i"
  },
  {
    "ID Number": "8401136",
    "Name": "Chinchilla, Alejandro Jose",
    "Fed": "HON",
    "Sex": "M",
    "Title": "FM",
    "WTit": "NA",
    "OTit": "",
    "FOA": "2086",
    "Rating": "AUG25",
    "Gms": "0",
    "K": "20",
    "B-day": "1991",
    "Flag": "i"
  },
  {
    "ID Number": "8400040",
    "Name": "Colindres, Daniel",
    "Fed": "HON",
    "Sex": "M",
    "Title": "FM",
    "WTit": "",
    "OTit": "",
    "FOA": "2158",
    "Rating": "AUG25",
    "Gms": "0",
    "K": "20",
    "B-day": "1960",
    "Flag": ""
  },
  {
    "ID Number": "8402922",
    "Name": "Cruz Zelaya, Felipe",
    "Fed": "HON",
    "Sex": "M",
    "Title": "",
    "WTit": "",
    "OTit": "",
    "FOA": "1733",
    "Rating": "AUG25",
    "Gms": "0",
    "K": "20",
    "B-day": "1971",
    "Flag": "i"
  },
  {
    "ID Number": "8400644",
    "Name": "Cruz, Bitia",
    "Fed": "HON",
    "Sex": "F",
    "Title": "WCM",
    "WTit": "WCM",
    "OTit": "",
    "FOA": "1810",
    "Rating": "AUG25",
    "Gms": "0",
    "K": "20",
    "B-day": "1990",
    "Flag": "w"
  },
  {
    "ID Number": "8407657",
    "Name": "David Gonzales, Milton",
    "Fed": "HON",
    "Sex": "M",
    "Title": "",
    "WTit": "",
    "OTit": "",
    "FOA": "1628",
    "Rating": "AUG25",
    "Gms": "0",
    "K": "20",
    "B-day": "2002",
    "Flag": "i"
  },
  {
    "ID Number": "8406561",
    "Name": "David Rivera, Marlon Josue",
    "Fed": "HON",
    "Sex": "M",
    "Title": "",
    "WTit": "",
    "OTit": "",
    "FOA": "1774",
    "Rating": "AUG25",
    "Gms": "0",
    "K": "40",
    "B-day": "1983",
    "Flag": ""
  },
  {
    "ID Number": "8400490",
    "Name": "Deras Flores, Rodolfo",
    "Fed": "HON",
    "Sex": "M",
    "Title": "",
    "WTit": "",
    "OTit": "",
    "FOA": "1833",
    "Rating": "AUG25",
    "Gms": "0",
    "K": "20",
    "B-day": "1956",
    "Flag": ""
  },
  {
    "ID Number": "8402086",
    "Name": "Diaz Duarte, Rossner",
    "Fed": "HON",
    "Sex": "M",
    "Title": "",
    "WTit": "NI",
    "OTit": "",
    "FOA": "1972",
    "Rating": "AUG25",
    "Gms": "0",
    "K": "20",
    "B-day": "1988",
    "Flag": ""
  },
  {
    "ID Number": "8411689",
    "Name": "Diaz, Marvin",
    "Fed": "HON",
    "Sex": "M",
    "Title": "",
    "WTit": "",
    "OTit": "",
    "FOA": "1764",
    "Rating": "AUG25",
    "Gms": "0",
    "K": "40",
    "B-day": "1975",
    "Flag": "i"
  },
  {
    "ID Number": "8408807",
    "Name": "Diaz, Sindulfo",
    "Fed": "HON",
    "Sex": "M",
    "Title": "",
    "WTit": "",
    "OTit": "",
    "FOA": "1740",
    "Rating": "AUG25",
    "Gms": "0",
    "K": "20",
    "B-day": "1998",
    "Flag": "i"
  },
  {
    "ID Number": "8407940",
    "Name": "Doblado Turcios, Carlos Antonio",
    "Fed": "HON",
    "Sex": "M",
    "Title": "",
    "WTit": "",
    "OTit": "",
    "FOA": "1907",
    "Rating": "AUG25",
    "Gms": "0",
    "K": "40",
    "B-day": "2001",
    "Flag": ""
  },
  {
    "ID Number": "8400431",
    "Name": "Elvir, Jorge",
    "Fed": "HON",
    "Sex": "M",
    "Title": "",
    "WTit": "",
    "OTit": "",
    "FOA": "2008",
    "Rating": "AUG25",
    "Gms": "0",
    "K": "20",
    "B-day": "1980",
    "Flag": "i"
  },
  {
    "ID Number": "8401705",
    "Name": "Enamorado, Ivis",
    "Fed": "HON",
    "Sex": "M",
    "Title": "",
    "WTit": "",
    "OTit": "",
    "FOA": "1884",
    "Rating": "AUG25",
    "Gms": "0",
    "K": "20",
    "B-day": "0",
    "Flag": ""
  },
  {
    "ID Number": "8401250",
    "Name": "Enamorado, Jose Luis",
    "Fed": "HON",
    "Sex": "M",
    "Title": "CM",
    "WTit": "",
    "OTit": "",
    "FOA": "1878",
    "Rating": "AUG25",
    "Gms": "0",
    "K": "20",
    "B-day": "1967",
    "Flag": "i"
  },
  {
    "ID Number": "8414556",
    "Name": "Enriquez, Miguel Angel",
    "Fed": "HON",
    "Sex": "M",
    "Title": "",
    "WTit": "",
    "OTit": "",
    "FOA": "1623",
    "Rating": "AUG25",
    "Gms": "0",
    "K": "40",
    "B-day": "2002",
    "Flag": ""
  },
  {
    "ID Number": "8414262",
    "Name": "Escoto Cueva, Jose Manuel",
    "Fed": "HON",
    "Sex": "M",
    "Title": "",
    "WTit": "",
    "OTit": "",
    "FOA": "1582",
    "Rating": "AUG25",
    "Gms": "0",
    "K": "40",
    "B-day": "2010",
    "Flag": ""
  },
  {
    "ID Number": "8400946",
    "Name": "Espinal Ferrufino, Rigoberto",
    "Fed": "HON",
    "Sex": "M",
    "Title": "",
    "WTit": "",
    "OTit": "",
    "FOA": "1690",
    "Rating": "AUG25",
    "Gms": "0",
    "K": "20",
    "B-day": "1954",
    "Flag": "i"
  },
  {
    "ID Number": "8406480",
    "Name": "Facusse, Andreas",
    "Fed": "HON",
    "Sex": "M",
    "Title": "",
    "WTit": "",
    "OTit": "",
    "FOA": "1675",
    "Rating": "AUG25",
    "Gms": "0",
    "K": "40",
    "B-day": "1998",
    "Flag": ""
  },
  {
    "ID Number": "8409129",
    "Name": "Facusse, Santiago",
    "Fed": "HON",
    "Sex": "M",
    "Title": "",
    "WTit": "",
    "OTit": "",
    "FOA": "1680",
    "Rating": "AUG25",
    "Gms": "0",
    "K": "40",
    "B-day": "2009",
    "Flag": ""
  },
  {
    "ID Number": "8401667",
    "Name": "Fajardo Ramos, Fredy",
    "Fed": "HON",
    "Sex": "M",
    "Title": "",
    "WTit": "",
    "OTit": "",
    "FOA": "1886",
    "Rating": "AUG25",
    "Gms": "0",
    "K": "20",
    "B-day": "1975",
    "Flag": "i"
  },
  {
    "ID Number": "8400482",
    "Name": "Fernandez Alacha, Mirna Graciela",
    "Fed": "HON",
    "Sex": "F",
    "Title": "WFM",
    "WTit": "WFM",
    "OTit": "",
    "FOA": "1696",
    "Rating": "AUG25",
    "Gms": "0",
    "K": "20",
    "B-day": "1997",
    "Flag": "wi"
  },
  {
    "ID Number": "8408750",
    "Name": "Fernandez Orellana, Diego Samuel",
    "Fed": "HON",
    "Sex": "M",
    "Title": "",
    "WTit": "",
    "OTit": "",
    "FOA": "1660",
    "Rating": "AUG25",
    "Gms": "0",
    "K": "40",
    "B-day": "2013",
    "Flag": "i"
  },
  {
    "ID Number": "8403074",
    "Name": "Fernandez, Luis",
    "Fed": "HON",
    "Sex": "M",
    "Title": "",
    "WTit": "",
    "OTit": "",
    "FOA": "1930",
    "Rating": "AUG25",
    "Gms": "0",
    "K": "40",
    "B-day": "1985",
    "Flag": ""
  },
  {
    "ID Number": "8400741",
    "Name": "Figueroa Caceres, Carlos Alberto",
    "Fed": "HON",
    "Sex": "M",
    "Title": "",
    "WTit": "",
    "OTit": "",
    "FOA": "1966",
    "Rating": "AUG25",
    "Gms": "0",
    "K": "20",
    "B-day": "1970",
    "Flag": "i"
  },
  {
    "ID Number": "8402817",
    "Name": "Figueroa, Any",
    "Fed": "HON",
    "Sex": "F",
    "Title": "",
    "WTit": "",
    "OTit": "",
    "FOA": "1828",
    "Rating": "AUG25",
    "Gms": "0",
    "K": "20",
    "B-day": "1993",
    "Flag": "wi"
  },
  {
    "ID Number": "8409137",
    "Name": "Flores Monzon, Daniel Enrique",
    "Fed": "HON",
    "Sex": "M",
    "Title": "",
    "WTit": "",
    "OTit": "",
    "FOA": "AFM",
    "Rating": "AUG25",
    "Gms": "1676",
    "K": "0",
    "B-day": "1990",
    "Flag": ""
  },
  {
    "ID Number": "8407525",
    "Name": "Franco Chevez, Jose Manuel",
    "Fed": "HON",
    "Sex": "M",
    "Title": "",
    "WTit": "NA",
    "OTit": "",
    "FOA": "1810",
    "Rating": "AUG25",
    "Gms": "0",
    "K": "40",
    "B-day": "2005",
    "Flag": "i"
  },
  {
    "ID Number": "8412960",
    "Name": "Funes Martinez, Erick Ricardo",
    "Fed": "HON",
    "Sex": "M",
    "Title": "",
    "WTit": "",
    "OTit": "",
    "FOA": "1675",
    "Rating": "AUG25",
    "Gms": "0",
    "K": "40",
    "B-day": "2007",
    "Flag": ""
  },
  {
    "ID Number": "8407479",
    "Name": "Galicia Figueroa, Ariel",
    "Fed": "HON",
    "Sex": "M",
    "Title": "",
    "WTit": "",
    "OTit": "",
    "FOA": "1591",
    "Rating": "AUG25",
    "Gms": "0",
    "K": "40",
    "B-day": "2007",
    "Flag": ""
  },
  {
    "ID Number": "8406219",
    "Name": "Gallegos Mata, Erick",
    "Fed": "HON",
    "Sex": "M",
    "Title": "",
    "WTit": "",
    "OTit": "",
    "FOA": "1752",
    "Rating": "AUG25",
    "Gms": "0",
    "K": "40",
    "B-day": "1995",
    "Flag": "i"
  },
  {
    "ID Number": "8414521",
    "Name": "Gamez Portillo, Jose Jacobo",
    "Fed": "HON",
    "Sex": "M",
    "Title": "",
    "WTit": "",
    "OTit": "",
    "FOA": "1574",
    "Rating": "AUG25",
    "Gms": "0",
    "K": "40",
    "B-day": "2005",
    "Flag": ""
  },
  {
    "ID Number": "8401152",
    "Name": "Garay Zelaya, Mario Gerardo",
    "Fed": "HON",
    "Sex": "M",
    "Title": "",
    "WTit": "",
    "OTit": "",
    "FOA": "1821",
    "Rating": "AUG25",
    "Gms": "0",
    "K": "20",
    "B-day": "1958",
    "Flag": "i"
  },
  {
    "ID Number": "8400776",
    "Name": "Garcia Cuestas, Kevin",
    "Fed": "HON",
    "Sex": "M",
    "Title": "",
    "WTit": "",
    "OTit": "",
    "FOA": "1955",
    "Rating": "AUG25",
    "Gms": "0",
    "K": "20",
    "B-day": "1992",
    "Flag": "i"
  },
  {
    "ID Number": "8403023",
    "Name": "Garcia Reyes, Alejandra Nicolle",
    "Fed": "HON",
    "Sex": "F",
    "Title": "",
    "WTit": "",
    "OTit": "",
    "FOA": "1704",
    "Rating": "AUG25",
    "Gms": "0",
    "K": "20",
    "B-day": "2003",
    "Flag": "wi"
  },
  {
    "ID Number": "8404933",
    "Name": "Garcia, Andrea Nicole",
    "Fed": "HON",
    "Sex": "F",
    "Title": "WCM",
    "WTit": "WCM",
    "OTit": "",
    "FOA": "1801",
    "Rating": "AUG25",
    "Gms": "0",
    "K": "20",
    "B-day": "1996",
    "Flag": "wi"
  },
  {
    "ID Number": "8402540",
    "Name": "Gavarrete, Darlan",
    "Fed": "HON",
    "Sex": "M",
    "Title": "",
    "WTit": "",
    "OTit": "",
    "FOA": "1638",
    "Rating": "AUG25",
    "Gms": "0",
    "K": "20",
    "B-day": "1985",
    "Flag": "i"
  },
  {
    "ID Number": "8401160",
    "Name": "Gavarrete, Joel",
    "Fed": "HON",
    "Sex": "M",
    "Title": "",
    "WTit": "",
    "OTit": "",
    "FOA": "2003",
    "Rating": "AUG25",
    "Gms": "0",
    "K": "20",
    "B-day": "1997",
    "Flag": "i"
  },
  {
    "ID Number": "8407398",
    "Name": "Gavarrete, Jonathan Ariel",
    "Fed": "HON",
    "Sex": "M",
    "Title": "",
    "WTit": "",
    "OTit": "",
    "FOA": "1607",
    "Rating": "AUG25",
    "Gms": "0",
    "K": "40",
    "B-day": "2011",
    "Flag": "i"
  },
  {
    "ID Number": "8400709",
    "Name": "Gavarrete, Nahun",
    "Fed": "HON",
    "Sex": "M",
    "Title": "FM",
    "WTit": "",
    "OTit": "",
    "FOA": "2210",
    "Rating": "AUG25",
    "Gms": "0",
    "K": "20",
    "B-day": "1994",
    "Flag": ""
  },
  {
    "ID Number": "8407800",
    "Name": "Gomez Betancourth, Jose Daniel",
    "Fed": "HON",
    "Sex": "M",
    "Title": "",
    "WTit": "",
    "OTit": "",
    "FOA": "1725",
    "Rating": "AUG25",
    "Gms": "0",
    "K": "40",
    "B-day": "1991",
    "Flag": "i"
  },
  {
    "ID Number": "8408947",
    "Name": "Gonzalez Duran, Jimmy Edward",
    "Fed": "HON",
    "Sex": "M",
    "Title": "",
    "WTit": "",
    "OTit": "",
    "FOA": "1564",
    "Rating": "AUG25",
    "Gms": "0",
    "K": "20",
    "B-day": "1990",
    "Flag": "i"
  },
  {
    "ID Number": "8406316",
    "Name": "Gonzalez Godoy, Carlos",
    "Fed": "HON",
    "Sex": "M",
    "Title": "",
    "WTit": "NA",
    "OTit": "",
    "FOA": "1788",
    "Rating": "AUG25",
    "Gms": "0",
    "K": "20",
    "B-day": "2002",
    "Flag": ""
  },
  {
    "ID Number": "8410046",
    "Name": "Gradiz Menjivar, Oscar",
    "Fed": "HON",
    "Sex": "M",
    "Title": "",
    "WTit": "",
    "OTit": "",
    "FOA": "1588",
    "Rating": "AUG25",
    "Gms": "0",
    "K": "40",
    "B-day": "2013",
    "Flag": ""
  },
  {
    "ID Number": "8402108",
    "Name": "Grandes, Rolando",
    "Fed": "HON",
    "Sex": "M",
    "Title": "",
    "WTit": "",
    "OTit": "",
    "FOA": "1888",
    "Rating": "AUG25",
    "Gms": "0",
    "K": "20",
    "B-day": "1989",
    "Flag": "i"
  },
  {
    "ID Number": "8406120",
    "Name": "Guevara, Milton",
    "Fed": "HON",
    "Sex": "M",
    "Title": "",
    "WTit": "NI",
    "OTit": "",
    "FOA": "1785",
    "Rating": "AUG25",
    "Gms": "0",
    "K": "40",
    "B-day": "1995",
    "Flag": ""
  },
  {
    "ID Number": "8400016",
    "Name": "Guillen Ramirez, Jose Antonio",
    "Fed": "HON",
    "Sex": "M",
    "Title": "FM",
    "WTit": "",
    "OTit": "",
    "FOA": "2234",
    "Rating": "AUG25",
    "Gms": "0",
    "K": "20",
    "B-day": "1968",
    "Flag": "i"
  },
  {
    "ID Number": "8401349",
    "Name": "Guzman Maradiaga, Edgar Rigobert",
    "Fed": "HON",
    "Sex": "M",
    "Title": "",
    "WTit": "",
    "OTit": "",
    "FOA": "1737",
    "Rating": "AUG25",
    "Gms": "0",
    "K": "40",
    "B-day": "1989",
    "Flag": ""
  },
  {
    "ID Number": "8410054",
    "Name": "Guzman Velasquez, Arsen Sebastian",
    "Fed": "HON",
    "Sex": "M",
    "Title": "",
    "WTit": "",
    "OTit": "",
    "FOA": "1553",
    "Rating": "AUG25",
    "Gms": "0",
    "K": "40",
    "B-day": "2009",
    "Flag": ""
  },
  {
    "ID Number": "8410470",
    "Name": "Henriquez, Zoe Dominique",
    "Fed": "HON",
    "Sex": "F",
    "Title": "",
    "WTit": "",
    "OTit": "",
    "FOA": "1455",
    "Rating": "AUG25",
    "Gms": "0",
    "K": "40",
    "B-day": "2012",
    "Flag": "w"
  },
  {
    "ID Number": "8411654",
    "Name": "Hernandez Diaz, Jose Isai",
    "Fed": "HON",
    "Sex": "M",
    "Title": "",
    "WTit": "",
    "OTit": "",
    "FOA": "1589",
    "Rating": "AUG25",
    "Gms": "0",
    "K": "40",
    "B-day": "2007",
    "Flag": ""
  },
  {
    "ID Number": "8400172",
    "Name": "Hernandez Lagos, Hector",
    "Fed": "HON",
    "Sex": "M",
    "Title": "",
    "WTit": "",
    "OTit": "",
    "FOA": "1950",
    "Rating": "AUG25",
    "Gms": "0",
    "K": "20",
    "B-day": "1951",
    "Flag": "i"
  },
  {
    "ID Number": "8409412",
    "Name": "Hernandez Machado, Diego",
    "Fed": "HON",
    "Sex": "M",
    "Title": "",
    "WTit": "",
    "OTit": "",
    "FOA": "1818",
    "Rating": "AUG25",
    "Gms": "0",
    "K": "20",
    "B-day": "2004",
    "Flag": "i"
  },
  {
    "ID Number": "8402680",
    "Name": "Hernandez Medina, Elvis Rene",
    "Fed": "HON",
    "Sex": "M",
    "Title": "",
    "WTit": "",
    "OTit": "",
    "FOA": "1841",
    "Rating": "AUG25",
    "Gms": "0",
    "K": "40",
    "B-day": "2006",
    "Flag": ""
  },
  {
    "ID Number": "8401381",
    "Name": "Hernandez Reyes, Elvis",
    "Fed": "HON",
    "Sex": "M",
    "Title": "",
    "WTit": "",
    "OTit": "",
    "FOA": "1823",
    "Rating": "AUG25",
    "Gms": "0",
    "K": "20",
    "B-day": "1976",
    "Flag": "i"
  },
  {
    "ID Number": "8401918",
    "Name": "Hernandez, Daniel Ricardo",
    "Fed": "HON",
    "Sex": "M",
    "Title": "",
    "WTit": "",
    "OTit": "",
    "FOA": "1839",
    "Rating": "AUG25",
    "Gms": "0",
    "K": "40",
    "B-day": "0",
    "Flag": ""
  },
  {
    "ID Number": "8401748",
    "Name": "Hernandez, Dario",
    "Fed": "HON",
    "Sex": "M",
    "Title": "",
    "WTit": "",
    "OTit": "",
    "FOA": "1848",
    "Rating": "AUG25",
    "Gms": "0",
    "K": "20",
    "B-day": "0",
    "Flag": "i"
  },
  {
    "ID Number": "8403449",
    "Name": "Hernandez, Fernando",
    "Fed": "HON",
    "Sex": "M",
    "Title": "",
    "WTit": "",
    "OTit": "",
    "FOA": "1849",
    "Rating": "AUG25",
    "Gms": "0",
    "K": "20",
    "B-day": "1994",
    "Flag": ""
  },
  {
    "ID Number": "8400318",
    "Name": "Hernandez, Juan Carlos",
    "Fed": "HON",
    "Sex": "M",
    "Title": "CM",
    "WTit": "FI,SI,IO",
    "OTit": "",
    "FOA": "1939",
    "Rating": "AUG25",
    "Gms": "0",
    "K": "20",
    "B-day": "1984",
    "Flag": ""
  },
  {
    "ID Number": "8414297",
    "Name": "Hernandez, Omer",
    "Fed": "HON",
    "Sex": "M",
    "Title": "",
    "WTit": "",
    "OTit": "",
    "FOA": "1567",
    "Rating": "AUG25",
    "Gms": "0",
    "K": "40",
    "B-day": "2009",
    "Flag": ""
  },
  {
    "ID Number": "8406812",
    "Name": "Herrera, Moises",
    "Fed": "HON",
    "Sex": "M",
    "Title": "",
    "WTit": "",
    "OTit": "",
    "FOA": "1698",
    "Rating": "AUG25",
    "Gms": "0",
    "K": "20",
    "B-day": "2002",
    "Flag": "i"
  },
  {
    "ID Number": "8406600",
    "Name": "Izaguirre Lopez, Dereck Manrique",
    "Fed": "HON",
    "Sex": "M",
    "Title": "",
    "WTit": "",
    "OTit": "",
    "FOA": "1676",
    "Rating": "AUG25",
    "Gms": "0",
    "K": "20",
    "B-day": "2002",
    "Flag": ""
  },
  {
    "ID Number": "8412243",
    "Name": "Jemio, Daniel",
    "Fed": "HON",
    "Sex": "M",
    "Title": "",
    "WTit": "",
    "OTit": "",
    "FOA": "1498",
    "Rating": "AUG25",
    "Gms": "0",
    "K": "40",
    "B-day": "2008",
    "Flag": ""
  },
  {
    "ID Number": "8409633",
    "Name": "Juarez Meza, Brayan",
    "Fed": "HON",
    "Sex": "M",
    "Title": "",
    "WTit": "",
    "OTit": "",
    "FOA": "1720",
    "Rating": "AUG25",
    "Gms": "0",
    "K": "40",
    "B-day": "2010",
    "Flag": ""
  },
  {
    "ID Number": "8414793",
    "Name": "Juarez Reyes, Adrian",
    "Fed": "HON",
    "Sex": "M",
    "Title": "",
    "WTit": "",
    "OTit": "",
    "FOA": "1575",
    "Rating": "AUG25",
    "Gms": "0",
    "K": "40",
    "B-day": "2008",
    "Flag": ""
  },
  {
    "ID Number": "8401810",
    "Name": "Lainez , Jorge Antonio",
    "Fed": "HON",
    "Sex": "M",
    "Title": "",
    "WTit": "",
    "OTit": "",
    "FOA": "1684",
    "Rating": "AUG25",
    "Gms": "0",
    "K": "20",
    "B-day": "1979",
    "Flag": "i"
  },
  {
    "ID Number": "8406618",
    "Name": "Landaverde, Hector",
    "Fed": "HON",
    "Sex": "M",
    "Title": "",
    "WTit": "",
    "OTit": "",
    "FOA": "1497",
    "Rating": "AUG25",
    "Gms": "0",
    "K": "20",
    "B-day": "2000",
    "Flag": "i"
  },
  {
    "ID Number": "8408130",
    "Name": "Lopez Aguilar, Jesus Alberto",
    "Fed": "HON",
    "Sex": "M",
    "Title": "",
    "WTit": "",
    "OTit": "",
    "FOA": "1672",
    "Rating": "AUG25",
    "Gms": "0",
    "K": "20",
    "B-day": "1997",
    "Flag": "i"
  },
  {
    "ID Number": "8402930",
    "Name": "Lopez Marroquin, Marco Tulio",
    "Fed": "HON",
    "Sex": "M",
    "Title": "",
    "WTit": "",
    "OTit": "",
    "FOA": "1648",
    "Rating": "AUG25",
    "Gms": "0",
    "K": "20",
    "B-day": "1980",
    "Flag": "i"
  },
  {
    "ID Number": "8406235",
    "Name": "Lopez Serpas, Josue",
    "Fed": "HON",
    "Sex": "M",
    "Title": "",
    "WTit": "",
    "OTit": "",
    "FOA": "1669",
    "Rating": "AUG25",
    "Gms": "0",
    "K": "40",
    "B-day": "2002",
    "Flag": "i"
  },
  {
    "ID Number": "8407363",
    "Name": "Lopez, Julio Cesar",
    "Fed": "HON",
    "Sex": "M",
    "Title": "",
    "WTit": "",
    "OTit": "",
    "FOA": "1597",
    "Rating": "AUG25",
    "Gms": "0",
    "K": "40",
    "B-day": "1998",
    "Flag": ""
  },
  {
    "ID Number": "8412669",
    "Name": "Manzanares Cerrato, Olvin",
    "Fed": "HON",
    "Sex": "M",
    "Title": "",
    "WTit": "",
    "OTit": "",
    "FOA": "1595",
    "Rating": "AUG25",
    "Gms": "0",
    "K": "40",
    "B-day": "2004",
    "Flag": ""
  },
  {
    "ID Number": "8404291",
    "Name": "Maradiaga, Cesia",
    "Fed": "HON",
    "Sex": "F",
    "Title": "WCM",
    "WTit": "WCM",
    "OTit": "NA",
    "FOA": "1665",
    "Rating": "AUG25",
    "Gms": "0",
    "K": "20",
    "B-day": "2000",
    "Flag": "wi"
  },
  {
    "ID Number": "8403082",
    "Name": "Maradiaga, Elmer",
    "Fed": "HON",
    "Sex": "M",
    "Title": "",
    "WTit": "",
    "OTit": "",
    "FOA": "ACM",
    "Rating": "AUG25",
    "Gms": "1681",
    "K": "0",
    "B-day": "1992",
    "Flag": "i"
  },
  {
    "ID Number": "8414505",
    "Name": "Marderr, Milovan",
    "Fed": "HON",
    "Sex": "M",
    "Title": "",
    "WTit": "",
    "OTit": "",
    "FOA": "1670",
    "Rating": "AUG25",
    "Gms": "0",
    "K": "40",
    "B-day": "1994",
    "Flag": ""
  },
  {
    "ID Number": "8406871",
    "Name": "Marquina, Karen",
    "Fed": "HON",
    "Sex": "F",
    "Title": "",
    "WTit": "",
    "OTit": "",
    "FOA": "1569",
    "Rating": "AUG25",
    "Gms": "1",
    "K": "40",
    "B-day": "2010",
    "Flag": "w"
  },
  {
    "ID Number": "8408890",
    "Name": "Martinez Garcia, Camila",
    "Fed": "HON",
    "Sex": "F",
    "Title": "",
    "WTit": "",
    "OTit": "",
    "FOA": "1489",
    "Rating": "AUG25",
    "Gms": "0",
    "K": "40",
    "B-day": "2011",
    "Flag": "wi"
  },
  {
    "ID Number": "8408815",
    "Name": "Martinez Matamoros, Sergio",
    "Fed": "HON",
    "Sex": "M",
    "Title": "",
    "WTit": "",
    "OTit": "",
    "FOA": "1703",
    "Rating": "AUG25",
    "Gms": "0",
    "K": "20",
    "B-day": "1999",
    "Flag": "i"
  },
  {
    "ID Number": "8409455",
    "Name": "Martinez Mejia, Jose Alejandro",
    "Fed": "HON",
    "Sex": "M",
    "Title": "",
    "WTit": "",
    "OTit": "",
    "FOA": "1761",
    "Rating": "AUG25",
    "Gms": "0",
    "K": "20",
    "B-day": "1997",
    "Flag": "i"
  },
  {
    "ID Number": "8410216",
    "Name": "Martinez, Angel Bismar",
    "Fed": "HON",
    "Sex": "M",
    "Title": "",
    "WTit": "",
    "OTit": "",
    "FOA": "1654",
    "Rating": "AUG25",
    "Gms": "0",
    "K": "40",
    "B-day": "1972",
    "Flag": ""
  },
  {
    "ID Number": "8400059",
    "Name": "Martinez, Carlos",
    "Fed": "HON",
    "Sex": "M",
    "Title": "",
    "WTit": "",
    "OTit": "",
    "FOA": "2058",
    "Rating": "AUG25",
    "Gms": "0",
    "K": "20",
    "B-day": "1965",
    "Flag": "i"
  },
  {
    "ID Number": "8400334",
    "Name": "Martinez, Daniel",
    "Fed": "HON",
    "Sex": "M",
    "Title": "",
    "WTit": "",
    "OTit": "",
    "FOA": "2009",
    "Rating": "AUG25",
    "Gms": "0",
    "K": "20",
    "B-day": "0",
    "Flag": "i"
  },
  {
    "ID Number": "8403090",
    "Name": "Martinez, Isai",
    "Fed": "HON",
    "Sex": "M",
    "Title": "",
    "WTit": "",
    "OTit": "",
    "FOA": "1800",
    "Rating": "AUG25",
    "Gms": "0",
    "K": "20",
    "B-day": "1992",
    "Flag": "i"
  },
  {
    "ID Number": "8406715",
    "Name": "Martinez, Marlon",
    "Fed": "HON",
    "Sex": "M",
    "Title": "",
    "WTit": "",
    "OTit": "",
    "FOA": "1837",
    "Rating": "AUG25",
    "Gms": "0",
    "K": "20",
    "B-day": "1975",
    "Flag": "i"
  },
  {
    "ID Number": "8400512",
    "Name": "Martinez, Walter",
    "Fed": "HON",
    "Sex": "M",
    "Title": "",
    "WTit": "",
    "OTit": "",
    "FOA": "1861",
    "Rating": "AUG25",
    "Gms": "0",
    "K": "20",
    "B-day": "0",
    "Flag": ""
  },
  {
    "ID Number": "8407606",
    "Name": "Marzuca, Jacob",
    "Fed": "HON",
    "Sex": "M",
    "Title": "",
    "WTit": "",
    "OTit": "",
    "FOA": "1810",
    "Rating": "AUG25",
    "Gms": "0",
    "K": "40",
    "B-day": "2003",
    "Flag": ""
  },
  {
    "ID Number": "8406324",
    "Name": "Matamoros Flores, Diego",
    "Fed": "HON",
    "Sex": "M",
    "Title": "",
    "WTit": "",
    "OTit": "",
    "FOA": "1662",
    "Rating": "AUG25",
    "Gms": "0",
    "K": "20",
    "B-day": "2000",
    "Flag": "i"
  },
  {
    "ID Number": "8410836",
    "Name": "Matamoros, Denilson",
    "Fed": "HON",
    "Sex": "M",
    "Title": "",
    "WTit": "",
    "OTit": "",
    "FOA": "1716",
    "Rating": "AUG25",
    "Gms": "0",
    "K": "40",
    "B-day": "1998",
    "Flag": ""
  },
  {
    "ID Number": "8405344",
    "Name": "Matamoros, Nancy",
    "Fed": "HON",
    "Sex": "F",
    "Title": "",
    "WTit": "",
    "OTit": "",
    "FOA": "1587",
    "Rating": "AUG25",
    "Gms": "0",
    "K": "20",
    "B-day": "1997",
    "Flag": "w"
  },
  {
    "ID Number": "8401489",
    "Name": "McDowell, Sharon",
    "Fed": "HON",
    "Sex": "F",
    "Title": "",
    "WTit": "",
    "OTit": "",
    "FOA": "1762",
    "Rating": "AUG25",
    "Gms": "0",
    "K": "20",
    "B-day": "1997",
    "Flag": "wi"
  },
  {
    "ID Number": "8414270",
    "Name": "Medina Carcamo, Alessandro",
    "Fed": "HON",
    "Sex": "M",
    "Title": "",
    "WTit": "",
    "OTit": "",
    "FOA": "1593",
    "Rating": "AUG25",
    "Gms": "0",
    "K": "40",
    "B-day": "2007",
    "Flag": "i"
  },
  {
    "ID Number": "8400261",
    "Name": "Medina Colindres, Javier",
    "Fed": "HON",
    "Sex": "M",
    "Title": "CM",
    "WTit": "FI",
    "OTit": "",
    "FOA": "2223",
    "Rating": "AUG25",
    "Gms": "0",
    "K": "20",
    "B-day": "1973",
    "Flag": "i"
  },
  {
    "ID Number": "8400342",
    "Name": "Medina Viana, Ricardo",
    "Fed": "HON",
    "Sex": "M",
    "Title": "CM",
    "WTit": "",
    "OTit": "",
    "FOA": "1958",
    "Rating": "AUG25",
    "Gms": "0",
    "K": "20",
    "B-day": "1962",
    "Flag": ""
  },
  {
    "ID Number": "8401268",
    "Name": "Medina, Florentino",
    "Fed": "HON",
    "Sex": "M",
    "Title": "",
    "WTit": "",
    "OTit": "",
    "FOA": "1769",
    "Rating": "AUG25",
    "Gms": "0",
    "K": "20",
    "B-day": "0",
    "Flag": "i"
  },
  {
    "ID Number": "8404720",
    "Name": "Mejia Castellanos, Mhia Cecilia",
    "Fed": "HON",
    "Sex": "F",
    "Title": "",
    "WTit": "",
    "OTit": "",
    "FOA": "1464",
    "Rating": "AUG25",
    "Gms": "0",
    "K": "40",
    "B-day": "2009",
    "Flag": "w"
  },
  {
    "ID Number": "8404976",
    "Name": "Mejia Varela, Fernando Alexis",
    "Fed": "HON",
    "Sex": "M",
    "Title": "",
    "WTit": "FI,NA",
    "OTit": "",
    "FOA": "1815",
    "Rating": "AUG25",
    "Gms": "0",
    "K": "20",
    "B-day": "1999",
    "Flag": ""
  },
  {
    "ID Number": "8403309",
    "Name": "Mejia, Camila",
    "Fed": "HON",
    "Sex": "F",
    "Title": "",
    "WTit": "",
    "OTit": "",
    "FOA": "1579",
    "Rating": "AUG25",
    "Gms": "0",
    "K": "20",
    "B-day": "2004",
    "Flag": "wi"
  },
  {
    "ID Number": "8403554",
    "Name": "Mejia, Jesus",
    "Fed": "HON",
    "Sex": "M",
    "Title": "",
    "WTit": "",
    "OTit": "",
    "FOA": "1781",
    "Rating": "AUG25",
    "Gms": "0",
    "K": "40",
    "B-day": "1989",
    "Flag": "i"
  },
  {
    "ID Number": "8400520",
    "Name": "Mendez, Juan F",
    "Fed": "HON",
    "Sex": "M",
    "Title": "",
    "WTit": "",
    "OTit": "",
    "FOA": "1952",
    "Rating": "AUG25",
    "Gms": "0",
    "K": "20",
    "B-day": "1948",
    "Flag": "i"
  },
  {
    "ID Number": "8401020",
    "Name": "Mendoza, Edwin",
    "Fed": "HON",
    "Sex": "M",
    "Title": "CM",
    "WTit": "",
    "OTit": "",
    "FOA": "1884",
    "Rating": "AUG25",
    "Gms": "0",
    "K": "20",
    "B-day": "1985",
    "Flag": ""
  },
  {
    "ID Number": "8405980",
    "Name": "Menocal, Nicole",
    "Fed": "HON",
    "Sex": "F",
    "Title": "",
    "WTit": "",
    "OTit": "",
    "FOA": "1599",
    "Rating": "AUG25",
    "Gms": "0",
    "K": "20",
    "B-day": "2000",
    "Flag": "w"
  },
  {
    "ID Number": "8410062",
    "Name": "Merino Vallecillo, Angela Sofia",
    "Fed": "HON",
    "Sex": "F",
    "Title": "",
    "WTit": "",
    "OTit": "",
    "FOA": "1449",
    "Rating": "AUG25",
    "Gms": "0",
    "K": "40",
    "B-day": "2008",
    "Flag": "w"
  },
  {
    "ID Number": "8410135",
    "Name": "Merino, Nelson Rogelio",
    "Fed": "HON",
    "Sex": "M",
    "Title": "",
    "WTit": "",
    "OTit": "",
    "FOA": "1459",
    "Rating": "AUG25",
    "Gms": "0",
    "K": "40",
    "B-day": "1979",
    "Flag": "i"
  },
  {
    "ID Number": "8415501",
    "Name": "Meza Acosta, Mario Gaspar",
    "Fed": "HON",
    "Sex": "M",
    "Title": "",
    "WTit": "",
    "OTit": "",
    "FOA": "1867",
    "Rating": "AUG25",
    "Gms": "0",
    "K": "40",
    "B-day": "2000",
    "Flag": ""
  },
  {
    "ID Number": "8400610",
    "Name": "Meza MartInez, Alcides Ivan",
    "Fed": "HON",
    "Sex": "M",
    "Title": "",
    "WTit": "",
    "OTit": "",
    "FOA": "AGM",
    "Rating": "AUG25",
    "Gms": "2088",
    "K": "0",
    "B-day": "1978",
    "Flag": "i"
  },
  {
    "ID Number": "8401411",
    "Name": "Miliam Escobar, David Isaac",
    "Fed": "HON",
    "Sex": "M",
    "Title": "",
    "WTit": "",
    "OTit": "",
    "FOA": "1880",
    "Rating": "AUG25",
    "Gms": "0",
    "K": "20",
    "B-day": "2000",
    "Flag": "i"
  },
  {
    "ID Number": "8400830",
    "Name": "Miller Canales, Marlon Mitchell",
    "Fed": "HON",
    "Sex": "M",
    "Title": "",
    "WTit": "",
    "OTit": "",
    "FOA": "1838",
    "Rating": "AUG25",
    "Gms": "0",
    "K": "20",
    "B-day": "1973",
    "Flag": "i"
  },
  {
    "ID Number": "8402868",
    "Name": "Miller Matute, Glenn Alexander",
    "Fed": "HON",
    "Sex": "M",
    "Title": "",
    "WTit": "",
    "OTit": "",
    "FOA": "1536",
    "Rating": "AUG25",
    "Gms": "0",
    "K": "40",
    "B-day": "2008",
    "Flag": "i"
  },
  {
    "ID Number": "8400296",
    "Name": "Montesinos, Jorge",
    "Fed": "HON",
    "Sex": "M",
    "Title": "FM",
    "WTit": "",
    "OTit": "",
    "FOA": "1971",
    "Rating": "AUG25",
    "Gms": "0",
    "K": "20",
    "B-day": "1955",
    "Flag": ""
  },
  {
    "ID Number": "8400849",
    "Name": "Moreno Bulnes, Jose Manuel",
    "Fed": "HON",
    "Sex": "M",
    "Title": "",
    "WTit": "",
    "OTit": "",
    "FOA": "1869",
    "Rating": "AUG25",
    "Gms": "0",
    "K": "20",
    "B-day": "1986",
    "Flag": "i"
  },
  {
    "ID Number": "8413746",
    "Name": "Moreno Moncada, Jorge Alberto",
    "Fed": "HON",
    "Sex": "M",
    "Title": "",
    "WTit": "",
    "OTit": "",
    "FOA": "AFM",
    "Rating": "AUG25",
    "Gms": "1819",
    "K": "1",
    "B-day": "2008",
    "Flag": ""
  },
  {
    "ID Number": "8408220",
    "Name": "Munoz Valeriano, Nelson Gerardo",
    "Fed": "HON",
    "Sex": "M",
    "Title": "",
    "WTit": "",
    "OTit": "",
    "FOA": "1809",
    "Rating": "AUG25",
    "Gms": "0",
    "K": "20",
    "B-day": "1964",
    "Flag": "i"
  },
  {
    "ID Number": "8410518",
    "Name": "Murillo Fortin, Ethan",
    "Fed": "HON",
    "Sex": "M",
    "Title": "",
    "WTit": "",
    "OTit": "",
    "FOA": "1462",
    "Rating": "AUG25",
    "Gms": "0",
    "K": "40",
    "B-day": "2012",
    "Flag": ""
  },
  {
    "ID Number": "8410569",
    "Name": "Murillo Fortin, Iker",
    "Fed": "HON",
    "Sex": "M",
    "Title": "",
    "WTit": "",
    "OTit": "",
    "FOA": "1648",
    "Rating": "AUG25",
    "Gms": "0",
    "K": "40",
    "B-day": "2010",
    "Flag": ""
  },
  {
    "ID Number": "8414874",
    "Name": "Murillo Rodriguez, Javier Alejandro",
    "Fed": "HON",
    "Sex": "M",
    "Title": "",
    "WTit": "",
    "OTit": "",
    "FOA": "1596",
    "Rating": "AUG25",
    "Gms": "0",
    "K": "40",
    "B-day": "2012",
    "Flag": ""
  },
  {
    "ID Number": "8408238",
    "Name": "Nieto Sanchez, Andy Daniel",
    "Fed": "HON",
    "Sex": "M",
    "Title": "",
    "WTit": "",
    "OTit": "",
    "FOA": "1867",
    "Rating": "AUG25",
    "Gms": "0",
    "K": "20",
    "B-day": "1999",
    "Flag": ""
  },
  {
    "ID Number": "8411409",
    "Name": "Noriega Mejia, Luis David",
    "Fed": "HON",
    "Sex": "M",
    "Title": "",
    "WTit": "",
    "OTit": "",
    "FOA": "1808",
    "Rating": "AUG25",
    "Gms": "0",
    "K": "40",
    "B-day": "2009",
    "Flag": "i"
  },
  {
    "ID Number": "8400857",
    "Name": "Obregon Amador, Jose Francisco",
    "Fed": "HON",
    "Sex": "M",
    "Title": "",
    "WTit": "",
    "OTit": "",
    "FOA": "1896",
    "Rating": "AUG25",
    "Gms": "0",
    "K": "20",
    "B-day": "1985",
    "Flag": ""
  },
  {
    "ID Number": "8401950",
    "Name": "Oliva, Jesel",
    "Fed": "HON",
    "Sex": "M",
    "Title": "",
    "WTit": "",
    "OTit": "",
    "FOA": "1860",
    "Rating": "AUG25",
    "Gms": "0",
    "K": "20",
    "B-day": "0",
    "Flag": "i"
  },
  {
    "ID Number": "8411328",
    "Name": "Ordonez Canales, Josue Fernando",
    "Fed": "HON",
    "Sex": "M",
    "Title": "",
    "WTit": "",
    "OTit": "",
    "FOA": "1605",
    "Rating": "AUG25",
    "Gms": "0",
    "K": "40",
    "B-day": "2008",
    "Flag": ""
  },
  {
    "ID Number": "8401675",
    "Name": "Orellana, Guillermo",
    "Fed": "HON",
    "Sex": "M",
    "Title": "",
    "WTit": "",
    "OTit": "",
    "FOA": "1977",
    "Rating": "AUG25",
    "Gms": "0",
    "K": "40",
    "B-day": "0",
    "Flag": ""
  },
  {
    "ID Number": "8408262",
    "Name": "Orellana, Rafael",
    "Fed": "HON",
    "Sex": "M",
    "Title": "",
    "WTit": "",
    "OTit": "",
    "FOA": "1707",
    "Rating": "AUG25",
    "Gms": "0",
    "K": "20",
    "B-day": "1997",
    "Flag": "i"
  },
  {
    "ID Number": "8401772",
    "Name": "Oseguera, Pablo",
    "Fed": "HON",
    "Sex": "M",
    "Title": "",
    "WTit": "",
    "OTit": "",
    "FOA": "1972",
    "Rating": "AUG25",
    "Gms": "0",
    "K": "20",
    "B-day": "1993",
    "Flag": ""
  },
  {
    "ID Number": "8402183",
    "Name": "Oseguera, Suhey",
    "Fed": "HON",
    "Sex": "F",
    "Title": "",
    "WTit": "",
    "OTit": "",
    "FOA": "1525",
    "Rating": "AUG25",
    "Gms": "0",
    "K": "40",
    "B-day": "1990",
    "Flag": "w"
  },
  {
    "ID Number": "8414475",
    "Name": "Osorto Chavez, Zoe Iveth",
    "Fed": "HON",
    "Sex": "F",
    "Title": "",
    "WTit": "",
    "OTit": "",
    "FOA": "1560",
    "Rating": "AUG25",
    "Gms": "0",
    "K": "40",
    "B-day": "2013",
    "Flag": "w"
  },
  {
    "ID Number": "8411719",
    "Name": "Pacheco, Carlos",
    "Fed": "HON",
    "Sex": "M",
    "Title": "",
    "WTit": "",
    "OTit": "",
    "FOA": "1768",
    "Rating": "AUG25",
    "Gms": "0",
    "K": "20",
    "B-day": "1988",
    "Flag": "i"
  },
  {
    "ID Number": "8409439",
    "Name": "Padilla Canelo, Manuel Eduardo",
    "Fed": "HON",
    "Sex": "M",
    "Title": "",
    "WTit": "",
    "OTit": "",
    "FOA": "1776",
    "Rating": "AUG25",
    "Gms": "0",
    "K": "20",
    "B-day": "1997",
    "Flag": ""
  },
  {
    "ID Number": "8412863",
    "Name": "Padilla, Angel Roberto",
    "Fed": "HON",
    "Sex": "M",
    "Title": "",
    "WTit": "",
    "OTit": "",
    "FOA": "1539",
    "Rating": "AUG25",
    "Gms": "0",
    "K": "40",
    "B-day": "2008",
    "Flag": "i"
  },
  {
    "ID Number": "8405409",
    "Name": "Paiz, Wilfredo",
    "Fed": "HON",
    "Sex": "M",
    "Title": "",
    "WTit": "",
    "OTit": "",
    "FOA": "1645",
    "Rating": "AUG25",
    "Gms": "13",
    "K": "40",
    "B-day": "1998",
    "Flag": ""
  },
  {
    "ID Number": "8413940",
    "Name": "Palencia Rojas, Andre Lenin",
    "Fed": "HON",
    "Sex": "M",
    "Title": "",
    "WTit": "",
    "OTit": "",
    "FOA": "1482",
    "Rating": "AUG25",
    "Gms": "0",
    "K": "40",
    "B-day": "2008",
    "Flag": "i"
  },
  {
    "ID Number": "8400288",
    "Name": "Paredes, Ricardo Enrique",
    "Fed": "HON",
    "Sex": "M",
    "Title": "CM",
    "WTit": "NA",
    "OTit": "",
    "FOA": "1849",
    "Rating": "AUG25",
    "Gms": "0",
    "K": "40",
    "B-day": "1990",
    "Flag": "i"
  },
  {
    "ID Number": "8408246",
    "Name": "Paz Flores, Jose Icsacc",
    "Fed": "HON",
    "Sex": "M",
    "Title": "",
    "WTit": "",
    "OTit": "",
    "FOA": "AFM",
    "Rating": "AUG25",
    "Gms": "1804",
    "K": "0",
    "B-day": "1994",
    "Flag": ""
  },
  {
    "ID Number": "8414823",
    "Name": "Paz, Marcelo",
    "Fed": "HON",
    "Sex": "M",
    "Title": "",
    "WTit": "",
    "OTit": "",
    "FOA": "1759",
    "Rating": "AUG25",
    "Gms": "0",
    "K": "40",
    "B-day": "1997",
    "Flag": ""
  },
  {
    "ID Number": "8414580",
    "Name": "Paz, Saul",
    "Fed": "HON",
    "Sex": "M",
    "Title": "",
    "WTit": "",
    "OTit": "",
    "FOA": "1854",
    "Rating": "AUG25",
    "Gms": "0",
    "K": "40",
    "B-day": "1994",
    "Flag": ""
  },
  {
    "ID Number": "8407010",
    "Name": "Perdomo, Hesler",
    "Fed": "HON",
    "Sex": "M",
    "Title": "",
    "WTit": "",
    "OTit": "",
    "FOA": "1690",
    "Rating": "AUG25",
    "Gms": "0",
    "K": "40",
    "B-day": "2008",
    "Flag": "i"
  },
  {
    "ID Number": "8408068",
    "Name": "Perdomo, Joshua",
    "Fed": "HON",
    "Sex": "M",
    "Title": "",
    "WTit": "",
    "OTit": "",
    "FOA": "1433",
    "Rating": "AUG25",
    "Gms": "0",
    "K": "40",
    "B-day": "2011",
    "Flag": "i"
  },
  {
    "ID Number": "8410364",
    "Name": "Pineda Melgar, Ismael",
    "Fed": "HON",
    "Sex": "M",
    "Title": "",
    "WTit": "",
    "OTit": "",
    "FOA": "1584",
    "Rating": "AUG25",
    "Gms": "0",
    "K": "40",
    "B-day": "2014",
    "Flag": ""
  },
  {
    "ID Number": "8414181",
    "Name": "Pinto Barahona, Ana Lucia",
    "Fed": "HON",
    "Sex": "F",
    "Title": "",
    "WTit": "",
    "OTit": "",
    "FOA": "1440",
    "Rating": "AUG25",
    "Gms": "0",
    "K": "40",
    "B-day": "2011",
    "Flag": "w"
  },
  {
    "ID Number": "8412839",
    "Name": "Polanco, Sara",
    "Fed": "HON",
    "Sex": "F",
    "Title": "",
    "WTit": "",
    "OTit": "",
    "FOA": "1470",
    "Rating": "AUG25",
    "Gms": "0",
    "K": "40",
    "B-day": "2009",
    "Flag": "w"
  },
  {
    "ID Number": "8408823",
    "Name": "Portillo, Roberto Emmanuel",
    "Fed": "HON",
    "Sex": "M",
    "Title": "",
    "WTit": "",
    "OTit": "",
    "FOA": "1794",
    "Rating": "AUG25",
    "Gms": "0",
    "K": "20",
    "B-day": "1991",
    "Flag": "i"
  },
  {
    "ID Number": "8410259",
    "Name": "Ramirez, Daniel",
    "Fed": "HON",
    "Sex": "M",
    "Title": "",
    "WTit": "",
    "OTit": "",
    "FOA": "1812",
    "Rating": "AUG25",
    "Gms": "0",
    "K": "40",
    "B-day": "2009",
    "Flag": ""
  },
  {
    "ID Number": "8402337",
    "Name": "Ramos Donaire, Maria Pradi",
    "Fed": "HON",
    "Sex": "F",
    "Title": "WCM",
    "WTit": "WCM",
    "OTit": "",
    "FOA": "1744",
    "Rating": "AUG25",
    "Gms": "0",
    "K": "20",
    "B-day": "2002",
    "Flag": "wi"
  },
  {
    "ID Number": "8412618",
    "Name": "Ramos Mendoza, Milton",
    "Fed": "HON",
    "Sex": "M",
    "Title": "",
    "WTit": "",
    "OTit": "",
    "FOA": "1573",
    "Rating": "AUG25",
    "Gms": "0",
    "K": "40",
    "B-day": "2008",
    "Flag": ""
  },
  {
    "ID Number": "8400377",
    "Name": "Rapalo, Jose",
    "Fed": "HON",
    "Sex": "M",
    "Title": "",
    "WTit": "",
    "OTit": "",
    "FOA": "1911",
    "Rating": "AUG25",
    "Gms": "0",
    "K": "20",
    "B-day": "1982",
    "Flag": "i"
  },
  {
    "ID Number": "8402973",
    "Name": "Raudales Canaca, Victor Alfonso",
    "Fed": "HON",
    "Sex": "M",
    "Title": "",
    "WTit": "",
    "OTit": "",
    "FOA": "1601",
    "Rating": "AUG25",
    "Gms": "0",
    "K": "20",
    "B-day": "1985",
    "Flag": "i"
  },
  {
    "ID Number": "8414300",
    "Name": "Rayle Kitres, Davor",
    "Fed": "HON",
    "Sex": "M",
    "Title": "",
    "WTit": "",
    "OTit": "",
    "FOA": "1463",
    "Rating": "AUG25",
    "Gms": "0",
    "K": "40",
    "B-day": "2005",
    "Flag": "i"
  },
  {
    "ID Number": "8414394",
    "Name": "Regalado Rivera, Fernando",
    "Fed": "HON",
    "Sex": "M",
    "Title": "",
    "WTit": "",
    "OTit": "",
    "FOA": "1591",
    "Rating": "AUG25",
    "Gms": "0",
    "K": "40",
    "B-day": "2009",
    "Flag": ""
  },
  {
    "ID Number": "8403473",
    "Name": "Reyes, Oscar",
    "Fed": "HON",
    "Sex": "M",
    "Title": "",
    "WTit": "",
    "OTit": "",
    "FOA": "1727",
    "Rating": "AUG25",
    "Gms": "0",
    "K": "20",
    "B-day": "1985",
    "Flag": "i"
  },
  {
    "ID Number": "8405123",
    "Name": "Rishmawy, Feisal",
    "Fed": "HON",
    "Sex": "M",
    "Title": "",
    "WTit": "",
    "OTit": "",
    "FOA": "1736",
    "Rating": "AUG25",
    "Gms": "0",
    "K": "20",
    "B-day": "1956",
    "Flag": "i"
  },
  {
    "ID Number": "8413886",
    "Name": "Rivera Mejia, Guillermo",
    "Fed": "HON",
    "Sex": "M",
    "Title": "",
    "WTit": "",
    "OTit": "",
    "FOA": "1601",
    "Rating": "AUG25",
    "Gms": "0",
    "K": "40",
    "B-day": "2002",
    "Flag": "i"
  },
  {
    "ID Number": "8400385",
    "Name": "Rivera Rapalo, Juan Ramon",
    "Fed": "HON",
    "Sex": "M",
    "Title": "",
    "WTit": "",
    "OTit": "",
    "FOA": "1915",
    "Rating": "AUG25",
    "Gms": "0",
    "K": "20",
    "B-day": "1978",
    "Flag": "i"
  },
  {
    "ID Number": "8406693",
    "Name": "Rodezno Chavarria, Diego Jose",
    "Fed": "HON",
    "Sex": "M",
    "Title": "",
    "WTit": "",
    "OTit": "",
    "FOA": "1764",
    "Rating": "AUG25",
    "Gms": "0",
    "K": "20",
    "B-day": "1986",
    "Flag": "i"
  },
  {
    "ID Number": "8410267",
    "Name": "Rodezno, Jeremy",
    "Fed": "HON",
    "Sex": "M",
    "Title": "",
    "WTit": "",
    "OTit": "",
    "FOA": "1628",
    "Rating": "AUG25",
    "Gms": "0",
    "K": "40",
    "B-day": "2009",
    "Flag": ""
  },
  {
    "ID Number": "8415439",
    "Name": "Rodriguez Ardon, Javier Alexander",
    "Fed": "HON",
    "Sex": "M",
    "Title": "",
    "WTit": "",
    "OTit": "",
    "FOA": "1761",
    "Rating": "AUG25",
    "Gms": "0",
    "K": "40",
    "B-day": "2001",
    "Flag": ""
  },
  {
    "ID Number": "8406332",
    "Name": "Rodriguez Ulloa, Josue",
    "Fed": "HON",
    "Sex": "M",
    "Title": "",
    "WTit": "",
    "OTit": "",
    "FOA": "1862",
    "Rating": "AUG25",
    "Gms": "0",
    "K": "20",
    "B-day": "2000",
    "Flag": ""
  },
  {
    "ID Number": "8415005",
    "Name": "Romero Fuentes, Brandon",
    "Fed": "HON",
    "Sex": "M",
    "Title": "",
    "WTit": "",
    "OTit": "",
    "FOA": "1548",
    "Rating": "AUG25",
    "Gms": "0",
    "K": "40",
    "B-day": "2013",
    "Flag": ""
  },
  {
    "ID Number": "8410372",
    "Name": "Romero Gomez, Jose Gonzalo",
    "Fed": "HON",
    "Sex": "M",
    "Title": "",
    "WTit": "",
    "OTit": "",
    "FOA": "1595",
    "Rating": "AUG25",
    "Gms": "0",
    "K": "40",
    "B-day": "2016",
    "Flag": ""
  },
  {
    "ID Number": "8405875",
    "Name": "Romero Lopez, Jonathan",
    "Fed": "HON",
    "Sex": "M",
    "Title": "",
    "WTit": "",
    "OTit": "",
    "FOA": "1725",
    "Rating": "AUG25",
    "Gms": "0",
    "K": "20",
    "B-day": "1998",
    "Flag": "i"
  },
  {
    "ID Number": "8406340",
    "Name": "Rosa, Leonidas",
    "Fed": "HON",
    "Sex": "M",
    "Title": "",
    "WTit": "",
    "OTit": "",
    "FOA": "1680",
    "Rating": "AUG25",
    "Gms": "0",
    "K": "40",
    "B-day": "2006",
    "Flag": "i"
  },
  {
    "ID Number": "8404020",
    "Name": "Rosales, Carlos Arturo",
    "Fed": "HON",
    "Sex": "M",
    "Title": "",
    "WTit": "",
    "OTit": "",
    "FOA": "1701",
    "Rating": "AUG25",
    "Gms": "0",
    "K": "20",
    "B-day": "2001",
    "Flag": "i"
  },
  {
    "ID Number": "8405328",
    "Name": "Rosales, Wilfredo",
    "Fed": "HON",
    "Sex": "M",
    "Title": "",
    "WTit": "",
    "OTit": "",
    "FOA": "1773",
    "Rating": "AUG25",
    "Gms": "0",
    "K": "40",
    "B-day": "1980",
    "Flag": ""
  },
  {
    "ID Number": "8402027",
    "Name": "Rubi, Carlos",
    "Fed": "HON",
    "Sex": "M",
    "Title": "",
    "WTit": "",
    "OTit": "",
    "FOA": "1916",
    "Rating": "AUG25",
    "Gms": "0",
    "K": "40",
    "B-day": "1989",
    "Flag": "i"
  },
  {
    "ID Number": "8402485",
    "Name": "Sabillon, Sergio",
    "Fed": "HON",
    "Sex": "M",
    "Title": "",
    "WTit": "",
    "OTit": "",
    "FOA": "1689",
    "Rating": "AUG25",
    "Gms": "0",
    "K": "20",
    "B-day": "1984",
    "Flag": "i"
  },
  {
    "ID Number": "8401420",
    "Name": "Samayoa, Gerardo",
    "Fed": "HON",
    "Sex": "M",
    "Title": "",
    "WTit": "",
    "OTit": "",
    "FOA": "1842",
    "Rating": "AUG25",
    "Gms": "0",
    "K": "20",
    "B-day": "0",
    "Flag": "i"
  },
  {
    "ID Number": "8400393",
    "Name": "Samayoa, Jeremias",
    "Fed": "HON",
    "Sex": "M",
    "Title": "FM",
    "WTit": "",
    "OTit": "",
    "FOA": "2064",
    "Rating": "AUG25",
    "Gms": "0",
    "K": "20",
    "B-day": "1965",
    "Flag": "i"
  },
  {
    "ID Number": "8402965",
    "Name": "Sanchez Padilla, Armando Edilber",
    "Fed": "HON",
    "Sex": "M",
    "Title": "",
    "WTit": "",
    "OTit": "",
    "FOA": "1739",
    "Rating": "AUG25",
    "Gms": "0",
    "K": "20",
    "B-day": "1969",
    "Flag": "i"
  },
  {
    "ID Number": "8415498",
    "Name": "Sanchez Perez, Macrin Daniel",
    "Fed": "HON",
    "Sex": "M",
    "Title": "",
    "WTit": "",
    "OTit": "",
    "FOA": "1554",
    "Rating": "AUG25",
    "Gms": "0",
    "K": "40",
    "B-day": "2011",
    "Flag": ""
  },
  {
    "ID Number": "8408122",
    "Name": "Sanchez Rodriguez, Herson Adiel",
    "Fed": "HON",
    "Sex": "M",
    "Title": "",
    "WTit": "",
    "OTit": "",
    "FOA": "1856",
    "Rating": "AUG25",
    "Gms": "0",
    "K": "20",
    "B-day": "1980",
    "Flag": "i"
  },
  {
    "ID Number": "8411093",
    "Name": "Sanchez, Miguel",
    "Fed": "HON",
    "Sex": "M",
    "Title": "",
    "WTit": "",
    "OTit": "",
    "FOA": "1520",
    "Rating": "AUG25",
    "Gms": "0",
    "K": "20",
    "B-day": "2000",
    "Flag": "i"
  },
  {
    "ID Number": "8410283",
    "Name": "Sequeiros Alvarado, Rafael",
    "Fed": "HON",
    "Sex": "M",
    "Title": "",
    "WTit": "NA",
    "OTit": "",
    "FOA": "1558",
    "Rating": "AUG25",
    "Gms": "0",
    "K": "40",
    "B-day": "1994",
    "Flag": "i"
  },
  {
    "ID Number": "8408432",
    "Name": "Sevilla Bulnes, Daniel Roberto",
    "Fed": "HON",
    "Sex": "M",
    "Title": "",
    "WTit": "",
    "OTit": "",
    "FOA": "1792",
    "Rating": "AUG25",
    "Gms": "0",
    "K": "20",
    "B-day": "1990",
    "Flag": "i"
  },
  {
    "ID Number": "8410160",
    "Name": "Sierra, Guillermo",
    "Fed": "HON",
    "Sex": "M",
    "Title": "",
    "WTit": "NA",
    "OTit": "",
    "FOA": "1657",
    "Rating": "AUG25",
    "Gms": "0",
    "K": "20",
    "B-day": "1983",
    "Flag": "i"
  },
  {
    "ID Number": "8413860",
    "Name": "Siman Martin, Andres Jose",
    "Fed": "HON",
    "Sex": "M",
    "Title": "",
    "WTit": "",
    "OTit": "",
    "FOA": "1691",
    "Rating": "AUG25",
    "Gms": "0",
    "K": "40",
    "B-day": "2012",
    "Flag": ""
  },
  {
    "ID Number": "8400440",
    "Name": "Solorzano, Andres",
    "Fed": "HON",
    "Sex": "M",
    "Title": "",
    "WTit": "",
    "OTit": "",
    "FOA": "1934",
    "Rating": "AUG25",
    "Gms": "0",
    "K": "20",
    "B-day": "1985",
    "Flag": ""
  },
  {
    "ID Number": "8415536",
    "Name": "Sosa Romero, Owen Yuvier",
    "Fed": "HON",
    "Sex": "M",
    "Title": "",
    "WTit": "",
    "OTit": "",
    "FOA": "1608",
    "Rating": "AUG25",
    "Gms": "0",
    "K": "40",
    "B-day": "2006",
    "Flag": ""
  },
  {
    "ID Number": "8402230",
    "Name": "Suazo, Olvin",
    "Fed": "HON",
    "Sex": "M",
    "Title": "",
    "WTit": "",
    "OTit": "",
    "FOA": "1752",
    "Rating": "AUG25",
    "Gms": "0",
    "K": "20",
    "B-day": "1993",
    "Flag": "i"
  },
  {
    "ID Number": "8404232",
    "Name": "Szabo, Miklos",
    "Fed": "HON",
    "Sex": "M",
    "Title": "",
    "WTit": "",
    "OTit": "",
    "FOA": "1729",
    "Rating": "AUG25",
    "Gms": "0",
    "K": "40",
    "B-day": "1988",
    "Flag": ""
  },
  {
    "ID Number": "8406707",
    "Name": "Torres Canales, Fredys Alexander",
    "Fed": "HON",
    "Sex": "M",
    "Title": "",
    "WTit": "",
    "OTit": "",
    "FOA": "1692",
    "Rating": "AUG25",
    "Gms": "0",
    "K": "20",
    "B-day": "2002",
    "Flag": ""
  },
  {
    "ID Number": "8400504",
    "Name": "Torres Hernandez, Leslie Carolin",
    "Fed": "HON",
    "Sex": "F",
    "Title": "WFM",
    "WTit": "WFM",
    "OTit": "",
    "FOA": "1917",
    "Rating": "AUG25",
    "Gms": "0",
    "K": "20",
    "B-day": "1984",
    "Flag": "wi"
  },
  {
    "ID Number": "8415366",
    "Name": "Torres Reyes, Daniel Antonio",
    "Fed": "HON",
    "Sex": "M",
    "Title": "",
    "WTit": "",
    "OTit": "",
    "FOA": "1471",
    "Rating": "AUG25",
    "Gms": "0",
    "K": "40",
    "B-day": "1998",
    "Flag": ""
  },
  {
    "ID Number": "8411425",
    "Name": "Torres Sanchez, Joseph Eliel",
    "Fed": "HON",
    "Sex": "M",
    "Title": "",
    "WTit": "",
    "OTit": "",
    "FOA": "1465",
    "Rating": "AUG25",
    "Gms": "0",
    "K": "40",
    "B-day": "2012",
    "Flag": ""
  },
  {
    "ID Number": "8406766",
    "Name": "Torres, Byron",
    "Fed": "HON",
    "Sex": "M",
    "Title": "",
    "WTit": "",
    "OTit": "",
    "FOA": "1758",
    "Rating": "AUG25",
    "Gms": "0",
    "K": "20",
    "B-day": "2003",
    "Flag": "i"
  },
  {
    "ID Number": "8413045",
    "Name": "Umana Lopez, Jaime Jose",
    "Fed": "HON",
    "Sex": "M",
    "Title": "",
    "WTit": "",
    "OTit": "",
    "FOA": "1629",
    "Rating": "AUG25",
    "Gms": "0",
    "K": "40",
    "B-day": "2002",
    "Flag": "i"
  },
  {
    "ID Number": "8406278",
    "Name": "Urbina Toro, Roy",
    "Fed": "HON",
    "Sex": "M",
    "Title": "",
    "WTit": "",
    "OTit": "",
    "FOA": "1746",
    "Rating": "AUG25",
    "Gms": "0",
    "K": "20",
    "B-day": "1999",
    "Flag": "i"
  },
  {
    "ID Number": "8405360",
    "Name": "Urbina, Helena Sofia",
    "Fed": "HON",
    "Sex": "F",
    "Title": "",
    "WTit": "",
    "OTit": "",
    "FOA": "1496",
    "Rating": "AUG25",
    "Gms": "0",
    "K": "40",
    "B-day": "2010",
    "Flag": "wi"
  },
  {
    "ID Number": "8400253",
    "Name": "Urbina, Ricardo",
    "Fed": "HON",
    "Sex": "M",
    "Title": "IM",
    "WTit": "",
    "OTit": "",
    "FOA": "2155",
    "Rating": "AUG25",
    "Gms": "0",
    "K": "20",
    "B-day": "1977",
    "Flag": "i"
  },
  {
    "ID Number": "8406405",
    "Name": "Valladares, Jose",
    "Fed": "HON",
    "Sex": "M",
    "Title": "",
    "WTit": "",
    "OTit": "",
    "FOA": "1778",
    "Rating": "AUG25",
    "Gms": "0",
    "K": "20",
    "B-day": "1997",
    "Flag": "i"
  },
  {
    "ID Number": "8400920",
    "Name": "Vallejo Baca, Luis Mario",
    "Fed": "HON",
    "Sex": "M",
    "Title": "",
    "WTit": "",
    "OTit": "",
    "FOA": "AFM",
    "Rating": "AUG25",
    "Gms": "1983",
    "K": "0",
    "B-day": "1966",
    "Flag": ""
  },
  {
    "ID Number": "8409102",
    "Name": "Vargas Solorzano, Jimmy",
    "Fed": "HON",
    "Sex": "M",
    "Title": "",
    "WTit": "",
    "OTit": "",
    "FOA": "1686",
    "Rating": "AUG25",
    "Gms": "0",
    "K": "20",
    "B-day": "1994",
    "Flag": "i"
  },
  {
    "ID Number": "8407762",
    "Name": "Vasquez Zavala, Jesus Adonay",
    "Fed": "HON",
    "Sex": "M",
    "Title": "",
    "WTit": "",
    "OTit": "",
    "FOA": "1742",
    "Rating": "AUG25",
    "Gms": "0",
    "K": "20",
    "B-day": "1996",
    "Flag": ""
  },
  {
    "ID Number": "8402833",
    "Name": "Vasquez, Nazareno",
    "Fed": "HON",
    "Sex": "M",
    "Title": "",
    "WTit": "",
    "OTit": "",
    "FOA": "1884",
    "Rating": "AUG25",
    "Gms": "0",
    "K": "20",
    "B-day": "1993",
    "Flag": ""
  },
  {
    "ID Number": "8406472",
    "Name": "Velasquez Perez, Miguel",
    "Fed": "HON",
    "Sex": "M",
    "Title": "",
    "WTit": "NA",
    "OTit": "",
    "FOA": "1806",
    "Rating": "AUG25",
    "Gms": "0",
    "K": "20",
    "B-day": "1972",
    "Flag": "i"
  },
  {
    "ID Number": "8400024",
    "Name": "Velasquez, Hector",
    "Fed": "HON",
    "Sex": "M",
    "Title": "FM",
    "WTit": "",
    "OTit": "",
    "FOA": "1980",
    "Rating": "AUG25",
    "Gms": "0",
    "K": "20",
    "B-day": "1957",
    "Flag": ""
  },
  {
    "ID Number": "8407100",
    "Name": "Viana, Valeria",
    "Fed": "HON",
    "Sex": "F",
    "Title": "WFM",
    "WTit": "WFM",
    "OTit": "",
    "FOA": "1867",
    "Rating": "AUG25",
    "Gms": "0",
    "K": "20",
    "B-day": "2006",
    "Flag": "w"
  },
  {
    "ID Number": "8410780",
    "Name": "Villafranca, Rafael",
    "Fed": "HON",
    "Sex": "M",
    "Title": "",
    "WTit": "",
    "OTit": "",
    "FOA": "1835",
    "Rating": "AUG25",
    "Gms": "0",
    "K": "40",
    "B-day": "2007",
    "Flag": ""
  },
  {
    "ID Number": "8409021",
    "Name": "Zavala Alfaro, Alberto Jose",
    "Fed": "HON",
    "Sex": "M",
    "Title": "",
    "WTit": "",
    "OTit": "",
    "FOA": "1612",
    "Rating": "AUG25",
    "Gms": "0",
    "K": "40",
    "B-day": "1976",
    "Flag": ""
  },
  {
    "ID Number": "8407738",
    "Name": "Zavala, Henry",
    "Fed": "HON",
    "Sex": "M",
    "Title": "",
    "WTit": "",
    "OTit": "",
    "FOA": "1761",
    "Rating": "AUG25",
    "Gms": "0",
    "K": "40",
    "B-day": "1992",
    "Flag": "i"
  },
  {
    "ID Number": "8409978",
    "Name": "Zelaya, Jimmy",
    "Fed": "HON",
    "Sex": "M",
    "Title": "",
    "WTit": "",
    "OTit": "",
    "FOA": "1596",
    "Rating": "AUG25",
    "Gms": "0",
    "K": "40",
    "B-day": "2011",
    "Flag": "i"
  },
  {
    "ID Number": "8406367",
    "Name": "Zelaya, Josue",
    "Fed": "HON",
    "Sex": "M",
    "Title": "",
    "WTit": "",
    "OTit": "",
    "FOA": "1663",
    "Rating": "AUG25",
    "Gms": "0",
    "K": "40",
    "B-day": "2002",
    "Flag": ""
  },
  {
    "ID Number": "8400911",
    "Name": "Zuniga Calona, Ivan",
    "Fed": "HON",
    "Sex": "M",
    "Title": "",
    "WTit": "",
    "OTit": "",
    "FOA": "1916",
    "Rating": "AUG25",
    "Gms": "0",
    "K": "20",
    "B-day": "1951",
    "Flag": "i"
  },
  {
    "ID Number": "8407576",
    "Name": "Zuniga Garcia, German",
    "Fed": "HON",
    "Sex": "M",
    "Title": "",
    "WTit": "",
    "OTit": "",
    "FOA": "1886",
    "Rating": "AUG25",
    "Gms": "0",
    "K": "40",
    "B-day": "2005",
    "Flag": "i"
  }
]