[
  {
    "ID Number": "22400168"
  },
  {
    "ID Number": "22400796"
  },
  {
    "ID Number": "22400214"
  },
  {
    "ID Number": "22400443"
  },
  {
    "ID Number": "22400079"
  },
  {
    "ID Number": "22400230"
  },
  {
    "ID Number": "22400192"
  },
  {
    "ID Number": "22400044"
  },
  {
    "ID Number": "22400060"
  },
  {
    "ID Number": "22400621"
  },
  {
    "ID Number": "22400370"
  },
  {
    "ID Number": "22400800"
  },
  {
    "ID Number": "22400850"
  },
  {
    "ID Number": "22400010"
  },
  {
    "ID Number": "22400605"
  },
  {
    "ID Number": "22400095"
  },
  {
    "ID Number": "22400753"
  },
  {
    "ID Number": "22400567"
  },
  {
    "ID Number": "22400109"
  },
  {
    "ID Number": "22400052"
  },
  {
    "ID Number": "22400672"
  },
  {
    "ID Number": "22400141"
  },
  {
    "ID Number": "22400656"
  },
  {
    "ID Number": "22400770"
  },
  {
    "ID Number": "22400303"
  },
  {
    "ID Number": "22400125"
  },
  {
    "ID Number": "22400133"
  },
  {
    "ID Number": "22400842"
  },
  {
    "ID Number": "22400486"
  },
  {
    "ID Number": "22400460"
  },
  {
    "ID Number": "22400826"
  },
  {
    "ID Number": "22400087"
  },
  {
    "ID Number": "22400281"
  },
  {
    "ID Number": "22400117"
  },
  {
    "ID Number": "22400648"
  },
  {
    "ID Number": "22400664"
  },
  {
    "ID Number": "22400338"
  }
]