[
  {
    "ID Number": "16700937"
  },
  {
    "ID Number": "16700635"
  },
  {
    "ID Number": "16700082"
  },
  {
    "ID Number": "16700066"
  },
  {
    "ID Number": "16702980"
  },
  {
    "ID Number": "16701666"
  },
  {
    "ID Number": "16702115"
  },
  {
    "ID Number": "16700015"
  },
  {
    "ID Number": "16700228"
  },
  {
    "ID Number": "16700627"
  },
  {
    "ID Number": "16701402"
  },
  {
    "ID Number": "16702964"
  },
  {
    "ID Number": "16704444"
  },
  {
    "ID Number": "16701348"
  },
  {
    "ID Number": "16701674"
  },
  {
    "ID Number": "16700708"
  },
  {
    "ID Number": "16704339"
  },
  {
    "ID Number": "16703383"
  },
  {
    "ID Number": "16702131"
  },
  {
    "ID Number": "16704606"
  },
  {
    "ID Number": "16702123"
  },
  {
    "ID Number": "16700031"
  },
  {
    "ID Number": "16700023"
  },
  {
    "ID Number": "16700279"
  },
  {
    "ID Number": "16700872"
  },
  {
    "ID Number": "16700660"
  },
  {
    "ID Number": "16704649"
  },
  {
    "ID Number": "16701127"
  },
  {
    "ID Number": "16704410"
  },
  {
    "ID Number": "16701836"
  },
  {
    "ID Number": "16701690"
  },
  {
    "ID Number": "166172571"
  },
  {
    "ID Number": "16700600"
  },
  {
    "ID Number": "16701232"
  },
  {
    "ID Number": "5702950"
  },
  {
    "ID Number": "16701445"
  },
  {
    "ID Number": "16700783"
  },
  {
    "ID Number": "16702204"
  },
  {
    "ID Number": "16700457"
  },
  {
    "ID Number": "16700074"
  },
  {
    "ID Number": "16700295"
  },
  {
    "ID Number": "16704258"
  },
  {
    "ID Number": "16702190"
  },
  {
    "ID Number": "16705017"
  },
  {
    "ID Number": "16700309"
  },
  {
    "ID Number": "16700643"
  },
  {
    "ID Number": "16700090"
  },
  {
    "ID Number": "16700120"
  },
  {
    "ID Number": "16701720"
  },
  {
    "ID Number": "16702077"
  },
  {
    "ID Number": "16701992"
  },
  {
    "ID Number": "16705009"
  },
  {
    "ID Number": "16704479"
  },
  {
    "ID Number": "16700651"
  },
  {
    "ID Number": "16704266"
  },
  {
    "ID Number": "16700430"
  },
  {
    "ID Number": "16703634"
  },
  {
    "ID Number": "16704550"
  },
  {
    "ID Number": "16705823"
  },
  {
    "ID Number": "16701500"
  },
  {
    "ID Number": "16704690"
  },
  {
    "ID Number": "16704576"
  },
  {
    "ID Number": "16700929"
  },
  {
    "ID Number": "16705882"
  },
  {
    "ID Number": "16701925"
  },
  {
    "ID Number": "16701364"
  },
  {
    "ID Number": "16700988"
  },
  {
    "ID Number": "16705912"
  },
  {
    "ID Number": "16705890"
  },
  {
    "ID Number": "16701259"
  },
  {
    "ID Number": "16704975"
  },
  {
    "ID Number": "16704533"
  },
  {
    "ID Number": "16701020"
  },
  {
    "ID Number": "16701739"
  },
  {
    "ID Number": "16700724"
  },
  {
    "ID Number": "16704177"
  },
  {
    "ID Number": "16701291"
  },
  {
    "ID Number": "16702280"
  },
  {
    "ID Number": "16701801"
  },
  {
    "ID Number": "16702956"
  },
  {
    "ID Number": "16704738"
  },
  {
    "ID Number": "16704509"
  },
  {
    "ID Number": "16701747"
  },
  {
    "ID Number": "16701569"
  },
  {
    "ID Number": "16700058"
  },
  {
    "ID Number": "16700406"
  },
  {
    "ID Number": "16701160"
  },
  {
    "ID Number": "16700732"
  },
  {
    "ID Number": "16700414"
  },
  {
    "ID Number": "16700899"
  },
  {
    "ID Number": "16701585"
  },
  {
    "ID Number": "16701267"
  },
  {
    "ID Number": "16701593"
  },
  {
    "ID Number": "16700902"
  },
  {
    "ID Number": "16700392"
  },
  {
    "ID Number": "16700830"
  },
  {
    "ID Number": "16701615"
  },
  {
    "ID Number": "16700910"
  },
  {
    "ID Number": "16701828"
  },
  {
    "ID Number": "16701003"
  },
  {
    "ID Number": "16701658"
  },
  {
    "ID Number": "16700155"
  },
  {
    "ID Number": "16702522"
  }
]