[
  {
    "ID Number": "16700937",
    "Name": "Aala Mohamed Naushad",
    "Fed": "MDV",
    "Sex": "F",
    "Title": "",
    "WTit": "",
    "OTit": "",
    "Rating": "1555",
    "Gms": "0",
    "K": "40",
    "RatingMonth": "AUG25",
    "B-day": "2006",
    "Flag": "wi"
  },
  {
    "ID Number": "16700635",
    "Name": "Abdul Gafoor Moosa",
    "Fed": "MDV",
    "Sex": "M",
    "Title": "",
    "WTit": "",
    "OTit": "",
    "Rating": "1841",
    "Gms": "0",
    "K": "40",
    "RatingMonth": "AUG25",
    "B-day": "1947",
    "Flag": "i"
  },
  {
    "ID Number": "16700082",
    "Name": "Abdul Rahman Hassan",
    "Fed": "MDV",
    "Sex": "M",
    "Title": "",
    "WTit": "",
    "OTit": "",
    "Rating": "1891",
    "Gms": "0",
    "K": "40",
    "RatingMonth": "AUG25",
    "B-day": "1971",
    "Flag": "i"
  },
  {
    "ID Number": "16700066",
    "Name": "Abdul Rahman, Ali",
    "Fed": "MDV",
    "Sex": "M",
    "Title": "CM",
    "WTit": "",
    "OTit": "",
    "Rating": "1824",
    "Gms": "0",
    "K": "20",
    "RatingMonth": "AUG25",
    "B-day": "1969",
    "Flag": ""
  },
  {
    "ID Number": "16702980",
    "Name": "Abdulla Adil",
    "Fed": "MDV",
    "Sex": "M",
    "Title": "",
    "WTit": "",
    "OTit": "",
    "Rating": "1549",
    "Gms": "0",
    "K": "40",
    "RatingMonth": "AUG25",
    "B-day": "1973",
    "Flag": "i"
  },
  {
    "ID Number": "16701666",
    "Name": "Abdulla Mohamed",
    "Fed": "MDV",
    "Sex": "M",
    "Title": "",
    "WTit": "",
    "OTit": "",
    "Rating": "1692",
    "Gms": "0",
    "K": "40",
    "RatingMonth": "AUG25",
    "B-day": "1988",
    "Flag": "i"
  },
  {
    "ID Number": "16702115",
    "Name": "Abdulla Rasheed",
    "Fed": "MDV",
    "Sex": "M",
    "Title": "",
    "WTit": "",
    "OTit": "",
    "Rating": "1569",
    "Gms": "0",
    "K": "40",
    "RatingMonth": "AUG25",
    "B-day": "1972",
    "Flag": "i"
  },
  {
    "ID Number": "16700015",
    "Name": "Abdulla, Ibrahim",
    "Fed": "MDV",
    "Sex": "M",
    "Title": "",
    "WTit": "",
    "OTit": "",
    "Rating": "1839",
    "Gms": "0",
    "K": "40",
    "RatingMonth": "AUG25",
    "B-day": "1937",
    "Flag": "i"
  },
  {
    "ID Number": "16700228",
    "Name": "Abdulla, Mufeedh",
    "Fed": "MDV",
    "Sex": "M",
    "Title": "",
    "WTit": "",
    "OTit": "",
    "Rating": "1718",
    "Gms": "0",
    "K": "20",
    "RatingMonth": "AUG25",
    "B-day": "0",
    "Flag": "i"
  },
  {
    "ID Number": "16700627",
    "Name": "Abdulla, Zaura",
    "Fed": "MDV",
    "Sex": "F",
    "Title": "WCM",
    "WTit": "WCM",
    "OTit": "",
    "Rating": "1612",
    "Gms": "0",
    "K": "40",
    "RatingMonth": "AUG25",
    "B-day": "1996",
    "Flag": "wi"
  },
  {
    "ID Number": "16701402",
    "Name": "Adam Khalid, Aazzu",
    "Fed": "MDV",
    "Sex": "M",
    "Title": "",
    "WTit": "",
    "OTit": "",
    "Rating": "1644",
    "Gms": "0",
    "K": "40",
    "RatingMonth": "AUG25",
    "B-day": "2006",
    "Flag": "i"
  },
  {
    "ID Number": "16702964",
    "Name": "Adam Naseer",
    "Fed": "MDV",
    "Sex": "M",
    "Title": "",
    "WTit": "",
    "OTit": "",
    "Rating": "1527",
    "Gms": "0",
    "K": "40",
    "RatingMonth": "AUG25",
    "B-day": "1981",
    "Flag": "i"
  },
  {
    "ID Number": "16704444",
    "Name": "Ahmad Nihan Usman",
    "Fed": "MDV",
    "Sex": "M",
    "Title": "",
    "WTit": "",
    "OTit": "",
    "Rating": "1594",
    "Gms": "0",
    "K": "40",
    "RatingMonth": "AUG25",
    "B-day": "1989",
    "Flag": "i"
  },
  {
    "ID Number": "16701348",
    "Name": "Ahmed Aathik Haleem",
    "Fed": "MDV",
    "Sex": "M",
    "Title": "",
    "WTit": "",
    "OTit": "",
    "Rating": "1535",
    "Gms": "0",
    "K": "40",
    "RatingMonth": "AUG25",
    "B-day": "2008",
    "Flag": "i"
  },
  {
    "ID Number": "16701674",
    "Name": "Ahmed Aboobakuru",
    "Fed": "MDV",
    "Sex": "M",
    "Title": "",
    "WTit": "NA",
    "OTit": "",
    "Rating": "1735",
    "Gms": "0",
    "K": "20",
    "RatingMonth": "AUG25",
    "B-day": "1980",
    "Flag": "i"
  },
  {
    "ID Number": "16700708",
    "Name": "Ahmed Aman Ibrahim",
    "Fed": "MDV",
    "Sex": "M",
    "Title": "",
    "WTit": "",
    "OTit": "",
    "Rating": "1885",
    "Gms": "0",
    "K": "40",
    "RatingMonth": "AUG25",
    "B-day": "2000",
    "Flag": "i"
  },
  {
    "ID Number": "16704339",
    "Name": "Ahmed Asham Labeeb",
    "Fed": "MDV",
    "Sex": "M",
    "Title": "",
    "WTit": "NA",
    "OTit": "",
    "Rating": "1626",
    "Gms": "0",
    "K": "40",
    "RatingMonth": "AUG25",
    "B-day": "2002",
    "Flag": "i"
  },
  {
    "ID Number": "16703383",
    "Name": "Ahmed Khalaf",
    "Fed": "MDV",
    "Sex": "M",
    "Title": "",
    "WTit": "",
    "OTit": "",
    "Rating": "1584",
    "Gms": "0",
    "K": "40",
    "RatingMonth": "AUG25",
    "B-day": "2009",
    "Flag": "i"
  },
  {
    "ID Number": "16702131",
    "Name": "Ahmed Nizam",
    "Fed": "MDV",
    "Sex": "M",
    "Title": "",
    "WTit": "",
    "OTit": "",
    "Rating": "1736",
    "Gms": "0",
    "K": "40",
    "RatingMonth": "AUG25",
    "B-day": "1980",
    "Flag": "i"
  },
  {
    "ID Number": "16704606",
    "Name": "Ahmed Rasheed",
    "Fed": "MDV",
    "Sex": "M",
    "Title": "",
    "WTit": "",
    "OTit": "",
    "Rating": "1640",
    "Gms": "0",
    "K": "40",
    "RatingMonth": "AUG25",
    "B-day": "1971",
    "Flag": "i"
  },
  {
    "ID Number": "16702123",
    "Name": "Ahmed Yameen",
    "Fed": "MDV",
    "Sex": "M",
    "Title": "",
    "WTit": "",
    "OTit": "",
    "Rating": "1603",
    "Gms": "0",
    "K": "40",
    "RatingMonth": "AUG25",
    "B-day": "1998",
    "Flag": "i"
  },
  {
    "ID Number": "16700031",
    "Name": "Ahmed, Ashraf",
    "Fed": "MDV",
    "Sex": "M",
    "Title": "FM",
    "WTit": "",
    "OTit": "",
    "Rating": "1839",
    "Gms": "0",
    "K": "20",
    "RatingMonth": "AUG25",
    "B-day": "1976",
    "Flag": "i"
  },
  {
    "ID Number": "16700023",
    "Name": "Ahmed, Fuad",
    "Fed": "MDV",
    "Sex": "M",
    "Title": "CM",
    "WTit": "",
    "OTit": "",
    "Rating": "1816",
    "Gms": "0",
    "K": "20",
    "RatingMonth": "AUG25",
    "B-day": "1975",
    "Flag": "i"
  },
  {
    "ID Number": "16700279",
    "Name": "Ahmed, Naeem",
    "Fed": "MDV",
    "Sex": "M",
    "Title": "",
    "WTit": "",
    "OTit": "",
    "Rating": "1882",
    "Gms": "0",
    "K": "40",
    "RatingMonth": "AUG25",
    "B-day": "1949",
    "Flag": "i"
  },
  {
    "ID Number": "16700872",
    "Name": "Aiman Abdul Muhsin",
    "Fed": "MDV",
    "Sex": "M",
    "Title": "",
    "WTit": "",
    "OTit": "",
    "Rating": "1489",
    "Gms": "0",
    "K": "40",
    "RatingMonth": "AUG25",
    "B-day": "2000",
    "Flag": "i"
  },
  {
    "ID Number": "16700660",
    "Name": "Aishath Alya Mohamed Shareef",
    "Fed": "MDV",
    "Sex": "F",
    "Title": "",
    "WTit": "",
    "OTit": "",
    "Rating": "1455",
    "Gms": "0",
    "K": "20",
    "RatingMonth": "AUG25",
    "B-day": "2006",
    "Flag": "wi"
  },
  {
    "ID Number": "16704649",
    "Name": "Aishath Eenaal Junaid",
    "Fed": "MDV",
    "Sex": "F",
    "Title": "",
    "WTit": "",
    "OTit": "",
    "Rating": "1407",
    "Gms": "0",
    "K": "40",
    "RatingMonth": "AUG25",
    "B-day": "2011",
    "Flag": "wi"
  },
  {
    "ID Number": "16701127",
    "Name": "Aishath Iva Hassan",
    "Fed": "MDV",
    "Sex": "F",
    "Title": "WCM",
    "WTit": "WCM",
    "OTit": "",
    "Rating": "1583",
    "Gms": "0",
    "K": "40",
    "RatingMonth": "AUG25",
    "B-day": "2011",
    "Flag": "w"
  },
  {
    "ID Number": "16704410",
    "Name": "Aishath Zaara Shimad",
    "Fed": "MDV",
    "Sex": "F",
    "Title": "",
    "WTit": "",
    "OTit": "",
    "Rating": "1475",
    "Gms": "0",
    "K": "40",
    "RatingMonth": "AUG25",
    "B-day": "2012",
    "Flag": "w"
  },
  {
    "ID Number": "16701836",
    "Name": "Akil Ihsan Mustafa",
    "Fed": "MDV",
    "Sex": "M",
    "Title": "",
    "WTit": "",
    "OTit": "",
    "Rating": "1556",
    "Gms": "9",
    "K": "40",
    "RatingMonth": "AUG25",
    "B-day": "2008",
    "Flag": ""
  },
  {
    "ID Number": "16701690",
    "Name": "Ali Arham",
    "Fed": "MDV",
    "Sex": "M",
    "Title": "",
    "WTit": "",
    "OTit": "",
    "Rating": "1745",
    "Gms": "0",
    "K": "40",
    "RatingMonth": "AUG25",
    "B-day": "1983",
    "Flag": "i"
  },
  {
    "ID Number": "166172571",
    "Name": "Ali, Adnan",
    "Fed": "MDV",
    "Sex": "M",
    "Title": "",
    "WTit": "",
    "OTit": "",
    "Rating": "1696",
    "Gms": "0",
    "K": "40",
    "RatingMonth": "AUG25",
    "B-day": "1967",
    "Flag": "i"
  },
  {
    "ID Number": "16700600",
    "Name": "Ali, Nooh",
    "Fed": "MDV",
    "Sex": "M",
    "Title": "",
    "WTit": "",
    "OTit": "",
    "Rating": "1491",
    "Gms": "0",
    "K": "40",
    "RatingMonth": "AUG25",
    "B-day": "1962",
    "Flag": "i"
  },
  {
    "ID Number": "16701232",
    "Name": "Aminath Sara Haleem",
    "Fed": "MDV",
    "Sex": "F",
    "Title": "WCM",
    "WTit": "WCM",
    "OTit": "",
    "Rating": "1607",
    "Gms": "0",
    "K": "40",
    "RatingMonth": "AUG25",
    "B-day": "2010",
    "Flag": "w"
  },
  {
    "ID Number": "5702950",
    "Name": "Ayoob, Ali",
    "Fed": "MDV",
    "Sex": "M",
    "Title": "",
    "WTit": "",
    "OTit": "",
    "Rating": "1920",
    "Gms": "0",
    "K": "40",
    "RatingMonth": "AUG25",
    "B-day": "1974",
    "Flag": "i"
  },
  {
    "ID Number": "16701445",
    "Name": "Farooq, Noor",
    "Fed": "MDV",
    "Sex": "M",
    "Title": "",
    "WTit": "",
    "OTit": "",
    "Rating": "1662",
    "Gms": "0",
    "K": "20",
    "RatingMonth": "AUG25",
    "B-day": "1995",
    "Flag": "i"
  },
  {
    "ID Number": "16700783",
    "Name": "Fathih, Ismail",
    "Fed": "MDV",
    "Sex": "M",
    "Title": "",
    "WTit": "",
    "OTit": "",
    "Rating": "1606",
    "Gms": "0",
    "K": "40",
    "RatingMonth": "AUG25",
    "B-day": "1980",
    "Flag": "i"
  },
  {
    "ID Number": "16702204",
    "Name": "Fathmath Zoya Hassan Saeed",
    "Fed": "MDV",
    "Sex": "F",
    "Title": "",
    "WTit": "",
    "OTit": "",
    "Rating": "1475",
    "Gms": "0",
    "K": "40",
    "RatingMonth": "AUG25",
    "B-day": "2010",
    "Flag": "w"
  },
  {
    "ID Number": "16700457",
    "Name": "Hassan , Zayan Mohamed",
    "Fed": "MDV",
    "Sex": "M",
    "Title": "",
    "WTit": "",
    "OTit": "",
    "Rating": "1510",
    "Gms": "0",
    "K": "40",
    "RatingMonth": "AUG25",
    "B-day": "0",
    "Flag": "i"
  },
  {
    "ID Number": "16700074",
    "Name": "Hassan Samir",
    "Fed": "MDV",
    "Sex": "M",
    "Title": "",
    "WTit": "",
    "OTit": "",
    "Rating": "1891",
    "Gms": "0",
    "K": "40",
    "RatingMonth": "AUG25",
    "B-day": "1959",
    "Flag": "i"
  },
  {
    "ID Number": "16700295",
    "Name": "Hassan, Nasih",
    "Fed": "MDV",
    "Sex": "M",
    "Title": "",
    "WTit": "",
    "OTit": "",
    "Rating": "1690",
    "Gms": "0",
    "K": "40",
    "RatingMonth": "AUG25",
    "B-day": "1985",
    "Flag": "i"
  },
  {
    "ID Number": "16704258",
    "Name": "Hishaam Majeed",
    "Fed": "MDV",
    "Sex": "M",
    "Title": "",
    "WTit": "",
    "OTit": "",
    "Rating": "1479",
    "Gms": "0",
    "K": "40",
    "RatingMonth": "AUG25",
    "B-day": "1996",
    "Flag": "i"
  },
  {
    "ID Number": "16702190",
    "Name": "Hoodh Mohamed",
    "Fed": "MDV",
    "Sex": "M",
    "Title": "",
    "WTit": "",
    "OTit": "",
    "Rating": "1551",
    "Gms": "0",
    "K": "40",
    "RatingMonth": "AUG25",
    "B-day": "1992",
    "Flag": "i"
  },
  {
    "ID Number": "16705017",
    "Name": "Humaiz Hameed",
    "Fed": "MDV",
    "Sex": "M",
    "Title": "",
    "WTit": "",
    "OTit": "",
    "Rating": "1502",
    "Gms": "0",
    "K": "40",
    "RatingMonth": "AUG25",
    "B-day": "2009",
    "Flag": "i"
  },
  {
    "ID Number": "16700309",
    "Name": "Hussain , Nimal",
    "Fed": "MDV",
    "Sex": "M",
    "Title": "",
    "WTit": "",
    "OTit": "",
    "Rating": "1790",
    "Gms": "0",
    "K": "20",
    "RatingMonth": "AUG25",
    "B-day": "0",
    "Flag": ""
  },
  {
    "ID Number": "16700643",
    "Name": "Hussain Ali",
    "Fed": "MDV",
    "Sex": "M",
    "Title": "",
    "WTit": "",
    "OTit": "",
    "Rating": "1737",
    "Gms": "0",
    "K": "20",
    "RatingMonth": "AUG25",
    "B-day": "1964",
    "Flag": "i"
  },
  {
    "ID Number": "16700090",
    "Name": "Hussain Vishau Mohamed",
    "Fed": "MDV",
    "Sex": "M",
    "Title": "",
    "WTit": "",
    "OTit": "",
    "Rating": "1773",
    "Gms": "0",
    "K": "40",
    "RatingMonth": "AUG25",
    "B-day": "1984",
    "Flag": "i"
  },
  {
    "ID Number": "16700120",
    "Name": "Ibarhim Firaq",
    "Fed": "MDV",
    "Sex": "M",
    "Title": "",
    "WTit": "",
    "OTit": "",
    "Rating": "1821",
    "Gms": "0",
    "K": "20",
    "RatingMonth": "AUG25",
    "B-day": "1981",
    "Flag": "i"
  },
  {
    "ID Number": "16701720",
    "Name": "Ibrahim Fuad",
    "Fed": "MDV",
    "Sex": "M",
    "Title": "",
    "WTit": "",
    "OTit": "",
    "Rating": "1680",
    "Gms": "0",
    "K": "40",
    "RatingMonth": "AUG25",
    "B-day": "1979",
    "Flag": "i"
  },
  {
    "ID Number": "16702077",
    "Name": "Ibrahim Hisan",
    "Fed": "MDV",
    "Sex": "M",
    "Title": "",
    "WTit": "",
    "OTit": "",
    "Rating": "1585",
    "Gms": "0",
    "K": "40",
    "RatingMonth": "AUG25",
    "B-day": "1976",
    "Flag": "i"
  },
  {
    "ID Number": "16701992",
    "Name": "Ibrahim Imran Saeed",
    "Fed": "MDV",
    "Sex": "M",
    "Title": "",
    "WTit": "NA",
    "OTit": "",
    "Rating": "ACM",
    "Gms": "1574",
    "K": "0",
    "RatingMonth": "AUG25",
    "B-day": "1986",
    "Flag": ""
  },
  {
    "ID Number": "16705009",
    "Name": "Ibrahim Yumin Shimad",
    "Fed": "MDV",
    "Sex": "M",
    "Title": "",
    "WTit": "",
    "OTit": "",
    "Rating": "1472",
    "Gms": "0",
    "K": "40",
    "RatingMonth": "AUG25",
    "B-day": "2010",
    "Flag": "i"
  },
  {
    "ID Number": "16704479",
    "Name": "Ibthisham Abdulla",
    "Fed": "MDV",
    "Sex": "M",
    "Title": "",
    "WTit": "",
    "OTit": "",
    "Rating": "1471",
    "Gms": "0",
    "K": "40",
    "RatingMonth": "AUG25",
    "B-day": "1991",
    "Flag": "i"
  },
  {
    "ID Number": "16700651",
    "Name": "Ikaan Waleed",
    "Fed": "MDV",
    "Sex": "M",
    "Title": "",
    "WTit": "",
    "OTit": "",
    "Rating": "1564",
    "Gms": "0",
    "K": "40",
    "RatingMonth": "AUG25",
    "B-day": "2008",
    "Flag": "i"
  },
  {
    "ID Number": "16704266",
    "Name": "Iqbal Ismail",
    "Fed": "MDV",
    "Sex": "M",
    "Title": "",
    "WTit": "",
    "OTit": "",
    "Rating": "1641",
    "Gms": "0",
    "K": "40",
    "RatingMonth": "AUG25",
    "B-day": "1980",
    "Flag": "i"
  },
  {
    "ID Number": "16700430",
    "Name": "Ismail , Zain Mohamed",
    "Fed": "MDV",
    "Sex": "M",
    "Title": "",
    "WTit": "",
    "OTit": "",
    "Rating": "1587",
    "Gms": "0",
    "K": "40",
    "RatingMonth": "AUG25",
    "B-day": "1998",
    "Flag": "i"
  },
  {
    "ID Number": "16703634",
    "Name": "Ismail Aakin Hassan",
    "Fed": "MDV",
    "Sex": "M",
    "Title": "",
    "WTit": "",
    "OTit": "",
    "Rating": "1475",
    "Gms": "0",
    "K": "40",
    "RatingMonth": "AUG25",
    "B-day": "2016",
    "Flag": ""
  },
  {
    "ID Number": "16704550",
    "Name": "Ismail Shafeeg",
    "Fed": "MDV",
    "Sex": "M",
    "Title": "",
    "WTit": "",
    "OTit": "",
    "Rating": "1614",
    "Gms": "0",
    "K": "40",
    "RatingMonth": "AUG25",
    "B-day": "1985",
    "Flag": "i"
  },
  {
    "ID Number": "16705823",
    "Name": "Jadulla Ibrahim Manik",
    "Fed": "MDV",
    "Sex": "M",
    "Title": "",
    "WTit": "",
    "OTit": "",
    "Rating": "1497",
    "Gms": "0",
    "K": "40",
    "RatingMonth": "AUG25",
    "B-day": "1973",
    "Flag": "i"
  },
  {
    "ID Number": "16701500",
    "Name": "Jinah, Yusuf Izan",
    "Fed": "MDV",
    "Sex": "M",
    "Title": "",
    "WTit": "",
    "OTit": "",
    "Rating": "1502",
    "Gms": "0",
    "K": "40",
    "RatingMonth": "AUG25",
    "B-day": "2011",
    "Flag": "i"
  },
  {
    "ID Number": "16704690",
    "Name": "Jumainah Noorah Ahmed",
    "Fed": "MDV",
    "Sex": "F",
    "Title": "",
    "WTit": "",
    "OTit": "",
    "Rating": "1455",
    "Gms": "0",
    "K": "40",
    "RatingMonth": "AUG25",
    "B-day": "2012",
    "Flag": "w"
  },
  {
    "ID Number": "16704576",
    "Name": "Kaif Mohamed Mausoom",
    "Fed": "MDV",
    "Sex": "M",
    "Title": "",
    "WTit": "",
    "OTit": "",
    "Rating": "1433",
    "Gms": "0",
    "K": "40",
    "RatingMonth": "AUG25",
    "B-day": "2007",
    "Flag": "i"
  },
  {
    "ID Number": "16700929",
    "Name": "Kiyan Mohamed, Usamath",
    "Fed": "MDV",
    "Sex": "F",
    "Title": "",
    "WTit": "",
    "OTit": "",
    "Rating": "1448",
    "Gms": "0",
    "K": "40",
    "RatingMonth": "AUG25",
    "B-day": "2007",
    "Flag": "wi"
  },
  {
    "ID Number": "16705882",
    "Name": "Looth Mohamed Saeed",
    "Fed": "MDV",
    "Sex": "M",
    "Title": "",
    "WTit": "",
    "OTit": "",
    "Rating": "1599",
    "Gms": "0",
    "K": "40",
    "RatingMonth": "AUG25",
    "B-day": "2008",
    "Flag": "i"
  },
  {
    "ID Number": "16701925",
    "Name": "Mann Ismail Mukhthaba",
    "Fed": "MDV",
    "Sex": "M",
    "Title": "",
    "WTit": "",
    "OTit": "",
    "Rating": "1507",
    "Gms": "0",
    "K": "40",
    "RatingMonth": "AUG25",
    "B-day": "2010",
    "Flag": "i"
  },
  {
    "ID Number": "16701364",
    "Name": "Mariyam Laisa, Abdul Rasheed",
    "Fed": "MDV",
    "Sex": "F",
    "Title": "",
    "WTit": "NA",
    "OTit": "",
    "Rating": "1442",
    "Gms": "0",
    "K": "20",
    "RatingMonth": "AUG25",
    "B-day": "2005",
    "Flag": "wi"
  },
  {
    "ID Number": "16700988",
    "Name": "Maryam Mishka Migdhaadh",
    "Fed": "MDV",
    "Sex": "F",
    "Title": "",
    "WTit": "",
    "OTit": "",
    "Rating": "1492",
    "Gms": "0",
    "K": "40",
    "RatingMonth": "AUG25",
    "B-day": "2008",
    "Flag": "wi"
  },
  {
    "ID Number": "16705912",
    "Name": "Meekal Hassan Mohamed",
    "Fed": "MDV",
    "Sex": "M",
    "Title": "",
    "WTit": "",
    "OTit": "",
    "Rating": "1544",
    "Gms": "0",
    "K": "40",
    "RatingMonth": "AUG25",
    "B-day": "2008",
    "Flag": "i"
  },
  {
    "ID Number": "16705890",
    "Name": "Mohamed Aboobakuru",
    "Fed": "MDV",
    "Sex": "M",
    "Title": "",
    "WTit": "",
    "OTit": "",
    "Rating": "1638",
    "Gms": "0",
    "K": "40",
    "RatingMonth": "AUG25",
    "B-day": "1978",
    "Flag": "i"
  },
  {
    "ID Number": "16701259",
    "Name": "Mohamed Almaan Hassan",
    "Fed": "MDV",
    "Sex": "M",
    "Title": "",
    "WTit": "",
    "OTit": "",
    "Rating": "1442",
    "Gms": "0",
    "K": "40",
    "RatingMonth": "AUG25",
    "B-day": "2010",
    "Flag": "i"
  },
  {
    "ID Number": "16704975",
    "Name": "Mohamed Ayaan Ibrahim",
    "Fed": "MDV",
    "Sex": "M",
    "Title": "",
    "WTit": "",
    "OTit": "",
    "Rating": "1450",
    "Gms": "0",
    "K": "40",
    "RatingMonth": "AUG25",
    "B-day": "2009",
    "Flag": "i"
  },
  {
    "ID Number": "16704533",
    "Name": "Mohamed Hussain",
    "Fed": "MDV",
    "Sex": "M",
    "Title": "",
    "WTit": "",
    "OTit": "",
    "Rating": "1485",
    "Gms": "0",
    "K": "40",
    "RatingMonth": "AUG25",
    "B-day": "1981",
    "Flag": "i"
  },
  {
    "ID Number": "16701020",
    "Name": "Mohamed Iyan Ijaz",
    "Fed": "MDV",
    "Sex": "M",
    "Title": "",
    "WTit": "",
    "OTit": "",
    "Rating": "1494",
    "Gms": "0",
    "K": "40",
    "RatingMonth": "AUG25",
    "B-day": "2001",
    "Flag": "i"
  },
  {
    "ID Number": "16701739",
    "Name": "Mohamed Niyaz",
    "Fed": "MDV",
    "Sex": "M",
    "Title": "",
    "WTit": "",
    "OTit": "",
    "Rating": "1570",
    "Gms": "0",
    "K": "40",
    "RatingMonth": "AUG25",
    "B-day": "1971",
    "Flag": "i"
  },
  {
    "ID Number": "16700724",
    "Name": "Mohamed Noor Rilwan",
    "Fed": "MDV",
    "Sex": "M",
    "Title": "",
    "WTit": "",
    "OTit": "",
    "Rating": "1531",
    "Gms": "0",
    "K": "40",
    "RatingMonth": "AUG25",
    "B-day": "2001",
    "Flag": "i"
  },
  {
    "ID Number": "16704177",
    "Name": "Mohamed Raakin Fayaz",
    "Fed": "MDV",
    "Sex": "M",
    "Title": "",
    "WTit": "",
    "OTit": "",
    "Rating": "1537",
    "Gms": "0",
    "K": "40",
    "RatingMonth": "AUG25",
    "B-day": "2007",
    "Flag": ""
  },
  {
    "ID Number": "16701291",
    "Name": "Mohamed Raaque",
    "Fed": "MDV",
    "Sex": "M",
    "Title": "",
    "WTit": "FA",
    "OTit": "",
    "Rating": "1659",
    "Gms": "0",
    "K": "40",
    "RatingMonth": "AUG25",
    "B-day": "2001",
    "Flag": "i"
  },
  {
    "ID Number": "16702280",
    "Name": "Mohamed Raid",
    "Fed": "MDV",
    "Sex": "M",
    "Title": "",
    "WTit": "",
    "OTit": "",
    "Rating": "1728",
    "Gms": "0",
    "K": "40",
    "RatingMonth": "AUG25",
    "B-day": "2004",
    "Flag": "i"
  },
  {
    "ID Number": "16701801",
    "Name": "Mohamed Rayyan Adam Shakir",
    "Fed": "MDV",
    "Sex": "M",
    "Title": "",
    "WTit": "SI",
    "OTit": "",
    "Rating": "1590",
    "Gms": "0",
    "K": "40",
    "RatingMonth": "AUG25",
    "B-day": "2005",
    "Flag": "i"
  },
  {
    "ID Number": "16702956",
    "Name": "Mohamed Shahid",
    "Fed": "MDV",
    "Sex": "M",
    "Title": "",
    "WTit": "",
    "OTit": "",
    "Rating": "1653",
    "Gms": "0",
    "K": "40",
    "RatingMonth": "AUG25",
    "B-day": "1976",
    "Flag": "i"
  },
  {
    "ID Number": "16704738",
    "Name": "Mohamed Shail Samir",
    "Fed": "MDV",
    "Sex": "M",
    "Title": "",
    "WTit": "",
    "OTit": "",
    "Rating": "1509",
    "Gms": "0",
    "K": "40",
    "RatingMonth": "AUG25",
    "B-day": "2011",
    "Flag": "i"
  },
  {
    "ID Number": "16704509",
    "Name": "Mohamed Yameen Abdulla Shiham",
    "Fed": "MDV",
    "Sex": "M",
    "Title": "",
    "WTit": "",
    "OTit": "",
    "Rating": "1407",
    "Gms": "0",
    "K": "40",
    "RatingMonth": "AUG25",
    "B-day": "2006",
    "Flag": "i"
  },
  {
    "ID Number": "16701747",
    "Name": "Mohamed Yoosuf",
    "Fed": "MDV",
    "Sex": "M",
    "Title": "",
    "WTit": "",
    "OTit": "",
    "Rating": "1454",
    "Gms": "0",
    "K": "40",
    "RatingMonth": "AUG25",
    "B-day": "1951",
    "Flag": "i"
  },
  {
    "ID Number": "16701569",
    "Name": "Mohamed, Ahmed Abaan",
    "Fed": "MDV",
    "Sex": "M",
    "Title": "",
    "WTit": "",
    "OTit": "",
    "Rating": "1425",
    "Gms": "0",
    "K": "40",
    "RatingMonth": "AUG25",
    "B-day": "2011",
    "Flag": "i"
  },
  {
    "ID Number": "16700058",
    "Name": "Mohamed, Hassan",
    "Fed": "MDV",
    "Sex": "M",
    "Title": "CM",
    "WTit": "",
    "OTit": "",
    "Rating": "1901",
    "Gms": "0",
    "K": "20",
    "RatingMonth": "AUG25",
    "B-day": "1976",
    "Flag": ""
  },
  {
    "ID Number": "16700406",
    "Name": "Muhammed, Shuaau",
    "Fed": "MDV",
    "Sex": "M",
    "Title": "FM",
    "WTit": "",
    "OTit": "",
    "Rating": "2088",
    "Gms": "0",
    "K": "20",
    "RatingMonth": "AUG25",
    "B-day": "1994",
    "Flag": ""
  },
  {
    "ID Number": "16701160",
    "Name": "Mujahid Bin Yazeed",
    "Fed": "MDV",
    "Sex": "M",
    "Title": "",
    "WTit": "",
    "OTit": "",
    "Rating": "1766",
    "Gms": "0",
    "K": "20",
    "RatingMonth": "AUG25",
    "B-day": "2005",
    "Flag": ""
  },
  {
    "ID Number": "16700732",
    "Name": "Nabeel Abdul Muhsin",
    "Fed": "MDV",
    "Sex": "M",
    "Title": "",
    "WTit": "",
    "OTit": "",
    "Rating": "1671",
    "Gms": "0",
    "K": "20",
    "RatingMonth": "AUG25",
    "B-day": "1999",
    "Flag": "i"
  },
  {
    "ID Number": "16700414",
    "Name": "Nihaya , Ahmed",
    "Fed": "MDV",
    "Sex": "F",
    "Title": "WCM",
    "WTit": "WCM",
    "OTit": "",
    "Rating": "1603",
    "Gms": "0",
    "K": "20",
    "RatingMonth": "AUG25",
    "B-day": "1999",
    "Flag": "w"
  },
  {
    "ID Number": "16700899",
    "Name": "Nuha, Rilwan",
    "Fed": "MDV",
    "Sex": "F",
    "Title": "WFM",
    "WTit": "WFM",
    "OTit": "NA",
    "Rating": "1506",
    "Gms": "0",
    "K": "20",
    "RatingMonth": "AUG25",
    "B-day": "2005",
    "Flag": "wi"
  },
  {
    "ID Number": "16701585",
    "Name": "Rasheed, Hassan",
    "Fed": "MDV",
    "Sex": "M",
    "Title": "",
    "WTit": "",
    "OTit": "",
    "Rating": "1681",
    "Gms": "0",
    "K": "40",
    "RatingMonth": "AUG25",
    "B-day": "1960",
    "Flag": "i"
  },
  {
    "ID Number": "16701267",
    "Name": "Rasil Ibrahim Rasheed Sabiq",
    "Fed": "MDV",
    "Sex": "M",
    "Title": "",
    "WTit": "",
    "OTit": "",
    "Rating": "1444",
    "Gms": "0",
    "K": "40",
    "RatingMonth": "AUG25",
    "B-day": "2010",
    "Flag": "i"
  },
  {
    "ID Number": "16701593",
    "Name": "Reehan Saeed, Ismail",
    "Fed": "MDV",
    "Sex": "M",
    "Title": "",
    "WTit": "",
    "OTit": "",
    "Rating": "1688",
    "Gms": "0",
    "K": "40",
    "RatingMonth": "AUG25",
    "B-day": "2003",
    "Flag": "i"
  },
  {
    "ID Number": "16700902",
    "Name": "Samad, Aasir Abdul",
    "Fed": "MDV",
    "Sex": "M",
    "Title": "",
    "WTit": "",
    "OTit": "",
    "Rating": "1431",
    "Gms": "0",
    "K": "40",
    "RatingMonth": "AUG25",
    "B-day": "2003",
    "Flag": "i"
  },
  {
    "ID Number": "16700392",
    "Name": "Shamoon, Ahmed",
    "Fed": "MDV",
    "Sex": "M",
    "Title": "",
    "WTit": "LSI",
    "OTit": "",
    "Rating": "1476",
    "Gms": "0",
    "K": "40",
    "RatingMonth": "AUG25",
    "B-day": "1984",
    "Flag": "i"
  },
  {
    "ID Number": "16700830",
    "Name": "Shamrooh, Mohamed",
    "Fed": "MDV",
    "Sex": "M",
    "Title": "",
    "WTit": "",
    "OTit": "",
    "Rating": "1505",
    "Gms": "0",
    "K": "40",
    "RatingMonth": "AUG25",
    "B-day": "1988",
    "Flag": "i"
  },
  {
    "ID Number": "16701615",
    "Name": "Shinan Muneer, Saneem Mohamed",
    "Fed": "MDV",
    "Sex": "M",
    "Title": "",
    "WTit": "",
    "OTit": "",
    "Rating": "1546",
    "Gms": "0",
    "K": "40",
    "RatingMonth": "AUG25",
    "B-day": "2008",
    "Flag": "i"
  },
  {
    "ID Number": "16700910",
    "Name": "Yameen, Yooshau Mohamed",
    "Fed": "MDV",
    "Sex": "M",
    "Title": "",
    "WTit": "",
    "OTit": "",
    "Rating": "1495",
    "Gms": "0",
    "K": "20",
    "RatingMonth": "AUG25",
    "B-day": "2003",
    "Flag": "i"
  },
  {
    "ID Number": "16701828",
    "Name": "Yoosuf Sajiu Sajeer",
    "Fed": "MDV",
    "Sex": "M",
    "Title": "",
    "WTit": "",
    "OTit": "",
    "Rating": "1521",
    "Gms": "0",
    "K": "40",
    "RatingMonth": "AUG25",
    "B-day": "2008",
    "Flag": "i"
  },
  {
    "ID Number": "16701003",
    "Name": "Yoosuf Waseem Ahmed",
    "Fed": "MDV",
    "Sex": "M",
    "Title": "",
    "WTit": "",
    "OTit": "",
    "Rating": "1500",
    "Gms": "0",
    "K": "40",
    "RatingMonth": "AUG25",
    "B-day": "2007",
    "Flag": "i"
  },
  {
    "ID Number": "16701658",
    "Name": "Zaheen, Mohamed",
    "Fed": "MDV",
    "Sex": "M",
    "Title": "",
    "WTit": "",
    "OTit": "",
    "Rating": "1714",
    "Gms": "0",
    "K": "40",
    "RatingMonth": "AUG25",
    "B-day": "1968",
    "Flag": "i"
  },
  {
    "ID Number": "16700155",
    "Name": "Zahir, Adam",
    "Fed": "MDV",
    "Sex": "M",
    "Title": "",
    "WTit": "",
    "OTit": "",
    "Rating": "1761",
    "Gms": "0",
    "K": "40",
    "RatingMonth": "AUG25",
    "B-day": "1971",
    "Flag": "i"
  },
  {
    "ID Number": "16702522",
    "Name": "Zawl Ahmed Hassaan",
    "Fed": "MDV",
    "Sex": "M",
    "Title": "",
    "WTit": "",
    "OTit": "",
    "Rating": "1532",
    "Gms": "0",
    "K": "40",
    "RatingMonth": "AUG25",
    "B-day": "2011",
    "Flag": "i"
  }
]