[
  {
    "ID Number": "16301072",
    "Name": "Asanaka, Louis",
    "Fed": "TPE",
    "Sex": "M",
    "Title": "",
    "WTit": "",
    "OTit": "",
    "Rating": "1719",
    "Gms": "0",
    "K": "20",
    "RatingMonth": "SEP25",
    "B-day": "2003",
    "Flag": "i"
  },
  {
    "ID Number": "16301242",
    "Name": "Asanaka, Luca",
    "Fed": "TPE",
    "Sex": "M",
    "Title": "",
    "WTit": "",
    "OTit": "",
    "Rating": "1624",
    "Gms": "0",
    "K": "40",
    "RatingMonth": "SEP25",
    "B-day": "2006",
    "Flag": "i"
  },
  {
    "ID Number": "16301188",
    "Name": "Bai, Adelard",
    "Fed": "TPE",
    "Sex": "M",
    "Title": "IM",
    "WTit": "",
    "OTit": "",
    "Rating": "2385",
    "Gms": "0",
    "K": "20",
    "RatingMonth": "SEP25",
    "B-day": "2007",
    "Flag": ""
  },
  {
    "ID Number": "16300254",
    "Name": "Camhi, David",
    "Fed": "TPE",
    "Sex": "M",
    "Title": "",
    "WTit": "",
    "OTit": "",
    "Rating": "1657",
    "Gms": "0",
    "K": "20",
    "RatingMonth": "SEP25",
    "B-day": "1972",
    "Flag": ""
  },
  {
    "ID Number": "16301145",
    "Name": "Chan,Ming-Hsuan Ian",
    "Fed": "TPE",
    "Sex": "M",
    "Title": "",
    "WTit": "",
    "OTit": "",
    "Rating": "1638",
    "Gms": "0",
    "K": "20",
    "RatingMonth": "SEP25",
    "B-day": "2000",
    "Flag": "i"
  },
  {
    "ID Number": "16305043",
    "Name": "Chang, Chia-Wei",
    "Fed": "TPE",
    "Sex": "M",
    "Title": "",
    "WTit": "",
    "OTit": "",
    "Rating": "1722",
    "Gms": "0",
    "K": "40",
    "RatingMonth": "SEP25",
    "B-day": "2009",
    "Flag": ""
  },
  {
    "ID Number": "16301706",
    "Name": "Chang, Wei-Chen",
    "Fed": "TPE",
    "Sex": "M",
    "Title": "",
    "WTit": "",
    "OTit": "",
    "Rating": "1795",
    "Gms": "0",
    "K": "20",
    "RatingMonth": "SEP25",
    "B-day": "2001",
    "Flag": "i"
  },
  {
    "ID Number": "16305329",
    "Name": "Chao, Andrew Tzu Chun",
    "Fed": "TPE",
    "Sex": "M",
    "Title": "",
    "WTit": "",
    "OTit": "",
    "Rating": "1482",
    "Gms": "0",
    "K": "40",
    "RatingMonth": "SEP25",
    "B-day": "2014",
    "Flag": ""
  },
  {
    "ID Number": "16304616",
    "Name": "Chao, Tzu-Chi Angie",
    "Fed": "TPE",
    "Sex": "F",
    "Title": "",
    "WTit": "",
    "OTit": "",
    "Rating": "1452",
    "Gms": "0",
    "K": "40",
    "RatingMonth": "SEP25",
    "B-day": "2010",
    "Flag": "w"
  },
  {
    "ID Number": "16304438",
    "Name": "Chao, Tzu-Yi Anderson",
    "Fed": "TPE",
    "Sex": "M",
    "Title": "",
    "WTit": "",
    "OTit": "",
    "Rating": "1611",
    "Gms": "0",
    "K": "40",
    "RatingMonth": "SEP25",
    "B-day": "2007",
    "Flag": "i"
  },
  {
    "ID Number": "16301633",
    "Name": "Chen, Chi",
    "Fed": "TPE",
    "Sex": "F",
    "Title": "",
    "WTit": "NI",
    "OTit": "",
    "Rating": "1693",
    "Gms": "0",
    "K": "20",
    "RatingMonth": "SEP25",
    "B-day": "2000",
    "Flag": "wi"
  },
  {
    "ID Number": "16304128",
    "Name": "Chen, Jun-Wei",
    "Fed": "TPE",
    "Sex": "M",
    "Title": "",
    "WTit": "",
    "OTit": "",
    "Rating": "1762",
    "Gms": "0",
    "K": "40",
    "RatingMonth": "SEP25",
    "B-day": "2012",
    "Flag": "i"
  },
  {
    "ID Number": "16301579",
    "Name": "Chen, Kai-Chun",
    "Fed": "TPE",
    "Sex": "M",
    "Title": "",
    "WTit": "",
    "OTit": "",
    "Rating": "1594",
    "Gms": "0",
    "K": "40",
    "RatingMonth": "SEP25",
    "B-day": "2006",
    "Flag": "i"
  },
  {
    "ID Number": "16301951",
    "Name": "Chen, Kuan Chin",
    "Fed": "TPE",
    "Sex": "M",
    "Title": "",
    "WTit": "",
    "OTit": "",
    "Rating": "1542",
    "Gms": "0",
    "K": "20",
    "RatingMonth": "SEP25",
    "B-day": "2004",
    "Flag": "i"
  },
  {
    "ID Number": "16302044",
    "Name": "Chen, Matthew Ryan",
    "Fed": "TPE",
    "Sex": "M",
    "Title": "",
    "WTit": "",
    "OTit": "",
    "Rating": "1504",
    "Gms": "0",
    "K": "40",
    "RatingMonth": "SEP25",
    "B-day": "2006",
    "Flag": "i"
  },
  {
    "ID Number": "16303164",
    "Name": "Chen, Pin-I",
    "Fed": "TPE",
    "Sex": "F",
    "Title": "",
    "WTit": "",
    "OTit": "",
    "Rating": "1614",
    "Gms": "0",
    "K": "40",
    "RatingMonth": "SEP25",
    "B-day": "2012",
    "Flag": "w"
  },
  {
    "ID Number": "16301552",
    "Name": "Chen, Po-Han",
    "Fed": "TPE",
    "Sex": "M",
    "Title": "",
    "WTit": "",
    "OTit": "",
    "Rating": "1594",
    "Gms": "0",
    "K": "40",
    "RatingMonth": "SEP25",
    "B-day": "2005",
    "Flag": "i"
  },
  {
    "ID Number": "16301722",
    "Name": "Chen, Shih-Ti",
    "Fed": "TPE",
    "Sex": "M",
    "Title": "",
    "WTit": "",
    "OTit": "",
    "Rating": "1533",
    "Gms": "0",
    "K": "40",
    "RatingMonth": "SEP25",
    "B-day": "2005",
    "Flag": "i"
  },
  {
    "ID Number": "16300289",
    "Name": "Chen, Yan-Fong",
    "Fed": "TPE",
    "Sex": "M",
    "Title": "",
    "WTit": "",
    "OTit": "",
    "Rating": "1843",
    "Gms": "0",
    "K": "20",
    "RatingMonth": "SEP25",
    "B-day": "1998",
    "Flag": "i"
  },
  {
    "ID Number": "16303989",
    "Name": "Chen, Yen-Chi",
    "Fed": "TPE",
    "Sex": "M",
    "Title": "",
    "WTit": "",
    "OTit": "",
    "Rating": "1665",
    "Gms": "0",
    "K": "40",
    "RatingMonth": "SEP25",
    "B-day": "2012",
    "Flag": "i"
  },
  {
    "ID Number": "16303156",
    "Name": "Chen, Yung-Hao",
    "Fed": "TPE",
    "Sex": "M",
    "Title": "",
    "WTit": "",
    "OTit": "",
    "Rating": "AIM",
    "Gms": "1654",
    "K": "0",
    "RatingMonth": "SEP25",
    "B-day": "2009",
    "Flag": ""
  },
  {
    "ID Number": "16301471",
    "Name": "Cheng, Chen Li- Andrew",
    "Fed": "TPE",
    "Sex": "M",
    "Title": "",
    "WTit": "",
    "OTit": "",
    "Rating": "ACM",
    "Gms": "1584",
    "K": "0",
    "RatingMonth": "SEP25",
    "B-day": "2003",
    "Flag": "i"
  },
  {
    "ID Number": "16301463",
    "Name": "Cheng, Chen Yu- Alexander",
    "Fed": "TPE",
    "Sex": "M",
    "Title": "",
    "WTit": "",
    "OTit": "",
    "Rating": "AGM",
    "Gms": "1728",
    "K": "0",
    "RatingMonth": "SEP25",
    "B-day": "2003",
    "Flag": "i"
  },
  {
    "ID Number": "16301480",
    "Name": "Cheng, Cheng Chien- Andy",
    "Fed": "TPE",
    "Sex": "M",
    "Title": "",
    "WTit": "",
    "OTit": "",
    "Rating": "1486",
    "Gms": "0",
    "K": "40",
    "RatingMonth": "SEP25",
    "B-day": "2007",
    "Flag": "i"
  },
  {
    "ID Number": "16302141",
    "Name": "Cheng, Hao Yuan",
    "Fed": "TPE",
    "Sex": "M",
    "Title": "",
    "WTit": "",
    "OTit": "",
    "Rating": "1650",
    "Gms": "0",
    "K": "20",
    "RatingMonth": "SEP25",
    "B-day": "1991",
    "Flag": "i"
  },
  {
    "ID Number": "16305361",
    "Name": "Cheng, Shu-Tsai",
    "Fed": "TPE",
    "Sex": "M",
    "Title": "",
    "WTit": "",
    "OTit": "",
    "Rating": "1608",
    "Gms": "0",
    "K": "40",
    "RatingMonth": "SEP25",
    "B-day": "2017",
    "Flag": ""
  },
  {
    "ID Number": "16304489",
    "Name": "Cheng, Yun-Tung",
    "Fed": "TPE",
    "Sex": "F",
    "Title": "",
    "WTit": "",
    "OTit": "",
    "Rating": "1422",
    "Gms": "0",
    "K": "40",
    "RatingMonth": "SEP25",
    "B-day": "2014",
    "Flag": "w"
  },
  {
    "ID Number": "16300700",
    "Name": "Chiang, Szu-Min",
    "Fed": "TPE",
    "Sex": "F",
    "Title": "",
    "WTit": "",
    "OTit": "",
    "Rating": "1636",
    "Gms": "0",
    "K": "20",
    "RatingMonth": "SEP25",
    "B-day": "1992",
    "Flag": "wi"
  },
  {
    "ID Number": "16305485",
    "Name": "Chiu, Hung-Chuan",
    "Fed": "TPE",
    "Sex": "M",
    "Title": "",
    "WTit": "",
    "OTit": "",
    "Rating": "1707",
    "Gms": "0",
    "K": "40",
    "RatingMonth": "SEP25",
    "B-day": "2015",
    "Flag": ""
  },
  {
    "ID Number": "16301811",
    "Name": "Cho, Chien Feng",
    "Fed": "TPE",
    "Sex": "M",
    "Title": "",
    "WTit": "",
    "OTit": "",
    "Rating": "1657",
    "Gms": "0",
    "K": "20",
    "RatingMonth": "SEP25",
    "B-day": "1970",
    "Flag": "i"
  },
  {
    "ID Number": "16300840",
    "Name": "Cho, Hung-Ling",
    "Fed": "TPE",
    "Sex": "F",
    "Title": "WCM",
    "WTit": "WCM",
    "OTit": "",
    "Rating": "1690",
    "Gms": "0",
    "K": "20",
    "RatingMonth": "SEP25",
    "B-day": "2002",
    "Flag": "wi"
  },
  {
    "ID Number": "16301870",
    "Name": "Chu, Chih-Chieh Nathan",
    "Fed": "TPE",
    "Sex": "M",
    "Title": "",
    "WTit": "",
    "OTit": "",
    "Rating": "1647",
    "Gms": "0",
    "K": "20",
    "RatingMonth": "SEP25",
    "B-day": "2003",
    "Flag": "i"
  },
  {
    "ID Number": "16301064",
    "Name": "Chu, Su Yan",
    "Fed": "TPE",
    "Sex": "M",
    "Title": "",
    "WTit": "",
    "OTit": "",
    "Rating": "1605",
    "Gms": "0",
    "K": "20",
    "RatingMonth": "SEP25",
    "B-day": "2004",
    "Flag": "i"
  },
  {
    "ID Number": "16301129",
    "Name": "Chuang, James",
    "Fed": "TPE",
    "Sex": "M",
    "Title": "",
    "WTit": "",
    "OTit": "",
    "Rating": "1696",
    "Gms": "0",
    "K": "20",
    "RatingMonth": "SEP25",
    "B-day": "2002",
    "Flag": "i"
  },
  {
    "ID Number": "16305396",
    "Name": "Chuang, Kai-Jui",
    "Fed": "TPE",
    "Sex": "M",
    "Title": "",
    "WTit": "",
    "OTit": "",
    "Rating": "1531",
    "Gms": "0",
    "K": "40",
    "RatingMonth": "SEP25",
    "B-day": "2011",
    "Flag": "i"
  },
  {
    "ID Number": "16301935",
    "Name": "Hall, Andrew John",
    "Fed": "TPE",
    "Sex": "M",
    "Title": "",
    "WTit": "",
    "OTit": "",
    "Rating": "1743",
    "Gms": "0",
    "K": "20",
    "RatingMonth": "SEP25",
    "B-day": "1983",
    "Flag": "i"
  },
  {
    "ID Number": "16300599",
    "Name": "Ho, Jei-Chen",
    "Fed": "TPE",
    "Sex": "M",
    "Title": "FM",
    "WTit": "",
    "OTit": "",
    "Rating": "1900",
    "Gms": "0",
    "K": "20",
    "RatingMonth": "SEP25",
    "B-day": "2000",
    "Flag": "i"
  },
  {
    "ID Number": "16303571",
    "Name": "Hsieh, Chris Shih-Yu",
    "Fed": "TPE",
    "Sex": "M",
    "Title": "",
    "WTit": "",
    "OTit": "",
    "Rating": "1609",
    "Gms": "0",
    "K": "40",
    "RatingMonth": "SEP25",
    "B-day": "2013",
    "Flag": "i"
  },
  {
    "ID Number": "16302079",
    "Name": "Hsieh, Ming Tse",
    "Fed": "TPE",
    "Sex": "M",
    "Title": "",
    "WTit": "",
    "OTit": "",
    "Rating": "1514",
    "Gms": "0",
    "K": "40",
    "RatingMonth": "SEP25",
    "B-day": "2006",
    "Flag": "i"
  },
  {
    "ID Number": "16301013",
    "Name": "Hsieh, Wen-Chin",
    "Fed": "TPE",
    "Sex": "M",
    "Title": "",
    "WTit": "DI",
    "OTit": "",
    "Rating": "1452",
    "Gms": "0",
    "K": "20",
    "RatingMonth": "SEP25",
    "B-day": "2000",
    "Flag": "i"
  },
  {
    "ID Number": "16305922",
    "Name": "Hsin, Kai-En",
    "Fed": "TPE",
    "Sex": "M",
    "Title": "",
    "WTit": "",
    "OTit": "",
    "Rating": "1474",
    "Gms": "0",
    "K": "40",
    "RatingMonth": "SEP25",
    "B-day": "2010",
    "Flag": ""
  },
  {
    "ID Number": "16304527",
    "Name": "Hsu, Che",
    "Fed": "TPE",
    "Sex": "M",
    "Title": "",
    "WTit": "",
    "OTit": "",
    "Rating": "AFM",
    "Gms": "1638",
    "K": "0",
    "RatingMonth": "SEP25",
    "B-day": "2007",
    "Flag": "i"
  },
  {
    "ID Number": "16301420",
    "Name": "Hsu, Chuan-Chia",
    "Fed": "TPE",
    "Sex": "M",
    "Title": "",
    "WTit": "",
    "OTit": "",
    "Rating": "1818",
    "Gms": "0",
    "K": "20",
    "RatingMonth": "SEP25",
    "B-day": "1996",
    "Flag": "i"
  },
  {
    "ID Number": "16300823",
    "Name": "Hsu, Hsuan-Ming",
    "Fed": "TPE",
    "Sex": "M",
    "Title": "CM",
    "WTit": "",
    "OTit": "",
    "Rating": "1915",
    "Gms": "0",
    "K": "20",
    "RatingMonth": "SEP25",
    "B-day": "2002",
    "Flag": "i"
  },
  {
    "ID Number": "16301595",
    "Name": "Hsu, Yu-Wei",
    "Fed": "TPE",
    "Sex": "M",
    "Title": "",
    "WTit": "",
    "OTit": "",
    "Rating": "1493",
    "Gms": "0",
    "K": "20",
    "RatingMonth": "SEP25",
    "B-day": "2004",
    "Flag": "i"
  },
  {
    "ID Number": "16303555",
    "Name": "Huang, Aaron Yu-Hsi",
    "Fed": "TPE",
    "Sex": "M",
    "Title": "",
    "WTit": "",
    "OTit": "",
    "Rating": "1606",
    "Gms": "0",
    "K": "40",
    "RatingMonth": "SEP25",
    "B-day": "2013",
    "Flag": ""
  },
  {
    "ID Number": "16304519",
    "Name": "Huang, Da-Xuan",
    "Fed": "TPE",
    "Sex": "M",
    "Title": "",
    "WTit": "",
    "OTit": "",
    "Rating": "1572",
    "Gms": "0",
    "K": "40",
    "RatingMonth": "SEP25",
    "B-day": "2011",
    "Flag": "i"
  },
  {
    "ID Number": "16305353",
    "Name": "Huang, Hao-Xuan",
    "Fed": "TPE",
    "Sex": "M",
    "Title": "",
    "WTit": "",
    "OTit": "",
    "Rating": "1429",
    "Gms": "0",
    "K": "40",
    "RatingMonth": "SEP25",
    "B-day": "2012",
    "Flag": "i"
  },
  {
    "ID Number": "16301714",
    "Name": "Huang, Huan-Ting",
    "Fed": "TPE",
    "Sex": "M",
    "Title": "",
    "WTit": "",
    "OTit": "",
    "Rating": "1585",
    "Gms": "0",
    "K": "40",
    "RatingMonth": "SEP25",
    "B-day": "2005",
    "Flag": "i"
  },
  {
    "ID Number": "16304390",
    "Name": "Huang, Yi-Xin Alexis",
    "Fed": "TPE",
    "Sex": "F",
    "Title": "",
    "WTit": "",
    "OTit": "",
    "Rating": "1554",
    "Gms": "0",
    "K": "40",
    "RatingMonth": "SEP25",
    "B-day": "2010",
    "Flag": "wi"
  },
  {
    "ID Number": "16301854",
    "Name": "Huang, Zhao-Ting",
    "Fed": "TPE",
    "Sex": "F",
    "Title": "",
    "WTit": "",
    "OTit": "",
    "Rating": "1767",
    "Gms": "0",
    "K": "20",
    "RatingMonth": "SEP25",
    "B-day": "1996",
    "Flag": "wi"
  },
  {
    "ID Number": "16303610",
    "Name": "Huang, Zi-Chen",
    "Fed": "TPE",
    "Sex": "M",
    "Title": "",
    "WTit": "",
    "OTit": "",
    "Rating": "1695",
    "Gms": "0",
    "K": "40",
    "RatingMonth": "SEP25",
    "B-day": "2008",
    "Flag": "i"
  },
  {
    "ID Number": "16303121",
    "Name": "Huang,Hsuan-Chen",
    "Fed": "TPE",
    "Sex": "M",
    "Title": "",
    "WTit": "",
    "OTit": "",
    "Rating": "1648",
    "Gms": "0",
    "K": "40",
    "RatingMonth": "SEP25",
    "B-day": "2006",
    "Flag": "i"
  },
  {
    "ID Number": "16304926",
    "Name": "Hung, I-Hsuan",
    "Fed": "TPE",
    "Sex": "M",
    "Title": "",
    "WTit": "",
    "OTit": "",
    "Rating": "1411",
    "Gms": "0",
    "K": "40",
    "RatingMonth": "SEP25",
    "B-day": "2014",
    "Flag": "i"
  },
  {
    "ID Number": "16303237",
    "Name": "Hung, Jian-Ru",
    "Fed": "TPE",
    "Sex": "M",
    "Title": "",
    "WTit": "",
    "OTit": "",
    "Rating": "1541",
    "Gms": "0",
    "K": "40",
    "RatingMonth": "SEP25",
    "B-day": "2012",
    "Flag": "i"
  },
  {
    "ID Number": "30998450",
    "Name": "Hung, Shengchen",
    "Fed": "TPE",
    "Sex": "M",
    "Title": "",
    "WTit": "",
    "OTit": "",
    "Rating": "1791",
    "Gms": "0",
    "K": "40",
    "RatingMonth": "SEP25",
    "B-day": "2010",
    "Flag": "i"
  },
  {
    "ID Number": "16302184",
    "Name": "Hung,Chen-Ting",
    "Fed": "TPE",
    "Sex": "M",
    "Title": "",
    "WTit": "",
    "OTit": "",
    "Rating": "1693",
    "Gms": "0",
    "K": "20",
    "RatingMonth": "SEP25",
    "B-day": "2003",
    "Flag": "i"
  },
  {
    "ID Number": "16300920",
    "Name": "Hwang, Chyi",
    "Fed": "TPE",
    "Sex": "F",
    "Title": "",
    "WTit": "",
    "OTit": "",
    "Rating": "1629",
    "Gms": "0",
    "K": "20",
    "RatingMonth": "SEP25",
    "B-day": "2000",
    "Flag": "wi"
  },
  {
    "ID Number": "16304829",
    "Name": "Kan, Audric",
    "Fed": "TPE",
    "Sex": "M",
    "Title": "",
    "WTit": "",
    "OTit": "",
    "Rating": "ACM",
    "Gms": "1601",
    "K": "0",
    "RatingMonth": "SEP25",
    "B-day": "2009",
    "Flag": ""
  },
  {
    "ID Number": "16305256",
    "Name": "Kung, Fan- Hsuan",
    "Fed": "TPE",
    "Sex": "F",
    "Title": "",
    "WTit": "",
    "OTit": "",
    "Rating": "1546",
    "Gms": "0",
    "K": "40",
    "RatingMonth": "SEP25",
    "B-day": "2015",
    "Flag": "wi"
  },
  {
    "ID Number": "16304012",
    "Name": "Lai, Amelia Hobbs Yu-Tong",
    "Fed": "TPE",
    "Sex": "F",
    "Title": "",
    "WTit": "",
    "OTit": "",
    "Rating": "1474",
    "Gms": "0",
    "K": "40",
    "RatingMonth": "SEP25",
    "B-day": "2008",
    "Flag": "wi"
  },
  {
    "ID Number": "16303644",
    "Name": "Lai, Hong-Yi",
    "Fed": "TPE",
    "Sex": "M",
    "Title": "",
    "WTit": "",
    "OTit": "",
    "Rating": "1681",
    "Gms": "0",
    "K": "40",
    "RatingMonth": "SEP25",
    "B-day": "2007",
    "Flag": "i"
  },
  {
    "ID Number": "16305302",
    "Name": "Lai, Yun-Cheng",
    "Fed": "TPE",
    "Sex": "M",
    "Title": "",
    "WTit": "",
    "OTit": "",
    "Rating": "1649",
    "Gms": "5",
    "K": "40",
    "RatingMonth": "SEP25",
    "B-day": "2017",
    "Flag": ""
  },
  {
    "ID Number": "16300580",
    "Name": "Lee , Tung-Jung",
    "Fed": "TPE",
    "Sex": "M",
    "Title": "",
    "WTit": "",
    "OTit": "",
    "Rating": "1735",
    "Gms": "0",
    "K": "20",
    "RatingMonth": "SEP25",
    "B-day": "0",
    "Flag": "i"
  },
  {
    "ID Number": "16302893",
    "Name": "Lee, Ding",
    "Fed": "TPE",
    "Sex": "M",
    "Title": "",
    "WTit": "",
    "OTit": "",
    "Rating": "1548",
    "Gms": "0",
    "K": "20",
    "RatingMonth": "SEP25",
    "B-day": "1996",
    "Flag": "i"
  },
  {
    "ID Number": "16301340",
    "Name": "Lee, Kuan-Ting",
    "Fed": "TPE",
    "Sex": "M",
    "Title": "",
    "WTit": "",
    "OTit": "",
    "Rating": "1657",
    "Gms": "0",
    "K": "40",
    "RatingMonth": "SEP25",
    "B-day": "2005",
    "Flag": "i"
  },
  {
    "ID Number": "16302036",
    "Name": "Lee, Wei-Ting",
    "Fed": "TPE",
    "Sex": "M",
    "Title": "",
    "WTit": "",
    "OTit": "",
    "Rating": "1450",
    "Gms": "0",
    "K": "40",
    "RatingMonth": "SEP25",
    "B-day": "2009",
    "Flag": "i"
  },
  {
    "ID Number": "16301358",
    "Name": "Lee, Yu-Ting",
    "Fed": "TPE",
    "Sex": "M",
    "Title": "",
    "WTit": "",
    "OTit": "",
    "Rating": "1600",
    "Gms": "0",
    "K": "40",
    "RatingMonth": "SEP25",
    "B-day": "2007",
    "Flag": "i"
  },
  {
    "ID Number": "16301510",
    "Name": "Li, Yuan-Long",
    "Fed": "TPE",
    "Sex": "M",
    "Title": "",
    "WTit": "",
    "OTit": "",
    "Rating": "1769",
    "Gms": "0",
    "K": "20",
    "RatingMonth": "SEP25",
    "B-day": "2000",
    "Flag": "i"
  },
  {
    "ID Number": "170273220",
    "Name": "Liang, Ethan Ruei-En",
    "Fed": "TPE",
    "Sex": "M",
    "Title": "",
    "WTit": "",
    "OTit": "",
    "Rating": "1559",
    "Gms": "0",
    "K": "40",
    "RatingMonth": "SEP25",
    "B-day": "2007",
    "Flag": "i"
  },
  {
    "ID Number": "16301749",
    "Name": "Lin, Ethan",
    "Fed": "TPE",
    "Sex": "M",
    "Title": "",
    "WTit": "",
    "OTit": "",
    "Rating": "1594",
    "Gms": "0",
    "K": "20",
    "RatingMonth": "SEP25",
    "B-day": "2004",
    "Flag": "i"
  },
  {
    "ID Number": "16301528",
    "Name": "Lin, Sen-Sen",
    "Fed": "TPE",
    "Sex": "F",
    "Title": "",
    "WTit": "",
    "OTit": "",
    "Rating": "1462",
    "Gms": "0",
    "K": "20",
    "RatingMonth": "SEP25",
    "B-day": "2003",
    "Flag": "wi"
  },
  {
    "ID Number": "16301234",
    "Name": "Lin, Shan-Yin",
    "Fed": "TPE",
    "Sex": "M",
    "Title": "",
    "WTit": "",
    "OTit": "",
    "Rating": "1621",
    "Gms": "0",
    "K": "40",
    "RatingMonth": "SEP25",
    "B-day": "2006",
    "Flag": "i"
  },
  {
    "ID Number": "16301609",
    "Name": "Lin, Shu- Hung",
    "Fed": "TPE",
    "Sex": "M",
    "Title": "",
    "WTit": "",
    "OTit": "",
    "Rating": "1615",
    "Gms": "0",
    "K": "20",
    "RatingMonth": "SEP25",
    "B-day": "2001",
    "Flag": "i"
  },
  {
    "ID Number": "16302478",
    "Name": "Lin, Siang",
    "Fed": "TPE",
    "Sex": "M",
    "Title": "",
    "WTit": "",
    "OTit": "",
    "Rating": "1723",
    "Gms": "0",
    "K": "20",
    "RatingMonth": "SEP25",
    "B-day": "2003",
    "Flag": "i"
  },
  {
    "ID Number": "16301692",
    "Name": "Lin, Yu-Cheng",
    "Fed": "TPE",
    "Sex": "M",
    "Title": "",
    "WTit": "",
    "OTit": "",
    "Rating": "1694",
    "Gms": "0",
    "K": "20",
    "RatingMonth": "SEP25",
    "B-day": "2002",
    "Flag": "i"
  },
  {
    "ID Number": "16304810",
    "Name": "Lin, Yung-Jhe",
    "Fed": "TPE",
    "Sex": "M",
    "Title": "",
    "WTit": "",
    "OTit": "",
    "Rating": "1546",
    "Gms": "0",
    "K": "40",
    "RatingMonth": "SEP25",
    "B-day": "2007",
    "Flag": "i"
  },
  {
    "ID Number": "16304535",
    "Name": "Liu, Lillian Yu-Ning",
    "Fed": "TPE",
    "Sex": "F",
    "Title": "",
    "WTit": "",
    "OTit": "",
    "Rating": "1431",
    "Gms": "7",
    "K": "40",
    "RatingMonth": "SEP25",
    "B-day": "2013",
    "Flag": "w"
  },
  {
    "ID Number": "16301439",
    "Name": "Liu, Po-Kan",
    "Fed": "TPE",
    "Sex": "M",
    "Title": "",
    "WTit": "",
    "OTit": "",
    "Rating": "1738",
    "Gms": "0",
    "K": "20",
    "RatingMonth": "SEP25",
    "B-day": "1989",
    "Flag": "i"
  },
  {
    "ID Number": "16300416",
    "Name": "Liu, Yeh Yang",
    "Fed": "TPE",
    "Sex": "M",
    "Title": "CM",
    "WTit": "NI",
    "OTit": "",
    "Rating": "2004",
    "Gms": "0",
    "K": "20",
    "RatingMonth": "SEP25",
    "B-day": "1986",
    "Flag": "i"
  },
  {
    "ID Number": "16302052",
    "Name": "Liu, Yu-Ping",
    "Fed": "TPE",
    "Sex": "M",
    "Title": "",
    "WTit": "",
    "OTit": "",
    "Rating": "1754",
    "Gms": "0",
    "K": "20",
    "RatingMonth": "SEP25",
    "B-day": "2002",
    "Flag": "i"
  },
  {
    "ID Number": "16300688",
    "Name": "Loftus, John",
    "Fed": "TPE",
    "Sex": "M",
    "Title": "",
    "WTit": "NI",
    "OTit": "",
    "Rating": "1833",
    "Gms": "0",
    "K": "20",
    "RatingMonth": "SEP25",
    "B-day": "0",
    "Flag": "i"
  },
  {
    "ID Number": "16301544",
    "Name": "Lu, Jia-En",
    "Fed": "TPE",
    "Sex": "M",
    "Title": "",
    "WTit": "",
    "OTit": "",
    "Rating": "1672",
    "Gms": "0",
    "K": "20",
    "RatingMonth": "SEP25",
    "B-day": "2004",
    "Flag": "i"
  },
  {
    "ID Number": "16304047",
    "Name": "Lu, Jie-Xin",
    "Fed": "TPE",
    "Sex": "F",
    "Title": "",
    "WTit": "",
    "OTit": "",
    "Rating": "1489",
    "Gms": "0",
    "K": "40",
    "RatingMonth": "SEP25",
    "B-day": "2005",
    "Flag": "w"
  },
  {
    "ID Number": "16301501",
    "Name": "Lu, Li-Hsuan",
    "Fed": "TPE",
    "Sex": "M",
    "Title": "",
    "WTit": "",
    "OTit": "",
    "Rating": "1687",
    "Gms": "0",
    "K": "20",
    "RatingMonth": "SEP25",
    "B-day": "2001",
    "Flag": "i"
  },
  {
    "ID Number": "16301960",
    "Name": "Lu, Li-Yang",
    "Fed": "TPE",
    "Sex": "M",
    "Title": "",
    "WTit": "",
    "OTit": "",
    "Rating": "1484",
    "Gms": "0",
    "K": "20",
    "RatingMonth": "SEP25",
    "B-day": "2004",
    "Flag": "i"
  },
  {
    "ID Number": "16303091",
    "Name": "Lu, Yun-Ru",
    "Fed": "TPE",
    "Sex": "F",
    "Title": "",
    "WTit": "",
    "OTit": "",
    "Rating": "1541",
    "Gms": "0",
    "K": "40",
    "RatingMonth": "SEP25",
    "B-day": "2006",
    "Flag": "wi"
  },
  {
    "ID Number": "16302885",
    "Name": "Mao, Jit Seng",
    "Fed": "TPE",
    "Sex": "M",
    "Title": "",
    "WTit": "",
    "OTit": "",
    "Rating": "1522",
    "Gms": "0",
    "K": "20",
    "RatingMonth": "SEP25",
    "B-day": "1999",
    "Flag": "i"
  },
  {
    "ID Number": "16300203",
    "Name": "Min, Po-Yen",
    "Fed": "TPE",
    "Sex": "M",
    "Title": "",
    "WTit": "",
    "OTit": "",
    "Rating": "1983",
    "Gms": "0",
    "K": "20",
    "RatingMonth": "SEP25",
    "B-day": "2000",
    "Flag": "i"
  },
  {
    "ID Number": "16305400",
    "Name": "OO, Ke Chien",
    "Fed": "TPE",
    "Sex": "F",
    "Title": "",
    "WTit": "",
    "OTit": "",
    "Rating": "1551",
    "Gms": "0",
    "K": "40",
    "RatingMonth": "SEP25",
    "B-day": "2017",
    "Flag": "w"
  },
  {
    "ID Number": "16301080",
    "Name": "Peng, Shih-Shiuan",
    "Fed": "TPE",
    "Sex": "M",
    "Title": "",
    "WTit": "",
    "OTit": "",
    "Rating": "1719",
    "Gms": "0",
    "K": "20",
    "RatingMonth": "SEP25",
    "B-day": "2004",
    "Flag": "i"
  },
  {
    "ID Number": "16303407",
    "Name": "Phurailatpam, Numit",
    "Fed": "TPE",
    "Sex": "M",
    "Title": "",
    "WTit": "",
    "OTit": "",
    "Rating": "1430",
    "Gms": "0",
    "K": "40",
    "RatingMonth": "SEP25",
    "B-day": "2009",
    "Flag": "i"
  },
  {
    "ID Number": "16301382",
    "Name": "Shaw, Ya-Fu",
    "Fed": "TPE",
    "Sex": "M",
    "Title": "",
    "WTit": "",
    "OTit": "",
    "Rating": "1651",
    "Gms": "0",
    "K": "40",
    "RatingMonth": "SEP25",
    "B-day": "2006",
    "Flag": "i"
  },
  {
    "ID Number": "16300653",
    "Name": "Shih, Ching-An",
    "Fed": "TPE",
    "Sex": "F",
    "Title": "WFM",
    "WTit": "WFM",
    "OTit": "",
    "Rating": "1808",
    "Gms": "0",
    "K": "20",
    "RatingMonth": "SEP25",
    "B-day": "2001",
    "Flag": "wi"
  },
  {
    "ID Number": "16305760",
    "Name": "Shih, Jia-Rui",
    "Fed": "TPE",
    "Sex": "M",
    "Title": "",
    "WTit": "",
    "OTit": "",
    "Rating": "1493",
    "Gms": "0",
    "K": "40",
    "RatingMonth": "SEP25",
    "B-day": "2008",
    "Flag": ""
  },
  {
    "ID Number": "16301102",
    "Name": "Shih, Lu-Chung",
    "Fed": "TPE",
    "Sex": "M",
    "Title": "",
    "WTit": "",
    "OTit": "",
    "Rating": "1789",
    "Gms": "0",
    "K": "20",
    "RatingMonth": "SEP25",
    "B-day": "2002",
    "Flag": "i"
  },
  {
    "ID Number": "16302419",
    "Name": "Siao, Zih-Ci",
    "Fed": "TPE",
    "Sex": "M",
    "Title": "",
    "WTit": "",
    "OTit": "",
    "Rating": "1692",
    "Gms": "0",
    "K": "20",
    "RatingMonth": "SEP25",
    "B-day": "2004",
    "Flag": "i"
  },
  {
    "ID Number": "3203824",
    "Name": "Song, Raymond",
    "Fed": "TPE",
    "Sex": "M",
    "Title": "GM",
    "WTit": "",
    "OTit": "",
    "Rating": "2413",
    "Gms": "0",
    "K": "10",
    "RatingMonth": "SEP25",
    "B-day": "1994",
    "Flag": "i"
  },
  {
    "ID Number": "16305892",
    "Name": "Su,Guan-Rui",
    "Fed": "TPE",
    "Sex": "M",
    "Title": "",
    "WTit": "",
    "OTit": "",
    "Rating": "1684",
    "Gms": "8",
    "K": "40",
    "RatingMonth": "SEP25",
    "B-day": "2012",
    "Flag": ""
  },
  {
    "ID Number": "16303466",
    "Name": "Sun, Chang-Jyu",
    "Fed": "TPE",
    "Sex": "M",
    "Title": "",
    "WTit": "",
    "OTit": "",
    "Rating": "1650",
    "Gms": "0",
    "K": "40",
    "RatingMonth": "SEP25",
    "B-day": "2010",
    "Flag": "i"
  },
  {
    "ID Number": "16305337",
    "Name": "Tsai, Chia-Chen",
    "Fed": "TPE",
    "Sex": "M",
    "Title": "",
    "WTit": "",
    "OTit": "",
    "Rating": "1654",
    "Gms": "0",
    "K": "40",
    "RatingMonth": "SEP25",
    "B-day": "2008",
    "Flag": "i"
  },
  {
    "ID Number": "16302087",
    "Name": "Tsai, Sophie Yi-Hsuan",
    "Fed": "TPE",
    "Sex": "F",
    "Title": "WCM",
    "WTit": "WCM",
    "OTit": "",
    "Rating": "1601",
    "Gms": "0",
    "K": "40",
    "RatingMonth": "SEP25",
    "B-day": "2008",
    "Flag": "wi"
  },
  {
    "ID Number": "16300696",
    "Name": "Utriainen, Tapani",
    "Fed": "TPE",
    "Sex": "M",
    "Title": "",
    "WTit": "",
    "OTit": "",
    "Rating": "1889",
    "Gms": "4",
    "K": "20",
    "RatingMonth": "SEP25",
    "B-day": "0",
    "Flag": ""
  },
  {
    "ID Number": "16304721",
    "Name": "Visvanathan, Kieran Chang",
    "Fed": "TPE",
    "Sex": "M",
    "Title": "",
    "WTit": "",
    "OTit": "",
    "Rating": "1671",
    "Gms": "0",
    "K": "40",
    "RatingMonth": "SEP25",
    "B-day": "2014",
    "Flag": ""
  },
  {
    "ID Number": "16300912",
    "Name": "Wang, Emily Anne Yi-An",
    "Fed": "TPE",
    "Sex": "F",
    "Title": "",
    "WTit": "",
    "OTit": "",
    "Rating": "1401",
    "Gms": "0",
    "K": "20",
    "RatingMonth": "SEP25",
    "B-day": "2001",
    "Flag": "wi"
  },
  {
    "ID Number": "16300874",
    "Name": "Wang, Fang-Chieh",
    "Fed": "TPE",
    "Sex": "M",
    "Title": "",
    "WTit": "",
    "OTit": "",
    "Rating": "1603",
    "Gms": "0",
    "K": "20",
    "RatingMonth": "SEP25",
    "B-day": "2004",
    "Flag": "i"
  },
  {
    "ID Number": "16300483",
    "Name": "Wang, Mi",
    "Fed": "TPE",
    "Sex": "F",
    "Title": "WCM",
    "WTit": "WCM",
    "OTit": "",
    "Rating": "1711",
    "Gms": "0",
    "K": "20",
    "RatingMonth": "SEP25",
    "B-day": "1998",
    "Flag": "wi"
  },
  {
    "ID Number": "16301676",
    "Name": "Wang, Po-Kai",
    "Fed": "TPE",
    "Sex": "M",
    "Title": "",
    "WTit": "",
    "OTit": "",
    "Rating": "1459",
    "Gms": "0",
    "K": "20",
    "RatingMonth": "SEP25",
    "B-day": "2003",
    "Flag": "i"
  },
  {
    "ID Number": "16301757",
    "Name": "Wang, Shao-Chi",
    "Fed": "TPE",
    "Sex": "M",
    "Title": "",
    "WTit": "",
    "OTit": "",
    "Rating": "1443",
    "Gms": "0",
    "K": "40",
    "RatingMonth": "SEP25",
    "B-day": "2005",
    "Flag": "i"
  },
  {
    "ID Number": "16300602",
    "Name": "Wang, Ting-Hao",
    "Fed": "TPE",
    "Sex": "M",
    "Title": "",
    "WTit": "",
    "OTit": "",
    "Rating": "1873",
    "Gms": "0",
    "K": "20",
    "RatingMonth": "SEP25",
    "B-day": "2000",
    "Flag": "i"
  },
  {
    "ID Number": "16303296",
    "Name": "Wang, Tzu-Chin",
    "Fed": "TPE",
    "Sex": "F",
    "Title": "",
    "WTit": "",
    "OTit": "",
    "Rating": "1412",
    "Gms": "0",
    "K": "40",
    "RatingMonth": "SEP25",
    "B-day": "2010",
    "Flag": "wi"
  },
  {
    "ID Number": "16303580",
    "Name": "Wang, Yushin Andrea",
    "Fed": "TPE",
    "Sex": "F",
    "Title": "",
    "WTit": "",
    "OTit": "",
    "Rating": "1544",
    "Gms": "0",
    "K": "40",
    "RatingMonth": "SEP25",
    "B-day": "2009",
    "Flag": "wi"
  },
  {
    "ID Number": "16304640",
    "Name": "Wang, Zi-Jie",
    "Fed": "TPE",
    "Sex": "M",
    "Title": "",
    "WTit": "",
    "OTit": "",
    "Rating": "1599",
    "Gms": "0",
    "K": "40",
    "RatingMonth": "SEP25",
    "B-day": "1995",
    "Flag": ""
  },
  {
    "ID Number": "16301560",
    "Name": "Wang, Zihan Eva",
    "Fed": "TPE",
    "Sex": "F",
    "Title": "",
    "WTit": "",
    "OTit": "",
    "Rating": "1539",
    "Gms": "0",
    "K": "20",
    "RatingMonth": "SEP25",
    "B-day": "2004",
    "Flag": "wi"
  },
  {
    "ID Number": "16300858",
    "Name": "Willnecker, Olaf",
    "Fed": "TPE",
    "Sex": "M",
    "Title": "",
    "WTit": "",
    "OTit": "",
    "Rating": "1922",
    "Gms": "0",
    "K": "20",
    "RatingMonth": "SEP25",
    "B-day": "1962",
    "Flag": "i"
  },
  {
    "ID Number": "16301005",
    "Name": "Wong, Linda Jane",
    "Fed": "TPE",
    "Sex": "F",
    "Title": "WCM",
    "WTit": "WCM",
    "OTit": "",
    "Rating": "1649",
    "Gms": "0",
    "K": "20",
    "RatingMonth": "SEP25",
    "B-day": "1980",
    "Flag": "wi"
  },
  {
    "ID Number": "16301536",
    "Name": "Wu, Bing-Shen",
    "Fed": "TPE",
    "Sex": "M",
    "Title": "",
    "WTit": "",
    "OTit": "",
    "Rating": "1843",
    "Gms": "0",
    "K": "20",
    "RatingMonth": "SEP25",
    "B-day": "2006",
    "Flag": "i"
  },
  {
    "ID Number": "16304500",
    "Name": "Wu, Chen- Hao",
    "Fed": "TPE",
    "Sex": "M",
    "Title": "",
    "WTit": "",
    "OTit": "",
    "Rating": "1531",
    "Gms": "0",
    "K": "40",
    "RatingMonth": "SEP25",
    "B-day": "2012",
    "Flag": ""
  },
  {
    "ID Number": "3830691",
    "Name": "Wu, Henry",
    "Fed": "TPE",
    "Sex": "M",
    "Title": "",
    "WTit": "",
    "OTit": "",
    "Rating": "1629",
    "Gms": "0",
    "K": "20",
    "RatingMonth": "SEP25",
    "B-day": "2003",
    "Flag": "i"
  },
  {
    "ID Number": "16300904",
    "Name": "Wu, Ingrid",
    "Fed": "TPE",
    "Sex": "F",
    "Title": "",
    "WTit": "",
    "OTit": "",
    "Rating": "1626",
    "Gms": "0",
    "K": "40",
    "RatingMonth": "SEP25",
    "B-day": "2005",
    "Flag": "wi"
  },
  {
    "ID Number": "16305086",
    "Name": "Wu, Kuan-Chieh",
    "Fed": "TPE",
    "Sex": "M",
    "Title": "",
    "WTit": "",
    "OTit": "",
    "Rating": "1658",
    "Gms": "0",
    "K": "40",
    "RatingMonth": "SEP25",
    "B-day": "2007",
    "Flag": "i"
  },
  {
    "ID Number": "16304268",
    "Name": "Wu, Pei-Xuan",
    "Fed": "TPE",
    "Sex": "F",
    "Title": "",
    "WTit": "",
    "OTit": "",
    "Rating": "1469",
    "Gms": "0",
    "K": "40",
    "RatingMonth": "SEP25",
    "B-day": "2010",
    "Flag": "wi"
  },
  {
    "ID Number": "16302060",
    "Name": "Wu, Po Han",
    "Fed": "TPE",
    "Sex": "M",
    "Title": "",
    "WTit": "",
    "OTit": "",
    "Rating": "1426",
    "Gms": "0",
    "K": "40",
    "RatingMonth": "SEP25",
    "B-day": "2008",
    "Flag": "i"
  },
  {
    "ID Number": "16304713",
    "Name": "Wu, Po-Hua",
    "Fed": "TPE",
    "Sex": "M",
    "Title": "",
    "WTit": "",
    "OTit": "",
    "Rating": "1546",
    "Gms": "5",
    "K": "40",
    "RatingMonth": "SEP25",
    "B-day": "2015",
    "Flag": ""
  },
  {
    "ID Number": "16301684",
    "Name": "Wu, Po-Sheng",
    "Fed": "TPE",
    "Sex": "M",
    "Title": "",
    "WTit": "",
    "OTit": "",
    "Rating": "1644",
    "Gms": "0",
    "K": "20",
    "RatingMonth": "SEP25",
    "B-day": "2003",
    "Flag": "i"
  },
  {
    "ID Number": "16305116",
    "Name": "Wu, Tansi Tung",
    "Fed": "TPE",
    "Sex": "F",
    "Title": "",
    "WTit": "",
    "OTit": "",
    "Rating": "1481",
    "Gms": "6",
    "K": "40",
    "RatingMonth": "SEP25",
    "B-day": "2011",
    "Flag": "w"
  },
  {
    "ID Number": "16301617",
    "Name": "Wu, William",
    "Fed": "TPE",
    "Sex": "M",
    "Title": "",
    "WTit": "",
    "OTit": "",
    "Rating": "1813",
    "Gms": "0",
    "K": "20",
    "RatingMonth": "SEP25",
    "B-day": "2001",
    "Flag": "i"
  },
  {
    "ID Number": "16300440",
    "Name": "Yang, Ching Wei Austin",
    "Fed": "TPE",
    "Sex": "M",
    "Title": "FM",
    "WTit": "",
    "OTit": "",
    "Rating": "2146",
    "Gms": "0",
    "K": "20",
    "RatingMonth": "SEP25",
    "B-day": "1998",
    "Flag": "i"
  },
  {
    "ID Number": "16301048",
    "Name": "Yang, Sung-Jui",
    "Fed": "TPE",
    "Sex": "M",
    "Title": "",
    "WTit": "FI",
    "OTit": "",
    "Rating": "1825",
    "Gms": "0",
    "K": "20",
    "RatingMonth": "SEP25",
    "B-day": "1991",
    "Flag": "i"
  },
  {
    "ID Number": "16305175",
    "Name": "Yang, Ya-Cheng",
    "Fed": "TPE",
    "Sex": "M",
    "Title": "",
    "WTit": "",
    "OTit": "",
    "Rating": "1716",
    "Gms": "0",
    "K": "40",
    "RatingMonth": "SEP25",
    "B-day": "2010",
    "Flag": "i"
  },
  {
    "ID Number": "16301650",
    "Name": "Yao, Jia-You",
    "Fed": "TPE",
    "Sex": "M",
    "Title": "",
    "WTit": "",
    "OTit": "",
    "Rating": "1682",
    "Gms": "0",
    "K": "40",
    "RatingMonth": "SEP25",
    "B-day": "2007",
    "Flag": "i"
  },
  {
    "ID Number": "16304454",
    "Name": "Young, John Hao-En",
    "Fed": "TPE",
    "Sex": "M",
    "Title": "",
    "WTit": "",
    "OTit": "",
    "Rating": "1464",
    "Gms": "0",
    "K": "40",
    "RatingMonth": "SEP25",
    "B-day": "2006",
    "Flag": "i"
  },
  {
    "ID Number": "16300971",
    "Name": "Yu, Chen Yu",
    "Fed": "TPE",
    "Sex": "M",
    "Title": "",
    "WTit": "",
    "OTit": "",
    "Rating": "1770",
    "Gms": "0",
    "K": "40",
    "RatingMonth": "SEP25",
    "B-day": "2005",
    "Flag": ""
  }
]