[
  {
    "ID Number": "16301072"
  },
  {
    "ID Number": "16301242"
  },
  {
    "ID Number": "16301188"
  },
  {
    "ID Number": "16300254"
  },
  {
    "ID Number": "16301145"
  },
  {
    "ID Number": "16305043"
  },
  {
    "ID Number": "16301706"
  },
  {
    "ID Number": "16305329"
  },
  {
    "ID Number": "16304616"
  },
  {
    "ID Number": "16304438"
  },
  {
    "ID Number": "16301633"
  },
  {
    "ID Number": "16304128"
  },
  {
    "ID Number": "16301579"
  },
  {
    "ID Number": "16301951"
  },
  {
    "ID Number": "16302044"
  },
  {
    "ID Number": "16303164"
  },
  {
    "ID Number": "16301552"
  },
  {
    "ID Number": "16301722"
  },
  {
    "ID Number": "16300289"
  },
  {
    "ID Number": "16303989"
  },
  {
    "ID Number": "16303156"
  },
  {
    "ID Number": "16301471"
  },
  {
    "ID Number": "16301463"
  },
  {
    "ID Number": "16301480"
  },
  {
    "ID Number": "16302141"
  },
  {
    "ID Number": "16305361"
  },
  {
    "ID Number": "16304489"
  },
  {
    "ID Number": "16300700"
  },
  {
    "ID Number": "16305485"
  },
  {
    "ID Number": "16301811"
  },
  {
    "ID Number": "16300840"
  },
  {
    "ID Number": "16301870"
  },
  {
    "ID Number": "16301064"
  },
  {
    "ID Number": "16301129"
  },
  {
    "ID Number": "16305396"
  },
  {
    "ID Number": "16301935"
  },
  {
    "ID Number": "16300599"
  },
  {
    "ID Number": "16303571"
  },
  {
    "ID Number": "16302079"
  },
  {
    "ID Number": "16301013"
  },
  {
    "ID Number": "16305922"
  },
  {
    "ID Number": "16304527"
  },
  {
    "ID Number": "16301420"
  },
  {
    "ID Number": "16300823"
  },
  {
    "ID Number": "16301595"
  },
  {
    "ID Number": "16303555"
  },
  {
    "ID Number": "16304519"
  },
  {
    "ID Number": "16305353"
  },
  {
    "ID Number": "16301714"
  },
  {
    "ID Number": "16304390"
  },
  {
    "ID Number": "16301854"
  },
  {
    "ID Number": "16303610"
  },
  {
    "ID Number": "16303121"
  },
  {
    "ID Number": "16304926"
  },
  {
    "ID Number": "16303237"
  },
  {
    "ID Number": "30998450"
  },
  {
    "ID Number": "16302184"
  },
  {
    "ID Number": "16300920"
  },
  {
    "ID Number": "16304829"
  },
  {
    "ID Number": "16305256"
  },
  {
    "ID Number": "16304012"
  },
  {
    "ID Number": "16303644"
  },
  {
    "ID Number": "16305302"
  },
  {
    "ID Number": "16300580"
  },
  {
    "ID Number": "16302893"
  },
  {
    "ID Number": "16301340"
  },
  {
    "ID Number": "16302036"
  },
  {
    "ID Number": "16301358"
  },
  {
    "ID Number": "16301510"
  },
  {
    "ID Number": "170273220"
  },
  {
    "ID Number": "16301749"
  },
  {
    "ID Number": "16301528"
  },
  {
    "ID Number": "16301234"
  },
  {
    "ID Number": "16301609"
  },
  {
    "ID Number": "16302478"
  },
  {
    "ID Number": "16301692"
  },
  {
    "ID Number": "16304810"
  },
  {
    "ID Number": "16301439"
  },
  {
    "ID Number": "16300416"
  },
  {
    "ID Number": "16302052"
  },
  {
    "ID Number": "16300688"
  },
  {
    "ID Number": "16301544"
  },
  {
    "ID Number": "16304047"
  },
  {
    "ID Number": "16301501"
  },
  {
    "ID Number": "16301960"
  },
  {
    "ID Number": "16303091"
  },
  {
    "ID Number": "16302885"
  },
  {
    "ID Number": "16300203"
  },
  {
    "ID Number": "16305400"
  },
  {
    "ID Number": "16301080"
  },
  {
    "ID Number": "16303407"
  },
  {
    "ID Number": "16301382"
  },
  {
    "ID Number": "16300653"
  },
  {
    "ID Number": "16305760"
  },
  {
    "ID Number": "16301102"
  },
  {
    "ID Number": "16302419"
  },
  {
    "ID Number": "3203824"
  },
  {
    "ID Number": "16303466"
  },
  {
    "ID Number": "16305337"
  },
  {
    "ID Number": "16302087"
  },
  {
    "ID Number": "16300696"
  },
  {
    "ID Number": "16304721"
  },
  {
    "ID Number": "16300912"
  },
  {
    "ID Number": "16300874"
  },
  {
    "ID Number": "16300483"
  },
  {
    "ID Number": "16301676"
  },
  {
    "ID Number": "16301757"
  },
  {
    "ID Number": "16300602"
  },
  {
    "ID Number": "16303296"
  },
  {
    "ID Number": "16303580"
  },
  {
    "ID Number": "16304640"
  },
  {
    "ID Number": "16301560"
  },
  {
    "ID Number": "16300858"
  },
  {
    "ID Number": "16301005"
  },
  {
    "ID Number": "16301536"
  },
  {
    "ID Number": "16304500"
  },
  {
    "ID Number": "3830691"
  },
  {
    "ID Number": "16300904"
  },
  {
    "ID Number": "16305086"
  },
  {
    "ID Number": "16304268"
  },
  {
    "ID Number": "16302060"
  },
  {
    "ID Number": "16304713"
  },
  {
    "ID Number": "16301684"
  },
  {
    "ID Number": "16301617"
  },
  {
    "ID Number": "16300440"
  },
  {
    "ID Number": "16301048"
  },
  {
    "ID Number": "16305175"
  },
  {
    "ID Number": "16301650"
  },
  {
    "ID Number": "16304454"
  },
  {
    "ID Number": "16300971"
  }
]