ID Number,Name,Fed,Sex,Title,WTit,OTit,Rating,Gms,K,RatingMonth,B-day,Flag
4829603,"Aaiad, Salman Kareem",IRQ,M,,,,1587,0,40,AUG25,1972,i
4801628,"Abaeji, Sinan Younus Abdulrazzaq",IRQ,M,CM,,,2079,0,20,AUG25,1971,i
4832345,"Abass, Nayif Kareem",IRQ,M,,,,1703,0,40,AUG25,1969,
4804937,Abbas Hussein kzar,IRQ,M,CM,,,2017,0,20,AUG25,1997,i
4806778,"Abbas, Abdul Zahra Abbas",IRQ,M,,,,1827,0,20,AUG25,1962,i
4840372,"Abbas, Ahmed Najat",IRQ,M,,,,1802,0,40,AUG25,2009,
4836561,"Abbas, Ammar Muhammad Hussein",IRQ,M,,,,1655,0,40,AUG25,2002,
4836570,"Abbas, Mohammed Abdulsada",IRQ,M,,,,1664,0,40,AUG25,2011,i
4808452,"Abbass Wanass, Fadhel",IRQ,M,,,,1803,0,20,AUG25,1958,i
4837770,"Abd, Almuhaymin Omer",IRQ,M,,,,1638,0,40,AUG25,2005,i
4832159,"Abdalaziz, M Nidham Aldeen",IRQ,M,,,,1662,0,40,AUG25,1997,
4814061,"Abdalhamed, Shahir Jasim",IRQ,M,,,,1811,0,20,AUG25,1968,i
4836391,"Abdallah, Adnan Abulmonem",IRQ,M,,,,1595,3,40,AUG25,2003,
4820339,"Abdallah, Ammar Mohammed Sheet",IRQ,M,,,,1687,0,20,AUG25,2003,i
4845145,"Abdallah, Mohammed Jead",IRQ,M,,,,1729,6,40,AUG25,2011,
4842898,"Abdalrhman, Mahde Joad",IRQ,M,,,,1631,0,40,AUG25,1991,
4802330,"Abdul, Ameer Gated",IRQ,M,,,,1829,0,20,AUG25,1969,
4829620,"Abdulah, Ameen Abdulateef",IRQ,M,,,,1738,0,40,AUG25,2007,i
4836286,"Abdulbari, Mustafa Mohammed",IRQ,M,,,,1447,0,40,AUG25,2009,i
4820789,"Abdulkareem, Faisl Saeed",IRQ,M,,,,1705,0,20,AUG25,1959,i
4812212,Abdulkarim Abdulqadr Ahmad,IRQ,M,,,,1858,0,20,AUG25,1958,i
4800397,"Abdulkhaliq, Ahmed Abdulhassan",IRQ,M,,,,1824,0,20,AUG25,1971,i
4819586,"Abdulla, Ahmed Abdulkareem",IRQ,M,,,,1484,0,20,AUG25,1996,i
4822927,"Abdulla, Moeaid Kareem",IRQ,M,,,,1853,6,40,AUG25,2009,
4841166,"Abdulla, Nimat Abdulla",IRQ,M,,,,1487,0,40,AUG25,2005,
4836120,"Abdulla, Sherzad Hidayat",IRQ,M,,,,1421,0,40,AUG25,2001,
4812433,"Abdullah , Layth Ahmed",IRQ,M,,,,1886,0,20,AUG25,1991,
4838572,Abdullah zohdi taha,IRQ,M,,,,1515,0,40,AUG25,1990,
4827619,"Abdullah, Ahmed Abdulghani",IRQ,M,,,,1519,0,20,AUG25,1998,i
4828186,"Abdullah, Ahmed Razzaq",IRQ,M,,,,1811,0,20,AUG25,2002,i
4827465,"Abdullah, Ali Abdul Khaliq",IRQ,M,,,,1575,0,20,AUG25,1999,i
4837789,"Abdullah, Ali Natik",IRQ,M,,,,1819,0,40,AUG25,2003,i
4827627,"Abdullah, Elyas Abdullah",IRQ,M,,,,1545,0,20,AUG25,1960,
4835514,"Abdullah, Haji Lawa Barzani",IRQ,M,,,,1477,2,40,AUG25,1962,
4813928,"Abdullah, Hamd Shahr Jasim",IRQ,M,,,,1673,0,20,AUG25,2004,i
4827279,"Abdullah, Hamed Abdulmutaleb",IRQ,M,,,,1743,0,40,AUG25,1998,i
4814932,"Abdullah, Hasan Ismael",IRQ,M,,,,1565,0,20,AUG25,1997,i
4813936,"Abdullah, Hasan Othman",IRQ,M,,,,1543,0,20,AUG25,2004,i
4826787,"Abdullah, Khaled Nasser",IRQ,M,,,,1674,0,40,AUG25,2007,i
4824040,"Abdullah, Mohammed Khaleel",IRQ,M,,,,1756,0,20,AUG25,2000,i
4817575,"Abdullah, Nazar Qasim",IRQ,M,,,,1673,0,20,AUG25,2001,i
4829964,"Abdullah, Raad Saadoon",IRQ,M,,,,1570,0,20,AUG25,2002,i
4824768,"Abdullah, Saad Mohammed",IRQ,M,,,,1572,0,20,AUG25,1992,i
4824776,"Abdullah, Sinan Kareem",IRQ,M,,,,ACM,1683,0,AUG25,2007,i
4819608,"Abdullah, Thaaer Mohammed",IRQ,M,,,,1642,0,40,AUG25,2006,i
4818172,"Abdullahgailan, Abdulkhaliq",IRQ,M,,,,1595,0,20,AUG25,1994,
4845161,"Abdulmaged, Riyadh Abdulmged",IRQ,M,,,,1780,7,40,AUG25,2004,
4820495,"Abdulmalek, Abdulbasit Abdulmohsi",IRQ,M,,,,1564,0,40,AUG25,2011,
4826965,"Abdulmalik, Essmat Qader",IRQ,M,,,,1854,5,40,AUG25,2000,
4822951,"Abdulmohaiman, Mohammed Shakir",IRQ,M,,,,1762,0,20,AUG25,1970,i
4831560,"Abdulrahman, Alaa Salih",IRQ,M,,,,1834,0,40,AUG25,2001,i
4814622,"Abdulrahman, Omar Taha",IRQ,M,,,,1669,0,20,AUG25,1996,i
4831578,"Abdulrahman, Salahulddin Hasan",IRQ,M,,,,1662,0,40,AUG25,2002,i
4831241,"Abdulrahman, Salam Dawood",IRQ,M,,,,1724,0,40,AUG25,2004,i
4836405,"Abdulrahman, Wadhah Ali",IRQ,M,,,,1525,0,40,AUG25,2000,
4831209,"Abdulrahman, Yaser Dhannoon",IRQ,M,,,,1804,0,20,AUG25,2003,i
4841174,"Abdulrazzaq, Ahmed Bapeer",IRQ,M,,,,1699,4,40,AUG25,1976,
4838793,Abdulwadoud Jameel K Al-Mashhadani,IRQ,M,,,,1715,0,40,AUG25,2004,
4827635,"Abdulwahab, Waleed Khuder",IRQ,M,,,,1629,0,20,AUG25,1996,i
4808690,"Abdulwahed, Ahmed",IRQ,M,,,,1711,0,20,AUG25,0,i
4801849,"Abdulwahhab, Ahmed Abdulsattar A",IRQ,M,FM,,,2117,0,20,AUG25,1975,i
4815823,Abdurrazzaq Faiq Abdulla Naqeshbandi,IRQ,M,,NI,,1768,0,20,AUG25,1994,i
4840283,"Abulrahman, Salman Saleem",IRQ,M,,,,1497,0,40,AUG25,2008,
4842740,"Adam, Mohammed Khaled",IRQ,M,,,,1591,0,40,AUG25,2009,
4810635,Adean Ossma Nassr Mohammed,IRQ,F,,,,1627,0,40,AUG25,2008,wi
4806336,"Adel, Hadi",IRQ,M,,,,1744,0,20,AUG25,0,i
4822978,"Adel, Hassan Mahmood",IRQ,M,,,,1665,0,40,AUG25,1965,
4839250,"Adel, Tahseen Khalil",IRQ,M,,,,1861,0,40,AUG25,2008,
4813731,"Adham, Hameed Jabbar AL-Aqbi",IRQ,M,,,,1698,0,40,AUG25,2005,i
4800079,"Adil, Ali Jalal",IRQ,M,FM,,,2194,0,20,AUG25,1952,i
4821971,"Adil, Hadi Hasoon",IRQ,M,,,,1726,0,20,AUG25,1975,i
4817117,"Adil, Hashim Ali",IRQ,M,,,,AFM,1543,0,AUG25,1977,
4814118,"Adnan, Ibrahim Khalil",IRQ,M,,,,1589,0,20,AUG25,1961,i
4808118,"Ahmad, Al-Qudsi",IRQ,M,,,,1665,0,20,AUG25,1992,i
4814398,"Ahmad, Hasan Younis",IRQ,M,,,,1619,0,20,AUG25,2004,i
4832442,"Ahmad, Jalil Qader",IRQ,M,,,,1609,0,20,AUG25,2001,
4827473,"Ahmad, Rahim Ameen",IRQ,M,,,,1593,0,20,AUG25,1995,i
4816064,"Ahmed , Mohamad Hassan",IRQ,M,,,,1462,0,40,AUG25,2010,i
4812026,Ahmed Farhad Ali,IRQ,M,,,,1680,0,20,AUG25,2000,i
4810686,Ahmed gawad Hammood,IRQ,M,,,,1857,0,20,AUG25,1952,i
4810767,Ahmed Haider Sadiq,IRQ,M,,,,1785,0,20,AUG25,2001,i
4837258,"Ahmed Shakir, Kamil",IRQ,M,,,,1728,0,40,AUG25,1991,
4820401,"Ahmed, Abdul Fattah Ahmed",IRQ,M,,,,1657,0,20,AUG25,1990,
4815408,"Ahmed, Abdulaaima Mohammed",IRQ,M,,,,1512,0,20,AUG25,1992,i
4833635,"Ahmed, Abdulrahman Hussein",IRQ,M,,,,1562,4,20,AUG25,1989,
4827481,"Ahmed, Abid Mahdi",IRQ,M,,,,1638,0,20,AUG25,1977,i
4826108,"Ahmed, Ali Nasir",IRQ,M,,,,1800,0,20,AUG25,1996,i
4816773,"Ahmed, Atyah Allaw",IRQ,M,,,,1672,0,20,AUG25,1967,i
4840712,"Ahmed, Ayad Ali",IRQ,M,,,,ACM,1643,3,AUG25,1994,
4838610,"Ahmed, Bassem Muhammad",IRQ,M,,,,1617,0,40,AUG25,2002,
4828810,"Ahmed, Emad Faozi",IRQ,M,,,,1582,0,20,AUG25,2001,i
4833767,"Ahmed, Faisal Meteab",IRQ,M,,,,1776,0,40,AUG25,1972,
4826167,"Ahmed, Fawzi Mousa",IRQ,M,,,,1702,0,20,AUG25,1966,i
4824784,"Ahmed, Ghazi Assi",IRQ,M,,,,1727,0,20,AUG25,1975,i
4840909,"Ahmed, Hamed Abdel Samad",IRQ,M,,,,1513,0,40,AUG25,2003,
4840097,"Ahmed, Hasan Mohamed",IRQ,M,,,,AFM,1762,0,AUG25,2001,
4825608,"Ahmed, Hussein Abd",IRQ,M,,,,1660,0,20,AUG25,2004,i
4822544,"Ahmed, Hussein Qader",IRQ,M,,,,1531,0,20,AUG25,1997,i
4824920,"Ahmed, Ihsan Jameel Yakin",IRQ,M,,,,1782,0,20,AUG25,1998,i
4830113,"Ahmed, Ismael Mohammed",IRQ,M,,,,1713,6,40,AUG25,1990,
4802071,"Ahmed, J.Majeed",IRQ,M,,,,2049,0,20,AUG25,1976,i
4842537,"Ahmed, Jalal Shahat",IRQ,M,,,,1664,3,40,AUG25,2003,
4842073,"Ahmed, Jasim Fadhel",IRQ,M,,,,1714,0,40,AUG25,2006,
4808134,"Ahmed, Jawad",IRQ,M,,,,1810,0,20,AUG25,0,i
4808509,"Ahmed, Jaza Jamal",IRQ,M,IM,,,2197,0,20,AUG25,2003,
4830296,"Ahmed, Karim Hussein",IRQ,M,,,,1729,0,40,AUG25,1990,i
4822013,"Ahmed, Majed Rashid",IRQ,M,,,,1825,0,20,AUG25,1975,i
4836634,"Ahmed, Mishaal Saud",IRQ,M,,,,1661,0,40,AUG25,2008,
4817257,"Ahmed, Mustafa Hasan",IRQ,M,,,,1795,0,20,AUG25,1987,i
4836960,"Ahmed, Najat Abdulkareem",IRQ,M,,,,1629,0,40,AUG25,2003,i
4827651,"Ahmed, Najat Ahmed",IRQ,M,,,,1493,0,20,AUG25,1989,i
4839951,"Ahmed, Najat Mohammed",IRQ,M,,,,1625,0,40,AUG25,1995,
4803191,"Ahmed, Nasir",IRQ,M,,,,1869,0,20,AUG25,1964,i
4820991,"Ahmed, Nasir Abdulwahid",IRQ,M,,,,1740,0,20,AUG25,1981,
4815149,"Ahmed, Omed Mohammed",IRQ,M,,,,1914,0,20,AUG25,1996,i
4814150,"Ahmed, Qusay Ahmed",IRQ,M,,,,1510,0,40,AUG25,2006,i
4806204,"Ahmed, Qutayba Yunis",IRQ,M,CM,,,1903,0,20,AUG25,2000,
4836650,"Ahmed, Sabah Kazim",IRQ,M,,,,1768,0,40,AUG25,2004,
4827503,"Ahmed, Safaa Aldeen Shakir",IRQ,M,,,,1669,0,20,AUG25,2001,i
4822552,"Ahmed, Salah Kakarash",IRQ,M,,,,1580,0,20,AUG25,1994,
4813472,"Ahmed, Soran Hassan",IRQ,M,,,,1554,0,20,AUG25,1998,i
4817168,"Ahmed, Tahir Yahya",IRQ,M,,,,1456,0,40,AUG25,2008,i
4831136,"Ahmed, Yacine Nedah",IRQ,M,,,,1798,0,40,AUG25,1998,i
4828828,"Ahmed, Zeyad Tarek",IRQ,M,,,,1579,0,40,AUG25,2006,i
4833643,"Ahmed,Kadhim Mousa",IRQ,M,,,,1734,0,40,AUG25,2000,
4818024,"Aimn, Muhamad Resole",IRQ,M,,,,1428,0,40,AUG25,2009,i
4832809,"Akam, Salmanzaidan",IRQ,M,,,,1563,0,20,AUG25,1989,
4820231,"Akar, Haidar Sabr",IRQ,M,,,,1488,0,40,AUG25,2007,i
4813014,"Akar, Omiad Saber",IRQ,M,,,,1668,0,20,AUG25,2004,i
4843606,"Akram, Saad Mohammed Saleh",IRQ,M,,,,1635,0,40,AUG25,2008,
4800230,"Akrawi, Samir",IRQ,M,FM,,,2130,0,20,AUG25,1970,
4802179,"Al -Rubaye, Hasan Abed Shahwaz",IRQ,M,,,,1739,0,20,AUG25,1968,
4807235,"Al Falahi, Ziad Tarik Mohammad",IRQ,M,,,,1557,0,20,AUG25,1973,i
4807766,"Al Harith, Emad Nawaf",IRQ,M,,,,1749,0,20,AUG25,2002,i
4810538,Al Hasan Dhamir Jabar Al Yhya,IRQ,M,,,,1584,0,40,AUG25,2006,i
4810490,Al Hussein Dhamir Jabar Al Yhya,IRQ,M,,,,1552,0,40,AUG25,2006,i
4816510,"Al Khider, Dildar Dawod Sulaiman",IRQ,M,,,,1818,0,20,AUG25,1995,i
4813910,"Al Rashid, Qays Abduljabar Naji",IRQ,M,,,,1803,0,20,AUG25,1963,i
4800192,"Al-Ali, Hussein Ali Hussein",IRQ,M,IM,,,2134,0,20,AUG25,1968,
4804929,"AL-ALI, Sally Abbas Abdulzahra",IRQ,F,WFM,WFM,,1833,0,20,AUG25,2001,w
4806700,"Al-Fayyadh, Yamama Asif Abdula",IRQ,F,WCM,WCM,,1738,0,20,AUG25,2001,wi
4806476,"Al-Fayyadh, Zainab Asif Abdulah",IRQ,F,,,,1802,0,20,AUG25,1990,wi
4805984,"Al-Hasnawi, Zainal Abdeen Farhan Naseer",IRQ,M,,,,1776,0,20,AUG25,1997,i
4800168,"Al-Khattab, Ghassan M. Ali Ajmed",IRQ,M,FM,,,2061,0,20,AUG25,1956,
4809190,"Al-Nakash, Rami Abdulrazak Hussein",IRQ,M,,,,1839,0,20,AUG25,1991,
4803132,"Al-Rajab, Maha Layth Ismael",IRQ,F,WCM,WCM,,1887,0,20,AUG25,1989,wi
4801067,"Al-Rufaye, Iman Hasan Mohammed",IRQ,F,WIM,WIM,,2094,0,20,AUG25,1982,wi
4800087,"Al-Saadi, Jumaa A.Gatea",IRQ,M,FM,,,2107,0,20,AUG25,1961,i
4814452,"Al-Saffar, Abdullah Ammar Ahmed",IRQ,M,,,,1983,0,40,AUG25,2009,
4801040,"Al-Saffar, Araz Basim Mohammed S",IRQ,M,IM,,,2371,0,20,AUG25,1984,i
4800605,"Al-Sahlanee, Hayder A. Jaafar",IRQ,M,FM,,,2141,0,20,AUG25,1966,i
4801458,"Al-Turaihi, Dhari Satea Saeed",IRQ,M,,,,1783,0,20,AUG25,1954,
4823001,"Alaa, Jalil Hasoon",IRQ,M,,,,1778,0,20,AUG25,1975,i
4815840,"Alaa, Mamdoh Jamal",IRQ,M,,,,1659,0,20,AUG25,1976,i
4827198,"Alaa, Salih Abid",IRQ,M,,,,1627,0,40,AUG25,1981,
4812395,"Alalwan, Sajjad Abbas Khudhair",IRQ,M,,,,1868,0,20,AUG25,1993,i
4825454,"Alan, Jamal Mohammed Ali",IRQ,M,,,,1863,0,20,AUG25,1985,i
4840119,"Alan, Muhammad Abdulrahman",IRQ,M,,,,1670,0,40,AUG25,1993,
4813022,"Alan, Omiad Saber",IRQ,M,,,,1601,0,20,AUG25,2006,
4827660,"Aland, Fouad Rashid",IRQ,M,,,,1499,0,40,AUG25,2008,
4806727,"Alatia, Abdullah",IRQ,M,,"NI,NA",,1764,0,20,AUG25,1998,i
10602348,Albadri Sattar,IRQ,M,CM,,,2149,0,20,AUG25,1966,
4808436,"ALbarbari ,Vin Kamal Jalal Adin",IRQ,F,WCM,WCM,,1684,0,20,AUG25,2000,w
4801776,"ALBARBARI,KAREEN KAMAL JALALADIN",IRQ,F,WFM,WFM,,1875,0,20,AUG25,1992,w
4801237,"Albarbary, Niwar Jaafar Jalaladeen",IRQ,M,,,,1945,0,20,AUG25,1986,i
4801180,"Albu-Salih, Khalid Khudhair Khalaf",IRQ,M,,,,2046,0,20,AUG25,1956,i
4809548,"Aleqeen, Dhamir Jabar",IRQ,F,,,,1515,0,20,AUG25,2004,wi
4820070,"Alesi, Hayder Abdulkadhim Matos",IRQ,M,,,,1569,0,20,AUG25,1989,i
4845218,"Alhasan, Akram Mohammed",IRQ,M,,,,1690,6,40,AUG25,2003,
4810171,Ali Abbas hameed,IRQ,M,,,,1831,0,20,AUG25,1998,i
4808738,"Ali Abbas, Abdulzahra",IRQ,M,,,,1740,0,20,AUG25,2003,
4830083,ALI ABDULKAREEM SHAFIQ AL-OBAIDI,IRQ,M,,,,1481,1,40,AUG25,1997,
4811569,Ali Adnan Younus,IRQ,M,,,,1841,0,20,AUG25,1963,i
4809262,Ali Ahmed Abbas,IRQ,M,,,,1650,0,20,AUG25,2002,i
4808746,"Ali Ahmed, Attiyah",IRQ,M,,,,1614,0,20,AUG25,1999,i
4810511,Ali Al mortdha Hussein Kadhim,IRQ,M,,,,1464,0,40,AUG25,2007,i
4812034,Ali Farhad Ali,IRQ,M,,,,1793,0,20,AUG25,2001,
4810139,Ali Firas Qassim,IRQ,M,,,,2024,0,20,AUG25,2006,
4801997,Ali Gatee,IRQ,M,,,,1913,0,20,AUG25,1970,
4830873,"Ali Hadi, Abdali",IRQ,M,,,,1702,4,20,AUG25,1982,
4812115,Ali Hasan Jamil,IRQ,M,,,,1506,0,20,AUG25,1995,i
4806050,ali khalid khudhair,IRQ,M,,,,1835,0,20,AUG25,1996,i
4810457,Ali Najib kadhim,IRQ,M,,,,1676,0,40,AUG25,2005,i
4802870,Ali Noor Hadi,IRQ,M,,,,1938,0,20,AUG25,1977,i
4812131,Ali Salah Mahdi,IRQ,M,,,,1494,0,40,AUG25,2009,i
4831454,Ali Sami Rajab AL-Bakara,IRQ,M,,,,1539,0,40,AUG25,1997,i
4834224,"Ali Yaseen Abbas, Al-Maliki",IRQ,M,,,,1730,0,40,AUG25,1989,i
4817702,ALI ZAIN Al ABDIN HAMEED AL-MUSAWI,IRQ,M,,,,AFM,2081,9,AUG25,2007,
4837320,"Ali, Abdalmahdi Makttoof",IRQ,M,,,,1685,0,40,AUG25,1994,
4822048,"Ali, Abdel Elah Hadi",IRQ,M,,,,1745,0,20,AUG25,1985,
4826183,"Ali, Abdulhussein Radhi",IRQ,M,,,,1747,0,40,AUG25,1982,i
4828844,"Ali, Abdulkareem Hasan",IRQ,M,,,,1529,0,40,AUG25,2009,
4816471,"Ali, Abdulsalam Jalaladeen",IRQ,M,,,,1549,0,40,AUG25,2005,i
4829638,"Ali, Adil Hussein",IRQ,M,,,,1567,0,40,AUG25,2009,i
4817443,"Ali, Ahamed Mezhir",IRQ,M,,,,1732,0,40,AUG25,2010,
4804511,"Ali, Ahmed Ali",IRQ,M,,FA,,1833,0,20,AUG25,1976,i
4821017,"Ali, Ahmed Lutfi",IRQ,M,,,,1734,0,20,AUG25,1994,i
4828194,"Ali, Alhadi Abdulkadhim Abass",IRQ,M,,,,1632,0,20,AUG25,1997,i
4836685,"Ali, Ameer Rashid",IRQ,M,,,,1603,0,40,AUG25,2000,i
4835158,"Ali, Amjed Khalaf",IRQ,M,,,,1497,0,40,AUG25,2001,i
4814401,"Ali, Basem Mouhsin",IRQ,M,,,,1789,0,20,AUG25,1997,i
4842553,"Ali, Bashar Salim",IRQ,M,,,,1832,5,40,AUG25,2004,
4817451,"Ali, Dawood Hasan",IRQ,M,,,,1767,0,20,AUG25,1985,
4816609,"Ali, Dhiaa Ali",IRQ,M,,,,1898,0,20,AUG25,1984,
4812522,"Ali, Diaa Ali",IRQ,M,,,,1784,0,20,AUG25,1984,i
4818571,"Ali, Dlshad Hasan",IRQ,M,,,,1514,0,40,AUG25,2013,
4835565,"Ali, Esmail Ahmaed",IRQ,M,,,,1524,5,40,AUG25,1989,
4826680,"Ali, Firas Fathe",IRQ,M,,,,1685,0,40,AUG25,2007,
4804023,"Ali, Gataa Hussein",IRQ,M,,,,1969,0,20,AUG25,1970,i
4800214,"Ali, Ghazi Al-Saadi",IRQ,M,FM,,,2039,0,20,AUG25,1964,
4823036,"Ali, Hammed Khaioon",IRQ,M,,,,1669,0,20,AUG25,1990,i
4814991,"Ali, Hussein Ali Itaimah",IRQ,M,,,,1720,0,20,AUG25,1988,i
4820819,"Ali, Hussein Ali Ujam",IRQ,M,,,,1717,0,20,AUG25,1996,i
4824601,"Ali, Hussein Kadhim",IRQ,M,,,,1776,0,20,AUG25,1995,i
4837045,"Ali, Hussein Nasser",IRQ,M,,,,1717,0,40,AUG25,2007,
4817133,"Ali, Jasim Dhaidan",IRQ,M,,,,1630,0,20,AUG25,1993,i
4837347,"Ali, Jawad Kadhim",IRQ,M,,,,1751,0,40,AUG25,2005,i
4821025,"Ali, Kadhim Abid Ali",IRQ,M,,,,1770,0,20,AUG25,1997,i
4842863,"Ali, Kazim Karim",IRQ,M,,,,1596,0,40,AUG25,1986,
4826213,"Ali, Laith Abdulaziz",IRQ,M,,,,1764,0,20,AUG25,1998,i
4829441,"Ali, Luay Altaie",IRQ,M,,,,1578,0,20,AUG25,1999,i
4827511,"Ali, Maki Jafer",IRQ,M,,,,1530,0,20,AUG25,1995,i
4803540,"Ali, Mohamed Kareem",IRQ,M,,,,1866,0,20,AUG25,1956,i
4818237,"Ali, Mohammed Ahmed",IRQ,M,,,,1571,0,20,AUG25,1990,i
4826817,"Ali, Mohammed Duhaim",IRQ,M,,,,1728,0,20,AUG25,1987,i
4842642,"Ali, Mohammed Hait",IRQ,M,,,,1669,0,40,AUG25,1994,
4837053,"Ali, Mohsen Kazem",IRQ,M,,,,1658,0,40,AUG25,2004,
4830300,"Ali, Muayad Abduljabbar",IRQ,M,,,,1738,0,40,AUG25,1998,
4823958,"Ali, Muhammad Abdullah",IRQ,M,,,,1545,0,20,AUG25,1995,i
4836413,"Ali, Muhimmad Abdul Hassan",IRQ,M,,,,1611,0,40,AUG25,2003,i
4840461,"Ali, Murshid Khorshid",IRQ,M,,,,1516,1,40,AUG25,1972,
4826051,"Ali, Muwafaq Fadhil",IRQ,M,,,,1792,0,20,AUG25,2001,i
4822099,"Ali, Najah",IRQ,M,,,,1674,0,20,AUG25,1992,i
4829190,"Ali, Naji Abdullah",IRQ,M,,,,1664,0,20,AUG25,1997,
4818466,"Ali, Namat Murtada",IRQ,M,,,,1712,0,20,AUG25,1988,i
4835263,"Ali, Nasser Abed",IRQ,M,,,,1577,0,40,AUG25,1991,
4836138,"Ali, Nawzad Taha",IRQ,M,,,,1429,0,40,AUG25,1999,
4814320,"Ali, Nazar Abass",IRQ,M,,,,1599,0,20,AUG25,1997,i
4831616,"Ali, Nazar Shareef",IRQ,M,,,,1655,0,40,AUG25,2003,i
4806107,"Ali, Nsaif Jasim",IRQ,M,,,,1841,0,20,AUG25,1967,
4827023,"Ali, Omar",IRQ,M,,,,1799,0,40,AUG25,2000,
4816617,"Ali, Qasim Kadhim",IRQ,M,,,,1746,0,20,AUG25,1998,i
4812867,"Ali, Radhi Monshd",IRQ,M,,,,1737,0,20,AUG25,1997,i
4815416,"Ali, Razzaq Shohait",IRQ,M,,,,1560,0,20,AUG25,1993,i
4821041,"Ali, Saad Mahdi",IRQ,M,,,,1836,0,40,AUG25,2000,
4824628,"Ali, Sahab Hameed",IRQ,M,,,,1572,0,20,AUG25,1988,i
4823761,"Ali, Salam Abudalkhaliq",IRQ,M,,,,1731,0,20,AUG25,1997,i
4806506,"Ali, Sattar Nasser",IRQ,M,,,,1808,0,20,AUG25,1998,i
4823966,"Ali, Shabout Mohsen",IRQ,M,,,,1815,0,20,AUG25,1984,i
4837800,"Ali, Shakir Abu Allail",IRQ,M,,,,1671,0,40,AUG25,1990,i
4824636,"Ali, Shamkhi Jabar",IRQ,M,,,,1564,0,20,AUG25,1991,i
4820827,"Ali, Shihab Ahmed",IRQ,M,,,,1595,0,40,AUG25,2013,
4838831,"Ali, Shwan M Najib",IRQ,M,,,,1540,5,40,AUG25,2001,
4833856,"Ali, Surdash Hassan",IRQ,M,,,,1640,0,40,AUG25,2006,i
4823770,"Ali, Talib Jlood",IRQ,M,,,,1705,0,20,AUG25,2000,i
4829557,"Ali, Wassam Hatam",IRQ,M,,,,1667,2,40,AUG25,2010,
4828852,"Ali, Wissam Karim",IRQ,M,,,,1557,0,40,AUG25,2010,
4828488,"Alman, Adnan Mohammed",IRQ,M,,,,1603,0,20,AUG25,1990,i
4816374,"Almojtaba, Munaf Jalal",IRQ,M,,,,1711,0,20,AUG25,1997,
4801920,"Alothman ,Ali Layth Ahmed",IRQ,M,FM,,,2186,0,20,AUG25,1987,
4809068,Alwaeli Basil,IRQ,M,,,,1743,0,20,AUG25,2001,i
4805127,"Alwaeli, Looay",IRQ,M,,NA,,1749,0,20,AUG25,1987,
4805135,"Amal, Majid Khudhair",IRQ,F,,,,1648,0,20,AUG25,1999,wi
4838785,AMAR ABDULKAREEM ABDULJABAR,IRQ,M,,,,1505,0,40,AUG25,1967,i
4822110,"Amar, Abdulsaid Madhmoom",IRQ,M,,,,1664,0,20,AUG25,1977,i
4818245,"Ameen, Ali Hussein",IRQ,M,,,,1501,0,20,AUG25,1999,i
4816633,"Ameen, Mohamed Edan",IRQ,M,,,,1898,7,40,AUG25,2009,
4841700,"Ameer, Abbas Jameel",IRQ,M,,,,1728,0,40,AUG25,2002,
4825705,"Ameer, Adnan Dhiaa",IRQ,M,,,,1774,0,20,AUG25,1988,i
4826825,"Ameer, Ali Jabbar",IRQ,M,,,,1575,0,20,AUG25,2001,i
4827333,"Ameer, Hayder Jawad Mubarak",IRQ,M,,,,1875,0,20,AUG25,2000,i
4807537,"Ameer,Dhafer Abdulameer",IRQ,M,CM,,,1891,0,20,AUG25,2005,
4808320,Amer Ahmed Dhiab,IRQ,M,,,,1752,0,20,AUG25,1972,i
4810899,Amer Hameed Kwair,IRQ,M,,NA,,1818,0,20,AUG25,1971,i
4839226,"Amer, Nafea Ibraheem",IRQ,M,,,,AFM,1965,0,AUG25,1961,
4824075,"Amin, Hamada Mohammed Amin",IRQ,M,,,,1603,0,40,AUG25,2007,i
4804074,Amjad M Alwan,IRQ,M,,,,1951,0,20,AUG25,1982,i
4840739,"Amjad, Abdulqader Naji",IRQ,M,,,,1752,0,40,AUG25,2004,
4832469,"Amjad, Saeed Ahmad",IRQ,M,,,,1617,0,40,AUG25,1978,i
4802349,Amjed Alaa Abbas,IRQ,M,,NA,,1909,0,20,AUG25,1990,i
4800370,AMMAR ABDULJABBAR OLEIWI AL KHAZAALI,IRQ,M,,,,1999,0,20,AUG25,1967,i
4813863,Ammar Imad Khaleel Alothman,IRQ,M,,,,1813,0,20,AUG25,2000,i
4831624,"Ammar, Abdulrazaq Sakran",IRQ,M,,,,AFM,1663,0,AUG25,2006,i
4816242,"Ammar, Ahmed Abdulbaqi",IRQ,M,,,,1594,0,20,AUG25,1963,i
4804520,"Ammar, Fadhel Abed",IRQ,M,,,,1882,0,20,AUG25,1972,i
4811712,"Ammar, Ismail Tariq",IRQ,M,,,,1572,0,20,AUG25,2003,i
4818261,"Ammar, Majid Jalil",IRQ,M,,,,1735,3,20,AUG25,1991,
4824806,"Ammar, Mohammad Jowad",IRQ,M,,,,1694,0,20,AUG25,1985,i
4839773,"Amro, Abdulhakeem Abdulkareem",IRQ,M,,,,1567,1,40,AUG25,2011,
4831632,"Anas, Ismat Shukur",IRQ,M,,,,1509,0,40,AUG25,2013,i
4843410,"Anas, Mohammed Rahman",IRQ,M,,,,1438,0,40,AUG25,2010,
4817265,"Anas, Wajeeh Abdulrahman",IRQ,M,,,,1654,0,20,AUG25,1989,i
4834909,"Andro, Jabar Hawel",IRQ,M,,,,1533,0,40,AUG25,2001,i
4841204,"Anjam, Zubair Alee",IRQ,M,,,,1667,3,40,AUG25,1988,
4838351,"Anmar, Qutaiba Yunis",IRQ,M,,,,1500,0,40,AUG25,1987,
4842944,"Anwar, Akram Nawrozi",IRQ,M,,,,1647,0,40,AUG25,2002,
4805151,"Aos, Hassan Ibrahim",IRQ,M,,,,1853,0,20,AUG25,1984,
4829980,"Aqeel, Ahmed Hatem",IRQ,M,,,,1625,0,40,AUG25,1997,i
4840933,"Aqeel, Ibrahim Abdul Sayed",IRQ,M,,,,1624,0,40,AUG25,1964,
4837380,"Aqeel, Mohammed Ali",IRQ,M,,,,1600,0,40,AUG25,1993,i
4817486,"Aqeil, Jabir Torki",IRQ,M,,,,1572,0,40,AUG25,1998,
4840615,"Ara, Ashti Sulaiman",IRQ,M,,,,1426,0,40,AUG25,2016,
4818598,"Ara, Farhad Abdullah",IRQ,F,,,,1557,0,40,AUG25,2009,wi
4800400,"Aram, Abdulla  Fattah",IRQ,M,,,,1784,0,20,AUG25,1961,
4834917,"Areen, Rahim Abdulrahman",IRQ,M,,,,1544,0,40,AUG25,2013,i
4802543,"Ares, Saber Majeed",IRQ,M,,,,2021,0,20,AUG25,1972,
4839293,"Arez, Namir Khaleel",IRQ,M,,,,1657,0,40,AUG25,2010,
4814681,"Arikar, Omiad Saber",IRQ,M,,,,AFM,1629,0,AUG25,2012,
4837967,"Aro, Ismael Arab",IRQ,M,,,,1633,0,40,AUG25,2008,
4803035,"Arqam, Zaki",IRQ,M,,,,1870,0,20,AUG25,0,i
4829654,"Arshad, Fareed Thabit",IRQ,M,,,,1585,0,40,AUG25,2007,i
4813227,"Arya, Latif Najib",IRQ,M,,,,1717,0,40,AUG25,2006,i
4813235,"Aryan, Ali Ehsan",IRQ,M,CM,,,2204,0,20,AUG25,1998,
4830148,"Aryaz, Omed Ali",IRQ,M,,,,1668,0,40,AUG25,2015,
4803566,"Asad, Mohamed Ali",IRQ,M,,,,1929,0,20,AUG25,1966,i
4815432,"Asal, Nawar Ahmed",IRQ,F,,,,1617,0,40,AUG25,2005,wi
4808142,"Aseel, Dhafer Abdulameer",IRQ,M,,,,1696,0,20,AUG25,2003,i
4829212,"Aseel, Muhammed Hussain",IRQ,M,,,,1614,0,20,AUG25,1997,i
4814770,"Ashty, Shafeeq Rafeeq",IRQ,M,,,,1738,0,20,AUG25,1984,i
4810279,Aso Osman Hama Rasheed,IRQ,M,,,,1914,0,20,AUG25,1978,i
4816498,"Avraz , Ibrahim Ahmed",IRQ,M,,,,1746,0,20,AUG25,1987,i
4817362,"Awara, Hemn Hassan",IRQ,M,,,,1668,0,20,AUG25,1997,
4811496,Awat Mohammed Amin Ibrahim,IRQ,M,,,,1744,0,20,AUG25,1984,i
4839960,"Awin, Arsalan Othman",IRQ,F,,,,1434,0,40,AUG25,2008,w
4831888,"Aws, Riadh Falah",IRQ,M,,,,1752,0,40,AUG25,1994,
4814460,"Aya, Falah Sabah",IRQ,F,,,,1448,0,40,AUG25,2009,w
4810422,Ayab Dhafer abdulameer,IRQ,M,,,,1549,0,20,AUG25,2001,i
4823052,"Ayad, Khalif Mohammed",IRQ,M,,,,1651,3,40,AUG25,1995,
4814630,"Ayad, Saady Naji",IRQ,M,,,,1770,0,20,AUG25,1964,
4816501,"Aydil, Dawod Sulaiman",IRQ,M,,,,1634,0,20,AUG25,1996,i
4835360,"Aydin, Luqman Muhammed",IRQ,M,,,,1466,0,40,AUG25,2003,
4831330,"Aydya, Awder Abdullah",IRQ,M,,,,1637,0,40,AUG25,2014,
4827520,"Ayham, Mohamed Abdeladhim",IRQ,M,,,,1534,0,40,AUG25,2007,i
4816790,"Ayman, Emad Mustafa",IRQ,M,,,,1401,0,40,AUG25,2012,i
4814410,"Ayman, Kadhim Yousif",IRQ,M,,,,1740,8,20,AUG25,2001,
4814479,"Aymen, Falah Sabah",IRQ,M,,,,1464,0,20,AUG25,2005,i
4827708,"Ayoob, Elias Abdullah",IRQ,M,,,,1453,0,20,AUG25,1975,
4813952,"Azez, Ali Hussein",IRQ,M,,,,1796,0,20,AUG25,1967,i
4838009,"Azhdar, Mohammed Ahmed",IRQ,M,,,,1836,0,40,AUG25,2000,i
4801636,"Aziz, Jawad Kadhim",IRQ,M,,,,1979,0,20,AUG25,1957,i
4803710,"Aziz, Majeed Al-Rufaye",IRQ,M,,,,1930,0,20,AUG25,1965,i
4812930,"Azwer, Rasheed Saeed",IRQ,M,,,,1766,0,20,AUG25,1964,i
4811950,BADER SALAH NOORI,IRQ,M,,,,1524,0,40,AUG25,2009,i
4810988,Badir Hasib,IRQ,M,,,,1892,0,20,AUG25,1956,
4818318,Badr Husamuldeen Rifaat,IRQ,M,,,,1538,0,40,AUG25,2012,i
4802233,"Badry, Abdul Jabbar",IRQ,M,,NA,,1868,5,20,AUG25,1987,
4828887,"Bahaa, Khalil Ibrahim",IRQ,M,,,,1773,0,20,AUG25,1997,i
4824814,"Bahaauldin, Thabet Abdulqader",IRQ,M,,,,1668,0,20,AUG25,1993,i
4836715,"Bahaldan, Riyadh Ghmayes",IRQ,M,,,,1505,0,40,AUG25,1996,
4843045,"Bahez, Emad Nawzad",IRQ,M,,,,1463,0,40,AUG25,2017,
4803450,Bahman Omer Hama,IRQ,M,,,,1897,0,20,AUG25,1982,
4839978,"Bahoz, Eziz Seyfedin",IRQ,M,,,,1662,0,40,AUG25,2001,
4816250,"Bahoz, Shaxawan Mohammed",IRQ,M,,,,1642,0,20,AUG25,2002,i
4816269,"Bahra, Sameer Anwer",IRQ,F,,,,1576,0,40,AUG25,2009,w
4819802,"Bahroz, Mohammed Nasraden",IRQ,M,,,,1669,0,40,AUG25,1981,
4805933,Bahzad Zeenaldeen Mawlud,IRQ,M,,,,2050,0,20,AUG25,1984,i
4835581,"Bahzad, Kamal M ameen",IRQ,M,,,,1837,8,40,AUG25,1975,
4835590,"Bahzad, Shukri Agid",IRQ,M,,,,1586,5,40,AUG25,1979,
4818342,"Bakhtiar, Qarany Sulaiman",IRQ,M,,,,1728,0,40,AUG25,1980,
4807111,"Bakhtiyar,hama Salih Ahmed",IRQ,M,,,,1872,0,20,AUG25,1985,
4841220,"Bakhtyar, Abubaker M Salih",IRQ,M,,,,1674,4,40,AUG25,1987,
4806220,Baktiar Hamd Mohammed,IRQ,M,,,,1741,0,20,AUG25,1980,
4813499,"Balen, Qasm Osman",IRQ,M,,,,1464,0,20,AUG25,2005,i
4830962,"Baneel, Nabeel Aziz",IRQ,M,,,,1534,0,40,AUG25,2010,i
4817729,BAQER HAMEED KHALAF AL-MUSAWI,IRQ,M,CM,,,1901,0,40,AUG25,2009,
4842774,"Baqer, Ali Hato",IRQ,M,,,,1455,0,40,AUG25,2004,
4804546,"Baqir, Abd Al Adil",IRQ,M,,FA,,1865,0,20,AUG25,1973,i
4839315,"Baqir, Rashid Jawad",IRQ,M,,,,1600,0,40,AUG25,2010,
4829239,"Bariq, Lueai Abdulwahid",IRQ,M,,,,1683,0,20,AUG25,1999,
4817176,"Barzan, Abdulrahman Hassan",IRQ,M,,,,1566,0,20,AUG25,1984,i
4838041,"Barzi, Bestoon Rajab",IRQ,M,,,,1616,0,40,AUG25,2010,i
4809050,"Bashar Neamat, Fadil",IRQ,M,,,,1590,0,20,AUG25,0,i
4829522,"Bashar, Raed Hamid",IRQ,M,,,,1758,0,20,AUG25,2002,
4809831,Bashir Fahim Hawza,IRQ,M,,,,1645,0,20,AUG25,1992,i
4838726,"Basil, Majihd Hasoon",IRQ,M,,,,1715,0,40,AUG25,1994,
4800699,Basim Jbara Masood Beni Zaid,IRQ,M,CM,,,2048,0,20,AUG25,1966,i
4805160,"Basim, Hinde",IRQ,M,,,,1918,0,20,AUG25,1972,
4812530,"Basim, Mohamed Saleh",IRQ,M,,,,1800,0,20,AUG25,1952,i
4838050,"Bateen, Madih Mahmood",IRQ,M,,,,1563,0,40,AUG25,1994,i
4831039,"Batool, Aliwi Abd",IRQ,F,,,,1668,0,40,AUG25,2001,w
4820193,"Bawan, Mahmood Mohammed",IRQ,M,,,,1700,0,20,AUG25,2006,
4818946,"Bawer, Samir Aziz",IRQ,M,,,,1510,0,20,AUG25,2004,i
4838874,"Bayad, Othman Arab",IRQ,M,,,,1761,0,40,AUG25,2008,
4805917,Bazhar Worya Mohammed,IRQ,F,,,,1813,0,20,AUG25,1975,wi
4806247,Bestoon Abdulkhaleq Assaf,IRQ,M,,,,1817,0,20,AUG25,1982,
4807030,"Bewar, Jafer",IRQ,M,,,,1866,0,20,AUG25,1988,
4815440,"Bilal, Tareq Mousa",IRQ,M,,,,1505,0,20,AUG25,1999,i
4834925,"Blnd, Awat Osman",IRQ,M,,,,1629,0,40,AUG25,2006,i
4811658,Bootan Sherzad Qader,IRQ,M,,,,1874,0,20,AUG25,1985,
4827724,"Briss, Chiya Taher",IRQ,M,,,,1422,0,40,AUG25,2013,
4832485,"Brusk, Kawa Abdalla",IRQ,M,,,,1520,0,40,AUG25,1994,i
4834712,"Buraq Abbas, Noori",IRQ,M,,,,1703,0,40,AUG25,2007,i
4835603,"Burhan, Abdulla Adil Mzuri",IRQ,M,,,,1734,0,40,AUG25,1969,
4834933,"Chia, Abdullah Hamad",IRQ,M,,,,1600,0,40,AUG25,2003,
4801296,chiya mder hamad,IRQ,M,,,,2039,0,20,AUG25,1987,
4805925,Dana Jamal Qadir,IRQ,M,,,,1903,0,20,AUG25,1993,i
4812280,Dana Mustafa Mahmood,IRQ,M,,,,1792,0,20,AUG25,1980,i
4816277,"Dana, Rebar Kadhim",IRQ,M,,,,1532,6,20,AUG25,1996,
4818660,"Dana, Soran Yousif",IRQ,M,,,,1459,0,40,AUG25,2007,i
4801156,"Danar, Jamal Qadir Ghaffoori",IRQ,M,,,,1904,0,20,AUG25,1990,
4820436,"Daniar, Nasraw Mustafa",IRQ,M,,,,1825,0,40,AUG25,2009,
4836146,"Daniyal, Diyar Saleem",IRQ,M,,,,1569,0,40,AUG25,2008,i
4813979,"Daniyar, Dlzar Hamasalih",IRQ,M,,,,1499,0,40,AUG25,2010,
4828348,"Danti, Dhesaa Hebeb",IRQ,M,,,,1496,0,40,AUG25,2013,
4843878,"Danyal, Mohaamed Ameen",IRQ,M,,,,1529,0,40,AUG25,2004,
4815190,"Darawan, Rasul Othman",IRQ,M,,,,1613,0,20,AUG25,1987,i
4829247,"Dargham, Staar Jabbar",IRQ,M,,,,1453,0,20,AUG25,1992,i
4843070,"Darin, Sirwan Mohammed",IRQ,M,,,,1649,0,40,AUG25,2008,
4838068,"Darko, Tofiq Aziz",IRQ,M,,,,1710,0,40,AUG25,1996,i
4801300,Darya Modeer Hamad,IRQ,M,,,,1892,0,20,AUG25,1986,
4808789,Daryan Arpak Worya Mohammed Qanee,IRQ,M,,,,1807,0,40,AUG25,2005,i
4822617,"Dawan, Nasraw Mustafa",IRQ,M,,,,1586,0,40,AUG25,2013,
4807561,"Dawood, Salman",IRQ,M,,,,1761,0,20,AUG25,0,i
4821610,"Dawood, Salman Hassoni",IRQ,M,,,,1720,0,20,AUG25,1998,i
4816811,"Delshad Gudarzi, Ahmed",IRQ,M,,,,1624,0,20,AUG25,1982,i
4830318,"Dhahir, Habeeb Khudhair",IRQ,M,,,,1700,0,40,AUG25,2003,i
4809793,Dhaia AbdulRazaq Chalob,IRQ,M,,,,1780,0,20,AUG25,1995,i
4822161,"Dhaif, Jasim Tahir",IRQ,M,,,,1710,0,20,AUG25,1987,i
4822170,"Dhargham, Sattar Jabar",IRQ,M,,,,1518,0,40,AUG25,1992,i
4810090,Dhyaa A. k. AL-sandooq,IRQ,M,,,,1839,0,20,AUG25,1986,i
4819500,"Diako, Edris Ali",IRQ,M,,,,1560,0,20,AUG25,2000,i
4831985,"Diar, Abubakr Rahman",IRQ,M,,,,1638,0,20,AUG25,2001,
4818687,"Didan, Dlshad Hasan",IRQ,F,,,,1494,0,20,AUG25,2006,w
4807359,"Didar , Mohammed Zhaher Hassan",IRQ,M,CM,,,2113,0,20,AUG25,1984,i
4816072,"Didar, Tahseen Ali",IRQ,M,,,,1678,0,20,AUG25,1986,i
4811500,Dishad Mohammed Jawad,IRQ,M,,,,1592,0,20,AUG25,1967,
4818695,"Diwist, Kamaran Ali",IRQ,M,,,,1509,0,20,AUG25,1995,i
4840305,"Diyar, Ali Faraj",IRQ,M,,,,1574,0,40,AUG25,2003,
4819810,"Diyar, Mustafa Majeed",IRQ,M,,,,1591,0,20,AUG25,1997,i
4836162,"Diyar, Saleem Asaad",IRQ,M,,,,1635,0,40,AUG25,1971,i
4827759,"Diyary, Fouad Muhammed",IRQ,M,,,,1419,0,40,AUG25,2013,
4819624,"Dlivan, Khalil Mahmmod",IRQ,M,,,,1423,0,20,AUG25,2003,i
4824938,"Dlovan, Abdhakim Rasul",IRQ,M,,,,1490,0,20,AUG25,2002,i
4840658,"Dlovan, Sameer Muhialidin",IRQ,M,,,,1658,0,40,AUG25,2006,
4803116,DLPAK ISMAEL IBRAHIM,IRQ,F,WIM,WIM,,1828,2,20,AUG25,1988,w
4820355,"Dlshad, Hasan Mohammed",IRQ,M,,,,1754,0,20,AUG25,1975,i
4805780,Dlsoz Omer Sedeeq,IRQ,M,,,,1842,0,20,AUG25,1972,
4843886,"Dyar, Abdulrahman Hama Tahir",IRQ,M,,,,1678,0,40,AUG25,2001,
4808770,"Dyar, Bakir Bahram",IRQ,M,,,,1509,0,20,AUG25,2003,i
4817370,"Dyar, Jaza Bakir",IRQ,M,,,,1920,0,20,AUG25,1996,
4831993,"Dyar, Kadhim Mohammed",IRQ,M,,,,1603,0,20,AUG25,2001,
4801806,"Ehab, Mazin Elias",IRQ,M,CM,,,2168,0,20,AUG25,1987,i
4813987,"Ehsan, Saleem Mohammed Raoof",IRQ,M,,,,1819,0,20,AUG25,1957,i
4807570,"Emad , Nwaf Rashed",IRQ,M,,,,1881,0,20,AUG25,1972,i
4807820,"Emad, Ghanim Fatohi",IRQ,M,,,,1733,0,20,AUG25,1960,i
4824946,"Emad, Hassan Omer",IRQ,M,,,,1543,0,20,AUG25,1999,i
4845250,"Emad, Ibrahim Yaas",IRQ,M,,,,1621,5,40,AUG25,2002,
4817141,"Emad, Jihad Mohammed",IRQ,M,,,,1723,0,20,AUG25,1977,i
4826841,"Emad, Louse Emkhaelif",IRQ,M,,,,1560,0,20,AUG25,1980,i
4833880,"Emad, Mohammed Othman",IRQ,M,,,,1567,0,40,AUG25,2003,i
4807588,"Emad, Okla Shakori",IRQ,M,,,,1749,0,20,AUG25,1969,
4811542,Enzar Sharif Salih,IRQ,M,,,,1720,0,20,AUG25,1982,
4803779,"Esam, Naama Lafta",IRQ,M,,,,1942,8,20,AUG25,1964,
4827040,"Esmat, Qader Hasan",IRQ,M,,,,1675,6,20,AUG25,1976,
4835620,"Essa, Saleh Marwan",IRQ,M,,,,1604,0,40,AUG25,1968,
4815726,"Essa, Zghair Jlaiwi",IRQ,M,,,,1678,0,20,AUG25,1977,i
4812581,"Fadhil, Abdalfatah",IRQ,M,,,,1734,0,20,AUG25,1963,i
4832213,"Fadhl, Abbas Wsheel",IRQ,M,,,,1668,0,20,AUG25,1966,
4825250,"Fahad, Mohammed Duhbian",IRQ,M,,,,1617,0,20,AUG25,2001,
4802390,"Fahim, Athab",IRQ,M,,FA,,1990,0,20,AUG25,1972,i
4819837,"Fairoz, Hama Saeed",IRQ,M,,,,1680,0,40,AUG25,1984,
4814010,Faisal Raad Ahmed Rashad,IRQ,M,,,,1741,0,20,AUG25,1991,
4808991,"Fakhralddin, Mohammed Khudhur",IRQ,M,,,,1771,0,20,AUG25,1967,i
4806581,"Fakhri, Layth Munadhil",IRQ,M,,,,1732,0,20,AUG25,1991,i
4806239,Falah Abdulhassan,IRQ,M,,,,1876,0,20,AUG25,1968,i
4830490,"Falah, Abdulhasan Mohammed",IRQ,M,,,,1773,0,20,AUG25,1986,i
4821106,"Falah, Abid Bashir",IRQ,M,,,,1607,0,20,AUG25,1972,i
4829271,"Falah, Hasan Mankhi",IRQ,M,,,,1592,0,20,AUG25,1971,i
4820584,"Falah, Lateef Salih",IRQ,M,,,,1726,0,20,AUG25,1962,i
4821645,"Falah, Mohammed Hassan",IRQ,M,,,,1688,0,20,AUG25,1993,i
4827767,"Faramosh, Arif Sadeq",IRQ,M,,,,1447,0,20,AUG25,1999,i
4813561,Farhad Ali Mustafa,IRQ,M,,,,1717,0,40,AUG25,1973,
4836170,"Farhad, Rashid Kareem",IRQ,M,,,,AFM,1646,0,AUG25,1969,
4835417,"Farhad, Younis Abdullah",IRQ,M,,,,1620,8,40,AUG25,1972,
4806026,"Farid, Mohsen",IRQ,M,,,,1909,0,20,AUG25,0,i
4803396,"Faris, A-.Ameer",IRQ,M,,,,1942,0,20,AUG25,1956,i
4823087,"Faris, Hassan Frais",IRQ,M,,,,1897,0,20,AUG25,1972,
4840755,"Faris, Kareem Khalaf",IRQ,M,,,,1526,0,40,AUG25,1993,
4825462,"Farman, Khalil Majid",IRQ,M,,,,1548,0,20,AUG25,1980,i
4815017,"Farooq, Saadallah Salem",IRQ,M,,,,1878,0,20,AUG25,1989,i
4823095,"Farooq, Saadallah Salim",IRQ,M,,,,1862,0,20,AUG25,1993,i
4834275,"Farouk, Baraa Saeed",IRQ,M,,,,1433,0,40,AUG25,2009,
4833805,"Farqad, Talab Neama",IRQ,M,,,,1650,0,40,AUG25,1990,
4812158,Fatma Salah Mahdi,IRQ,F,,,,1550,0,40,AUG25,2007,wi
4835166,"Fayyadh, Mohammed Fayyadh",IRQ,M,,,,1611,0,40,AUG25,2002,i
4835654,"Fekri, Babakr Mohammed",IRQ,M,,,,1575,6,40,AUG25,1971,
4803213,FIRAS FORAT HUSSEIN,IRQ,M,,,,1853,0,20,AUG25,1971,i
4825071,"Firas, Abdul Hadi Mustafa",IRQ,M,,,,1588,0,40,AUG25,1984,
4815874,"Firas, Khalaf Edo",IRQ,M,,,,1719,0,20,AUG25,1995,i
4801962,"Firas, Qassim Abbas",IRQ,M,,,,1921,0,20,AUG25,1974,
4820592,"Fouad, Motlib Makhlif",IRQ,M,,,,1786,0,20,AUG25,1976,i
4800117,"Frmesk, W Mohammed Qani",IRQ,F,WCM,WCM,,1952,0,20,AUG25,1966,wi
4820835,"Furat, Nael Ali",IRQ,M,,,,1644,0,20,AUG25,1997,i
4807367,"Gada , Yaseen Khudhair",IRQ,F,,,,1525,0,20,AUG25,1999,wi
4845269,"Gafar, Redha Mohssen",IRQ,M,,,,1807,8,40,AUG25,2006,
4816080,"Gailan , Chawas Hasan",IRQ,M,,,,1559,0,20,AUG25,1998,i
4838092,"Gailan, Othman Ali",IRQ,M,,,,1548,0,40,AUG25,2002,i
4818709,"Gala, Mohamad Tahir",IRQ,F,,,,1431,0,40,AUG25,2009,w
4817885,"Gardin, Kareem Abdullah",IRQ,M,,,,1471,0,20,AUG25,1984,
4825020,"Ghaith, Ahmed Natiq",IRQ,M,,,,1747,0,40,AUG25,2006,i
4820053,"Ghanim, Abed",IRQ,M,,,,1865,0,20,AUG25,1969,i
4810953,Ghanm Abd Khanjer,IRQ,M,,,,1794,0,20,AUG25,1968,
4823117,"Ghassan, Fadhil Abdulkareem",IRQ,M,,,,1680,0,20,AUG25,1984,i
4822633,"Ghassan, Faris Ghassan",IRQ,M,,,,1579,0,40,AUG25,2013,i
4840470,"Ghazwan, Nazhan Khaleel",IRQ,M,,,,1686,0,40,AUG25,2001,
4815459,"Ghezel, Nawar Ahmed",IRQ,F,,,,1574,3,40,AUG25,2011,w
4822641,"Goran, Ibrahim Saleh",IRQ,M,,,,1561,0,20,AUG25,1992,i
4816846,"Goran, Qahhar Othman",IRQ,M,,,,1670,0,20,AUG25,1987,
4806140,"Habeeb, Kairullah Lafta",IRQ,M,,,,AFM,1911,0,AUG25,1968,
4808800,"Hadhi, Ahmed Attiyah",IRQ,M,,,,1629,0,20,AUG25,2001,i
4818032,"Hadi, Ahmed Hadi",IRQ,M,,,,1758,0,20,AUG25,1992,
4818350,"Haidar, Namek Muhammasalh",IRQ,M,,,,1916,0,20,AUG25,1978,
4811240,"Haider Abdaljabar, Khadhair",IRQ,M,,,,1815,0,20,AUG25,1970,i
4812182,Haider Mohsen Abbass,IRQ,M,,,,1621,0,20,AUG25,1970,i
4839811,"Haider, Hamdi Abdulrazak",IRQ,M,,,,1788,0,40,AUG25,1985,
4816668,"Haider, Khadhim Tooba",IRQ,M,,,,1663,0,20,AUG25,1968,i
4808460,Haitham Abbas Al-Chnani,IRQ,M,,,,1798,0,20,AUG25,1970,i
4809602,"Haitham, Ali Namoos",IRQ,M,,,,1995,0,20,AUG25,1968,i
4816854,"Haitham, Badr Hossein",IRQ,M,,,,1744,0,20,AUG25,1972,i
4828909,"Haitham, Karim Hussein",IRQ,M,,,,1778,6,20,AUG25,1971,
4828917,"Haitham, Waleed Abd Aljabar",IRQ,M,,,,1503,0,40,AUG25,2009,i
4809637,Hakar Dalzar Hma Salah,IRQ,M,,,,1598,0,20,AUG25,2005,i
4812662,"Hakeem, Adhim Hussein",IRQ,M,,,,1461,0,40,AUG25,2005,i
4811976,HAKI ISMAIL WAIS,IRQ,M,,,,1782,0,20,AUG25,1958,i
4801911,"Haleem, H. A. AL-Jebawy",IRQ,M,,,,1983,0,20,AUG25,1963,i
4813049,"Halgurd, Rushdi Mustafa",IRQ,M,,,,1674,0,20,AUG25,1981,i
4814495,"Halwest, Shakir Salih",IRQ,M,,,,1523,0,20,AUG25,2001,i
4818717,"Hamad, Shaher Jasim",IRQ,M,,,,1636,0,20,AUG25,1997,i
4802136,"Hamandi, Mohammed Nawfel Karim",IRQ,M,CM,,,2032,0,20,AUG25,1985,i
4802721,"Hameed Khlaf Lafta, Al-Musawi",IRQ,M,,,,1930,0,20,AUG25,1974,i
4811070,Hameed Sarmed Abdalhamed,IRQ,M,,,,1764,0,20,AUG25,2001,i
4815467,"Hameed, Abed Mohammed",IRQ,M,,,,1520,0,20,AUG25,1998,i
4800940,"Hameed, Amir",IRQ,M,,,,2025,0,20,AUG25,1968,i
4813774,"Hameed, Jabar Sultan",IRQ,M,,,,1663,0,20,AUG25,1960,i
4801903,"Hamid, A. Sattar",IRQ,M,,,,1889,0,20,AUG25,1962,
4816161,"Hamno, Yaseen Qadir",IRQ,M,,,,1841,0,20,AUG25,1996,i
4824369,"Hamza, Hussein Matar",IRQ,M,,,,1770,0,20,AUG25,2002,i
4829280,"Hamza, Ibrahim Hamza",IRQ,M,,,,1619,0,40,AUG25,2015,
4822200,"Hamza, Raaof Hamza",IRQ,M,,,,1732,0,20,AUG25,1994,i
4815815,Hamzah Mohammed Hamzah,IRQ,M,,,,1474,0,40,AUG25,2005,i
4845277,"Hamzah, Jamal Ali",IRQ,M,,,,1512,6,40,AUG25,2000,
4810350,Hana Hawar Khaleel,IRQ,F,,,,1492,0,20,AUG25,1999,w
4801164,Hana Jamal  Qadir Ghaffoori,IRQ,M,,,,1891,0,20,AUG25,1984,i
4814339,"Hana, Nameer Mohammed",IRQ,F,,,,1459,0,40,AUG25,2009,wi
4811046,Hani Salman Ruada,IRQ,M,,,,1642,0,20,AUG25,1968,i
4828925,"Hareer, Moayad Abdulhameed",IRQ,M,,,,1517,0,20,AUG25,1999,i
4807286,"Harem, Kasim Hassan",IRQ,M,,,,1849,0,20,AUG25,0,
4831667,"Harith, Aouf Abdulrahman",IRQ,M,,,,1578,1,40,AUG25,2006,
4803167,"Harreth, Salim Wali",IRQ,M,,,,2110,0,20,AUG25,1975,i
4838882,"Haryad, Hemn Ezzulddin",IRQ,M,,,,1573,0,40,AUG25,2003,
4830504,"Hasan Ali, Annon",IRQ,M,,,,1630,0,20,AUG25,1994,i
4807847,Hasan Sabir Obed,IRQ,M,,,,1919,0,20,AUG25,1996,i
4811100,Hasan Salama Saleh,IRQ,M,,,,1741,0,20,AUG25,1972,i
4804589,"Hasan, Abd Al Jabbar",IRQ,M,,,,1935,0,20,AUG25,1949,i
4826256,"Hasan, Abdulkareem Hasan",IRQ,M,,,,1551,1,40,AUG25,2016,
4826590,"Hasan, Adel Hussein",IRQ,M,,,,1879,0,20,AUG25,2003,i
4835972,"Hasan, Adil Hasan",IRQ,M,,,,1665,0,40,AUG25,2000,i
4842782,"Hasan, Azhar Hadi",IRQ,M,,,,1563,0,40,AUG25,2003,
4804180,"Hasan, Hemn",IRQ,M,,,,1979,0,20,AUG25,1982,i
4842952,"Hasan, Khalid Saleh",IRQ,M,,,,1523,6,40,AUG25,2001,
4825110,"Hasan, Mohamad Hasan",IRQ,M,,,,1571,0,20,AUG25,1963,i
4826604,"Hasan, Mousa Hasan",IRQ,M,,,,1714,1,20,AUG25,1997,
4838394,"Hasan, Muyser Younus",IRQ,M,,,,1529,0,40,AUG25,2002,i
4816404,"Hasan, Shadahan Ebaid",IRQ,M,,,,1881,0,20,AUG25,1975,i
4807383,"Hasanen , Haleem Hussein",IRQ,M,,,,1698,0,20,AUG25,2003,
4821505,"Hasanen, Amir Ali",IRQ,M,,,,1776,0,20,AUG25,2002,i
4811984,HASANIN SALMAN MAHDI,IRQ,M,,,,1819,0,20,AUG25,1973,i
4843800,"Hashim, Ali Abdullah",IRQ,M,,,,1668,0,40,AUG25,1997,
4824822,"Hashim, Kazem Hammadi",IRQ,M,,,,1653,0,20,AUG25,1973,i
4806824,Hasnein Fadhil Nasir,IRQ,M,,,,1805,0,20,AUG25,1998,
4807391,"Hassan , Sabre Abed",IRQ,M,,,,1746,0,20,AUG25,1996,i
4810287,Hassan Dhiaa Abd Hassan,IRQ,M,,,,1539,0,20,AUG25,1999,i
4815548,Hassan Wael Lateef,IRQ,M,,,,1477,0,40,AUG25,2007,i
4826612,"Hassan, Adel Abd Alrazzaq",IRQ,M,,,,1730,0,20,AUG25,2000,i
4807146,"Hassan, Ahmed Aziz",IRQ,M,,,,1744,0,20,AUG25,1964,
4821661,"Hassan, Ali Jameel",IRQ,M,,,,1616,0,20,AUG25,1995,i
4831373,"Hassan, Falah Hassan",IRQ,M,,,,1742,0,40,AUG25,2000,i
4836731,"Hassan, Flayih Hassan",IRQ,M,,,,1515,0,40,AUG25,2008,i
4842960,"Hassan, Hadi Abdulhameed",IRQ,M,,,,1599,0,40,AUG25,2006,
4819454,"Hassan, Hamed Jaber",IRQ,M,,,,1678,0,20,AUG25,1989,i
4842243,"Hassan, Imad Loues",IRQ,M,,,,1576,0,40,AUG25,2013,
4826299,"Hassan, Mohammad Ali",IRQ,M,,,,1652,0,40,AUG25,2007,i
4821378,"Hassan, Rashid Vahdani",IRQ,M,,,,1501,0,20,AUG25,1996,
4823141,"Hassan, Sabri Fadhil",IRQ,M,,,,1683,0,20,AUG25,1965,i
4842251,"Hassan, Salih Hassan",IRQ,M,,,,1790,0,40,AUG25,1976,
4808819,"Hassan, Shadhan",IRQ,M,,,,1844,0,20,AUG25,1975,i
4836430,"Hassan, Yahya Sadiq",IRQ,M,,,,1620,0,40,AUG25,2008,i
4814665,"Hassoon, Naji Abdullah",IRQ,M,,,,1664,0,20,AUG25,1957,i
4831519,"Hastear, Fateh Ismail",IRQ,M,,,,1416,0,40,AUG25,2011,i
4818725,"Hatam, Haeko Ramazan",IRQ,M,,,,1505,0,20,AUG25,2001,i
4826850,"Hathal, Rashid Abed",IRQ,M,,,,1554,0,20,AUG25,1991,i
4824830,"Hatim, Kareem Kamil",IRQ,M,,,,1579,0,20,AUG25,1998,i
4827074,"Haval, Nawzad Yaseen",IRQ,M,,,,1698,0,40,AUG25,1993,
4824954,"Hawar, Usman Qader",IRQ,M,,,,1591,0,20,AUG25,1981,i
4815572,"Hawas, Mohammed Hasan",IRQ,M,,,,1492,0,40,AUG25,2006,i
4816021,"Hawbash, Haidar Osman",IRQ,M,,,,1797,0,20,AUG25,1999,i
4835425,"Hawdang, Dilshad Ganjo",IRQ,M,,,,1491,0,40,AUG25,1993,i
4808541,"Hayder , Ali Ahmed",IRQ,M,,,,1980,0,40,AUG25,0,
4803728,Hayder Farhan Al- Hasnawi,IRQ,M,,NA,,1907,0,20,AUG25,1992,i
4802381,"Hayder, Hassan Shyaa",IRQ,M,CM,,,1945,8,20,AUG25,1979,
4823532,"Hayder, Ihsan Abbas",IRQ,M,,,,1762,0,20,AUG25,1987,i
4805380,"Hayder, Kathan Mahmood",IRQ,M,,,,1780,0,20,AUG25,1971,
4835980,"Hayder, Nabeel Abdulelah",IRQ,M,,,,1518,0,40,AUG25,1993,i
4806972,"Hayder, Sabar Ali",IRQ,M,,,,1852,0,20,AUG25,1981,i
4819462,"Hayder, Shakr Swari",IRQ,M,,,,1807,0,20,AUG25,1999,i
4802730,Hazim Moter Mohammed,IRQ,M,,,,1940,0,20,AUG25,1949,i
4812360,"Hazim, Fadhil Hussein",IRQ,M,,,,1646,0,20,AUG25,1969,i
4813782,"Hazim, Merza Hamza",IRQ,M,,,,1872,0,20,AUG25,1968,i
4837665,"Heaven	, Hawar Hamasalih",IRQ,F,,,,1434,0,40,AUG25,2018,w
4807855,"Hekmat, Fahad Gareman",IRQ,M,,,,1507,0,20,AUG25,1966,
4827791,"Hemn, Abas Aziz",IRQ,M,,,,1555,0,20,AUG25,1981,i
4832540,"Henar, Bakr Omar",IRQ,M,,,,1541,0,40,AUG25,2007,i
4815033,"Hendrin, Jaleel Lbrahim",IRQ,M,,,,1861,0,20,AUG25,1982,i
4820363,"Herdi, Wahid Yousif",IRQ,M,,,,1569,0,20,AUG25,2004,i
4841530,"Hersh, Hameed Yarwais",IRQ,M,,,,1726,0,40,AUG25,1983,
4811399,Hesham Saleem Shalol,IRQ,M,,,,1891,0,20,AUG25,1970,i
4814088,"Hevar, Diyar Hama Saleh",IRQ,F,,,,1408,0,40,AUG25,2009,w
4823672,"Hevar, Sdiq Karim",IRQ,M,,,,1578,0,20,AUG25,1999,
4813995,"Hevi, Hewa Mohmmed",IRQ,F,,,,1599,0,20,AUG25,1997,wi
4812409,Hewa Kareem Khurshid,IRQ,M,,,,1798,0,20,AUG25,1984,i
4831527,"Hewr, Fateh Ismail",IRQ,M,,,,1451,0,40,AUG25,2010,i
4810813,Hisham Dayaa Abd Alhussen,IRQ,M,,,,1620,0,20,AUG25,1996,i
4841255,"Hiwa, Jalal Kamal",IRQ,M,,,,1501,1,40,AUG25,2008,
4828070,"Hiwa, Jamil Majeed",IRQ,M,,,,1589,0,40,AUG25,1989,i
4824113,"Hiwa, Mahmud Ali",IRQ,M,,,,1683,0,20,AUG25,1985,i
4827805,"Hiwa, Sabir Hussin",IRQ,M,,,,1556,0,20,AUG25,1983,i
4812778,"Hna, Namer Mohammed",IRQ,F,,,,1420,0,40,AUG25,2009,wi
4832566,"Hogir, Jalil Bra",IRQ,M,,,,1521,0,20,AUG25,1998,i
4814096,"Hogr, Kheder Abdulrahman",IRQ,M,,,,1567,0,20,AUG25,1996,i
4842260,"Homam, Adel Shalaan",IRQ,M,,,,1793,0,40,AUG25,2003,
4841263,"Hood, Barzan Darweesh",IRQ,M,,,,1500,2,40,AUG25,2010,
4810309,Hoshang Jalal Kareem,IRQ,M,,,,1744,0,40,AUG25,2000,
4822684,"Hoshmand, Mohammed Gaznai",IRQ,M,,,,1627,0,20,AUG25,1979,i
4821670,"Hssan, Ghalib Motair",IRQ,M,,,,1606,0,20,AUG25,1979,i
4800354,"Hudhaifa M., Saeed Mustafa",IRQ,M,,,,1840,0,20,AUG25,1956,i
4822692,"Hunar, Abdulrahman Rasul",IRQ,M,,,,1534,0,20,AUG25,1979,i
4820851,"Husain, Hamza Abed",IRQ,M,,,,1819,0,20,AUG25,1969,i
4817427,Husam Hasan Kareem Resen,IRQ,M,,,,1743,0,20,AUG25,1985,i
4823150,"Husam, Ismail Khuder",IRQ,M,,,,1695,0,20,AUG25,1987,i
4815475,"Husam, Yaseen Khallawi",IRQ,M,,,,1543,0,20,AUG25,1984,i
4801989,"Husein, H.a.",IRQ,M,,,,1785,0,20,AUG25,0,i
4836740,"Husham, Ali Mezher",IRQ,M,,,,1709,0,40,AUG25,1993,
4813898,"Husham, Hamed Hussein",IRQ,M,,,,1788,0,20,AUG25,1967,
4811739,"Husham, Namir Mohammad",IRQ,M,,,,1651,0,20,AUG25,2004,
4823168,"Hussam, Abdulkareem Nayyef",IRQ,M,,,,1646,0,20,AUG25,1965,
4824644,"Hussam, Abdulradha",IRQ,M,,,,1827,0,20,AUG25,1965,i
4821157,"Hussam, Jwad Chalab",IRQ,M,,,,1583,0,20,AUG25,1988,i
4823176,"Hussam, Yousif Taah",IRQ,M,,,,1649,0,20,AUG25,1988,i
4807596,"Hussein Ali , Madhrood",IRQ,M,,,,1868,7,20,AUG25,1968,
4809106,Hussein Ali Fayyadh,IRQ,M,,,,1591,0,20,AUG25,1969,
4810031,Hussein Ali Hussein Salman,IRQ,M,,,,1743,0,20,AUG25,1967,i
4810392,Hussein Ismael Ibrahim,IRQ,M,,,,1718,0,20,AUG25,2001,i
4802098,Hussein Kadhim Hasan,IRQ,M,,,,1998,0,20,AUG25,1968,i
4802675,"Hussein Kzar, HamId",IRQ,M,,,,1930,0,20,AUG25,1994,i
4811445,Hussein Mohsin Ghyadh,IRQ,M,,,,1796,0,20,AUG25,1979,
4810414,Hussein Saeed Abbas,IRQ,M,,,,1679,2,40,AUG25,2005,
4810198,Hussein Sattar Nisser,IRQ,M,,,,1678,0,40,AUG25,2006,i
4815971,"Hussein, Abd Alftah Y",IRQ,M,,,,1966,0,20,AUG25,2004,
4822226,"Hussein, Abdali Jasim",IRQ,M,,,,1689,0,20,AUG25,1961,i
4827570,"Hussein, Abdullah Obeid",IRQ,M,,,,1731,0,20,AUG25,1971,i
4816056,"Hussein, Adnan Qadir",IRQ,M,,,,1669,0,20,AUG25,1998,i
4823974,"Hussein, Ahmed Nasser",IRQ,M,,,,1626,0,40,AUG25,2005,i
4821688,"Hussein, Ali Eid",IRQ,M,,,,1596,0,40,AUG25,2001,
4845293,"Hussein, Ali Juma",IRQ,M,,,,1626,6,40,AUG25,2010,
4823184,"Hussein, Ali Mohammed",IRQ,M,,,,1554,0,20,AUG25,1987,i
4842278,"Hussein, Ali Salim",IRQ,M,,,,1526,0,40,AUG25,2003,
4822234,"Hussein, Attia Kadhim",IRQ,M,,,,1612,0,20,AUG25,1991,i
4843657,"Hussein, Ayad Kazim",IRQ,M,,,,1652,0,40,AUG25,2000,
4824652,"Hussein, Emad Ahmed",IRQ,M,,,,1749,0,20,AUG25,1998,i
4822242,"Hussein, Ghazi Shaalan",IRQ,M,,,,1570,0,20,AUG25,1985,i
4835328,"Hussein, Haider Muhammad",IRQ,M,,,,1528,0,40,AUG25,2003,
4808827,"Hussein, Jasim Mohammed",IRQ,M,,,,1644,0,40,AUG25,2003,i
4826329,"Hussein, Kamal Kadhim",IRQ,M,,,,1705,0,20,AUG25,2002,
4803760,"Hussein, Kazim",IRQ,M,,,,1642,0,40,AUG25,0,
4814258,"Hussein, Mohammed Ali",IRQ,M,,,,1678,0,20,AUG25,1997,i
4826620,"Hussein, Mohammed Edan",IRQ,M,,,,1621,0,20,AUG25,2001,i
4833813,"Hussein, Murtadha Shallal",IRQ,M,,,,1750,0,40,AUG25,2000,i
4837827,"Hussein, Najm Abdullah",IRQ,M,,,,1580,0,40,AUG25,2002,i
4840763,"Hussein, Nori Mohammed",IRQ,M,,,,1578,3,40,AUG25,2009,
4801253,"Hussein, Sabeh",IRQ,M,,,,2054,0,20,AUG25,0,i
4818040,"Hussein, Saber Hussein",IRQ,M,,,,1687,0,20,AUG25,1992,i
4818385,"Hussein, Shakr Muhammad",IRQ,M,,,,1726,0,20,AUG25,1970,i
4824660,"Hussein, Zuhair Hussein",IRQ,M,,,,1773,0,20,AUG25,2001,i
4833570,"Hussien Abdullah, Hussien",IRQ,M,,,,1690,0,40,AUG25,1966,i
4828941,"Hussien, Nazar Mohamed Ali",IRQ,M,,,,1586,0,20,AUG25,1996,i
4845307,"Hussien, Talib Habib",IRQ,M,,,,1783,9,40,AUG25,2004,
4837835,"Ibrahim, A alrahman Khaleefa",IRQ,M,,,,1579,0,40,AUG25,2003,i
4813073,"Ibrahim, Adnan Khalil",IRQ,M,,,,1638,0,20,AUG25,2002,i
4823540,"Ibrahim, Maad Ahmedsamim",IRQ,M,,,,1693,0,20,AUG25,1986,
4834283,"Ibrahim, Mohaimn Abdulrhman",IRQ,M,,,,1808,0,40,AUG25,2003,
4827830,"Ibrahim, Mohammed Salim",IRQ,M,,,,1692,0,20,AUG25,2001,i
4820614,"Ibrahim, Mohsen Mohammed",IRQ,M,,,,1762,0,20,AUG25,1977,i
4835433,"Ibrahim, Shino Othman",IRQ,M,,,,1587,6,40,AUG25,1984,
4827848,"Ibrahim, Yousef Ali",IRQ,M,,,,1505,0,20,AUG25,1998,i
4821386,"Idress, Jaafar Jalalaleen",IRQ,M,,,,1662,0,20,AUG25,1983,i
4840003,"Iman, Adnan Nouradin",IRQ,F,,,,1441,0,40,AUG25,1997,w
4837843,"Iraq, Karar Abdul Razzaq",IRQ,M,,,,1624,0,40,AUG25,1996,
4813650,"Ismael, Hussein Ali",IRQ,M,,,,1761,0,20,AUG25,1987,i
4800800,"Ismael, Namir Mohammed Ismael",IRQ,M,CM,,,2041,0,20,AUG25,1971,
4811755,"Ismail, Khalel Tariq",IRQ,M,,,,1693,0,20,AUG25,2006,
4835441,"Ismail, Shino Othman",IRQ,M,,,,1517,1,40,AUG25,1974,
4814509,"Issa, Ibrahim Karneek",IRQ,M,,,,1563,0,20,AUG25,1996,i
4800796,"Issa, Mohi Al-Dein",IRQ,M,,,,2081,0,20,AUG25,1962,
4821394,"Ivan, Adnan Abdulkhaliq",IRQ,M,,,,1539,0,20,AUG25,1992,i
4845315,"Jaafar, Qais Mahdi",IRQ,M,,,,1504,6,40,AUG25,2007,
4837851,"Jaafar, Sadiq Jassem",IRQ,M,,,,1470,0,40,AUG25,1999,
4807871,"Jaafer, Hayder A. Jaafer",IRQ,M,,,,1837,0,20,AUG25,1996,i
4807154,"Jabar, Namiq Aziz",IRQ,M,,,,1804,0,20,AUG25,1979,i
4817508,"Jabbar, Naser Issa",IRQ,M,,,,AIM,1959,0,AUG25,1978,
4803256,"Jabbar, Raheem Balhawi",IRQ,M,,,,1816,0,20,AUG25,1949,i
4800338,"Jabbar, Toyfeeq",IRQ,M,,,,2163,0,20,AUG25,1959,i
4800974,"Jabr, Jwad Majeed",IRQ,M,,FA,,1857,0,20,AUG25,1961,
4814517,"Jack, Habib Bia",IRQ,M,,,,1689,0,20,AUG25,1998,i
4804007,"Jalal Al Deen, Dalin",IRQ,F,,,,1657,0,20,AUG25,1997,w
4801148,"Jalal, Hazhar",IRQ,M,,,,AGM,1963,0,AUG25,1987,
4836995,"Jamal, Ahmed Hussein",IRQ,M,,,,1451,0,40,AUG25,1979,i
4828950,"Jamal, Thamer Mohsin",IRQ,M,,,,1645,0,20,AUG25,1980,i
4821700,"Jameel, Chasab Abudlrudha",IRQ,M,,,,1793,0,20,AUG25,1972,i
4811062,Jasim Wisam Hashim,IRQ,M,,,,1770,0,20,AUG25,1982,i
4821718,"Jasim, Mohammed Suhail",IRQ,M,,,,1797,0,20,AUG25,1967,
4836316,"Jassim, Abas Ali",IRQ,M,,,,1486,0,40,AUG25,1970,i
4811275,"Jawad Khadim, Motasher",IRQ,M,,,,1630,0,20,AUG25,1969,i
4830229,"Jawad, Emad Louse",IRQ,M,,,,1545,0,40,AUG25,2006,
4829301,"Jawad, Kadhim Alamary",IRQ,M,,,,1650,0,20,AUG25,1966,
4823680,"Jawad, Wadi Saeed",IRQ,M,,,,1546,0,20,AUG25,1966,i
4841280,"Jodi, Barzan Darweesh",IRQ,M,,,,1815,8,40,AUG25,2002,
369104991,"Kadhim Dhahir, Ali",IRQ,M,,,,AFM,1753,0,AUG25,1976,i
4802713,"Kadhim, Amar",IRQ,M,,,,1736,0,20,AUG25,0,i
4835727,"Kadhim, Faqi Braim Ghafour",IRQ,M,,,,1581,4,40,AUG25,1948,
4843916,"Kaiuan, Hussein Ali",IRQ,M,,,,1931,0,40,AUG25,1980,
4832582,"Kaiwan, Rizkar Abdulrahman",IRQ,M,,,,1439,0,40,AUG25,1982,i
4803310,"Kaka Khan, Ismail Ibrahim",IRQ,M,,,,1920,0,20,AUG25,1960,i
4816897,"Kalaf, Keder Romi",IRQ,M,,,,1606,0,20,AUG25,1957,i
4840011,"Kamal, Mawlood Rasool",IRQ,M,,,,1652,0,40,AUG25,1998,
4818393,"Kamaran, Wrya Qaneih",IRQ,M,,,,1872,0,20,AUG25,1970,i
4802420,"Kameran, Aziz Meran",IRQ,M,,,,1997,0,20,AUG25,1970,
4836456,"Kamil, Idan Kamil",IRQ,M,,,,1574,0,40,AUG25,1996,i
4842316,"Karar, Mohammed Hasan",IRQ,M,,,,1756,4,40,AUG25,1999,
4837878,"Karar, Nabil Sattar",IRQ,M,,,,1648,0,40,AUG25,2003,
12527513,"Kardo Ako, Mohammad",IRQ,M,,,,1939,0,20,AUG25,1980,i
4810961,Kareem Haider Abid,IRQ,M,,,,1609,0,40,AUG25,1968,
4833961,"Kareem, Ahmed Kareem",IRQ,M,,,,1503,0,40,AUG25,2017,i
4839196,"Kareem, Hasan Hussein",IRQ,M,,,,1489,0,40,AUG25,1977,
4829310,"Kareim, Kadhim Issa",IRQ,M,,,,1648,0,20,AUG25,1997,i
4834976,"Karmanj, Omar Agha Muhammad",IRQ,M,,,,1543,6,20,AUG25,1972,
4817630,"Karrar, Adil Awad",IRQ,M,,,,1616,0,20,AUG25,1998,i
4836782,"Karrar, Hayder Joodi",IRQ,M,,,,1659,0,40,AUG25,2008,
4832221,"Karrar, Salah Mahdi",IRQ,M,,,,1569,0,20,AUG25,1996,i
4837002,"Karwan, Mudhafar Asaad",IRQ,M,,,,1409,3,40,AUG25,1992,
4835468,"Karwan, Salah Loqman Barzani",IRQ,M,,,,1634,8,40,AUG25,1980,
4824970,"Karwan, Twana Abdullah",IRQ,M,,,,1651,0,20,AUG25,2002,i
4800311,"Kashush, H. Abdul Kareem",IRQ,M,CM,,,1949,0,20,AUG25,1959,
4803388,"Kasib, Abdul A.Humadi",IRQ,M,,,,1780,0,20,AUG25,1955,i
4806867,"Kawa, Ramadhan",IRQ,M,,,,1920,0,20,AUG25,1977,i
4814592,"Kawan, Sabir Saeed",IRQ,M,,,,1974,0,20,AUG25,1980,
4845323,"Kazem, Abbas Kazem",IRQ,M,,,,1536,7,40,AUG25,2005,
4813090,"Kaziwa, Salah Abdullah",IRQ,F,,,,1588,0,20,AUG25,2000,wi
4814045,"Khabat, Laiaq Zorab",IRQ,M,,,,1767,0,20,AUG25,1978,
4835930,"Khaldoon, Muslim Abass",IRQ,M,,,,1788,0,40,AUG25,1978,i
4816692,"Khaled, Abd Alrzaq Hussein",IRQ,M,,,,1758,0,20,AUG25,1967,i
4840313,"Khaled, Khalaf Alsuliman",IRQ,M,,,,1566,0,40,AUG25,1993,
4841638,"Khaled, Muhand Khaled",IRQ,M,,,,1736,8,40,AUG25,2006,
4807073,"Khalel, Ali Abdulkarem",IRQ,M,,,,1738,0,20,AUG25,1969,i
4833163,"Khalel, Mhamod Khalel",IRQ,M,,,,1590,0,40,AUG25,2000,i
4809734,Khalid Hassan Mustafa,IRQ,M,,,,1799,0,20,AUG25,1986,
4838149,"Khalid, Ayub Abdullah",IRQ,M,,,,1682,0,40,AUG25,1999,i
4828097,"Khalid, Baqi Sharif",IRQ,M,,,,1611,0,20,AUG25,1967,
4823192,"Khalid, Moeaid Kareem",IRQ,M,,,,1551,0,40,AUG25,2006,i
4815483,"Khalid, Munshid Naser",IRQ,M,,,,1715,0,20,AUG25,1962,i
4817273,"Khalid, Shamoon Polis",IRQ,M,,,,1801,0,20,AUG25,1978,i
4814100,"Khanda, Azad Saber",IRQ,F,,,,1421,0,20,AUG25,2000,wi
4805453,"Khlaif, J. Imad",IRQ,M,,,,1932,0,20,AUG25,1967,
4806468,Khudhair Shuaib Adham,IRQ,M,,,,1845,0,20,AUG25,1950,i
4836790,"Khudhair, Abdulkarim Khudhair",IRQ,M,,,,1809,0,20,AUG25,2004,
4818270,"Kifah, Saleem Ayoob",IRQ,M,,,,1591,0,20,AUG25,1968,i
4843320,"Kiyan, Hadi Salih",IRQ,M,,,,1626,0,40,AUG25,2002,
4834984,"Kovan, Waleed Ahmed",IRQ,M,,,,1458,0,40,AUG25,1989,i
4820622,"Krekor, Yas Yosifa",IRQ,M,,,,1582,0,20,AUG25,1985,i
4801059,"Laith, Kasib",IRQ,M,FM,,,2013,0,20,AUG25,1986,
4822293,"Laith, Mahdi Salih",IRQ,M,,,,1583,0,20,AUG25,1989,i
4822307,"Laith, Moshraq Ali",IRQ,M,,,,1456,0,20,AUG25,1995,i
4814177,"Lana, Hawar Khaleel",IRQ,F,,,,1434,0,20,AUG25,2004,w
4818733,"Landi, Swara Mohammed",IRQ,M,,,,1418,0,40,AUG25,2008,
4813103,"Lania, Salah Abdullah",IRQ,F,,,,1569,0,20,AUG25,1999,w
4816285,"Lara, Samir Anwar",IRQ,F,,,,1472,0,40,AUG25,2011,w
4838157,"Lare, Latif Amin",IRQ,M,,,,1487,0,40,AUG25,2010,
4832620,"Las, Ibrahim Noory",IRQ,M,,,,1417,0,40,AUG25,2016,
4843924,"Lawand, Farhad Ahmad",IRQ,M,,,,1643,0,40,AUG25,2010,
4828364,"Lawand, Qabeel Hadi",IRQ,M,,,,1672,0,40,AUG25,2010,
4804651,"Lawen, Mohammed",IRQ,F,,,,1699,0,20,AUG25,1994,wi
4818008,"Lawin, Mohammed Taher",IRQ,M,,,,1798,0,40,AUG25,2011,
4831810,"Lawy, Ibrahim Noory",IRQ,M,,,,ACM,1536,0,AUG25,2010,
4825128,"Layan, Husam Yaseen",IRQ,M,,,,1545,0,40,AUG25,2013,i
4803353,Layth Yhyh Hafedh,IRQ,M,,,,1882,0,20,AUG25,1974,i
4827899,"Lezan, Abas Nuri",IRQ,M,,,,1465,0,20,AUG25,2002,i
4837690,"Lihat, Tayeb Zrar",IRQ,M,,,,1622,0,40,AUG25,2010,
4818288,"Loay, Ayyad Hussin Khan",IRQ,M,,,,1561,0,20,AUG25,1974,i
4832019,"Lugman, Mohammed Ali",IRQ,M,,,,1798,0,20,AUG25,1971,i
4832639,"Lya, Ibrahim Noory",IRQ,F,,,,1404,0,40,AUG25,2013,w
4821734,"Maetemn, Hussein Ali",IRQ,M,,,,1580,0,20,AUG25,2002,i
4842677,"Maged, Mohammed Hait",IRQ,M,,,,1756,0,40,AUG25,1984,
4834992,"Mahamad, Rebaz Xadr",IRQ,M,,,,1477,0,40,AUG25,2010,
4800435,Mahdi Attiyah Abdullah,IRQ,M,,,,2196,0,20,AUG25,1968,i
4820886,"Mahdi, Abrahim Hassan",IRQ,M,,,,1791,0,20,AUG25,1997,i
4822315,"Mahdi, Hani Muslim",IRQ,M,,,,1794,0,20,AUG25,2000,i
4824989,"Maher, Hassan Mohammed",IRQ,M,,,,1523,0,20,AUG25,1997,i
4826884,"Maher, Mohammed Kareem",IRQ,M,,,,1631,0,40,AUG25,1987,i
4808568,"Mahmood, Hussein Ali",IRQ,M,,,,1709,0,20,AUG25,2001,i
4841328,"Mahmood, Saadi Saaed",IRQ,M,,,,1460,0,40,AUG25,2001,
4831829,"Mahmood, Salar Akram",IRQ,M,,,,1555,0,20,AUG25,1996,i
4823206,"Mahmood, Zaydan Khalif",IRQ,M,,,,1654,0,20,AUG25,1987,i
4818180,"Mahmud, Hasan Yousef",IRQ,M,,,,1626,0,20,AUG25,1959,i
4829573,"Maithem, Hasan Hamza",IRQ,M,,,,1733,0,20,AUG25,1995,i
4804660,"Majad, Hamid Mozan",IRQ,M,,,,1851,6,20,AUG25,1958,
4819306,"Majd, Habib Bia",IRQ,M,,,,1512,0,40,AUG25,2006,i
4811283,"Majed Latif, Thijel",IRQ,M,,,,1630,0,40,AUG25,1981,
4825160,Majid Al-Saedi,IRQ,M,,,,1591,0,20,AUG25,2000,i
4802578,"Majid, Khudhair Khalaf Albu-Salih",IRQ,M,,,,1839,0,20,AUG25,1967,
4821173,"Majid, Latif Thjil",IRQ,M,,,,1765,0,20,AUG25,1981,i
4806409,"Majid, Raheem",IRQ,M,,,,1725,0,20,AUG25,1965,
4824172,"Makwan, Dawood Ali",IRQ,M,,,,1587,0,20,AUG25,1998,i
4809343,"Malak, Mahdi Attiyah",IRQ,F,,,,1468,0,40,AUG25,2008,wi
4836189,"Malik, Mahdi Mohemmed",IRQ,M,,,,1422,0,40,AUG25,2000,
4835000,"Manly, Ghanm Toma",IRQ,M,,,,1405,0,40,AUG25,2001,i
4805852,Marwa Mohammed Khalaf,IRQ,F,,,,1562,0,20,AUG25,1985,wi
4812190,Marwan Issa Kardi,IRQ,M,,,,1795,0,20,AUG25,1993,i
4813596,"Marwan, Hama Xalb Ahmed",IRQ,M,,,,1670,0,20,AUG25,1989,
4815246,"Marwan, Karim Ahmed",IRQ,M,,,,1627,0,40,AUG25,1997,
4821181,"Masar, Sadi Rahim",IRQ,M,,,,1776,0,40,AUG25,1984,i
4816226,"Masar, Sadi Rahim",IRQ,M,,,,1531,0,20,AUG25,1983,i
4820444,"Masood, Khalid Mohammed",IRQ,M,,,,1737,0,20,AUG25,1970,
4818415,"Masoud, Ahmed Mussa",IRQ,M,,,,1696,0,20,AUG25,1970,i
4843932,"Masoud, Bilal Abdulqadir",IRQ,M,,,,1562,0,40,AUG25,1993,
4843339,"Mateen, Mohammed Darwesh",IRQ,M,,,,1500,9,40,AUG25,2002,
4840186,"Matin, Ghareeb Mohammed",IRQ,M,,,,1503,0,40,AUG25,2008,
4836804,"Maytham, Salah Mahdi",IRQ,M,,,,1685,0,40,AUG25,1989,
4802110,"Maythem, Naom Salih",IRQ,M,,NA,,1912,0,20,AUG25,1973,i
4801288,"Mazin, Adham Tawfeeq",IRQ,M,,,,1868,6,20,AUG25,1962,
4836197,"Maziyar, Marewan Hameed",IRQ,M,,,,1469,0,40,AUG25,2010,i
4807316,"Mazn , Bayad Abdulqader",IRQ,M,,,,1882,0,20,AUG25,1998,i
4815254,"Meer, Kamal Hama",IRQ,M,,,,1731,0,20,AUG25,1999,i
4823575,"Meeran, Sabah Ali",IRQ,M,,,,1684,0,20,AUG25,1986,i
4818423,"Megr, Khalid Hassan",IRQ,M,,,,1421,5,40,AUG25,1993,
4814827,"Merdeen, Sami Hassan",IRQ,M,,,,1786,0,20,AUG25,1997,i
4811763,"Methaq, Ameer Burhan",IRQ,M,,,,1627,0,20,AUG25,2004,i
4841344,"Milad, Qandil Mikail",IRQ,M,,,,1553,0,40,AUG25,1999,
4814134,"Mimoon, Ghazi Azeez",IRQ,M,,,,1772,0,20,AUG25,1968,
4808835,"Mina, Wajdi Hussein",IRQ,F,,,,1472,0,20,AUG25,1996,wi
4814274,"Miqdad, Abdullah Mohammed",IRQ,M,,,,1767,0,20,AUG25,1984,i
4824180,"Mir, Dlshad Nadir",IRQ,M,,,,1483,0,40,AUG25,2005,
4838688,moamel ayad Abdullah Alhilfi,IRQ,M,,,,1519,0,40,AUG25,2004,
4838416,"Moath, Thaer Ali",IRQ,M,,,,1650,0,40,AUG25,2001,i
4807421,"Moazaz , Dhahir Habeeb",IRQ,M,FM,,,2120,9,20,AUG25,2003,
4819527,"Mobin, Baram Mohammad",IRQ,M,,,,1578,0,20,AUG25,1999,
4823222,"Moeaid, Kareem Hussein",IRQ,M,,,,1652,0,20,AUG25,1973,i
4828267,"Mofada, Mohammed Abdulhassan",IRQ,M,,,,1565,0,20,AUG25,2001,
4806174,"Mofeed, Hameed",IRQ,M,,,,1901,0,40,AUG25,0,
4807901,"Mofeed, Hameed Khalaf",IRQ,M,,,,1915,0,20,AUG25,1973,i
4816706,"Mohamed, Basim Ali",IRQ,M,,,,1602,0,20,AUG25,1997,i
4842812,"Mohamed, Emad Youssef",IRQ,M,,,,1443,0,40,AUG25,2002,
4836200,"Mohamed, Ghafur Hamadameen",IRQ,M,,,,1597,0,40,AUG25,2006,i
4831080,"Mohamed, Osama Fathi",IRQ,M,,,,1759,0,40,AUG25,2001,
4829336,"Mohamed, Samir Musa",IRQ,M,,,,1588,0,40,AUG25,1991,i
4841832,"Mohameed Ahmed, Abd",IRQ,M,,,,1747,0,40,AUG25,2010,
4800044,Mohammad Ali Al-Khawaja,IRQ,M,FM,,,2247,0,20,AUG25,1957,i
4810732,Mohammad kariem dgaim,IRQ,M,,,,1842,0,20,AUG25,1992,i
4838432,"Mohammad, Mahmood Othman",IRQ,M,,,,1746,0,40,AUG25,1955,i
4839846,"Mohammad, Mustafa Khaleel",IRQ,M,,,,1659,9,40,AUG25,2005,
4811771,"Mohammad, Samir Salih",IRQ,M,,,,1519,0,40,AUG25,2005,i
4807430,"Mohammed , Hamzia Abbas",IRQ,M,,,,1906,0,20,AUG25,1990,
4841042,"Mohammed Abdul Rahman, Nasser",IRQ,M,,,,1642,0,40,AUG25,2007,
4841050,"Mohammed Abdul Ridha, Abdul Mahdi",IRQ,M,,,,1696,0,40,AUG25,1993,
4801261,MOHAMMED ABDULLAH SALEH MERZA,IRQ,M,,,,1992,0,20,AUG25,1973,i
4811518,Mohammed Abdulrahman,IRQ,M,,,,1783,0,20,AUG25,1967,i
4837495,"Mohammed Ahmed, Abdullateef",IRQ,M,,,,1538,0,40,AUG25,2005,i
4838580,Mohammed Al-Damook,IRQ,M,,,,1468,0,40,AUG25,1997,
4808843,"Mohammed Al-Sadik, Firas Qassim",IRQ,M,,,,1713,0,20,AUG25,1999,i
4811577,Mohammed Ali Adnan,IRQ,M,,,,1870,0,20,AUG25,1999,i
4801792,Mohammed Ali MahdiAl-Kinani,IRQ,M,CM,,,1933,0,20,AUG25,1965,
4811992,MOHAMMED ALI SHARHAN,IRQ,M,,,,1671,0,20,AUG25,1994,i
4810481,Mohammed Ghlib Ali,IRQ,M,,,,1474,0,20,AUG25,2003,i
4830920,Mohammed Hasan Ali Al-Haideri,IRQ,M,,,,1425,0,20,AUG25,1999,i
4833430,Mohammed Hussein Sabeeh Al-allaq,IRQ,M,,,,1411,0,40,AUG25,1967,
4808673,"Mohammed Khaleel, Majeed",IRQ,M,,,,AIM,1830,0,AUG25,1987,
4837509,"Mohammed Moyed, Saadon",IRQ,M,,,,1535,0,40,AUG25,1998,
4802144,"Mohammed Qane,Jannar Worya",IRQ,F,WFM,WFM,,1922,0,20,AUG25,1977,wi
4803400,Mohammed Rashid Kaka Sur,IRQ,M,,,,1992,0,20,AUG25,1965,i
4810430,Mohammed Salih Oieiwi,IRQ,M,,,,1608,0,20,AUG25,2003,i
4820142,Mohammed Salim Chleeb,IRQ,M,,,,1703,0,20,AUG25,1988,
4817435,Mohammed Salim Saeed,IRQ,M,,,,1416,0,20,AUG25,1983,i
4805895,Mohammed Subhi Abbas Abdulzahra,IRQ,M,,,,1514,0,20,AUG25,1993,i
4805283,Mohammed Tareq Abbood Al-Latoof,IRQ,M,,,,1957,0,20,AUG25,1990,
4808851,"Mohammed, Abbas Mohammed",IRQ,M,,,,1752,0,20,AUG25,1959,i
4814967,"Mohammed, Abdel-Elah Hadi",IRQ,M,,,,1585,0,20,AUG25,1987,
4832027,"Mohammed, Abdulhakim",IRQ,M,,,,1638,0,20,AUG25,1970,i
4845331,"Mohammed, Abdulwahhab Gatea",IRQ,M,,,,1468,6,40,AUG25,1993,
4825624,"Mohammed, Adnan",IRQ,M,,,,1666,0,20,AUG25,2004,i
4838459,"Mohammed, Ahmed Al-Gburi",IRQ,M,,,,1637,0,40,AUG25,1998,i
4823249,"Mohammed, Ahmed Jabar",IRQ,M,,,,1624,0,20,AUG25,1982,i
4814185,"Mohammed, Ako Mohammed",IRQ,M,,,,1624,0,20,AUG25,1991,i
4826396,"Mohammed, Albaqer Haddad",IRQ,M,,,,1540,0,40,AUG25,2006,i
4828275,"Mohammed, Albaqir Haitham Obeid",IRQ,M,,,,1611,0,20,AUG25,1998,i
4826400,"Mohammed, Alhassan Riadh",IRQ,M,,,,1656,0,20,AUG25,2001,i
4842340,"Mohammed, Ali Abdul Kadhim",IRQ,M,,,,1681,0,40,AUG25,1998,
4836820,"Mohammed, Ali Abdulkareem Mahdi",IRQ,M,,,,1498,0,40,AUG25,1992,
4824687,"Mohammed, Ali Jasim",IRQ,M,,,,1607,0,20,AUG25,1966,i
4836464,"Mohammed, Ali Jawad Kadhim",IRQ,M,,,,1689,0,40,AUG25,2006,
4838190,"Mohammed, Ali Khdhir",IRQ,M,,,,1555,0,40,AUG25,1993,
4832230,"Mohammed, Ali Salmam",IRQ,M,,,,1595,0,40,AUG25,1995,i
4843347,"Mohammed, Azad Hamad",IRQ,M,,,,1413,0,40,AUG25,1991,
4831225,"Mohammed, Azem Khairuldeen Alzew",IRQ,M,,,,1549,0,20,AUG25,2003,i
4822340,"Mohammed, Aziz Majid Alrufaei",IRQ,M,,,,1727,0,20,AUG25,1995,i
4825136,"Mohammed, Bassam Faraj Allah",IRQ,M,,,,1799,0,20,AUG25,1981,i
4843126,"Mohammed, Bestun",IRQ,M,,,,1642,0,40,AUG25,2016,
4841085,"Mohammed, Dargham Aref",IRQ,M,,,,1515,0,40,AUG25,2008,
4840208,"Mohammed, Diyar Dlshad",IRQ,M,,,,1567,0,40,AUG25,2010,
4817184,"Mohammed, Edrris Shoukr",IRQ,M,,,,1432,0,40,AUG25,2007,i
4812999,"Mohammed, Fadhel",IRQ,M,,,,1843,0,20,AUG25,1962,i
4842588,"Mohammed, Falah Hasan",IRQ,M,,,,1620,7,40,AUG25,2009,
4841352,"Mohammed, Fatah Abdulrahman",IRQ,M,,,,1689,5,40,AUG25,1967,
4821220,"Mohammed, Fatah Ismaeil",IRQ,M,,,,1593,0,40,AUG25,1999,i
4826418,"Mohammed, Fayyad Abdullah",IRQ,M,,,,1734,0,40,AUG25,1963,i
4841360,"Mohammed, G Abduljabbar",IRQ,M,,,,1502,6,40,AUG25,2000,
4836219,"Mohammed, Hardi Maarof",IRQ,M,,,,1461,0,40,AUG25,2009,i
4843959,"Mohammed, Hardy Abdulmanaf",IRQ,M,,,,1497,0,40,AUG25,2010,
4839358,"Mohammed, Hayder Hadi",IRQ,M,,,,1513,0,40,AUG25,2009,
4814282,"Mohammed, Hemn Hasan",IRQ,M,,,,1614,0,40,AUG25,2007,i
4821238,"Mohammed, Hussein Kareem",IRQ,M,,,,1691,0,40,AUG25,1992,
4845358,"Mohammed, Hussien Ali",IRQ,M,,,,1659,8,40,AUG25,2005,
4820657,"Mohammed, Ihsan Rashid",IRQ,M,,,,1767,0,40,AUG25,2008,i
4835018,"Mohammed, Irfan Abdulrahman",IRQ,M,,,,1418,0,40,AUG25,1996,i
4828984,"Mohammed, Jabbar Ahmed",IRQ,M,,,,1560,0,20,AUG25,1999,i
4843576,"Mohammed, Jalil Allawerdi",IRQ,M,,,,1540,5,40,AUG25,1983,
4822358,"Mohammed, Jasim Dhadan",IRQ,M,,,,1814,0,20,AUG25,1987,
4841840,"Mohammed, Jasim Mohammed",IRQ,M,,,,1796,0,40,AUG25,1991,
4845366,"Mohammed, Jassim Mohammed",IRQ,M,,,,1496,6,40,AUG25,2006,
4826426,"Mohammed, Kadhim Abid",IRQ,M,,,,1686,0,20,AUG25,1987,
4812611,"Mohammed, Kareem Dgheem",IRQ,M,,,,1893,0,20,AUG25,1992,
4837207,"Mohammed, Karim Ahmed",IRQ,M,,,,1487,0,40,AUG25,1984,i
4842880,"Mohammed, Kazem Karim",IRQ,M,,,,1713,0,40,AUG25,1984,
4823591,"Mohammed, Khalid Mohammed",IRQ,M,,,,1520,0,20,AUG25,1990,i
4818067,"Mohammed, Khdhr Hamza",IRQ,M,,,,1410,0,20,AUG25,1990,i
4802799,"Mohammed, Latif Hamid",IRQ,M,,,,2042,0,20,AUG25,1989,
4836472,"Mohammed, Layth Mohammed",IRQ,M,,,,1508,0,40,AUG25,2005,i
4843134,"Mohammed, Majeed Saeed",IRQ,M,,,,1433,0,40,AUG25,2011,
4814525,"Mohammed, Majid Noori",IRQ,M,,,,1574,0,40,AUG25,2006,i
4829670,"Mohammed, Mustafa Jabbar",IRQ,M,,,,1659,0,20,AUG25,2004,i
4836367,"Mohammed, Omar Ali",IRQ,M,,,,1542,0,40,AUG25,2006,
4815289,"Mohammed, Omed Mohammed",IRQ,M,,,,1673,0,20,AUG25,1995,i
4837894,"Mohammed, Othman Ali",IRQ,M,,,,1634,0,40,AUG25,2011,i
4820134,"Mohammed, Qasim Abd",IRQ,M,,,,1768,0,20,AUG25,1989,i
4817150,"Mohammed, Qasim Abdlsalam",IRQ,M,,,,1494,0,20,AUG25,1988,i
4821246,"Mohammed, Qasim Abdulsalam",IRQ,M,,,,1631,0,20,AUG25,1988,
4822366,"Mohammed, Qasim Hussein",IRQ,M,,,,1540,0,20,AUG25,1962,i
4813820,"Mohammed, Radhi Manshid",IRQ,M,,,,1640,0,20,AUG25,1994,i
4836855,"Mohammed, Ridha Hayder Mohmmed",IRQ,M,,,,1605,0,40,AUG25,2005,
4842359,"Mohammed, Rryad Kadhim",IRQ,M,,,,1594,0,40,AUG25,1994,
4805216,"Mohammed, Sabri",IRQ,M,,,,1948,0,20,AUG25,1968,i
4830601,"Mohammed, Saleh",IRQ,M,,,,1566,0,20,AUG25,2003,i
4832647,"Mohammed, Salh Mirxan",IRQ,M,,,,1576,0,20,AUG25,2002,
4812832,"Mohammed, Sameer Saleh Hasan",IRQ,M,,,,1533,0,40,AUG25,2005,i
4814878,"Mohammed, Sami Majeed",IRQ,M,,,,1562,0,20,AUG25,1992,i
4833970,"Mohammed, Sarmad Faris",IRQ,M,,,,1548,1,40,AUG25,2014,
4827910,"Mohammed, Sherko Rehnam",IRQ,M,,,,1569,0,20,AUG25,1995,i
4821254,"Mohammed, Sinan Younis",IRQ,M,,,,1404,0,40,AUG25,2012,i
4821262,"Mohammed, Talib Yasir",IRQ,M,,,,1639,0,20,AUG25,1994,
4836480,"Mohammed, Thamer Lotfy",IRQ,M,,,,1459,0,40,AUG25,2006,i
4845374,"Mohammed, Wafiq Hussien",IRQ,M,,,,1723,8,40,AUG25,1998,
4826892,"Mohammed, Waleed Ali",IRQ,M,,,,AFM,1725,0,AUG25,1997,
4823605,"Mohammed, Zaghir Lieibi Yasin",IRQ,M,,,,1600,0,20,AUG25,1965,i
4844823,"Mohammed, Zati Nader",IRQ,M,,,,1520,6,40,AUG25,2004,
4820452,"Mohammedameen, Mohammedameen",IRQ,M,,,,1516,0,20,AUG25,1970,i
4820916,Mohanad fadel esmaeil,IRQ,M,,,,1886,0,20,AUG25,1965,i
4839870,"Mohanad, Abdulhakem Abdulkarem",IRQ,M,,,,1570,9,40,AUG25,2010,
4838653,"Mohmmed, Hazim Suod",IRQ,M,,,,1617,0,40,AUG25,2001,
4834330,"Mohmmed, Muqdad Abdulillah",IRQ,M,,,,1666,2,40,AUG25,2008,
4817788,"Mohmmeed, Jaseb Bader",IRQ,M,,,,1668,0,20,AUG25,1995,i
4814428,"Mohsin, Abdalrahman Ibrahim",IRQ,M,,,,1659,0,20,AUG25,2003,i
4820665,"Mokhles, Abdulmohsin Daraj",IRQ,M,,,,1774,0,20,AUG25,1983,i
4814355,MOMEN DHIA KHALIL,IRQ,M,,,,1905,0,20,AUG25,1998,
4845382,"Mortaza, Thaar Muslim",IRQ,M,,,,1523,5,40,AUG25,2014,
4810503,Mortdha Jawad Kadhim,IRQ,M,,,,1406,0,20,AUG25,2003,i
4816145,Mousa Mazin Adil,IRQ,M,,,,1767,0,40,AUG25,2008,
4834755,"Muayad Tahreer, Muayad",IRQ,M,,,,ACM,1616,0,AUG25,2004,i
4817915,"Mudhee, Ahlyah Jasim",IRQ,M,,,,1567,0,20,AUG25,1962,i
4837908,"Muhaimin, Hussain Hassan",IRQ,M,,,,1762,0,40,AUG25,2006,i
4843355,"Muhamed, Azad Hasan",IRQ,M,,,,1476,0,40,AUG25,1996,
4827929,"Muhamed,Taeeb Sadiq",IRQ,M,,,,1487,0,20,AUG25,1996,i
4817796,"Muhammad, Ayman Salih",IRQ,M,,,,1652,0,20,AUG25,2000,i
4835344,"Muhammad, Hassan Abdel Karim",IRQ,M,,,,1745,0,40,AUG25,2000,
4828399,"Muhammad, Karim Maghdid",IRQ,M,,,,1548,0,20,AUG25,2001,i
4832655,"Muhammad, Khalid Hamadameen",IRQ,M,,,,1585,0,20,AUG25,2002,i
369105380,"Muhammad, Zanko",IRQ,M,,,,1696,0,40,AUG25,2000,
4833597,"Muhammed Riyadh, Khalefah",IRQ,M,,,,1677,0,40,AUG25,1994,i
4840771,"Muhanad, Naeamah Salim",IRQ,M,,,,1744,0,40,AUG25,1987,
4825314,"Muhanned Manhel, Zuhair",IRQ,M,,,,1618,0,40,AUG25,2011,i
4801695,Muhseen Abdullah Mohammed,IRQ,M,CM,NA,,2227,0,20,AUG25,1989,i
4805070,"Muhssen, Fared Saleh",IRQ,M,,,,1908,0,20,AUG25,1949,i
4836499,"Muhtada, Salih Hamid",IRQ,M,,,,1665,0,40,AUG25,2003,i
4828291,"Mujtaba, Ali Mohammed",IRQ,M,,,,1701,0,20,AUG25,2002,i
4815050,"Mujtaba, Mazin Adel",IRQ,M,,,,1669,0,40,AUG25,2010,
4807456,"Muntaha , Hussein Ali",IRQ,M,,,,1798,0,20,AUG25,1997,i
4830326,"Muntazir, Ahmed Hadi",IRQ,M,,,,1719,0,20,AUG25,2000,
4845390,"Muntazir, Emad Ajledan",IRQ,M,,,,1651,9,40,AUG25,2004,
4842391,"Muqtada, Firas Ghamis",IRQ,M,,,,1704,0,40,AUG25,2004,
4842600,"Muqtada, Nije Jassm",IRQ,M,,,,1709,2,40,AUG25,2004,
4841875,"Murtada Sabar, Hasan",IRQ,M,,,,1674,0,40,AUG25,1999,
4845404,"Murtadha, Hasan Dawood",IRQ,M,,,,1714,6,40,AUG25,2005,
4827368,"Murtadha, Kadhim Tahir",IRQ,M,,,,1819,0,20,AUG25,2002,
4802829,"Murtadha, Mhammad Hamadi",IRQ,M,,,,1875,0,20,AUG25,1983,i
4820207,"Musa, Tahir Hwez",IRQ,M,,,,1521,0,20,AUG25,1980,
4821777,"Musab, Shakir Mahmood",IRQ,M,,,,1642,0,20,AUG25,1990,i
4810775,Muslim Kareem Abbas,IRQ,M,,,,1576,0,20,AUG25,1999,i
4809173,Mustafa Abdul Razaq Razzaq,IRQ,M,,,,1653,0,20,AUG25,1990,i
4819250,Mustafa Adnan Mustafa Abdulaali,IRQ,M,,,,1582,0,20,AUG25,1991,i
4809874,Mustafa Basim Abod,IRQ,M,,,,1739,0,20,AUG25,1999,i
4811615,Mustafa Falah Abd Alhamid,IRQ,M,,,,1533,0,20,AUG25,2003,i
4812247,Mustafa Hamid Jaafar Mafrachi,IRQ,M,,,,1585,0,20,AUG25,1975,i
4810406,Mustafa Jabar Nasir,IRQ,M,,,,1545,0,20,AUG25,2001,i
4807928,MUSTAFA KAMAL JALALDEEN AL-BARBA,IRQ,M,,,,1802,0,20,AUG25,2003,
4809815,Mustafa Naji Kareem,IRQ,M,,,,1876,0,20,AUG25,1993,i
4832060,"Mustafa, Adnan Ahmed",IRQ,M,,,,1556,0,20,AUG25,1990,
4831110,"Mustafa, Ahmed Abdulkadim",IRQ,M,,,,1738,0,20,AUG25,2002,i
4827376,"Mustafa, Ahmed Mohammed",IRQ,M,,,,1800,0,40,AUG25,1989,i
4832256,"Mustafa, Al Hussein Ali",IRQ,M,,,,1444,0,40,AUG25,2007,i
4821300,"Mustafa, Ali Hashim",IRQ,M,,,,1543,0,20,AUG25,1993,i
4822730,"Mustafa, Azad Mustafa",IRQ,M,,,,1563,0,20,AUG25,1975,i
4845420,"Mustafa, Basim Naser",IRQ,M,,,,1676,7,40,AUG25,2004,
4813502,"Mustafa, Essa Omer",IRQ,M,,,,1701,0,20,AUG25,1998,i
4831942,"Mustafa, Firas Fathi",IRQ,M,,,,ACM,1613,0,AUG25,2010,
4814584,"Mustafa, Gawad Kadhum",IRQ,M,,,,1746,0,20,AUG25,1969,i
4820169,"Mustafa, Haider Khudiar",IRQ,M,,,,1595,0,20,AUG25,1991,
4829379,"Mustafa, Hassan Hamed",IRQ,M,,,,1669,0,20,AUG25,1991,i
4828402,"Mustafa, Hogir Kareem",IRQ,M,,,,1403,0,40,AUG25,2008,i
4819780,"Mustafa, Hussein",IRQ,M,,,,1799,0,20,AUG25,1985,i
4819870,"Mustafa, Hussein Ali",IRQ,M,,,,1584,0,20,AUG25,2000,i
4812425,"Mustafa, Hussein Zgha",IRQ,M,,,,1878,0,20,AUG25,1990,i
4830776,"Mustafa, Jamal Mohammed Ali",IRQ,M,,,,1670,1,40,AUG25,1984,
4845447,"Mustafa, Luqman Mohammed",IRQ,M,,,,1864,7,40,AUG25,2000,
4822404,"Mustafa, Majid Abid",IRQ,M,,,,1519,0,20,AUG25,1990,i
4828305,"Mustafa, Makki Abdulkadhim",IRQ,M,,,,1538,0,20,AUG25,2000,i
4840798,"Mustafa, Manhal Mustafakamel",IRQ,M,,,,1610,3,40,AUG25,1994,
4840046,"Mustafa, Mohammed Adnan",IRQ,M,,,,1537,0,40,AUG25,2010,
4821521,"Mustafa, Mohammed Fadhil",IRQ,M,,,,1697,0,20,AUG25,1998,i
4821327,"Mustafa, Mohammed Rashid",IRQ,M,,,,1814,0,20,AUG25,1992,i
4827597,"Mustafa, Nabil Ibrahim",IRQ,M,,,,1791,0,40,AUG25,2005,i
4819357,"Mustafa, Qais Jalal",IRQ,M,,,,1919,0,20,AUG25,1991,i
4824709,"Mustafa, Saad Shakir",IRQ,M,,,,1605,0,20,AUG25,2000,i
4845455,"Mustafa, Salam Ridha",IRQ,M,,,,1766,5,40,AUG25,2003,
4816293,"Mustafa, Taha Abdullah",IRQ,M,,,,1684,0,20,AUG25,1976,i
4841921,"Mustafa, Thamer Kamil",IRQ,M,,,,1765,0,40,AUG25,2008,
4838742,"Mustafa, Thear Muslim",IRQ,M,,,,1655,1,40,AUG25,2008,
4814673,"Muwafaq, Yaseen Abdulateef",IRQ,M,,,,1718,0,20,AUG25,1968,i
4813146,"Mwafiq, Hassan Mohammed",IRQ,M,,,,1650,0,20,AUG25,1954,
4831950,"Mylad, Riadh Falah",IRQ,M,,,,1754,0,40,AUG25,2002,
4806255,"Nabaa, Sami Abbas Al-Attraqchi",IRQ,F,WCM,WCM,,1831,0,20,AUG25,2003,wi
4806980,"Nabeel, Aziz youkhana",IRQ,M,,,,1980,6,20,AUG25,1976,
4823281,"Nabil, Khaleel Ibrahim",IRQ,M,,,,1561,0,20,AUG25,1962,i
4830636,"Naeem Hussein, Jaber",IRQ,M,,,,1560,0,20,AUG25,1984,
4801415,"Nafia, Saddam Kadhim",IRQ,M,,,,1842,7,20,AUG25,1969,
4811356,"Nagah, Hassan Abbas",IRQ,M,,,,1905,0,20,AUG25,1971,i
4800320,"Nagem,Abd M.Issa,",IRQ,M,CM,,,2149,0,20,AUG25,1954,i
4812298,Najdat Farouq Abdullkarim,IRQ,M,,,,1598,0,20,AUG25,1969,
4816307,"Najmadin, Samad Rasul",IRQ,M,,,,1570,0,20,AUG25,1979,i
4815491,"Najy, Lazim Najy",IRQ,M,,,,1578,0,20,AUG25,1945,i
4834380,"Nali, Mohammed Ali",IRQ,M,,,,1896,0,40,AUG25,2007,
4840216,"Naly, Fuad Xalid",IRQ,M,,,,1689,0,40,AUG25,2009,
4801890,"Nameer, Noor. Al-Deen",IRQ,M,CM,,,2263,0,20,AUG25,1972,i
4807944,"Namir, Jibrail Dankha",IRQ,M,,,,1824,0,20,AUG25,1992,i
4819888,"Naramseen, Francis Gollo",IRQ,M,,,,1755,0,20,AUG25,1971,i
4841409,"Naree, Ibrahim Khorsheed",IRQ,M,,,,1708,0,40,AUG25,1992,
4816943,"Nareeman, Qahhar Othman",IRQ,M,,,,1676,0,20,AUG25,1983,
4812794,"Narjes, Salah Mahdi",IRQ,F,,,,1414,0,40,AUG25,2010,wi
4805976,Nashoan Mohammed,IRQ,M,,,,1872,0,20,AUG25,1970,
4812336,Nasraw Mustafa Mohammed,IRQ,M,,,,1541,0,20,AUG25,1975,
4812948,"Nasser, Hussein Alwan",IRQ,M,,,,1823,4,40,AUG25,1973,
4814363,"Nawar, Ahmed Mahmood",IRQ,M,,,,1787,6,20,AUG25,1978,
4829549,"Nawar, Nabeel Abdulla",IRQ,M,,,,1544,0,40,AUG25,1986,
4845498,"Nawar, Sabah Abdulridha",IRQ,M,,,,1802,8,40,AUG25,1998,
4835760,"Nawzad, Abdulrahman Ali",IRQ,M,,,,1604,9,40,AUG25,1970,
4818440,"Nawzad, Faraj Ameen",IRQ,M,,,,1656,0,20,AUG25,1965,
4805046,Nazar Mohsin hussein,IRQ,M,,,,1605,0,20,AUG25,1961,i
4806883,"Nazar, Jamil Khalid",IRQ,M,,,,AFM,1884,0,AUG25,1978,
4817192,"Nhen, Zana Ismail",IRQ,M,,,,AFM,1604,0,AUG25,2004,
4809394,"Nihad, Sabah Noori",IRQ,F,,,,1750,7,40,AUG25,2005,w
4813510,"Nma, Qasim Osman",IRQ,F,,,,1462,0,20,AUG25,2003,w
4800249,"Noah, A .H. Al-Ali",IRQ,M,IM,,,2391,0,10,AUG25,1970,i
1504690,"Nomat, Emil-Lion",IRQ,M,,,,1873,0,20,AUG25,1973,
4823796,"Noor, Aldien Sahib",IRQ,M,,,,1576,0,20,AUG25,1988,i
4808967,"Nooralhuda, Hussein Ali",IRQ,F,,,,1622,0,20,AUG25,2004,wi
4806620,"Noori, Sabah Nori",IRQ,M,IM,,,1936,0,20,AUG25,2000,i
4817389,"Noori, Saeed Gorgis",IRQ,M,,,,1573,0,20,AUG25,1957,i
4812239,Noorulzahra Dhafer Abdulameer,IRQ,F,,,,1409,0,40,AUG25,2009,wi
4813529,"Nozhanad, Essa Ali",IRQ,M,,,,1761,0,20,AUG25,1987,
4835026,"Nur, Rebwar Hamasalih",IRQ,F,,,,1417,0,40,AUG25,2013,w
4832078,"Nvar, Ahmed Ali",IRQ,M,,,,1551,0,40,AUG25,2006,i
4816951,"Nvar, Sardar Othman",IRQ,F,,,,1562,0,40,AUG25,2007,w
4833210,"Obaida, Amer Yahya",IRQ,M,,,,1545,0,40,AUG25,1996,i
4829697,"Oday, Jabber Hammdan",IRQ,M,,,,1651,0,20,AUG25,1975,i
4829042,"Omar, Ahmed Hassooni",IRQ,M,,,,1808,0,20,AUG25,1991,i
4831730,"Omar, Ismat Shukur",IRQ,M,,,,1615,0,40,AUG25,2010,i
4840224,"Omar, Mohammed Farooq",IRQ,M,,,,1748,0,40,AUG25,2004,
4835492,"Omar, Mohammed Hadi",IRQ,M,,,,1461,0,40,AUG25,2001,
4825640,"Omar, Mustafa Jamal",IRQ,M,,,,1738,0,20,AUG25,2002,i
4820258,"Omed, Abbas Mohammed",IRQ,M,,,,1614,0,20,AUG25,1995,i
4821912,"Omer , Nayef Rashid",IRQ,M,,,,1616,0,20,AUG25,1994,i
4815912,"Omer, Abduisalam Jalalaldeen",IRQ,M,,,,1509,0,40,AUG25,2005,
369105390,"Omer, Mohammed",IRQ,M,,,,ACM,1711,0,AUG25,2001,
4835778,"Omer, Salih Marwan",IRQ,M,,,,1600,7,40,AUG25,1972,
4813154,"Omiad, Saber Abdullah",IRQ,M,,,,1753,0,20,AUG25,1973,
4843363,"Onel, Khalel Ishaq",IRQ,M,,,,1537,0,40,AUG25,1998,
4822420,"Osama, Adil Taiss",IRQ,M,,,,1734,0,20,AUG25,1989,i
4818199,"Osama, Akram Nsaif",IRQ,M,,,,1755,0,20,AUG25,1984,i
4826752,"Osama, Fathi Ali",IRQ,M,,,,ACM,1480,0,AUG25,1974,
4818296,"Osama, Sami Mahmoud",IRQ,M,,,,1765,0,20,AUG25,1978,i
4826647,"Othman, Murtatdha Salahalden",IRQ,M,,,,1752,0,20,AUG25,2002,i
4827953,"Oubeda, Ahmed Sabah",IRQ,M,,,,1509,0,20,AUG25,1995,i
4833791,"Ozbk, Yldrem Abbas",IRQ,M,,,,1672,0,40,AUG25,2009,
4824202,"Ozheen, Ayar Hassan",IRQ,M,,,,1610,0,20,AUG25,2004,i
4814533,"Pari, Pishtiwan Ahmed",IRQ,F,,,,1541,0,40,AUG25,2009,w
4838211,"Parsa, Hemin Hussein",IRQ,M,,,,1690,0,40,AUG25,2012,
4814193,"Parwa, Pshtiwan Ahmed",IRQ,F,,,,1689,0,40,AUG25,2007,w
4814207,"Parwa, Samad Mohammed",IRQ,F,,,,1469,0,40,AUG25,2005,wi
4825004,"Parwar, Rzgar Hayder",IRQ,M,,,,1509,0,20,AUG25,1998,
4838220,"Pasha, Hemin Hussein",IRQ,M,,,,1574,0,40,AUG25,2013,
4832663,"Pavel, Bootan Sherzad",IRQ,M,,,,1458,0,40,AUG25,2011,
4820371,"Paywand, Mahmood Mohammed",IRQ,M,,,,1885,0,40,AUG25,2010,
4811534,Peshang pshtiwan Ahmed,IRQ,M,,,,1583,0,20,AUG25,2003,i
4816960,"Peshawa, Pshtiwan Ahmed",IRQ,M,,,,1575,0,40,AUG25,2012,
4809653,Pola Azad Saber,IRQ,M,,,,1992,0,20,AUG25,2005,
4838947,"Polla, Abdulhamid Fattah",IRQ,M,,,,1513,0,40,AUG25,1981,i
4822765,"Pshtewan, Mohammed",IRQ,M,,,,1504,0,20,AUG25,1975,i
4808681,"Qahhar Mohammed, Ismael",IRQ,M,,,,1680,0,20,AUG25,1964,
4802888,"Qambar, Salah Noori Qambar",IRQ,M,,,,2001,0,20,AUG25,1977,
4822455,"Qasim, Ali Hadi",IRQ,M,,,,1655,0,20,AUG25,1998,i
4835786,"Qasim, Shino Othman",IRQ,M,,,,1620,6,40,AUG25,1980,
4805992,Qassim Arebe Mohammed,IRQ,M,,,,1659,0,20,AUG25,1960,i
4811020,Qutaiba Sadeq Yair Almajbool,IRQ,M,,,,AFM,1781,6,AUG25,1989,
4823621,"Raad, Muttair Faraj",IRQ,M,,,,1659,0,20,AUG25,1971,i
4823320,"Raad, Rahi Jari",IRQ,M,,,,1579,0,20,AUG25,1973,i
4809645,Rabar Bakhtyar Hama Saleh,IRQ,M,,,,1770,0,20,AUG25,2000,
4835042,"Rabar, Rebaz Xadr",IRQ,M,,,,1413,0,40,AUG25,2008,
4833228,"Rabeea, Mohammed",IRQ,M,,,,1659,0,40,AUG25,1973,i
4806212,"Rabeea, Sabah Nori",IRQ,M,FM,,,2041,9,20,AUG25,2002,
4801857,"Raed, H. Hammed",IRQ,M,,,,2003,0,20,AUG25,1982,i
4820690,"Raed, Khalel Khamas",IRQ,M,,,,1784,0,20,AUG25,1992,i
4832310,"Rafaat, Mohammedameen Rafaat",IRQ,M,,,,1800,0,20,AUG25,1971,i
4807987,"Rafi, Salim",IRQ,M,,,,1518,0,20,AUG25,1998,i
4831403,"Rahand, Awder Abdullh",IRQ,M,,,,1742,0,40,AUG25,2016,
4843150,"Rahand, Othman Ali",IRQ,M,,,,1621,0,40,AUG25,2009,
4834127,Raman Hussein Ali Al-Ali,IRQ,M,,,,1415,0,40,AUG25,2016,
4835050,"Rameen, Nareeman Noori",IRQ,M,,,,1634,0,40,AUG25,2013,
4800966,RAMZI KHAZAAL AHMED AL - DAHWI,IRQ,M,,,,1968,0,20,AUG25,1962,i
4806646,"Rasan, Khabat . Sherko",IRQ,M,,,,1738,0,20,AUG25,2001,i
4838661,"Rashid, Karim Mirza",IRQ,M,,,,1523,0,40,AUG25,1958,
4824717,"Rasoul, Salman Jmoah",IRQ,M,,,,1843,0,20,AUG25,1997,i
4827961,"Rasti, Amjed Hwayyiz",IRQ,M,,,,1615,0,20,AUG25,2004,
4809432,"Rataj , Saad Mohsin",IRQ,F,,,,1509,0,40,AUG25,2009,wi
4843185,"Ravin, Abdalkaliq Hassan",IRQ,M,,,,1623,0,40,AUG25,2014,
4814711,"Rawa, Fakhraddin Awdl",IRQ,M,,,,1561,0,20,AUG25,2006,
4807200,"Rawa, Mahmood Ahmed",IRQ,M,,,,1880,0,20,AUG25,1995,i
4823893,"Rawa, Omar Mohammed",IRQ,M,,,,1494,0,20,AUG25,1996,i
4840054,"Rawa, Rizgar Aghok",IRQ,M,,,,1545,0,40,AUG25,2007,
4803442,"Rawand,Hamid Abdullah",IRQ,M,,,,2083,0,20,AUG25,1990,
4806654,"Rawaz, Omar Hama",IRQ,M,,,,1950,0,20,AUG25,1991,
4816978,"Rawin, Khabat Sherko",IRQ,F,,,,1453,0,40,AUG25,2005,w
4820380,"Rayan, Abdul Rahman",IRQ,M,,,,1555,0,40,AUG25,2011,i
4821424,"Rayan, Najmaddin Abdul Rahman",IRQ,M,,,,1552,0,20,AUG25,2001,i
4819535,"Raz, Rawaz Tayeb",IRQ,F,,,,1459,0,40,AUG25,2012,wi
4832337,"Razhir, Mohammed Abdulrahman",IRQ,M,,,,1539,0,40,AUG25,2005,i
4841433,"Rebar, Kadhim Faqe",IRQ,M,,,,1492,5,40,AUG25,1973,
4841441,"Rebar, Kadhim Jaafar",IRQ,M,,,,1575,0,40,AUG25,1994,
4808649,"Rebaz, Nasir Jamal",IRQ,M,,,,2067,0,20,AUG25,2001,
4821432,"Rebin, Khalid Ahmed",IRQ,M,,,,1829,0,20,AUG25,1993,
4820290,"Rebin, Nabaz Hamed",IRQ,M,,,,1795,0,20,AUG25,2005,
4816110,"Rebwar, Hamad Mohammed",IRQ,M,,,,1534,0,20,AUG25,1982,i
4836022,"Redha, Abbas Faleh",IRQ,M,,,,1477,0,40,AUG25,2000,i
4833236,"Redwan, Faris Abdul Qadir",IRQ,M,,,,1514,0,40,AUG25,1999,
4832094,"Redwan, Salih Kaka Ham",IRQ,M,,,,1645,0,20,AUG25,2000,i
4833902,"Redyar, Mahmood Abdullah",IRQ,M,,,,1535,0,40,AUG25,2008,i
4821440,"Renas, Abdulwahab Sadoon",IRQ,M,,,,1510,0,40,AUG25,2006,i
4825497,"Rezdar, Farman Khalil",IRQ,M,,,,1771,0,40,AUG25,2007,
4835077,"Rezdar, Ghazi Hussein",IRQ,M,,,,1437,0,40,AUG25,2000,i
4832108,"Rezhna, Ismael Hassan",IRQ,M,,,,1724,0,40,AUG25,2006,i
4802187,Ridha Abdul Sada Khudhair Al-juhaishi,IRQ,M,,FA,,1929,0,20,AUG25,1969,
4808908,"Riham, Saad Mohsin",IRQ,F,,,,1609,0,20,AUG25,1998,wi
4836375,"Rinas, Abdluwahab Sadun",IRQ,M,,,,1537,0,40,AUG25,2003,i
4816323,"Roz, Samir Anwar",IRQ,F,,,,1437,0,40,AUG25,2007,w
4816129,"Roza , Ravaz Mohammed",IRQ,M,,,,1434,0,40,AUG25,2009,i
4832698,"Rozh, Halmat Muhsin",IRQ,M,,,,1506,0,40,AUG25,2009,i
4814720,"Roziya, Fakhraddin Awdl",IRQ,F,,,,1549,0,40,AUG25,2007,w
4840526,"Rozyar, Sardar Hamid",IRQ,M,,,,1554,0,40,AUG25,2009,
4810589,Ruaa Osam Nasir,IRQ,F,,,,1429,0,20,AUG25,2004,wi
4811291,"Rudha Ouda, Mohoes",IRQ,M,,,,1426,0,20,AUG25,2004,
4807529,Ruwaida Saad Mohsin Al Naseri,IRQ,F,,,,1683,0,20,AUG25,2001,wi
4818300,"Ryadh, Mohammed Ahmed",IRQ,M,,,,1624,0,20,AUG25,1983,i
4813537,"Rzgar, Sherko Shaker",IRQ,M,,,,1638,6,40,AUG25,1968,
4809670,Saad Abdulhussein Hataf,IRQ,M,,,,1737,0,20,AUG25,1949,i
4805950,Saad Slman Matrood,IRQ,M,,,,1820,5,20,AUG25,1991,
4826450,"Saad, Jabaar Husayn",IRQ,M,,,,1557,0,20,AUG25,1967,i
4816994,"Saadullah, Ali Salih",IRQ,M,,,,1540,0,20,AUG25,1978,
4812964,"Saba, Jamal Mohammed Abo ALQamachi",IRQ,F,,,,1662,0,20,AUG25,1992,wi
4806280,"Sabah, Hadi",IRQ,M,,,,1632,0,20,AUG25,1958,i
4815505,"Sabah, Khaled Sabah",IRQ,M,,,,1555,0,20,AUG25,1992,i
4830415,"Sabah, Noori Qambir",IRQ,M,,,,1581,0,20,AUG25,1966,
4826086,"Sabah, Salman Abed",IRQ,M,,,,1535,0,20,AUG25,1985,i
4802918,"Sabry Abd , Mohammed",IRQ,M,,,,1964,0,20,AUG25,1968,
4827139,"Sadeq, Ali Mohammed",IRQ,M,,,,1449,0,40,AUG25,1974,
4801423,"Sadiq, Ali",IRQ,M,,,,1993,0,20,AUG25,1983,i
4824008,"Sadiq, Hial Adam",IRQ,M,,,,1545,0,20,AUG25,1972,i
4825853,"Sadiq, Rustam Hadi",IRQ,M,,,,1596,0,20,AUG25,2001,i
4803272,Saeed  Abbas Kadhim,IRQ,M,,,,1958,9,20,AUG25,1973,
4802942,"Saeed, Jaafar Shlaka",IRQ,M,,,,1908,0,20,AUG25,1958,
4816730,"Saeed, Salim Mohamed",IRQ,M,,,,1687,0,20,AUG25,1965,i
4813839,"Safaa, Shakr Rzieij",IRQ,M,,,,1765,0,20,AUG25,1972,i
4814851,"Safad, Mudhafar Mohammed",IRQ,M,,,,1606,0,20,AUG25,1987,i
4844840,"Safari, Fattah Khorsheed",IRQ,M,,,,1686,5,40,AUG25,1978,
4844858,"Safeen, Saeed Abdullah",IRQ,M,,,,1546,5,40,AUG25,1986,
4809866,Safi Ramzi Safi,IRQ,M,,,,1669,0,20,AUG25,1997,i
4823362,"Safwan, Jasim Mohammed",IRQ,M,,,,1614,0,20,AUG25,1980,i
4826094,"Sagad, Ali Abbood",IRQ,M,,,,1588,0,20,AUG25,2004,i
4817290,"Sagvan, Kareem Taha",IRQ,M,,,,1784,0,20,AUG25,1987,i
4817397,"Sahand, Kamaran Omar",IRQ,F,,,,1602,0,20,AUG25,1999,wi
4815513,"Said, Salim Mohammed",IRQ,M,,,,1783,0,20,AUG25,1965,i
4831462,Saif Aldeen Ahmed Mahgoob AL-Gburi,IRQ,M,,,,1446,0,20,AUG25,2000,i
4818784,"Saif, Atheer Saeed",IRQ,M,,,,1587,0,20,AUG25,1977,i
4824016,"Saif, Habib Heriz",IRQ,M,,,,1651,0,40,AUG25,2001,
4823370,"Saif, Kareem Kadhim",IRQ,M,,,,1632,0,20,AUG25,1990,i
4826469,"Saif, Mohammed Salih Naji",IRQ,M,,,,1773,0,20,AUG25,1993,i
4815785,"Saif, Munther Sami",IRQ,M,,,,1665,0,20,AUG25,1992,i
4819470,"Saif, Salman Al Tememy",IRQ,M,,,,1735,2,20,AUG25,1995,
4810740,Sajad Alla Abass,IRQ,M,,,,1690,0,20,AUG25,1999,i
4845510,"Sajad, Ali Abdul-Mahdi",IRQ,M,,,,1741,9,40,AUG25,2004,
4825098,"Sajad, Kreim Kadim",IRQ,M,,,,1538,10,40,AUG25,1992,
4824873,"Sajjad, Hasan Hassoon",IRQ,M,,,,1644,0,20,AUG25,1998,i
4814371,"Sajjad, Salah Hasan",IRQ,M,,,,1724,0,20,AUG25,1996,i
4800915,"Salah, Jadaan",IRQ,M,,,,1993,0,20,AUG25,1963,i
4822463,"Salah, Mahdi Farhan",IRQ,M,,,,1705,0,20,AUG25,1971,i
4834003,"Salah, Mohammed Bassam",IRQ,M,,,,1415,0,40,AUG25,2013,i
4830652,"Salah, Saleem",IRQ,M,,,,1561,0,20,AUG25,1985,i
4825896,"Salam, Mahmood",IRQ,M,,,,1756,0,20,AUG25,1963,i
4818202,"Salam, Naser Bejung",IRQ,M,,,,1637,0,20,AUG25,1967,
4835816,"Salar, Bayazed Abdulrahman",IRQ,M,,,,1699,0,40,AUG25,1999,i
4813600,"Salar, Mohammed Rasheed",IRQ,M,,,,1739,0,20,AUG25,1985,
4819985,"Salar, Samir Anwar",IRQ,F,,,,1504,0,40,AUG25,2013,w
4830660,"Saleeh Aleewy, Jawad",IRQ,M,,,,1431,0,20,AUG25,1964,i
4833619,"Saleh Kareem, Yass",IRQ,M,,,,1446,0,40,AUG25,1970,i
4838955,"Saleh, Ahmed Mawlood",IRQ,M,,,,1429,0,40,AUG25,1985,i
4806298,"Saleh, Elewi Jwad",IRQ,M,,,,1602,0,20,AUG25,1964,i
4832965,"Salh, Shamal Muhammad",IRQ,M,,,,1612,5,20,AUG25,2004,
4800575,"Salih, Akar Ali Salih",IRQ,M,FM,,,2047,0,20,AUG25,1990,
4809955,"Salih, Hussein Salama Salih",IRQ,M,,FA,,1851,0,20,AUG25,1967,i
4835824,"Salih, Ibrahim Haji",IRQ,M,,,,1485,6,40,AUG25,1968,
4843380,"Salim, Faqi Braim Ghafour",IRQ,M,,,,1628,0,40,AUG25,1969,
4814002,"Salim, Mohammed Jasim",IRQ,M,,,,1715,0,20,AUG25,1972,i
4821360,"Salman, Rudha Hani",IRQ,M,,NA,,1695,0,20,AUG25,1969,i
4817214,"Same, Husen Yosaf",IRQ,M,,,,1536,0,40,AUG25,2010,i
4813464,"Sameer, Abdullah Khudadad",IRQ,M,,,,1633,2,20,AUG25,1967,
4822471,"Sameer, Abdulradha Abood",IRQ,M,,,,1504,0,20,AUG25,1985,i
4840828,"Samer, Barakat Salim",IRQ,M,,,,1769,3,40,AUG25,2006,
4834011,"Samer, Mohammed Adel",IRQ,M,,,,1564,0,40,AUG25,2013,i
4819489,"Samer, Mohammed Hasan",IRQ,M,,,,1746,0,40,AUG25,1988,
4821920,"Sami , Saher Saleem Al-Chalabi",IRQ,M,,,,1605,0,20,AUG25,1954,
4814738,"Samir, Anwar Mohammed",IRQ,M,,,,1621,0,20,AUG25,1982,i
4803876,"Samir, Ibrahim",IRQ,M,,,,1935,0,20,AUG25,1971,i
4838963,"San, Zana Ismael",IRQ,M,,,,1509,0,40,AUG25,2002,
4804961,"San,Taha Ali",IRQ,M,,,,1900,0,20,AUG25,1999,i
4839943,"Sanad, Saad Mahmood",IRQ,M,,,,1694,0,40,AUG25,2005,
4831420,"Sano, Soran Mohammed",IRQ,M,,,,1560,0,40,AUG25,2012,
4809610,Sara Masood Abdullah,IRQ,F,,,,AFM,1801,0,AUG25,2002,w
4840534,"Sarbarz, Sherko Dilshad",IRQ,M,,,,1792,0,40,AUG25,2009,
4827996,"Sarbast, Esmail Omer",IRQ,M,,,,1494,0,20,AUG25,1979,i
4835832,"Sardar, Babakr Mohammed",IRQ,M,,,,1550,0,40,AUG25,1972,
4835859,"Sardar, Mohammed Darweesh",IRQ,M,,,,1603,9,40,AUG25,1973,
4818792,"Sarezh, Dlshad Hasan",IRQ,F,,,,1575,0,20,AUG25,2005,w
4820312,"Sarkan, Tofik Hama Karim",IRQ,M,,,,1609,0,20,AUG25,1972,
4813383,"Sarkar, Omar Ali",IRQ,M,,,,1599,0,20,AUG25,1988,i
4807219,"Sarkawat, Hamad Mohammed",IRQ,M,,,,1883,0,20,AUG25,1982,
4812956,SARKUOT MOHAMMED QASIM,IRQ,M,,,,1857,8,20,AUG25,1988,
4802357,Sarmad L Ismael,IRQ,M,,,,AFM,1901,0,AUG25,1967,i
4835093,"Sarmad, Hunar Kawan",IRQ,M,,,,1491,0,40,AUG25,2003,i
4822811,"Sarmad, Jamal Mohammed",IRQ,M,,,,1557,0,20,AUG25,1981,i
4808037,"Sarmad, Mohammed Qaseem Sulaiman",IRQ,M,,,,1930,0,20,AUG25,1972,i
4832116,"Sarwar, Omar Hama Ameen",IRQ,M,,,,1651,0,40,AUG25,1993,
4831438,"Saryan, Soran Mohammed",IRQ,M,,,,1618,0,40,AUG25,2009,
4831446,"Sasan, Noori Hakim",IRQ,M,,,,1604,0,20,AUG25,1984,i
4809033,"Sattar J Al-isawi, Abdullah",IRQ,M,,,,1973,0,20,AUG25,1994,
4801121,"Sattar, Jaber Al-Isawi",IRQ,M,,,,2060,0,20,AUG25,1964,i
4838971,"Savio, Dyaa Abdlahad",IRQ,M,,,,1423,0,40,AUG25,2010,i
4840321,"Seraj, Yasen Othman",IRQ,M,,,,1686,0,40,AUG25,1996,
4818814,"Shad, Nasih Hama-Ghareeb",IRQ,M,,,,1507,0,40,AUG25,2009,i
4819209,"Shade, Fouad",IRQ,M,,,,1551,0,40,AUG25,2007,i
4814541,"Shadi, Fouad Mohammed",IRQ,M,,,,1699,0,40,AUG25,2010,
4812646,"Shahab, Ahmed Jassim",IRQ,M,,,,1884,0,20,AUG25,1969,i
4832710,"Shaho, Hassan Azeez",IRQ,M,,,,1443,0,20,AUG25,1999,
4818210,"Shaho, Qader Mahammed",IRQ,M,,,,1641,0,20,AUG25,1994,i
4812310,Shahram Hayder Faiaq,IRQ,M,,,,1449,0,20,AUG25,1977,
4835107,"Shakaw, Salah Jawhar",IRQ,M,,,,1482,0,40,AUG25,1993,i
4835867,"Shakhawan, Amrulla Abdullah",IRQ,M,,,,1578,3,40,AUG25,1982,
4840542,"Shakhawan, Jabbar Majid",IRQ,M,,,,1757,0,40,AUG25,1977,
4800630,shakir hammood zghayer,IRQ,M,,,,2010,0,20,AUG25,1960,i
4838980,"Shalaw, Jaza Bakir",IRQ,M,,,,1629,0,40,AUG25,2003,
4816579,"Shalyar, Kamal Jalaladeen",IRQ,M,,,,1405,0,40,AUG25,2008,i
4808240,Shamal Saber Hussein,IRQ,M,,,,1731,0,20,AUG25,1977,i
4810368,"Shang, Masood Abdullah Jabari",IRQ,F,,,,1539,0,20,AUG25,1999,wi
4819993,"Shara, Azad Ibrahim",IRQ,F,,,,1537,0,20,AUG25,2000,wi
4835875,"Sharif, Hamu Sheikh Amir",IRQ,M,,,,1451,5,40,AUG25,1967,
4824237,"Sharo, Adil Jalal",IRQ,M,,,,1537,0,20,AUG25,2000,i
4836243,"Sharo, Samir Asaad",IRQ,M,,,,1858,0,20,AUG25,2006,
4828003,"Shawkat, Mohammed Tahir",IRQ,M,,,,1512,6,20,AUG25,1996,
4802438,"Shayan, Sabri.Mohmood",IRQ,M,,,,2092,0,20,AUG25,1975,
4835891,"Shayar, Bayazed Abdulrahman",IRQ,M,,,,1522,3,40,AUG25,2004,
4841581,"Sherzad, Saber Jawameer",IRQ,M,,,,1646,0,40,AUG25,1987,
4801202,Shihab Ahmad Jasim Alhasan,IRQ,M,,,,1939,0,20,AUG25,1969,
4805828,Shkar Hamid Abdullah,IRQ,M,,,,1818,0,20,AUG25,2000,i
4832132,"Shko, Taha Taib",IRQ,M,,,,1707,0,40,AUG25,1998,
4823737,"Shvan, Abdullah Hama Said",IRQ,M,,,,1761,0,20,AUG25,1991,i
4841484,"Shwan, Ali Smail",IRQ,M,,,,1501,0,40,AUG25,2002,
4825144,Sinan Hassan Ali Al-Naqshbandi,IRQ,M,,,,1497,0,20,AUG25,1968,i
4815599,"Sipan, Hussein Yousif",IRQ,M,,,,1440,0,40,AUG25,2008,i
4831764,"Siraj, Firas Sabah Nor",IRQ,M,,,,1532,0,40,AUG25,2010,i
4828143,"Sivan, Sarkan Tofiq",IRQ,M,,,,AIM,1798,0,AUG25,2010,
4828410,"Sleman, Ahmad Hussein",IRQ,M,,,,1451,0,40,AUG25,1990,
4825900,"Smari, Saad",IRQ,M,,,,1512,0,20,AUG25,1990,i
4804821,"Sonia, Taha Ali",IRQ,F,,,,1772,0,20,AUG25,1991,wi
4815939,"Subhy, Sabry Mohammed",IRQ,M,,,,1829,0,20,AUG25,1972,i
4806301,Sufian Younus Abdulrazzaq,IRQ,M,,,,1965,0,20,AUG25,1988,i
4803825,"Surood, Taha",IRQ,M,,,,1987,0,20,AUG25,1985,i
4830369,"Svin, Sarkan Tofiq",IRQ,M,,,,1703,0,40,AUG25,2007,
4828011,"Taba, Pishtiwan Abdulwahid",IRQ,F,,,,1470,0,40,AUG25,2001,wi
4808355,Taha Ali Saeed,IRQ,M,,,,1669,0,20,AUG25,1954,i
4812000,TAHA MOHAMED ABBAS,IRQ,M,,,,1443,0,20,AUG25,2003,i
4820975,Taha Samr Ahmed,IRQ,M,,,,1522,2,40,AUG25,2015,
4826493,"Taha, Asaad Abdulameer",IRQ,M,,,,1697,0,20,AUG25,1996,i
4802551,"Taha, Jalal Abdullah",IRQ,M,,,,1974,0,20,AUG25,1969,i
4818229,"Taha, Naser Beijing",IRQ,M,,,,1556,0,20,AUG25,1990,i
4843770,"Taher, Aqil Taher",IRQ,M,,,,1491,0,40,AUG25,2008,
4830245,"Taher, Kniber Obaid",IRQ,M,,,,1652,0,20,AUG25,1997,i
4802950,"Tahseen Abdullah, Nabeel",IRQ,M,,,,1924,1,20,AUG25,1971,
4807006,"Tahseen, Ahmed",IRQ,M,,,,1716,0,20,AUG25,1985,i
4805330,"Tahsin, Nabil",IRQ,M,,,,1707,0,40,AUG25,1971,
4808169,"Takleef,  Jabr Bagua Mohammed",IRQ,M,,,,1870,0,20,AUG25,1971,i
4800958,"Taleb, Salem Hatam",IRQ,M,,,,1962,0,20,AUG25,1963,i
4820754,"Taraq, Samr",IRQ,M,,,,1611,6,40,AUG25,2011,
4803833,Tariq Tumma Selman,IRQ,M,,NA,,1913,0,20,AUG25,1972,i
4820479,"Tariq, Hama Rashid Ali",IRQ,M,,,,1574,0,20,AUG25,1974,i
4806190,"Tariq, Saeed",IRQ,M,,,,1759,0,20,AUG25,1957,
4830334,"Tariq, Zuhair Tariq",IRQ,M,,,,1637,2,40,AUG25,2007,
4828429,"Tawfeeq, Mustafa Qader",IRQ,M,,,,1561,4,20,AUG25,1977,
4824032,"Tawhid, Adel Salman",IRQ,M,,,,1757,0,40,AUG25,2001,i
4837762,"Tayeb, Zrar Abdulrahman",IRQ,M,,,,1635,0,40,AUG25,1973,
4820029,"Thaaer, Mohammed Daher Ali",IRQ,M,,,,1576,0,20,AUG25,1967,i
4807723,"Thaer , Abdulkadhim Ismaeel",IRQ,M,,,,2021,0,20,AUG25,1976,i
4830253,"Thaer, Ali Atheeb",IRQ,M,,,,1480,0,20,AUG25,1979,i
4842731,"Thair, Sabbagh",IRQ,M,,,,1878,0,40,AUG25,1959,
4809238,Tho Afaqr Mohammed Ali,IRQ,M,,,,1716,0,20,AUG25,1984,i
4820932,"Thofikar, Mohammed Ali",IRQ,M,,,,1704,0,20,AUG25,1984,i
4808665,"Thu Al Faqar, Ali Ahmed",IRQ,M,,,,1848,0,20,AUG25,2001,i
4830342,"Thulfiqar, Yahya Amanah",IRQ,M,,,,1707,0,20,AUG25,1998,i
4809521,"Tiba, Mahdi Attiyah",IRQ,F,,,,1775,0,40,AUG25,2006,wi
4838262,"Tolas, Tolla Saeed",IRQ,M,,,,1618,0,40,AUG25,2008,i
4814290,"Trifa, Najat Assaf",IRQ,F,,,,1507,0,20,AUG25,1988,wi
4832744,"Twana, Tahseen Sulaiman",IRQ,M,,,,1495,0,20,AUG25,1978,
4826507,"Uday, Zuhair Baqer Al-Hakim",IRQ,M,,,,1477,0,20,AUG25,1997,i
4817028,"Umed, Ahmed Mohmmed",IRQ,M,,,,1599,0,20,AUG25,1978,
4834399,"Usaid, Khozan Abdl Wahhab",IRQ,M,,,,1600,0,40,AUG25,2007,i
4819225,"Usama, Raaid Fuad",IRQ,M,,,,1517,0,40,AUG25,2003,i
4814860,"Vaver, Ismil Taha",IRQ,M,,,,1940,0,20,AUG25,1996,
4823800,"Wael, Abdulahad Hameed",IRQ,M,,,,1691,0,20,AUG25,1992,
4824750,"Wael, Monem Hussein",IRQ,M,,,,1874,0,20,AUG25,1963,i
4835956,"Wael, Salah Hassan",IRQ,M,,,,1608,0,40,AUG25,1998,
4804350,Wahab Muneer Yahya,IRQ,M,,,,1816,0,20,AUG25,1968,i
4800494,"Waheed, Ayad",IRQ,M,,,,2011,0,20,AUG25,1966,i
4820940,"Waleed, Hamed Jabir",IRQ,M,,,,1608,3,20,AUG25,1983,
4842987,"Waleed, Khakid Mahmud",IRQ,M,,,,1711,0,40,AUG25,2003,
4821840,"Waleed, Mohammed Hamza",IRQ,M,,,,1677,0,20,AUG25,1996,i
4814304,"Wali, Sleman Merahmed",IRQ,M,,,,1838,0,20,AUG25,1982,
4813170,"Waseem, Raad Najeeb",IRQ,M,,,,1754,0,20,AUG25,1986,i
4811194,Wesam  Mommed Talib,IRQ,M,,,,1854,0,20,AUG25,1980,i
4809823,Wesam Shakr Rzeij,IRQ,M,,,,1747,0,20,AUG25,1977,i
4809530,"Widad, Sabah Noori",IRQ,F,,,,1719,1,20,AUG25,2004,w
4812220,Yad Abdulkarim Abdulqadr,IRQ,M,,,,1742,0,20,AUG25,1990,i
4829930,"Yad, Hussin Asaad",IRQ,M,,,,1674,0,40,AUG25,2006,
4831853,"Yad, Peshraw Abduljabar",IRQ,M,,,,1510,0,40,AUG25,2003,i
4818830,"Yahiya, Dlshad Hasan",IRQ,M,,,,1669,0,40,AUG25,2010,
4834402,"Yahya, Mahmoud Usamah",IRQ,M,,,,1410,0,40,AUG25,2011,i
4842618,"Yahya, Mustafa Yassen",IRQ,M,,,,1492,2,40,AUG25,2003,
4829085,"Yahya, Oday Fareed",IRQ,M,,,,1616,0,40,AUG25,2011,i
4841158,"Yaqoub, Mohammed Ajil",IRQ,M,,,,1766,0,40,AUG25,1997,
4808428,"Yar, Byad Abdulqader",IRQ,F,WCM,WCM,,1560,0,20,AUG25,2005,wi
4833910,"Yaran, Aza Hasib",IRQ,M,,,,1482,0,40,AUG25,2007,i
4808932,"Yaseen Khudhair, Abd",IRQ,M,,,,1804,0,20,AUG25,1963,i
4844025,"Yaseen, Ayad Faieq",IRQ,M,,,,1611,5,40,AUG25,2006,
4816331,"Yashar, Didar Mohammed",IRQ,M,,,,1663,0,40,AUG25,2008,i
4839218,"Yasir, Fakhri Muhammed Ameen",IRQ,M,,,,1806,0,40,AUG25,2002,
4840577,"Yasir, Muhammad Jalil",IRQ,M,,,,1763,0,40,AUG25,2003,
4823451,"Yasr, Khdhir Abass",IRQ,M,,,,1503,2,40,AUG25,1997,
4824539,"Yasser, Mohammed Ghani",IRQ,M,,,,1462,0,20,AUG25,1990,
4832299,"Yassir, Thamir Farhan",IRQ,M,,,,1639,0,20,AUG25,1999,i
4820398,"Yazan, Jadoo Abou Ras",IRQ,M,,,,1618,0,20,AUG25,1996,i
4840852,"Yazen, Mhana Azeez",IRQ,M,,,,1549,0,40,AUG25,2009,
4810325,Yosif Wali Mohammed,IRQ,M,,,,1814,0,20,AUG25,1971,
4805305,"Younis, Ali Hussein",IRQ,M,,,,1817,1,20,AUG25,1965,
4808096,"Younis, Mohammed Nasif",IRQ,M,,,,1791,0,20,AUG25,1976,
4825390,"Yousef, Mofeed Hameed",IRQ,M,,,,1696,0,40,AUG25,2008,
4812077,yousif farhad Ali,IRQ,M,,,,1643,0,20,AUG25,2002,
4810473,Yousif Najib Kadhim,IRQ,M,,,,1537,0,40,AUG25,2007,i
4824890,"Yousif, Mohanad Abdulkareem",IRQ,M,,,,1685,0,20,AUG25,1995,i
4836049,"Yousif, Mustafa Abdulrazzaq",IRQ,M,,,,1782,7,20,AUG25,2005,
4840259,"Yousif, Omed Hameed",IRQ,M,,,,1796,0,40,AUG25,2010,
4840070,"Yousif, Umed Kheirullah",IRQ,M,,,,1436,0,40,AUG25,2008,
4824245,"Yousuf, Emad Nasir",IRQ,M,,,,1900,0,20,AUG25,2000,i
4823478,"Zaead, Nawf Rashid",IRQ,M,,,,1614,0,20,AUG25,1968,
4811607,Zahid Sarmad Abd Alhamid,IRQ,M,,,,1622,0,20,AUG25,2003,i
4811623,Zaid Alaa Chaseb,IRQ,M,CM,,,2010,0,20,AUG25,2005,
4812654,"Zaid, Ador Kadhim",IRQ,M,,,,1787,0,20,AUG25,1991,i
4820959,"Zaid, Adwer Kadum",IRQ,M,,,,1780,0,20,AUG25,1991,i
4826515,"Zaid, Raad Jassim",IRQ,M,,,,1649,0,20,AUG25,1986,i
4838556,"Zaid, Refaay Khaleel",IRQ,M,,,,1501,0,40,AUG25,2001,i
4813006,"Zaid, Yhyh Hafedh",IRQ,M,,,,1569,0,20,AUG25,1983,i
4829123,"Zain, Alabdeen Qusay Abdalrzaq",IRQ,M,,,,1625,0,20,AUG25,2000,i
4840860,"Zain, Alabdeen Safaa Mosa",IRQ,M,,,,1667,0,40,AUG25,2005,
4837614,"Zain, Alabdin Audy Salaman",IRQ,M,,,,1630,0,40,AUG25,2008,
4826930,"Zain, El Abidin Khaled Nasser",IRQ,M,,,,1563,0,40,AUG25,2010,i
4822854,"Zairk, Ahmad Qader",IRQ,M,,,,1613,0,20,AUG25,1984,
4817869,"Zakaria, Mazen Karim",IRQ,M,,,,1571,0,40,AUG25,2008,i
4819918,"Zakarya, Hamid Mustafa",IRQ,M,,,,1447,0,40,AUG25,2007,i
4843983,"Zamo, Heider Mahmood",IRQ,M,,,,1726,0,40,AUG25,2003,
4814924,"Zana, Tharwat Mohammed",IRQ,M,,,,1510,0,20,AUG25,1987,i
4811011,Zghair Mustafa Husein,IRQ,M,,,,1918,0,20,AUG25,1985,
4822862,"Zhanin, Nasraw Mustafa",IRQ,F,,,,1585,0,40,AUG25,2012,w
4828437,"Zheer, Rzgar Haydar",IRQ,M,,,,1415,0,40,AUG25,2011,
4840330,"Zhiar, Salar Ahmed",IRQ,M,,,,1470,0,40,AUG25,2005,
4835115,"Zhiar, Soran Othman",IRQ,M,,,,1417,0,40,AUG25,2004,i
4830377,"Zhirwan, Noraldin Abubakr",IRQ,M,,,,1975,0,40,AUG25,2007,
4840275,"Zhyar, Abdulqader Saed",IRQ,M,,,,1583,0,40,AUG25,2008,
4814312,"Zhyar, Hakim Salih",IRQ,F,,,,1813,0,20,AUG25,1993,wi
4832140,"Zhyar, Kadhim Mohammed",IRQ,M,,,,1722,0,20,AUG25,2001,i
4840348,"Zhyar, Rzgar Haydar",IRQ,M,,,,1532,0,40,AUG25,2014,
4818857,"Zhyar, Sardar Othman",IRQ,M,,,,1437,0,40,AUG25,2009,
4817400,"Zhyar, Tahir Yahya",IRQ,M,,,,1443,0,40,AUG25,2006,i
4817559,"Zohair, Baqir Dakhil",IRQ,M,,,,1781,0,20,AUG25,1992,
4803361,Zozek Salah Mohammed,IRQ,M,FM,,,2152,0,20,AUG25,1986,
4802535,"Zrng, Salah Mohammed",IRQ,M,,,,1999,0,20,AUG25,1984,i