[
  {
    "ID Number": "9405194"
  },
  {
    "ID Number": "9403990"
  },
  {
    "ID Number": "9407065"
  },
  {
    "ID Number": "9406638"
  },
  {
    "ID Number": "9406972"
  },
  {
    "ID Number": "9404643"
  },
  {
    "ID Number": "9401717"
  },
  {
    "ID Number": "9402640"
  },
  {
    "ID Number": "9404520"
  },
  {
    "ID Number": "9400176"
  },
  {
    "ID Number": "9404090"
  },
  {
    "ID Number": "9402322"
  },
  {
    "ID Number": "9403876"
  },
  {
    "ID Number": "9402829"
  },
  {
    "ID Number": "9402764"
  },
  {
    "ID Number": "9406832"
  },
  {
    "ID Number": "9400346"
  },
  {
    "ID Number": "9400605"
  },
  {
    "ID Number": "9400338"
  },
  {
    "ID Number": "9402675"
  },
  {
    "ID Number": "9400273"
  },
  {
    "ID Number": "9403175"
  },
  {
    "ID Number": "9402772"
  },
  {
    "ID Number": "9404198"
  },
  {
    "ID Number": "9402942"
  },
  {
    "ID Number": "9405216"
  },
  {
    "ID Number": "9400117"
  },
  {
    "ID Number": "9404252"
  },
  {
    "ID Number": "9402268"
  },
  {
    "ID Number": "9406999"
  },
  {
    "ID Number": "9407324"
  },
  {
    "ID Number": "9406964"
  },
  {
    "ID Number": "9400303"
  },
  {
    "ID Number": "9406417"
  },
  {
    "ID Number": "9401652"
  },
  {
    "ID Number": "9403213"
  },
  {
    "ID Number": "9400532"
  },
  {
    "ID Number": "9400150"
  },
  {
    "ID Number": "9402926"
  },
  {
    "ID Number": "9406174"
  },
  {
    "ID Number": "9404341"
  },
  {
    "ID Number": "9402497"
  },
  {
    "ID Number": "9405798"
  },
  {
    "ID Number": "9404627"
  },
  {
    "ID Number": "9407812"
  },
  {
    "ID Number": "9405232"
  },
  {
    "ID Number": "9405615"
  },
  {
    "ID Number": "9404600"
  },
  {
    "ID Number": "9404570"
  },
  {
    "ID Number": "9402900"
  },
  {
    "ID Number": "9407545"
  },
  {
    "ID Number": "9404686"
  },
  {
    "ID Number": "9406247"
  },
  {
    "ID Number": "9404864"
  },
  {
    "ID Number": "9407731"
  },
  {
    "ID Number": "9406204"
  },
  {
    "ID Number": "9403043"
  },
  {
    "ID Number": "9406255"
  },
  {
    "ID Number": "9405178"
  },
  {
    "ID Number": "9405348"
  },
  {
    "ID Number": "9402330"
  },
  {
    "ID Number": "9400354"
  },
  {
    "ID Number": "9405836"
  },
  {
    "ID Number": "9404759"
  },
  {
    "ID Number": "9400087"
  },
  {
    "ID Number": "9405208"
  },
  {
    "ID Number": "9401610"
  },
  {
    "ID Number": "9403051"
  },
  {
    "ID Number": "9403000"
  },
  {
    "ID Number": "9405771"
  },
  {
    "ID Number": "9406182"
  },
  {
    "ID Number": "9407316"
  },
  {
    "ID Number": "9406263"
  },
  {
    "ID Number": "9405534"
  }
]