ID Number,Name,Fed,Sex,Title,WTit,OTit,Rating,Gms,K,RatingMonth,B-day,Flag
15901106,"Aponte, Samantha",ARU,F,,,,1433,0,40,AUG25,2006,wi
15900924,"Cabral, Sylvi",ARU,F,,,,1429,0,40,AUG25,2011,wi
15900312,"De Mey, Juan Pablo",ARU,M,FM,NA,,1996,0,20,AUG25,1994,i
15900045,"Lopez, Jasel",ARU,M,IM,NA,,2367,0,20,AUG25,1994,i
3910512,"Moreno Mora, Milaydes Lourdes",ARU,F,,,,1703,0,20,AUG25,1979,wi
15900037,"Pesqueira, Jose",ARU,M,CM,,,1884,0,20,AUG25,1963,i
15900770,"Sagastegui, Thamara",ARU,F,,,,1651,0,40,AUG25,2006,wi
15901319,"Varela, Cesar Augusto",ARU,M,,,,1834,0,40,AUG25,2003,i