[
  {
    "ID Number": "31902200"
  },
  {
    "ID Number": "31900739"
  },
  {
    "ID Number": "31901360"
  },
  {
    "ID Number": "31901336"
  },
  {
    "ID Number": "31905455"
  },
  {
    "ID Number": "31905447"
  },
  {
    "ID Number": "31900925"
  },
  {
    "ID Number": "31900127"
  },
  {
    "ID Number": "31901670"
  },
  {
    "ID Number": "31902030"
  },
  {
    "ID Number": "31901964"
  },
  {
    "ID Number": "31900593"
  },
  {
    "ID Number": "31900828"
  },
  {
    "ID Number": "31901395"
  },
  {
    "ID Number": "31900259"
  },
  {
    "ID Number": "31901131"
  },
  {
    "ID Number": "31900291"
  },
  {
    "ID Number": "31900615"
  },
  {
    "ID Number": "31900348"
  },
  {
    "ID Number": "31901506"
  },
  {
    "ID Number": "31900097"
  },
  {
    "ID Number": "31901530"
  },
  {
    "ID Number": "31902189"
  },
  {
    "ID Number": "31902502"
  },
  {
    "ID Number": "31900232"
  },
  {
    "ID Number": "31900658"
  },
  {
    "ID Number": "31901190"
  },
  {
    "ID Number": "31901409"
  },
  {
    "ID Number": "31900704"
  },
  {
    "ID Number": "31901247"
  },
  {
    "ID Number": "31901140"
  },
  {
    "ID Number": "31905838"
  },
  {
    "ID Number": "31900690"
  },
  {
    "ID Number": "31905013"
  },
  {
    "ID Number": "31905218"
  },
  {
    "ID Number": "31901620"
  },
  {
    "ID Number": "31900275"
  },
  {
    "ID Number": "31900607"
  },
  {
    "ID Number": "31901484"
  },
  {
    "ID Number": "31901352"
  },
  {
    "ID Number": "31900879"
  },
  {
    "ID Number": "31901948"
  }
]