[
  {
    "ID Number": "14705800",
    "Name": "Abdurazokov, Shohmuzaffar",
    "Fed": "TJK",
    "Sex": "M",
    "Title": "",
    "WTit": "",
    "OTit": "",
    "FOA": "1734",
    "Rating": "AUG25",
    "Gms": "5",
    "K": "40",
    "B-day": "1979",
    "Flag": ""
  },
  {
    "ID Number": "14701553",
    "Name": "Abrorova, Sabrina",
    "Fed": "TJK",
    "Sex": "F",
    "Title": "",
    "WTit": "",
    "OTit": "",
    "FOA": "1826",
    "Rating": "AUG25",
    "Gms": "0",
    "K": "40",
    "B-day": "2006",
    "Flag": "wi"
  },
  {
    "ID Number": "14705451",
    "Name": "Akhmedov, Nosirjon",
    "Fed": "TJK",
    "Sex": "M",
    "Title": "",
    "WTit": "",
    "OTit": "",
    "FOA": "1554",
    "Rating": "AUG25",
    "Gms": "5",
    "K": "40",
    "B-day": "1993",
    "Flag": ""
  },
  {
    "ID Number": "14700077",
    "Name": "Amonatov, Farrukh",
    "Fed": "TJK",
    "Sex": "M",
    "Title": "GM",
    "WTit": "",
    "OTit": "",
    "FOA": "2592",
    "Rating": "AUG25",
    "Gms": "0",
    "K": "10",
    "B-day": "1978",
    "Flag": ""
  },
  {
    "ID Number": "14700492",
    "Name": "Antonova, Lidiya",
    "Fed": "TJK",
    "Sex": "F",
    "Title": "",
    "WTit": "",
    "OTit": "",
    "FOA": "1805",
    "Rating": "AUG25",
    "Gms": "0",
    "K": "20",
    "B-day": "1955",
    "Flag": "wi"
  },
  {
    "ID Number": "14700182",
    "Name": "Antonova, Nadezhda",
    "Fed": "TJK",
    "Sex": "F",
    "Title": "WFM",
    "WTit": "WFM",
    "OTit": "",
    "FOA": "1821",
    "Rating": "AUG25",
    "Gms": "0",
    "K": "20",
    "B-day": "1988",
    "Flag": "w"
  },
  {
    "ID Number": "14701715",
    "Name": "Ashurov, Ibrokhim",
    "Fed": "TJK",
    "Sex": "M",
    "Title": "",
    "WTit": "",
    "OTit": "",
    "FOA": "1697",
    "Rating": "AUG25",
    "Gms": "0",
    "K": "40",
    "B-day": "2009",
    "Flag": "i"
  },
  {
    "ID Number": "14704447",
    "Name": "Ashurov, Nurmukhammad",
    "Fed": "TJK",
    "Sex": "M",
    "Title": "",
    "WTit": "",
    "OTit": "",
    "FOA": "1454",
    "Rating": "AUG25",
    "Gms": "0",
    "K": "40",
    "B-day": "2012",
    "Flag": ""
  },
  {
    "ID Number": "14702940",
    "Name": "Asrori, Rustam",
    "Fed": "TJK",
    "Sex": "M",
    "Title": "",
    "WTit": "",
    "OTit": "",
    "FOA": "1497",
    "Rating": "AUG25",
    "Gms": "0",
    "K": "40",
    "B-day": "2009",
    "Flag": ""
  },
  {
    "ID Number": "14701472",
    "Name": "Beknazarov, Shohrukh",
    "Fed": "TJK",
    "Sex": "M",
    "Title": "",
    "WTit": "",
    "OTit": "",
    "FOA": "1795",
    "Rating": "AUG25",
    "Gms": "0",
    "K": "40",
    "B-day": "1996",
    "Flag": "i"
  },
  {
    "ID Number": "14702827",
    "Name": "Bobokhonov, Nasimdzhon",
    "Fed": "TJK",
    "Sex": "M",
    "Title": "",
    "WTit": "",
    "OTit": "",
    "FOA": "1615",
    "Rating": "AUG25",
    "Gms": "0",
    "K": "40",
    "B-day": "2003",
    "Flag": "i"
  },
  {
    "ID Number": "14703033",
    "Name": "Boqiev, Buzurgmehr",
    "Fed": "TJK",
    "Sex": "M",
    "Title": "",
    "WTit": "",
    "OTit": "",
    "FOA": "1566",
    "Rating": "AUG25",
    "Gms": "0",
    "K": "40",
    "B-day": "2010",
    "Flag": "i"
  },
  {
    "ID Number": "14701081",
    "Name": "Bozorali, Davron",
    "Fed": "TJK",
    "Sex": "M",
    "Title": "",
    "WTit": "",
    "OTit": "",
    "FOA": "1849",
    "Rating": "AUG25",
    "Gms": "0",
    "K": "20",
    "B-day": "2000",
    "Flag": "i"
  },
  {
    "ID Number": "14701987",
    "Name": "Davlatova, Mizhgona",
    "Fed": "TJK",
    "Sex": "F",
    "Title": "",
    "WTit": "",
    "OTit": "",
    "FOA": "1488",
    "Rating": "AUG25",
    "Gms": "0",
    "K": "40",
    "B-day": "2005",
    "Flag": "wi"
  },
  {
    "ID Number": "14704935",
    "Name": "Davronov, Nekruz",
    "Fed": "TJK",
    "Sex": "M",
    "Title": "",
    "WTit": "",
    "OTit": "",
    "FOA": "1594",
    "Rating": "AUG25",
    "Gms": "0",
    "K": "40",
    "B-day": "2007",
    "Flag": ""
  },
  {
    "ID Number": "14201690",
    "Name": "Djuraev, Sokhib",
    "Fed": "TJK",
    "Sex": "M",
    "Title": "FM",
    "WTit": "FA",
    "OTit": "",
    "FOA": "2312",
    "Rating": "AUG25",
    "Gms": "0",
    "K": "20",
    "B-day": "1990",
    "Flag": "i"
  },
  {
    "ID Number": "14703564",
    "Name": "Erkaboev, Hamroqul",
    "Fed": "TJK",
    "Sex": "M",
    "Title": "",
    "WTit": "",
    "OTit": "",
    "FOA": "1668",
    "Rating": "AUG25",
    "Gms": "0",
    "K": "40",
    "B-day": "1966",
    "Flag": "i"
  },
  {
    "ID Number": "14701960",
    "Name": "Fayzieva, Darina",
    "Fed": "TJK",
    "Sex": "F",
    "Title": "",
    "WTit": "",
    "OTit": "",
    "FOA": "1696",
    "Rating": "AUG25",
    "Gms": "8",
    "K": "20",
    "B-day": "2006",
    "Flag": "w"
  },
  {
    "ID Number": "14702010",
    "Name": "Fazilov, Ilkhom",
    "Fed": "TJK",
    "Sex": "M",
    "Title": "",
    "WTit": "",
    "OTit": "",
    "FOA": "1507",
    "Rating": "AUG25",
    "Gms": "0",
    "K": "40",
    "B-day": "1979",
    "Flag": "i"
  },
  {
    "ID Number": "14701626",
    "Name": "Gafurov, Khushbakht",
    "Fed": "TJK",
    "Sex": "M",
    "Title": "",
    "WTit": "",
    "OTit": "",
    "FOA": "1905",
    "Rating": "AUG25",
    "Gms": "0",
    "K": "20",
    "B-day": "1991",
    "Flag": "i"
  },
  {
    "ID Number": "14702134",
    "Name": "Gafurov, Nazar",
    "Fed": "TJK",
    "Sex": "M",
    "Title": "",
    "WTit": "",
    "OTit": "",
    "FOA": "1675",
    "Rating": "AUG25",
    "Gms": "7",
    "K": "40",
    "B-day": "2012",
    "Flag": ""
  },
  {
    "ID Number": "14702908",
    "Name": "Haidarova, Mehrona",
    "Fed": "TJK",
    "Sex": "F",
    "Title": "",
    "WTit": "",
    "OTit": "",
    "FOA": "1474",
    "Rating": "AUG25",
    "Gms": "0",
    "K": "40",
    "B-day": "2008",
    "Flag": "w"
  },
  {
    "ID Number": "14700204",
    "Name": "Hotami, Mutriba",
    "Fed": "TJK",
    "Sex": "F",
    "Title": "",
    "WTit": "FA",
    "OTit": "",
    "FOA": "1771",
    "Rating": "AUG25",
    "Gms": "0",
    "K": "20",
    "B-day": "1997",
    "Flag": "w"
  },
  {
    "ID Number": "14700794",
    "Name": "Hotami, Sino",
    "Fed": "TJK",
    "Sex": "M",
    "Title": "",
    "WTit": "NA",
    "OTit": "",
    "FOA": "1685",
    "Rating": "AUG25",
    "Gms": "0",
    "K": "20",
    "B-day": "2001",
    "Flag": ""
  },
  {
    "ID Number": "14700328",
    "Name": "Ibrohimov, Ikrom",
    "Fed": "TJK",
    "Sex": "M",
    "Title": "FM",
    "WTit": "",
    "OTit": "",
    "FOA": "2225",
    "Rating": "AUG25",
    "Gms": "0",
    "K": "20",
    "B-day": "1992",
    "Flag": "i"
  },
  {
    "ID Number": "14701146",
    "Name": "Ilhomzoda, Maryam",
    "Fed": "TJK",
    "Sex": "F",
    "Title": "",
    "WTit": "",
    "OTit": "",
    "FOA": "1653",
    "Rating": "AUG25",
    "Gms": "0",
    "K": "20",
    "B-day": "2002",
    "Flag": "wi"
  },
  {
    "ID Number": "14700948",
    "Name": "Ilkhomi, Jaloliddin",
    "Fed": "TJK",
    "Sex": "M",
    "Title": "FM",
    "WTit": "",
    "OTit": "",
    "FOA": "2004",
    "Rating": "AUG25",
    "Gms": "0",
    "K": "40",
    "B-day": "2007",
    "Flag": ""
  },
  {
    "ID Number": "14705168",
    "Name": "Isaev, Firuz",
    "Fed": "TJK",
    "Sex": "M",
    "Title": "",
    "WTit": "",
    "OTit": "",
    "FOA": "1492",
    "Rating": "AUG25",
    "Gms": "0",
    "K": "40",
    "B-day": "2014",
    "Flag": ""
  },
  {
    "ID Number": "14700050",
    "Name": "Isaev, Jamshed",
    "Fed": "TJK",
    "Sex": "M",
    "Title": "IM",
    "WTit": "FT,NA",
    "OTit": "",
    "FOA": "2271",
    "Rating": "AUG25",
    "Gms": "0",
    "K": "20",
    "B-day": "1967",
    "Flag": "i"
  },
  {
    "ID Number": "14700840",
    "Name": "Ismailov, Timur",
    "Fed": "TJK",
    "Sex": "M",
    "Title": "",
    "WTit": "",
    "OTit": "",
    "FOA": "1907",
    "Rating": "AUG25",
    "Gms": "6",
    "K": "20",
    "B-day": "1990",
    "Flag": ""
  },
  {
    "ID Number": "14702916",
    "Name": "Jumaev, Ihson",
    "Fed": "TJK",
    "Sex": "M",
    "Title": "",
    "WTit": "",
    "OTit": "",
    "FOA": "1822",
    "Rating": "AUG25",
    "Gms": "0",
    "K": "40",
    "B-day": "2007",
    "Flag": ""
  },
  {
    "ID Number": "14703114",
    "Name": "Jumaeva, Shohsanam",
    "Fed": "TJK",
    "Sex": "F",
    "Title": "",
    "WTit": "",
    "OTit": "",
    "FOA": "1545",
    "Rating": "AUG25",
    "Gms": "0",
    "K": "40",
    "B-day": "2007",
    "Flag": "w"
  },
  {
    "ID Number": "14700859",
    "Name": "Kabilov, Amin",
    "Fed": "TJK",
    "Sex": "M",
    "Title": "FM",
    "WTit": "",
    "OTit": "",
    "FOA": "2181",
    "Rating": "AUG25",
    "Gms": "0",
    "K": "20",
    "B-day": "1996",
    "Flag": "i"
  },
  {
    "ID Number": "14701731",
    "Name": "Kandakov, Mehrbakhsh",
    "Fed": "TJK",
    "Sex": "M",
    "Title": "",
    "WTit": "",
    "OTit": "",
    "FOA": "1722",
    "Rating": "AUG25",
    "Gms": "0",
    "K": "40",
    "B-day": "2005",
    "Flag": "i"
  },
  {
    "ID Number": "14701049",
    "Name": "Karamshoev, Shafik",
    "Fed": "TJK",
    "Sex": "M",
    "Title": "",
    "WTit": "",
    "OTit": "",
    "FOA": "1934",
    "Rating": "AUG25",
    "Gms": "0",
    "K": "20",
    "B-day": "1998",
    "Flag": "i"
  },
  {
    "ID Number": "14700280",
    "Name": "Karimov, Alisher",
    "Fed": "TJK",
    "Sex": "M",
    "Title": "FM",
    "WTit": "FI,NA",
    "OTit": "",
    "FOA": "2158",
    "Rating": "AUG25",
    "Gms": "0",
    "K": "20",
    "B-day": "1997",
    "Flag": "i"
  },
  {
    "ID Number": "14702584",
    "Name": "Karimov, Rahmatullo",
    "Fed": "TJK",
    "Sex": "M",
    "Title": "",
    "WTit": "",
    "OTit": "",
    "FOA": "1730",
    "Rating": "AUG25",
    "Gms": "7",
    "K": "40",
    "B-day": "1971",
    "Flag": ""
  },
  {
    "ID Number": "14700832",
    "Name": "Kayumov, Amirkhon",
    "Fed": "TJK",
    "Sex": "M",
    "Title": "",
    "WTit": "",
    "OTit": "",
    "FOA": "1992",
    "Rating": "AUG25",
    "Gms": "0",
    "K": "20",
    "B-day": "1987",
    "Flag": "i"
  },
  {
    "ID Number": "14703122",
    "Name": "Khadirov, Abubakr",
    "Fed": "TJK",
    "Sex": "M",
    "Title": "",
    "WTit": "",
    "OTit": "",
    "FOA": "1609",
    "Rating": "AUG25",
    "Gms": "0",
    "K": "40",
    "B-day": "2006",
    "Flag": ""
  },
  {
    "ID Number": "14700042",
    "Name": "Khamdamov, Suhrob",
    "Fed": "TJK",
    "Sex": "M",
    "Title": "IM",
    "WTit": "",
    "OTit": "",
    "FOA": "2106",
    "Rating": "AUG25",
    "Gms": "0",
    "K": "20",
    "B-day": "1966",
    "Flag": "i"
  },
  {
    "ID Number": "14703203",
    "Name": "Khojaeva, Yosamin",
    "Fed": "TJK",
    "Sex": "F",
    "Title": "",
    "WTit": "",
    "OTit": "",
    "FOA": "1518",
    "Rating": "AUG25",
    "Gms": "0",
    "K": "40",
    "B-day": "2013",
    "Flag": "w"
  },
  {
    "ID Number": "14701537",
    "Name": "Khotamov, Ismail",
    "Fed": "TJK",
    "Sex": "M",
    "Title": "",
    "WTit": "",
    "OTit": "",
    "FOA": "1540",
    "Rating": "AUG25",
    "Gms": "0",
    "K": "40",
    "B-day": "2008",
    "Flag": ""
  },
  {
    "ID Number": "14700247",
    "Name": "Khusenkhojaev, Muhammad",
    "Fed": "TJK",
    "Sex": "M",
    "Title": "IM",
    "WTit": "",
    "OTit": "",
    "FOA": "2282",
    "Rating": "AUG25",
    "Gms": "0",
    "K": "10",
    "B-day": "1987",
    "Flag": ""
  },
  {
    "ID Number": "14700727",
    "Name": "Khusenkhojaev, Mustafokhuja",
    "Fed": "TJK",
    "Sex": "M",
    "Title": "FM",
    "WTit": "",
    "OTit": "",
    "FOA": "2262",
    "Rating": "AUG25",
    "Gms": "0",
    "K": "20",
    "B-day": "1998",
    "Flag": ""
  },
  {
    "ID Number": "14701979",
    "Name": "Kodiri, Pairavi",
    "Fed": "TJK",
    "Sex": "M",
    "Title": "",
    "WTit": "",
    "OTit": "",
    "FOA": "2103",
    "Rating": "AUG25",
    "Gms": "0",
    "K": "40",
    "B-day": "2011",
    "Flag": ""
  },
  {
    "ID Number": "14704463",
    "Name": "Kurbonov, Jahonnur",
    "Fed": "TJK",
    "Sex": "M",
    "Title": "",
    "WTit": "",
    "OTit": "",
    "FOA": "1489",
    "Rating": "AUG25",
    "Gms": "0",
    "K": "40",
    "B-day": "2011",
    "Flag": ""
  },
  {
    "ID Number": "14701090",
    "Name": "Madaminov, Shohzamon",
    "Fed": "TJK",
    "Sex": "M",
    "Title": "",
    "WTit": "",
    "OTit": "",
    "FOA": "1543",
    "Rating": "AUG25",
    "Gms": "0",
    "K": "20",
    "B-day": "2002",
    "Flag": "i"
  },
  {
    "ID Number": "14703130",
    "Name": "Makhmudova, Nozanin",
    "Fed": "TJK",
    "Sex": "F",
    "Title": "",
    "WTit": "",
    "OTit": "",
    "FOA": "1697",
    "Rating": "AUG25",
    "Gms": "0",
    "K": "40",
    "B-day": "2010",
    "Flag": "w"
  },
  {
    "ID Number": "14702223",
    "Name": "Makhsudshoev, Hofiz",
    "Fed": "TJK",
    "Sex": "M",
    "Title": "",
    "WTit": "",
    "OTit": "",
    "FOA": "1869",
    "Rating": "AUG25",
    "Gms": "0",
    "K": "20",
    "B-day": "2002",
    "Flag": "i"
  },
  {
    "ID Number": "14702452",
    "Name": "Makhsudshoeva, Noziya",
    "Fed": "TJK",
    "Sex": "F",
    "Title": "",
    "WTit": "",
    "OTit": "",
    "FOA": "1558",
    "Rating": "AUG25",
    "Gms": "0",
    "K": "40",
    "B-day": "2009",
    "Flag": "wi"
  },
  {
    "ID Number": "14700590",
    "Name": "Maksudshoev, Kubot",
    "Fed": "TJK",
    "Sex": "M",
    "Title": "",
    "WTit": "",
    "OTit": "",
    "FOA": "2012",
    "Rating": "AUG25",
    "Gms": "0",
    "K": "20",
    "B-day": "1990",
    "Flag": ""
  },
  {
    "ID Number": "14701820",
    "Name": "Mamurov, Behruz",
    "Fed": "TJK",
    "Sex": "M",
    "Title": "",
    "WTit": "",
    "OTit": "",
    "FOA": "1830",
    "Rating": "AUG25",
    "Gms": "0",
    "K": "20",
    "B-day": "1994",
    "Flag": "i"
  },
  {
    "ID Number": "14702037",
    "Name": "Mashabova, Shukrona",
    "Fed": "TJK",
    "Sex": "F",
    "Title": "",
    "WTit": "",
    "OTit": "",
    "FOA": "1672",
    "Rating": "AUG25",
    "Gms": "0",
    "K": "40",
    "B-day": "2006",
    "Flag": "wi"
  },
  {
    "ID Number": "14705753",
    "Name": "Muhiddinov, Ghaffor",
    "Fed": "TJK",
    "Sex": "M",
    "Title": "",
    "WTit": "",
    "OTit": "",
    "FOA": "1526",
    "Rating": "AUG25",
    "Gms": "5",
    "K": "40",
    "B-day": "1949",
    "Flag": ""
  },
  {
    "ID Number": "14704684",
    "Name": "Mukhidinova, Farakhnoz",
    "Fed": "TJK",
    "Sex": "F",
    "Title": "",
    "WTit": "",
    "OTit": "",
    "FOA": "1503",
    "Rating": "AUG25",
    "Gms": "0",
    "K": "40",
    "B-day": "2012",
    "Flag": "w"
  },
  {
    "ID Number": "14702673",
    "Name": "Muminov, Imron",
    "Fed": "TJK",
    "Sex": "M",
    "Title": "",
    "WTit": "",
    "OTit": "",
    "FOA": "1484",
    "Rating": "AUG25",
    "Gms": "0",
    "K": "40",
    "B-day": "2014",
    "Flag": ""
  },
  {
    "ID Number": "14702681",
    "Name": "Muminova, Zakiyabonu",
    "Fed": "TJK",
    "Sex": "F",
    "Title": "",
    "WTit": "",
    "OTit": "",
    "FOA": "1475",
    "Rating": "AUG25",
    "Gms": "0",
    "K": "40",
    "B-day": "2011",
    "Flag": "w"
  },
  {
    "ID Number": "54190835",
    "Name": "Munavvarov, Kurush",
    "Fed": "TJK",
    "Sex": "M",
    "Title": "",
    "WTit": "",
    "OTit": "",
    "FOA": "2154",
    "Rating": "AUG25",
    "Gms": "0",
    "K": "20",
    "B-day": "1987",
    "Flag": "i"
  },
  {
    "ID Number": "14703017",
    "Name": "Naimov, David",
    "Fed": "TJK",
    "Sex": "M",
    "Title": "",
    "WTit": "",
    "OTit": "",
    "FOA": "1589",
    "Rating": "AUG25",
    "Gms": "6",
    "K": "40",
    "B-day": "2012",
    "Flag": ""
  },
  {
    "ID Number": "14702789",
    "Name": "Narzulloev, Khoji",
    "Fed": "TJK",
    "Sex": "M",
    "Title": "",
    "WTit": "",
    "OTit": "",
    "FOA": "1701",
    "Rating": "AUG25",
    "Gms": "4",
    "K": "40",
    "B-day": "1947",
    "Flag": ""
  },
  {
    "ID Number": "14700395",
    "Name": "Nasriddinzoda, Marvorii",
    "Fed": "TJK",
    "Sex": "F",
    "Title": "",
    "WTit": "",
    "OTit": "",
    "FOA": "2006",
    "Rating": "AUG25",
    "Gms": "0",
    "K": "20",
    "B-day": "1993",
    "Flag": "w"
  },
  {
    "ID Number": "14700999",
    "Name": "Nazarov, Daler",
    "Fed": "TJK",
    "Sex": "M",
    "Title": "",
    "WTit": "NA",
    "OTit": "",
    "FOA": "1989",
    "Rating": "AUG25",
    "Gms": "0",
    "K": "20",
    "B-day": "1983",
    "Flag": "i"
  },
  {
    "ID Number": "14705664",
    "Name": "Nazarov, Khurshed",
    "Fed": "TJK",
    "Sex": "M",
    "Title": "",
    "WTit": "",
    "OTit": "",
    "FOA": "1706",
    "Rating": "AUG25",
    "Gms": "7",
    "K": "40",
    "B-day": "1974",
    "Flag": ""
  },
  {
    "ID Number": "14702606",
    "Name": "Nazarov, Sino",
    "Fed": "TJK",
    "Sex": "M",
    "Title": "",
    "WTit": "",
    "OTit": "",
    "FOA": "1682",
    "Rating": "AUG25",
    "Gms": "0",
    "K": "20",
    "B-day": "1997",
    "Flag": ""
  },
  {
    "ID Number": "14703190",
    "Name": "Nuralizoda, Buzurgmehr",
    "Fed": "TJK",
    "Sex": "M",
    "Title": "",
    "WTit": "",
    "OTit": "",
    "FOA": "1770",
    "Rating": "AUG25",
    "Gms": "0",
    "K": "40",
    "B-day": "2007",
    "Flag": ""
  },
  {
    "ID Number": "14701014",
    "Name": "Oimahmadov, Sulaimon",
    "Fed": "TJK",
    "Sex": "M",
    "Title": "",
    "WTit": "",
    "OTit": "",
    "FOA": "1933",
    "Rating": "AUG25",
    "Gms": "6",
    "K": "20",
    "B-day": "1974",
    "Flag": ""
  },
  {
    "ID Number": "14703157",
    "Name": "Okhunov, Umar",
    "Fed": "TJK",
    "Sex": "M",
    "Title": "",
    "WTit": "",
    "OTit": "",
    "FOA": "1624",
    "Rating": "AUG25",
    "Gms": "0",
    "K": "40",
    "B-day": "2014",
    "Flag": ""
  },
  {
    "ID Number": "14705133",
    "Name": "Qayumov, Komron",
    "Fed": "TJK",
    "Sex": "M",
    "Title": "",
    "WTit": "",
    "OTit": "",
    "FOA": "1656",
    "Rating": "AUG25",
    "Gms": "0",
    "K": "40",
    "B-day": "2009",
    "Flag": ""
  },
  {
    "ID Number": "14705400",
    "Name": "Rahimnazarov, Radmir",
    "Fed": "TJK",
    "Sex": "M",
    "Title": "",
    "WTit": "",
    "OTit": "",
    "FOA": "1587",
    "Rating": "AUG25",
    "Gms": "5",
    "K": "40",
    "B-day": "2016",
    "Flag": ""
  },
  {
    "ID Number": "14701740",
    "Name": "Rakhmonov, Shakhriyor",
    "Fed": "TJK",
    "Sex": "M",
    "Title": "",
    "WTit": "",
    "OTit": "",
    "FOA": "1418",
    "Rating": "AUG25",
    "Gms": "0",
    "K": "40",
    "B-day": "2009",
    "Flag": "i"
  },
  {
    "ID Number": "14704501",
    "Name": "Rustamov, Firdavs",
    "Fed": "TJK",
    "Sex": "M",
    "Title": "",
    "WTit": "",
    "OTit": "",
    "FOA": "1699",
    "Rating": "AUG25",
    "Gms": "0",
    "K": "40",
    "B-day": "2011",
    "Flag": ""
  },
  {
    "ID Number": "14704412",
    "Name": "Sabzaliev, Bunyod",
    "Fed": "TJK",
    "Sex": "M",
    "Title": "",
    "WTit": "",
    "OTit": "",
    "FOA": "1647",
    "Rating": "AUG25",
    "Gms": "6",
    "K": "40",
    "B-day": "1970",
    "Flag": ""
  },
  {
    "ID Number": "14704749",
    "Name": "Saidakramzoda, Ahmad",
    "Fed": "TJK",
    "Sex": "M",
    "Title": "",
    "WTit": "",
    "OTit": "",
    "FOA": "1445",
    "Rating": "AUG25",
    "Gms": "0",
    "K": "40",
    "B-day": "2017",
    "Flag": ""
  },
  {
    "ID Number": "14702959",
    "Name": "Saidov, Abdumadzhid",
    "Fed": "TJK",
    "Sex": "M",
    "Title": "",
    "WTit": "",
    "OTit": "",
    "FOA": "1475",
    "Rating": "AUG25",
    "Gms": "0",
    "K": "40",
    "B-day": "2011",
    "Flag": "i"
  },
  {
    "ID Number": "14704609",
    "Name": "Saidov, Imron",
    "Fed": "TJK",
    "Sex": "M",
    "Title": "",
    "WTit": "",
    "OTit": "",
    "FOA": "1524",
    "Rating": "AUG25",
    "Gms": "4",
    "K": "40",
    "B-day": "2010",
    "Flag": ""
  },
  {
    "ID Number": "14701235",
    "Name": "Saidov, Shohjahon",
    "Fed": "TJK",
    "Sex": "M",
    "Title": "",
    "WTit": "",
    "OTit": "",
    "FOA": "1782",
    "Rating": "AUG25",
    "Gms": "0",
    "K": "40",
    "B-day": "2006",
    "Flag": "i"
  },
  {
    "ID Number": "14701251",
    "Name": "Saidov, Shuhrat",
    "Fed": "TJK",
    "Sex": "M",
    "Title": "",
    "WTit": "",
    "OTit": "",
    "FOA": "1884",
    "Rating": "AUG25",
    "Gms": "0",
    "K": "20",
    "B-day": "1969",
    "Flag": ""
  },
  {
    "ID Number": "14701227",
    "Name": "Saidova, Rukhshona",
    "Fed": "TJK",
    "Sex": "F",
    "Title": "",
    "WTit": "",
    "OTit": "",
    "FOA": "1869",
    "Rating": "AUG25",
    "Gms": "0",
    "K": "20",
    "B-day": "2004",
    "Flag": "w"
  },
  {
    "ID Number": "14704366",
    "Name": "Saidzoda, Nuriolloh",
    "Fed": "TJK",
    "Sex": "M",
    "Title": "",
    "WTit": "",
    "OTit": "",
    "FOA": "1563",
    "Rating": "AUG25",
    "Gms": "7",
    "K": "40",
    "B-day": "2005",
    "Flag": ""
  },
  {
    "ID Number": "14703394",
    "Name": "Saifiev, Murodali",
    "Fed": "TJK",
    "Sex": "M",
    "Title": "",
    "WTit": "",
    "OTit": "",
    "FOA": "1509",
    "Rating": "AUG25",
    "Gms": "0",
    "K": "40",
    "B-day": "2017",
    "Flag": ""
  },
  {
    "ID Number": "14700360",
    "Name": "Sarkhadov, Ibrakhim",
    "Fed": "TJK",
    "Sex": "M",
    "Title": "",
    "WTit": "",
    "OTit": "",
    "FOA": "1627",
    "Rating": "AUG25",
    "Gms": "0",
    "K": "20",
    "B-day": "1957",
    "Flag": ""
  },
  {
    "ID Number": "14702355",
    "Name": "Sharifi, Khusrav",
    "Fed": "TJK",
    "Sex": "M",
    "Title": "",
    "WTit": "",
    "OTit": "",
    "FOA": "1774",
    "Rating": "AUG25",
    "Gms": "6",
    "K": "20",
    "B-day": "2004",
    "Flag": ""
  },
  {
    "ID Number": "14702363",
    "Name": "Sharifi, Mansur",
    "Fed": "TJK",
    "Sex": "M",
    "Title": "",
    "WTit": "",
    "OTit": "",
    "FOA": "1509",
    "Rating": "AUG25",
    "Gms": "4",
    "K": "40",
    "B-day": "2008",
    "Flag": ""
  },
  {
    "ID Number": "14701545",
    "Name": "Sharifov, Mekhriddin",
    "Fed": "TJK",
    "Sex": "M",
    "Title": "FM",
    "WTit": "",
    "OTit": "",
    "FOA": "2097",
    "Rating": "AUG25",
    "Gms": "0",
    "K": "20",
    "B-day": "2004",
    "Flag": "i"
  },
  {
    "ID Number": "14702975",
    "Name": "Shorakhmatov, Iskandar",
    "Fed": "TJK",
    "Sex": "M",
    "Title": "",
    "WTit": "",
    "OTit": "",
    "FOA": "1430",
    "Rating": "AUG25",
    "Gms": "3",
    "K": "40",
    "B-day": "2012",
    "Flag": ""
  },
  {
    "ID Number": "14700573",
    "Name": "Shukurov, Saodiddin",
    "Fed": "TJK",
    "Sex": "M",
    "Title": "",
    "WTit": "",
    "OTit": "",
    "FOA": "1888",
    "Rating": "AUG25",
    "Gms": "0",
    "K": "20",
    "B-day": "1977",
    "Flag": "i"
  },
  {
    "ID Number": "14704374",
    "Name": "Tolibova, Dilola",
    "Fed": "TJK",
    "Sex": "F",
    "Title": "",
    "WTit": "",
    "OTit": "",
    "FOA": "1667",
    "Rating": "AUG25",
    "Gms": "0",
    "K": "40",
    "B-day": "2008",
    "Flag": "w"
  },
  {
    "ID Number": "14702428",
    "Name": "Uzoqov, Nasimjon",
    "Fed": "TJK",
    "Sex": "M",
    "Title": "",
    "WTit": "",
    "OTit": "",
    "FOA": "1648",
    "Rating": "AUG25",
    "Gms": "0",
    "K": "20",
    "B-day": "2001",
    "Flag": ""
  },
  {
    "ID Number": "14704668",
    "Name": "Vahobov, Kamronbek",
    "Fed": "TJK",
    "Sex": "M",
    "Title": "",
    "WTit": "",
    "OTit": "",
    "FOA": "1531",
    "Rating": "AUG25",
    "Gms": "0",
    "K": "40",
    "B-day": "2009",
    "Flag": ""
  },
  {
    "ID Number": "14701464",
    "Name": "Vatanov, Alikhmad",
    "Fed": "TJK",
    "Sex": "M",
    "Title": "",
    "WTit": "",
    "OTit": "",
    "FOA": "1604",
    "Rating": "AUG25",
    "Gms": "0",
    "K": "20",
    "B-day": "1942",
    "Flag": "i"
  },
  {
    "ID Number": "14700824",
    "Name": "Vatanov, Khurshed",
    "Fed": "TJK",
    "Sex": "M",
    "Title": "",
    "WTit": "FI",
    "OTit": "",
    "FOA": "1638",
    "Rating": "AUG25",
    "Gms": "0",
    "K": "20",
    "B-day": "1969",
    "Flag": ""
  },
  {
    "ID Number": "14702924",
    "Name": "Voskolovich, Bogdan",
    "Fed": "TJK",
    "Sex": "M",
    "Title": "",
    "WTit": "",
    "OTit": "",
    "FOA": "1693",
    "Rating": "AUG25",
    "Gms": "6",
    "K": "40",
    "B-day": "2011",
    "Flag": ""
  },
  {
    "ID Number": "14704960",
    "Name": "Yablokov, Luka",
    "Fed": "TJK",
    "Sex": "M",
    "Title": "",
    "WTit": "",
    "OTit": "",
    "FOA": "1418",
    "Rating": "AUG25",
    "Gms": "1",
    "K": "40",
    "B-day": "2015",
    "Flag": ""
  },
  {
    "ID Number": "14704900",
    "Name": "Yorova, Bakhtigul",
    "Fed": "TJK",
    "Sex": "F",
    "Title": "",
    "WTit": "",
    "OTit": "",
    "FOA": "1503",
    "Rating": "AUG25",
    "Gms": "0",
    "K": "40",
    "B-day": "2012",
    "Flag": "w"
  },
  {
    "ID Number": "14700930",
    "Name": "Yunusov, Mukhammad",
    "Fed": "TJK",
    "Sex": "M",
    "Title": "",
    "WTit": "NA",
    "OTit": "",
    "FOA": "1889",
    "Rating": "AUG25",
    "Gms": "6",
    "K": "20",
    "B-day": "1999",
    "Flag": ""
  },
  {
    "ID Number": "14704528",
    "Name": "Yusupova, Yasminakhon",
    "Fed": "TJK",
    "Sex": "F",
    "Title": "",
    "WTit": "",
    "OTit": "",
    "FOA": "1428",
    "Rating": "AUG25",
    "Gms": "7",
    "K": "40",
    "B-day": "2013",
    "Flag": "w"
  },
  {
    "ID Number": "14703769",
    "Name": "Zaripov, Muhammad",
    "Fed": "TJK",
    "Sex": "M",
    "Title": "",
    "WTit": "",
    "OTit": "",
    "FOA": "1731",
    "Rating": "AUG25",
    "Gms": "0",
    "K": "40",
    "B-day": "2009",
    "Flag": ""
  },
  {
    "ID Number": "14700131",
    "Name": "Ziyaev, Negmat",
    "Fed": "TJK",
    "Sex": "M",
    "Title": "",
    "WTit": "",
    "OTit": "",
    "FOA": "1968",
    "Rating": "AUG25",
    "Gms": "0",
    "K": "20",
    "B-day": "1951",
    "Flag": "i"
  }
]