ID Number,Name,Fed,Sex,Title,WTit,OTit,Rating,Gms,K,RatingMonth,B-day,Flag
13535234,"Abakunchyk, Akim",BLR,M,,,,1605,7,40,SEP25,2013,
13505700,"Abramenko, Sergey",BLR,M,,,,2066,0,20,SEP25,1989,i
13517775,"Abramenko, Vladimir",BLR,M,,,,1610,0,20,SEP25,2005,i
13519883,"Abramov, Vladimir",BLR,M,,,,1525,0,40,SEP25,2005,i
13512609,"Abrazevich, Yauheni",BLR,M,,,,1877,0,20,SEP25,2005,i
13539531,"Adamenya, Timofei",BLR,M,,,,1411,0,40,SEP25,2004,
13538594,"Ageev, Alexander",BLR,M,,,,1495,0,40,SEP25,2012,
13506544,"Agrafenin, Andrey",BLR,M,,,,1996,0,20,SEP25,1988,i
13513850,"Ajusheva, Renata",BLR,F,,,,1710,0,20,SEP25,2006,w
13505467,"Akulenko, Artem",BLR,M,,,,2171,0,20,SEP25,1983,i
13526197,"Al Sheikh, Alena",BLR,M,,,,1575,0,20,SEP25,2004,i
13519956,"Alekperov, Sakhib",BLR,M,,,,1730,0,40,SEP25,2005,i
13500139,"Aleksandrov, Aleksej",BLR,M,GM,,,2415,0,10,SEP25,1973,
13517783,"Aleksandrovich, Maryna",BLR,F,,,,1606,0,20,SEP25,1975,wi
13521080,"Aleneu, Maksim",BLR,M,,,,1734,0,40,SEP25,2007,i
13516507,"Aleshko, Igor L",BLR,M,,,,1594,0,20,SEP25,1967,i
13516221,"Aleshko, Margarita",BLR,F,,,,1626,0,20,SEP25,2005,wi
13530208,"Alishevich, Aleksandr Vl",BLR,M,,,,1913,0,20,SEP25,2005,i
13502379,"Anatsko, Evgeniy",BLR,M,,,,2205,0,20,SEP25,1983,i
13514806,"Anchuk, Aleksandr",BLR,M,,,,1768,0,20,SEP25,1961,
13531395,"Anchukaitsis, Vitali",BLR,M,,,,1614,0,20,SEP25,1975,i
13517791,"Andreev, Andrei",BLR,M,,,,1940,0,20,SEP25,1993,i
13518275,"Andreev, Andrei L",BLR,M,,,,2074,0,20,SEP25,1954,i
13519328,"Andreev, Dmitri",BLR,M,,,,1483,0,40,SEP25,2009,i
13506625,"Andreev, Eduard",BLR,M,,,,1894,0,20,SEP25,1947,i
13515160,"Andreyeva, Tatsiana",BLR,F,,,,1783,0,20,SEP25,1977,wi
13511750,"Androsuk, Aleksey",BLR,M,,,,1959,0,40,SEP25,0,
13509713,"Andrukhovich, Anastasiya",BLR,F,,,,1871,0,20,SEP25,0,wi
13516183,"Andrukhovich, Elizaveta",BLR,F,,,,1710,0,40,SEP25,2007,wi
13534076,"Anisevich, Egor",BLR,M,,,,1515,0,20,SEP25,2004,i
13512960,"Aniskovich, Aleksandr",BLR,M,,,,1825,0,20,SEP25,1959,
13512650,"Anop, Aliaksandr",BLR,M,,,,1581,0,20,SEP25,2004,i
13533665,"Antonau, Platon",BLR,M,,,,1582,0,40,SEP25,2014,
13513869,"Antonovich, Aleksei",BLR,M,,,,1719,0,20,SEP25,1986,i
13507125,"Antonovich, Tatiana",BLR,F,,FA,,1809,0,20,SEP25,2000,wi
13537334,"Antsyporovich, Fedor",BLR,M,,,,1430,0,40,SEP25,2009,
13535315,"Apenok, Sofiya",BLR,F,,,,1454,0,40,SEP25,2012,w
13529749,"Arhipov, Roman",BLR,M,,,,1902,0,20,SEP25,2006,
13530798,"Arip, Talal",BLR,M,,,,1599,0,40,SEP25,2007,i
13526529,"Arkhipov, Roman",BLR,M,,,,1636,0,40,SEP25,2006,i
13505475,"Arlou, Valery",BLR,M,,,,1608,0,20,SEP25,1945,
13518933,"Arlova, Volha",BLR,F,,,,1486,0,40,SEP25,2009,wi
13528017,"Artamonov, Vladimir",BLR,M,,,,1887,0,20,SEP25,1951,i
13510045,"Artsiomau, Stanislau",BLR,M,,,,1954,0,20,SEP25,2002,i
13511270,"Asaulenko, Kirill",BLR,M,,,,1910,0,20,SEP25,0,i
13525050,"Asinski, Nikita",BLR,M,,,,1657,0,40,SEP25,2008,
13524810,"Askerka, Viktar",BLR,M,,,,1458,0,40,SEP25,2009,i
13522817,"Astapchyk, Darya",BLR,F,,,,1678,0,20,SEP25,2003,wi
13537083,"Astapenka, Artsiom",BLR,M,,,,1643,0,40,SEP25,2013,
13507010,"Astapenko, Ivan",BLR,M,,,,1881,0,20,SEP25,1974,i
13510088,"Astreiko, Alexander",BLR,M,,,,1707,0,20,SEP25,1998,i
13510975,"Astreiko, Anastasiya",BLR,F,,,,1746,0,20,SEP25,2002,wi
13531298,"Astrovski, Roman",BLR,M,,,,1786,0,40,SEP25,2012,
13537237,"Auchynnikau, Aliaksandr",BLR,M,,,,1598,0,40,SEP25,1953,i
13526391,"Auchynnikava, Maryia",BLR,F,,,,1431,0,40,SEP25,1988,w
13535242,"Avanesyan, Tigran",BLR,M,,,,1486,0,40,SEP25,2013,i
13511920,"Babenkov, Pavel",BLR,M,,,,1996,0,20,SEP25,1999,i
13526839,"Babich, Daniil",BLR,M,,,,1571,0,40,SEP25,2010,i
13519948,"Babrou, Aliaksandr",BLR,M,,,,1617,0,20,SEP25,1957,i
13519999,"Bachihsche, Rostislav",BLR,M,,,,1490,0,40,SEP25,2006,i
13536451,"Bachyla, Yauheniy",BLR,M,,,,1600,0,40,SEP25,2000,
13523708,"Bahdanau, Yauheni",BLR,M,,,,1611,0,40,SEP25,2008,i
13531875,"Bahdanovich, Mikhail",BLR,M,,,,1706,0,40,SEP25,2008,
13534866,"Bahdanovich, Pavel",BLR,M,,,,1552,0,20,SEP25,1998,i
13518801,"Bahrou, Artur",BLR,M,,,,1539,0,40,SEP25,2008,i
13536257,"Baidun, Tsimur",BLR,M,,,,1465,0,40,SEP25,2013,i
13539256,"Baikou, Arseni",BLR,M,,,,1535,0,40,SEP25,2010,
13505483,"Bakulin, Yury",BLR,M,,,,1984,0,20,SEP25,1964,i
13519743,"Balshakou, Ivan",BLR,M,,,,1590,0,40,SEP25,2007,i
13531883,"Balysh, Aliaksandr",BLR,M,,,,1477,0,20,SEP25,1974,i
13529765,"Bandarenka, Artsiom",BLR,M,,,,1650,0,20,SEP25,1991,i
13518810,"Bandarenka, Mikita",BLR,M,,,,1598,0,40,SEP25,2008,i
13539264,"Baran, Maksim",BLR,M,,,,1609,0,40,SEP25,2009,
13527231,"Baranov, Vasili",BLR,M,,,,1554,0,20,SEP25,1957,i
13504991,"Baranova, Valentina",BLR,F,,,,1532,0,20,SEP25,1946,w
13518623,"Baravik, Ilya",BLR,M,,,,1556,0,40,SEP25,2007,i
13538080,"Barayan, Arseni",BLR,M,,,,1493,0,40,SEP25,2012,
13538748,"Bareika, Artsiom",BLR,M,,,,1513,0,40,SEP25,2014,
13527657,"Bareka, Tatyana",BLR,F,,,,1426,0,40,SEP25,2007,wi
13519697,"Barguer, Alexey",BLR,M,,,,AFM,1630,0,SEP25,1973,i
13509357,"Barkovskiy, Aliaksandr",BLR,M,,,,1890,9,20,SEP25,2002,
13505688,"Barski, Viktar",BLR,M,,,,1886,0,20,SEP25,1993,i
13532634,"Bartash, Saveli",BLR,M,,,,1812,0,40,SEP25,2014,
13530321,"Bas, Marsel",BLR,M,,,,1753,0,40,SEP25,2009,
13513788,"Bashinski, Mikita",BLR,M,,,,1672,0,40,SEP25,2006,i
13505360,"Bavin, Leonid",BLR,M,,,,1814,0,20,SEP25,1947,i
13517961,"Bayarchuk,Aryna",BLR,F,,,,1528,0,40,SEP25,2005,wi
13523562,"Bazyma, Stsiapan",BLR,M,,,,1480,0,40,SEP25,2006,i
13507044,"Beinenson, Katsiaryna",BLR,F,WFM,WFM,,1959,0,20,SEP25,1998,wi
13536206,"Belava, Dzmitry",BLR,M,,,,1413,1,40,SEP25,2006,
13538292,"Beliakov, Maksim",BLR,M,,,,1403,0,40,SEP25,2010,
13513184,"Belmach, Dmitriy",BLR,M,,,,1654,0,20,SEP25,2005,i
13516191,"Belov, Mikhail",BLR,M,,,,1768,0,20,SEP25,2005,i
13523775,"Berillo, Denis",BLR,M,,,,1541,0,40,SEP25,2011,i
13528840,"Berillo, Pavel",BLR,M,,,,1639,9,40,SEP25,2014,
13505491,"Berlin, Dmitriy",BLR,M,,,,2030,0,20,SEP25,1975,i
13511700,"Berlin, Olga",BLR,F,,,,1821,0,20,SEP25,0,wi
13510428,"Beyma, Angelika",BLR,F,,,,1568,0,20,SEP25,2003,wi
13516531,"Bezenson, Aleksandr",BLR,M,,,,1653,0,20,SEP25,1962,i
13510703,"Bezenson, Anton",BLR,M,,,,1838,0,20,SEP25,2003,i
13541188,"Bialetski, Andrei",BLR,M,,,,1610,6,40,SEP25,1987,
13516930,"Bialevich, Maryia",BLR,F,,,,1550,0,40,SEP25,2006,wi
13516108,"Bialiauski, Artsiom",BLR,M,,,,2227,0,40,SEP25,2008,
13523732,"Bianchuk, Gleb",BLR,M,,,,1516,0,40,SEP25,2011,i
13523724,"Bianchuk, Kirill",BLR,M,,,,1591,0,40,SEP25,2008,i
13509551,"Bichun, Dmitri",BLR,M,,,,1864,0,20,SEP25,2002,i
13510711,"Biran, Anastasiya",BLR,F,,,,1706,0,20,SEP25,2004,wi
13528165,"Biriukov, Gleb",BLR,M,,,,1430,0,40,SEP25,2011,i
13533100,"Blokhin, Dmitriy",BLR,M,,,,1437,0,40,SEP25,1983,i
13525425,"Blokhin, Kiryl",BLR,M,,,,1418,0,40,SEP25,2012,i
13516990,"Bobov, Alersandr",BLR,M,,,,1825,0,20,SEP25,1956,i
13501143,"Bogatko, Tana",BLR,F,WFM,WFM,,2042,0,20,SEP25,1964,wi
13502638,"Bogdan, Ekaterina",BLR,F,WFM,WFM,,2030,0,20,SEP25,1993,wi
13526278,"Bogdanov, Evgeny",BLR,M,,,,1692,0,40,SEP25,2008,i
13501186,"Bogodukhov, Roman",BLR,M,,,,1702,6,20,SEP25,1991,
13536141,"Bogush, Kseniya",BLR,M,,,,1555,0,40,SEP25,2010,i
13523767,"Bohach, Stanislau",BLR,M,,,,1542,0,40,SEP25,2007,i
13525441,"Bohdan, Arseni",BLR,M,,,,1482,0,40,SEP25,2007,i
13530283,"Boika, Aliaksandr",BLR,M,,,,1621,0,40,SEP25,2013,
13537881,"Boika, Aliaksandr A",BLR,M,,,,1641,0,40,SEP25,1982,i
13537245,"Boika, Daniil",BLR,M,,,,1601,0,40,SEP25,2011,
13512773,"Boiko, Aleksei",BLR,M,,,,1824,0,20,SEP25,0,i
13504967,"Bolenkov, Vladimir",BLR,M,,,,1864,0,20,SEP25,1962,i
13524232,"Bolko, Yaramir",BLR,M,,,,1691,0,20,SEP25,2002,i
13525069,"Bolondz, Yan",BLR,M,,,,1651,0,40,SEP25,2007,i
13514423,"Bolotko, Aleksandr",BLR,M,,,,1767,0,20,SEP25,1984,i
13529501,"Bondar, Valeriy",BLR,M,,,,1479,0,40,SEP25,2010,i
13532987,"Bondarev, Roman",BLR,M,,,,1581,0,40,SEP25,2012,
13520008,"Borisenko, Ivan",BLR,M,,,,1780,0,20,SEP25,1997,i
13514342,"Borodin, Valerij",BLR,M,,,,1666,0,20,SEP25,2003,i
13523333,"Borodulin, Pavel",BLR,M,,,,1668,0,20,SEP25,2003,i
13520385,"Borovikova, Marija",BLR,F,,,,1825,0,40,SEP25,2008,w
13504703,"Borsuk, Yury",BLR,M,FM,FT,,2305,0,20,SEP25,1989,i
13526537,"Boyarin, Vlad",BLR,M,,,,1450,0,40,SEP25,2006,i
13527630,"Boyeu, Andrei",BLR,M,,,,1780,0,20,SEP25,1988,i
13516540,"Braichuk, Aliaksei",BLR,M,,,,1603,0,40,SEP25,2006,i
13516558,"Braichuk, Serge",BLR,M,,,,1545,0,20,SEP25,1978,i
13500490,"Brovko, Nadezhda",BLR,F,,,,1905,0,20,SEP25,1983,wi
13530577,"Brovko, Yan",BLR,M,,,,1533,0,40,SEP25,2008,
13526286,"Brutski, Denis",BLR,M,,,,1997,10,40,SEP25,2008,
13519662,"Brytsikau, Makar",BLR,M,,,,1785,0,40,SEP25,2008,
13533355,"Bryzitski, Dzmitry",BLR,M,,,,1548,0,20,SEP25,1987,
13503430,"Budkovsky, Dmitry",BLR,M,,,,2072,0,20,SEP25,1997,i
13508539,"Buevich, Anton",BLR,M,,,,1745,0,20,SEP25,0,i
13516655,"Buinitskij, Matvei",BLR,M,,,,1609,0,20,SEP25,2004,i
13522370,"Bukhavets, Ustin",BLR,M,,,,1506,0,40,SEP25,2007,i
13506382,"Bulanov, Dmitri",BLR,M,FM,,,2261,0,20,SEP25,1991,i
13535323,"Bulanova, Kira",BLR,F,,,,1482,7,40,SEP25,2014,w
13537342,"Bulanova, Yekaterina",BLR,F,,,,1405,0,40,SEP25,2017,w
13525484,"Buldovich, Raman",BLR,M,,,,1697,0,40,SEP25,2008,
13518038,"Burak, Aleksej",BLR,M,,,,1982,0,20,SEP25,1984,i
13517953,"Burak, Vyacheslav",BLR,M,,,,1657,0,40,SEP25,2009,
13532871,"Burbitskii, Ivan",BLR,M,,,,1638,0,40,SEP25,2008,i
13514652,"Burdilovski, Artem",BLR,M,,,,1708,0,20,SEP25,2001,i
13526561,"Burdyka, Maya",BLR,F,,,,1421,0,40,SEP25,2012,wi
13519131,"Bury, Gleb M",BLR,M,,,,1962,0,20,SEP25,1986,i
13509276,"Bury, Yahor",BLR,M,,,,1847,0,20,SEP25,2003,i
13520334,"Busel, Nikolay",BLR,M,,,,1666,0,20,SEP25,1954,
13510347,"Buzhan, Aleksandr",BLR,M,,,,1783,0,20,SEP25,1959,i
13514458,"Buzhan, Egor",BLR,M,,,,1473,0,20,SEP25,2002,i
13503235,"Buzuk, Rostislav",BLR,M,,,,1908,0,20,SEP25,1946,i
13534319,"Bychko, Oleg",BLR,M,,,,1434,0,40,SEP25,2011,i
13514954,"Bychkov, Nikolai",BLR,M,,,,1846,0,20,SEP25,1956,i
13500880,"Bystrov, Alexander",BLR,M,FM,,,2000,0,20,SEP25,1963,
13514920,"Casur, Jan",BLR,M,,,,1680,0,40,SEP25,2005,i
13521454,"Chapialiuk, Aliaksei",BLR,M,,,,1737,0,40,SEP25,2006,i
13515888,"Chebatarev, Danila",BLR,M,,,,1651,0,40,SEP25,2005,i
13520903,"Cheboganov, Mark",BLR,M,,,,1479,0,40,SEP25,2008,i
13537105,"Chechet, Matvei",BLR,M,,,,1595,0,40,SEP25,2013,
13534483,"Cheha, Yury",BLR,M,,,,1417,0,20,SEP25,1986,i
13519573,"Chenusha, Yury",BLR,M,,,,1671,0,40,SEP25,2009,i
13534122,"Cherapovich, Valery",BLR,M,,,,1702,0,20,SEP25,1953,i
13503650,"Cherepov, Alexej",BLR,M,CM,,,2015,0,20,SEP25,1982,
13535455,"Cherepovich, Valeriy",BLR,M,,,,1579,0,20,SEP25,1953,i
13529021,"Cherevashko, Vladislav",BLR,M,,,,1632,0,40,SEP25,2009,
13538969,"Chernov, Vladimir",BLR,M,,,,1831,0,40,SEP25,1950,
13536613,"Chervanets, Avinir",BLR,M,,,,1727,0,40,SEP25,1950,
13522507,"Chervonnikau, Artsemi",BLR,M,,,,1898,0,20,SEP25,1999,i
13526340,"Cheshko, Darya",BLR,F,,,,1603,0,40,SEP25,2008,w
13517309,"Chicherova, Kristina",BLR,F,,,,1621,0,40,SEP25,2005,wi
13523040,"Chislov, Sergey",BLR,M,,,,1838,0,40,SEP25,2010,
13502026,"Chubarov, Alexei",BLR,M,,,,1890,0,20,SEP25,1992,i
13517503,"Chugaevsky, Pantelei",BLR,M,,,,1792,0,20,SEP25,1946,i
13511840,"Chukhonski, Pavel",BLR,M,,,,1705,0,20,SEP25,0,i
13520482,"Chuprynenka, Yauheni",BLR,M,,,,1810,0,20,SEP25,2005,
13518828,"Chystsiakou, Mikita",BLR,M,,,,1686,0,20,SEP25,2005,i
13518836,"Chyzhou, Kiryl",BLR,M,,,,1801,0,20,SEP25,2004,i
13511149,"Dabkene, Tatiana",BLR,F,,,,1757,0,20,SEP25,0,wi
13507290,"Dabkus, Roman",BLR,M,,,,1884,0,20,SEP25,1994,i
13520474,"Dadakhonau, Daulat",BLR,M,,,,1549,0,40,SEP25,2007,i
13522531,"Daineka, Leanid",BLR,M,,,,1748,0,20,SEP25,1974,
13520660,"Dalatsenka, Volha",BLR,F,,,,1501,0,40,SEP25,2008,wi
13520016,"Dalidovich, Vlada",BLR,M,,,,1520,0,40,SEP25,2005,i
13536559,"Damnitski, Uladzislau",BLR,M,,,,1651,8,40,SEP25,2016,
13521381,"Danchanka, Zlata",BLR,F,,,,1765,0,20,SEP25,2005,wi
13522540,"Danilava, Varvara",BLR,M,,,,1723,0,40,SEP25,2005,i
13537253,"Darafeyeu	, Viachaslau",BLR,M,,,,1765,0,40,SEP25,1969,i
13535420,"Darafeyuk, Kanstantsin",BLR,M,,,,1453,0,40,SEP25,2009,i
13525026,"Darashkevich, Yahor",BLR,M,,,,1633,0,40,SEP25,2008,i
13529196,"Darokhin, Dary",BLR,M,,,,1605,0,40,SEP25,2012,
13534491,"Daroshka, Vitali",BLR,M,,,,1441,0,40,SEP25,1990,i
13534653,"Dashkevich, Henadzi",BLR,M,,,,1450,0,20,SEP25,1976,i
13513605,"Datsun, Nadezhda",BLR,F,,,,1755,0,20,SEP25,2000,wi
13539280,"Dauzhenka, Uladzimir",BLR,M,,,,1511,0,40,SEP25,1952,
13506005,"Davidchik, Alexandr",BLR,M,,,,2056,0,20,SEP25,1992,i
13518844,"Davydau, Andrei",BLR,M,,,,1581,0,40,SEP25,2008,i
13500198,"Davydiuk, Stepan",BLR,M,FM,,,2237,0,20,SEP25,1947,i
13512200,"Davydov, Aleksandr",BLR,M,,,,1763,0,20,SEP25,1999,i
13517805,"Davydov, Dominik",BLR,M,,,,1580,0,40,SEP25,2005,i
13508547,"Deblik, Oleg",BLR,M,,,,1784,0,20,SEP25,1982,i
13518283,"Dedkov, Andrej",BLR,M,,,,1521,0,20,SEP25,1983,i
13534505,"Deineka, Andrei",BLR,M,,,,1496,5,40,SEP25,2011,
13515179,"Dekalchik, Aleksandr",BLR,M,,,,1762,0,20,SEP25,1980,i
13515977,"Demidov, Vladimir",BLR,M,,,,1777,0,20,SEP25,1929,i
13520180,"Demin, Pavel",BLR,M,,,,1732,0,20,SEP25,1995,i
13507230,"Denisenok, Sergey",BLR,M,,,,1999,0,20,SEP25,0,i
13516590,"Deruga, Mikhail",BLR,M,,,,1535,0,20,SEP25,1957,i
13506692,"Deshchits, Alexei",BLR,M,,,,1923,0,20,SEP25,1989,i
13516604,"Dmitrienko, Valentin",BLR,M,,,,1865,0,20,SEP25,1959,i
13529420,"Dmukhovskaya, Eva",BLR,M,,,,1435,0,40,SEP25,2011,
13516256,"Dolbiev, Vladimir",BLR,M,,,,1751,0,20,SEP25,1970,i
13510096,"Dolbieva, Ksenia",BLR,F,,,,1945,0,20,SEP25,2001,wi
13525077,"Dolotenko, Olga",BLR,F,,,,1585,0,40,SEP25,2008,wi
13519581,"Domarkov, Aleksei",BLR,M,,,,1772,0,20,SEP25,1958,i
13534670,"Dorofeev, Viacheslav",BLR,M,,,,1632,0,20,SEP25,1969,
13539590,"Doroshenko, Vladislav",BLR,M,,,,1448,0,40,SEP25,2002,
13520695,"Douhi, Ivan",BLR,M,,,,1502,0,40,SEP25,2008,i
13510177,"Drapun, Aleksandr",BLR,M,,,,1882,0,20,SEP25,2001,i
13537156,"Dratsevich, Darya",BLR,F,,,,1553,0,40,SEP25,2012,w
13538977,"Drazdovich, Alena",BLR,F,,,,1503,0,40,SEP25,1951,w
13538659,"Drazhyna, Palina",BLR,F,,,,1463,0,40,SEP25,2014,w
13524747,"Drobyshev, Vladislav",BLR,M,,,,1429,0,40,SEP25,2010,i
13511041,"Drobyshevsky, Vasily",BLR,M,,,,AGM,1651,0,SEP25,1979,
13529781,"Drozd , Alexandr",BLR,M,,,,1856,0,40,SEP25,2012,
13519930,"Dubiaha, Stanislau",BLR,M,,,,1617,0,40,SEP25,2005,i
13535250,"Dubina, Yauheni",BLR,M,,,,1843,0,40,SEP25,2014,
13535390,"Dubina, Yuliya",BLR,F,,,,1506,0,40,SEP25,2010,wi
13514873,"Dubitskiy, Konstantin",BLR,M,,,,1715,0,20,SEP25,1952,i
13517481,"Dubovik, Aleksandr",BLR,M,,,,1623,0,20,SEP25,1956,i
13513559,"Dubovik, Maria",BLR,F,,,,1623,0,40,SEP25,2007,wi
13522558,"Dubovskiy, Ian",BLR,M,,,,1737,0,20,SEP25,2005,
13538322,"Dudin, Alexander",BLR,M,,,,1434,0,40,SEP25,2016,
13539116,"Dudina, Maria",BLR,F,,,,1439,0,40,SEP25,2013,w
13513907,"Dudinskaya, Alena",BLR,M,,,,1665,0,40,SEP25,2005,i
13507079,"Dvurechensky, Viacheslav",BLR,M,,,,1902,0,20,SEP25,1958,i
13500031,"Dydyshko, Viacheslav",BLR,M,GM,,,2428,0,10,SEP25,1949,i
13521845,"Dyl, Nikita",BLR,M,,,,1715,0,20,SEP25,2005,i
13524305,"Dzelnik, Yana",BLR,F,,,,1650,0,40,SEP25,2010,w
13541196,"Dzenisevich, Katsiaryna",BLR,F,,,,1538,6,40,SEP25,2016,w
13536079,"Dzeviatnikava, Marharyta",BLR,F,,,,1620,0,40,SEP25,2014,w
13521730,"Dzianishchyk, Anton",BLR,M,,,,1503,0,40,SEP25,2010,i
13520652,"Dziarkach, Aliaksandr",BLR,M,,,,1997,0,40,SEP25,2009,
13532111,"Dziomin, Pavel",BLR,M,,,,1403,0,20,SEP25,1985,i
13534130,"Dzmitryienka, Valiantsin",BLR,M,,,,1700,0,20,SEP25,1959,i
13516566,"Edchyk, Sviatoslav",BLR,M,,,,1868,0,20,SEP25,1978,i
13500210,"Eidelson, Rakhil",BLR,F,WGM,WGM,,1888,0,20,SEP25,1958,w
13531620,"Elberg, Mikhail",BLR,M,,,,1488,0,40,SEP25,2012,i
13501240,"Elkin, Leonid",BLR,M,,,,2047,0,20,SEP25,1977,i
13528114,"Elyashevich, Zakhar",BLR,M,,,,1730,0,40,SEP25,2012,
13511238,"Emchenko, Makar",BLR,M,,,,1775,0,20,SEP25,2001,
13517490,"Emeljanenko, Rostislav",BLR,M,,,,1719,0,20,SEP25,2002,i
13514768,"Emelyanovich, Maksim",BLR,M,,,,1690,0,20,SEP25,2004,i
13533916,"Ermakov, Andrei",BLR,M,,,,1502,0,40,SEP25,2009,i
13514962,"Ermakovich, Dmitriy",BLR,M,,,,1750,0,20,SEP25,1984,i
13521829,"Ermakovich, Evgeny",BLR,M,,,,1616,0,40,SEP25,2009,
13517813,"Ermolovich, Aleksandr",BLR,M,,,,1488,0,20,SEP25,1988,i
13504070,"Ermoshuk, Oleg",BLR,M,,,,2184,0,20,SEP25,1986,i
13500279,"Erotski, Walerij",BLR,M,,,,2018,0,20,SEP25,1956,i
13519751,"Ersh, Andrei",BLR,M,,,,1611,0,40,SEP25,2006,i
13538985,"Famin, Vasily",BLR,M,,,,1634,0,40,SEP25,1949,
13518860,"Fateev, Artem",BLR,M,,,,1833,0,20,SEP25,2003,i
13518879,"Fazylov, Valeri",BLR,M,,,,1671,0,20,SEP25,1948,i
13530640,"Fedarovich, Artur",BLR,M,,,,1498,0,40,SEP25,2011,i
13526294,"Fedaruk, Tsimafei",BLR,M,,,,1886,0,40,SEP25,2007,
13500465,"Fedorov, Alexei",BLR,M,GM,,,2475,0,10,SEP25,1972,
13502700,"Fedoseev, Viktor",BLR,M,,,,1852,0,20,SEP25,1954,
13537024,"Fedotova, Anastasia",BLR,F,,,,1586,0,40,SEP25,2013,w
13503740,"Fiadosenka, Rahneda",BLR,F,,,,1991,0,20,SEP25,1998,wi
13507702,"Fidek, Alexei",BLR,M,,,,1748,0,20,SEP25,0,
13521055,"Filichkin, Ilya",BLR,M,,,,1516,0,40,SEP25,2008,i
13515985,"Filimonau, Dzmitry",BLR,M,,,,2026,0,20,SEP25,1974,i
13503928,"Filipets, Egor",BLR,M,FM,,,2222,0,20,SEP25,1998,
13535714,"Filippov, Maxim",BLR,M,,,,1546,0,40,SEP25,2002,i
13526480,"Filonchyk, Artsiom",BLR,M,,,,1638,0,40,SEP25,2005,i
13514881,"Fonarikova, Vera",BLR,M,,,,1627,0,20,SEP25,1938,i
13528009,"Fralou, Pavel",BLR,M,,,,1491,0,40,SEP25,2010,i
13540688,"Fridkin, Aleksandr",BLR,M,,,,1522,0,40,SEP25,2014,
13527258,"Gaiduk, Egor",BLR,M,,,,1472,0,40,SEP25,2008,i
13512692,"Galkin, Gleb",BLR,M,FM,,,2149,0,20,SEP25,2005,i
13506013,"Ganichev, Aleksei",BLR,M,,,,1896,0,20,SEP25,1989,i
13516230,"Gannik, Daria",BLR,F,,,,1594,0,20,SEP25,2003,wi
13516264,"Garbar, Aleksandr",BLR,M,,,,1656,0,20,SEP25,2003,i
13522795,"Gasparian, Siarhei",BLR,M,,,,1940,9,40,SEP25,2009,
13514970,"Gerashchenko, Nikita",BLR,M,,,,1515,0,20,SEP25,2002,i
13539302,"Gerasimovich, Yagor",BLR,M,,,,1493,0,40,SEP25,2015,
13533525,"Gerasimuk, Viktoriya",BLR,F,,,,1401,0,40,SEP25,2008,wi
13501097,"Ginzburg, Mikhail",BLR,M,FM,,,2195,0,20,SEP25,1981,i
13527266,"Giruev, Konstantin",BLR,M,,,,1521,0,40,SEP25,2011,
13532731,"Girueva, Olga",BLR,F,,,,1432,0,40,SEP25,2008,wi
13522485,"Glazkova, Uliana",BLR,F,,,,1584,0,20,SEP25,2002,wi
13527274,"Glebov, Denis",BLR,M,,,,1559,0,40,SEP25,2009,i
13527738,"Golodushko, German",BLR,M,,,,1450,0,40,SEP25,2009,i
13531301,"Golubev, Ilya",BLR,M,,,,1484,0,40,SEP25,2012,
13512978,"Golubev, Vladimir",BLR,M,,,,1907,0,20,SEP25,1955,
13532995,"Goman, Aleksei",BLR,M,,,,1426,0,40,SEP25,2008,i
13514083,"Goncharov, Evgeni",BLR,M,,,,1723,0,40,SEP25,2005,i
13515993,"Goncharov, Igor",BLR,M,,,,1555,0,20,SEP25,1955,i
13523686,Goncharova Alina,BLR,F,,,,1491,0,40,SEP25,2012,w
13523678,"Goncharova, Alisa",BLR,F,,,,1492,0,40,SEP25,2012,w
13535633,"Gorbach, Valentin",BLR,M,,,,1420,0,40,SEP25,2004,i
13524321,"Gorbaty, Ilya",BLR,M,,,,1687,0,20,SEP25,2003,i
13502107,"Gordeenja, Valerij",BLR,M,,,,1926,0,20,SEP25,1962,i
13533924,"Gormash, Maksim",BLR,M,,,,1488,0,40,SEP25,2008,i
13504037,"Gorovets, Andrey",BLR,M,GM,,,2535,0,10,SEP25,1987,i
13536087,"Gorshkova, Gloriya",BLR,F,,,,1522,0,40,SEP25,2013,w
13538993,"Govar, Aleksei",BLR,M,,,,1504,0,40,SEP25,1955,
13503960,"Goyd, Vitali",BLR,M,,,,1835,0,20,SEP25,1998,i
13512307,"Grankovsky, Dmitry",BLR,M,,,,1788,0,20,SEP25,1967,i
13507737,"Gretski, Anton",BLR,M,,,,1791,0,20,SEP25,0,i
13506706,"Grib, Roman",BLR,M,IM,,,2356,0,10,SEP25,1996,i
13515217,"Gribkov, Sergei",BLR,M,,,,1829,0,20,SEP25,1985,i
13535722,"Grin, Dmitriy",BLR,M,,,,1538,0,40,SEP25,2007,i
13539329,"Griniuk, Mikhail",BLR,M,,,,1604,0,40,SEP25,2016,
13538500,Griniuyk Aleksandr,BLR,M,,,,1469,0,40,SEP25,1980,
13538144,Grinuk Mihail,BLR,M,,,,1530,8,40,SEP25,2016,
13517830,"Grushchenkova, Varvara",BLR,F,,,,1471,0,20,SEP25,2006,wi
13525085,"Gruzdov, Aleksei",BLR,M,,,,1516,0,40,SEP25,2006,i
13522388,"Guk, Aleksandr",BLR,M,,,,1634,0,40,SEP25,2007,i
13526910,"Gul, Andrei",BLR,M,,,,1583,0,40,SEP25,2007,i
13514814,"Gul, Anton",BLR,M,,,,1951,0,20,SEP25,2002,i
13518593,"Gul, Galina",BLR,F,,,,1716,0,20,SEP25,1956,wi
13509942,"Gulik, Igor",BLR,M,,,,1706,0,20,SEP25,1963,i
13534688,"Gulyaev, Kirill",BLR,M,,,,1706,0,20,SEP25,1993,i
13519298,"Gurman, Pavel",BLR,M,,,,1704,0,40,SEP25,2005,i
13527860,"Guryev, Yan",BLR,M,,,,1635,0,40,SEP25,2011,i
13516000,"Gusev, Leonid",BLR,M,,,,1705,0,20,SEP25,1954,i
13504584,"Gutsko, Nikolai",BLR,M,FM,,,2217,0,20,SEP25,1948,i
13517848,"Guzei, Aleksandr",BLR,M,,,,1732,0,20,SEP25,1984,i
13521217,"Gvozdev, Timur",BLR,M,,,,2002,0,40,SEP25,2008,
13523414,"Haladziuk, Uladzislau",BLR,M,,,,1432,0,40,SEP25,2009,i
13527606,"Halavan, Ihar",BLR,M,,,,1476,0,40,SEP25,2013,i
13527592,"Halavan, Uladzimir",BLR,M,,,,1715,0,40,SEP25,2011,
13529145,"Halavaty, Maksim",BLR,M,,,,1800,0,20,SEP25,1997,i
13512625,"Halian, Andrei",BLR,M,,,,2085,0,20,SEP25,1979,i
13514890,"Halian, Artsiom",BLR,M,,,,1815,0,20,SEP25,2004,i
13521039,"Halian, Palina",BLR,F,,,,1643,0,40,SEP25,2007,wi
13520199,"Halian, Polina",BLR,M,,,,1570,0,40,SEP25,2007,i
13511165,"Halouchyts, Karalina",BLR,F,,,,1747,0,20,SEP25,2005,wi
13517988,"Hamanchuk,Maksim",BLR,M,,,,1470,0,40,SEP25,2005,i
13526111,"Hamanko, Daniil",BLR,M,,,,1416,0,40,SEP25,2012,i
13519166,"Hamzovich, Natallia",BLR,F,,,,1498,0,20,SEP25,1971,w
13516442,"Hancharou, Yauheni",BLR,M,,,,1768,0,20,SEP25,2005,i
13520415,"Hanetski, Dzmitry",BLR,M,,,,1548,0,40,SEP25,2007,i
13534858,"Hankou, Aliaksandr",BLR,M,,,,1483,0,40,SEP25,2012,
13517260,"Harbar, Aliaksandr",BLR,M,,,,1606,0,20,SEP25,2003,i
13520954,"Harbuz, Yaraslau",BLR,M,,,,1605,0,40,SEP25,2009,i
13516809,"Harelyshau, Pavel",BLR,M,,,,1717,0,20,SEP25,2003,i
13509837,"Harkevich, Anton",BLR,M,,,,1642,0,20,SEP25,2002,i
13518194,"Harkevich, Pavel",BLR,M,,,,1779,0,20,SEP25,1974,i
13535730,"Harlatau, Dzmitry",BLR,M,,,,1691,0,20,SEP25,1981,
13504770,"Harshkou, Mikita",BLR,M,FM,,,2199,0,20,SEP25,1994,i
13527770,"Harus, Andrei",BLR,M,,,,1666,0,20,SEP25,1979,i
13519603,"Haurushyn, Tsimafei",BLR,M,,,,1609,0,20,SEP25,2004,i
13502336,"Herasimovich, Volha",BLR,F,WGM,WGM,,2058,0,20,SEP25,1985,wi
13532235,"Hiruts, Mikalai",BLR,M,,,,1546,0,40,SEP25,2006,i
13530585,"Hlebau, Andrei",BLR,M,,,,1528,0,40,SEP25,2008,i
13530780,"Hlebau, Ivan",BLR,M,,,,1402,0,40,SEP25,2011,i
13514822,"Hmeluk, Pavel",BLR,M,,,,2117,0,20,SEP25,1996,i
13517333,"Hodzdanker, Mikhail",BLR,M,,,,1832,0,20,SEP25,1973,
13517120,"Hopka, Anastasiya",BLR,F,,,,1574,0,40,SEP25,2005,wi
13511432,"Horbach, Vasili",BLR,M,,,,1617,0,20,SEP25,1979,
13524313,"Horlau, Aliaksei",BLR,M,,,,1556,0,40,SEP25,2008,i
13520024,"Hretski, Anton",BLR,M,,,,1754,0,20,SEP25,1984,i
13527215,"Hrushka, Yauheni",BLR,M,,,,1507,0,40,SEP25,2011,i
13525557,"Hrybau, Yury",BLR,M,,,,1539,0,40,SEP25,2008,i
13525565,"Hrybava, Palina",BLR,F,,,,1488,0,20,SEP25,2003,wi
13511190,"Hrybchuk, Kiryl",BLR,M,,,,1871,0,20,SEP25,2002,i
13522566,"Hryshanau, Nikita",BLR,M,,,,1749,0,20,SEP25,2001,i
13534696,"Hryshkavets, Maksim",BLR,M,,,,1529,0,20,SEP25,1988,
13509683,"Hryshkov, Egor",BLR,M,,,,1736,0,40,SEP25,0,
13534700,"Hrytskou, Siarhei",BLR,M,,,,1437,0,20,SEP25,1981,i
13524240,"Hrytsuk, Uladzislau",BLR,M,,,,1878,0,20,SEP25,2003,i
13518755,"Hurman, Pavel",BLR,M,,,,1580,0,20,SEP25,2005,i
13517180,"Huryn, Valiantsin",BLR,M,,,,2257,0,20,SEP25,1968,i
13520911,"Husarau, Yahor",BLR,M,,,,1578,0,40,SEP25,2009,i
13523953,"Hutsaliuk, Varvara",BLR,F,,,,1429,0,40,SEP25,2011,wi
13512951,Hutsau Ilya,BLR,M,,,,1840,0,20,SEP25,2000,i
13531166,"Hvozdzeu, Raman",BLR,M,,,,1538,0,40,SEP25,2015,
13512803,"Iglitski, Evgeny",BLR,M,,,,1635,0,20,SEP25,0,i
13514369,"Ignatenko, Igor",BLR,M,,,,1735,0,20,SEP25,2006,i
13508407,"Ilyuchyk, Yana",BLR,F,WFM,WFM,NA,2071,0,20,SEP25,1999,wi
13518240,"Imbro, Aleksandr",BLR,M,,,,1863,0,20,SEP25,1978,i
13531263,"Ivanitski, Raman",BLR,M,,,,1496,0,40,SEP25,2011,i
13516701,"Ivaniuk, Anatoly",BLR,M,,,,1727,0,20,SEP25,1955,i
13511220,"Ivannikau, Maksim",BLR,M,,,,2124,0,20,SEP25,2001,i
13519611,"Ivanov, Anatoly",BLR,M,,,,1578,0,20,SEP25,1953,i
13524100,"Ivanova, Eva",BLR,F,,,,1510,0,40,SEP25,2009,wi
13506048,"Ivanova, Olga",BLR,F,,,,1927,0,20,SEP25,1993,wi
13540440,"Kachanava, Palina",BLR,F,,,,1543,0,40,SEP25,2009,w
13511939,"Kachanovski, Igor",BLR,M,,,,1858,0,20,SEP25,0,i
13519344,"Kachavy, Dzmitri",BLR,M,,,,1953,0,20,SEP25,1973,i
13536028,"Kaiser, Maxim",BLR,M,,,,1495,0,40,SEP25,2012,i
13526081,"Kakhanskaya, Kseniya",BLR,F,,,,1486,0,40,SEP25,2010,wi
13521438,"Kakhanski, Mikita",BLR,M,,,,1665,0,40,SEP25,2009,i
13530313,"Kakhno, Barys",BLR,M,,,,1807,0,40,SEP25,2012,
13537792,"Kalanchuk, Vasili",BLR,M,,,,1503,0,40,SEP25,2012,
13535404,"Kalendarova, Alina",BLR,M,,,,1527,0,40,SEP25,2009,
13519620,"Kalenski, Evgeny",BLR,M,,,,1702,0,20,SEP25,1987,i
13530054,"Kalesnikau, Vitali",BLR,M,,,,1698,0,20,SEP25,1949,i
13530437,"Kaliadzich, Ksenija",BLR,F,,,,1498,0,40,SEP25,2008,wi
13500015,"Kaliadzich, Maryia",BLR,F,,,,1989,0,20,SEP25,1996,wi
13540815,"Kalinouskaya, Viktoryia",BLR,F,,,,1569,0,40,SEP25,2014,w
13528505,"Kalinouski, Piotr",BLR,M,,,,1737,0,40,SEP25,2010,
13507060,"Kalinouski, Siarhei",BLR,M,,,,2010,0,20,SEP25,2000,i
13513486,"Kalinovskiy , Vladislav",BLR,M,,,,1889,0,20,SEP25,1999,i
13532758,"Kaloshits, Ksenya",BLR,F,,,,1410,0,40,SEP25,2013,wi
13528327,"Kamarouski, Leu",BLR,M,,,,1467,0,40,SEP25,2012,i
13510525,"Kamchytski, Alexandr",BLR,M,,,,1908,0,20,SEP25,2003,i
13510363,"Kameko, Aleksandr",BLR,M,,,,2096,0,20,SEP25,1958,
13516906,"Kandarevich, Aleh",BLR,M,,,,1806,0,20,SEP25,1981,i
13523236,"Kandarevich, Nikita",BLR,M,,,,1677,0,40,SEP25,2011,
13536281,"Kandrashevich, Artsiom",BLR,M,,,,1416,0,40,SEP25,2011,i
13529722,"Kandrashevich, Viachaslau",BLR,M,,,,1458,0,40,SEP25,2013,
13515136,"Kandratovich, Aliaksandr",BLR,M,,,,1445,0,40,SEP25,2006,i
13528513,"Kandratsenka, Darya",BLR,F,,,,1529,0,20,SEP25,2003,w
13522345,"Kaniusheuski, Raman",BLR,M,,,,1755,0,40,SEP25,2007,
13539353,"Kanopchanka, Anastasiya",BLR,F,,,,1438,13,40,SEP25,2014,w
13504673,"Kapelchik, Andrei",BLR,M,,,,1906,0,20,SEP25,0,i
13532863,"Kaplun, Barys",BLR,M,,,,1576,0,40,SEP25,2005,i
13519360,"Kapylets, Mikhail",BLR,M,,,,1476,0,40,SEP25,2009,i
13514172,"Karas, Andrei",BLR,M,,,,1706,0,40,SEP25,2005,i
13517074,"Karenik, Ilya",BLR,M,,,,1753,0,20,SEP25,2005,i
13512994,"Karenski, Arseniy",BLR,M,,,,1654,0,20,SEP25,2004,i
13516752,"Karenski, Vsevolod",BLR,M,,,,1438,0,40,SEP25,2006,i
13524194,"Karmishyn, Vadzim",BLR,M,,,,1687,0,20,SEP25,1991,i
13516116,"Karnaushanka, Yury",BLR,M,,,,1930,0,20,SEP25,1986,i
13524330,"Karpenkov, Mikhail",BLR,M,,,,1512,0,20,SEP25,1990,i
13517147,"Karpesh, Pavel",BLR,M,,,,1596,0,40,SEP25,2005,i
13523112,"Karpinskaya, Aryna",BLR,F,,,,1624,0,40,SEP25,2010,w
13523120,"Karpinski, Mikhail",BLR,M,,,,1455,0,40,SEP25,2010,i
13536109,"Karpyza, Sofiya",BLR,F,,,,1567,0,40,SEP25,2012,w
13539361,"Karsiuk, Yaraslau",BLR,M,,,,1670,0,40,SEP25,2006,
13540904,"Karzhaneuski, Yahor",BLR,M,,,,1474,0,40,SEP25,2012,
13526758,"Karzhov, Artem",BLR,M,,,,1563,0,40,SEP25,2009,i
13536354,"Kashkan, Andrei",BLR,M,,,,1758,0,20,SEP25,1971,
13507788,"Kashtelyan, Valentin",BLR,M,,,,1770,0,20,SEP25,1938,i
13526774,"Kasperovich, Aleksandra",BLR,F,,,,1763,0,40,SEP25,2013,w
13513915,"Kasperovich, Mikhail",BLR,M,,,,1682,0,20,SEP25,2005,
13519638,"Kasperovich, Valery",BLR,M,,,,1629,7,40,SEP25,2008,
13533002,"Kastornov, Yaromir",BLR,M,,,,1439,0,40,SEP25,2006,i
13539000,"Kastsiukovich, Kanstantsin",BLR,M,,,,1648,0,40,SEP25,1956,
13514059,"Katashuk, Lana",BLR,F,,,,1716,0,20,SEP25,2005,wi
13505432,"Katashuk, Uladzislau",BLR,M,FM,,,2014,0,20,SEP25,1975,
13535463,"Kavaleuski, Siarhei",BLR,M,,,,1449,0,40,SEP25,2009,i
13535013,"Kavgarenia, Darya",BLR,F,,,,1552,7,40,SEP25,2009,w
13518887,"Kazachenka, Ilya",BLR,M,,,,1743,0,20,SEP25,2002,i
13513427,"Kazachenka, Maryia",BLR,F,,,,1623,0,20,SEP25,2006,wi
13515632,"Kazak, Sergei",BLR,M,,,,1660,0,20,SEP25,1983,i
13537261,"Kazak, Siamion",BLR,M,,,,1582,7,40,SEP25,2016,
13536486,"Kazakova, Sviatlana",BLR,F,,,,1470,0,40,SEP25,1973,wi
13500910,"Kazantsev, Valentin",BLR,M,,,,1861,0,20,SEP25,1946,
13536591,"Kazhukhar, Varvara",BLR,F,,,,1453,0,40,SEP25,2014,w
13537270,"Kazlou, Albert",BLR,M,,,,1611,3,40,SEP25,2012,
13533134,"Kazlou, Petr",BLR,M,,,,1863,0,40,SEP25,2012,
13527401,"Kazlou, Yahor",BLR,M,,,,1491,0,40,SEP25,2009,i
13530372,"Kazlouskaya, Natalia",BLR,F,,,,1478,0,40,SEP25,2010,w
13529960,"Kechko, Semen",BLR,M,,,,1473,0,40,SEP25,2013,
13538276,"Khainiuk, Yauheni",BLR,M,,,,1538,0,40,SEP25,1985,
13520733,"Khajutin, Grigorij",BLR,M,,,,2149,0,20,SEP25,1968,i
13521950,"Khakhlou, Arseni",BLR,M,,,,1644,0,40,SEP25,2010,
13517031,"Khaletski, Ihar",BLR,M,,,,1627,0,40,SEP25,2007,i
13512668,Khalupka Daniil,BLR,M,,,,1814,0,20,SEP25,2003,i
13531271,"Khamitsevich, Pavel",BLR,M,,,,1545,0,40,SEP25,2006,i
13503154,"Khamitskiy, Sergei",BLR,M,IM,,,2175,0,20,SEP25,1981,i
13522396,"Kharitonchik, Nikolay",BLR,M,,,,1523,0,40,SEP25,2008,i
13524348,"Kharkevich, Konstantin",BLR,M,,,,1576,0,40,SEP25,2009,i
13510738,"Kharlamau, Uladzislau",BLR,M,,,,1659,0,20,SEP25,2003,i
13534718,"Khlebko, Ivan",BLR,M,,,,1496,0,40,SEP25,2010,i
13535439,"Khloptcev, Elizar",BLR,M,,,,1536,0,40,SEP25,2010,
13506650,"Khodas, Vikentsi",BLR,M,,,,1762,0,20,SEP25,1954,
13527525,"Kholiusev, Mikhail",BLR,M,,,,1830,10,40,SEP25,2011,
13522779,"Khomich , Nikita",BLR,M,,,,1939,0,40,SEP25,2006,i
13537890,"Khomich, Daniil",BLR,M,,,,1433,0,40,SEP25,2011,i
13518020,"Khomich, Maryna",BLR,F,,,,1699,0,40,SEP25,2008,wi
13529978,"Khoroshik, Rostisslav",BLR,M,,,,1404,0,40,SEP25,2014,i
13515144,"Khralovich, Herman",BLR,M,,,,1494,0,40,SEP25,2008,i
13515152,"Khralovich, Yulyan",BLR,M,,,,1635,0,20,SEP25,2005,i
13522515,"Khrustalev, Mikhail",BLR,M,,,,1435,0,40,SEP25,2010,
13536036,"Khrystsin, Viachaslau",BLR,M,,,,1646,0,40,SEP25,2013,
13513761,"Khudziakou, Uladzimir",BLR,M,,,,1504,0,40,SEP25,2005,i
13533282,"Khurs, Liavontsi",BLR,M,,,,1605,0,40,SEP25,1978,
13513745,"Khvarastsin, Kiryl",BLR,M,,,,1624,0,20,SEP25,2006,i
13523295,"Kiktsenka, Yaraslau",BLR,M,,,,1674,0,20,SEP25,2004,i
13515225,"Kireev, Mihail",BLR,M,,,,1720,0,20,SEP25,1944,
13516280,"Kirik, Petr",BLR,M,,,,1602,0,40,SEP25,2005,i
13512722,"Kirilin, Dmitrij",BLR,M,,,,2078,0,20,SEP25,2002,i
13528807,"Kirpichou, Ivan",BLR,M,,,,1725,0,20,SEP25,2006,i
13534289,"Kirtchouk, Alyaksandr",BLR,M,,,,1488,0,40,SEP25,2006,i
13528335,"Kirychun, Raman",BLR,M,,,,1480,0,40,SEP25,2013,
13524402,"Kiryliuk, Ilya",BLR,M,,,,1977,0,20,SEP25,1998,i
13529803,"Kisialiou, Pavel",BLR,M,,,,1425,0,40,SEP25,2008,i
13521489,"Kisko, Saveli",BLR,M,,,,1594,0,40,SEP25,2008,i
13514679,"Kislach, Mikhail",BLR,M,,,,1797,0,20,SEP25,1996,i
13531220,"Kislejko, Maksim",BLR,M,,,,1490,0,40,SEP25,2013,i
13521071,"Kisliak, Tsimur",BLR,M,,,,1591,0,40,SEP25,2009,
13503774,"Kislov, Oleg",BLR,M,FM,,,2089,0,20,SEP25,1988,
13526936,"Kislyak, Timur",BLR,M,,,,1528,0,40,SEP25,2009,i
13527762,"Klachkou, Aliaksandr",BLR,M,,,,1856,0,20,SEP25,1965,i
13514180,"Klachkou, Platon",BLR,M,,,,1992,0,20,SEP25,2006,
13508717,"Klachkou, Tsimafei",BLR,M,,FA,,1918,0,20,SEP25,1999,
13524356,"Klimau, Andrei",BLR,M,,,,2006,0,20,SEP25,1998,i
13516019,"Klimenkov, Ivan",BLR,M,,,,1703,0,20,SEP25,1946,i
13517740,"Klimko, Rostislav",BLR,M,,,,1778,0,40,SEP25,2005,i
13535943,"Klimkov, Sergei",BLR,M,,,,1674,0,40,SEP25,1984,i
13537938,"Klimovich, Anton",BLR,M,,,,1527,0,40,SEP25,2016,
13517996,"Klimovich, Stanislau",BLR,M,,,,1617,0,40,SEP25,2005,i
13539604,"Klimovich, Vitovt",BLR,M,,,,1478,0,40,SEP25,2012,
13520032,"Klitsunov, Alexander",BLR,M,,,,1557,0,20,SEP25,1993,i
13517023,"Kliuchko, Kiryl",BLR,M,,,,1727,0,20,SEP25,2003,i
13536524,"Kliushnikau, Kiryl",BLR,M,,,,1537,0,40,SEP25,2013,
13517139,"Kliushyn, Aleh",BLR,M,,,,1780,0,20,SEP25,1972,i
13536044,"Kliyshnikov, Kiryl",BLR,M,,,,1408,0,40,SEP25,2013,i
13516981,"Kliza, Igor Mih",BLR,M,,,,2030,0,20,SEP25,1984,i
13503359,"Kliza, Mikhail",BLR,M,,,,1964,0,20,SEP25,1957,
13518895,"Kluchko, Kirill",BLR,M,,,,1724,0,20,SEP25,2003,i
13539388,"Klyushin, Oleg",BLR,M,,,,1465,5,40,SEP25,2013,
13533908,"Knysh, Mikhail",BLR,M,,,,1610,6,40,SEP25,2012,
13507842,"Kocheev, Aleksandr",BLR,M,FM,,,2300,0,20,SEP25,1992,i
13500635,"Kochetkov, German",BLR,M,IM,,,2141,0,20,SEP25,1965,
13502735,"Kochetkov, Vitali",BLR,M,,,,2196,0,20,SEP25,1971,i
13506820,"Kochetkova, Alisa",BLR,F,,,,1567,0,20,SEP25,2000,wi
13512315,"Kohno , Igor",BLR,M,,,,1779,0,20,SEP25,1964,i
13533940,"Koipish, Vasili",BLR,M,,,,1743,0,20,SEP25,1953,i
13514504,"Koishman, Evgenij",BLR,M,,,,1936,0,20,SEP25,1973,
13522663,"Kolesau, Uladzislau",BLR,M,,,,1721,0,20,SEP25,1978,
13501062,"Kolesnik, Eduard",BLR,M,IM,,,2174,0,20,SEP25,1965,i
13521934,"Kolesnikov, Svyatoslav",BLR,M,,,,1465,0,40,SEP25,2010,
13517856,"Koliada, Aleksei",BLR,M,,,,1678,0,20,SEP25,1993,
13534726,"Koliadov, Ivan",BLR,M,,,,1437,0,40,SEP25,2010,i
13506560,"Kolodko, Mikhail",BLR,M,,,,1815,0,20,SEP25,1953,i
13514105,"Kolosovskaya, Olga",BLR,F,,,,1855,0,20,SEP25,2002,wi
13515241,"Kondratovich, Viktor",BLR,M,,,,1801,0,20,SEP25,1950,i
13520342,"Kononov, Yuri",BLR,M,,,,1697,0,20,SEP25,1968,i
13500937,"Konstantinov, Mikhail",BLR,M,,,,2100,0,20,SEP25,1977,
13503480,"Konyshko, Ivan",BLR,M,,,,1732,0,20,SEP25,1941,i
13510665,"Korbut, Aleksandra",BLR,F,,,,1777,0,20,SEP25,1999,wi
13500180,"Korneevets, Alexander",BLR,M,IM,,,2256,0,10,SEP25,1963,
13535897,"Korneevets, Anastasia",BLR,F,,,,1509,0,40,SEP25,2008,w
13505386,"Korolev, Alexandr",BLR,M,,,,1860,0,20,SEP25,1987,
13516833,"Korovitskij, Aleksej",BLR,M,,,,1585,0,40,SEP25,2007,i
13500040,"Korzubov, Peter",BLR,M,IM,,,2314,0,10,SEP25,1962,
13524470,"Korzun, Ilya",BLR,M,,,,1416,0,40,SEP25,2007,i
13522574,"Korzun, Sabina",BLR,F,,,,1692,0,20,SEP25,2003,wi
13534149,"Kosik, Viachaslau",BLR,M,,,,1651,0,20,SEP25,1956,
13519565,"Kosilova, Yulia",BLR,F,,,,1623,0,20,SEP25,1988,wi
13523066,"Kostin, Dmitrij",BLR,M,,,,1597,0,20,SEP25,1973,i
13516612,"Kostsiuk, Mikalai",BLR,M,,,,1781,0,20,SEP25,1950,i
13531042,"Kostyuchik, Georgiy",BLR,M,,,,1438,0,40,SEP25,2008,i
13536494,"Kostyukovich, Konstantin",BLR,M,,,,1707,0,40,SEP25,1956,i
13520741,"Kot, Denis",BLR,M,,,,1704,0,40,SEP25,2008,
13525093,"Kot, Vitaliy",BLR,M,,,,1732,0,20,SEP25,1973,i
13528033,Kot. Vitali,BLR,M,,,,1725,0,20,SEP25,1973,i
13536222,"Kotau, Aliaksandar",BLR,M,,,,1717,0,40,SEP25,1984,i
13510495,"Kotau, Arseni",BLR,M,,,,2171,0,20,SEP25,2002,i
13522582,"Kotava, Iryna",BLR,M,,,,1571,0,40,SEP25,2007,i
13534602,"Kotava, Natallia",BLR,F,,,,1478,0,40,SEP25,2016,w
13539213,"Koushar, Aliaksandr",BLR,M,,,,1789,0,40,SEP25,1982,
13529153,"Kovalchuk, Pavel",BLR,M,,,,1520,0,40,SEP25,2006,i
13500023,"Kovalev, Andrei",BLR,M,GM,FST,,2308,0,10,SEP25,1961,
13533495,"Kovalev, Mark",BLR,M,,,,1718,0,40,SEP25,2008,
13504355,"Kovaleva, Ekaterina",BLR,F,WFM,WFM,,1841,10,20,SEP25,1984,w
13529161,"Kovalevski, Sergei",BLR,M,,,,1476,0,40,SEP25,2009,i
13509764,"Kovalkov, Pavel",BLR,M,,,,1981,0,20,SEP25,1999,i
13539019,"Kovalov, Iury",BLR,M,,,,1717,0,40,SEP25,1947,
13516779,"Kovashevich, Ivan",BLR,M,,,,1655,0,20,SEP25,1953,i
13513010,"Kovyrshin, Sergei",BLR,M,,,,1842,0,20,SEP25,1955,i
13538691,"Kozakov, Anton",BLR,M,,,,1583,0,40,SEP25,2012,
13518569,"Kozhich, Ivan",BLR,M,,,,1875,0,20,SEP25,1945,
13513346,"Kozlov, Aleksandr V",BLR,M,,,,1846,0,20,SEP25,1979,
13522310,"Kozlov, Pavel",BLR,M,,,,1497,0,40,SEP25,2008,i
13512226,"Kozlov, Sergey",BLR,M,,,,AGM,1683,0,SEP25,1981,i
13506145,"Kozlov, Valentin",BLR,M,,,,1632,0,20,SEP25,1959,i
13530984,"Kozlovskaia, Nataliya",BLR,F,,,,1626,0,40,SEP25,2010,wi
13518259,"Kozlovski, Anatoly",BLR,M,,,,1791,0,20,SEP25,1978,i
13518267,"Kozlovski, Sergei",BLR,M,,,,1586,0,20,SEP25,1983,i
13518291,"Kozlovskij, Sergei",BLR,M,,,,1644,0,20,SEP25,1993,i
13535951,"Kozlovsky, Ilya",BLR,M,,,,1889,0,40,SEP25,2014,
13513028,"Kozyro, Ilia",BLR,M,,,,1548,0,20,SEP25,2004,i
13511068,"Kramich, Aliaksei",BLR,M,,,,2075,0,20,SEP25,2002,
13521373,"Krasko, Artsiom",BLR,M,,,,1575,0,40,SEP25,2005,i
13520423,"Krasovskaja, Ksenija",BLR,F,,,,1463,0,40,SEP25,2005,wi
13506633,"Krasovskaya, Anastasia",BLR,F,,,,1954,0,20,SEP25,1991,wi
13513737,"Kratovich, Pavel",BLR,M,,,,1530,0,20,SEP25,2004,i
13534114,"Krauchanka, Nadzeya",BLR,F,,,,1572,0,40,SEP25,2010,wi
13508741,"Krauchanka, Yuliya",BLR,F,,,,1783,0,20,SEP25,2001,w
13503227,"Krauchenia, Nastassia",BLR,F,WFM,WFM,,1978,0,20,SEP25,1984,wi
13523244,"Krauchonak, Miraslau",BLR,M,,,,1682,0,40,SEP25,2010,
13530410,"Kravchenko, Nadezhda",BLR,F,,,,1519,0,40,SEP25,2010,wi
13527290,"Kravtsov, Nikolai",BLR,M,,,,1523,0,20,SEP25,1955,
13522590,"Kravtsov, Valeriy",BLR,M,,,,1565,0,20,SEP25,1938,i
13504576,"Kreinhauz, Andrei",BLR,M,,,,1969,0,20,SEP25,1997,i
13514113,"Krivosheev, Aleksandr",BLR,M,,,,1919,0,20,SEP25,2001,i
13520830,"Krotava, Viktoryia",BLR,F,,,,1400,0,40,SEP25,2010,w
13524364,"Krukouski, Serafim",BLR,M,,,,1975,0,40,SEP25,2008,
13517970,"Krukouski, Yaraslau",BLR,M,,,,1594,0,20,SEP25,2004,i
13523368,"Krukouski, Yaugenii",BLR,M,,,,1449,0,40,SEP25,2010,i
13534157,"Krutous, Anatoly",BLR,M,,,,1618,0,20,SEP25,1958,
13528254,"Kryklivy, Tsimafei",BLR,M,,,,1604,0,40,SEP25,2013,
13525379,"Kubatsin, Mert-Maksim",BLR,M,,,,1613,0,40,SEP25,2006,i
13516299,"Kuchin, Mikhail",BLR,M,,,,1693,0,20,SEP25,2002,i
13529811,"Kudlasevich, Ivan",BLR,M,,,,1442,0,40,SEP25,2010,i
13501402,"Kulagina, Svetlana",BLR,F,,,,1940,0,20,SEP25,1968,w
13520768,"Kulak, Matsvei",BLR,M,,,,1453,0,40,SEP25,2007,i
13509209,"Kuleshov, Georgiy",BLR,M,,,,1785,0,20,SEP25,0,i
13507338,"Kuleshov, Konstantin",BLR,M,,,,2099,0,20,SEP25,1993,i
13539558,"Kulikov, Matvei",BLR,M,,,,1549,0,40,SEP25,2012,
13506501,"Kusenkova, Natallia",BLR,F,WFM,WFM,NA,2014,0,20,SEP25,1995,wi
13510827,"Kutasevich, Artsiom",BLR,M,,,,1873,0,20,SEP25,2001,i
13501895,"Kutsankov, Vladimir",BLR,M,FM,,,2193,0,20,SEP25,1981,i
13517686,"Kuzmenka, Mikita",BLR,M,,,,1610,0,40,SEP25,2007,i
13533967,"Kuzmitski, Aliaksei",BLR,M,,,,1570,0,20,SEP25,2003,i
13523902,"Kuzmitski, Ivan",BLR,M,,,,1662,0,20,SEP25,2006,i
13524020,"Kuzmitski, Yahor",BLR,M,,,,1502,0,40,SEP25,2009,i
13503413,"Kuzmuk, Makar",BLR,M,,,,1939,0,20,SEP25,1996,
13540696,"Kuznetsov, Mihail",BLR,M,,,,1495,0,40,SEP25,2015,
13500201,"Lagvilava, Genrieta",BLR,F,WGM,WGM,,2130,0,20,SEP25,1969,wi
13520571,"Lahviniuk, Ilya",BLR,M,,,,1514,0,40,SEP25,2007,i
13521713,"Lamaka, Mikhail",BLR,M,,,,1466,0,40,SEP25,2011,
13502166,"Lamaka, Ryhor",BLR,M,,,,1876,0,20,SEP25,0,i
13526553,"Lamaka, Sofiya",BLR,F,,,,1429,0,40,SEP25,2013,w
13519433,"Lanets, Kseniya",BLR,F,,,,1721,0,20,SEP25,2004,wi
13518631,"Lapo, Aleh",BLR,M,,,,1513,0,40,SEP25,2008,i
13515250,"Laptev, Viktor",BLR,M,,,,1600,0,20,SEP25,1955,i
13516574,"Lapuhovich, Konstantin",BLR,M,,,,1694,0,20,SEP25,1980,i
13522604,"Lapus, Vitaliy",BLR,M,,,,1822,0,20,SEP25,2004,i
13515381,"Larin, Timofey",BLR,M,,,,1668,0,20,SEP25,2001,i
13534890,"Laryna, Aryna",BLR,M,,,,1433,0,40,SEP25,2013,i
13513354,"Lashkevich, Andrei",BLR,M,,,,1763,0,20,SEP25,1972,i
13520598,"Laskovich, Uladzislau",BLR,M,,,,1723,9,40,SEP25,2008,
13533703,"Lastauka, Kseniya",BLR,F,,,,1476,0,40,SEP25,2015,w
13517295,"Latan, Kiryl",BLR,M,,,,1704,0,20,SEP25,2003,i
13537288,"Laurynovich, Aliaksandr",BLR,M,,,,1423,0,40,SEP25,2009,i
13510452,"Lavrenchuk, Sergei",BLR,M,,,,1824,0,20,SEP25,2000,i
13534742,"Layanich, Artsemiy",BLR,M,,,,1534,0,40,SEP25,2011,i
13526065,"Lazarava, Tatyana",BLR,F,,,,1512,0,40,SEP25,2011,wi
13533037,"Lazareva, Tatiana",BLR,M,,,,1522,0,40,SEP25,2011,i
13515110,"Lazavik, Denis",BLR,M,GM,,,2579,0,10,SEP25,2006,
13514903,"Laziuta, Denis",BLR,M,,,,1702,0,20,SEP25,1986,i
13522035,"Lazko, Stanislau",BLR,M,,,,1560,0,40,SEP25,2007,i
13522272,"Lazouski, Martsin",BLR,M,,,,1785,0,40,SEP25,2007,i
13504649,"Leinov, Roman",BLR,M,CM,,,2068,0,20,SEP25,1982,i
13523791,"Lemtsiuhou, Arseni",BLR,M,,,,1493,0,40,SEP25,2009,i
13512153,"Lenchanka, Nina",BLR,F,,,,1447,0,40,SEP25,0,w
13512730,"Leonova, Ameliya",BLR,F,,,,1716,0,20,SEP25,2002,w
13501755,"Leuchanka, Siarhei",BLR,M,,,,2176,0,20,SEP25,1982,i
13537008,"Levashkevich, Afanasi",BLR,M,,,,1433,0,40,SEP25,2011,
13518763,"Levochkin, Alexandr",BLR,M,,,,1531,0,40,SEP25,2008,i
13516973,"Levy, Uladzimir",BLR,M,,,,1913,0,20,SEP25,1973,i
13519441,"Liaskovich, Rada",BLR,F,,,,1539,0,40,SEP25,2007,wi
13500813,"Libov, Gennady",BLR,M,FM,,,2185,0,20,SEP25,1961,i
13521152,"Lichyk, Mikhail",BLR,M,,,,1536,0,40,SEP25,2009,i
13520873,"Liharov, Denis",BLR,M,,,,1552,0,40,SEP25,2006,i
13526804,"Likhadziyeuski, Aliaksandr",BLR,M,,,,1567,0,40,SEP25,2012,i
13510754,"Liplianski, Ivan",BLR,M,,,,1878,0,20,SEP25,2003,i
13521667,"Lippa, Evgeniy",BLR,M,,,,1543,0,40,SEP25,2009,i
13517520,"Lipskiy, Viktor",BLR,M,,,,1824,0,20,SEP25,1996,i
13511777,"Litskevich, Danila",BLR,M,,,,1713,0,20,SEP25,2001,i
13517864,"Litvin, Nikolai",BLR,M,,,,1683,0,20,SEP25,1981,i
13516302,"Litvin, Viktor Vi",BLR,M,,,,1562,0,20,SEP25,1973,i
13504681,"Litvinenko, Alexander",BLR,M,,,,1982,0,20,SEP25,1953,
13504819,"Litvinov, Alexandr",BLR,M,,,,1943,10,20,SEP25,1988,
13500333,"Litvinov, Vladimir",BLR,M,IM,,,2196,0,20,SEP25,1941,i
13519123,"Liubchanka, Alesia",BLR,F,,,,1528,0,40,SEP25,2006,w
13529820,"Liutarevich, Kirill",BLR,M,,,,1453,0,40,SEP25,2011,i
13500716,"Liutsko, Igor",BLR,M,GM,,,2027,0,20,SEP25,1962,i
13534580,"Lohvinau, Akim",BLR,M,,,,1435,0,40,SEP25,2013,i
13501356,"Lomako, Pavel",BLR,M,IM,,,2216,0,20,SEP25,1983,i
13504150,"Lopatik, Nikita",BLR,M,,,,1990,0,20,SEP25,1998,i
13529579,"Loyanich, Artemiy",BLR,M,,,,1487,0,40,SEP25,2011,
13518925,"Lubchanka, Alesya",BLR,F,,,,1540,0,40,SEP25,2006,wi
13522418,"Luchko, Jan",BLR,M,,,,1480,0,40,SEP25,2008,i
13525255,"Luhinin, Maksim",BLR,M,,,,1815,0,40,SEP25,2011,
13510762,"Lukashevich, Maryia",BLR,F,,,,1708,0,20,SEP25,2003,wi
13529587,"Lukyanov, Artem",BLR,M,,,,1458,0,40,SEP25,2010,i
13538152,"Lysak, Vladislav",BLR,M,,,,1544,0,40,SEP25,2011,
13538446,Lysakouski Hleb,BLR,M,,,,1591,10,40,SEP25,2013,
13531905,"Makarau, Kiryl",BLR,M,,,,1642,0,20,SEP25,1990,i
13521136,"Makarevich, Dzmitry",BLR,M,,,,1687,0,40,SEP25,2010,
13537814,"Makarevich, Tsimafei",BLR,M,,,,1571,0,40,SEP25,2011,i
13539523,"Makarov, Kirill",BLR,M,,,,1721,0,40,SEP25,1990,
13528343,"Makarychev, Artem",BLR,M,,,,1534,0,40,SEP25,2013,
13502433,"Makevich, P.",BLR,M,,,,1999,0,20,SEP25,1982,i
13539817,"Makeyeva, Ariana",BLR,M,,,,1443,0,40,SEP25,2012,
13535021,"Makhnach, Mikalai",BLR,M,,,,1459,0,40,SEP25,2010,
13535030,"Makhnach, Pavel",BLR,M,,,,1426,0,40,SEP25,2010,
13518739,"Maksimchyk, Saveli",BLR,M,,,,1770,0,40,SEP25,2006,i
13512889,"Maksimov, Vjacheslav",BLR,M,,,,1752,0,20,SEP25,2003,i
13512897,"Maksimov, Yurij",BLR,M,,,,1618,0,40,SEP25,2005,i
13503529,"Maksimova, Elena",BLR,F,WFM,WFM,,2097,0,20,SEP25,1988,wi
13520881,"Maksimuk, Ryhor",BLR,M,,,,1599,0,40,SEP25,2008,i
13536214,"Makutin, Gleb",BLR,M,,,,1493,0,40,SEP25,2011,
13508512,"Malatsilava, Volha",BLR,F,,,,1963,0,20,SEP25,1998,wi
13520156,"Malikov, Maxim",BLR,M,,,,1651,0,20,SEP25,1990,i
13514695,"Malinovski, Matvei",BLR,M,,,,1607,0,20,SEP25,2003,i
13500724,"Maliush, Andrei",BLR,M,FM,,,1987,0,20,SEP25,1972,i
13524607,"Malukha, Alena",BLR,F,,,,1729,0,20,SEP25,1991,wi
13524887,"Malyshev, Viktor",BLR,M,,,,1488,0,40,SEP25,2007,i
13501976,"Mandrovsky, Valery",BLR,M,,,,2188,0,20,SEP25,1974,i
13524798,"Marchankou, Anton",BLR,M,,,,1527,0,20,SEP25,1975,i
13533053,"Marchenkov, Anton",BLR,M,,,,1449,0,20,SEP25,1975,i
13521578,"Marchenkova, Varvara",BLR,F,,,,1569,0,40,SEP25,2010,wi
13536770,"Marchevsky, Marat",BLR,M,,,,1506,6,40,SEP25,2013,
13520784,"Markevich, Ermolay",BLR,M,,,,1528,0,40,SEP25,2009,i
13520792,"Markevich, Hardzei",BLR,M,,,,1441,0,40,SEP25,2011,i
13539027,"Markevich, Kazimir",BLR,M,,,,1875,0,40,SEP25,1953,
13515357,"Markhanau, Fiodar",BLR,M,,,,1585,0,20,SEP25,2006,i
13526995,"Martsyniak, Ivan",BLR,M,,,,1496,0,40,SEP25,2010,i
13511017,"Martuliov, Piotr",BLR,M,,,,1980,0,20,SEP25,1989,i
13533061,"Martyniuk, Daniil",BLR,M,,,,1821,0,20,SEP25,2000,i
13532855,"Martyniuk, Dzianis",BLR,M,,,,1582,0,40,SEP25,2013,
13516957,"Martyniuk, Nadzeya",BLR,F,,,,1642,0,20,SEP25,2004,wi
13526120,"Marynchuk, Vasili",BLR,M,,,,1555,0,40,SEP25,2011,
13520610,"Masiuk, Kasyan",BLR,M,,,,1531,0,40,SEP25,2010,i
13506722,"Masjuk, Vladimir",BLR,M,,,,1844,0,20,SEP25,1954,
13521268,"Maslau, Ivan",BLR,M,,,,1780,0,40,SEP25,2008,i
13525174,"Maslenka, Mikalai",BLR,M,,,,1612,0,20,SEP25,1987,i
13505831,"Maslenkov, Yuriy",BLR,M,,,,2007,0,20,SEP25,1984,i
13503170,"Masliakov, Mikhail",BLR,M,,,,2208,0,20,SEP25,1984,i
13536915,"Maslovaty, Yauheni",BLR,M,,,,1561,0,40,SEP25,1978,i
13527002,"Matiuk, Maxim",BLR,M,,,,1648,0,40,SEP25,2007,i
13512811,"Matkovski, Artem",BLR,M,,,,1755,0,20,SEP25,2003,i
13540980,"Matros, Dzmitry",BLR,M,,,,1438,0,40,SEP25,2013,
13524801,"Matseralnik, Vera",BLR,F,,,,1572,0,40,SEP25,2009,w
13528572,"Matsias, Yelisei",BLR,M,,,,1473,8,40,SEP25,2010,
13536621,"Matsiushenka, Viktor",BLR,M,,,,1505,0,40,SEP25,1958,
13512757,"Matskevich, Maksim",BLR,M,,,,1885,0,20,SEP25,2000,
13517007,"Matskevich, Vladimir",BLR,M,,,,1915,0,20,SEP25,1966,i
13530909,"Matsuk, Maksim",BLR,M,,,,1652,0,40,SEP25,2007,i
13535196,"Matyskin, Maksim",BLR,M,,,,1693,0,40,SEP25,2008,
13519395,"Mazhuhin, Ivan",BLR,M,,,,1710,0,20,SEP25,1987,i
13501615,"Mazurenko, Pavel",BLR,M,,,,1789,0,20,SEP25,1989,i
13522434,"Medvedev, Aleksandr",BLR,M,,,,1636,0,20,SEP25,2001,i
13527304,"Medvetskaya, Marya",BLR,F,,,,1462,0,40,SEP25,2007,wi
13519972,"Melehov, Artiom",BLR,M,,,,1615,0,40,SEP25,2006,i
13519891,"Melekhov, Artyom",BLR,M,,,,1699,0,40,SEP25,2006,i
13501410,"Meleshko, Anatolij",BLR,M,,,,1913,0,20,SEP25,1952,
13535340,"Meleshko, Varvara",BLR,M,,,,1474,0,40,SEP25,2011,
13524720,"Melnichenka, Adelina",BLR,F,,,,1480,0,40,SEP25,2008,wi
13535595,"Melnik, Hleb",BLR,M,,,,1420,0,40,SEP25,2015,
13535358,"Melnik, Kristina",BLR,F,,,,1461,0,40,SEP25,2014,w
13516949,"Melnikau, Aliaksei",BLR,M,,,,1801,0,20,SEP25,2006,
13519816,"Melnikava, Natallia",BLR,F,,,,1654,0,20,SEP25,2004,wi
13504363,"Meribanov, Vitaly",BLR,M,IM,,,2312,0,10,SEP25,1994,i
13535277,"Merny, Matvey",BLR,M,,,,1515,0,40,SEP25,2011,
13521179,"Meshcharakou, Kiryl",BLR,M,,,,1539,0,40,SEP25,2007,i
13521160,"Meshcharakou, Mikalai",BLR,M,,,,1516,0,40,SEP25,2009,i
13521799,"Meshcheryakov, Kirill",BLR,M,,,,1668,0,40,SEP25,2007,i
13521802,"Meshcheryakov, Nikolai",BLR,M,,,,1629,0,40,SEP25,2009,i
13540700,"Meshkevich, Veronika",BLR,F,,,,1532,0,40,SEP25,2014,w
13512234,"Mezentseva, Taisia",BLR,F,,,,1579,0,40,SEP25,2005,wi
13536729,"Miadvedka, Raman",BLR,M,,,,1481,0,40,SEP25,2010,i
13524380,"Miadzvetskaya, Mariya",BLR,M,,,,1609,0,40,SEP25,2007,i
13504959,"Miadzvetski, Dzmitry",BLR,M,,,,1843,0,20,SEP25,1978,i
13534165,"Mialeshkin, Ryhor",BLR,M,,,,1701,0,20,SEP25,1962,
13512943,Mialik Uladzislau,BLR,M,,,,1903,0,20,SEP25,2001,i
13513753,"Mialik, Artsiom",BLR,M,,,,1677,0,20,SEP25,2005,i
13523074,"Miashkou, Aliaksei",BLR,M,,,,1596,0,20,SEP25,1977,i
13500805,"Mihajlovskij, Sergei",BLR,M,,,,2198,0,10,SEP25,1980,i
13522051,"Mihalchuk, Maksim",BLR,M,,,,1905,0,20,SEP25,1998,i
13533070,"Mikhailova, Anna",BLR,M,,,,1588,0,40,SEP25,2006,i
13527010,"Mikhailyuk, Aliaksei",BLR,M,,,,1619,0,40,SEP25,2007,i
13522256,"Mikhalchuk, Maksim",BLR,M,,,,1842,0,20,SEP25,1998,i
13527746,"Mikhnevich, Stsiapan",BLR,M,,,,1562,0,40,SEP25,2007,i
13502263,"Mikulionok, Valery",BLR,M,,,,1843,0,20,SEP25,1995,i
13504371,"Milevich, Andrey",BLR,M,,,,1996,0,20,SEP25,0,
13533886,"Milyanenka, Danila",BLR,M,,,,1515,0,40,SEP25,2015,
13519379,"Minin, Mikhail",BLR,M,,,,1587,0,20,SEP25,2002,i
13513044,"Minina, Karolina",BLR,F,,,,1723,0,20,SEP25,1999,wi
13520806,"Miruk, Artem",BLR,M,,,,1425,0,40,SEP25,2009,i
13525115,"Mishchenkov, Vladislav",BLR,M,,,,1482,0,40,SEP25,2006,i
13514911,"Mishkov, Vitaly",BLR,M,,,,1753,0,20,SEP25,1972,i
13510215,"Mitskevich, Yauheniya",BLR,F,,,,1935,0,20,SEP25,2002,wi
13534610,"Mlechka, Vitali",BLR,M,,,,1511,8,40,SEP25,2011,
13500074,"Mochalov, Evgeny V",BLR,M,IM,,,2266,0,10,SEP25,1951,i
13515047,"Mogilevtseva, Marya",BLR,F,,,,1722,0,20,SEP25,1999,wi
13504126,"Mokriy, Alexander",BLR,M,,,,2022,0,20,SEP25,1990,i
13522442,"Molochnikov, Mikhail",BLR,M,,,,1712,0,40,SEP25,2008,
13509462,"Molokovich, Aleksei",BLR,M,,,,1746,0,20,SEP25,1998,i
13502271,"Morgaenko, Ekaterina",BLR,F,,,,1902,0,20,SEP25,1994,wi
13514121,"Moroz, Ekaterina",BLR,M,,,,1624,0,20,SEP25,2000,i
13539035,"Moroz, Mikhail",BLR,M,,,,1723,0,40,SEP25,1952,
13520539,"Morozov, Aleksandr",BLR,M,,,,1879,0,20,SEP25,2002,i
13512242,"Moskalev, Viktor",BLR,M,,,,1614,0,20,SEP25,1959,
13507273,"Motovilnik, Jurij",BLR,M,,,,1960,0,20,SEP25,1997,i
13527380,"Mrishchuk, Volodymyr",BLR,M,,,,1586,0,40,SEP25,2012,
13501127,"Muivid, Yury",BLR,M,,,,2038,0,20,SEP25,1941,
13540939,"Mukha, Vadzim",BLR,M,,,,1505,0,40,SEP25,2014,
13508997,"Mukhin, Pavel",BLR,M,,,,2019,10,20,SEP25,1974,
13523007,"Mukhin, Vladislav",BLR,M,,,,1959,0,20,SEP25,2003,i
13508610,"Mukovozchik, Evgeny",BLR,M,,,,1851,0,20,SEP25,1998,i
13534297,"Mulitsa, Yan",BLR,M,,,,1639,0,40,SEP25,2015,
13517287,"Mursic, Daria",BLR,F,,,,1464,0,20,SEP25,2004,wi
13514547,"Mushaev, Sergej",BLR,M,,,,1719,0,20,SEP25,1959,i
13535102,"Nabiulina, Albina",BLR,F,,,,1562,0,40,SEP25,2007,w
13535110,"Nabiulina, Angelina",BLR,F,,,,1634,0,40,SEP25,2007,w
13523643,"Nadziozhkina, Maryiana",BLR,F,,,,1465,0,40,SEP25,2012,wi
13514555,"Narchuk, Sergej",BLR,M,,,,1705,0,20,SEP25,1967,
13538578,"Nartovich, Daminika",BLR,F,,,,1573,8,40,SEP25,2013,w
13526499,"Nasenia, Matsvei",BLR,M,,,,1685,0,40,SEP25,2011,
13530470,"Nasenya, Matvei",BLR,M,,,,1569,0,40,SEP25,2011,i
13540661,"Naumenko, Viktor",BLR,M,,,,1508,0,40,SEP25,2009,
13525298,"Naumets, Daniil",BLR,M,,,,1613,0,40,SEP25,2005,i
13522744,"Naumov, Sergey",BLR,M,,,,1497,0,40,SEP25,2009,i
13530038,"Naumovich, Dzmitry",BLR,M,,,,1662,0,40,SEP25,2010,i
13518461,"Naumovich, Marina",BLR,M,,,,1699,0,20,SEP25,1987,i
13514563,"Naumovich, Yaroslav",BLR,M,,,,AGM,1993,0,SEP25,2005,
13520814,"Navumenka, Makar",BLR,M,,,,1923,0,40,SEP25,2010,
13539426,"Nazarau, Ivan",BLR,M,,,,1578,7,40,SEP25,2008,
13520490,"Nazarenko, Konstantin",BLR,M,,,,1981,0,20,SEP25,2000,i
13523082,"Nazaruk, Aleksandr",BLR,M,,,,1713,0,20,SEP25,1993,i
13516426,"Nekhaichik, Evgeny",BLR,M,,,,1786,0,20,SEP25,1991,i
13536176,"Nemogai, Vladimir",BLR,M,,,,1418,0,40,SEP25,2008,i
13515705,"Nesterovich, Ilya",BLR,M,,,,1735,0,20,SEP25,1999,i
13524763,"Nestsiarovich, Andrei",BLR,M,,,,1803,0,20,SEP25,1984,i
13513664,"Niadbalski, Mikhail",BLR,M,,,,1518,0,40,SEP25,2007,i
13506862,"Nikitenko, Mihail",BLR,M,GM,,,2407,0,10,SEP25,2000,
13517732,"Nikitin, Matvej",BLR,M,,,,1528,0,40,SEP25,2007,i
13522841,"Nikitsiuk, Anton",BLR,M,,,,1421,0,40,SEP25,2009,i
13515713,"Nikolaev, Dmitry",BLR,M,,,,1743,0,20,SEP25,1999,i
13509691,"Nikulin, Kirill",BLR,M,,,,1837,0,20,SEP25,1994,i
13520253,"Nipadzistau, Uladzislau",BLR,M,,,,1443,0,40,SEP25,2009,i
13516450,"Nohach, Iryna",BLR,F,,,,1614,0,40,SEP25,2007,wi
13504312,"Norov, Artem",BLR,M,,,,1858,0,20,SEP25,1992,i
13519760,"Novik, Nikita",BLR,M,,,,1780,0,20,SEP25,2005,
13533258,"Novik, Piotr",BLR,M,,,,1440,0,40,SEP25,2012,
13506285,"Novik, Vitaly",BLR,M,,,,1773,0,20,SEP25,1994,i
13523570,"Novikau, Mikita",BLR,M,,,,2026,0,40,SEP25,2011,
13500619,"Novitzkij, Dmitrij",BLR,M,IM,,,2273,0,20,SEP25,1971,
13503979,"Oblamski, Vladimir",BLR,M,,,,1871,0,20,SEP25,1952,
13502964,"Obuhov, Filipp",BLR,M,,,,2151,0,20,SEP25,1993,i
13535129,"Okruh, Alexander",BLR,M,,,,1656,0,40,SEP25,2008,i
13531050,"Olenev, Maksim",BLR,M,,,,1514,0,40,SEP25,2007,i
13540718,"Oreshchenko, Artem",BLR,M,,,,1559,0,40,SEP25,2016,
13507478,"Orlov, Aleksey",BLR,M,,NA,,1786,0,20,SEP25,1999,i
13533436,"Ormanzhy, Timur",BLR,M,,,,1494,0,40,SEP25,2010,
13507486,"Osipov, Vladimir",BLR,M,,,,1641,0,20,SEP25,1953,i
13509705,"Ostapchik, Anton",BLR,M,,,,1959,0,20,SEP25,1998,i
13527312,"Otchik, Polina",BLR,M,,,,1436,0,40,SEP25,2010,
13509870,"Ovchinina, Olga",BLR,F,,,,1724,0,20,SEP25,2003,wi
13527037,"Ovdienko, Illia",BLR,M,,,,1455,0,40,SEP25,2007,i
13520121,"Ovechkin, Ivan",BLR,M,,,,1481,0,40,SEP25,2007,i
13517104,"Ovsyannikov, Vyacheslav",BLR,M,,,,1492,0,40,SEP25,2005,i
13528246,"Padasinavik, Yana",BLR,F,,,,1577,0,20,SEP25,2006,w
13522671,"Padhornaya, Yuliya",BLR,M,,,,1567,0,20,SEP25,2002,i
13539434,"Padvinski, Maksim",BLR,M,,,,1497,0,40,SEP25,1984,
13519182,"Paferov, Gleb",BLR,M,,,,1473,0,40,SEP25,2010,i
13523139,"Paharalchuk, Uliana",BLR,F,,,,1468,0,40,SEP25,2008,wi
13503596,"Pak, Raman",BLR,M,,,,2186,0,20,SEP25,1958,i
13521551,"Pakhomau, Arseni",BLR,M,,,,1455,0,40,SEP25,2008,i
13506153,"Palamarchuk, Evgenij",BLR,M,,,,1759,0,20,SEP25,1944,i
13539124,"Paliakou, Dzmitry",BLR,M,,,,1475,8,40,SEP25,1983,
13521608,"Paliakou, Mikita",BLR,M,,,,1466,0,40,SEP25,2008,i
13518941,"Paliakova, Varvara",BLR,F,,,,1771,0,40,SEP25,2005,wi
13536516,"Paliy, Vladimir",BLR,M,,,,1672,0,40,SEP25,1966,i
13528360,"Paltarzhytski, Pavel",BLR,M,,,,1407,0,40,SEP25,2012,
13529943,"Paludniakou, Usevalad",BLR,M,,,,1514,0,40,SEP25,2013,
13537300,"Panicheva, Mariya",BLR,F,,,,1406,0,40,SEP25,2014,w
13513176,"Panysh, Vladimir",BLR,M,,,,1897,0,20,SEP25,0,i
13535900,"Papiol, Artsiom",BLR,M,,,,1605,0,40,SEP25,1998,i
13524895,"Papkovich, Denis",BLR,M,,,,1647,0,40,SEP25,2008,i
13528980,"Papou, Illia",BLR,M,,,,1820,8,40,SEP25,2010,
13521977,"Parfimovich, Alika",BLR,F,,,,1572,0,40,SEP25,2008,wi
13537318,"Parfionau, Aliaksandr",BLR,M,,,,1441,0,40,SEP25,2008,i
13523830,"Parkhimchyk, Kiryl",BLR,M,,,,1970,10,40,SEP25,2008,
13517872,"Parkhomik, Vladimir",BLR,M,,,,1800,0,20,SEP25,1989,i
13512560,"Parkhomovich, Iryna",BLR,F,,,,1498,0,20,SEP25,1976,wi
13511076,"Paroshin, Anton",BLR,M,,,,1758,0,20,SEP25,1998,i
13535587,"Pashkevich, Dzmitry",BLR,M,,,,1598,0,40,SEP25,2015,
13511181,"Pashkouski, Leu",BLR,M,,,,1971,0,20,SEP25,2000,i
13524151,"Pasiashnichenka, Dzmitry",BLR,M,,,,1856,0,40,SEP25,2009,
13520890,"Patapovich, Mitrafan",BLR,M,,,,1653,0,40,SEP25,2009,i
13519425,"Patarocha, Ulyana",BLR,F,,,,1554,0,40,SEP25,2008,wi
13515128,"Pauliuchkou, Daniil",BLR,M,,,,1607,0,20,SEP25,2006,i
13537326,"Pauliukevich, Nikita",BLR,M,,,,1715,0,40,SEP25,2004,i
13520318,"Paulyshka, Roman",BLR,M,,,,1508,0,40,SEP25,2008,i
13516582,"Pavlenko, Denis",BLR,M,,,,1548,0,20,SEP25,1981,i
13537946,"Pavlenok, Vladislav",BLR,M,,,,1615,0,40,SEP25,2004,
13508016,"Pavlov, Andrei",BLR,M,,,,2133,0,20,SEP25,1963,i
13520326,"Pavlov, Andrey Yu",BLR,M,,,,1588,0,20,SEP25,1963,
13535048,"Pavlovich, Platon",BLR,M,,,,1593,0,40,SEP25,2010,
13513648,"Pavlovitski, Aliaksandr",BLR,M,,,,1708,0,20,SEP25,2004,i
13529390,"Pavluchkov, Daniil",BLR,M,,,,1618,0,40,SEP25,2006,i
13522922,"Pavlytchev, Mikhail",BLR,M,,,,1861,0,20,SEP25,1950,i
13524780,"Pazharny, Siarhei",BLR,M,,,,1782,0,20,SEP25,1982,i
13525301,"Pechura, Gleb",BLR,M,,,,1419,0,40,SEP25,2005,i
13511459,"Pedzko, Serhei",BLR,M,,,,1657,0,20,SEP25,1971,
13521349,"Pekach, Andrei",BLR,M,,,,1641,0,40,SEP25,2008,i
13518968,"Peretiatko, Anastasiia",BLR,F,,,,1569,0,20,SEP25,2004,wi
13517880,"Perovski, Vladimir",BLR,M,,,,1885,0,20,SEP25,1956,i
13535749,"Peshka, Arseni",BLR,M,,,,1617,0,40,SEP25,2008,i
13523740,"Petrasian, Artur",BLR,M,,,,1771,0,40,SEP25,2010,i
13527320,"Petrov, Oleg",BLR,M,,,,1605,0,40,SEP25,2009,
13511084,"Peuny, Andrei",BLR,M,,,,1819,0,20,SEP25,2001,i
13516361,"Pham, Van Roanh",BLR,M,,,,1613,0,20,SEP25,1967,i
13535285,"Piakarchyk, Artsemi",BLR,M,,,,1431,0,40,SEP25,2012,
13512986,"Pialesa, Siarhei",BLR,M,,,,1858,0,20,SEP25,1958,i
13520938,"Piatrashyna, Nastassia",BLR,F,,,,1402,0,40,SEP25,2005,wi
13516094,"Piatrenka, Ivan",BLR,M,,,,1813,0,40,SEP25,2007,i
13515101,"Piatrenka, Siarhei",BLR,M,,,,1675,0,20,SEP25,1983,i
13529889,"Piatrou, Yahor",BLR,M,,,,1632,0,20,SEP25,2004,i
13525786,"Pichtava, Anzhalina",BLR,F,,,,1418,0,40,SEP25,2006,wi
13525034,"Piletski, Dzmitry",BLR,M,,,,1839,0,20,SEP25,1974,i
13519530,"Pilipenko, Denis",BLR,M,,,,1869,0,20,SEP25,2003,i
13521640,"Pinihin, Arseni",BLR,M,,,,1438,0,40,SEP25,2009,i
13526596,"Pisannyj, Leonid",BLR,M,,,,1422,0,40,SEP25,2010,i
13518976,"Pivovarchik, Aglaya",BLR,F,,,,1438,0,40,SEP25,2009,wi
13537121,"Platko, Tsimafei",BLR,M,,,,1440,0,40,SEP25,2013,
13514164,"Platnitski, Siarhei",BLR,M,,,,1642,0,40,SEP25,2005,i
13506730,"Pleshkevich, Konstantin",BLR,M,,,,1798,0,20,SEP25,1992,i
13511688,"Pliaskach, Uladzislau",BLR,M,,,,1882,0,20,SEP25,1999,i
13518046,"Podajko, Sergej",BLR,M,,,,1897,0,20,SEP25,1987,i
13539442,"Podbereznaya, Darya",BLR,M,,,,1467,0,40,SEP25,2010,
13539450,"Podgayskiy, Andrei",BLR,M,,,,1453,0,40,SEP25,2010,
13534041,"Podkopaev, Andrei",BLR,M,,,,1682,0,40,SEP25,2015,
13502999,"Podobedov, Filipp",BLR,M,,,,2084,0,20,SEP25,0,i
13504134,"Podolchenko, Evgeniy",BLR,M,GM,,,2312,0,10,SEP25,1988,i
13517899,"Podzorov, Andrei",BLR,M,,,,1468,0,40,SEP25,2007,i
13508040,"Pogar, Grigoriy",BLR,M,,,,2148,0,20,SEP25,1961,i
13503936,"Pogosian, Manvel",BLR,M,FM,,,2283,0,10,SEP25,1991,
13517015,"Pohilko, Gennadi",BLR,M,,,,1810,0,20,SEP25,1940,i
13524267,"Poita, Mikita",BLR,M,,,,1675,0,20,SEP25,2003,i
13505238,"Poleshchuk, Dmitriy",BLR,M,,,,2176,0,20,SEP25,1991,i
13518984,"Polyakov, Pavel",BLR,M,,,,1998,0,20,SEP25,1977,i
13516329,"Ponomarev, Viacheslav",BLR,M,,,,1685,0,40,SEP25,2005,i
13534750,"Poplevko, Viktor",BLR,M,,,,1540,0,40,SEP25,2007,
13508059,"Popov, Evgeniy",BLR,M,,,,1786,0,20,SEP25,0,i
13509225,"Popovich, Alexandr",BLR,M,,,,1617,0,40,SEP25,0,i
13520202,"Poviraev, Sergej",BLR,M,,,,1540,0,20,SEP25,1996,i
13514830,"Povod, Igor",BLR,M,,,,1964,0,20,SEP25,1990,i
13534548,"Pozdniakov, Gleb",BLR,M,,,,1407,0,40,SEP25,2007,i
13536290,"Prakapovich, Siamion",BLR,M,,,,1504,0,40,SEP25,2006,i
13534181,"Prakapuk, Aliaksandr",BLR,M,,,,1790,0,20,SEP25,1959,
13507052,"Prakapuk, Vera",BLR,F,,,,1945,0,20,SEP25,2000,wi
13520849,"Prakharchuk, Anatoli",BLR,M,,,,1468,0,40,SEP25,2009,i
13531670,"Prakharenka, Raman",BLR,M,,,,1595,0,40,SEP25,2008,
13518410,"Prapirnaja, Jana",BLR,F,,,,1503,0,40,SEP25,2006,wi
13520040,"Prihodko, Elisei",BLR,M,,,,1672,0,20,SEP25,1999,i
13536540,"Prokharau, Yahor",BLR,M,,,,1469,0,40,SEP25,2014,
13500244,"Prokhoda, Nikola",BLR,M,FM,,,1872,0,20,SEP25,1953,
13533509,"Pryigodich, Dmitri",BLR,M,,,,1669,0,40,SEP25,2008,
13529340,"Prylutski, Mikhail",BLR,M,,,,1803,0,40,SEP25,2012,
13527711,"Puchkouski, Arsenii",BLR,M,,,,1702,0,40,SEP25,2012,
13501364,"Puchkov, Andrey",BLR,M,,,,2188,0,20,SEP25,1980,i
13509802,"Pugachev, Stanislav",BLR,M,,,,1810,0,20,SEP25,2000,i
13522078,"Punko, Anton",BLR,M,,,,1771,0,20,SEP25,1996,i
13534769,"Pup, Aleksandr",BLR,M,,,,1760,0,20,SEP25,1988,i
13532120,"Pup, Aliaksandr",BLR,M,,,,1782,0,20,SEP25,1980,i
13500287,"Pushkarjow, Andreij",BLR,M,,,,2156,0,20,SEP25,1972,i
13517236,"Pyanov, Vladzimir",BLR,M,,,,1758,0,20,SEP25,2001,i
13530887,"Pytko, Lev",BLR,M,,,,1697,0,40,SEP25,2007,i
13531069,"Pytsko, Lev",BLR,M,,,,1566,0,40,SEP25,2007,i
13530461,"Rabchinskaya, Vitaliya",BLR,F,,,,1580,0,40,SEP25,2005,wi
13517317,"Rabkouskaya, Katsiarina",BLR,F,,,,1680,0,20,SEP25,2004,wi
13540955,"Raboi, Viktar",BLR,M,,,,1460,0,40,SEP25,2011,
13533096,"Radiukevich, Viacheslau",BLR,M,,,,1460,0,40,SEP25,2014,
13514580,"Radomskij, Anatolij",BLR,M,,,,1802,0,20,SEP25,1940,
13515411,"Radziush, Roman",BLR,M,,,,1637,0,40,SEP25,1999,
13529846,"Radziush, Viachaslau",BLR,M,,,,1534,0,20,SEP25,1980,i
13516892,"Radzko, Tatsiana",BLR,F,,,,1627,0,40,SEP25,2007,w
13525123,"Rahun, Matvey",BLR,M,,,,1565,0,40,SEP25,2006,i
13533150,"Rak, Mikhail",BLR,M,,,,1606,7,40,SEP25,2014,
13535757,"Rakitski, Kiryl",BLR,M,,,,1555,0,40,SEP25,2005,i
13535854,"Ramanovich, Maksim",BLR,M,,,,1461,0,40,SEP25,2016,
13526855,"Ramanovich, Maryia",BLR,F,,,,1558,0,40,SEP25,2011,w
13535846,"Ramanovich, Uladzislau",BLR,M,,,,1616,0,40,SEP25,2013,
13520059,"Ranchenko, Vsevolod",BLR,M,,,,1660,0,40,SEP25,2007,i
13518054,"Rapoport, Aleksandr",BLR,M,,,,1750,0,20,SEP25,2000,i
13517090,"Rasanau, Makar",BLR,M,,,,1830,0,40,SEP25,2006,i
13523449,"Rataika, Mikalai",BLR,M,,,,1915,0,20,SEP25,1971,i
13519859,"Ratkevich, Nichypar",BLR,M,,,,1457,0,40,SEP25,2008,i
13500872,"Ratkovich, Igor",BLR,M,,,,2149,0,20,SEP25,1964,i
13525271,"Rauniahin, Mikita",BLR,M,,,,1636,0,40,SEP25,2007,
13536630,"Rayankou, Vasili",BLR,M,,,,1541,0,40,SEP25,1947,
13526189,"Rayeuski, Artem",BLR,M,,,,1751,0,20,SEP25,2004,i
13518380,"Riabkou, Artsiom",BLR,M,,,,1483,0,40,SEP25,2006,i
13517392,"Rogozhnikov, Andrei",BLR,M,,,,2226,0,20,SEP25,1970,i
13502425,"Romanchuk, Alexey",BLR,M,,,,1533,0,20,SEP25,0,i
13502921,"Romanenko, Vladimir",BLR,M,GM,,,2444,0,10,SEP25,1985,i
13511556,"Romanovskij, Nikita",BLR,M,,,,2121,10,20,SEP25,2003,
13532774,"Romashchenko, Nikita",BLR,M,,,,1552,0,40,SEP25,2011,
13538780,"Roshchupkin, Oleg",BLR,M,,,,1494,0,40,SEP25,1994,
13501917,"Rosikhin, Igor",BLR,M,,,,1975,0,20,SEP25,1969,i
13519301,"Rossoha, Aleksei",BLR,M,,,,1553,0,20,SEP25,1992,i
13535773,"Rovdo, Vadim",BLR,M,,,,1497,0,40,SEP25,1977,i
13523309,"Rudakov, Daniil",BLR,M,,,,1408,0,40,SEP25,2005,i
13506110,"Rudenkov, Sergei",BLR,M,,,,1969,0,20,SEP25,1992,i
13533444,"Rudenok, Roman",BLR,M,,,,1424,0,40,SEP25,2012,
13533452,"Rudenok, Viktor",BLR,M,,,,1444,0,40,SEP25,2012,
13508083,"Rudoi, Yury",BLR,M,,,,1995,0,20,SEP25,0,i
13515284,"Rudy, Iosif",BLR,M,,,,1756,0,20,SEP25,1948,i
13522760,"Rukletsov, Pantelei",BLR,M,,,,1505,0,40,SEP25,2006,i
13525131,"Rulko, Kira",BLR,F,,,,1464,0,40,SEP25,2005,wi
13509489,"Rumak, Danila",BLR,M,,,,1728,0,20,SEP25,2001,i
13511564,"Runets, Ivan",BLR,M,FM,,,2076,0,20,SEP25,2004,i
13517511,"Runets, Roman",BLR,M,,,,1541,0,40,SEP25,2006,i
13519719,"Rusetski, Arseni",BLR,M,,,,1548,0,40,SEP25,2008,i
13533460,"Rusetski, Ivan",BLR,M,,,,1423,0,40,SEP25,2011,i
13516132,"Rusikevich, Ignat",BLR,M,,,,1576,0,40,SEP25,2006,i
13521675,"Ryabtseva, Varvara",BLR,F,,,,1487,0,40,SEP25,2010,wi
13520164,"Rybak, Andrei",BLR,M,,,,1621,0,20,SEP25,1973,i
13538721,"Ryzhkou, Maksim",BLR,M,,,,1462,0,40,SEP25,2008,
13516795,"Sabaleuski, Daniil",BLR,M,,,,1740,0,20,SEP25,2004,i
13541226,"Sabaleuski, Yauhen",BLR,M,,,,1448,5,40,SEP25,2015,
13535218,"Sadouski, Ivan",BLR,M,,,,1713,0,40,SEP25,2010,i
13515896,"Safiulin, Artsiom",BLR,M,,,,1410,0,40,SEP25,2006,i
13521837,"Safonau, Yahor",BLR,M,,,,1401,0,40,SEP25,2005,i
13512366,"Safonau, Yauheni",BLR,M,,,,1706,0,20,SEP25,2005,i
13518690,Safonchyk. Mikhail,BLR,M,,,,1405,0,40,SEP25,2007,i
13532677,"Sakavets, Aliaksei",BLR,M,,,,1518,0,40,SEP25,2014,i
13535161,"Sakovets, Alex",BLR,M,,,,1484,0,40,SEP25,2014,
13505203,"Sakovich, Dmitrij",BLR,M,,,,1883,10,20,SEP25,0,
13525140,"Sakun, Ilya",BLR,M,,,,1492,0,40,SEP25,2007,i
13514610,"Salauyeu, Siarhei",BLR,M,,,,1809,0,20,SEP25,1951,
13537733,"Salauyou, Vasili",BLR,M,,,,1469,0,40,SEP25,2010,
13537776,"Salavei, Mark",BLR,M,,,,1526,0,40,SEP25,2009,
13536664,Samko Andrei,BLR,M,,,,1411,0,40,SEP25,1980,i
13520105,"Samoilik, Maxim",BLR,M,,,,1436,0,40,SEP25,2008,i
13527339,"Samoilov, Vladimir",BLR,M,,,,1702,0,40,SEP25,2005,i
13534335,"Sapranovich, Bogdan",BLR,M,,,,1407,0,40,SEP25,2008,i
13504045,"Sarbay, Aleksandr",BLR,M,,,,1878,0,20,SEP25,1954,
13526782,"Sarychev, Nikita",BLR,M,,,,1521,0,40,SEP25,2008,i
13531077,"Sarychev, Pavel",BLR,M,,,,1823,9,40,SEP25,2008,
13501640,"Sarychev, Sergey",BLR,M,,,,1840,0,20,SEP25,1965,
13516850,"Saskavets, Yauheni",BLR,M,,,,1615,0,20,SEP25,1995,
13524160,"Satsura, Aryna",BLR,F,,,,1698,0,40,SEP25,2006,wi
13536184,"Sauchyk, Andrei",BLR,M,,,,1534,0,40,SEP25,1983,
13510681,"Sauko, Ekatserina",BLR,M,,,,1833,0,20,SEP25,0,i
13509500,"Savchenko, Alexandr G",BLR,M,,,,1798,0,20,SEP25,0,
13523520,"Savelev, Matvei",BLR,M,,,,2210,9,40,SEP25,2011,
13530011,"Saveliev, Denis",BLR,M,,,,1578,0,40,SEP25,2013,
13532901,"Savenkau, Pavel",BLR,M,,,,1436,0,40,SEP25,2011,i
13506161,"Savitski, Andrei",BLR,M,,,,2136,0,20,SEP25,1995,
13532260,"Savitski, Iliya",BLR,M,,,,1432,0,40,SEP25,2013,i
13532170,"Savitski, Ilya",BLR,M,,,,1441,0,40,SEP25,2013,i
13515675,"Savitskiy , Roman",BLR,M,,,,1576,0,20,SEP25,2004,i
13504878,"Saxonov, Leonid",BLR,M,,,,1981,0,20,SEP25,0,i
13514377,"Scherba, Artem",BLR,M,,,,1673,0,20,SEP25,2005,i
13504410,"Selenchik, Anastasia",BLR,F,,,,1849,0,20,SEP25,0,wi
13530631,"Seliazniou, Daniil",BLR,M,,,,1789,0,40,SEP25,2005,i
13505777,"Selitski, Aleksandr",BLR,M,,,,1864,0,20,SEP25,1951,i
13529935,"Semenets, Timofei",BLR,M,,,,1431,0,40,SEP25,2012,i
13510258,"Semenov, V",BLR,M,,,,1684,0,20,SEP25,0,i
13524275,"Semjonik, Angelina",BLR,F,,,,1600,0,20,SEP25,2003,wi
13514130,"Semko, Pavel",BLR,M,,,,1820,0,20,SEP25,1994,i
13535790,"Senatrev, Ruslan",BLR,M,,,,1563,0,40,SEP25,2000,i
13523937,"Serada, Artsiom",BLR,M,,,,1482,0,40,SEP25,2010,i
13535170,"Sereda, Aleksandr",BLR,M,,,,1521,0,40,SEP25,1956,i
13508636,"Sergey, Dmitriy",BLR,M,,,,1814,0,20,SEP25,1960,
13504606,"Sevenyuk, Alexey",BLR,M,,,,1953,0,20,SEP25,1944,i
13526146,"Sevianiuk, Aliaksandra",BLR,F,,,,1409,0,40,SEP25,2008,wi
13501135,"Shaban, Alena",BLR,F,,,,1888,0,20,SEP25,1982,w
13503294,"Shabanov, Denis",BLR,M,,,,1999,0,20,SEP25,1984,i
13534386,"Shadrova, Viktoryia",BLR,F,,,,1487,0,40,SEP25,2013,wi
13522469,"Shahazizyan, Albert",BLR,M,,,,1557,0,20,SEP25,1983,i
13521594,"Shahazizyan, Leon",BLR,M,,,,1522,0,40,SEP25,2008,i
13513320,Shaida Gennadi,BLR,M,,,,1673,0,20,SEP25,2003,i
13516710,"Shaida, Aleksandr",BLR,M,,,,1735,0,20,SEP25,1978,i
13505580,"Shakhadanau, Henadzi",BLR,M,,,,1761,0,20,SEP25,1953,
13520369,"Shaleinikau, Matsvei",BLR,M,,,,1621,0,40,SEP25,2006,i
13515004,"Shalkevich, Oleg",BLR,M,,,,1660,0,20,SEP25,1984,i
13507206,"Shapkin, Alexander",BLR,M,,,,1839,0,20,SEP25,1999,
13504975,"Sharevich, Vadim",BLR,M,,,,1921,0,40,SEP25,0,
13516922,"Sharou, Filip",BLR,M,,,,1661,0,20,SEP25,2006,i
13506137,"Sharova, Alexandra",BLR,F,WFM,WFM,,1913,0,20,SEP25,1990,w
13526871,"Sharshniou, Mikita",BLR,M,,,,1474,0,20,SEP25,2000,i
13519689,"Shatokha, Aliaksei",BLR,M,,,,1681,0,20,SEP25,1982,i
13539183,"Shauliukou, Kanstantsin",BLR,M,,,,1651,0,40,SEP25,2006,
13530925,"Shaurukou, Danila",BLR,M,,,,1639,0,20,SEP25,2002,i
13512706,"Shcherbatsevich, Anastasiya",BLR,F,,,,1740,0,20,SEP25,2002,wi
13513958,"Shcherbina, Roman",BLR,M,,,,1594,0,40,SEP25,2006,i
13530518,"Sheleg, Mihail",BLR,M,,,,1439,0,40,SEP25,2010,i
13516680,"Sheleg, Pavel",BLR,M,,,,1573,0,40,SEP25,2007,i
13516698,"Sheleg, Viktor",BLR,M,,,,1616,0,20,SEP25,1975,i
13519654,"Shelyagovich, Aleksandr",BLR,M,,,,1877,0,20,SEP25,1988,i
13537210,"Shepelevich, Roman",BLR,M,,,,1462,0,40,SEP25,1999,
13504452,"Sheremet, Anton",BLR,M,,,,2142,0,20,SEP25,1999,i
13507516,"Sheshko, Nikolay",BLR,M,,,,1751,0,20,SEP25,2000,i
13519018,"Sheuchyk, Aliaksandr",BLR,M,,,,1682,3,20,SEP25,1950,
13505785,"Shihov, Nikolai",BLR,M,,,,2084,0,20,SEP25,1985,i
13502549,"Shihov, Viktor",BLR,M,,,,1725,0,20,SEP25,1937,i
13520067,"Shila, Tsimafei",BLR,M,,,,1587,0,40,SEP25,2006,i
13515292,"Shilo, Tsimofei",BLR,M,,,,1626,0,40,SEP25,2006,i
13527347,"Shilovich, Elizaveta",BLR,M,,,,1509,0,40,SEP25,2005,i
13536990,"Shimshek, Timur",BLR,M,,,,1488,0,40,SEP25,2008,i
13522493,"Shishko, Ilja",BLR,M,,,,1762,0,20,SEP25,2003,i
13531654,"Shkred, Kanstantsin",BLR,M,,,,1452,0,40,SEP25,2013,
13535501,"Shkred, Timofei",BLR,M,,,,1578,0,40,SEP25,2011,
13522264,"Shkurdiuk, Timofei",BLR,M,,,,1821,0,40,SEP25,2008,i
13521985,"Shkurdziuk, Tsimafei",BLR,M,,,,1607,0,40,SEP25,2008,i
13517635,"Shkuta, Yaroslav",BLR,M,,,,1433,0,40,SEP25,2007,i
13519026,"Shmakau, Ihar",BLR,M,,,,1623,0,20,SEP25,1967,i
13533622,"Shmarouskaya, Nadezda",BLR,M,,,,1402,0,40,SEP25,2010,i
13524410,"Shmidt, Hleb",BLR,M,,,,1465,0,40,SEP25,2010,i
13522639,"Shpetny, Alexey",BLR,M,,,,1649,0,40,SEP25,2006,i
13534785,"Shuhalo, Dziyana",BLR,F,,,,1470,0,40,SEP25,2011,w
13523694,"Shuliak, Zakhar",BLR,M,,,,1756,0,40,SEP25,2010,
13513443,"Shusta, Matsvei",BLR,M,,,,1749,0,20,SEP25,2003,i
13529854,"Shustsikau, Pavel",BLR,M,,,,1691,0,40,SEP25,2009,
13512250,"Shved, Dmitriy",BLR,M,,,,AIM,1628,0,SEP25,1999,i
13510908,"Shvedau, Mikhail",BLR,M,,,,1858,0,20,SEP25,2002,i
13522523,"Shydlouski, Artsiom",BLR,M,,,,1804,0,40,SEP25,2009,
13541242,"Shykhir, Anna",BLR,F,,,,1433,5,40,SEP25,2015,w
13534637,"Shyla, Tsimafei",BLR,M,,,,1431,0,40,SEP25,2010,i
13521560,"Shyman, Aliaksei",BLR,M,,,,1593,0,40,SEP25,2009,i
13509365,"Shynkevich, Pavel",BLR,M,,,,1885,0,20,SEP25,1997,i
13535803,"Shyshko, Vsevolod",BLR,M,,,,1530,0,40,SEP25,2008,
13534203,"Shytnikovich, Viachaslau",BLR,M,,,,1671,0,20,SEP25,1953,i
13505963,"Siagodnik, Anton",BLR,M,FM,,,2213,0,20,SEP25,1995,i
13520687,"Sialitskaya, Vasilina",BLR,F,,,,1489,0,40,SEP25,2010,wi
13526456,Siamionava Hanna,BLR,F,,,,1641,0,40,SEP25,2009,w
13519050,"Siardziuk, Mikita",BLR,M,,,,1551,0,20,SEP25,2001,i
13531930,"Siarkou, Aliaksandr",BLR,M,,,,1623,0,20,SEP25,1974,
13520920,"Sidorenja, Milena",BLR,F,,,,1710,0,40,SEP25,2009,w
13509888,"Sidorenko, Ilya",BLR,M,,,,1952,9,40,SEP25,2001,
13532782,"Silanova, Taisiya",BLR,F,,,,1527,0,40,SEP25,2011,w
13527509,"Silin, Dzmitry",BLR,M,,,,1430,0,40,SEP25,2010,i
13527118,"Sinchuk, Maria",BLR,F,,,,1431,0,40,SEP25,2011,w
13514385,"Siniukovich, Ivan",BLR,M,,,,1928,0,40,SEP25,2007,i
13517325,"Sinkevich, Aliaksandr",BLR,M,,,,1620,0,20,SEP25,2004,i
13519840,"Sirata, Aleh",BLR,M,,,,1742,0,40,SEP25,2007,i
13529269,"Skabelskaya, Zlata",BLR,F,,,,1457,0,40,SEP25,2012,w
13502204,"Skalozubov, Alexander",BLR,M,,,,2199,0,20,SEP25,1984,i
13533533,"Skibar, Alesya",BLR,M,,,,1404,0,40,SEP25,2008,
13514849,"Skorohod, Evgenij",BLR,M,,,,2083,0,20,SEP25,1973,i
13520717,"Skryba, Lev",BLR,M,,,,1450,0,40,SEP25,2008,i
13518321,"Sloboda, Vasilij",BLR,M,,,,1935,0,20,SEP25,1975,i
13510061,"Sluchak, Kiryl",BLR,M,,,,1906,0,20,SEP25,2003,i
13520725,"Smatayeu, Daniil",BLR,M,,,,1516,0,40,SEP25,2008,i
13503332,"Smirnov, Aleksander",BLR,M,,,,2057,0,20,SEP25,1967,i
13521888,"Smirnov, Igor",BLR,M,,,,1560,0,20,SEP25,2000,i
13500350,"Smirnov, Valerij",BLR,M,IM,,,2095,0,20,SEP25,1953,
13529170,"Smoliakov, Oleg",BLR,M,,,,1771,0,20,SEP25,1967,
13504231,"Smolich, Pavel",BLR,M,,,,2249,0,20,SEP25,1991,i
13518585,"Smolin, Sergei",BLR,M,,,,1840,0,20,SEP25,1947,i
13524399,"Smotrykau, Dzmitry",BLR,M,,,,1564,0,20,SEP25,2003,i
13519786,"Smychek, Kirill",BLR,M,,,,1465,0,40,SEP25,2006,i
13509268,"Snigur, Vladislav",BLR,M,,,,1783,0,20,SEP25,2002,i
13506242,"Sobol, Dmitry",BLR,M,,,,1747,0,20,SEP25,1990,
13509314,"Sobol, Robert",BLR,M,,,,1848,0,20,SEP25,1999,i
13534211,"Sochneu, Fiodar",BLR,M,,,,1816,0,20,SEP25,1958,i
13523210,"Sokal, Daniil",BLR,M,,,,1450,0,40,SEP25,2010,i
13513702,"Sokal, Uladzislau",BLR,M,,,,1680,0,20,SEP25,2006,i
13516728,"Sokolov, Alexandr",BLR,M,,,,1805,0,20,SEP25,1998,i
13514857,"Sokolov, Evgenij",BLR,M,,,,1969,0,20,SEP25,1971,i
13521535,"Solodukhin, Anton",BLR,M,,,,1560,0,40,SEP25,2009,i
13539612,"Soloviev, Andrei",BLR,M,,,,1445,0,40,SEP25,2001,
13520555,"Sorokin, Dmitry",BLR,M,,,,1765,0,20,SEP25,2002,i
13518496,"Sosnovskaja, Tatjana",BLR,M,,,,1704,0,20,SEP25,1983,i
13539051,"Sosnovsky, Stanislav",BLR,M,,,,1802,0,40,SEP25,1953,
13516078,"Spizharny, Mikhail",BLR,M,FM,,,2105,0,20,SEP25,2006,
13534912,"Stalinia, Semen",BLR,M,,,,1406,0,40,SEP25,2014,i
13523597,"Stambrouskaya, Maryia",BLR,F,,,,1603,0,40,SEP25,2007,wi
13514865,"Stanishevskij, Aleksandr",BLR,M,,,,1836,0,20,SEP25,1961,
13520644,"Staravoitau, Mikhail",BLR,M,,,,1543,0,40,SEP25,2009,i
13516205,"Staravoitava, Hanna",BLR,F,,,,1734,0,20,SEP25,2002,wi
13529412,"Starodubets, Tsimofej",BLR,M,,,,1770,0,20,SEP25,2006,
13526847,"Starykovich, Uladzislau",BLR,M,,,,1425,0,40,SEP25,2011,i
13533487,"Staver, Leonid",BLR,M,,,,1458,0,40,SEP25,2013,i
13537741,"Stavro, Markel",BLR,M,,,,1453,0,40,SEP25,1990,i
13537903,"Stavro, Markel",BLR,M,,,,1460,0,40,SEP25,1980,i
13515039,Stefanovich Yana,BLR,F,,,,1566,0,20,SEP25,2005,wi
13515454,"Stepanov, Igor",BLR,M,,,,1642,0,20,SEP25,1999,i
13505300,"Stetsko, Lanita",BLR,F,FM,WGM,,2167,0,20,SEP25,1993,wi
13514407,"Streltsov, Ignat",BLR,M,,,,1636,0,20,SEP25,1999,i
13518364,"Stremaus, Mikhail",BLR,M,,,,1739,0,20,SEP25,1999,i
13513974,"Strizhnev, Ivan",BLR,M,,,,1887,0,40,SEP25,2007,
13536311,"Stroyeu, Vitali",BLR,M,,,,1441,1,40,SEP25,1983,
13509330,"Strunevskii, Alexander",BLR,M,,,,1960,0,20,SEP25,0,i
13538160,"Stselmashuk, Daniil",BLR,M,,,,1486,0,40,SEP25,2013,
13519867,"Stsepkin, Ihar",BLR,M,,,,1572,0,20,SEP25,1997,i
13507575,"Stsepkina, Katsiaryna",BLR,F,,,,1885,0,20,SEP25,1999,wi
13510029,"Stsepkina, Yauheniya",BLR,F,,,,1771,0,20,SEP25,2003,wi
13527134,"Stsiapanychau, Hleb",BLR,M,,,,1448,0,40,SEP25,2007,i
13514032,"Stsiapnou, Ihar",BLR,M,,,,1869,0,20,SEP25,1979,i
13511246,"Stsiapnou, Mikita",BLR,M,,,,1777,0,20,SEP25,2004,i
13503758,"Stupak, Kirill",BLR,M,GM,,,2438,0,10,SEP25,1990,
13504169,"Surin, Kirill",BLR,M,,,,1969,0,20,SEP25,1990,i
13517627,"Suslov, Alexander",BLR,M,,,,1515,0,40,SEP25,2006,i
13506404,"Sventitski, Sergei",BLR,M,,,,2051,0,20,SEP25,0,i
13513133,"Svidersky, Nikita",BLR,M,,,,1963,0,20,SEP25,2000,i
13515020,Svintitski Yaraslau,BLR,M,,,,1461,0,40,SEP25,2006,i
13517430,"Svirydau, Anton",BLR,M,,,,1678,0,20,SEP25,1984,i
13506250,"Svistun, Ivan",BLR,M,,,,1980,0,20,SEP25,1993,i
13502859,"Svjatocho, Andrej",BLR,M,,,,1893,9,20,SEP25,1973,
13511378,"Sychou, Dzmitry",BLR,M,,,,1854,0,20,SEP25,1989,i
13521187,"Sysoi, Aliaksei",BLR,M,,,,1548,0,40,SEP25,2005,i
13512285,"Sytko, Daniil",BLR,M,,,,1692,0,20,SEP25,2005,i
13522906,"Sytko, Vladimir",BLR,M,,,,1402,0,40,SEP25,2011,i
13511742,"Szczerbacewicz, Nastia",BLR,F,,,,1860,0,20,SEP25,2002,wi
13538454,Tachony Artsiom,BLR,M,,,,1540,0,40,SEP25,2015,
13501682,"Takhirov, Viktor",BLR,M,,,,2143,0,20,SEP25,1971,i
13511092,"Talma, Sergei",BLR,M,,,,1890,0,20,SEP25,1952,
13513338,Taraikovski Mikhail,BLR,M,,,,1504,0,20,SEP25,2003,i
13532898,"Tarasenia, Arseni",BLR,M,,,,1700,0,40,SEP25,2012,
13514288,"Tarasenka, Aliaksandra",BLR,F,WFM,WFM,,2126,0,20,SEP25,2006,w
13539957,"Tarasevich, Ivan",BLR,M,,,,1551,0,40,SEP25,2011,
13515098,"Tarasevich, Mikhail",BLR,M,,,,2059,0,20,SEP25,2002,i
13523511,"Tarasevich, Yan",BLR,M,,,,1516,0,40,SEP25,2011,i
13535366,"Tarasiuk, Eva",BLR,F,,,,1528,0,40,SEP25,2011,w
13536052,"Tarasiuk, Mark",BLR,M,,,,1404,0,40,SEP25,2011,i
13535668,"Tarasiuk, Yeva",BLR,F,,,,1466,0,40,SEP25,2011,w
13508210,"Tashtimirov, Farid",BLR,M,,,,1788,0,20,SEP25,1955,i
13535811,"Tastahan, Daniil",BLR,M,,,,1531,0,40,SEP25,2013,
13537644,"Tastahan, Siamion",BLR,M,,,,1465,0,40,SEP25,2016,
13509349,"Tavakalov, Stanislav",BLR,M,,,,1957,0,20,SEP25,1999,i
13519069,"Tchachev, Pavel",BLR,M,,,,1743,0,20,SEP25,2000,i
13537784,"Terehov, Roman",BLR,M,,,,1478,6,40,SEP25,2009,
13533169,"Teterev, Ivan",BLR,M,,,,1456,0,40,SEP25,2014,
13501429,"Teterev, Vitaly",BLR,M,GM,,,2383,0,10,SEP25,1983,
13512293,"Tihanovich, Olga",BLR,F,,,,1521,0,20,SEP25,1986,wi
13500325,"Tihonov, Jurij",BLR,M,GM,,,2214,0,10,SEP25,1978,i
13520172,"Tikhonovich, Olga",BLR,M,,,,1621,0,20,SEP25,1986,i
13537555,"Timoh, Gleb",BLR,M,,,,1581,0,40,SEP25,2011,
13516353,"Titov, Ivan",BLR,M,,,,1591,0,20,SEP25,1939,i
13507214,"Tkachenok, Maxim",BLR,M,,,,1843,0,20,SEP25,0,i
13515594,"Tkachou, Pavel",BLR,M,,,,1639,0,20,SEP25,2000,i
13522930,"Tkachou, Pavel",BLR,M,,,,1533,0,20,SEP25,2005,i
13512544,"Tkachou, Viktar",BLR,M,,,,1772,0,20,SEP25,1981,
13527878,"Tolkatch, Roman",BLR,M,,,,1665,0,40,SEP25,2010,
13517767,"Tomashevich, Evgeni",BLR,M,,,,1641,0,20,SEP25,2003,i
13522647,"Tomchin, Mihail",BLR,M,,,,1581,0,20,SEP25,1951,i
13518070,"Traskovsky, Ivan",BLR,M,,,,1778,0,20,SEP25,2000,i
13501313,"Trifonov, Denis",BLR,M,FM,,,2066,0,20,SEP25,1978,
13518151,"Troyanov, Aleksandr",BLR,M,,,,1576,0,20,SEP25,1982,i
13523198,"Trus, Darya I",BLR,F,,,,1509,0,40,SEP25,2011,wi
13504282,"Trus, Iryna",BLR,F,WFM,WFM,,1991,0,20,SEP25,1989,wi
13534629,"Tsarkou, Mikhail",BLR,M,,,,1953,0,40,SEP25,2008,
13527169,"Tsevelyuk, Illia",BLR,M,,,,1832,0,40,SEP25,2011,
13519077,"Tsiahushau, Vitali",BLR,M,,,,1700,0,20,SEP25,1949,i
13538179,"Tsiarletski, Hleb",BLR,M,,,,1524,0,40,SEP25,2010,
13520601,"Tsiarletski, Yahor",BLR,M,,,,1617,0,40,SEP25,2008,
13518640,"Tsimashevich, Mikhail",BLR,M,,,,1620,0,40,SEP25,2006,i
13515306,"Tsishkou, Dzmitry",BLR,M,,,,1509,0,20,SEP25,2005,i
13533851,"Tsitou, Siarhei",BLR,M,,,,1594,0,20,SEP25,1970,i
13514229,"Tsiuryn, Ilya",BLR,M,,,,1796,0,20,SEP25,2006,i
13516914,"Tsurko, Uladzislau",BLR,M,,,,1728,0,20,SEP25,2006,i
13519980,"Tsvirko, Stas",BLR,M,,,,1735,0,20,SEP25,2004,i
13526545,"Tsybin, Egor",BLR,M,,,,1713,0,40,SEP25,2006,i
13516868,"Tsyganov, Dmitrij",BLR,M,,,,1469,0,40,SEP25,2007,i
13505130,"Tsyhanchuk, Stanislav",BLR,M,IM,"FT,FA",,2218,0,10,SEP25,1992,
13521004,"Tsyhanou, Andrei",BLR,M,,,,1779,0,40,SEP25,2010,
13520997,"Tsyhanova, Hanna",BLR,F,,,,1446,0,40,SEP25,2008,w
13518011,"Tsyrkun, Raman",BLR,M,,,,1456,0,40,SEP25,2008,i
13523864,"Tyletski, Aliaksandr",BLR,M,,,,1473,0,40,SEP25,2007,i
13530658,"Tylkov, Timofey",BLR,M,,,,1713,8,40,SEP25,2012,
13538284,"Ulasenka, Daniil",BLR,M,,,,1456,0,40,SEP25,2013,
13519875,"Unukouski, Aliaxandr",BLR,M,,,,1725,0,40,SEP25,2008,i
13520075,"Unukouski, Ivan",BLR,M,,,,1554,0,20,SEP25,1973,i
13515489,"Urbanovich, Aliaksei",BLR,M,,,,1758,0,20,SEP25,2002,i
13529641,"Usava, Sviatlana",BLR,F,,,,1502,0,40,SEP25,2011,wi
13510401,"Ustiugov, Boris",BLR,M,,,,1652,0,20,SEP25,1938,
13508903,"Uzlavataya, Anhelina",BLR,F,,,,1902,0,20,SEP25,1997,wi
13530739,"Vahura, Kira",BLR,F,,,,1491,0,40,SEP25,2013,w
13516736,"Vaida, Roman",BLR,M,,,,1645,0,20,SEP25,1985,i
13510649,"Vainerchuk, Raman",BLR,M,,,,1794,0,20,SEP25,0,i
13521683,"Vakhitava, Darya",BLR,F,,,,1474,0,40,SEP25,2009,wi
13510282,"Vakhitov, Dmitri",BLR,M,,,,1953,0,20,SEP25,2001,i
13519387,"Vakhitova, Darya",BLR,F,,,,1471,0,40,SEP25,2009,wi
13533177,"Vakulich, Dmitriy",BLR,M,,,,1426,0,40,SEP25,2012,i
13529218,"Vakulik, Dzmitry",BLR,M,,,,1452,0,40,SEP25,2012,i
13500848,"Valentinov, Mitko",BLR,M,,,,1636,0,20,SEP25,1970,i
13516787,"Valkevich, Valentin",BLR,M,,,,1812,0,20,SEP25,1958,i
13517040,"Valko, Siarhei",BLR,M,,,,1831,0,20,SEP25,1983,i
13528645,"Valovich, Arkadz",BLR,M,,,,1671,0,40,SEP25,2013,
13527223,"Vankevich, Daniel",BLR,M,,,,1405,0,40,SEP25,2010,
13505637,"Varantsou, Ivan",BLR,M,,,,1722,0,20,SEP25,1947,
13533185,"Vargan, Nikita",BLR,M,,,,1620,0,20,SEP25,2004,i
13506676,"Vashchilov, Sergey",BLR,M,,,,1949,0,20,SEP25,1988,i
13524615,"Vasilenka, Vadzim",BLR,M,,,,AFM,1650,0,SEP25,1988,i
13514636,"Vasiljev, Aleksandr",BLR,M,,,,1849,0,20,SEP25,1983,i
13538535,Vasiluk Matvey,BLR,M,,,,1748,0,40,SEP25,2006,
13518160,"Vasilyev, Aleksandr",BLR,M,,,,1719,0,20,SEP25,1988,i
13522680,"Vaskov, Artem",BLR,M,,,,1469,0,40,SEP25,2010,
13516159,"Vavulina, Veronika",BLR,M,,,,1465,0,20,SEP25,2003,i
13521365,"Vayeuchyk, Anastasiya",BLR,F,,,,1499,0,40,SEP25,2008,wi
13515322,"Velitchenko, Nikolai",BLR,M,,,,1482,0,40,SEP25,2007,i
13510550,"Verbitskij, Dmitrij",BLR,M,,,,1924,0,20,SEP25,0,i
13500384,"Veremeichik, Vladimir",BLR,M,,,,2239,0,20,SEP25,1951,i
13538730,"Verenich, Aliaksei",BLR,M,,,,1600,0,40,SEP25,2009,
13510410,"Veretennikov, Vladimir",BLR,M,,,,1837,0,20,SEP25,1952,
13503839,"Veter, Igor",BLR,M,,,,2155,0,20,SEP25,1970,i
13538683,"Vevel, Alesia",BLR,F,,,,1495,0,40,SEP25,2013,w
13513710,"Vialitchanka, Mikalai",BLR,M,,,,1690,0,40,SEP25,2007,i
13520458,"Viarshok, Leanid",BLR,M,,,,1443,0,40,SEP25,2008,i
13521870,"Viartsinski, Savely",BLR,M,,,,1434,0,40,SEP25,2010,i
13540998,"Viarutsin, Maksim",BLR,M,,,,1546,7,40,SEP25,2000,
13529617,"Videvich, Maksim",BLR,M,,,,1562,0,40,SEP25,2010,
13536923,"Viktorchyk, Siarhei",BLR,M,,,,1413,0,40,SEP25,1975,i
13516760,"Vitalisov, Ivan",BLR,M,,,,1813,0,20,SEP25,2001,i
13534920,"Vlasovets, Ilya",BLR,M,,,,1444,0,40,SEP25,2011,i
13532197,"Voishnis, Ivan",BLR,M,,,,1699,0,40,SEP25,2013,
13513079,"Voiteshonok, Viacheslav",BLR,M,,,,1624,0,20,SEP25,2002,i
13503847,"Volianuk, Vitaly",BLR,M,,,,2090,0,20,SEP25,1983,
13511769,"Volkov, Igor",BLR,M,,,,1789,0,20,SEP25,1950,i
13529625,"Volkov, Yan",BLR,M,,,,1690,0,40,SEP25,2011,
13538187,"Volovich, Arkady",BLR,M,,,,1590,7,40,SEP25,2013,
13517910,"Vorobiov, Vladimir",BLR,M,,,,1935,0,20,SEP25,1955,i
13522949,"Voronko, Maksim",BLR,M,,,,1564,0,40,SEP25,2010,i
13534343,"Yadzievich, Mark",BLR,M,,,,1555,0,40,SEP25,2010,
13518704,"Yafremau, Aliaksei",BLR,M,,,,1596,0,40,SEP25,2007,i
13534807,"Yahont, Ignatiy",BLR,M,,,,1648,0,40,SEP25,2008,
13516639,"Yakatsuk, Fedor",BLR,M,,,,1802,0,40,SEP25,2006,i
13533266,"Yakavenka, Daniil",BLR,M,,,,1553,0,40,SEP25,2015,
13535374,"Yakavenka, Katsiaryna",BLR,M,,,,1602,0,40,SEP25,2012,
13524755,"Yakavenka, Yauheni",BLR,M,,,,1945,0,20,SEP25,1974,i
13533568,"Yakovenko, Daniil",BLR,M,,,,1534,0,40,SEP25,2015,
13536745,"Yakovleva, Katrina",BLR,F,,,,1568,0,40,SEP25,2013,w
13524429,"Yakubenia, Kirill",BLR,M,,,,1540,0,40,SEP25,2008,i
13525158,"Yakubovskii, Dmitry",BLR,M,,,,1452,0,40,SEP25,2006,i
13533550,"Yakushevich, Anna",BLR,M,,,,1429,0,40,SEP25,2006,i
13517244,"Yankouskaya, Palina",BLR,F,,,,1670,0,20,SEP25,1986,wi
13505327,"Yankouski, Vitali",BLR,M,,,,1789,0,20,SEP25,1981,i
13539507,"Yanovich, Vladislav",BLR,M,,,,1563,7,40,SEP25,2004,
13534084,"Yanushevsky, Nikolay",BLR,M,,,,1634,0,20,SEP25,1960,i
13531093,"Yarets, Andrey",BLR,M,,,,1425,0,40,SEP25,2012,i
13520270,"Yarotski, Aliaksei",BLR,M,,,,1574,0,40,SEP25,2010,i
13515080,"Yashchuk, Mikhail",BLR,M,,,,1926,0,20,SEP25,2003,
13537679,"Yasinski, Kiryl",BLR,M,,,,1506,0,40,SEP25,2006,i
13520148,"Yasiukovich, Sergei",BLR,M,,,,1733,0,20,SEP25,1959,i
13530488,"Yastrebov, Yaroslav",BLR,M,,,,1736,0,40,SEP25,2009,
13529870,"Yauzrezava, Esenia",BLR,F,,,,1513,0,40,SEP25,2010,w
13530941,"Yemelyanau, Hleb",BLR,M,,,,1443,0,40,SEP25,2006,i
13527703,"Yemelyanau, Zakhar",BLR,M,,,,1895,0,40,SEP25,2011,
13531816,"Yermalovich, Andrei",BLR,M,,,,1689,0,20,SEP25,1985,
13517112,"Yezhel, Mariya",BLR,F,,,,1495,0,40,SEP25,2005,wi
13520563,"Yorsh, Aliaksei",BLR,M,,,,1416,0,40,SEP25,2008,i
13526251,"Yukhimuk, Anna",BLR,M,,,,1623,0,40,SEP25,2005,i
13540297,"Yukovich, Andrei",BLR,M,,,,1444,4,40,SEP25,2013,
13515918,"Yurau, Maksim",BLR,M,,,,1822,0,20,SEP25,2004,i
13514008,"Yurkovskaya, Ekaterina",BLR,F,,,,1530,0,20,SEP25,2002,wi
13531026,"Yurusau, Aliaksandr",BLR,M,,,,1510,0,40,SEP25,2005,i
13517597,"Zabaluyeva, Darya",BLR,F,,,,1483,0,40,SEP25,2007,wi
13519794,"Zabavskij, Pavel",BLR,M,,,,1585,0,20,SEP25,2004,i
13514270,"Zablotski, Yaraslau",BLR,M,,,,1859,0,40,SEP25,2005,i
13530364,"Zakharanka, Varvara",BLR,F,,,,1557,0,40,SEP25,2012,w
13519093,"Zakharenka, Ilya",BLR,M,,,,1833,0,20,SEP25,2003,i
13534815,"Zakharenko, Varvara",BLR,F,,,,1632,0,40,SEP25,2012,w
13517929,"Zakharevich, Anna",BLR,M,,,,1452,0,20,SEP25,2006,i
13533860,"Zakharin, Mikhail",BLR,M,,,,1654,0,40,SEP25,2006,i
13524771,"Zakirau, Erast",BLR,M,,,,1881,0,20,SEP25,1964,
13516647,"Zakrevski, Stanislav",BLR,M,,,,1875,0,20,SEP25,1948,i
13539060,"Zakrevsky, Stanislav",BLR,M,,,,1789,0,40,SEP25,1948,
13507222,"Zakrzheuski, Vladislav",BLR,M,,,,1925,0,20,SEP25,1996,i
13523201,"Zaleuski,Uladzimir A",BLR,M,,,,1569,0,20,SEP25,2004,i
13502611,"Zaman, Daniel",BLR,M,,,,1874,0,20,SEP25,1998,i
13539728,"Zapatylak, Mikhail",BLR,M,,,,1455,6,40,SEP25,2014,
13517279,"Zaretski, Dzianis",BLR,M,,,,1566,0,40,SEP25,2007,i
13537610,"Zaretski, Ilya",BLR,M,,,,1414,0,40,SEP25,2011,i
13520865,"Zaruba, Anfisa",BLR,F,,,,1564,0,40,SEP25,2007,wi
13509373,"Zarubitski, Viachaslau",BLR,M,IM,,,2347,0,10,SEP25,2002,
13500600,"Zaytseva, Kira",BLR,F,,,,1849,0,20,SEP25,1997,wi
13530895,"Zdor, Pavel",BLR,M,,,,1511,0,40,SEP25,2005,i
13503952,"Zelenko, Pavel",BLR,M,,,,2177,0,20,SEP25,1991,i
13511696,"Zenchanka, Pavel",BLR,M,,,,1984,0,20,SEP25,2001,i
13526260,"Zhaburdzionak, Anastasiya",BLR,F,,,,1450,0,40,SEP25,2005,wi
13515349,"Zhalalis, Stanislav",BLR,M,,,,1677,0,20,SEP25,1941,i
13514067,"Zhdanenya, Konstantin",BLR,M,,,,1932,0,20,SEP25,1985,i
13514784,"Zhibul, Viktor",BLR,M,,,,1783,0,20,SEP25,1948,i
13502247,"Zhigalko, Andrey",BLR,M,GM,,,2449,0,10,SEP25,1985,i
13502956,"Zhigalko, Sergei",BLR,M,GM,,,2562,0,10,SEP25,1989,
13506480,"Zhigalko, Tatiana",BLR,F,WFM,WFM,,2106,0,20,SEP25,1994,wi
13510460,"Zhigulich, Veronika",BLR,F,,,,1464,0,20,SEP25,2002,wi
13510479,"Zhigulich, Vladislav",BLR,M,,,,1816,0,20,SEP25,2000,i
13532278,"Zhloba, Anna",BLR,M,,,,1434,0,40,SEP25,2011,i
13522833,"Zhloba, Artur",BLR,M,,,,1412,0,40,SEP25,2009,i
13502255,"Zhuck, Sergei",BLR,M,,,,2068,0,20,SEP25,1974,i
13513087,"Zhuk, Aleksandr",BLR,M,,,,1721,0,20,SEP25,1939,
13536133,"Zhuk, Tsimur",BLR,M,,,,1454,0,40,SEP25,2010,i
13537229,"Zhukov, Mikhail",BLR,M,,,,1475,0,40,SEP25,2011,
13505653,"Zhukov, Nikolai",BLR,M,,,,1783,0,20,SEP25,1968,
13512684,"Zhukov, Yuri V.",BLR,M,,,,1794,0,40,SEP25,1975,
13512358,"Zhukovich, Vasil",BLR,M,,,,1684,0,20,SEP25,1939,
13518062,"Zhukovskij, Viktor",BLR,M,,,,1902,0,20,SEP25,1991,
13518178,"Zhura, Sergei",BLR,M,,,,1765,0,20,SEP25,1978,i
13521586,"Zhurauliou, Pavel",BLR,M,,,,1530,0,40,SEP25,2008,i
13527479,"Zhurauski, Michael",BLR,M,,,,1581,0,40,SEP25,2012,
13535307,"Zhurauski, Yahor",BLR,M,,,,1477,0,40,SEP25,2013,
13512862,"Zhuravlev, Fiodor",BLR,M,,,,1859,0,20,SEP25,0,i
13519417,"Zhurko, Pavel",BLR,M,,,,1537,0,20,SEP25,1992,i
13530429,"Zhurko,Alisa",BLR,F,,,,1474,0,40,SEP25,2010,w
13524054,"Zhykhar, Dzianis",BLR,M,,,,1523,0,40,SEP25,2009,i
13531212,"Zhykhar, Ilya",BLR,M,,,,1449,0,40,SEP25,2015,i
13531107,"Zhylchyk, Mark",BLR,M,,,,AFM,1453,0,SEP25,2011,
13537059,"Zhytkevich, Valeryia",BLR,F,,,,1494,0,40,SEP25,2016,w
13517457,"Zianevich, Uliana",BLR,F,,,,1579,0,40,SEP25,2005,wi
13524658,"Zianiuk, Tsimafei",BLR,M,,,,1459,0,40,SEP25,2009,i
13508695,"Ziaziulkin, Pavel",BLR,M,,,,1721,0,20,SEP25,2002,i
13516418,"Ziaziulkina, Alena",BLR,F,,,,2000,0,20,SEP25,1975,wi
13505211,"Ziaziulkina, Nastassia",BLR,F,IM,WGM,,2299,0,20,SEP25,1995,wi
13515527,"Zinziver, Ivan",BLR,M,,,,1533,0,20,SEP25,2002,i
13506323,"Ziuzin, Mikhail",BLR,M,,,,1776,0,20,SEP25,0,i
13512870,"Znachenok, Aleksei",BLR,M,,,,1711,0,20,SEP25,0,i
13520466,"Znachonok, Anna",BLR,F,,,,1518,0,40,SEP25,2008,wi
13525204,"Zolotenkov, Vasilly",BLR,M,,,,1713,0,40,SEP25,2008,i
13516841,"Zortea, Roman",BLR,M,,,,1647,0,40,SEP25,2007,
13527622,"Zoryn, Mikhail",BLR,M,,,,1564,0,40,SEP25,2011,
13516663,"Zubarev, Alexej",BLR,M,,,,1569,0,20,SEP25,1995,i
13521748,"Zubaryk, Maryia",BLR,F,,,,1585,0,40,SEP25,2009,wi
13522655,"Zuev, Alexandr",BLR,M,,,,1569,0,20,SEP25,2004,i
13528718,"Zuev, Kirill",BLR,M,,,,1641,0,40,SEP25,2009,
13539582,"Zuev, Roman",BLR,M,,,,1736,0,40,SEP25,2009,
13512170,"Zuyeu, Viachaslau",BLR,M,,,,1644,0,40,SEP25,0,i