[
  {
    "ID Number": "10401130"
  },
  {
    "ID Number": "30963125"
  },
  {
    "ID Number": "10401334"
  },
  {
    "ID Number": "10401784"
  },
  {
    "ID Number": "10402209"
  },
  {
    "ID Number": "10400095"
  },
  {
    "ID Number": "10400303"
  },
  {
    "ID Number": "10400257"
  },
  {
    "ID Number": "10400010"
  },
  {
    "ID Number": "10400192"
  },
  {
    "ID Number": "10400109"
  },
  {
    "ID Number": "10400311"
  },
  {
    "ID Number": "10400028"
  },
  {
    "ID Number": "10400079"
  },
  {
    "ID Number": "10400559"
  },
  {
    "ID Number": "10402225"
  },
  {
    "ID Number": "10400591"
  },
  {
    "ID Number": "10400036"
  },
  {
    "ID Number": "10400893"
  },
  {
    "ID Number": "10400222"
  },
  {
    "ID Number": "10400451"
  },
  {
    "ID Number": "10401849"
  },
  {
    "ID Number": "10402543"
  },
  {
    "ID Number": "10400699"
  },
  {
    "ID Number": "10400290"
  },
  {
    "ID Number": "10400168"
  },
  {
    "ID Number": "10401300"
  },
  {
    "ID Number": "10400117"
  },
  {
    "ID Number": "10400087"
  },
  {
    "ID Number": "10400583"
  },
  {
    "ID Number": "10402390"
  },
  {
    "ID Number": "10402454"
  },
  {
    "ID Number": "10400281"
  },
  {
    "ID Number": "10400249"
  },
  {
    "ID Number": "10400818"
  },
  {
    "ID Number": "10401202"
  },
  {
    "ID Number": "10401601"
  },
  {
    "ID Number": "10401199"
  },
  {
    "ID Number": "10401040"
  },
  {
    "ID Number": "10401164"
  },
  {
    "ID Number": "10402012"
  },
  {
    "ID Number": "10400834"
  },
  {
    "ID Number": "10401121"
  },
  {
    "ID Number": "10401105"
  },
  {
    "ID Number": "10400796"
  },
  {
    "ID Number": "10400044"
  },
  {
    "ID Number": "10400710"
  },
  {
    "ID Number": "10400052"
  },
  {
    "ID Number": "61400220"
  },
  {
    "ID Number": "10401113"
  },
  {
    "ID Number": "10400761"
  },
  {
    "ID Number": "10400788"
  },
  {
    "ID Number": "10400494"
  },
  {
    "ID Number": "10402144"
  },
  {
    "ID Number": "10401881"
  },
  {
    "ID Number": "10402160"
  },
  {
    "ID Number": "10401717"
  },
  {
    "ID Number": "10400338"
  },
  {
    "ID Number": "10400125"
  }
]