[
  {
    "ID Number": "13466208"
  },
  {
    "ID Number": "13448374"
  },
  {
    "ID Number": "54153972"
  },
  {
    "ID Number": "13402960"
  },
  {
    "ID Number": "13419781"
  },
  {
    "ID Number": "13420470"
  },
  {
    "ID Number": "13488210"
  },
  {
    "ID Number": "13448803"
  },
  {
    "ID Number": "13442546"
  },
  {
    "ID Number": "13402277"
  },
  {
    "ID Number": "13417487"
  },
  {
    "ID Number": "13400665"
  },
  {
    "ID Number": "13445898"
  },
  {
    "ID Number": "13405233"
  },
  {
    "ID Number": "13401777"
  },
  {
    "ID Number": "13405225"
  },
  {
    "ID Number": "13410300"
  },
  {
    "ID Number": "13410059"
  },
  {
    "ID Number": "13423193"
  },
  {
    "ID Number": "13424475"
  },
  {
    "ID Number": "13454498"
  },
  {
    "ID Number": "13425340"
  },
  {
    "ID Number": "13416502"
  },
  {
    "ID Number": "13425439"
  },
  {
    "ID Number": "13401807"
  },
  {
    "ID Number": "13464906"
  },
  {
    "ID Number": "13429604"
  },
  {
    "ID Number": "13443089"
  },
  {
    "ID Number": "13451022"
  },
  {
    "ID Number": "13409123"
  },
  {
    "ID Number": "13403087"
  },
  {
    "ID Number": "13447440"
  },
  {
    "ID Number": "13456997"
  },
  {
    "ID Number": "13404237"
  },
  {
    "ID Number": "13452282"
  },
  {
    "ID Number": "13465830"
  },
  {
    "ID Number": "13432796"
  },
  {
    "ID Number": "13459465"
  },
  {
    "ID Number": "13453947"
  },
  {
    "ID Number": "13403818"
  },
  {
    "ID Number": "13415832"
  },
  {
    "ID Number": "13428080"
  },
  {
    "ID Number": "13481169"
  },
  {
    "ID Number": "13420119"
  },
  {
    "ID Number": "13431935"
  },
  {
    "ID Number": "13418742"
  },
  {
    "ID Number": "13431056"
  },
  {
    "ID Number": "13402498"
  },
  {
    "ID Number": "13402714"
  },
  {
    "ID Number": "13405390"
  },
  {
    "ID Number": "13466933"
  },
  {
    "ID Number": "13465899"
  },
  {
    "ID Number": "13458027"
  },
  {
    "ID Number": "13456733"
  },
  {
    "ID Number": "13428020"
  },
  {
    "ID Number": "13477099"
  },
  {
    "ID Number": "13462555"
  },
  {
    "ID Number": "13426338"
  },
  {
    "ID Number": "13475444"
  },
  {
    "ID Number": "13455575"
  },
  {
    "ID Number": "13412647"
  },
  {
    "ID Number": "13481665"
  },
  {
    "ID Number": "13454390"
  },
  {
    "ID Number": "13402854"
  },
  {
    "ID Number": "13402374"
  },
  {
    "ID Number": "13452509"
  },
  {
    "ID Number": "13459058"
  },
  {
    "ID Number": "13416120"
  },
  {
    "ID Number": "13424696"
  },
  {
    "ID Number": "13422014"
  },
  {
    "ID Number": "13424270"
  },
  {
    "ID Number": "13402048"
  },
  {
    "ID Number": "13420801"
  },
  {
    "ID Number": "13435396"
  },
  {
    "ID Number": "13424092"
  },
  {
    "ID Number": "13474570"
  },
  {
    "ID Number": "13433148"
  },
  {
    "ID Number": "13425650"
  },
  {
    "ID Number": "13462261"
  },
  {
    "ID Number": "13456750"
  },
  {
    "ID Number": "13456369"
  },
  {
    "ID Number": "13412795"
  },
  {
    "ID Number": "13405640"
  },
  {
    "ID Number": "13469282"
  },
  {
    "ID Number": "13431552"
  },
  {
    "ID Number": "13418092"
  },
  {
    "ID Number": "13451502"
  },
  {
    "ID Number": "13462687"
  },
  {
    "ID Number": "13433946"
  },
  {
    "ID Number": "13462970"
  },
  {
    "ID Number": "13468588"
  },
  {
    "ID Number": "13471406"
  },
  {
    "ID Number": "13463845"
  },
  {
    "ID Number": "13402200"
  },
  {
    "ID Number": "13413392"
  },
  {
    "ID Number": "13468138"
  },
  {
    "ID Number": "13424017"
  },
  {
    "ID Number": "13425668"
  },
  {
    "ID Number": "13468774"
  },
  {
    "ID Number": "13435655"
  },
  {
    "ID Number": "13403435"
  },
  {
    "ID Number": "13405403"
  },
  {
    "ID Number": "13413201"
  },
  {
    "ID Number": "13413007"
  },
  {
    "ID Number": "13423754"
  },
  {
    "ID Number": "13446452"
  },
  {
    "ID Number": "13455923"
  },
  {
    "ID Number": "13425102"
  },
  {
    "ID Number": "13418556"
  },
  {
    "ID Number": "13442465"
  },
  {
    "ID Number": "13469002"
  },
  {
    "ID Number": "13423304"
  },
  {
    "ID Number": "13410032"
  },
  {
    "ID Number": "13419897"
  },
  {
    "ID Number": "13475169"
  },
  {
    "ID Number": "13464930"
  },
  {
    "ID Number": "13431560"
  },
  {
    "ID Number": "13415972"
  },
  {
    "ID Number": "13449575"
  },
  {
    "ID Number": "13416243"
  },
  {
    "ID Number": "13401262"
  },
  {
    "ID Number": "13424343"
  },
  {
    "ID Number": "13475010"
  },
  {
    "ID Number": "13458140"
  },
  {
    "ID Number": "13401564"
  },
  {
    "ID Number": "13433423"
  },
  {
    "ID Number": "13440594"
  },
  {
    "ID Number": "13461044"
  },
  {
    "ID Number": "13455630"
  },
  {
    "ID Number": "13463861"
  },
  {
    "ID Number": "13460277"
  },
  {
    "ID Number": "13428977"
  },
  {
    "ID Number": "13429108"
  },
  {
    "ID Number": "13405411"
  },
  {
    "ID Number": "13471090"
  },
  {
    "ID Number": "13456385"
  },
  {
    "ID Number": "13476033"
  },
  {
    "ID Number": "13424254"
  },
  {
    "ID Number": "13464922"
  },
  {
    "ID Number": "13408461"
  },
  {
    "ID Number": "13402617"
  },
  {
    "ID Number": "13416154"
  },
  {
    "ID Number": "13420259"
  },
  {
    "ID Number": "13469797"
  },
  {
    "ID Number": "13451936"
  },
  {
    "ID Number": "13417045"
  },
  {
    "ID Number": "13464310"
  },
  {
    "ID Number": "13433741"
  },
  {
    "ID Number": "13424190"
  },
  {
    "ID Number": "13463918"
  },
  {
    "ID Number": "13409166"
  },
  {
    "ID Number": "13401084"
  },
  {
    "ID Number": "13466127"
  },
  {
    "ID Number": "13409980"
  },
  {
    "ID Number": "13462199"
  },
  {
    "ID Number": "13415263"
  },
  {
    "ID Number": "13429132"
  },
  {
    "ID Number": "13418564"
  },
  {
    "ID Number": "13453440"
  },
  {
    "ID Number": "13440659"
  },
  {
    "ID Number": "13471597"
  },
  {
    "ID Number": "13400754"
  },
  {
    "ID Number": "13474979"
  },
  {
    "ID Number": "13458620"
  },
  {
    "ID Number": "13467026"
  },
  {
    "ID Number": "13422804"
  },
  {
    "ID Number": "13430718"
  },
  {
    "ID Number": "13458442"
  },
  {
    "ID Number": "13412655"
  },
  {
    "ID Number": "13410016"
  },
  {
    "ID Number": "13415450"
  },
  {
    "ID Number": "13432044"
  },
  {
    "ID Number": "13408313"
  },
  {
    "ID Number": "13463020"
  },
  {
    "ID Number": "13413457"
  },
  {
    "ID Number": "13435230"
  },
  {
    "ID Number": "13424491"
  },
  {
    "ID Number": "13443062"
  },
  {
    "ID Number": "13456512"
  },
  {
    "ID Number": "13415042"
  },
  {
    "ID Number": "13400347"
  },
  {
    "ID Number": "13403443"
  },
  {
    "ID Number": "13432737"
  },
  {
    "ID Number": "13431650"
  },
  {
    "ID Number": "13442600"
  },
  {
    "ID Number": "13441701"
  },
  {
    "ID Number": "13474375"
  },
  {
    "ID Number": "13433318"
  },
  {
    "ID Number": "13413473"
  },
  {
    "ID Number": "13412590"
  },
  {
    "ID Number": "13417258"
  },
  {
    "ID Number": "13425587"
  },
  {
    "ID Number": "13447351"
  },
  {
    "ID Number": "13406515"
  },
  {
    "ID Number": "13402447"
  },
  {
    "ID Number": "13487833"
  },
  {
    "ID Number": "13420925"
  },
  {
    "ID Number": "13478435"
  },
  {
    "ID Number": "13428640"
  },
  {
    "ID Number": "13414356"
  },
  {
    "ID Number": "13405101"
  },
  {
    "ID Number": "13418718"
  },
  {
    "ID Number": "13432630"
  },
  {
    "ID Number": "13417940"
  },
  {
    "ID Number": "13405764"
  },
  {
    "ID Number": "13410237"
  },
  {
    "ID Number": "13442007"
  },
  {
    "ID Number": "13428454"
  },
  {
    "ID Number": "13465740"
  },
  {
    "ID Number": "13435620"
  },
  {
    "ID Number": "13441280"
  },
  {
    "ID Number": "13457454"
  },
  {
    "ID Number": "13429779"
  },
  {
    "ID Number": "13463934"
  },
  {
    "ID Number": "13453645"
  },
  {
    "ID Number": "13476343"
  },
  {
    "ID Number": "13401734"
  },
  {
    "ID Number": "13417819"
  },
  {
    "ID Number": "13426397"
  },
  {
    "ID Number": "13451782"
  },
  {
    "ID Number": "13450514"
  },
  {
    "ID Number": "13403451"
  },
  {
    "ID Number": "13406973"
  },
  {
    "ID Number": "13441612"
  },
  {
    "ID Number": "13453394"
  },
  {
    "ID Number": "13453378"
  },
  {
    "ID Number": "13462750"
  },
  {
    "ID Number": "13403095"
  },
  {
    "ID Number": "13431170"
  },
  {
    "ID Number": "13433962"
  },
  {
    "ID Number": "13408925"
  },
  {
    "ID Number": "13461699"
  },
  {
    "ID Number": "13412620"
  },
  {
    "ID Number": "13410547"
  },
  {
    "ID Number": "13430700"
  },
  {
    "ID Number": "13449117"
  },
  {
    "ID Number": "13425811"
  },
  {
    "ID Number": "13435779"
  },
  {
    "ID Number": "13424408"
  },
  {
    "ID Number": "13453424"
  },
  {
    "ID Number": "13420798"
  },
  {
    "ID Number": "13415050"
  },
  {
    "ID Number": "13456261"
  },
  {
    "ID Number": "13430440"
  },
  {
    "ID Number": "13402986"
  },
  {
    "ID Number": "34337873"
  },
  {
    "ID Number": "13481380"
  },
  {
    "ID Number": "13418785"
  },
  {
    "ID Number": "13450085"
  },
  {
    "ID Number": "13401432"
  },
  {
    "ID Number": "13451049"
  },
  {
    "ID Number": "13401351"
  },
  {
    "ID Number": "13425820"
  },
  {
    "ID Number": "13440993"
  },
  {
    "ID Number": "13429590"
  },
  {
    "ID Number": "13416626"
  },
  {
    "ID Number": "13401890"
  },
  {
    "ID Number": "13413554"
  },
  {
    "ID Number": "13434942"
  },
  {
    "ID Number": "13475711"
  },
  {
    "ID Number": "13452894"
  },
  {
    "ID Number": "13403460"
  },
  {
    "ID Number": "13407805"
  },
  {
    "ID Number": "13426710"
  },
  {
    "ID Number": "13412086"
  },
  {
    "ID Number": "13438450"
  },
  {
    "ID Number": "13472275"
  },
  {
    "ID Number": "13404318"
  },
  {
    "ID Number": "13428152"
  },
  {
    "ID Number": "13450255"
  },
  {
    "ID Number": "13433369"
  },
  {
    "ID Number": "13403753"
  },
  {
    "ID Number": "13418440"
  },
  {
    "ID Number": "13457292"
  },
  {
    "ID Number": "13402838"
  },
  {
    "ID Number": "13423550"
  },
  {
    "ID Number": "13410121"
  },
  {
    "ID Number": "13400223"
  },
  {
    "ID Number": "13400622"
  },
  {
    "ID Number": "13403028"
  },
  {
    "ID Number": "13441094"
  },
  {
    "ID Number": "13446037"
  },
  {
    "ID Number": "13422774"
  },
  {
    "ID Number": "13468812"
  },
  {
    "ID Number": "13450581"
  },
  {
    "ID Number": "13401785"
  },
  {
    "ID Number": "13406396"
  },
  {
    "ID Number": "13421514"
  },
  {
    "ID Number": "13416391"
  },
  {
    "ID Number": "13428500"
  },
  {
    "ID Number": "13426290"
  },
  {
    "ID Number": "13406809"
  },
  {
    "ID Number": "13429990"
  },
  {
    "ID Number": "13430637"
  },
  {
    "ID Number": "13419862"
  },
  {
    "ID Number": "13430181"
  },
  {
    "ID Number": "13422600"
  },
  {
    "ID Number": "13468340"
  },
  {
    "ID Number": "13429868"
  },
  {
    "ID Number": "13459015"
  },
  {
    "ID Number": "13456431"
  },
  {
    "ID Number": "13416995"
  },
  {
    "ID Number": "13400525"
  },
  {
    "ID Number": "13406655"
  },
  {
    "ID Number": "13425447"
  },
  {
    "ID Number": "13407686"
  },
  {
    "ID Number": "13423924"
  },
  {
    "ID Number": "13400916"
  },
  {
    "ID Number": "13405080"
  },
  {
    "ID Number": "13422081"
  },
  {
    "ID Number": "13458841"
  },
  {
    "ID Number": "13413015"
  },
  {
    "ID Number": "13430815"
  },
  {
    "ID Number": "13416065"
  },
  {
    "ID Number": "13415930"
  },
  {
    "ID Number": "13410210"
  },
  {
    "ID Number": "13446940"
  },
  {
    "ID Number": "13456016"
  },
  {
    "ID Number": "13457306"
  },
  {
    "ID Number": "13415964"
  },
  {
    "ID Number": "13417622"
  },
  {
    "ID Number": "13401149"
  },
  {
    "ID Number": "13429558"
  },
  {
    "ID Number": "13447580"
  },
  {
    "ID Number": "13422316"
  },
  {
    "ID Number": "13476203"
  },
  {
    "ID Number": "13420828"
  },
  {
    "ID Number": "13431811"
  },
  {
    "ID Number": "13459040"
  },
  {
    "ID Number": "13453815"
  },
  {
    "ID Number": "13454196"
  },
  {
    "ID Number": "13458159"
  },
  {
    "ID Number": "13402935"
  },
  {
    "ID Number": "13465759"
  },
  {
    "ID Number": "13469380"
  },
  {
    "ID Number": "13412825"
  },
  {
    "ID Number": "13434071"
  },
  {
    "ID Number": "13413562"
  },
  {
    "ID Number": "13413570"
  },
  {
    "ID Number": "13463900"
  },
  {
    "ID Number": "13461443"
  },
  {
    "ID Number": "13415530"
  },
  {
    "ID Number": "13470140"
  },
  {
    "ID Number": "13401882"
  },
  {
    "ID Number": "13461087"
  },
  {
    "ID Number": "13459406"
  },
  {
    "ID Number": "13413279"
  },
  {
    "ID Number": "13463012"
  },
  {
    "ID Number": "13410571"
  },
  {
    "ID Number": "13433601"
  },
  {
    "ID Number": "13415727"
  },
  {
    "ID Number": "13471899"
  },
  {
    "ID Number": "13414127"
  },
  {
    "ID Number": "13433679"
  },
  {
    "ID Number": "13488597"
  },
  {
    "ID Number": "13434616"
  },
  {
    "ID Number": "13474812"
  },
  {
    "ID Number": "13403052"
  },
  {
    "ID Number": "13417380"
  },
  {
    "ID Number": "13488767"
  },
  {
    "ID Number": "13444786"
  },
  {
    "ID Number": "13427890"
  },
  {
    "ID Number": "13428993"
  },
  {
    "ID Number": "13415549"
  },
  {
    "ID Number": "13411888"
  },
  {
    "ID Number": "13418416"
  },
  {
    "ID Number": "13404938"
  },
  {
    "ID Number": "13417509"
  },
  {
    "ID Number": "13484370"
  },
  {
    "ID Number": "13431676"
  },
  {
    "ID Number": "13435906"
  },
  {
    "ID Number": "13415069"
  },
  {
    "ID Number": "13455400"
  },
  {
    "ID Number": "13437143"
  },
  {
    "ID Number": "13404741"
  },
  {
    "ID Number": "13419048"
  },
  {
    "ID Number": "13466305"
  },
  {
    "ID Number": "13453254"
  },
  {
    "ID Number": "13459341"
  },
  {
    "ID Number": "13424785"
  },
  {
    "ID Number": "13436449"
  },
  {
    "ID Number": "13457802"
  },
  {
    "ID Number": "13418670"
  },
  {
    "ID Number": "13485911"
  },
  {
    "ID Number": "13454927"
  },
  {
    "ID Number": "13475860"
  },
  {
    "ID Number": "13433890"
  },
  {
    "ID Number": "13479504"
  },
  {
    "ID Number": "13449214"
  },
  {
    "ID Number": "13435647"
  },
  {
    "ID Number": "13450573"
  },
  {
    "ID Number": "13417398"
  },
  {
    "ID Number": "13406671"
  },
  {
    "ID Number": "13418912"
  },
  {
    "ID Number": "13454153"
  },
  {
    "ID Number": "13471104"
  },
  {
    "ID Number": "13410598"
  },
  {
    "ID Number": "13457195"
  },
  {
    "ID Number": "13468065"
  },
  {
    "ID Number": "13471554"
  },
  {
    "ID Number": "13463241"
  },
  {
    "ID Number": "13470329"
  },
  {
    "ID Number": "13471260"
  },
  {
    "ID Number": "13405152"
  },
  {
    "ID Number": "13400657"
  },
  {
    "ID Number": "13400290"
  },
  {
    "ID Number": "13415867"
  },
  {
    "ID Number": "13476190"
  },
  {
    "ID Number": "13408798"
  },
  {
    "ID Number": "13400126"
  },
  {
    "ID Number": "13435221"
  },
  {
    "ID Number": "13417428"
  },
  {
    "ID Number": "13432532"
  },
  {
    "ID Number": "13417061"
  },
  {
    "ID Number": "13419943"
  },
  {
    "ID Number": "13412868"
  },
  {
    "ID Number": "13475193"
  },
  {
    "ID Number": "13440888"
  },
  {
    "ID Number": "13418297"
  },
  {
    "ID Number": "13410610"
  },
  {
    "ID Number": "13400061"
  },
  {
    "ID Number": "13400231"
  },
  {
    "ID Number": "13422820"
  },
  {
    "ID Number": "13418173"
  },
  {
    "ID Number": "13475185"
  },
  {
    "ID Number": "13404407"
  },
  {
    "ID Number": "13482467"
  },
  {
    "ID Number": "13432494"
  },
  {
    "ID Number": "13453033"
  },
  {
    "ID Number": "13401165"
  },
  {
    "ID Number": "13485156"
  },
  {
    "ID Number": "13401289"
  },
  {
    "ID Number": "13400363"
  },
  {
    "ID Number": "13470868"
  },
  {
    "ID Number": "13468995"
  },
  {
    "ID Number": "13455966"
  },
  {
    "ID Number": "13400320"
  },
  {
    "ID Number": "13459201"
  },
  {
    "ID Number": "13438514"
  },
  {
    "ID Number": "13401475"
  },
  {
    "ID Number": "13488040"
  },
  {
    "ID Number": "13462946"
  },
  {
    "ID Number": "13439154"
  },
  {
    "ID Number": "13424912"
  },
  {
    "ID Number": "13418920"
  },
  {
    "ID Number": "13403680"
  },
  {
    "ID Number": "13457187"
  },
  {
    "ID Number": "13455818"
  },
  {
    "ID Number": "13426095"
  },
  {
    "ID Number": "13409204"
  },
  {
    "ID Number": "13468537"
  },
  {
    "ID Number": "13403109"
  },
  {
    "ID Number": "13442554"
  },
  {
    "ID Number": "13476270"
  },
  {
    "ID Number": "13453904"
  },
  {
    "ID Number": "13426532"
  },
  {
    "ID Number": "13445030"
  },
  {
    "ID Number": "13426001"
  },
  {
    "ID Number": "13417304"
  },
  {
    "ID Number": "13433024"
  },
  {
    "ID Number": "13482971"
  },
  {
    "ID Number": "13424521"
  },
  {
    "ID Number": "13426419"
  },
  {
    "ID Number": "13400878"
  },
  {
    "ID Number": "13401378"
  },
  {
    "ID Number": "13413074"
  },
  {
    "ID Number": "13404156"
  },
  {
    "ID Number": "13442724"
  },
  {
    "ID Number": "13470086"
  },
  {
    "ID Number": "13411845"
  },
  {
    "ID Number": "13474480"
  },
  {
    "ID Number": "13482939"
  },
  {
    "ID Number": "13404148"
  },
  {
    "ID Number": "13481770"
  },
  {
    "ID Number": "13416090"
  },
  {
    "ID Number": "13407066"
  },
  {
    "ID Number": "13482327"
  },
  {
    "ID Number": "13428322"
  },
  {
    "ID Number": "13415875"
  },
  {
    "ID Number": "13458477"
  },
  {
    "ID Number": "13404504"
  },
  {
    "ID Number": "13420887"
  },
  {
    "ID Number": "13467468"
  },
  {
    "ID Number": "13474022"
  },
  {
    "ID Number": "13401025"
  },
  {
    "ID Number": "13452029"
  },
  {
    "ID Number": "13472496"
  },
  {
    "ID Number": "13433075"
  },
  {
    "ID Number": "13447106"
  },
  {
    "ID Number": "13429035"
  },
  {
    "ID Number": "13464345"
  },
  {
    "ID Number": "13452991"
  },
  {
    "ID Number": "13423363"
  },
  {
    "ID Number": "13443623"
  },
  {
    "ID Number": "13403877"
  },
  {
    "ID Number": "13425234"
  },
  {
    "ID Number": "13449567"
  },
  {
    "ID Number": "13446886"
  },
  {
    "ID Number": "13401939"
  },
  {
    "ID Number": "13425552"
  },
  {
    "ID Number": "13400908"
  },
  {
    "ID Number": "13416804"
  },
  {
    "ID Number": "13417517"
  },
  {
    "ID Number": "13405284"
  },
  {
    "ID Number": "13410342"
  },
  {
    "ID Number": "13416812"
  },
  {
    "ID Number": "13456067"
  },
  {
    "ID Number": "13402706"
  },
  {
    "ID Number": "13403648"
  },
  {
    "ID Number": "13402196"
  },
  {
    "ID Number": "13481592"
  },
  {
    "ID Number": "13476920"
  },
  {
    "ID Number": "13432680"
  },
  {
    "ID Number": "13413961"
  },
  {
    "ID Number": "13403010"
  },
  {
    "ID Number": "13423240"
  },
  {
    "ID Number": "13405926"
  },
  {
    "ID Number": "13406400"
  },
  {
    "ID Number": "13414550"
  },
  {
    "ID Number": "13474863"
  },
  {
    "ID Number": "13465473"
  },
  {
    "ID Number": "13425064"
  },
  {
    "ID Number": "13407716"
  },
  {
    "ID Number": "13415980"
  },
  {
    "ID Number": "13415999"
  },
  {
    "ID Number": "13425986"
  },
  {
    "ID Number": "13432079"
  },
  {
    "ID Number": "13475070"
  },
  {
    "ID Number": "13429299"
  },
  {
    "ID Number": "13421743"
  },
  {
    "ID Number": "13421735"
  },
  {
    "ID Number": "13406345"
  },
  {
    "ID Number": "13453831"
  },
  {
    "ID Number": "13422839"
  },
  {
    "ID Number": "13409999"
  },
  {
    "ID Number": "13408550"
  },
  {
    "ID Number": "13417720"
  },
  {
    "ID Number": "13401491"
  },
  {
    "ID Number": "13458582"
  },
  {
    "ID Number": "13455567"
  },
  {
    "ID Number": "13482211"
  },
  {
    "ID Number": "13450220"
  },
  {
    "ID Number": "13422871"
  },
  {
    "ID Number": "13412698"
  },
  {
    "ID Number": "13422782"
  },
  {
    "ID Number": "13416839"
  },
  {
    "ID Number": "13450280"
  },
  {
    "ID Number": "13403230"
  },
  {
    "ID Number": "13448692"
  },
  {
    "ID Number": "13423410"
  },
  {
    "ID Number": "13436503"
  },
  {
    "ID Number": "13440918"
  },
  {
    "ID Number": "13458132"
  },
  {
    "ID Number": "13450158"
  },
  {
    "ID Number": "13427903"
  },
  {
    "ID Number": "13405942"
  },
  {
    "ID Number": "13468081"
  },
  {
    "ID Number": "13431048"
  },
  {
    "ID Number": "13431200"
  },
  {
    "ID Number": "13441949"
  },
  {
    "ID Number": "13434934"
  },
  {
    "ID Number": "13449370"
  },
  {
    "ID Number": "13435884"
  },
  {
    "ID Number": "13402668"
  },
  {
    "ID Number": "13465902"
  },
  {
    "ID Number": "13432168"
  },
  {
    "ID Number": "13458760"
  },
  {
    "ID Number": "13417576"
  },
  {
    "ID Number": "13417932"
  },
  {
    "ID Number": "13467387"
  },
  {
    "ID Number": "13458752"
  },
  {
    "ID Number": "13460889"
  },
  {
    "ID Number": "13423380"
  },
  {
    "ID Number": "13401106"
  },
  {
    "ID Number": "13406540"
  },
  {
    "ID Number": "13414216"
  },
  {
    "ID Number": "13406850"
  },
  {
    "ID Number": "13413120"
  },
  {
    "ID Number": "13437313"
  },
  {
    "ID Number": "13431781"
  },
  {
    "ID Number": "13413139"
  },
  {
    "ID Number": "13476939"
  },
  {
    "ID Number": "13408607"
  },
  {
    "ID Number": "13425595"
  },
  {
    "ID Number": "13422430"
  },
  {
    "ID Number": "13429213"
  },
  {
    "ID Number": "13470523"
  },
  {
    "ID Number": "13441744"
  },
  {
    "ID Number": "13427911"
  },
  {
    "ID Number": "13426729"
  },
  {
    "ID Number": "13481827"
  },
  {
    "ID Number": "13464116"
  },
  {
    "ID Number": "13408615"
  },
  {
    "ID Number": "13410229"
  },
  {
    "ID Number": "13415514"
  },
  {
    "ID Number": "13446789"
  },
  {
    "ID Number": "13441906"
  },
  {
    "ID Number": "13409255"
  },
  {
    "ID Number": "13460765"
  },
  {
    "ID Number": "13446479"
  },
  {
    "ID Number": "13446460"
  },
  {
    "ID Number": "13400495"
  },
  {
    "ID Number": "13454099"
  },
  {
    "ID Number": "13403893"
  },
  {
    "ID Number": "13402870"
  },
  {
    "ID Number": "13414623"
  },
  {
    "ID Number": "13416197"
  },
  {
    "ID Number": "13460811"
  },
  {
    "ID Number": "13415751"
  },
  {
    "ID Number": "13448099"
  },
  {
    "ID Number": "13403621"
  },
  {
    "ID Number": "13486870"
  },
  {
    "ID Number": "13405462"
  },
  {
    "ID Number": "13414003"
  },
  {
    "ID Number": "13463888"
  },
  {
    "ID Number": "13433695"
  },
  {
    "ID Number": "13480782"
  },
  {
    "ID Number": "13428721"
  },
  {
    "ID Number": "13425579"
  },
  {
    "ID Number": "13402439"
  },
  {
    "ID Number": "13463705"
  },
  {
    "ID Number": "13471716"
  },
  {
    "ID Number": "13405993"
  },
  {
    "ID Number": "13400312"
  },
  {
    "ID Number": "13439782"
  },
  {
    "ID Number": "13428535"
  },
  {
    "ID Number": "13412604"
  },
  {
    "ID Number": "13420550"
  },
  {
    "ID Number": "13407171"
  },
  {
    "ID Number": "13442287"
  },
  {
    "ID Number": "13457497"
  },
  {
    "ID Number": "13410660"
  },
  {
    "ID Number": "13425870"
  },
  {
    "ID Number": "13419242"
  },
  {
    "ID Number": "13438484"
  },
  {
    "ID Number": "13420534"
  },
  {
    "ID Number": "13462458"
  },
  {
    "ID Number": "13454188"
  },
  {
    "ID Number": "13457039"
  },
  {
    "ID Number": "13433237"
  },
  {
    "ID Number": "13416561"
  },
  {
    "ID Number": "13441043"
  },
  {
    "ID Number": "13421174"
  },
  {
    "ID Number": "13473344"
  },
  {
    "ID Number": "13425889"
  },
  {
    "ID Number": "13410024"
  },
  {
    "ID Number": "13405160"
  },
  {
    "ID Number": "13401602"
  },
  {
    "ID Number": "13437135"
  },
  {
    "ID Number": "13416553"
  },
  {
    "ID Number": "13435531"
  },
  {
    "ID Number": "13464426"
  },
  {
    "ID Number": "13412582"
  },
  {
    "ID Number": "13429019"
  },
  {
    "ID Number": "13400509"
  },
  {
    "ID Number": "13429949"
  },
  {
    "ID Number": "13420437"
  },
  {
    "ID Number": "13489313"
  },
  {
    "ID Number": "13413759"
  },
  {
    "ID Number": "13471031"
  },
  {
    "ID Number": "13469053"
  },
  {
    "ID Number": "13440608"
  },
  {
    "ID Number": "13482734"
  },
  {
    "ID Number": "13406418"
  },
  {
    "ID Number": "13423029"
  },
  {
    "ID Number": "13419013"
  },
  {
    "ID Number": "13405209"
  },
  {
    "ID Number": "13456350"
  },
  {
    "ID Number": "13462768"
  },
  {
    "ID Number": "13412914"
  },
  {
    "ID Number": "13401220"
  },
  {
    "ID Number": "13435930"
  },
  {
    "ID Number": "13432770"
  },
  {
    "ID Number": "13463896"
  },
  {
    "ID Number": "13406019"
  },
  {
    "ID Number": "13455664"
  },
  {
    "ID Number": "13408631"
  },
  {
    "ID Number": "13420658"
  },
  {
    "ID Number": "13455761"
  },
  {
    "ID Number": "13408119"
  },
  {
    "ID Number": "13400088"
  },
  {
    "ID Number": "13419501"
  },
  {
    "ID Number": "34161651"
  },
  {
    "ID Number": "13467778"
  },
  {
    "ID Number": "13419498"
  },
  {
    "ID Number": "13429116"
  },
  {
    "ID Number": "13466615"
  },
  {
    "ID Number": "13448889"
  },
  {
    "ID Number": "13419340"
  },
  {
    "ID Number": "13427679"
  },
  {
    "ID Number": "13472941"
  },
  {
    "ID Number": "13431196"
  },
  {
    "ID Number": "13427547"
  },
  {
    "ID Number": "13450808"
  },
  {
    "ID Number": "13454200"
  },
  {
    "ID Number": "13454234"
  },
  {
    "ID Number": "13487507"
  },
  {
    "ID Number": "13400894"
  },
  {
    "ID Number": "13471600"
  },
  {
    "ID Number": "13424165"
  },
  {
    "ID Number": "13469835"
  },
  {
    "ID Number": "13401904"
  },
  {
    "ID Number": "13477706"
  },
  {
    "ID Number": "13485946"
  },
  {
    "ID Number": "13417770"
  },
  {
    "ID Number": "13434276"
  },
  {
    "ID Number": "13457098"
  },
  {
    "ID Number": "13483013"
  },
  {
    "ID Number": "13445650"
  },
  {
    "ID Number": "13416162"
  },
  {
    "ID Number": "13441302"
  },
  {
    "ID Number": "13454854"
  },
  {
    "ID Number": "13441353"
  },
  {
    "ID Number": "13417584"
  },
  {
    "ID Number": "13459449"
  },
  {
    "ID Number": "13429248"
  },
  {
    "ID Number": "13472330"
  },
  {
    "ID Number": "13415387"
  },
  {
    "ID Number": "13486667"
  },
  {
    "ID Number": "13410709"
  },
  {
    "ID Number": "13404458"
  },
  {
    "ID Number": "13414674"
  },
  {
    "ID Number": "13461125"
  },
  {
    "ID Number": "13431641"
  },
  {
    "ID Number": "13406035"
  },
  {
    "ID Number": "13410717"
  },
  {
    "ID Number": "13483102"
  },
  {
    "ID Number": "13450182"
  },
  {
    "ID Number": "13416529"
  },
  {
    "ID Number": "13410733"
  },
  {
    "ID Number": "13463799"
  },
  {
    "ID Number": "13456989"
  },
  {
    "ID Number": "13402951"
  },
  {
    "ID Number": "13458175"
  },
  {
    "ID Number": "13458167"
  },
  {
    "ID Number": "13402625"
  },
  {
    "ID Number": "13484680"
  },
  {
    "ID Number": "13453980"
  },
  {
    "ID Number": "13429086"
  },
  {
    "ID Number": "13421409"
  },
  {
    "ID Number": "13418327"
  },
  {
    "ID Number": "13471988"
  },
  {
    "ID Number": "13404202"
  },
  {
    "ID Number": "13471210"
  },
  {
    "ID Number": "13405292"
  },
  {
    "ID Number": "13449397"
  },
  {
    "ID Number": "13431447"
  },
  {
    "ID Number": "13465210"
  },
  {
    "ID Number": "13454811"
  },
  {
    "ID Number": "13420410"
  },
  {
    "ID Number": "13446606"
  },
  {
    "ID Number": "13488430"
  },
  {
    "ID Number": "13460781"
  },
  {
    "ID Number": "13483005"
  },
  {
    "ID Number": "13418467"
  },
  {
    "ID Number": "13407732"
  },
  {
    "ID Number": "13427857"
  },
  {
    "ID Number": "13413970"
  },
  {
    "ID Number": "13463489"
  },
  {
    "ID Number": "13409280"
  },
  {
    "ID Number": "13472771"
  },
  {
    "ID Number": "13428136"
  },
  {
    "ID Number": "13470930"
  },
  {
    "ID Number": "13416030"
  },
  {
    "ID Number": "13466240"
  },
  {
    "ID Number": "13438972"
  },
  {
    "ID Number": "13400142"
  },
  {
    "ID Number": "13434446"
  },
  {
    "ID Number": "13456180"
  },
  {
    "ID Number": "13480774"
  },
  {
    "ID Number": "13407252"
  },
  {
    "ID Number": "13472461"
  },
  {
    "ID Number": "13418661"
  },
  {
    "ID Number": "13465643"
  },
  {
    "ID Number": "13453521"
  },
  {
    "ID Number": "13437968"
  },
  {
    "ID Number": "13413244"
  },
  {
    "ID Number": "13482190"
  },
  {
    "ID Number": "13451146"
  },
  {
    "ID Number": "13404466"
  },
  {
    "ID Number": "13434284"
  },
  {
    "ID Number": "13446401"
  },
  {
    "ID Number": "13433717"
  },
  {
    "ID Number": "13433725"
  },
  {
    "ID Number": "13468685"
  },
  {
    "ID Number": "13456504"
  },
  {
    "ID Number": "13425480"
  },
  {
    "ID Number": "13435370"
  },
  {
    "ID Number": "13443259"
  },
  {
    "ID Number": "13402005"
  },
  {
    "ID Number": "13401521"
  },
  {
    "ID Number": "13450530"
  },
  {
    "ID Number": "13415476"
  },
  {
    "ID Number": "13431684"
  },
  {
    "ID Number": "13406469"
  },
  {
    "ID Number": "13400819"
  },
  {
    "ID Number": "13401653"
  },
  {
    "ID Number": "13401319"
  },
  {
    "ID Number": "13417410"
  },
  {
    "ID Number": "13423010"
  },
  {
    "ID Number": "13482084"
  },
  {
    "ID Number": "13476092"
  },
  {
    "ID Number": "13410776"
  },
  {
    "ID Number": "13424130"
  },
  {
    "ID Number": "13451995"
  },
  {
    "ID Number": "13475525"
  },
  {
    "ID Number": "13425757"
  },
  {
    "ID Number": "13431773"
  },
  {
    "ID Number": "13457837"
  },
  {
    "ID Number": "13456024"
  },
  {
    "ID Number": "13482599"
  },
  {
    "ID Number": "13423258"
  },
  {
    "ID Number": "13411187"
  },
  {
    "ID Number": "13408704"
  },
  {
    "ID Number": "13409298"
  },
  {
    "ID Number": "13417320"
  },
  {
    "ID Number": "13402579"
  },
  {
    "ID Number": "13440284"
  },
  {
    "ID Number": "13406582"
  },
  {
    "ID Number": "13432338"
  },
  {
    "ID Number": "13479350"
  },
  {
    "ID Number": "13419404"
  },
  {
    "ID Number": "13456830"
  },
  {
    "ID Number": "13438549"
  },
  {
    "ID Number": "13404040"
  },
  {
    "ID Number": "13433849"
  },
  {
    "ID Number": "13429191"
  },
  {
    "ID Number": "13456644"
  },
  {
    "ID Number": "13481690"
  },
  {
    "ID Number": "13422928"
  },
  {
    "ID Number": "13403931"
  },
  {
    "ID Number": "13407694"
  },
  {
    "ID Number": "13423150"
  },
  {
    "ID Number": "13426583"
  },
  {
    "ID Number": "13406299"
  },
  {
    "ID Number": "13408712"
  },
  {
    "ID Number": "13426761"
  },
  {
    "ID Number": "13432893"
  },
  {
    "ID Number": "13402536"
  },
  {
    "ID Number": "13415220"
  },
  {
    "ID Number": "13401033"
  },
  {
    "ID Number": "13418890"
  },
  {
    "ID Number": "13402161"
  },
  {
    "ID Number": "13424149"
  },
  {
    "ID Number": "13410792"
  },
  {
    "ID Number": "13417878"
  },
  {
    "ID Number": "13403508"
  },
  {
    "ID Number": "13407295"
  },
  {
    "ID Number": "13461133"
  },
  {
    "ID Number": "13403710"
  },
  {
    "ID Number": "13413210"
  },
  {
    "ID Number": "13412337"
  },
  {
    "ID Number": "13464671"
  },
  {
    "ID Number": "13449044"
  },
  {
    "ID Number": "13403729"
  },
  {
    "ID Number": "13453467"
  },
  {
    "ID Number": "13446347"
  },
  {
    "ID Number": "13418459"
  },
  {
    "ID Number": "13411012"
  },
  {
    "ID Number": "13442864"
  },
  {
    "ID Number": "13410806"
  },
  {
    "ID Number": "13410814"
  },
  {
    "ID Number": "13435493"
  },
  {
    "ID Number": "13420089"
  },
  {
    "ID Number": "13439790"
  },
  {
    "ID Number": "13412353"
  },
  {
    "ID Number": "13416332"
  },
  {
    "ID Number": "13463527"
  },
  {
    "ID Number": "13442180"
  },
  {
    "ID Number": "13441639"
  },
  {
    "ID Number": "13420771"
  },
  {
    "ID Number": "13413813"
  },
  {
    "ID Number": "13407341"
  },
  {
    "ID Number": "13421301"
  },
  {
    "ID Number": "13417053"
  },
  {
    "ID Number": "13435388"
  },
  {
    "ID Number": "13475215"
  },
  {
    "ID Number": "13424041"
  },
  {
    "ID Number": "13458396"
  },
  {
    "ID Number": "13447912"
  },
  {
    "ID Number": "13441930"
  },
  {
    "ID Number": "13458779"
  },
  {
    "ID Number": "13451200"
  },
  {
    "ID Number": "13439316"
  },
  {
    "ID Number": "13471473"
  },
  {
    "ID Number": "13447564"
  },
  {
    "ID Number": "13435965"
  },
  {
    "ID Number": "13435973"
  },
  {
    "ID Number": "13452622"
  },
  {
    "ID Number": "13411071"
  },
  {
    "ID Number": "13442031"
  },
  {
    "ID Number": "13400304"
  },
  {
    "ID Number": "13432184"
  },
  {
    "ID Number": "13458817"
  },
  {
    "ID Number": "13431820"
  },
  {
    "ID Number": "13401645"
  },
  {
    "ID Number": "13400541"
  },
  {
    "ID Number": "13419790"
  },
  {
    "ID Number": "13458728"
  },
  {
    "ID Number": "13445154"
  },
  {
    "ID Number": "13409301"
  },
  {
    "ID Number": "13484702"
  },
  {
    "ID Number": "13410113"
  },
  {
    "ID Number": "13436597"
  },
  {
    "ID Number": "13408755"
  },
  {
    "ID Number": "13471880"
  },
  {
    "ID Number": "13453629"
  },
  {
    "ID Number": "13402099"
  },
  {
    "ID Number": "13415816"
  },
  {
    "ID Number": "13484974"
  },
  {
    "ID Number": "13474499"
  },
  {
    "ID Number": "13408771"
  },
  {
    "ID Number": "13418335"
  },
  {
    "ID Number": "13423630"
  },
  {
    "ID Number": "13460994"
  },
  {
    "ID Number": "13425854"
  },
  {
    "ID Number": "13406426"
  },
  {
    "ID Number": "13417100"
  },
  {
    "ID Number": "13435477"
  },
  {
    "ID Number": "13406744"
  },
  {
    "ID Number": "13407376"
  },
  {
    "ID Number": "13463691"
  },
  {
    "ID Number": "13427342"
  },
  {
    "ID Number": "13453602"
  },
  {
    "ID Number": "13406213"
  },
  {
    "ID Number": "13423347"
  },
  {
    "ID Number": "13425471"
  },
  {
    "ID Number": "13431730"
  },
  {
    "ID Number": "13435728"
  },
  {
    "ID Number": "13424750"
  },
  {
    "ID Number": "13411659"
  },
  {
    "ID Number": "13440675"
  },
  {
    "ID Number": "13478001"
  },
  {
    "ID Number": "13464388"
  },
  {
    "ID Number": "13422766"
  },
  {
    "ID Number": "13413155"
  },
  {
    "ID Number": "13418017"
  },
  {
    "ID Number": "13408330"
  },
  {
    "ID Number": "13449850"
  },
  {
    "ID Number": "13412396"
  },
  {
    "ID Number": "13453939"
  },
  {
    "ID Number": "13474960"
  },
  {
    "ID Number": "13432516"
  },
  {
    "ID Number": "13423053"
  },
  {
    "ID Number": "13423487"
  },
  {
    "ID Number": "13429027"
  },
  {
    "ID Number": "13403516"
  },
  {
    "ID Number": "13423134"
  },
  {
    "ID Number": "13428314"
  },
  {
    "ID Number": "13428390"
  },
  {
    "ID Number": "13404474"
  },
  {
    "ID Number": "13415670"
  },
  {
    "ID Number": "13430025"
  },
  {
    "ID Number": "13401769"
  },
  {
    "ID Number": "13467379"
  },
  {
    "ID Number": "13423746"
  },
  {
    "ID Number": "13446088"
  },
  {
    "ID Number": "13464019"
  },
  {
    "ID Number": "13456458"
  },
  {
    "ID Number": "13403699"
  },
  {
    "ID Number": "13403540"
  },
  {
    "ID Number": "13423533"
  },
  {
    "ID Number": "13432427"
  },
  {
    "ID Number": "13412426"
  },
  {
    "ID Number": "13425684"
  },
  {
    "ID Number": "13485180"
  },
  {
    "ID Number": "13449478"
  },
  {
    "ID Number": "13415913"
  },
  {
    "ID Number": "13458086"
  },
  {
    "ID Number": "13462890"
  },
  {
    "ID Number": "13463837"
  },
  {
    "ID Number": "13417533"
  },
  {
    "ID Number": "13431498"
  },
  {
    "ID Number": "13400568"
  },
  {
    "ID Number": "13410881"
  },
  {
    "ID Number": "13404750"
  },
  {
    "ID Number": "13400924"
  },
  {
    "ID Number": "13411055"
  },
  {
    "ID Number": "13485199"
  },
  {
    "ID Number": "13416944"
  },
  {
    "ID Number": "13454420"
  },
  {
    "ID Number": "13463160"
  },
  {
    "ID Number": "13401394"
  },
  {
    "ID Number": "13462016"
  },
  {
    "ID Number": "13455095"
  },
  {
    "ID Number": "13450603"
  },
  {
    "ID Number": "13457373"
  },
  {
    "ID Number": "13400444"
  },
  {
    "ID Number": "13402285"
  },
  {
    "ID Number": "13463365"
  },
  {
    "ID Number": "13441183"
  },
  {
    "ID Number": "13474332"
  },
  {
    "ID Number": "13479598"
  },
  {
    "ID Number": "13425420"
  },
  {
    "ID Number": "13453955"
  },
  {
    "ID Number": "13429876"
  },
  {
    "ID Number": "13431021"
  },
  {
    "ID Number": "13402390"
  },
  {
    "ID Number": "13406612"
  },
  {
    "ID Number": "13423207"
  },
  {
    "ID Number": "13440110"
  },
  {
    "ID Number": "13451707"
  },
  {
    "ID Number": "13416537"
  },
  {
    "ID Number": "13420380"
  },
  {
    "ID Number": "13410920"
  },
  {
    "ID Number": "13400096"
  },
  {
    "ID Number": "13423665"
  },
  {
    "ID Number": "13453564"
  },
  {
    "ID Number": "13406272"
  },
  {
    "ID Number": "13455494"
  },
  {
    "ID Number": "13419749"
  },
  {
    "ID Number": "13477250"
  },
  {
    "ID Number": "13467697"
  },
  {
    "ID Number": "13413872"
  },
  {
    "ID Number": "13488694"
  },
  {
    "ID Number": "13408135"
  },
  {
    "ID Number": "13436821"
  },
  {
    "ID Number": "13416499"
  },
  {
    "ID Number": "13419420"
  },
  {
    "ID Number": "13430106"
  },
  {
    "ID Number": "13482980"
  },
  {
    "ID Number": "13455273"
  },
  {
    "ID Number": "13474456"
  },
  {
    "ID Number": "13401416"
  },
  {
    "ID Number": "13410440"
  },
  {
    "ID Number": "13475690"
  },
  {
    "ID Number": "13402129"
  },
  {
    "ID Number": "13455753"
  },
  {
    "ID Number": "13455893"
  },
  {
    "ID Number": "13418149"
  },
  {
    "ID Number": "13402897"
  },
  {
    "ID Number": "13446592"
  },
  {
    "ID Number": "13467514"
  },
  {
    "ID Number": "13413899"
  },
  {
    "ID Number": "13448412"
  },
  {
    "ID Number": "13403656"
  },
  {
    "ID Number": "13414810"
  },
  {
    "ID Number": "13431790"
  },
  {
    "ID Number": "13471848"
  },
  {
    "ID Number": "13430009"
  },
  {
    "ID Number": "13404482"
  },
  {
    "ID Number": "13442899"
  },
  {
    "ID Number": "13458663"
  },
  {
    "ID Number": "13428675"
  },
  {
    "ID Number": "13447483"
  },
  {
    "ID Number": "13465848"
  },
  {
    "ID Number": "13472038"
  },
  {
    "ID Number": "13417444"
  },
  {
    "ID Number": "13476432"
  },
  {
    "ID Number": "13456911"
  },
  {
    "ID Number": "13403001"
  },
  {
    "ID Number": "13414828"
  },
  {
    "ID Number": "13402463"
  },
  {
    "ID Number": "13413902"
  },
  {
    "ID Number": "13462318"
  },
  {
    "ID Number": "13425633"
  },
  {
    "ID Number": "13445219"
  },
  {
    "ID Number": "13415425"
  },
  {
    "ID Number": "13403567"
  },
  {
    "ID Number": "13400100"
  },
  {
    "ID Number": "13406388"
  },
  {
    "ID Number": "13446711"
  },
  {
    "ID Number": "13412728"
  },
  {
    "ID Number": "13415433"
  },
  {
    "ID Number": "13484850"
  },
  {
    "ID Number": "13432567"
  },
  {
    "ID Number": "13450484"
  },
  {
    "ID Number": "13440551"
  },
  {
    "ID Number": "13423797"
  },
  {
    "ID Number": "13436465"
  },
  {
    "ID Number": "13436473"
  },
  {
    "ID Number": "13489305"
  },
  {
    "ID Number": "13438522"
  },
  {
    "ID Number": "13428268"
  },
  {
    "ID Number": "13445944"
  },
  {
    "ID Number": "13425617"
  },
  {
    "ID Number": "13475606"
  },
  {
    "ID Number": "13457489"
  },
  {
    "ID Number": "13438530"
  },
  {
    "ID Number": "13481479"
  },
  {
    "ID Number": "13461460"
  },
  {
    "ID Number": "13457004"
  },
  {
    "ID Number": "13468898"
  },
  {
    "ID Number": "13439952"
  },
  {
    "ID Number": "13461052"
  },
  {
    "ID Number": "13462229"
  },
  {
    "ID Number": "13465775"
  },
  {
    "ID Number": "13440420"
  },
  {
    "ID Number": "13465783"
  },
  {
    "ID Number": "13426192"
  },
  {
    "ID Number": "13466445"
  },
  {
    "ID Number": "13415000"
  },
  {
    "ID Number": "13427385"
  },
  {
    "ID Number": "34446044"
  },
  {
    "ID Number": "13400843"
  },
  {
    "ID Number": "13413937"
  },
  {
    "ID Number": "13421360"
  },
  {
    "ID Number": "13434004"
  },
  {
    "ID Number": "13416375"
  },
  {
    "ID Number": "13419390"
  },
  {
    "ID Number": "13418548"
  },
  {
    "ID Number": "13476025"
  },
  {
    "ID Number": "13422561"
  },
  {
    "ID Number": "13434403"
  },
  {
    "ID Number": "13456970"
  },
  {
    "ID Number": "13454293"
  },
  {
    "ID Number": "13454030"
  },
  {
    "ID Number": "13462652"
  },
  {
    "ID Number": "13449427"
  },
  {
    "ID Number": "13465856"
  },
  {
    "ID Number": "13444018"
  },
  {
    "ID Number": "13443054"
  },
  {
    "ID Number": "13401661"
  },
  {
    "ID Number": "13435019"
  },
  {
    "ID Number": "13414224"
  },
  {
    "ID Number": "13444603"
  },
  {
    "ID Number": "13422723"
  },
  {
    "ID Number": "13422731"
  },
  {
    "ID Number": "13429078"
  },
  {
    "ID Number": "13414011"
  },
  {
    "ID Number": "13419005"
  },
  {
    "ID Number": "13421379"
  },
  {
    "ID Number": "13421387"
  },
  {
    "ID Number": "13418750"
  },
  {
    "ID Number": "13471546"
  },
  {
    "ID Number": "13401327"
  },
  {
    "ID Number": "13419315"
  },
  {
    "ID Number": "13445120"
  },
  {
    "ID Number": "13402137"
  },
  {
    "ID Number": "13402382"
  },
  {
    "ID Number": "13428071"
  },
  {
    "ID Number": "13441116"
  },
  {
    "ID Number": "13401629"
  },
  {
    "ID Number": "13470302"
  },
  {
    "ID Number": "13405586"
  },
  {
    "ID Number": "13424203"
  },
  {
    "ID Number": "13436929"
  },
  {
    "ID Number": "13467662"
  },
  {
    "ID Number": "13426036"
  },
  {
    "ID Number": "13411861"
  },
  {
    "ID Number": "13426605"
  },
  {
    "ID Number": "13453025"
  },
  {
    "ID Number": "13439910"
  },
  {
    "ID Number": "13429000"
  },
  {
    "ID Number": "13430017"
  },
  {
    "ID Number": "13458795"
  },
  {
    "ID Number": "13464159"
  },
  {
    "ID Number": "13465635"
  },
  {
    "ID Number": "13441760"
  },
  {
    "ID Number": "13463802"
  },
  {
    "ID Number": "13404857"
  },
  {
    "ID Number": "13431900"
  },
  {
    "ID Number": "13419889"
  },
  {
    "ID Number": "13470701"
  },
  {
    "ID Number": "13458469"
  },
  {
    "ID Number": "13401440"
  },
  {
    "ID Number": "13403320"
  },
  {
    "ID Number": "13447742"
  },
  {
    "ID Number": "13412752"
  },
  {
    "ID Number": "13402250"
  },
  {
    "ID Number": "13432923"
  },
  {
    "ID Number": "13402927"
  },
  {
    "ID Number": "13437909"
  },
  {
    "ID Number": "13407635"
  },
  {
    "ID Number": "13400410"
  },
  {
    "ID Number": "13417614"
  },
  {
    "ID Number": "13425722"
  },
  {
    "ID Number": "13413953"
  }
]