[
  {
    "ID Number": "4518284"
  },
  {
    "ID Number": "4505042"
  },
  {
    "ID Number": "4513398"
  },
  {
    "ID Number": "4512634"
  },
  {
    "ID Number": "4500210"
  },
  {
    "ID Number": "4513592"
  },
  {
    "ID Number": "4529189"
  },
  {
    "ID Number": "4528832"
  },
  {
    "ID Number": "4500938"
  },
  {
    "ID Number": "4506391"
  },
  {
    "ID Number": "4505603"
  },
  {
    "ID Number": "4523008"
  },
  {
    "ID Number": "4509960"
  },
  {
    "ID Number": "4525116"
  },
  {
    "ID Number": "4521269"
  },
  {
    "ID Number": "4502086"
  },
  {
    "ID Number": "4510160"
  },
  {
    "ID Number": "4515374"
  },
  {
    "ID Number": "4516974"
  },
  {
    "ID Number": "4512618"
  },
  {
    "ID Number": "4521153"
  },
  {
    "ID Number": "4522478"
  },
  {
    "ID Number": "4502000"
  },
  {
    "ID Number": "4513835"
  },
  {
    "ID Number": "4507045"
  },
  {
    "ID Number": "4526554"
  },
  {
    "ID Number": "4526228"
  },
  {
    "ID Number": "4514386"
  },
  {
    "ID Number": "4526252"
  },
  {
    "ID Number": "4511182"
  },
  {
    "ID Number": "4510119"
  },
  {
    "ID Number": "4525574"
  },
  {
    "ID Number": "4504208"
  },
  {
    "ID Number": "4517334"
  },
  {
    "ID Number": "4505875"
  },
  {
    "ID Number": "4532694"
  },
  {
    "ID Number": "4525795"
  },
  {
    "ID Number": "4514017"
  },
  {
    "ID Number": "4514769"
  },
  {
    "ID Number": "4504631"
  },
  {
    "ID Number": "4506111"
  },
  {
    "ID Number": "4516982"
  },
  {
    "ID Number": "4508513"
  },
  {
    "ID Number": "4518446"
  },
  {
    "ID Number": "4521013"
  },
  {
    "ID Number": "4192478"
  },
  {
    "ID Number": "4506332"
  },
  {
    "ID Number": "4517776"
  },
  {
    "ID Number": "4525019"
  },
  {
    "ID Number": "4505050"
  },
  {
    "ID Number": "4515331"
  },
  {
    "ID Number": "4504429"
  },
  {
    "ID Number": "4522400"
  },
  {
    "ID Number": "4505069"
  },
  {
    "ID Number": "4532589"
  },
  {
    "ID Number": "4530764"
  },
  {
    "ID Number": "4502353"
  },
  {
    "ID Number": "4507673"
  },
  {
    "ID Number": "4511948"
  },
  {
    "ID Number": "4517628"
  },
  {
    "ID Number": "4514840"
  },
  {
    "ID Number": "4510615"
  },
  {
    "ID Number": "4514033"
  },
  {
    "ID Number": "4501284"
  },
  {
    "ID Number": "4507215"
  },
  {
    "ID Number": "4506456"
  },
  {
    "ID Number": "4506863"
  },
  {
    "ID Number": "4505999"
  },
  {
    "ID Number": "4503368"
  },
  {
    "ID Number": "4522370"
  },
  {
    "ID Number": "4519183"
  },
  {
    "ID Number": "4506014"
  },
  {
    "ID Number": "4504135"
  },
  {
    "ID Number": "4513568"
  },
  {
    "ID Number": "4513282"
  },
  {
    "ID Number": "4508190"
  },
  {
    "ID Number": "4514416"
  },
  {
    "ID Number": "4521595"
  },
  {
    "ID Number": "4521609"
  },
  {
    "ID Number": "4524691"
  },
  {
    "ID Number": "4503015"
  },
  {
    "ID Number": "34105708"
  },
  {
    "ID Number": "4506910"
  },
  {
    "ID Number": "4504089"
  },
  {
    "ID Number": "4520653"
  },
  {
    "ID Number": "4528050"
  },
  {
    "ID Number": "4522435"
  },
  {
    "ID Number": "4508149"
  },
  {
    "ID Number": "4508157"
  },
  {
    "ID Number": "4510631"
  },
  {
    "ID Number": "4501098"
  },
  {
    "ID Number": "4515846"
  },
  {
    "ID Number": "4520815"
  },
  {
    "ID Number": "4510984"
  },
  {
    "ID Number": "4508599"
  },
  {
    "ID Number": "4511727"
  },
  {
    "ID Number": "4523679"
  },
  {
    "ID Number": "449628"
  },
  {
    "ID Number": "4521714"
  },
  {
    "ID Number": "4513347"
  },
  {
    "ID Number": "4519078"
  },
  {
    "ID Number": "4533127"
  },
  {
    "ID Number": "4522710"
  },
  {
    "ID Number": "4526805"
  },
  {
    "ID Number": "4524896"
  },
  {
    "ID Number": "4503023"
  },
  {
    "ID Number": "4528387"
  },
  {
    "ID Number": "4525612"
  },
  {
    "ID Number": "4525620"
  },
  {
    "ID Number": "4524861"
  },
  {
    "ID Number": "4514653"
  },
  {
    "ID Number": "4508521"
  },
  {
    "ID Number": "4524470"
  },
  {
    "ID Number": "4526279"
  },
  {
    "ID Number": "4501012"
  },
  {
    "ID Number": "4524705"
  },
  {
    "ID Number": "4511565"
  },
  {
    "ID Number": "4504356"
  },
  {
    "ID Number": "4516702"
  },
  {
    "ID Number": "4505514"
  },
  {
    "ID Number": "4511573"
  },
  {
    "ID Number": "4502540"
  },
  {
    "ID Number": "4519302"
  },
  {
    "ID Number": "4501829"
  },
  {
    "ID Number": "4510364"
  },
  {
    "ID Number": "4512642"
  },
  {
    "ID Number": "4511360"
  },
  {
    "ID Number": "4513959"
  },
  {
    "ID Number": "4504283"
  },
  {
    "ID Number": "4501250"
  },
  {
    "ID Number": "4526503"
  },
  {
    "ID Number": "4516710"
  },
  {
    "ID Number": "4512650"
  },
  {
    "ID Number": "4529677"
  },
  {
    "ID Number": "4511646"
  },
  {
    "ID Number": "4509544"
  },
  {
    "ID Number": "4514408"
  },
  {
    "ID Number": "4501730"
  },
  {
    "ID Number": "4509749"
  },
  {
    "ID Number": "4511581"
  },
  {
    "ID Number": "4514424"
  },
  {
    "ID Number": "4519531"
  },
  {
    "ID Number": "34400591"
  },
  {
    "ID Number": "4522001"
  },
  {
    "ID Number": "4522729"
  },
  {
    "ID Number": "4526376"
  },
  {
    "ID Number": "4512626"
  },
  {
    "ID Number": "4523822"
  },
  {
    "ID Number": "4501233"
  },
  {
    "ID Number": "4500156"
  },
  {
    "ID Number": "4508653"
  },
  {
    "ID Number": "4501500"
  },
  {
    "ID Number": "4109821"
  },
  {
    "ID Number": "4507142"
  },
  {
    "ID Number": "4504950"
  },
  {
    "ID Number": "4501322"
  },
  {
    "ID Number": "4524713"
  },
  {
    "ID Number": "4512375"
  },
  {
    "ID Number": "4517385"
  },
  {
    "ID Number": "4510062"
  },
  {
    "ID Number": "4519906"
  },
  {
    "ID Number": "4522389"
  },
  {
    "ID Number": "4502361"
  },
  {
    "ID Number": "4531965"
  },
  {
    "ID Number": "4516680"
  },
  {
    "ID Number": "4512979"
  },
  {
    "ID Number": "4520688"
  },
  {
    "ID Number": "4501357"
  },
  {
    "ID Number": "4516214"
  },
  {
    "ID Number": "4518942"
  },
  {
    "ID Number": "4511450"
  },
  {
    "ID Number": "4514696"
  },
  {
    "ID Number": "4518918"
  },
  {
    "ID Number": "4515587"
  },
  {
    "ID Number": "4509552"
  },
  {
    "ID Number": "4504771"
  },
  {
    "ID Number": "4509218"
  },
  {
    "ID Number": "4523857"
  },
  {
    "ID Number": "4512510"
  },
  {
    "ID Number": "4517741"
  },
  {
    "ID Number": "4503600"
  },
  {
    "ID Number": "4505131"
  },
  {
    "ID Number": "4531990"
  },
  {
    "ID Number": "4534034"
  },
  {
    "ID Number": "4512286"
  },
  {
    "ID Number": "4502973"
  },
  {
    "ID Number": "4530047"
  },
  {
    "ID Number": "4501764"
  },
  {
    "ID Number": "4514114"
  },
  {
    "ID Number": "4523865"
  },
  {
    "ID Number": "4518756"
  },
  {
    "ID Number": "4506774"
  },
  {
    "ID Number": "4514432"
  },
  {
    "ID Number": "4514165"
  },
  {
    "ID Number": "4525957"
  },
  {
    "ID Number": "4505620"
  },
  {
    "ID Number": "4501411"
  },
  {
    "ID Number": "4501330"
  },
  {
    "ID Number": "4501560"
  },
  {
    "ID Number": "4524810"
  },
  {
    "ID Number": "4509404"
  },
  {
    "ID Number": "4503619"
  },
  {
    "ID Number": "4520939"
  },
  {
    "ID Number": "4500962"
  },
  {
    "ID Number": "4509285"
  },
  {
    "ID Number": "4501683"
  },
  {
    "ID Number": "4515269"
  },
  {
    "ID Number": "4526430"
  },
  {
    "ID Number": "4529138"
  },
  {
    "ID Number": "4526589"
  },
  {
    "ID Number": "4509757"
  },
  {
    "ID Number": "4504780"
  },
  {
    "ID Number": "4509374"
  },
  {
    "ID Number": "4525981"
  },
  {
    "ID Number": "4502396"
  },
  {
    "ID Number": "4508505"
  },
  {
    "ID Number": "4529502"
  },
  {
    "ID Number": "4530950"
  },
  {
    "ID Number": "4510372"
  },
  {
    "ID Number": "4503627"
  },
  {
    "ID Number": "4529103"
  },
  {
    "ID Number": "4519230"
  },
  {
    "ID Number": "4505140"
  },
  {
    "ID Number": "4501624"
  },
  {
    "ID Number": "4504070"
  },
  {
    "ID Number": "4511590"
  },
  {
    "ID Number": "4528573"
  },
  {
    "ID Number": "4521641"
  },
  {
    "ID Number": "4520084"
  },
  {
    "ID Number": "4518101"
  },
  {
    "ID Number": "4515706"
  },
  {
    "ID Number": "4514700"
  },
  {
    "ID Number": "4502612"
  },
  {
    "ID Number": "4503210"
  },
  {
    "ID Number": "4509021"
  },
  {
    "ID Number": "4506480"
  },
  {
    "ID Number": "4526511"
  },
  {
    "ID Number": "4519922"
  },
  {
    "ID Number": "4505662"
  },
  {
    "ID Number": "4522753"
  },
  {
    "ID Number": "4519540"
  },
  {
    "ID Number": "4523687"
  },
  {
    "ID Number": "4522761"
  },
  {
    "ID Number": "4506251"
  },
  {
    "ID Number": "4503635"
  },
  {
    "ID Number": "4519809"
  },
  {
    "ID Number": "4506340"
  },
  {
    "ID Number": "4504313"
  },
  {
    "ID Number": "4522222"
  },
  {
    "ID Number": "4522044"
  },
  {
    "ID Number": "4518110"
  },
  {
    "ID Number": "4505158"
  },
  {
    "ID Number": "4525647"
  },
  {
    "ID Number": "4524225"
  },
  {
    "ID Number": "4502078"
  },
  {
    "ID Number": "4523962"
  },
  {
    "ID Number": "4503643"
  },
  {
    "ID Number": "4508602"
  },
  {
    "ID Number": "4532317"
  },
  {
    "ID Number": "4509412"
  },
  {
    "ID Number": "4508220"
  },
  {
    "ID Number": "4505263"
  },
  {
    "ID Number": "4527534"
  },
  {
    "ID Number": "4521617"
  },
  {
    "ID Number": "4519019"
  },
  {
    "ID Number": "4528077"
  },
  {
    "ID Number": "4516869"
  },
  {
    "ID Number": "4504100"
  },
  {
    "ID Number": "4522354"
  },
  {
    "ID Number": "4525477"
  },
  {
    "ID Number": "4511689"
  },
  {
    "ID Number": "4510127"
  },
  {
    "ID Number": "4520408"
  },
  {
    "ID Number": "4523970"
  },
  {
    "ID Number": "4524950"
  },
  {
    "ID Number": "4522320"
  },
  {
    "ID Number": "4516605"
  },
  {
    "ID Number": "4522265"
  },
  {
    "ID Number": "4526481"
  },
  {
    "ID Number": "4514459"
  },
  {
    "ID Number": "4518241"
  },
  {
    "ID Number": "4512677"
  },
  {
    "ID Number": "4505743"
  },
  {
    "ID Number": "4526023"
  },
  {
    "ID Number": "4515641"
  },
  {
    "ID Number": "4528581"
  },
  {
    "ID Number": "4510402"
  },
  {
    "ID Number": "4508661"
  },
  {
    "ID Number": "4525728"
  },
  {
    "ID Number": "4507347"
  },
  {
    "ID Number": "4515099"
  },
  {
    "ID Number": "4520483"
  },
  {
    "ID Number": "4505280"
  },
  {
    "ID Number": "4506170"
  },
  {
    "ID Number": "4514076"
  },
  {
    "ID Number": "4501047"
  },
  {
    "ID Number": "4501691"
  },
  {
    "ID Number": "4507932"
  },
  {
    "ID Number": "4520416"
  },
  {
    "ID Number": "4500482"
  },
  {
    "ID Number": "4525825"
  },
  {
    "ID Number": "4523580"
  },
  {
    "ID Number": "4524489"
  },
  {
    "ID Number": "4518217"
  },
  {
    "ID Number": "4504690"
  },
  {
    "ID Number": "4512294"
  },
  {
    "ID Number": "4509528"
  },
  {
    "ID Number": "4510763"
  },
  {
    "ID Number": "4501128"
  },
  {
    "ID Number": "4507720"
  },
  {
    "ID Number": "4515560"
  },
  {
    "ID Number": "4515102"
  },
  {
    "ID Number": "4517326"
  },
  {
    "ID Number": "4501705"
  },
  {
    "ID Number": "4518322"
  },
  {
    "ID Number": "4513002"
  },
  {
    "ID Number": "4521080"
  },
  {
    "ID Number": "4525655"
  },
  {
    "ID Number": "4502663"
  },
  {
    "ID Number": "4511484"
  },
  {
    "ID Number": "4523997"
  },
  {
    "ID Number": "4518462"
  },
  {
    "ID Number": "4518500"
  },
  {
    "ID Number": "4502221"
  },
  {
    "ID Number": "4519574"
  },
  {
    "ID Number": "4522095"
  },
  {
    "ID Number": "4511603"
  },
  {
    "ID Number": "4522702"
  },
  {
    "ID Number": "4524829"
  },
  {
    "ID Number": "4504143"
  },
  {
    "ID Number": "4502787"
  },
  {
    "ID Number": "4501225"
  },
  {
    "ID Number": "4533909"
  },
  {
    "ID Number": "4517601"
  },
  {
    "ID Number": "4526600"
  },
  {
    "ID Number": "4527615"
  },
  {
    "ID Number": "4509420"
  },
  {
    "ID Number": "4522770"
  },
  {
    "ID Number": "4509765"
  },
  {
    "ID Number": "4500075"
  },
  {
    "ID Number": "4512855"
  },
  {
    "ID Number": "4518080"
  },
  {
    "ID Number": "4528190"
  },
  {
    "ID Number": "4517393"
  },
  {
    "ID Number": "4510976"
  },
  {
    "ID Number": "4511379"
  },
  {
    "ID Number": "4511611"
  },
  {
    "ID Number": "4522788"
  },
  {
    "ID Number": "4522010"
  },
  {
    "ID Number": "4522796"
  },
  {
    "ID Number": "4509439"
  },
  {
    "ID Number": "4500385"
  },
  {
    "ID Number": "4512138"
  },
  {
    "ID Number": "4506359"
  },
  {
    "ID Number": "4503694"
  },
  {
    "ID Number": "4503708"
  },
  {
    "ID Number": "4518250"
  },
  {
    "ID Number": "4510674"
  },
  {
    "ID Number": "4508572"
  },
  {
    "ID Number": "4508955"
  },
  {
    "ID Number": "4513037"
  },
  {
    "ID Number": "4500806"
  },
  {
    "ID Number": "4507355"
  },
  {
    "ID Number": "4506413"
  },
  {
    "ID Number": "4517296"
  },
  {
    "ID Number": "4503716"
  },
  {
    "ID Number": "4513290"
  },
  {
    "ID Number": "4527542"
  },
  {
    "ID Number": "4500644"
  },
  {
    "ID Number": "4509595"
  },
  {
    "ID Number": "4514939"
  },
  {
    "ID Number": "4518136"
  },
  {
    "ID Number": "4507860"
  },
  {
    "ID Number": "4532597"
  },
  {
    "ID Number": "4519752"
  },
  {
    "ID Number": "4500130"
  },
  {
    "ID Number": "4500725"
  },
  {
    "ID Number": "4502310"
  },
  {
    "ID Number": "4520149"
  },
  {
    "ID Number": "4519760"
  },
  {
    "ID Number": "4525906"
  },
  {
    "ID Number": "4522028"
  },
  {
    "ID Number": "4523830"
  },
  {
    "ID Number": "4503511"
  },
  {
    "ID Number": "4501055"
  },
  {
    "ID Number": "4516206"
  },
  {
    "ID Number": "4518403"
  },
  {
    "ID Number": "4504437"
  },
  {
    "ID Number": "4522516"
  },
  {
    "ID Number": "4507525"
  },
  {
    "ID Number": "4503481"
  },
  {
    "ID Number": "4527020"
  },
  {
    "ID Number": "4500814"
  },
  {
    "ID Number": "4501756"
  },
  {
    "ID Number": "4511794"
  },
  {
    "ID Number": "4503740"
  },
  {
    "ID Number": "4516877"
  },
  {
    "ID Number": "4513614"
  },
  {
    "ID Number": "4533801"
  },
  {
    "ID Number": "4518144"
  },
  {
    "ID Number": "4508378"
  },
  {
    "ID Number": "4515021"
  },
  {
    "ID Number": "4509870"
  },
  {
    "ID Number": "4512146"
  },
  {
    "ID Number": "4501101"
  },
  {
    "ID Number": "4521250"
  },
  {
    "ID Number": "4513622"
  },
  {
    "ID Number": "4501810"
  },
  {
    "ID Number": "4527330"
  },
  {
    "ID Number": "4532333"
  },
  {
    "ID Number": "4517407"
  },
  {
    "ID Number": "4521625"
  },
  {
    "ID Number": "4512693"
  },
  {
    "ID Number": "4514173"
  },
  {
    "ID Number": "4520165"
  },
  {
    "ID Number": "4503317"
  },
  {
    "ID Number": "4502094"
  },
  {
    "ID Number": "4522303"
  },
  {
    "ID Number": "4511620"
  },
  {
    "ID Number": "4500261"
  },
  {
    "ID Number": "4506154"
  },
  {
    "ID Number": "4502248"
  },
  {
    "ID Number": "4506537"
  },
  {
    "ID Number": "4500628"
  },
  {
    "ID Number": "4519027"
  },
  {
    "ID Number": "4510151"
  },
  {
    "ID Number": "4518950"
  },
  {
    "ID Number": "4512588"
  },
  {
    "ID Number": "4514793"
  },
  {
    "ID Number": "4521463"
  },
  {
    "ID Number": "4532490"
  },
  {
    "ID Number": "4517083"
  },
  {
    "ID Number": "4517008"
  },
  {
    "ID Number": "4521722"
  },
  {
    "ID Number": "4514467"
  },
  {
    "ID Number": "4506367"
  },
  {
    "ID Number": "4501675"
  },
  {
    "ID Number": "4502051"
  },
  {
    "ID Number": "4521790"
  },
  {
    "ID Number": "4512308"
  },
  {
    "ID Number": "4523024"
  },
  {
    "ID Number": "4525400"
  },
  {
    "ID Number": "4506421"
  },
  {
    "ID Number": "4524721"
  },
  {
    "ID Number": "4502256"
  },
  {
    "ID Number": "4507266"
  },
  {
    "ID Number": "4512863"
  },
  {
    "ID Number": "4505670"
  },
  {
    "ID Number": "4525973"
  },
  {
    "ID Number": "4512278"
  },
  {
    "ID Number": "4517512"
  },
  {
    "ID Number": "4500024"
  },
  {
    "ID Number": "4517415"
  },
  {
    "ID Number": "4513630"
  },
  {
    "ID Number": "4527275"
  },
  {
    "ID Number": "4518691"
  },
  {
    "ID Number": "4506375"
  },
  {
    "ID Number": "4512162"
  },
  {
    "ID Number": "4511077"
  },
  {
    "ID Number": "4519191"
  },
  {
    "ID Number": "4511638"
  },
  {
    "ID Number": "4509617"
  },
  {
    "ID Number": "4517806"
  },
  {
    "ID Number": "4510054"
  },
  {
    "ID Number": "4502299"
  },
  {
    "ID Number": "4506065"
  },
  {
    "ID Number": "4527356"
  },
  {
    "ID Number": "4500334"
  },
  {
    "ID Number": "4520025"
  },
  {
    "ID Number": "4509137"
  },
  {
    "ID Number": "4524292"
  },
  {
    "ID Number": "4509854"
  },
  {
    "ID Number": "4530780"
  },
  {
    "ID Number": "4509099"
  },
  {
    "ID Number": "4508114"
  },
  {
    "ID Number": "4526260"
  },
  {
    "ID Number": "4510577"
  },
  {
    "ID Number": "4515404"
  },
  {
    "ID Number": "4510640"
  },
  {
    "ID Number": "4501080"
  },
  {
    "ID Number": "4520840"
  },
  {
    "ID Number": "4517539"
  },
  {
    "ID Number": "4515145"
  },
  {
    "ID Number": "4500873"
  },
  {
    "ID Number": "4510208"
  },
  {
    "ID Number": "4530616"
  },
  {
    "ID Number": "4521110"
  },
  {
    "ID Number": "4529200"
  },
  {
    "ID Number": "4507533"
  },
  {
    "ID Number": "4509145"
  },
  {
    "ID Number": "4508548"
  },
  {
    "ID Number": "4503090"
  },
  {
    "ID Number": "4509242"
  },
  {
    "ID Number": "4512006"
  },
  {
    "ID Number": "4505727"
  },
  {
    "ID Number": "4504666"
  },
  {
    "ID Number": "4504763"
  },
  {
    "ID Number": "4500300"
  },
  {
    "ID Number": "4513649"
  },
  {
    "ID Number": "4519744"
  },
  {
    "ID Number": "4501241"
  },
  {
    "ID Number": "4523300"
  },
  {
    "ID Number": "4504844"
  },
  {
    "ID Number": "4515471"
  },
  {
    "ID Number": "4524233"
  },
  {
    "ID Number": "4517547"
  },
  {
    "ID Number": "4519353"
  },
  {
    "ID Number": "4522800"
  },
  {
    "ID Number": "4513843"
  },
  {
    "ID Number": "4509455"
  },
  {
    "ID Number": "4517300"
  },
  {
    "ID Number": "4527364"
  },
  {
    "ID Number": "4504526"
  },
  {
    "ID Number": "4512413"
  },
  {
    "ID Number": "4512596"
  },
  {
    "ID Number": "4512219"
  },
  {
    "ID Number": "4506545"
  },
  {
    "ID Number": "4521650"
  },
  {
    "ID Number": "4500245"
  },
  {
    "ID Number": "4518152"
  },
  {
    "ID Number": "4504925"
  },
  {
    "ID Number": "4520700"
  },
  {
    "ID Number": "4518969"
  },
  {
    "ID Number": "4526295"
  },
  {
    "ID Number": "4504704"
  },
  {
    "ID Number": "4521692"
  },
  {
    "ID Number": "4530802"
  },
  {
    "ID Number": "4507878"
  },
  {
    "ID Number": "4532554"
  },
  {
    "ID Number": "4511344"
  },
  {
    "ID Number": "4503295"
  },
  {
    "ID Number": "4527232"
  },
  {
    "ID Number": "4511239"
  },
  {
    "ID Number": "4509773"
  },
  {
    "ID Number": "4523695"
  },
  {
    "ID Number": "4510321"
  },
  {
    "ID Number": "4504178"
  },
  {
    "ID Number": "4519043"
  },
  {
    "ID Number": "4526899"
  },
  {
    "ID Number": "4527372"
  },
  {
    "ID Number": "4531620"
  },
  {
    "ID Number": "4508858"
  },
  {
    "ID Number": "4528379"
  },
  {
    "ID Number": "4517857"
  },
  {
    "ID Number": "4519361"
  },
  {
    "ID Number": "4527879"
  },
  {
    "ID Number": "4500296"
  },
  {
    "ID Number": "4503406"
  },
  {
    "ID Number": "4507088"
  },
  {
    "ID Number": "4502124"
  },
  {
    "ID Number": "4502329"
  },
  {
    "ID Number": "4503112"
  },
  {
    "ID Number": "4505328"
  },
  {
    "ID Number": "4520866"
  },
  {
    "ID Number": "4528212"
  },
  {
    "ID Number": "4502833"
  },
  {
    "ID Number": "4504291"
  },
  {
    "ID Number": "4518721"
  },
  {
    "ID Number": "4516346"
  },
  {
    "ID Number": "4524160"
  },
  {
    "ID Number": "4520173"
  },
  {
    "ID Number": "4522052"
  },
  {
    "ID Number": "4517091"
  },
  {
    "ID Number": "4510348"
  },
  {
    "ID Number": "4521560"
  },
  {
    "ID Number": "4518926"
  },
  {
    "ID Number": "4507177"
  },
  {
    "ID Number": "4506294"
  },
  {
    "ID Number": "4515790"
  },
  {
    "ID Number": "4509463"
  },
  {
    "ID Number": "4501870"
  },
  {
    "ID Number": "4502957"
  },
  {
    "ID Number": "4526449"
  },
  {
    "ID Number": "4532350"
  },
  {
    "ID Number": "4509331"
  },
  {
    "ID Number": "4518365"
  },
  {
    "ID Number": "4508831"
  },
  {
    "ID Number": "4524969"
  },
  {
    "ID Number": "4522540"
  },
  {
    "ID Number": "4512421"
  },
  {
    "ID Number": "4513657"
  },
  {
    "ID Number": "4502302"
  },
  {
    "ID Number": "4532368"
  },
  {
    "ID Number": "4505751"
  },
  {
    "ID Number": "4510470"
  },
  {
    "ID Number": "4510607"
  },
  {
    "ID Number": "4525736"
  },
  {
    "ID Number": "4520874"
  },
  {
    "ID Number": "4509633"
  },
  {
    "ID Number": "4500431"
  },
  {
    "ID Number": "4506308"
  },
  {
    "ID Number": "4527208"
  },
  {
    "ID Number": "4529812"
  },
  {
    "ID Number": "4524063"
  },
  {
    "ID Number": "4508580"
  },
  {
    "ID Number": "4503066"
  },
  {
    "ID Number": "4527216"
  },
  {
    "ID Number": "4502272"
  },
  {
    "ID Number": "4504550"
  },
  {
    "ID Number": "4528093"
  },
  {
    "ID Number": "4527380"
  },
  {
    "ID Number": "4510445"
  },
  {
    "ID Number": "4519418"
  },
  {
    "ID Number": "4516443"
  },
  {
    "ID Number": "4511158"
  },
  {
    "ID Number": "4516508"
  },
  {
    "ID Number": "4519256"
  },
  {
    "ID Number": "4507282"
  },
  {
    "ID Number": "4529898"
  },
  {
    "ID Number": "4534026"
  },
  {
    "ID Number": "4531639"
  },
  {
    "ID Number": "4528590"
  },
  {
    "ID Number": "4520718"
  },
  {
    "ID Number": "4520726"
  },
  {
    "ID Number": "4500830"
  },
  {
    "ID Number": "4507290"
  },
  {
    "ID Number": "4507185"
  },
  {
    "ID Number": "4518098"
  },
  {
    "ID Number": "4506553"
  },
  {
    "ID Number": "4510089"
  },
  {
    "ID Number": "4501187"
  },
  {
    "ID Number": "4502477"
  },
  {
    "ID Number": "4501365"
  },
  {
    "ID Number": "4530160"
  },
  {
    "ID Number": "4500148"
  },
  {
    "ID Number": "4508866"
  },
  {
    "ID Number": "4500512"
  },
  {
    "ID Number": "4503767"
  },
  {
    "ID Number": "4500237"
  },
  {
    "ID Number": "4502680"
  },
  {
    "ID Number": "4509293"
  },
  {
    "ID Number": "4504747"
  },
  {
    "ID Number": "4521382"
  },
  {
    "ID Number": "4517865"
  },
  {
    "ID Number": "4507568"
  },
  {
    "ID Number": "4506944"
  },
  {
    "ID Number": "4500580"
  },
  {
    "ID Number": "4506812"
  },
  {
    "ID Number": "4500350"
  },
  {
    "ID Number": "4505697"
  },
  {
    "ID Number": "4502345"
  },
  {
    "ID Number": "4515897"
  },
  {
    "ID Number": "4506260"
  },
  {
    "ID Number": "4518292"
  },
  {
    "ID Number": "4517644"
  },
  {
    "ID Number": "4509889"
  },
  {
    "ID Number": "4507002"
  },
  {
    "ID Number": "4502698"
  },
  {
    "ID Number": "4512243"
  },
  {
    "ID Number": "4512251"
  },
  {
    "ID Number": "4500652"
  },
  {
    "ID Number": "4504232"
  },
  {
    "ID Number": "4504240"
  },
  {
    "ID Number": "4526902"
  },
  {
    "ID Number": "4512880"
  },
  {
    "ID Number": "4505336"
  },
  {
    "ID Number": "4506650"
  },
  {
    "ID Number": "4526910"
  },
  {
    "ID Number": "4527810"
  },
  {
    "ID Number": "4506669"
  },
  {
    "ID Number": "4513576"
  },
  {
    "ID Number": "4532775"
  },
  {
    "ID Number": "4517121"
  },
  {
    "ID Number": "4532686"
  },
  {
    "ID Number": "4505549"
  },
  {
    "ID Number": "4514815"
  },
  {
    "ID Number": "4516362"
  },
  {
    "ID Number": "4503104"
  },
  {
    "ID Number": "4500504"
  },
  {
    "ID Number": "4505760"
  },
  {
    "ID Number": "4503082"
  },
  {
    "ID Number": "4521323"
  },
  {
    "ID Number": "4514580"
  },
  {
    "ID Number": "4506081"
  },
  {
    "ID Number": "4505450"
  },
  {
    "ID Number": "4512782"
  },
  {
    "ID Number": "4512340"
  },
  {
    "ID Number": "4506561"
  },
  {
    "ID Number": "4503791"
  },
  {
    "ID Number": "4510011"
  },
  {
    "ID Number": "4505166"
  },
  {
    "ID Number": "4511085"
  },
  {
    "ID Number": "4528220"
  },
  {
    "ID Number": "4505808"
  },
  {
    "ID Number": "4504852"
  },
  {
    "ID Number": "4502981"
  },
  {
    "ID Number": "4501489"
  },
  {
    "ID Number": "4526040"
  },
  {
    "ID Number": "4511751"
  },
  {
    "ID Number": "4517890"
  },
  {
    "ID Number": "4511271"
  },
  {
    "ID Number": "4506715"
  },
  {
    "ID Number": "4514947"
  },
  {
    "ID Number": "4502850"
  },
  {
    "ID Number": "4512898"
  },
  {
    "ID Number": "4529197"
  },
  {
    "ID Number": "4529294"
  },
  {
    "ID Number": "4513517"
  },
  {
    "ID Number": "4511417"
  },
  {
    "ID Number": "4524080"
  },
  {
    "ID Number": "4520343"
  },
  {
    "ID Number": "4505000"
  },
  {
    "ID Number": "4510178"
  },
  {
    "ID Number": "4525191"
  },
  {
    "ID Number": "4506120"
  },
  {
    "ID Number": "4506138"
  },
  {
    "ID Number": "4529871"
  },
  {
    "ID Number": "4509820"
  },
  {
    "ID Number": "4523075"
  },
  {
    "ID Number": "4529669"
  },
  {
    "ID Number": "4530586"
  },
  {
    "ID Number": "4530535"
  },
  {
    "ID Number": "4505360"
  },
  {
    "ID Number": "4512189"
  },
  {
    "ID Number": "4529600"
  },
  {
    "ID Number": "4504755"
  },
  {
    "ID Number": "4527070"
  },
  {
    "ID Number": "4506723"
  },
  {
    "ID Number": "4520890"
  },
  {
    "ID Number": "4514181"
  },
  {
    "ID Number": "4520050"
  },
  {
    "ID Number": "4517342"
  },
  {
    "ID Number": "4522079"
  },
  {
    "ID Number": "4519140"
  },
  {
    "ID Number": "4519779"
  },
  {
    "ID Number": "4505778"
  },
  {
    "ID Number": "4505786"
  },
  {
    "ID Number": "4504372"
  },
  {
    "ID Number": "4503805"
  },
  {
    "ID Number": "4527798"
  },
  {
    "ID Number": "4525132"
  },
  {
    "ID Number": "4519264"
  },
  {
    "ID Number": "4528328"
  },
  {
    "ID Number": "4516230"
  },
  {
    "ID Number": "4501136"
  },
  {
    "ID Number": "4503279"
  },
  {
    "ID Number": "4508726"
  },
  {
    "ID Number": "4519477"
  },
  {
    "ID Number": "4526457"
  },
  {
    "ID Number": "4500709"
  },
  {
    "ID Number": "4501802"
  },
  {
    "ID Number": "4513550"
  },
  {
    "ID Number": "4521048"
  },
  {
    "ID Number": "4517130"
  },
  {
    "ID Number": "4513665"
  },
  {
    "ID Number": "4529480"
  },
  {
    "ID Number": "4522176"
  },
  {
    "ID Number": "4504569"
  },
  {
    "ID Number": "4509781"
  },
  {
    "ID Number": "4528115"
  },
  {
    "ID Number": "4521129"
  },
  {
    "ID Number": "4507444"
  },
  {
    "ID Number": "4505034"
  },
  {
    "ID Number": "4527550"
  },
  {
    "ID Number": "4503830"
  },
  {
    "ID Number": "4514475"
  },
  {
    "ID Number": "4512944"
  },
  {
    "ID Number": "4519485"
  },
  {
    "ID Number": "4513819"
  },
  {
    "ID Number": "4518179"
  },
  {
    "ID Number": "44147350"
  },
  {
    "ID Number": "4512731"
  },
  {
    "ID Number": "4508882"
  },
  {
    "ID Number": "4531329"
  },
  {
    "ID Number": "4504321"
  },
  {
    "ID Number": "4503848"
  },
  {
    "ID Number": "4525167"
  },
  {
    "ID Number": "4518349"
  },
  {
    "ID Number": "4510526"
  },
  {
    "ID Number": "4503856"
  },
  {
    "ID Number": "4506820"
  },
  {
    "ID Number": "4522249"
  },
  {
    "ID Number": "4504380"
  },
  {
    "ID Number": "4510259"
  },
  {
    "ID Number": "4500890"
  },
  {
    "ID Number": "4509471"
  },
  {
    "ID Number": "4514297"
  },
  {
    "ID Number": "4507010"
  },
  {
    "ID Number": "4514670"
  },
  {
    "ID Number": "4511166"
  },
  {
    "ID Number": "4516796"
  },
  {
    "ID Number": "4514483"
  },
  {
    "ID Number": "4520220"
  },
  {
    "ID Number": "4502760"
  },
  {
    "ID Number": "4516184"
  },
  {
    "ID Number": "4522885"
  },
  {
    "ID Number": "4509269"
  },
  {
    "ID Number": "4521005"
  },
  {
    "ID Number": "4519833"
  },
  {
    "ID Number": "4508807"
  },
  {
    "ID Number": "4519051"
  },
  {
    "ID Number": "4510712"
  },
  {
    "ID Number": "4510020"
  },
  {
    "ID Number": "4511476"
  },
  {
    "ID Number": "4503155"
  },
  {
    "ID Number": "4514734"
  },
  {
    "ID Number": "4529618"
  },
  {
    "ID Number": "4509323"
  },
  {
    "ID Number": "4517938"
  },
  {
    "ID Number": "4526465"
  },
  {
    "ID Number": "4517946"
  },
  {
    "ID Number": "4505913"
  },
  {
    "ID Number": "4508440"
  },
  {
    "ID Number": "4517954"
  },
  {
    "ID Number": "4524977"
  },
  {
    "ID Number": "4505638"
  },
  {
    "ID Number": "4500091"
  },
  {
    "ID Number": "4530098"
  },
  {
    "ID Number": "4509943"
  },
  {
    "ID Number": "4509978"
  },
  {
    "ID Number": "4523415"
  },
  {
    "ID Number": "4503899"
  },
  {
    "ID Number": "4508041"
  },
  {
    "ID Number": "4501110"
  },
  {
    "ID Number": "4523709"
  },
  {
    "ID Number": "4505948"
  },
  {
    "ID Number": "4509692"
  },
  {
    "ID Number": "4507487"
  },
  {
    "ID Number": "4502868"
  },
  {
    "ID Number": "4502876"
  },
  {
    "ID Number": "4501276"
  },
  {
    "ID Number": "4510038"
  },
  {
    "ID Number": "4516028"
  },
  {
    "ID Number": "4530888"
  },
  {
    "ID Number": "4503333"
  },
  {
    "ID Number": "4524438"
  },
  {
    "ID Number": "4523431"
  },
  {
    "ID Number": "4522907"
  },
  {
    "ID Number": "4515820"
  },
  {
    "ID Number": "4514955"
  },
  {
    "ID Number": "4521765"
  },
  {
    "ID Number": "4517580"
  },
  {
    "ID Number": "4526350"
  },
  {
    "ID Number": "4525930"
  },
  {
    "ID Number": "4513371"
  },
  {
    "ID Number": "4509862"
  },
  {
    "ID Number": "4512901"
  },
  {
    "ID Number": "4522508"
  },
  {
    "ID Number": "4508890"
  },
  {
    "ID Number": "4512359"
  },
  {
    "ID Number": "4525507"
  },
  {
    "ID Number": "4509838"
  },
  {
    "ID Number": "4522257"
  },
  {
    "ID Number": "4516036"
  },
  {
    "ID Number": "4518420"
  },
  {
    "ID Number": "4534042"
  },
  {
    "ID Number": "4528905"
  },
  {
    "ID Number": "4528913"
  },
  {
    "ID Number": "4524667"
  },
  {
    "ID Number": "4530683"
  },
  {
    "ID Number": "4513584"
  },
  {
    "ID Number": "4532384"
  },
  {
    "ID Number": "4509170"
  },
  {
    "ID Number": "4533933"
  },
  {
    "ID Number": "4530748"
  },
  {
    "ID Number": "4511654"
  },
  {
    "ID Number": "4511441"
  },
  {
    "ID Number": "4518977"
  },
  {
    "ID Number": "4503902"
  },
  {
    "ID Number": "4505824"
  },
  {
    "ID Number": "4533810"
  },
  {
    "ID Number": "4518705"
  },
  {
    "ID Number": "4516915"
  },
  {
    "ID Number": "4516087"
  },
  {
    "ID Number": "4507657"
  },
  {
    "ID Number": "4504860"
  },
  {
    "ID Number": "4515340"
  },
  {
    "ID Number": "4508386"
  },
  {
    "ID Number": "4504461"
  },
  {
    "ID Number": "4508459"
  },
  {
    "ID Number": "4508394"
  },
  {
    "ID Number": "4523628"
  },
  {
    "ID Number": "4502337"
  },
  {
    "ID Number": "4501373"
  },
  {
    "ID Number": "4506383"
  },
  {
    "ID Number": "4525159"
  },
  {
    "ID Number": "4528522"
  },
  {
    "ID Number": "4508173"
  },
  {
    "ID Number": "4519450"
  },
  {
    "ID Number": "4502485"
  },
  {
    "ID Number": "4506022"
  },
  {
    "ID Number": "4508912"
  },
  {
    "ID Number": "4518888"
  },
  {
    "ID Number": "4501578"
  },
  {
    "ID Number": "4515684"
  },
  {
    "ID Number": "4504593"
  },
  {
    "ID Number": "4513827"
  },
  {
    "ID Number": "4506839"
  },
  {
    "ID Number": "4508734"
  },
  {
    "ID Number": "4524128"
  },
  {
    "ID Number": "4521315"
  },
  {
    "ID Number": "4506146"
  },
  {
    "ID Number": "4519493"
  },
  {
    "ID Number": "4508130"
  },
  {
    "ID Number": "4528921"
  },
  {
    "ID Number": "4515692"
  },
  {
    "ID Number": "4502884"
  },
  {
    "ID Number": "4503910"
  },
  {
    "ID Number": "4507320"
  },
  {
    "ID Number": "4511662"
  },
  {
    "ID Number": "4501713"
  },
  {
    "ID Number": "4502710"
  },
  {
    "ID Number": "4516885"
  },
  {
    "ID Number": "4526473"
  },
  {
    "ID Number": "4519507"
  },
  {
    "ID Number": "4507894"
  },
  {
    "ID Number": "4513444"
  },
  {
    "ID Number": "4510704"
  },
  {
    "ID Number": "4509480"
  },
  {
    "ID Number": "4520750"
  },
  {
    "ID Number": "4513924"
  },
  {
    "ID Number": "4527283"
  },
  {
    "ID Number": "4509340"
  },
  {
    "ID Number": "4511280"
  },
  {
    "ID Number": "4500849"
  },
  {
    "ID Number": "4525876"
  },
  {
    "ID Number": "4528646"
  },
  {
    "ID Number": "4500547"
  },
  {
    "ID Number": "4514629"
  },
  {
    "ID Number": "4530624"
  },
  {
    "ID Number": "4504348"
  },
  {
    "ID Number": "4512910"
  },
  {
    "ID Number": "4500105"
  },
  {
    "ID Number": "4530896"
  },
  {
    "ID Number": "4518004"
  },
  {
    "ID Number": "4524349"
  },
  {
    "ID Number": "4504941"
  },
  {
    "ID Number": "4521579"
  },
  {
    "ID Number": "4504410"
  },
  {
    "ID Number": "4510623"
  },
  {
    "ID Number": "4505182"
  },
  {
    "ID Number": "4514963"
  },
  {
    "ID Number": "4516273"
  },
  {
    "ID Number": "4530632"
  },
  {
    "ID Number": "4524497"
  },
  {
    "ID Number": "4507100"
  },
  {
    "ID Number": "4521587"
  },
  {
    "ID Number": "4500563"
  },
  {
    "ID Number": "4524500"
  },
  {
    "ID Number": "4501845"
  },
  {
    "ID Number": "4503422"
  },
  {
    "ID Number": "4510488"
  },
  {
    "ID Number": "4503945"
  },
  {
    "ID Number": "4518187"
  },
  {
    "ID Number": "4532821"
  },
  {
    "ID Number": "4527704"
  },
  {
    "ID Number": "4504399"
  },
  {
    "ID Number": "4505972"
  },
  {
    "ID Number": "4508408"
  },
  {
    "ID Number": "4529740"
  },
  {
    "ID Number": "4500490"
  },
  {
    "ID Number": "4513525"
  },
  {
    "ID Number": "4501462"
  },
  {
    "ID Number": "4524780"
  },
  {
    "ID Number": "4503953"
  },
  {
    "ID Number": "4502264"
  },
  {
    "ID Number": "4511301"
  },
  {
    "ID Number": "4529685"
  },
  {
    "ID Number": "4507339"
  },
  {
    "ID Number": "4519388"
  },
  {
    "ID Number": "4505557"
  },
  {
    "ID Number": "4500920"
  },
  {
    "ID Number": "4504968"
  },
  {
    "ID Number": "4514491"
  },
  {
    "ID Number": "4516320"
  },
  {
    "ID Number": "4505190"
  },
  {
    "ID Number": "4525809"
  },
  {
    "ID Number": "4504640"
  },
  {
    "ID Number": "4524756"
  },
  {
    "ID Number": "4500458"
  },
  {
    "ID Number": "4516311"
  },
  {
    "ID Number": "4504712"
  },
  {
    "ID Number": "4510313"
  },
  {
    "ID Number": "4504658"
  },
  {
    "ID Number": "4508467"
  },
  {
    "ID Number": "4521056"
  },
  {
    "ID Number": "4518381"
  },
  {
    "ID Number": "4514190"
  },
  {
    "ID Number": "4508556"
  },
  {
    "ID Number": "4512227"
  },
  {
    "ID Number": "4509498"
  },
  {
    "ID Number": "4511050"
  },
  {
    "ID Number": "4523440"
  },
  {
    "ID Number": "4519841"
  },
  {
    "ID Number": "4516753"
  },
  {
    "ID Number": "4509102"
  },
  {
    "ID Number": "4517350"
  },
  {
    "ID Number": "4521471"
  },
  {
    "ID Number": "4521480"
  },
  {
    "ID Number": "4522524"
  },
  {
    "ID Number": "4501160"
  },
  {
    "ID Number": "4509722"
  },
  {
    "ID Number": "4509730"
  },
  {
    "ID Number": "4518519"
  },
  {
    "ID Number": "4521676"
  },
  {
    "ID Number": "4501918"
  },
  {
    "ID Number": "4517032"
  },
  {
    "ID Number": "4517040"
  },
  {
    "ID Number": "4514513"
  },
  {
    "ID Number": "4503970"
  },
  {
    "ID Number": "4513487"
  },
  {
    "ID Number": "4516281"
  },
  {
    "ID Number": "4503449"
  },
  {
    "ID Number": "4507029"
  },
  {
    "ID Number": "4504607"
  },
  {
    "ID Number": "4524608"
  },
  {
    "ID Number": "4517482"
  },
  {
    "ID Number": "4528123"
  },
  {
    "ID Number": "4521439"
  },
  {
    "ID Number": "4526520"
  },
  {
    "ID Number": "4513177"
  },
  {
    "ID Number": "4508637"
  },
  {
    "ID Number": "4505565"
  },
  {
    "ID Number": "4514530"
  },
  {
    "ID Number": "4505204"
  },
  {
    "ID Number": "4511670"
  },
  {
    "ID Number": "4527747"
  },
  {
    "ID Number": "4525213"
  },
  {
    "ID Number": "4513193"
  },
  {
    "ID Number": "4513428"
  },
  {
    "ID Number": "4510950"
  },
  {
    "ID Number": "4522311"
  },
  {
    "ID Number": "4509307"
  },
  {
    "ID Number": "4524918"
  },
  {
    "ID Number": "4501152"
  },
  {
    "ID Number": "4500610"
  },
  {
    "ID Number": "4510550"
  },
  {
    "ID Number": "4510046"
  },
  {
    "ID Number": "4527151"
  },
  {
    "ID Number": "4508343"
  },
  {
    "ID Number": "4507827"
  },
  {
    "ID Number": "4532864"
  },
  {
    "ID Number": "4515595"
  },
  {
    "ID Number": "4506316"
  },
  {
    "ID Number": "4504739"
  },
  {
    "ID Number": "4504003"
  },
  {
    "ID Number": "4502515"
  },
  {
    "ID Number": "4501616"
  },
  {
    "ID Number": "4515927"
  },
  {
    "ID Number": "4509358"
  },
  {
    "ID Number": "4509366"
  },
  {
    "ID Number": "4529146"
  },
  {
    "ID Number": "4528263"
  },
  {
    "ID Number": "4515714"
  },
  {
    "ID Number": "4520378"
  },
  {
    "ID Number": "4522460"
  },
  {
    "ID Number": "4503341"
  },
  {
    "ID Number": "4504879"
  },
  {
    "ID Number": "4504887"
  },
  {
    "ID Number": "4505905"
  },
  {
    "ID Number": "4530969"
  },
  {
    "ID Number": "4521390"
  },
  {
    "ID Number": "4521749"
  },
  {
    "ID Number": "4503503"
  },
  {
    "ID Number": "4501020"
  },
  {
    "ID Number": "4522214"
  },
  {
    "ID Number": "4506324"
  },
  {
    "ID Number": "4503538"
  },
  {
    "ID Number": "4504895"
  },
  {
    "ID Number": "4505573"
  },
  {
    "ID Number": "4505581"
  },
  {
    "ID Number": "4518837"
  },
  {
    "ID Number": "4502736"
  },
  {
    "ID Number": "4504127"
  },
  {
    "ID Number": "4503570"
  },
  {
    "ID Number": "4507835"
  },
  {
    "ID Number": "4510593"
  },
  {
    "ID Number": "4506600"
  },
  {
    "ID Number": "4509501"
  },
  {
    "ID Number": "4508351"
  },
  {
    "ID Number": "4502990"
  },
  {
    "ID Number": "4530209"
  },
  {
    "ID Number": "4518233"
  },
  {
    "ID Number": "4523490"
  },
  {
    "ID Number": "4520009"
  },
  {
    "ID Number": "4525752"
  },
  {
    "ID Number": "4515382"
  },
  {
    "ID Number": "4517598"
  },
  {
    "ID Number": "4502027"
  },
  {
    "ID Number": "4504011"
  },
  {
    "ID Number": "4513690"
  },
  {
    "ID Number": "4522931"
  },
  {
    "ID Number": "4500750"
  },
  {
    "ID Number": "4518195"
  },
  {
    "ID Number": "4524870"
  },
  {
    "ID Number": "4500199"
  },
  {
    "ID Number": "4519868"
  },
  {
    "ID Number": "4522940"
  },
  {
    "ID Number": "4534158"
  },
  {
    "ID Number": "4518527"
  },
  {
    "ID Number": "4503180"
  },
  {
    "ID Number": "4522958"
  },
  {
    "ID Number": "4520920"
  },
  {
    "ID Number": "4502175"
  },
  {
    "ID Number": "4519396"
  },
  {
    "ID Number": "4529790"
  },
  {
    "ID Number": "4519310"
  },
  {
    "ID Number": "4505956"
  },
  {
    "ID Number": "4505980"
  },
  {
    "ID Number": "4505441"
  },
  {
    "ID Number": "4513215"
  },
  {
    "ID Number": "5907888"
  },
  {
    "ID Number": "4520424"
  },
  {
    "ID Number": "4529987"
  },
  {
    "ID Number": "4522974"
  },
  {
    "ID Number": "4523660"
  },
  {
    "ID Number": "4503350"
  },
  {
    "ID Number": "4504038"
  },
  {
    "ID Number": "4528530"
  },
  {
    "ID Number": "4518535"
  },
  {
    "ID Number": "4505107"
  },
  {
    "ID Number": "4525221"
  },
  {
    "ID Number": "4522982"
  },
  {
    "ID Number": "4514394"
  },
  {
    "ID Number": "4518276"
  },
  {
    "ID Number": "4520785"
  },
  {
    "ID Number": "4525949"
  },
  {
    "ID Number": "4514971"
  },
  {
    "ID Number": "4506740"
  },
  {
    "ID Number": "4522168"
  },
  {
    "ID Number": "4518020"
  },
  {
    "ID Number": "4509196"
  },
  {
    "ID Number": "4502060"
  },
  {
    "ID Number": "4504054"
  },
  {
    "ID Number": "4524179"
  },
  {
    "ID Number": "4501470"
  },
  {
    "ID Number": "4504674"
  },
  {
    "ID Number": "4506030"
  },
  {
    "ID Number": "4513231"
  },
  {
    "ID Number": "4525817"
  },
  {
    "ID Number": "4526538"
  },
  {
    "ID Number": "4525558"
  },
  {
    "ID Number": "4502523"
  },
  {
    "ID Number": "4509951"
  },
  {
    "ID Number": "4502205"
  },
  {
    "ID Number": "4529650"
  },
  {
    "ID Number": "4515226"
  },
  {
    "ID Number": "4509994"
  },
  {
    "ID Number": "4506006"
  },
  {
    "ID Number": "4530705"
  },
  {
    "ID Number": "4521781"
  },
  {
    "ID Number": "4521773"
  },
  {
    "ID Number": "4523091"
  },
  {
    "ID Number": "4524888"
  },
  {
    "ID Number": "4506618"
  },
  {
    "ID Number": "4507509"
  },
  {
    "ID Number": "4513681"
  },
  {
    "ID Number": "4529120"
  },
  {
    "ID Number": "4519515"
  },
  {
    "ID Number": "4506162"
  },
  {
    "ID Number": "4526244"
  },
  {
    "ID Number": "4524926"
  },
  {
    "ID Number": "4509315"
  },
  {
    "ID Number": "4513258"
  },
  {
    "ID Number": "4516109"
  },
  {
    "ID Number": "4514980"
  },
  {
    "ID Number": "4514378"
  },
  {
    "ID Number": "4513380"
  },
  {
    "ID Number": "4505212"
  },
  {
    "ID Number": "4510666"
  },
  {
    "ID Number": "4506758"
  },
  {
    "ID Number": "4505026"
  },
  {
    "ID Number": "4501217"
  },
  {
    "ID Number": "4502620"
  },
  {
    "ID Number": "4510070"
  },
  {
    "ID Number": "4516389"
  },
  {
    "ID Number": "4504909"
  },
  {
    "ID Number": "4515234"
  },
  {
    "ID Number": "4519442"
  },
  {
    "ID Number": "4523644"
  },
  {
    "ID Number": "4513266"
  },
  {
    "ID Number": "4506847"
  },
  {
    "ID Number": "4524845"
  },
  {
    "ID Number": "4524454"
  },
  {
    "ID Number": "4514203"
  },
  {
    "ID Number": "4500792"
  },
  {
    "ID Number": "4505417"
  },
  {
    "ID Number": "4516907"
  },
  {
    "ID Number": "4529316"
  },
  {
    "ID Number": "4503457"
  },
  {
    "ID Number": "4501950"
  },
  {
    "ID Number": "4508769"
  },
  {
    "ID Number": "4515510"
  },
  {
    "ID Number": "4500989"
  },
  {
    "ID Number": "4520114"
  },
  {
    "ID Number": "4527836"
  },
  {
    "ID Number": "4522699"
  },
  {
    "ID Number": "4525000"
  },
  {
    "ID Number": "4518861"
  },
  {
    "ID Number": "4500407"
  },
  {
    "ID Number": "4505492"
  },
  {
    "ID Number": "4505867"
  },
  {
    "ID Number": "4518667"
  },
  {
    "ID Number": "4524853"
  },
  {
    "ID Number": "4500342"
  },
  {
    "ID Number": "4521021"
  },
  {
    "ID Number": "4532856"
  },
  {
    "ID Number": "4503201"
  },
  {
    "ID Number": "4513339"
  },
  {
    "ID Number": "4529995"
  },
  {
    "ID Number": "4500288"
  },
  {
    "ID Number": "4521633"
  },
  {
    "ID Number": "4503554"
  },
  {
    "ID Number": "4513274"
  }
]