ID Number,Name,Fed,Sex,Title,WTit,OTit,Rating,Gms,K,RatingMonth,B-day,Flag
6520839,"Abarca Calderon, Jose Fabian",CRC,M,,,,1642,0,40,AUG25,2002,
6509380,"Abarca Matarrita, Juan Pablo",CRC,M,,,,1630,0,20,AUG25,2004,
6504442,"Acevedo Mendez, Jennifer",CRC,F,WFM,WFM,NA,1888,0,20,AUG25,1999,wi
6510884,"Acuna Carrillo, Ricardo",CRC,M,,,,1796,0,40,AUG25,1967,i
6513824,"Acuna Nunez, Ignacio",CRC,M,,,,1718,0,40,AUG25,2008,
6511856,"Adanis Mora, Naomy",CRC,F,,,,1502,0,20,AUG25,2004,wi
6563511,"Aguero Contreras, Reychel Tamara",CRC,F,,,,1505,4,40,AUG25,2009,w
6550096,"Aguero Espinoza, Sebasthian",CRC,M,,NA,,1843,6,20,AUG25,2003,
6518400,"Aguero Monge, Alicia Natalia",CRC,F,,,,1432,0,40,AUG25,2009,w
6501931,"Aguilar Alfaro, Juan Carlos",CRC,M,,,,1963,0,20,AUG25,1990,i
6532918,"Aguilar Avila, Daniel",CRC,M,,,,1480,0,40,AUG25,2010,
6500994,"Aguilar Pina, Luis Gerardo",CRC,M,,,,1874,6,20,AUG25,1962,
6501966,"Alfaro Guillen, Jose Raul",CRC,M,,,,2035,0,20,AUG25,1991,i
6500749,"Alfaro Murillo, Carlos Andres",CRC,M,CM,,,2195,0,20,AUG25,1985,i
6500013,"Alfaro Rojas, Alfonso Jose",CRC,M,FM,,,2295,0,20,AUG25,1989,
6533760,"Alpizar Castro, Luis",CRC,M,,,,1531,0,20,AUG25,2003,i
6505775,"Alpizar Gonzalez, Marlon Alberto",CRC,M,,,,1634,0,20,AUG25,1996,i
6510515,"Alvarado Alvarez, Rafael Angel",CRC,M,,,,1440,0,20,AUG25,1999,i
6553761,"Alvarado Guzman, Alberto",CRC,M,,,,1552,0,40,AUG25,1981,i
6555322,"Alvarado Machado, Bryan Alberto",CRC,M,,,,1678,5,40,AUG25,2011,
6555071,"Alvarado Machado, E. Daniela",CRC,F,,,,1487,2,40,AUG25,2008,w
6523641,"Alvarado Monge, Noelia Patricia",CRC,F,,,,1516,0,20,AUG25,2001,wi
6510949,"Alvarado Montero, Jose Gerardo",CRC,M,,,,1617,0,40,AUG25,1993,i
6564356,"Alvarado Wiciak, Ana Luisa",CRC,F,,,,1576,0,40,AUG25,2010,w
6500420,"Alvarado, Dizan Ernesto",CRC,M,,,,1946,0,20,AUG25,1967,i
6513590,"Alvarez Alvarez, Johanel",CRC,M,,NA,,1596,0,20,AUG25,2002,i
6516734,"Alvarez Calderon, Leana Maria",CRC,F,,,,1518,0,20,AUG25,2000,wi
6559468,"Alvarez Gonzalez, Cristopher",CRC,M,,,,1486,0,40,AUG25,2010,
6504515,"Alvarez Mora, Jorge Mario",CRC,M,,,,AIM,1822,0,AUG25,1994,
6558828,"Alvarez Ramirez, Emanuel",CRC,M,,,,1542,4,40,AUG25,2012,
6512526,"Alvarez Ugalde, Isaac",CRC,M,,,,1462,0,40,AUG25,2006,i
6502822,"Amaya Madrigal, Alvaro Josue",CRC,M,,,,1884,0,20,AUG25,1981,
6502008,"Anchia Cabezas, Adonay",CRC,M,,,,1499,0,20,AUG25,1973,i
6501435,"Angulo Cubero, Oscar",CRC,M,,AO,,AGM,2112,0,AUG25,1989,i
6509177,"Angulo Hernandez, Maria Jesus",CRC,F,,,,1713,0,20,AUG25,2004,wi
6544045,"Angulo Perez, Sebastian",CRC,M,CM,,,1784,0,40,AUG25,2014,i
6518281,"Angulo Valladares, Kyara Melissa",CRC,F,,,,1480,0,40,AUG25,2006,wi
6502830,"Aragon Masis, Sergio",CRC,M,,,,1724,0,20,AUG25,1980,
6502946,"Araya Fuentes, Cristian",CRC,M,,"FI,IA",,1883,0,20,AUG25,1994,
6518010,"Araya Mera, Marisa Raquel",CRC,F,,,,1459,0,40,AUG25,2004,w
6511520,"Araya Tropper, Ariel",CRC,M,,,,1548,0,40,AUG25,2007,i
6500188,"Araya Umana, Carlos",CRC,M,CM,,,1881,0,20,AUG25,1955,i
6509088,"Arce Castro, Danny",CRC,M,,,,1756,0,20,AUG25,1994,i
6507948,"Arce Mendez, Elias",CRC,M,,,,1817,0,20,AUG25,1998,i
6503942,"Arce Oviedo, Cesar",CRC,M,,,,1765,4,20,AUG25,1975,
6562825,"Ardon Porras, Andres",CRC,M,,,,1506,6,40,AUG25,2006,
6517307,"Arevalo Rojas, Andrea",CRC,F,,,,1494,0,20,AUG25,2002,wi
6507301,"Arguedas Bolanos, Sharline",CRC,F,,,,1591,0,20,AUG25,2001,w
6571310,"Arguedas Gomez, Jeferson Antonio",CRC,M,,,,1671,0,40,AUG25,2004,
6530400,"Arguello Alvarado, Gael",CRC,M,,,,1567,6,40,AUG25,2007,
6555861,"Arias Carmona, Diana",CRC,F,,,,1531,0,40,AUG25,2008,w
6504337,"Arias Fonseca, Martin",CRC,M,,,,1737,0,20,AUG25,1977,i
6500269,"Arias Formoso, Rodolfo",CRC,M,,,,1994,9,20,AUG25,1956,
6518893,"Arias Gomez, Luis Alfredo",CRC,M,,,,1612,0,20,AUG25,2003,i
6523455,"Arias Mejias, Jose Alexis",CRC,M,,,,1603,0,20,AUG25,1983,i
6569234,"Arias Morera, Marco Tulio",CRC,M,,,,1550,0,40,AUG25,1991,
6520120,"Arias Narvaez, Carlos Mario",CRC,M,,,,1570,0,20,AUG25,1991,i
6500366,"Arias Santana, Mauricio",CRC,M,IM,SI,,2276,0,20,AUG25,1977,i
6543421,"Arias Vargas, Roberto",CRC,M,,,,1522,4,40,AUG25,1988,
6502032,"Arostegui Gonzalez, Ricardo",CRC,M,CM,,,1715,0,20,AUG25,1989,
6550800,"Arrieta Lopez, Iker Gorka",CRC,M,,,,1550,0,40,AUG25,2008,
6517323,"Arrieta Vasquez, Mariana",CRC,F,,,,1460,5,40,AUG25,2006,w
6500757,"Arroyo Valverde, Luis Emilio",CRC,M,,,,1932,0,20,AUG25,1964,i
6512631,"Arroyo Vargas, Jose Antonio",CRC,M,,,,1544,0,40,AUG25,1983,i
6566502,"Ascanio Herrera, Sergio Enrique",CRC,M,,,,1747,0,40,AUG25,1980,
6507492,"Astorga Guevara, Melvin Emilio",CRC,M,,,,1665,0,20,AUG25,1993,i
6512259,"Astua Castillo, Victor",CRC,M,,,,1807,0,40,AUG25,2005,i
6503357,"Avendano Porras, Rodrigo",CRC,M,,,,1993,11,20,AUG25,1999,
6518583,"Avila Apu, Jose Pablo",CRC,M,,,,1448,0,20,AUG25,2003,i
6554440,"Azofeifa Retana, Cesar Augusto",CRC,M,,,,ACM,1539,5,AUG25,1977,
6525393,"Badilla Calvo, Christopher",CRC,M,,,,1509,3,20,AUG25,2002,
6501460,"Badilla Hernandez, Johans",CRC,M,,,,1727,0,20,AUG25,1982,i
6509240,"Ballestero Araya, Humberto",CRC,M,,,,1522,0,20,AUG25,2001,i
6503420,"Balmaceda Segura, Randall",CRC,M,,,,1544,0,20,AUG25,1962,i
6550517,"Baquero Graterol, Asiel Andres",CRC,M,,,,1527,6,40,AUG25,2011,
6550657,"Baquero Graterol, Azael Augusto",CRC,M,,,,1630,5,40,AUG25,2014,
6518435,"Barboza Viquez, Angelica",CRC,F,,,,1582,11,40,AUG25,2011,wi
6508200,"Barboza Viquez, Martin Eduardo",CRC,M,CM,,,1666,4,40,AUG25,2007,
6510051,"Barquero Alfaro, Alejandro",CRC,M,,,,1585,0,20,AUG25,2004,i
6520685,"Barquero Alvarado, Ronald",CRC,M,,,,1550,0,40,AUG25,2002,
6510620,"Barquero Meza, David",CRC,M,,,,1797,0,20,AUG25,2003,i
6556175,"Barrantes Altamirano, Jose Daniel",CRC,M,,,,1463,0,40,AUG25,2006,i
6523196,"Barrantes Batalla, Gerardo",CRC,M,,,,1574,0,20,AUG25,1988,i
6518826,"Barrantes Granados, Ian Daniel",CRC,M,,,,1805,0,40,AUG25,2007,
6520871,"Barrantes Jimenez, Keisy",CRC,F,,,,1472,0,40,AUG25,2006,w
6505392,"Baum Gutierrez, Ismael",CRC,M,,,,1558,0,20,AUG25,1991,i
6501478,"Bejarano Sandoval, Allan Armando",CRC,M,,,,1769,9,20,AUG25,1988,
6532403,"Bejarano Tames, Michael Andres",CRC,M,,,,1531,4,40,AUG25,2013,
6511406,"Benavides Ordonez, Melany",CRC,F,,,,1483,0,20,AUG25,2004,wi
6552692,"Bermudez Arce, Ximena Sofia",CRC,F,,,,1576,0,40,AUG25,2010,w
6573878,"Bermudez Lopez, Jorge Luis",CRC,M,,,,1633,2,40,AUG25,1994,
6523668,"Bermudez Viquez, Hector",CRC,M,,,,1495,0,20,AUG25,1977,i
6500242,"Bermudez Vives, Sergio",CRC,M,FM,,,2068,0,20,AUG25,1971,i
6519482,"Blanco Gonzalez, Justin Jesus",CRC,M,,,,1662,0,20,AUG25,2003,i
6508227,"Blanco Rojas, Benjamin",CRC,M,,,,1873,0,20,AUG25,1997,i
6544592,"Bluvol Nadeau, Ayen Claude",CRC,M,,NA,,1643,0,40,AUG25,2003,i
6568661,"Bogantes Hidalgo, Jose Alberto",CRC,M,,,,1642,0,40,AUG25,1993,
6504582,"Bogantes Robleto, Karina",CRC,F,WCM,WCM,FI,1756,0,20,AUG25,1994,wi
6501486,"Bolanos Arguello, Alexis",CRC,M,,,,1508,0,40,AUG25,1982,i
6537138,"Bolanos Barth, Francisco",CRC,M,,,,1693,0,40,AUG25,1958,
6558224,"Bolanos Chavarria, Kaleb Josue",CRC,M,,,,1713,0,40,AUG25,1999,i
6507972,"Bolanos Diaz, Daniel",CRC,M,,,,1605,0,20,AUG25,2002,i
6562361,"Bonilla Castillo, Cindy Julieth",CRC,F,,,,1499,0,40,AUG25,2007,wi
6506089,"Bonilla Mora, Luis Daniel",CRC,M,,,,1954,0,20,AUG25,1994,i
6508251,"Bonilla Ortiz, Johel Sebastian",CRC,M,,,,1584,0,20,AUG25,2003,i
6506607,"Bonilla Quiros, Diego Alonso",CRC,M,,NA,,1534,0,20,AUG25,2001,i
6505600,"Bonilla Rodriguez, Andres",CRC,M,,NA,,1898,6,20,AUG25,1987,
6500862,"Bonilla Sequeira, Pablo",CRC,M,,,,1988,0,20,AUG25,1976,
6509185,"Brenes Benavides, Delianny",CRC,F,WCM,WCM,,1537,0,20,AUG25,2003,wi
6520847,"Brenes Miranda, Aymed",CRC,M,,,,1491,0,40,AUG25,2005,i
6514391,"Brenes Sosa, Axel",CRC,M,,,,1442,0,40,AUG25,2004,
6572499,"Brenes Vega, Gabriel Enrique",CRC,M,,,,1712,5,40,AUG25,1996,
6550070,"Brenes Zuniga, Julian Martin",CRC,M,,,,1648,0,40,AUG25,2005,i
6521835,"Brizuela Hidalgo, Sebastian",CRC,M,,,,1750,7,40,AUG25,2008,
6504213,"Buitrago Mosquera, Antonio",CRC,M,,,,1924,0,20,AUG25,1998,i
6524486,"Bustamante Gonzalez, Carlos Andres",CRC,M,,,,1518,0,40,AUG25,2005,
6505252,"Bustamante Grijalba, Ariadna",CRC,F,,NI,,1639,0,20,AUG25,1998,w
6519814,"Bustos Arias, Darien",CRC,M,,SI,,AIM,1639,0,AUG25,1996,i
6507522,"Cabezas Solano, David Alejandro",CRC,M,FM,,,2087,0,20,AUG25,2004,
6501133,"Cabrera Chaves, Marco Antonio",CRC,M,,,,2109,0,20,AUG25,1989,i
6520456,"Cadena Diaz, Ivannia",CRC,F,,,,1507,0,40,AUG25,2007,w
6521274,"Cadena Diaz, Mateo",CRC,M,,,,1622,4,40,AUG25,2010,
6523935,"Calderon Brenes, Abigail",CRC,F,,,,1403,0,40,AUG25,2012,w
6510256,"Calderon Brenes, Brandon",CRC,M,,,,1590,0,20,AUG25,2004,
6510264,"Calderon Brenes, Tiffany",CRC,F,,,,1500,0,40,AUG25,2007,w
6549292,"Calderon Sandoval, Matias Esteban",CRC,M,,,,1467,0,40,AUG25,2011,
6515096,"Calvo Campos, Adrian",CRC,M,,,,1811,0,20,AUG25,2001,
6501524,"Calvo Gutierrez, Luis Guillermo",CRC,M,,,,1934,0,20,AUG25,1998,i
6557023,"Calvo Salas, Alannah Lucia",CRC,F,,,,1545,5,40,AUG25,2012,w
6556973,"Calvo Salas, Ayelen Luciana",CRC,F,,,,1460,5,40,AUG25,2011,w
6517994,"Calzolari Hovenga, Giancarlo",CRC,M,,,,1594,0,20,AUG25,1978,i
6515720,"Campos Astorga, Priscila",CRC,F,,"SI,NA",,1653,0,20,AUG25,1999,wi
6516980,"Campos Briceno, Jose Miguel",CRC,M,,,,1578,0,40,AUG25,1966,
6500447,"Campos Cerdas, Jorge",CRC,M,,,,1864,0,20,AUG25,1957,i
6557856,"Campos Gonzalez, Gabriel",CRC,M,,,,1658,11,40,AUG25,2007,
6515746,"Campos Mendez, Diego Alonso",CRC,M,,,,1818,0,20,AUG25,1967,i
6534996,"Campos Munoz, Nahum Gabriel",CRC,M,,,,1579,0,40,AUG25,2012,i
6534961,"Campos Munoz, Valentina",CRC,F,,,,1566,0,40,AUG25,2010,w
6562396,"Campos Prendas, Fabian",CRC,M,,,,1471,0,40,AUG25,2007,i
6500315,"Campos Sanchez, Roberto",CRC,M,,,,2007,0,20,AUG25,1973,i
6525490,"Canales Chinchilla, Victoria",CRC,F,WCM,WCM,,1690,0,20,AUG25,2005,w
6517358,"Cardenas Vargas, Jean Carlo",CRC,M,,,,1628,0,20,AUG25,2002,
6556612,"Carrillo Fallas, Derek",CRC,M,,,,1449,0,40,AUG25,2012,
6510876,"Carrillo Naranjo, Gerardo",CRC,M,,,,1833,0,20,AUG25,1970,i
6516858,"Cartin Aguilar, Luis Javier",CRC,M,,,,1777,0,20,AUG25,2004,
6500625,"Carvajal Gorgona, Jonathan",CRC,M,FM,FT,,2102,0,20,AUG25,1986,
6504612,"Carvajal Pena, Daniel",CRC,M,,,,1862,0,20,AUG25,1998,
6529690,"Casasa Vargas, Jaime",CRC,M,,,,1517,0,20,AUG25,1960,
6556442,"Casasola Barrantes, Jose David",CRC,M,,,,1533,5,40,AUG25,2010,
6517013,"Casasola Ruiz, Mauricio",CRC,M,,,,1762,0,20,AUG25,1970,i
6530443,"Castillo Aragon, Jeremy Joshua",CRC,M,,,,1463,5,40,AUG25,2007,
6519890,"Castillo Chavarria, Sebastian",CRC,M,,,,1478,0,40,AUG25,2007,
6520901,"Castillo Mena, Carlos Mario",CRC,M,,,,1621,0,40,AUG25,2006,i
6524133,"Castillo Mendez, Carlos Rafael",CRC,M,,,,1700,8,40,AUG25,2009,
6528252,"Castillo Mendez, Yuriel",CRC,M,,,,1462,6,40,AUG25,2010,
6507395,"Castillo Morales, Thais",CRC,F,WIM,WIM,NA,1920,0,20,AUG25,1999,w
6561438,"Castro Araya, Manuel",CRC,M,,,,1551,0,40,AUG25,1978,i
6511279,"Castro Brenes, Danny Adrian",CRC,M,,,,1461,0,20,AUG25,2002,i
6548601,"Castro Campos, Alana Patricia",CRC,F,,,,1482,5,40,AUG25,2011,w
6504310,"Castro Garcia, Adrian",CRC,M,,,,1943,0,20,AUG25,1995,i
6507050,"Castro Garcia, Alejandro",CRC,M,,,,1755,0,20,AUG25,2002,i
6507069,"Castro Garcia, Ileana",CRC,F,WCM,WCM,,1687,0,20,AUG25,1998,wi
6501028,"Castro Madrigal, Randall",CRC,M,,,,AIM,2008,0,AUG25,1976,i
6561314,"Castro Meza, Jose Alfredo",CRC,M,,,,1580,0,40,AUG25,2007,
6504655,"Castro Ulloa, Rolando",CRC,M,,,,1800,0,20,AUG25,1999,i
6504221,"Cedeno Caceres, Stif",CRC,M,,,,1602,0,20,AUG25,2001,i
6548849,"Cerdas Amador, Matias",CRC,M,,,,1461,0,40,AUG25,2009,
6566510,"Cespedes Rodriguez, Luis Michel",CRC,M,,,,2045,6,40,AUG25,1972,
6555063,"Chacon Aguilar, Sebastian",CRC,M,,,,1460,0,40,AUG25,2008,
6564470,"Chacon Gonzalez, Jefferson Josue",CRC,M,,,,1476,0,40,AUG25,2010,
6521983,"Chacon Jimenez, Oscar Daniel",CRC,M,,,,1455,0,20,AUG25,2004,i
6513514,"Chacon Sanabria, Carlos Josue",CRC,M,,,,1604,0,20,AUG25,2003,i
6558259,"Chan Chen, Johnny",CRC,M,,,,1534,0,40,AUG25,1956,i
6568432,"Chang Bustamante, Emilio",CRC,M,,,,1601,0,40,AUG25,2003,
6528414,"Charaja Umana, Nataly Crisbeth",CRC,F,,,,1508,0,40,AUG25,2010,w
6507573,"Chavarria Segura, Joseph",CRC,M,,,,1726,0,20,AUG25,1985,i
6513867,"Chaves Chavarria, Ana Carolina",CRC,F,,,,1480,4,40,AUG25,2008,w
6522807,"Chaves Chavarria, Nataly Viviana",CRC,F,,,,1486,3,40,AUG25,2012,w
6506348,"Chaves Godinez, Edgar Daniel",CRC,M,,,,1557,0,40,AUG25,1994,i
6571042,"Chaves Morales, Daniel Dario",CRC,M,,,,1516,0,40,AUG25,2006,
333088497,"Chaves Moya, Nattanahel Alberto",CRC,M,,,,AFM,1724,0,AUG25,1977,
6518095,"Chaves Olazo, Axel Andrey",CRC,M,,,,1587,0,20,AUG25,2004,
6502180,"Chaves Sanchez, Gabriel A",CRC,M,CM,NA,,2135,0,20,AUG25,1995,
6508820,"Chaves Solera, Milton",CRC,M,,NA,,1707,0,20,AUG25,1967,i
6527540,"Chaves Solis, Santiago",CRC,M,,,,1477,10,40,AUG25,2009,
6502172,"Chaves Villalobos, David G",CRC,M,,,,1979,0,20,AUG25,1990,
6506097,"Chaves Williams, Jose Andres",CRC,M,,,,1713,0,20,AUG25,1999,i
6534929,"Chavez Rodriguez, Jose Edwin",CRC,M,,,,1590,0,40,AUG25,2010,
6565220,"Chevez Marin, Cesar",CRC,M,,,,1681,0,40,AUG25,2011,
6500072,"Chinchilla Miranda, Eugenio",CRC,M,FM,,,2173,7,20,AUG25,1966,
6564810,"Colina Calderon, Victor Josue",CRC,M,,,,1591,0,40,AUG25,2011,
6527990,"Conejo Mesen, Christopher",CRC,M,,,,1546,0,40,AUG25,2009,
6556183,"Cordero Esquivel, Gabriel",CRC,M,,,,1555,0,40,AUG25,2009,
6543014,"Cordero Herrera, Jose Adrian",CRC,M,,,,1512,0,40,AUG25,2008,i
6503489,"Cordero Maroto, Nelson",CRC,M,,NI,,1727,0,20,AUG25,1979,i
6521851,"Cordoba Camacho, Josue",CRC,M,,,,1606,0,40,AUG25,2008,i
6561306,"Corrales Abarca, Jimena",CRC,F,,,,1516,0,40,AUG25,2009,w
6559557,"Corrales Arias, Cristopher",CRC,M,,,,ACM,1423,0,AUG25,2005,i
6564429,"Corrales Chavarria, Oscar A",CRC,M,,,,1660,0,40,AUG25,2008,
6561071,"Corrales Corrales, Ana Maria",CRC,F,,,,1562,0,40,AUG25,2015,w
6551173,"Corrales Gomez, Daniel",CRC,M,,,,1428,0,40,AUG25,2011,
6523218,"Corrales Mora, Fernando",CRC,M,,,,1594,0,20,AUG25,2001,
6542930,"Cortes Acuna, Samuel Camilo",CRC,M,,,,1586,0,40,AUG25,2009,i
6518192,"Cossio Carvajal, Bruno",CRC,M,,,,1790,0,40,AUG25,2008,
6507999,"Coto Bonilla, Darian",CRC,M,CM,,,1792,0,20,AUG25,2003,i
6506941,"Coto Calderon, Juan Diego",CRC,M,,,,1795,0,20,AUG25,2004,
6545823,"Cruz Badilla, Francisco Antonio",CRC,M,,,,1638,0,40,AUG25,1995,
6510124,"Cubero Moreno, Nayeli",CRC,F,,,,1414,0,20,AUG25,2002,wi
6520464,"Cubillo Duran, Aaron Josue",CRC,M,,NA,,1449,0,40,AUG25,2007,i
6562418,"Davila Amador, Jordi Saltiel",CRC,M,,,,1576,0,40,AUG25,2006,i
6558267,"Davis Rojas, Justin Andres",CRC,M,,,,1671,0,40,AUG25,2005,i
6559042,"Delgado Fallas, Ian Andres",CRC,M,,,,1596,5,40,AUG25,2011,
6523617,"Delgado Solano, Andres",CRC,M,,,,1623,0,20,AUG25,1990,i
6515045,"Diaz Calderon, Jahir",CRC,M,,,,1478,0,20,AUG25,2000,i
6513646,"Diaz Charpentier, Ashly Valeria",CRC,F,,,,1664,7,40,AUG25,2007,w
6511708,"Diaz Charpentier, Kristel Meliss",CRC,F,WIM,WIM,,1891,0,20,AUG25,2004,w
6554172,"Diaz Guzman, Manfred Yariel",CRC,M,,,,1478,0,40,AUG25,2010,
6557007,"Diaz Navarro, Joseph Isaac",CRC,M,,,,1615,10,40,AUG25,2011,
6507590,"Dinarte Villagra, Victor Andres",CRC,M,,,,1816,6,20,AUG25,1983,
6569617,"Dodaro Gamez, Alessandro",CRC,M,,,,1561,0,40,AUG25,2008,
6508766,"Duque Araya, Cristofer",CRC,M,,,,1666,0,20,AUG25,1999,
6569366,"Duran Araya, Aaron Mathias",CRC,M,,,,1586,2,40,AUG25,2012,
6501311,"Duran Vega, Sergio",CRC,M,IM,,,2332,7,10,AUG25,1993,
6508324,"Duran Venegas, Oscar Alonso",CRC,M,,,,1568,0,20,AUG25,2003,i
6521991,"Edwards Gonzalez, Jose Roberto",CRC,M,,,,1546,0,20,AUG25,2003,i
6564836,"Elizalde Brisuela, Eduardo",CRC,M,,,,1648,5,40,AUG25,1987,
6510078,"Elizondo Montero, Juan Luis",CRC,M,,,,1550,0,20,AUG25,2001,i
6524419,"Escobar Barquero, Christian",CRC,M,,,,1451,0,40,AUG25,1973,
6521177,"Espinoza Cortes, Miguel Angel",CRC,M,,,,1440,0,40,AUG25,1986,
6501036,"Espinoza Guerrero, Warner",CRC,M,,,,1929,0,20,AUG25,1970,i
6557988,"Espinoza Saenz, Pablo Javier",CRC,M,,,,1819,0,20,AUG25,1973,i
6508332,"Espitia Torres, Mateo",CRC,M,,NA,,1948,12,20,AUG25,2003,
6522742,"Esquivel Calderon, Neddy Leonardo",CRC,M,,,,1519,0,40,AUG25,2010,i
6563031,"Esquivel Elizondo, Jeremy",CRC,M,,,,1530,4,40,AUG25,2009,
6506240,"Esquivel Vargas, Hersson",CRC,M,,,,1698,4,40,AUG25,1985,
6501605,"Esquivel Vargas, Jose Edmond",CRC,M,FM,,,2145,0,20,AUG25,1997,i
6532438,"Estrada Rodriguez, Hendrik",CRC,M,,,,1625,6,40,AUG25,2009,
6548415,"Fallas Corrales, Jasag Daniel",CRC,M,,,,1447,0,40,AUG25,2006,
6504728,"Fallas Saborio, Alejandro",CRC,M,,,,1882,0,20,AUG25,1998,i
6515410,"Fauaz Bringas, Matias",CRC,M,,,,1458,0,40,AUG25,2008,i
6523870,"Fernandez Alvarado, Jared Saul",CRC,M,,,,1403,3,40,AUG25,2013,
6506453,"Fernandez Barrero, Javier",CRC,M,,,,1777,0,40,AUG25,1981,
6532780,"Fernandez Barris, Esteban",CRC,M,,,,1618,0,40,AUG25,1983,i
6543049,"Fernandez Jimenez, Cesar",CRC,M,,,,1597,0,40,AUG25,2010,i
6563953,"Fernandez Jimenez, Mathias",CRC,M,,,,1635,0,40,AUG25,2010,
6501621,"Fernandez Sanchez, Mario Andres",CRC,M,FM,,,2111,0,20,AUG25,1991,
6503519,"Fernandez Sibaja, Felipe Josue",CRC,M,CM,,,2093,0,20,AUG25,1991,i
6560300,"Flores Elizondo, Mathias",CRC,M,,,,1570,3,40,AUG25,2012,
6549691,"Flores Guardado, Angel Antonio",CRC,M,,,,1516,0,20,AUG25,2001,i
6505406,"Flores Rojas, Federico",CRC,M,,,,1977,0,20,AUG25,1994,i
6503527,"Fonseca Robles, Anthony",CRC,M,,,,1768,0,20,AUG25,1989,
6511627,"Frajman Kierszenson, Lior",CRC,M,,,,1585,0,40,AUG25,2008,i
109363,"Francia Roa, Victor Ricardo",CRC,M,,NA,,1478,0,40,AUG25,1969,
6568025,"Franco Matarrita, Carlos G.",CRC,M,,,,1621,0,40,AUG25,2007,
6511066,"Frater Gonzalez, Gabriel",CRC,M,,,,ACM,1597,0,AUG25,2005,i
6519571,"Fuentes Solano, Nahum Alfonso",CRC,M,,,,1783,0,20,AUG25,2006,i
6534864,"Gabb Diaz, Jorvic Jefferson",CRC,M,,,,1486,0,40,AUG25,2006,i
6534970,"Gabb Diaz, Nayareth",CRC,F,,,,1421,0,40,AUG25,2010,w
6542280,"Gabb Torres, Henry",CRC,M,,,,1605,0,20,AUG25,1982,i
6502270,"Gamboa Alvarado, Olga Leticia",CRC,F,WFM,WFM,,1902,0,20,AUG25,1990,wi
6506666,"Gamboa Chacon, Andres Alonso",CRC,M,,,,1767,0,40,AUG25,1998,i
6516912,"Gamboa Guillen, Ignacio Andres",CRC,M,,,,1492,0,40,AUG25,2007,i
6506020,"Gamboa Vargas, Jose Pablo",CRC,M,,,,1700,0,20,AUG25,1995,
3955176,"Garcia Delgado, Rafael Eduardo",CRC,M,,NI,,1461,0,20,AUG25,2002,i
6527906,"Garcia Lopez, Alfredo",CRC,M,,,,1527,0,40,AUG25,2009,i
6549527,"Garcia Rojas, Estefania",CRC,F,,,,1567,3,40,AUG25,2012,w
6556000,"Garcia Valdez, Xochilth Fernanda",CRC,F,,,,1448,0,40,AUG25,2010,w
6534325,"Garro Cordero, David",CRC,M,,,,1600,0,40,AUG25,2004,
6535950,"Garro Cordero, Felipe",CRC,M,,,,1760,0,40,AUG25,2007,
6551289,"Giachino, Lucas",CRC,M,,,,1522,2,40,AUG25,2014,
6540252,"Gomez Araya, Werner",CRC,M,,,,1441,0,40,AUG25,1977,i
6557805,"Gomez Guerrero, Fabrizio Josue",CRC,M,,,,1566,3,40,AUG25,2009,
6552765,"Gomez Rodriguez, Santiago Alejandro",CRC,M,,,,1659,0,40,AUG25,2014,
6505635,"Gomez Sanchez, Eduardo",CRC,M,,,,1599,0,20,AUG25,1990,i
6500170,"Gonzalez Acosta, Bernal",CRC,M,GM,,,2403,5,10,AUG25,1973,
6514014,"Gonzalez Aguero, Ignacio",CRC,M,,,,1446,0,40,AUG25,2008,i
6514022,"Gonzalez Aguero, Julian",CRC,M,,,,1662,5,40,AUG25,2011,
6561683,"Gonzalez Alfaro, John Alberto",CRC,M,,,,1448,0,40,AUG25,1984,
6523889,"Gonzalez Arguedas, Felipe",CRC,M,,,,1549,2,40,AUG25,2013,
6567428,"Gonzalez Barboza, Josue David",CRC,M,,,,1548,7,40,AUG25,2011,
6518842,"Gonzalez Barrantes, Aaron Yoreth",CRC,M,,,,1667,0,40,AUG25,2008,
6555780,"Gonzalez Montoya, Ilan Andres",CRC,M,,,,1517,0,40,AUG25,2007,i
6521169,"Gonzalez Murillo, Rodolfo",CRC,M,,,,1690,0,40,AUG25,1957,
6548741,"Gonzalez Perez, Osvaldo Andres",CRC,M,,,,1541,0,40,AUG25,2010,
6549055,"Gonzalez Ramos, Andres",CRC,M,,,,1698,5,40,AUG25,2008,
6563961,"Gonzalez Retana, Fabian Daniel",CRC,M,,,,1588,0,40,AUG25,2009,
6502318,"Gonzalez Sanchez, Esteban",CRC,M,,,,1632,0,40,AUG25,1984,
6544010,"Gonzalez Valenciano, Henry A.",CRC,M,,,,1567,0,20,AUG25,1979,i
6511082,"Gonzalez Zeledon, Mauricio",CRC,M,,,,1658,0,40,AUG25,1976,i
6521347,"Goyo Barragan, Alejandro",CRC,M,,,,1595,0,40,AUG25,2008,
6500528,"Granados Ramirez, Carlos Ricardo",CRC,M,,FT,,2111,0,20,AUG25,1966,i
6511201,"Granados Wing, Brian Saul",CRC,M,,,,1631,0,20,AUG25,1999,i
6569447,"Granda Ramirez, Sebastian Jesus",CRC,M,,,,1543,0,40,AUG25,2007,
6517420,"Griffith Gonzalez, Anthony Steve",CRC,M,,,,1657,0,40,AUG25,2000,
6523188,"Grillo Espinoza, Hanzel",CRC,M,,,,1522,0,20,AUG25,2001,i
6509894,"Guadamuz Hernandez, Ismael A",CRC,M,,,,1725,0,20,AUG25,1997,i
6548563,"Guardiola Gonzalez, Jose Daniel",CRC,M,,,,1511,0,40,AUG25,2009,
6548571,"Guardiola Gonzalez, Sebastian",CRC,M,,,,1520,0,40,AUG25,2011,i
6556574,"Guerrero Diaz, Leticia Fiorella",CRC,F,,,,1598,0,40,AUG25,2012,w
6511813,"Guerrero Jimenez, Luis Fernando",CRC,M,,NA,,1477,0,20,AUG25,2003,i
6507107,"Guevara Cornejo, Gabriel",CRC,M,,,,1596,0,40,AUG25,2005,i
6508090,"Guillen Bermudez, Geovanny",CRC,M,,,,1749,0,40,AUG25,1993,i
6535437,"Guillen Bermudez, Gerald Alexander",CRC,M,,,,1488,0,40,AUG25,2004,i
6527876,"Guillen Murillo, Sergio Guillermo",CRC,M,,,,1824,0,20,AUG25,1952,i
6511210,"Gutierrez Arbaiza, Jordan",CRC,M,,,,1495,0,40,AUG25,2001,
6559620,"Gutierrez Chavarria, Joseph",CRC,M,,,,1618,0,40,AUG25,2006,i
6554113,"Gutierrez Dorati, Jose Roberto",CRC,M,,,,1425,0,20,AUG25,1983,i
6512224,"Gutierrez Soto, Gilberth",CRC,M,,,,1821,0,20,AUG25,1970,
6506046,"Guzman Hidalgo, Nicolas",CRC,M,,,,1665,0,20,AUG25,2002,i
3501442,"Hernandez Alvarez, Tania Regla",CRC,F,WIM,WIM,,1986,0,20,AUG25,1963,wi
6500226,"Hernandez Basante, Francisco",CRC,M,IM,,,2217,0,20,AUG25,1972,i
6520170,"Hernandez Brenes, Keicy Pamela",CRC,F,,,,1440,0,40,AUG25,2008,w
6520413,"Hernandez Brenes, Keylor",CRC,M,,,,1482,0,20,AUG25,2004,i
6510086,"Hernandez Castro, Esteban",CRC,M,,,,1439,0,20,AUG25,2001,i
6530486,"Hernandez Cerdas, Ignacio",CRC,M,,,,1428,0,40,AUG25,2009,i
6510671,"Hernandez Cerdas, Jose Alejandro",CRC,M,,,,1857,0,20,AUG25,2000,i
6501672,"Hernandez Coto, Carlos Enrique",CRC,M,CM,,,2026,0,20,AUG25,1980,i
6522300,"Hernandez Jimenez, Andres",CRC,M,,,,1507,0,20,AUG25,2004,i
6510353,"Hernandez Jimenez, Caleb",CRC,M,,,,1480,0,40,AUG25,2006,i
6534724,"Hernandez Jimenez, Tania Isabel",CRC,F,,,,1586,0,40,AUG25,2012,w
6512364,"Hernandez Leandro, Alejandro",CRC,M,,,,AFM,1578,0,AUG25,2000,i
6512372,"Hernandez Leandro, Aliza",CRC,F,,,,1498,0,20,AUG25,2002,wi
6513069,"Hernandez Loria, Maria Jimena",CRC,F,,,,1417,4,20,AUG25,2006,w
6513077,"Hernandez Loria, Maria Valeria",CRC,F,,,,1442,5,40,AUG25,2006,w
6521355,"Hernandez Obando, Jeison Ivan",CRC,M,,,,1686,0,20,AUG25,2000,i
63300028,"Hernandez Perez, Javier Francisco",CRC,M,,,,AFM,1737,13,AUG25,2009,
6532942,"Hernandez, Oliver",CRC,M,,,,1455,0,20,AUG25,1984,i
6506488,"Herrera Boschini, Gabriel",CRC,M,,,,1765,0,20,AUG25,1997,
6557864,"Herrera Carmona, Jhoel",CRC,M,,,,1520,4,40,AUG25,2012,
6560768,"Herrera Castro, David Elian",CRC,M,,,,1563,4,40,AUG25,2013,
6563058,"Herrera Fernandez, Felipe",CRC,M,,,,AFM,1548,0,AUG25,2009,
6562850,"Herrera Granados, Derec Roberto",CRC,M,,,,1530,3,40,AUG25,2008,
6509690,"Herrera Granados, Felipe",CRC,M,,NA,,1563,0,20,AUG25,2002,i
6522033,"Herrera Maroto, Odrick Andres",CRC,M,,,,1549,0,20,AUG25,2000,
6524915,"Herrera Retana, Gerardo",CRC,M,,,,1808,0,20,AUG25,1968,
6518125,"Herrera Sanchez, Derek",CRC,M,,,,1584,0,40,AUG25,2005,i
6519024,"Hidalgo Mendez, Emilio",CRC,M,,,,1548,0,40,AUG25,2010,
6563554,"Hincapie, Dniek",CRC,M,,,,1621,0,40,AUG25,2013,i
6516777,"Huaman Bengoa, Valeska Priscilla",CRC,F,,,,1577,0,40,AUG25,2005,wi
6522319,"Ibarra Valverde, Kevin",CRC,M,,,,1519,0,20,AUG25,2001,i
6501702,"Incer Arias, Manuel",CRC,M,,,,1859,0,20,AUG25,1951,i
6515843,"Jara Madrigal, Ximena",CRC,F,,,,1573,0,40,AUG25,2009,w
6513328,"Jaramillo Naranjo, Sebastian",CRC,M,,NA,,1502,0,40,AUG25,2003,i
6517226,"Jarquin Duran, Ricardo",CRC,M,,,,1731,0,20,AUG25,1980,i
6571123,"Jarrin Carranza, Jean Mathew",CRC,M,,,,1502,5,40,AUG25,2011,
6501176,"Jimenez Aguilar, Gustavo",CRC,M,,"NI,NA",,1915,0,20,AUG25,1982,i
6522971,"Jimenez Bennett, Fernando",CRC,M,,,,1476,0,20,AUG25,2003,i
6511830,"Jimenez Corella, Jimena",CRC,F,,,,1494,0,20,AUG25,2003,wi
6500463,"Jimenez Esquivel, Greivin",CRC,M,,NA,,AIM,1959,6,AUG25,1973,
6558836,"Jimenez Gamboa, Diego",CRC,M,,,,1555,5,40,AUG25,2013,
6504779,"Jimenez Garcia, Emmanuel",CRC,M,IM,,,2341,12,20,AUG25,1997,
6512011,"Jimenez Jimenez, Alesson",CRC,F,,,,1441,0,40,AUG25,2005,wi
6500137,"Jimenez Molina, Juan Leon",CRC,M,FM,,,2055,5,20,AUG25,1953,
6508103,"Jimenez Navarro, Diego",CRC,M,,,,1541,0,40,AUG25,2005,i
6568688,"Jimenez Rodriguez, Steven",CRC,M,,,,1531,0,40,AUG25,2008,
6501168,"Jimenez Rojas, Fabian",CRC,M,,,,1872,0,20,AUG25,1989,i
6517455,"Jimenez Rojas, Isaac",CRC,M,,,,1464,5,40,AUG25,2009,
6509932,"Jimenez Salas, Kristel",CRC,F,,NA,,1511,0,20,AUG25,2001,w
6526292,"Jimenez Salinas, Maikel",CRC,M,,,,1525,0,20,AUG25,2002,i
6500471,"Jimenez Sancho, Pedro Pablo",CRC,M,,,,1882,0,20,AUG25,1973,i
6550290,"Jimenez Santamaria, Jose Daniel",CRC,M,,,,1505,3,40,AUG25,2008,
6533787,"Jimenez Villalobos, Christian",CRC,M,,,,1591,0,20,AUG25,2001,i
6530834,"Jiron Beirute, Adrian",CRC,M,,,,1567,0,20,AUG25,1971,
6504124,"Jiron Fajardo, Eduardo",CRC,M,,,,1665,0,40,AUG25,1971,
6544428,"Juarez Hidalgo, Jimena",CRC,F,,,,1646,7,40,AUG25,2006,w
6559220,"Ketover Jenkins, Jacob Lawrence",CRC,M,,,,1549,0,40,AUG25,2007,i
6516742,"Lacayo Kirov, Esther",CRC,F,,,,1480,0,20,AUG25,2004,wi
6563600,"Lacayo Kolyzhikhin, Ivan",CRC,M,,,,1497,2,40,AUG25,2013,
6570046,"Lara Mesen, Sophia Natalia",CRC,F,,,,1406,2,40,AUG25,2010,w
6565727,"Leguizamon Santamaria, Daniel A",CRC,M,,,,1448,1,40,AUG25,1993,
6518290,"Leiva Calvo, Luis Fernando",CRC,M,,,,1524,0,20,AUG25,1980,
6555926,"Leiva Coto, Isaac Antonio",CRC,M,,,,1530,3,40,AUG25,2014,
6518222,"Leon Bermudez, Marcelo Tobias",CRC,M,,,,1553,0,40,AUG25,2010,
6511430,"Leon Cubero, Anthony",CRC,M,,,,1446,0,40,AUG25,2005,
6511317,"Leon Cubero, Brandon",CRC,M,,,,1651,0,20,AUG25,2003,i
6524427,"Leon Soto, Luis Eduardo",CRC,M,,,,1682,0,20,AUG25,1978,i
6507654,"Leon Villalobos, Carlos Andres",CRC,M,,,,1631,0,20,AUG25,1997,i
6518338,"Leyva Montero, Rodolfo",CRC,M,,,,1917,0,40,AUG25,1968,
6558453,"Lezcano Martinez, Christopher",CRC,M,,,,1734,4,40,AUG25,2011,
6543863,"Lizano Quiros, Matias Haziel",CRC,M,FM,,,1684,0,40,AUG25,2008,
6561349,"Lobo Beita, Yeiner Daniel",CRC,M,,,,1428,0,40,AUG25,2007,
6511562,"Lobo Meneses, Andrea Alejandra",CRC,F,,,,1413,0,40,AUG25,2007,wi
6509207,"Lobo Meneses, Natalia",CRC,F,,"SI,NA",,1583,0,20,AUG25,2003,wi
6514332,"Lopez Acevedo, William Alonso",CRC,M,,,,1714,0,40,AUG25,1977,i
6508014,"Lopez Bustos, David",CRC,M,,,,1622,0,20,AUG25,2004,
6506291,"Lopez Duarte, Victor",CRC,M,,,,1919,0,20,AUG25,1985,i
5110645,"Lopez Gomez, Jose Pablo",CRC,M,,,,2014,0,20,AUG25,1988,i
6521878,"Lopez Hangen, Miguel Angel",CRC,M,,,,1509,0,40,AUG25,2010,i
6522343,"Lopez Lopez, Juan Francisco",CRC,M,,,,1470,0,20,AUG25,2004,i
6511953,"Lopez Mejia, Mario",CRC,M,,,,1524,0,40,AUG25,2005,i
6522912,"Lopez Rojas, Aaron",CRC,M,,,,1563,0,40,AUG25,2010,i
6556566,"Loria Molina, Sofia",CRC,F,,,,1645,9,40,AUG25,2012,w
6500480,"Machado Ramirez, Allan",CRC,M,,,,2042,0,20,AUG25,1983,i
6573908,"Madrigal Garro, Jonathan Gabriel",CRC,M,,,,1775,4,40,AUG25,1983,
6559670,"Madrigal Jimenez, Edward",CRC,M,,,,1579,0,40,AUG25,1973,i
6549683,"Madriz Zuniga, Jorge Eduardo",CRC,M,,,,1585,0,40,AUG25,1993,i
6557716,"Magana Carpio, Carlos Enrique",CRC,M,,,,1425,0,40,AUG25,1971,i
6562590,"Malavasi Castro, Stefano",CRC,M,,,,1495,4,40,AUG25,2008,
6550827,"Marenco Garcia, Christopher E.",CRC,M,,,,1619,5,40,AUG25,2008,
6503381,"Marin Leon, Valeria",CRC,F,WCM,WCM,,1800,0,20,AUG25,2000,wi
6556604,"Marin Vargas, Aaron",CRC,M,,,,1493,0,40,AUG25,2012,
6523560,"Marino Martinez, Jesus David",CRC,M,,,,AFM,1652,1,AUG25,2004,
6502393,"Martinez Acuna, Huber",CRC,M,,,,1878,0,20,AUG25,1986,
6559115,"Masis Chaves, Sebastian",CRC,M,,,,1605,5,40,AUG25,2011,
6552854,"Mata Ballestero, Yerick Alexander",CRC,M,,,,1432,0,40,AUG25,2004,
6527140,"Mata Barquero, Brandon",CRC,M,,,,1421,0,40,AUG25,2006,
6512410,"Mata Tencio, Randall",CRC,M,,,,1841,0,20,AUG25,2002,
6524885,"Matamoros Canales, Pablo Daniel",CRC,M,,,,1502,0,20,AUG25,2004,
6503802,"Matarrita Sequeira, Ricardo",CRC,M,,,,1573,2,20,AUG25,1976,
6500021,"Maynard Salazar, Francis",CRC,M,,,,2144,6,20,AUG25,1962,
6523919,"Mayorga Araya, Larissa",CRC,F,,,,1550,0,40,AUG25,2014,wi
6514065,"Mayorga Araya, Sofia",CRC,F,WIM,WIM,,1905,0,40,AUG25,2009,w
6511090,"Mayorga Jimenez, Kevin",CRC,M,,,,1680,0,20,AUG25,1997,i
6508405,"Medina Mayorga, David Josue",CRC,M,,,,1578,0,20,AUG25,2003,i
6561691,"Mejias Ramirez, Luis Fernando",CRC,M,,,,1521,6,40,AUG25,1990,
6513522,"Melendez Arce, Kalet",CRC,M,,,,1757,5,20,AUG25,2003,
6520863,"Mena Brenes, Deyvid",CRC,M,,,,1507,0,40,AUG25,2005,i
6554946,"Mena Paz, Ezly Yalena",CRC,F,,,,1443,5,40,AUG25,2013,w
6556582,"Mena Sanchez, Janiel Jesus",CRC,M,,,,1489,0,40,AUG25,2012,
6516068,"Mena Vilchez, Ulises",CRC,M,,,,1761,5,40,AUG25,1952,
6557228,"Mendez Calvo, Ronald Alberto",CRC,M,,,,1531,0,40,AUG25,2001,
6507336,"Mendez Moreno, Kevin Alberto",CRC,M,,,,1703,4,20,AUG25,2001,
6530680,"Mendez Quesada, Estefany Pamela",CRC,F,,,,1510,0,40,AUG25,2009,w
6500897,"Mendez Reyes, Oscar",CRC,M,,,,1863,0,20,AUG25,1988,i
6544533,"Meneses Castro, Jose Alejandro",CRC,M,,,,1696,0,40,AUG25,2002,
6544860,"Mesen Vega, Roberspiel",CRC,M,,"SI,NI",,1435,2,40,AUG25,1980,
6513697,"Meza Vega, Jose Antonio",CRC,M,,FA,,1701,0,20,AUG25,2004,
1512110,"Mihajlov, Sebastian",CRC,M,IM,,,2328,0,20,AUG25,1999,i
6500250,"Minero Pineda, Boris",CRC,M,,,,2030,0,20,AUG25,1970,i
6500277,"Minero Pineda, Carlos",CRC,M,,,,2029,0,20,AUG25,1972,i
6500374,"Minero Pineda, Sergio",CRC,M,IM,,,2372,0,20,AUG25,1974,i
6509347,"Miranda Arroyo, Jose Pablo",CRC,M,,,,1746,0,20,AUG25,2000,i
6561047,"Miranda Barrientos, Gabriel",CRC,M,,,,1462,0,40,AUG25,2010,
6513719,"Miranda Blanco, Aylan Josue",CRC,M,,,,1503,0,20,AUG25,2003,i
6535852,"Miranda Flores, Samy Manuel",CRC,M,,,,1659,0,40,AUG25,2006,
6551343,"Mock Hegg, Christopher",CRC,M,,,,1524,9,40,AUG25,2011,
6515363,"Molina Garcia, Alvaro Jose",CRC,M,,,,1702,0,20,AUG25,1987,i
6513352,"Monge Ramirez, Abigail",CRC,F,,,,1493,0,40,AUG25,2007,w
6500943,"Montenegro Masis, Pedro",CRC,M,,,,2052,0,20,AUG25,1989,i
6520561,"Montero Alpizar, Sebastian",CRC,M,,,,1588,0,20,AUG25,1990,i
6522181,"Montero Romero, Dany Jose",CRC,M,,NA,,1739,0,20,AUG25,2004,
6515436,"Montiel Orozco, Mario Antonio",CRC,M,,,,1436,0,40,AUG25,1963,
6502440,"Montoya Aguilar, Cristian",CRC,M,,,,1958,0,20,AUG25,1992,i
6561926,"Mora Acuna, Johnny Gabriel",CRC,M,,,,1525,4,40,AUG25,2008,
6529151,"Mora Arias, Pablo Andres",CRC,M,,NA,,1484,0,40,AUG25,2005,
6517536,"Mora Chacon, Mario Enrique",CRC,M,,,,1669,0,20,AUG25,1988,i
6521541,"Mora Chavarria, Sebastian Noel",CRC,M,,,,1692,0,40,AUG25,2006,i
6514944,"Mora Fallas, Julian Antonio",CRC,M,,,,1571,0,40,AUG25,2007,
6533507,"Mora Fallas, Maria Laura",CRC,F,,,,1401,0,40,AUG25,2003,w
6520480,"Mora Solano, Gian Carlos",CRC,M,,,,1411,0,40,AUG25,2007,i
6562159,"Moraga Espinoza, Christina",CRC,F,,,,1501,7,40,AUG25,2013,w
6510850,"Morales Cascante, Luis Diego",CRC,M,,,,1491,0,40,AUG25,2006,i
6512429,"Morales Jimenez, Dennis Alonso",CRC,M,,,,1658,0,20,AUG25,2003,i
6564607,"Morales Vasquez, Thiago Marcel",CRC,M,,,,1525,0,40,AUG25,2014,
6518303,"Morales Zumbado, Raul",CRC,M,,,,1582,0,20,AUG25,1968,
6500951,"Moran, Mike",CRC,M,,,,1656,8,20,AUG25,1949,
6528953,"Morantes Rodriguez, Jose Nicolas",CRC,M,,,,1644,0,20,AUG25,1990,i
6503365,"Moreno Montero, Jesus Alonso",CRC,M,,,,1817,0,20,AUG25,1998,i
6505910,"Morera Campos, Heizel Maria",CRC,F,WIM,WIM,NA,1880,0,20,AUG25,1997,w
6505473,"Morera Campos, Yanori Maria",CRC,F,WCM,WCM,,1869,0,20,AUG25,1992,wi
6558283,"Morgan Brenes, Daniel Alexander",CRC,M,,,,1695,0,40,AUG25,1987,i
6530320,"Moya Cabrera, Mathias Bernardo",CRC,M,,,,1558,0,40,AUG25,2011,
6520308,"Moya Salas, Frander",CRC,M,,,,1684,0,20,AUG25,2000,i
6522998,"Munoz Garcia, Flavio Estuardo",CRC,M,,,,1885,0,20,AUG25,2003,
6512933,"Munoz Ramirez, Kyara Vanessa",CRC,F,,NA,,1517,0,40,AUG25,2005,w
6514111,"Murillo Araya, Marcelo de Jesus",CRC,M,,,,1468,0,40,AUG25,2008,i
6501079,"Murillo Arguedas, Jaime",CRC,M,,,,1871,5,20,AUG25,1973,
6518931,"Murillo Borovik, Alexander",CRC,M,,,,1734,0,20,AUG25,2003,i
6544479,"Murillo Fernandez, Emilio",CRC,M,,,,1583,0,20,AUG25,1981,i
6504892,"Murillo Gonzalez, Carlos Esteban",CRC,M,FM,FI,,1976,0,20,AUG25,1998,
6500218,"Murillo Tsijli, Alexis",CRC,M,IM,FA,,2218,0,20,AUG25,1971,
6500196,"Murillo Tsijli, Manuel",CRC,M,,,,1904,0,20,AUG25,1965,
6510590,"Murillo Varela, Ricardo",CRC,M,,,,1845,0,20,AUG25,1982,i
6519938,"Navarrete Badilla, Myckel",CRC,M,,NA,,1639,0,20,AUG25,2004,
6504914,"Navarro Aguilar, Julio Cesar",CRC,M,,,,1705,0,40,AUG25,1994,i
6510531,"Navarro Armand, Angela Cristina",CRC,F,,,,1411,0,20,AUG25,1999,wi
6554768,"Navarro Ortega, Jose Daniel",CRC,M,,,,1519,0,40,AUG25,2007,
6544487,"Nelson Ulloa, Brian Ricardo",CRC,M,,,,ACM,1490,0,AUG25,1984,i
6505694,"Nunez Gonzalez, Joshebeth Elena",CRC,F,,,,1771,0,20,AUG25,1994,wi
6504396,"Nunez Gonzalez, Neeshmy",CRC,F,WCM,WCM,FA,1879,0,20,AUG25,1995,wi
6511570,"Nunez Okubo, Emy",CRC,F,,,,1444,0,40,AUG25,2007,wi
6508430,"Nunez Okubo, Isao",CRC,M,CM,,,1765,0,40,AUG25,2005,i
6500927,"Nunez Valverde, Jairo",CRC,M,,,,1836,0,20,AUG25,1980,i
6526187,"Nunez Vargas, Medelyn Nicole",CRC,F,,,,1569,5,40,AUG25,2008,wi
6566561,"Obando Areas, Jose Nemesio",CRC,M,,,,1638,4,40,AUG25,1979,
6540651,"Obando Lopez, Andres",CRC,M,,,,1711,0,40,AUG25,1987,
6511767,"Orellana Morales, Bryan Josue",CRC,M,,,,1663,0,20,AUG25,2000,i
6513379,"Orlich Ramirez, Jose Rodrigo",CRC,M,,,,1550,0,40,AUG25,2007,i
6558976,"Orna Chaves, Alejandro Jesus",CRC,M,,,,1558,1,40,AUG25,2015,
6558852,"Orna Chaves, David Gabriel",CRC,M,,,,1566,3,40,AUG25,2014,
6512020,"Orozco Centeno, Mariana",CRC,F,,,,1522,0,20,AUG25,2004,wi
6508448,"Orozco Centeno, Melissa",CRC,F,,,,1632,0,20,AUG25,2001,wi
6509762,"Orozco Darcia, Dylan",CRC,M,,,,1504,0,20,AUG25,2004,i
6517544,"Orozco Rodriguez, Yarod G",CRC,M,,,,1713,0,20,AUG25,1999,i
6566901,"Ortega Canisales, Aaden Josue",CRC,M,,,,1814,0,40,AUG25,2009,
6507719,"Ortega Chinchilla, Andres",CRC,M,,,,1575,0,20,AUG25,1998,i
6568700,"Ortega Ochoa, Daniel",CRC,M,,,,1474,0,40,AUG25,1986,
6569420,"Paniagua Soto, Benyamin",CRC,M,,,,1518,0,40,AUG25,2010,
6516718,"Pastor Carvajal, Jeigoth",CRC,M,CM,NA,,1930,7,20,AUG25,2004,
6559395,"Peraza Artavia, Pablo Josue",CRC,M,,,,1508,0,40,AUG25,1981,
6567126,"Peraza Cedrez, Daniel",CRC,M,,,,1513,0,40,AUG25,1983,
6561730,"Perez Brenes, Fernando",CRC,M,,,,1487,0,40,AUG25,1961,i
6520421,"Perez Cordero, Josue Fernando",CRC,M,,,,1525,0,20,AUG25,2004,i
6517170,"Perez Gonzalez, Bryan",CRC,M,,,,1584,0,20,AUG25,1999,i
6566103,"Picado Bonilla, Jazmin",CRC,F,,,,1473,5,40,AUG25,2009,w
6507956,"Picado Brenes, Elias",CRC,M,,,,1567,0,20,AUG25,1963,
6563473,"Picado Huertas, Oscar Antonio",CRC,M,,,,1536,0,40,AUG25,2009,
6517064,"Piedra Quesada, Danilo",CRC,M,,,,1480,0,40,AUG25,1952,
6571050,"Piedra Vargas, Oscar Alexander",CRC,M,,,,1695,0,40,AUG25,2006,
6519857,"Pomares Herrera, Efrain",CRC,M,,,,1716,0,40,AUG25,1948,
6512968,"Porras Aguilar, Celimo",CRC,M,,,,1649,0,20,AUG25,1999,i
6500544,"Porras Bolivar, Gerald",CRC,M,,,,1965,6,20,AUG25,1971,
6569889,"Porras Brenes, Gabriel",CRC,M,,,,1520,0,40,AUG25,2004,
6504930,"Porras Chavarria, Michael",CRC,M,,,,1681,0,20,AUG25,2002,i
6504949,"Porras Chavarria, Pamela Maria",CRC,F,,NA,,1587,0,20,AUG25,2000,wi
6504957,"Porras Chavarria, Steve",CRC,M,,NA,,1883,0,20,AUG25,1998,i
6549799,"Pozo Miranda, Camila",CRC,F,,,,1406,0,40,AUG25,2008,w
6508030,"Quesada Calderon, Carolayne",CRC,M,,,,1620,0,20,AUG25,2002,i
6503900,"Quesada Campos, Jordi Alessandre",CRC,M,CM,,,2001,0,20,AUG25,1999,
6513743,"Quesada Fallas, Esteban",CRC,M,,,,1742,0,20,AUG25,2006,
6550894,"Quesada Gamboa, Kevin",CRC,M,,,,1547,0,40,AUG25,2005,
6525113,"Quesada Guevara, Max",CRC,M,,,,1750,0,20,AUG25,1969,i
6513166,"Quesada Leon, Joshua",CRC,M,,,,1848,0,20,AUG25,2002,i
6511589,"Quiros Acuna, Sebastian",CRC,M,,,,1546,0,40,AUG25,2007,i
6503586,"Quiros Araya, Jose Pablo",CRC,M,,,,2006,4,40,AUG25,1980,
6507751,"Quiros Avendano, Luis Alejandro",CRC,M,,,,1842,0,20,AUG25,1999,i
6503594,"Quiros Cajina, Allan",CRC,M,,,,1765,0,20,AUG25,1992,
6562876,"Quiros Fernandez, Dereck",CRC,M,,,,1559,5,40,AUG25,2006,
6563341,"Ramirez Acuna, Samuel Jesus",CRC,M,,,,1443,6,40,AUG25,2012,
6516629,"Ramirez Aguilar, Julian Jose",CRC,M,,,,1815,0,40,AUG25,2009,
6503608,"Ramirez Almeciga, Cristian A.",CRC,M,,,,1876,7,20,AUG25,1995,
6503616,"Ramirez Almeciga, Yenny Melisa",CRC,F,,,,1783,0,20,AUG25,1997,wi
6510582,"Ramirez Camacho, Daniel",CRC,M,,NA,,1767,0,20,AUG25,1995,i
6501087,"Ramirez Gonzalez, Jose Alexander",CRC,M,,,,1873,0,20,AUG25,1981,i
6503349,"Ramirez Gonzalez, Maria Jose",CRC,F,WFM,WFM,,1829,0,20,AUG25,1997,wi
6565808,"Ramirez Guillen, Josua Steven",CRC,M,,,,1518,3,40,AUG25,2004,
6558291,"Ramirez Hidalgo, Mauricio",CRC,M,,,,1543,0,40,AUG25,1995,i
6507760,"Ramirez Jimenez, Eddy",CRC,M,,,,1923,0,20,AUG25,1984,i
6508480,"Ramirez Madrid, Daniel Alberto",CRC,M,,,,1579,0,40,AUG25,2006,i
6505945,"Ramirez Madrid, Gerardo Alfonso",CRC,M,FM,,,1938,0,20,AUG25,2002,
6508472,"Ramirez Marchena, Carlos Andres",CRC,M,,,,1696,0,20,AUG25,2002,i
6559255,"Ramirez Molina, Daniel Felipe",CRC,M,,,,1416,0,40,AUG25,2008,
6562485,"Ramirez Ordonez, Brandon Adrian",CRC,M,,,,1416,0,40,AUG25,2007,i
6548130,"Ramirez Quiros, Josue",CRC,M,,NA,,1521,0,40,AUG25,2003,i
6511635,"Ramos Rodriguez, Daniel",CRC,M,,,,1775,6,40,AUG25,2009,
6548776,"Ramos Serrano, David Andreny",CRC,M,,,,1630,0,20,AUG25,2004,
6524451,"Redondo Brenes, Gustavo",CRC,M,,,,1655,0,40,AUG25,1978,i
6522360,"Redondo Chavarria, Carlos Andres",CRC,M,,,,1449,0,20,AUG25,2004,i
6501397,"Redondo Vargas, Diego Alejandro",CRC,M,,,,1885,0,20,AUG25,1975,i
6511970,"Redondo Washington, Josymar",CRC,M,,,,AIM,1630,4,AUG25,2005,
6556167,"Retana Marin, Gabriel Steven",CRC,M,,,,1559,0,40,AUG25,2005,
6559271,"Reyes Sarmiento, Aaron",CRC,M,,,,1454,3,40,AUG25,2008,
6564488,"Rincon Betancourt, Jose Alejandro",CRC,M,,,,1524,4,40,AUG25,2010,
6521061,"Rios Hernandez, Brandon",CRC,M,,,,1434,0,40,AUG25,2008,i
6509509,"Rivas Calderon, Victor Julio",CRC,M,,,,1741,0,20,AUG25,1994,i
6509797,"Rivera Coto, Isaac",CRC,M,,,,1705,0,20,AUG25,1994,i
6505961,"Rivera Gonzalez, Jose Alexis",CRC,M,,NA,,1909,0,20,AUG25,2000,i
6534635,"Rivera Gutierrez, Geannina Isabela",CRC,F,,,,1551,0,40,AUG25,2009,w
6559280,"Rivera Mata, Dylan Josue",CRC,M,,,,1451,0,40,AUG25,2008,i
6561969,"Rivera Mora, Gabriel",CRC,M,,,,1437,4,40,AUG25,2009,
6515649,"Rivera Morales, Jose Francisco",CRC,M,,,,1466,0,20,AUG25,2001,i
6508677,"Rivera Obando, Juan Jose",CRC,M,,,,1730,5,20,AUG25,1993,
6563880,"Rivera Oses, Joel David",CRC,M,,,,1400,0,40,AUG25,2008,
6553060,"Rizo Vanegas, Yostin Jossue",CRC,M,,,,ACM,1596,0,AUG25,2002,i
6523005,"Rodriguez Araya, Oscar Mario",CRC,M,,,,1517,0,20,AUG25,2001,i
6565816,"Rodriguez Blando, Mathias",CRC,M,,,,1608,0,40,AUG25,2010,
6568726,"Rodriguez Campos, Jhonan Josue",CRC,M,,,,1558,0,40,AUG25,2010,
6506127,"Rodriguez Campos, Jonathan",CRC,M,,,,1846,0,20,AUG25,1983,i
6518370,"Rodriguez Ching, Luis Carlos",CRC,M,,,,1936,0,20,AUG25,1962,i
6550959,"Rodriguez Gonzalez, Santiago",CRC,M,,,,1492,0,40,AUG25,2008,
6512682,"Rodriguez Jimenez, Jose Daniel",CRC,M,,,,1777,0,20,AUG25,2001,
6523803,"Rodriguez Membreno, Sebastian",CRC,M,,,,1546,0,40,AUG25,2011,
6512046,"Rodriguez Nunez, Diana Paula",CRC,F,,,,1485,0,20,AUG25,2004,wi
6525962,"Rodriguez Pazmino, Tomas",CRC,M,,,,1460,3,40,AUG25,2009,
6514308,"Rodriguez Retana, Sofia",CRC,F,,,,1575,0,40,AUG25,2006,w
6567118,"Rodriguez Solis, Pablo Andres",CRC,M,,,,1531,2,40,AUG25,2013,
6524575,"Rodriguez Vargas, Brandon Jesus",CRC,M,,NA,,1529,0,20,AUG25,2004,
6553079,"Rodriguez Vargas, Luis Fernando",CRC,M,,,,1535,0,20,AUG25,2000,i
6565328,"Rodriguez Zuniga, Matias Yermay",CRC,M,,,,1454,4,40,AUG25,2011,
6561012,"Rojas Alvarez, Oscar Mario",CRC,M,,,,1462,0,40,AUG25,2007,i
6513760,"Rojas Arias, Sebastian",CRC,M,,,,1619,0,40,AUG25,2005,i
6553087,"Rojas Cascante, Derek",CRC,M,,,,1439,0,40,AUG25,2008,
6564909,"Rojas Chacon, Saul Alberto",CRC,M,,,,1636,0,40,AUG25,2009,
6508510,"Rojas Cisneros, Kevin",CRC,M,,,,1944,0,20,AUG25,1999,i
6517587,"Rojas Esquivel, Luis Julian",CRC,M,,,,1438,0,20,AUG25,2004,
6509517,"Rojas Guillen, Paulo Cesar",CRC,M,,,,1567,0,40,AUG25,1986,
6562728,"Rojas Montero, Alex Francisco",CRC,M,,,,1665,0,40,AUG25,1985,i
6513417,"Rojas Mora, Elena",CRC,F,,,,1495,0,40,AUG25,2010,w
6513425,"Rojas Mora, Jose Elias",CRC,M,,,,1690,0,40,AUG25,2005,
6513441,"Rojas Mora, Maria Salvadora",CRC,F,,,,1510,0,40,AUG25,2006,wi
6560377,"Rojas Ordonez, Christian Gabriel",CRC,M,,,,1573,10,40,AUG25,2007,
6505970,"Rojas Salazar, Gustavo",CRC,M,,,,1588,3,20,AUG25,1981,
6548482,"Rojas Vindas, Emmanuel de Jesus",CRC,M,,,,1658,4,40,AUG25,2007,
6561721,"Roldan Brenes, Eduardo Eugenio",CRC,M,,,,1709,0,40,AUG25,2004,
6505015,"Romero Bonilla, Jonathan",CRC,M,,,,1546,0,40,AUG25,1989,i
6556914,"Romero Cerdas, Moises Alonso",CRC,M,,,,1520,8,40,AUG25,2010,
6550630,"Romero Pereira, Thomas David",CRC,M,,,,1445,1,40,AUG25,2015,
6508049,"Rosales Gonzalez, Erick Josue",CRC,M,,NA,,1807,0,20,AUG25,2001,i
6512062,"Rosales Gonzalez, Jessica",CRC,F,,NA,,1528,0,20,AUG25,2001,wi
6548490,"Rosales Rodriguez, Isaac Israel",CRC,M,,,,1609,0,40,AUG25,2006,
6500048,"Rovira Mas, Jorge",CRC,M,CM,,,2039,0,20,AUG25,1950,
6524494,"Ruiz Alfaro, Darrel",CRC,M,,,,1724,0,20,AUG25,2005,
6505040,"Ruiz Carranza, Klever",CRC,M,,,,1697,0,40,AUG25,1949,
6509991,"Ruiz Coronado, Maykel",CRC,M,,,,1623,0,20,AUG25,2000,i
6575420,"Ruiz Guadamuz, Franklin Manuel",CRC,M,,,,1575,6,40,AUG25,1995,
6501850,"Ruiz Segura, John Phillips",CRC,M,,,,1697,0,20,AUG25,1952,i
6522378,"Saenz Jarquin, Maykol",CRC,M,,,,1786,0,20,AUG25,1998,i
6507158,"Salas Estrada, Ana Maria",CRC,F,,,,1574,0,20,AUG25,1997,wi
6505716,"Salas Torres, Pamela",CRC,F,WCM,WCM,,1830,0,20,AUG25,1998,wi
6516700,"Salazar Artavia, Keylor",CRC,M,,,,1501,0,40,AUG25,2009,i
6524800,"Salazar Delgado, Aylin Naomi",CRC,F,,,,1635,0,40,AUG25,2008,w
6558798,"Salazar Espinoza, Mauricio",CRC,M,,,,1412,0,40,AUG25,2012,
6511643,"Salazar Gould, Kristy Valeria",CRC,F,,,,1696,11,40,AUG25,2008,w
6505090,"Salazar Gould, Melanie",CRC,F,CM,WFM,,1981,0,20,AUG25,2003,wi
6556434,"Salazar Mesen, Esteban",CRC,M,,,,1545,3,40,AUG25,2009,
6568408,"Salazar Quiros, Maria Regina",CRC,F,,,,1675,3,40,AUG25,2012,w
6567479,"Salazar Segura, Kevin Gabriel",CRC,M,,,,1464,1,40,AUG25,2012,
6503640,"Salazar Zumbado, Stanley",CRC,M,,,,1836,0,20,AUG25,1984,i
6527728,"Samper Porras, David",CRC,M,,,,1482,0,40,AUG25,2007,
6505104,"Sanchez Corrales, Carlos Julian",CRC,M,,,,1680,0,20,AUG25,1999,i
6502601,"Sanchez Garro, Juan Gabriel",CRC,M,,,,1859,0,20,AUG25,1986,i
6566669,"Sanchez Sanchez, Juan Tobias",CRC,M,,,,1517,3,40,AUG25,2010,
6566677,"Sanchez Sanchez, Karen Eliza",CRC,F,,,,1553,0,40,AUG25,2007,w
6508880,"Sandi Barrantes, Victoria",CRC,F,,NA,,1471,0,20,AUG25,2004,w
6509150,"Sandi Castro, Allan",CRC,M,,,,1623,0,20,AUG25,1999,i
6511490,"Sandi Quiros, Debora Shasly",CRC,F,,,,1506,0,20,AUG25,2005,wi
6511376,"Sandi Quiros, Junior Andrey",CRC,M,,,,1624,0,20,AUG25,2003,i
6568742,"Sandi Ramirez, Gerald Steven",CRC,M,,,,1483,0,40,AUG25,1996,
6535011,"Sandoval Loaiciga, Aldric",CRC,M,,,,1433,0,40,AUG25,2012,
6524460,"Santhosh, Shanmugam",CRC,M,,,,1746,6,40,AUG25,1987,
6514189,"Schaubeck Cambronero, Fabian",CRC,M,,,,1579,0,40,AUG25,2008,i
6515088,"Schaubeck Cambronero, Fabricio",CRC,M,,,,1461,0,20,AUG25,2003,i
6555683,"Seas Alvarez, Jordan Leonardo",CRC,M,,,,1488,0,40,AUG25,2006,
6501290,"Segreda Jimenez, Ivan",CRC,M,,SI,,ACM,1510,4,AUG25,1971,
6507379,"Segura Cordero, Ariel",CRC,M,,,,1711,0,40,AUG25,2007,i
6530389,"Segura Sandoval, Geovanny",CRC,M,,,,1573,0,40,AUG25,1996,i
6511651,"Semana Ramirez, Brenda",CRC,F,WCM,WCM,,1474,0,40,AUG25,2008,wi
6511597,"Semana Ramirez, Jerian",CRC,M,,,,1622,0,40,AUG25,2006,i
6566251,"Sequeira Solis, Shane Stevens",CRC,M,,,,1600,0,40,AUG25,2010,
6521495,"Serrasin Fonseca, Roberth Esteban",CRC,M,,,,1526,0,40,AUG25,2007,
6506062,"Shih Gould, Annie",CRC,F,WCM,WCM,,1845,0,20,AUG25,2004,wi
6506070,"Shih Gould, Danny",CRC,M,FM,,,1846,0,40,AUG25,2006,i
6517595,"Shion Solis, Esteban Jesus",CRC,M,,,,1532,0,40,AUG25,2005,i
6510000,"Sibaja Tellez, Josue",CRC,M,,,,1654,0,20,AUG25,1998,i
6507263,"Sierra Berrocal, Auriel",CRC,M,,,,1586,0,20,AUG25,2004,i
6507271,"Sierra Berrocal, Gabriela",CRC,F,,,,1508,0,20,AUG25,2003,wi
6504140,"Sierra Fonseca, Hector",CRC,M,,,,1584,0,20,AUG25,1975,i
6544070,"Solano Arias, Saul",CRC,M,,,,1571,0,40,AUG25,2012,
6505155,"Solano Cordero, Jorge Alexis",CRC,M,,,,1947,7,20,AUG25,2001,
6500323,"Solano Cruz, Agustin",CRC,M,CM,,,1868,0,20,AUG25,1965,i
6504299,"Solano Cuya, Bryan",CRC,M,IM,,,2228,0,20,AUG25,1996,i
6548792,"Solano Garcia, Wesley Alejandro",CRC,M,,,,1525,0,40,AUG25,2011,
6570844,"Solano Hidalgo, Kenneth",CRC,M,,,,1544,4,40,AUG25,2011,
6500609,"Solano Lopez, Royner",CRC,M,,,,2020,0,20,AUG25,1974,i
6535860,"Solano Monge, Luis Guillermo",CRC,M,,,,1479,0,40,AUG25,1968,i
6517080,"Solano Rojas, Everardo",CRC,M,,,,1615,0,40,AUG25,1958,
6507174,"Solano Saltachin, Ruth",CRC,F,,,,1570,0,20,AUG25,2005,w
6508960,"Solis Baltodano, Jose Pablo",CRC,M,,,,ACM,1713,0,AUG25,1998,i
6542972,"Solis Barrantes, Carlos Fernando",CRC,M,,,,1705,0,20,AUG25,1992,i
6500641,"Solis L., Efren A.",CRC,M,CM,,,1991,4,20,AUG25,1967,
6507867,"Solis Prieto, Javier",CRC,M,,,,1796,0,20,AUG25,1997,i
6550460,"Solis Rojas, Jose Pablo",CRC,M,,,,1465,4,40,AUG25,2013,
6542999,"Sotelo Izaguirre, Isaac David",CRC,M,,,,1508,0,40,AUG25,1992,
6507387,"Soto Alfaro, Braulio",CRC,M,,,,1668,0,20,AUG25,2002,i
6520383,"Soto Castillo, Jeremy",CRC,M,,,,1447,0,20,AUG25,2002,i
6516050,"Soto Clausen, Luis Diego",CRC,M,,,,1723,0,20,AUG25,1957,
6508774,"Soto Cordoba, Anthony",CRC,M,,,,1717,0,40,AUG25,1997,
6534945,"Soto Sanchez, Alejandro",CRC,M,,,,1415,0,40,AUG25,2010,
6535020,"Soto Sanchez, Eduardo",CRC,M,,,,1549,0,40,AUG25,2013,
6555870,"Soto Sandi, Fabian",CRC,M,,,,1505,5,40,AUG25,2009,
6520138,"Soza Aleman, Johan Josue",CRC,M,,,,1603,0,40,AUG25,1998,
6550380,"Soza Moreno, Emmanuel Jesus",CRC,M,,,,1550,0,40,AUG25,1981,i
6518150,"Soza Rojas, Dennilson G",CRC,M,,,,1511,0,20,AUG25,2003,i
6507875,"Tapia Alvarez, Alejandro",CRC,M,,,,1669,0,20,AUG25,1999,i
6550398,"Tapia Gutierrez, Javier",CRC,M,,,,1626,0,20,AUG25,1976,i
6500960,"Tapia Quiros, Gustavo",CRC,M,CM,,,2040,0,20,AUG25,1982,i
6523013,"Tenorio Cordero, Jose Noel",CRC,M,,,,1656,0,20,AUG25,1958,i
6502679,"Tenorio Naranjo, Ismael",CRC,M,,,,1880,0,20,AUG25,1989,i
6533531,"Tobal Lazo, Duhardy Ivan",CRC,M,,,,1512,0,40,AUG25,2005,i
6502687,"Toro Soto, Anthony Roy",CRC,M,,,,2030,0,20,AUG25,1992,i
6501222,"Torres Barquero, Joseph",CRC,M,,,,1891,0,20,AUG25,1986,i
6561020,"Torres Rodriguez, Daniel Iosev",CRC,M,,,,1533,0,40,AUG25,2009,
6520278,"Torres Urena, Edgar Jose",CRC,M,,,,1488,0,40,AUG25,2008,i
6562736,"Toruno Delgado, Aaron Josue",CRC,M,,,,1463,0,40,AUG25,2005,i
6500560,"Trejos Perez, Jose Enrique",CRC,M,,,,2108,6,20,AUG25,1983,
6500200,"Trigueros Fallas, Gustavo Adolfo",CRC,M,FM,,,2141,0,20,AUG25,1969,i
6500129,"Ugalde Garcia, Ronald",CRC,M,,,,2099,0,20,AUG25,1963,i
6522289,"Ulate Climaco, Kevin Mauricio",CRC,M,,,,1481,0,40,AUG25,2007,i
6501885,"Ulloa Avellan, Oscar",CRC,M,,,,1941,0,20,AUG25,1991,i
6559328,"Ulloa Jimenez, Santiago",CRC,M,,,,1752,5,20,AUG25,2006,
6519067,"Urbano Murillo, Antonio",CRC,M,,,,1515,0,40,AUG25,2007,i
6500650,"Urbina Quiroz, Edwin",CRC,M,,,,2036,0,20,AUG25,1989,i
6561519,"Urena Matamoros, Sebastian",CRC,M,,,,1679,6,40,AUG25,2011,
6504167,"Vaglio Mattey, Emanuel",CRC,M,CM,,,2055,0,20,AUG25,1997,i
6500331,"Valdes Romero, Leonardo",CRC,M,IM,,,2405,13,10,AUG25,1975,
6505260,"Valdez Torres, Nestor Josue",CRC,M,,,,1914,0,20,AUG25,2000,i
6523323,"Valverde Herrera, Jose Daniel",CRC,M,,,,1458,0,40,AUG25,2008,i
6515223,"Valverde Mora, Mauricio",CRC,M,,,,1855,0,20,AUG25,2003,
6506330,"Valverde Solano, Enrique",CRC,M,,,,1553,0,40,AUG25,1962,
6526110,"Valverde Vega, Santiago",CRC,M,,,,1476,0,40,AUG25,2009,
6511600,"Vargas Abadia, Alejandro",CRC,M,,,,1460,0,40,AUG25,2006,i
6524869,"Vargas Arguedas, Caleb",CRC,M,,,,1711,0,40,AUG25,2007,
6512801,"Vargas Corrales, German Jose",CRC,M,,,,1523,0,40,AUG25,1991,
6504361,"Vargas Miranda, Diego",CRC,M,,,,1873,9,20,AUG25,1989,
6511147,"Vargas Ovejero, Gustavo Aldemar",CRC,M,,,,1454,0,20,AUG25,1990,i
6514219,"Vargas Solano, Aaron",CRC,M,,,,1563,0,40,AUG25,2006,i
6558577,"Vargas Vargas, Jose Gabriel",CRC,M,,,,1606,0,40,AUG25,1992,i
6561187,"Vargas Vargas, Yeison David",CRC,M,,,,AFM,1485,0,AUG25,2014,
6517218,"Vargas Zamora, Carlos",CRC,M,,,,1740,0,20,AUG25,2001,i
6565832,"Vasquez Gonzalez, Evan Alonso",CRC,M,,,,1541,0,40,AUG25,2009,
6500536,"Vega Araya, Edwin",CRC,M,,,,1902,6,20,AUG25,1969,
6563570,"Vega Badilla, Michael",CRC,M,,,,1664,6,40,AUG25,2011,
6557830,"Vega Godinez, Cristhopher David",CRC,M,,,,1653,0,40,AUG25,2002,i
6535780,"Vega Hidalgo, Edgar",CRC,M,,,,1679,0,20,AUG25,1983,
6555047,"Velasquez Mora, Steven Daniel",CRC,M,,,,1451,0,40,AUG25,2007,
6551122,"Venegas Sandoval, Ariana",CRC,F,,NA,,1453,0,40,AUG25,2007,w
6521517,"Vergara Marin, Luis Elias",CRC,M,,,,1434,0,20,AUG25,2004,i
6502776,"Villagra Arce, Henry",CRC,M,,,,1927,0,20,AUG25,1983,i
6520804,"Villalobos Arrieta, Eduardo",CRC,M,,,,1577,0,20,AUG25,1961,
6556272,"Villalobos Chinchilla, Mattias",CRC,M,,,,1581,3,40,AUG25,2012,
6511031,"Villalobos Molina, Jose Adrian",CRC,M,,,,1956,0,20,AUG25,1996,i
6513778,"Villalobos Venegas, Sebastian",CRC,M,,,,1403,0,40,AUG25,2005,i
6513964,"Villalta Leiton, Kevin",CRC,M,,,,1579,0,40,AUG25,2008,i
6511503,"Villalta Leiton, Nicole Tamara",CRC,F,,,,1546,0,40,AUG25,2005,wi
6554199,"Villalta Ramirez, Freivelyn",CRC,F,,,,1557,0,40,AUG25,2010,w
6552820,"Villegas Robles, Tomas",CRC,M,,,,1425,0,40,AUG25,2012,i
6512798,"Villegas Rodriguez, Jeremy",CRC,M,,,,AFM,1739,4,AUG25,2003,
6558046,"Vindas Barrientos, Yohan Caleb",CRC,M,,,,1493,0,40,AUG25,1995,i
6549241,"Vindas Rapson, Abigail",CRC,F,,,,1427,0,40,AUG25,2010,w
6524249,"Vindas Vega, Adriel",CRC,M,,,,1563,0,40,AUG25,2006,
6571107,"Viquez Alfaro, Gabriel",CRC,M,,,,1644,6,40,AUG25,2008,
6500820,"Vives Rodriguez, David Alberto",CRC,M,,,,2020,0,20,AUG25,1987,i
6550150,"Wahrmann Brenes, Emma",CRC,F,,,,1610,5,40,AUG25,2013,w
6562027,"Yepes Ramirez, Tomas Javier",CRC,M,,,,1583,2,40,AUG25,2014,
6563252,"Young Zhou, Jason",CRC,M,,,,1555,0,40,AUG25,2008,
6529038,"Zamora Chaves, Joel Amet",CRC,M,,,,1442,0,20,AUG25,2000,i
6569307,"Zamora Chaves, Rodolfo",CRC,M,,,,1611,0,40,AUG25,1977,
6509851,"Zeledon Perez, Edgar",CRC,M,,FA,,1876,0,20,AUG25,2001,
6501907,"Zhang Alarcon, Juan",CRC,M,,,,1866,0,20,AUG25,1991,i
6556264,"Zhen Cen, Jia Jun",CRC,M,,,,1503,0,40,AUG25,2010,
6565395,"Zhou Fernandez, Isabella",CRC,F,,,,1423,2,40,AUG25,2012,w
6503306,"Zumbado Gutierrez, Marco Antonio",CRC,M,,,,2016,0,20,AUG25,1967,i
6549098,"Zumbado Moreira, Andres",CRC,M,,,,1465,5,40,AUG25,2006,
6502792,"Zuniga Cerdas, Fernando",CRC,M,,,,1756,0,20,AUG25,1959,i
6512518,"Zuniga Chavarria, Manuel",CRC,M,,,,1842,0,20,AUG25,1984,i
6501915,"Zuniga Elizondo, Alonso",CRC,M,,,,1736,0,20,AUG25,1989,i