ID Number,Name,Fed,Sex,Title,WTit,OTit,FOA,Rating,Gms,K,B-day,Flag
8101043,"Ababneh, Ghayth",JOR,M,,,,2078,AUG25,0,20,1982,i
8124647,Abdallah Abu Saa,JOR,M,,,,1683,AUG25,0,20,1992,i
8127417,Abdallah Abuhijleh,JOR,M,,,,1581,AUG25,0,40,2007,
8117160,Abdallah Elsafarti,JOR,M,,,,1708,AUG25,0,20,2002,i
8118337,Abdallah haymour,JOR,M,,,,1674,AUG25,0,20,1999,
8119864,Abdallah Khwaira,JOR,M,,,,1470,AUG25,0,40,2015,
8103526,"Abdallah, A-Shbol",JOR,M,,,,1939,AUG25,0,20,1972,i
8110816,"Abdallah, Al-Khanji",JOR,M,,,,1602,AUG25,0,20,1995,i
8131554,"Abdallah, Alhaj Mohammad",JOR,M,,,,1493,AUG25,0,20,1994,
8110824,"Abdallah, Alrshaidat",JOR,M,,,,1489,AUG25,0,40,2008,i
8111928,"Abdallah, Barjous",JOR,M,,,,1588,AUG25,0,20,1997,i
8102422,Abdel Munem Abu Hazeem,JOR,M,,,,1949,AUG25,0,20,1985,
8108790,Abdel Rahman Alhadidi,JOR,M,,,,1703,AUG25,0,40,2007,
8119430,Abdel Rahman alkayyali,JOR,M,,,,1799,AUG25,0,20,2002,i
8119210,Abdel Rahman Khader,JOR,M,,,,1692,AUG25,0,20,2000,
8108803,Abdel Rahman Khanji,JOR,M,,,,ACM,AUG25,1627,0,2003,i
8112886,Abdel Rahman Sadeh,JOR,M,,"NI,NA",,1664,AUG25,0,20,1996,
8128820,ABDEL RAHMAN TAHAT,JOR,M,,,,1756,AUG25,0,20,2005,i
8116350,Abdel Razzaq Kasrawi,JOR,M,,,,1558,AUG25,0,20,1999,i
8112436,Abdelkareem Saleh,JOR,M,,,,1762,AUG25,0,20,2003,i
8104816,"Abdelrahim, Abdelrahim",JOR,M,,,,1641,AUG25,0,20,2002,i
8113211,"Abdelrahman, Al Amer",JOR,M,,,,1826,AUG25,0,20,1998,
8126950,Abdulla AlAnsari,JOR,M,,,,ACM,AUG25,1549,0,1994,i
8106550,"Abdulla, Mohammad",JOR,M,,,,1889,AUG25,0,20,1975,i
8118760,Abdullah Arafat,JOR,M,,,,1645,AUG25,0,20,2006,
8130426,"Abdullah, Al-Jazzazi",JOR,M,,,,1430,AUG25,0,40,2010,
8113475,"Abdullah, Alnahleh",JOR,M,,,,1607,AUG25,0,20,2005,i
8103348,"Abdullah, Aya",JOR,F,,,,1747,AUG25,0,20,1997,wi
8109109,"Abdullah, Bany Yaseen",JOR,M,,,,1713,AUG25,0,40,2007,i
8128812,Abedalaziz Ghunmat,JOR,M,,,,1465,AUG25,0,20,1990,i
8117403,Abedalhai Dana,JOR,M,,,,1748,AUG25,0,20,1996,i
8101159,"Abo-Hazeem, Mohanned",JOR,M,,,,1948,AUG25,0,20,1993,
8100160,"Aboudi, Marwan",JOR,M,CM,NA,,2186,AUG25,0,20,1964,i
8101183,"Abu-Hazeem, M.",JOR,M,,,,1920,AUG25,0,20,1983,
8102023,"Abu-Hazeem, Saif",JOR,M,,,,2012,AUG25,0,20,1991,
8104328,"Abulaban, Amr",JOR,M,,,,1979,AUG25,0,20,1996,i
8114544,Ahmad Abu Kidair,JOR,M,,,,1615,AUG25,0,20,1982,i
8109290,Ahmad Abu Nawa,JOR,M,,,,1627,AUG25,0,20,1997,i
8122164,Ahmad Abushpap,JOR,M,,,,1476,AUG25,0,40,2009,i
8129509,Ahmad Almashaqbeh,JOR,M,,,,1602,AUG25,0,20,1970,i
8112851,Ahmad Alshawawreh,JOR,M,,,,1672,AUG25,0,20,1979,
8129452,Ahmad Saleh,JOR,M,,,,1859,AUG25,0,20,1987,i
8127450,AHMAD SHTAIWI,JOR,M,,,,1668,AUG25,0,40,2015,
8114951,Ahmad Yousef Jaradat,JOR,M,,,,1728,AUG25,0,20,1994,i
8103178,"Ahmad, Al Khatib",JOR,M,GM,,,2189,AUG25,0,20,1995,
8107793,"Ahmad, Al-Zayadneh",JOR,M,,,,1728,AUG25,0,20,1989,i
8129789,"Ahmad, Algharibeh",JOR,M,,,,1520,AUG25,0,40,2007,i
8101779,"Ahmad, Saadah",JOR,M,,"FT,SI,FA",,AFM,AUG25,1768,0,1988,
8111510,Ahmed Odeh,JOR,M,,,,1564,AUG25,0,20,1993,i
8101400,Akram Alhajaj,JOR,M,CM,,,1893,AUG25,0,20,1978,
8100098,"Al Namas, Kanan",JOR,M,,,,1812,AUG25,8,20,0,
8103879,"Al-Bashayra, Yazan",JOR,M,FM,,,1906,AUG25,0,20,2000,i
8104867,"Al-Sood, Tareq",JOR,M,,,,1798,AUG25,0,20,0,i
8101086,"Al-Zoubi, Issa",JOR,M,,,,1897,AUG25,0,20,1962,i
8105600,"Ala , Kabatilo",JOR,M,,,,ACM,AUG25,1618,0,2001,i
8105146,"Alafi, Faysal",JOR,M,,,,1739,AUG25,0,20,0,i
8105154,"Alafi, Maamon",JOR,M,,,,1632,AUG25,0,20,0,i
8105162,"Alafi, Marwan",JOR,M,,,,1680,AUG25,0,20,0,i
8105170,"Alafi, Omar",JOR,M,,,,1734,AUG25,0,20,0,i
8101531,"Alattar, Ghayda M.",JOR,F,WIM,WIM,,1956,AUG25,0,20,1991,wi
8101248,"Alattar, Rakan",JOR,M,CM,,,2042,AUG25,0,20,1995,i
8119112,Albeshr Rababah,JOR,M,,,,1644,AUG25,0,40,2014,
8104379,"Albshayra, Leen",JOR,F,,,,1718,AUG25,0,20,2003,wi
8110573,"Ali, Alqaisi",JOR,M,,,,2009,AUG25,0,20,2004,
8108145,"Ali, Alshareef",JOR,M,,,,1712,AUG25,0,20,0,i
8107548,"Ali, moumani",JOR,M,,NA,,1938,AUG25,0,20,1992,i
8103410,"Aljundi, Laith",JOR,M,,,,1886,AUG25,0,20,1989,i
8103186,"AlKurdi, Azad",JOR,M,,,,1934,AUG25,0,20,1995,
8103020,"AlKurdi, Khaled",JOR,M,,,,1632,AUG25,0,20,1965,i
8124272,Almothana Al-Whaidi,JOR,M,,,,1608,AUG25,0,20,2001,i
146241608,"Alnajjab, Muhannad",JOR,M,,,,1558,AUG25,0,20,1984,i
8100713,"Alsane, Abdallah",JOR,M,CM,,,1900,AUG25,0,20,1964,i
8103933,"Alshoyby, Rama",JOR,F,,,,1649,AUG25,0,20,2000,wi
8106398,"Alsoyof, Mohamed",JOR,M,,,,1756,AUG25,0,20,0,i
8113513,"Alyaman, Alzaideen",JOR,M,,,,1517,AUG25,0,40,2009,i
8112584,Ameer Baker,JOR,M,,,,1473,AUG25,0,40,2008,i
8112118,Amer Alzbaide,JOR,M,,,,1595,AUG25,0,20,1994,i
8114935,Amjed Al Yabroudi,JOR,M,,,,1840,AUG25,0,40,2010,
8102589,Ammar Adnan,JOR,M,,,,2011,AUG25,0,20,1987,i
8128480,AMMAR YASEEN,JOR,M,,,,1697,AUG25,0,20,2002,i
8124213,AMR HABAHBEH,JOR,M,,,,1475,AUG25,0,40,2008,
8106401,Amr Majdalawi,JOR,M,CM,,,1834,AUG25,0,20,2005,i
8125031,Amro Abu Samra,JOR,M,,,,1588,AUG25,0,40,2011,
8112754,Amro Al-Bess,JOR,M,,,,1474,AUG25,0,40,2010,i
8129886,"Amro, Alzyoud",JOR,M,,,,1766,AUG25,0,20,1997,i
8114498,Anas Abu Khdair,JOR,M,,,,1549,AUG25,0,20,1980,i
8117683,Anas Khwaira,JOR,M,,,,2156,AUG25,0,40,2007,
8131490,"Anas, Ghanem",JOR,M,,,,1528,AUG25,0,20,1988,i
8105529,"Aseel , Odeh",JOR,F,CM,,,1755,AUG25,0,20,2001,wi
8114137,"Asef, Ali ahmad",JOR,M,,,,1627,AUG25,0,20,1983,i
8130736,"Asem, Omari",JOR,M,,,,1719,AUG25,0,20,2002,i
8126739,Ayoub Qassis,JOR,M,,,,1740,AUG25,0,40,2011,
8112762,Aysheh Albess,JOR,F,,,,1511,AUG25,0,40,2009,wi
8123470,Baha Aldeen Ahmad,JOR,M,,,,1552,AUG25,0,40,2009,
8121117,Baha Aldeen Alghazo,JOR,M,,,,1696,AUG25,0,20,1995,i
8133298,"Baha Aldeen, Alamoush",JOR,M,,,,1569,AUG25,0,20,1998,
8122474,BARA ASSAF,JOR,M,,,,1609,AUG25,0,20,2004,i
8122385,Baraa Alderbashi,JOR,M,,,,1666,AUG25,0,20,1999,i
8109486,"Basel, Jayyusi",JOR,M,,,,1627,AUG25,0,20,1998,i
8128731,Bashar qassis,JOR,M,,,,1546,AUG25,0,20,1985,i
8122547,Basil Alomari,JOR,M,,,,1615,AUG25,0,20,1979,i
8121842,BASIL DAOUD,JOR,M,,,,1929,AUG25,0,20,2004,
8100020,"Battikhi, H.",JOR,M,FM,,,1998,AUG25,0,20,1960,i
8115117,Bilal Abu Khadair,JOR,M,,,,1580,AUG25,0,20,1994,i
8102937,"Boshra, Alshaeby",JOR,F,WIM,WIM,,1867,AUG25,0,20,1995,w
8132186,"Burhan, Alabed",JOR,M,,,,1447,AUG25,0,20,2006,
8102880,"Dahdal, Lougain",JOR,F,WIM,WIM,,1918,AUG25,0,20,1990,wi
8108161,"Dalya, Abdelrahim",JOR,F,,,,1488,AUG25,0,20,2006,wi
8112061,Dan Habash,JOR,F,,,,1516,AUG25,0,20,2003,wi
8108170,"Dana, Al-Mosa",JOR,F,,,,ACM,AUG25,1597,0,2005,wi
8109508,"Deaf Allah, Alananzeh",JOR,M,,,,1786,AUG25,0,20,1984,i
8109842,"Eid, Alhadidi",JOR,M,,,,1590,AUG25,0,20,2004,i
8106070,"Emad, Majdlawy",JOR,M,,,,1796,AUG25,0,20,1997,i
8113637,"Erani, Maya",JOR,F,,,,1689,AUG25,0,40,2007,wi
8113700,"Erani, Syrina",JOR,F,,,,1458,AUG25,0,40,2013,wi
8129959,"Eslam, Masoudi",JOR,M,,,,1600,AUG25,0,40,2010,i
8132992,"Essam Eldin, Abu Assab",JOR,M,,,,1663,AUG25,0,20,2004,
8129622,Eyad Alali,JOR,M,,,,1477,AUG25,0,20,1996,i
8110069,"Eyad, Hasan",JOR,M,,,,1590,AUG25,0,20,1973,i
8110654,Ezeldeen Almaaqbeh,JOR,M,,,,1852,AUG25,0,20,2006,i
8127050,EZZALDEIN SHTAIWI,JOR,M,,,,1936,AUG25,0,40,2010,
8114188,Fadi Rustom,JOR,M,,,,1429,AUG25,0,40,2010,
8133000,"Fadi, Qudies",JOR,M,,,,1501,AUG25,0,40,2012,
8121877,Farah Seyam,JOR,F,,,,1518,AUG25,0,40,2015,w
8119481,Fares Qanair,JOR,M,,,,1795,AUG25,0,40,2010,
8103500,"Fathi, Naser",JOR,M,,,,1920,AUG25,0,20,1988,i
8102651,"Fauzi, Akram",JOR,M,,,,1939,AUG25,0,20,1985,i
8108714,Feda a Abu Nawa,JOR,F,,,,1558,AUG25,0,20,1995,wi
8111561,Firas Alshawawreh,JOR,M,,,,1610,AUG25,0,40,2009,
8103070,"Firas, Abu Ibeya",JOR,M,,,,1954,AUG25,0,20,1983,i
724190,"Fuad Kamel Jamaliah, Natalie",JOR,F,WIM,WIM,,1984,AUG25,0,20,1987,wi
8128898,George Akkawi,JOR,M,,,,1468,AUG25,0,40,2010,i
8110930,Ghaith Almomani,JOR,M,,,,1834,AUG25,0,20,1991,i
8122636,GHAITH SHHAB,JOR,M,,,,1750,AUG25,0,20,1995,
8123489,Ghaleb Dghaish,JOR,M,,,,1507,AUG25,0,20,2004,
8128952,Ghazi ammache,JOR,M,,,,1447,AUG25,0,40,2010,i
8103607,"Hafez, Bakr",JOR,M,IM,,,1906,AUG25,0,20,1954,i
8119597,Haitham Rasheed,JOR,M,,,,AFM,AUG25,1641,0,2001,i
8126275,HAKEM ABU GULLEH,JOR,M,,,,1486,AUG25,0,20,1994,
8111766,Hala Mousa,JOR,F,,,,1567,AUG25,0,40,2007,wi
8128553,HAMAD ALDAMEN,JOR,M,,,,1611,AUG25,0,40,2010,i
8118795,Hammam Ismail,JOR,M,,,,1826,AUG25,0,20,1994,i
8130353,HAMZA ALMASAEID,JOR,M,,,,1485,AUG25,0,40,2012,i
8126224,Hamza Alsheshani,JOR,M,,,,1551,AUG25,0,20,1999,i
8118590,HAMZA ASSI,JOR,M,,,,1527,AUG25,0,20,1991,
8112797,Hamza El Shaweesh,JOR,M,,,,1578,AUG25,0,40,2009,i
8129118,Hamza Melhem,JOR,M,,,,1587,AUG25,0,20,2005,i
8129991,"Hamza, Alhanbali",JOR,M,,,,1542,AUG25,0,40,2007,i
8109176,"Hamza, Alqwasmi",JOR,M,,,,1505,AUG25,0,20,2006,i
8128316,HAMZEH ALANATI,JOR,M,,,,1650,AUG25,0,20,2005,i
8128960,Hani Al-Amad,JOR,M,,,,1458,AUG25,0,40,2010,i
8114161,Hani Daoud,JOR,M,,,,1542,AUG25,0,20,1981,i
8131759,Hani Hejazi,JOR,M,,,,1588,AUG25,0,20,1982,
8123438,hasan Ahmad,JOR,M,,,,1743,AUG25,0,40,2010,
8133727,"Hasem, Altamimi",JOR,M,,,,1461,AUG25,0,40,2009,
8130620,HASHEM ABU RUMAN,JOR,M,,,,1517,AUG25,0,40,2010,i
8109052,Hashem Al-Safadi,JOR,M,,,,1628,AUG25,0,20,2006,i
8120765,Hashem Al-Sarihin,JOR,M,,,,1439,AUG25,0,40,2010,
8129096,Hashem Alqudah,JOR,M,,,,1537,AUG25,0,20,2005,i
8122849,Hashem Alsafadi,JOR,M,,,,1475,AUG25,0,40,2007,i
8122733,Hashem Hijazin,JOR,M,,,,1670,AUG25,0,40,2008,i
8125511,Hassan Majdalawi,JOR,M,,,,1476,AUG25,0,40,2013,i
8116890,Hazem Al-Fouqaha,JOR,M,,,,1729,AUG25,0,20,1986,
8130477,"Hazem, Abdeen",JOR,M,,,,1536,AUG25,0,20,1996,i
8112126,"Hazem, Al-Fouqaha",JOR,M,,,,1618,AUG25,0,20,1986,i
8126453,Heba Hijjaw,JOR,F,,,,1514,AUG25,0,40,2008,w
8128251,Hesham Elayyan,JOR,M,,,,ACM,AUG25,1421,0,2010,i
8103798,Husam El Rimawi,JOR,M,,,,1908,AUG25,0,20,1997,i
8109206,"Husni, Hamad",JOR,M,,,,1587,AUG25,0,20,2005,i
8114331,Hussein Alsarhan,JOR,M,,,,1703,AUG25,0,20,1986,i
8110093,"Ibraheim, Khalifeh",JOR,M,,,,1879,AUG25,0,20,1991,i
8131767,Ibrahim Abuhussein,JOR,M,,,,1545,AUG25,0,20,1999,
8133808,Ibrahim Albweitel,JOR,M,,,,1618,AUG25,0,20,1992,
8122857,Ibrahim Alieyan,JOR,M,,,,1481,AUG25,0,40,2009,
8120854,Ibrahim Khanfur,JOR,M,,,,1644,AUG25,0,20,2001,
8127158,Ibrahim Younis,JOR,M,,,,1558,AUG25,0,20,1981,i
8101442,"Ibrahim, Alsalos",JOR,M,,,,1874,AUG25,0,20,1977,i
7600437,"Issa, Rafat",JOR,M,IM,,,2331,AUG25,0,10,1975,i
8128570,ISSAM AL MSIEDEEN,JOR,M,,,,1426,AUG25,0,20,1982,i
8111898,Jafar Khirfan,JOR,M,,,,1743,AUG25,0,40,2007,i
8110247,"Jafar, Al-Diabat Al-Btoosh",JOR,M,,,,1675,AUG25,0,20,1977,
8115354,Jamil Abduljalil,JOR,M,,,,1495,AUG25,5,20,1986,
8133620,Jamil Bitar,JOR,M,,,,1636,AUG25,0,20,2003,
8108927,"Jana, Tell",JOR,F,,,,1516,AUG25,0,40,2008,w
8111901,Jawad Khirfan,JOR,M,,,,1530,AUG25,0,40,2007,i
8130035,"Jawad, Omari",JOR,M,,,,1440,AUG25,0,40,2013,
8112398,Jeda Helal,JOR,F,,,,1689,AUG25,0,40,2012,w
8129258,Jeries Tadros,JOR,M,,,,1678,AUG25,0,40,2008,
8118990,Jood Ahmad,JOR,F,,,,1769,AUG25,0,40,2010,w
8128170,JOSEPH QYQYH,JOR,M,,,,1645,AUG25,0,20,2004,i
8127131,Joud Tarawneh,JOR,F,,,,1621,AUG25,0,20,2005,wi
8112746,karam Almasri,JOR,M,,,,1425,AUG25,0,40,2010,i
8112576,Karam Baker,JOR,M,,,,1504,AUG25,0,40,2010,i
8114803,Karam ejeilat,JOR,M,,,,1838,AUG25,0,40,2012,
8114196,Karam Rustom,JOR,M,,,,1488,AUG25,0,40,2013,
8124370,Karam Yousef,JOR,M,,,,1446,AUG25,0,40,2011,
8130051,"Karam, Omari",JOR,M,,,,1431,AUG25,0,40,2010,
8112495,kareem Ayyoub,JOR,M,,,,1505,AUG25,0,20,2003,i
8133735,"Kenan, Al-Frokh",JOR,M,,,,1455,AUG25,0,40,2016,
8100500,"Khader, Sami",JOR,M,IM,"FST,SI,LSI",,2295,AUG25,0,20,1972,i
8129665,KHALED AL-NAZER,JOR,M,,,,1570,AUG25,0,40,2009,
8129185,Khaled Alabed,JOR,M,,,,1750,AUG25,0,20,2005,
8108781,Khaled Hbaidi,JOR,M,,,,1618,AUG25,0,20,1964,i
8121885,Khaled Seyam,JOR,M,,,,1970,AUG25,0,40,2012,
8130094,"Khaled, Yasin",JOR,M,,,,1746,AUG25,0,40,2011,
8109265,Khalid Abu Warda,JOR,M,,,,1737,AUG25,0,20,1984,i
8125465,Khalil Al Kraiti,JOR,M,,,,1637,AUG25,0,20,1969,
8111073,"Khattab, Masalha",JOR,M,,,,1577,AUG25,0,20,2003,i
8100110,"Kibti, Sameer",JOR,M,,,,2037,AUG25,0,20,1959,
8102775,kloub.M,JOR,M,,,,1887,AUG25,0,20,1975,i
8125538,Laith Mustafa,JOR,M,,,,1414,AUG25,0,20,1988,i
8113610,"Leen, Daoud",JOR,M,,,,1479,AUG25,0,40,2008,i
8124310,Lina Abu-Mahfouz,JOR,F,,,,1445,AUG25,0,40,2008,wi
8104239,"Loay, Sameer",JOR,M,IM,,,2197,AUG25,0,20,2002,
8122660,Lujain Almohammad,JOR,F,,,,1519,AUG25,0,40,2009,wi
8126550,Lya Nareman Daggamseh,JOR,F,,,,1412,AUG25,0,40,2015,w
8101949,"Madanat, Saed",JOR,M,,,,1938,AUG25,0,20,1987,i
8108234,"Maeen, Tell",JOR,M,,,,ACM,AUG25,1500,0,2005,i
8127492,MAHMOUD AL-SHAIKH YOUSEF,JOR,M,,,,1486,AUG25,0,40,2010,
8112410,Mahmoud Herz Allah,JOR,M,,,,1561,AUG25,0,20,1993,i
8129673,MAHMOUD SHRAIM,JOR,M,,,,1505,AUG25,0,40,2013,
8112258,"Mahmoud, Jaran",JOR,M,,,,1737,AUG25,0,20,1981,i
8129550,Malek Abu-shabayek,JOR,M,,,,1666,AUG25,0,40,2008,i
8127590,Malek Al-jurf,JOR,M,,,,1534,AUG25,0,40,2010,
8121680,Malek Alhaj,JOR,M,,,,1762,AUG25,0,40,2008,i
8124396,Malek Hamdan,JOR,M,,,,1732,AUG25,0,40,2007,i
8112959,"Malek, Alsaudi",JOR,M,,,,1472,AUG25,0,20,2004,i
8101744,"Malik, Swedan",JOR,M,,,,1759,AUG25,0,20,1971,
8100420,"Malkawi, Fadi",JOR,M,FM,FI,,2057,AUG25,0,20,1976,i
8101671,"Mamoon, Hamdan",JOR,M,,,,1923,AUG25,0,20,1964,i
8113629,"Mamoun, Telfah",JOR,M,,,,1838,AUG25,0,20,1994,i
8100144,"Mansour, Sameer",JOR,M,IM,NA,,2071,AUG25,0,20,1964,
8122938,MARAH SALAHAT,JOR,F,,,,1503,AUG25,0,40,2009,w
8123144,Masa Weshah,JOR,F,,,,1429,AUG25,0,40,2015,w
8113246,"Mashoor, Alkloub",JOR,M,,,,1458,AUG25,0,40,2009,i
8123080,Maya Abdelrazeq,JOR,F,,,,1506,AUG25,0,40,2013,w
8114056,Mazen Abu-Mahfouz,JOR,M,,,,1593,AUG25,0,40,2007,i
8131511,"Mazen, Mustafa",JOR,M,,,,1595,AUG25,0,20,2006,i
8109389,"Mazin, Al-Kayyali",JOR,M,,,,1733,AUG25,0,20,1959,
8101868,"Ma`ayeh, Zaid",JOR,M,,,,AIM,AUG25,1945,0,1985,i
8114552,Moatasim Mahmoud,JOR,M,,,,1722,AUG25,0,20,1995,i
8106592,"Moataz, Ghunaim",JOR,M,,,,1808,AUG25,0,20,0,i
8117322,Moawiah Mubarak,JOR,M,,,,1459,AUG25,0,20,1994,
8102368,"Moayed, Obied",JOR,M,CM,,,2146,AUG25,0,20,1992,i
8112134,"Mohamad, Altoosh",JOR,M,,,,1821,AUG25,0,20,1983,i
8124264,Mohammad Abd Alnaser Salameh,JOR,M,,,,1754,AUG25,0,20,2001,i
8114501,Mohammad Abu Khdair,JOR,M,,,,1591,AUG25,0,20,2005,i
8114005,Mohammad Abu Rakhey,JOR,M,,,,1463,AUG25,0,20,2004,i
8132607,Mohammad Al Lahwani,JOR,M,,,,1542,AUG25,0,20,1993,
8127280,MOHAMMAD Al SHAREEF,JOR,M,,,,1578,AUG25,0,40,2007,i
8121788,Mohammad Al-Hawamdah,JOR,M,,,,1575,AUG25,0,40,2009,i
8120773,Mohammad Al-Sarihin,JOR,M,,,,1584,AUG25,0,40,2012,
8108749,Mohammad Alhadidi,JOR,M,,,,1500,AUG25,0,40,2007,i
8123900,Mohammad Alhawamdeh,JOR,M,,,,1520,AUG25,0,20,1998,i
8113351,Mohammad Alhudban,JOR,M,,,,1675,AUG25,0,40,2010,
8112045,Mohammad Ali Alrjoob,JOR,M,,,,1434,AUG25,0,20,2006,i
8102783,Mohammad Allan,JOR,M,,,,AIM,AUG25,1969,0,1994,
8110352,Mohammad Alnasser,JOR,M,,,,1510,AUG25,0,20,1975,i
8123250,Mohammad Alshami,JOR,M,,,,1600,AUG25,0,40,2007,
8115869,Mohammad Amr,JOR,M,,,,1721,AUG25,0,20,2002,
8126755,MOHAMMAD Asem AL-RADAYDEH,JOR,M,,,,1590,AUG25,0,20,1997,i
8123659,Mohammad Buzour,JOR,M,,,,1733,AUG25,0,20,1993,i
8127310,Mohammad Hamdan,JOR,M,,,,1526,AUG25,0,40,2009,
8122504,Mohammad Hdaib,JOR,M,,,,1508,AUG25,0,20,1994,
8119775,MOHAMMAD JUMA,JOR,M,,,,1710,AUG25,0,20,2002,i
8120358,Mohammad Najemeddin,JOR,M,,,,1509,AUG25,0,20,1983,
8124418,Mohammad Saadah,JOR,M,,,,1449,AUG25,0,40,2013,
8111332,Mohammad Salahat,JOR,M,,,,1953,AUG25,0,20,1985,i
8128642,MOHAMMAD YASER ALZUBI,JOR,M,,,,1582,AUG25,0,20,2003,
8129525,Mohammad yasin,JOR,M,,,,1724,AUG25,0,40,2009,
8131406,"Mohammad, Abuzaid",JOR,M,,,,1646,AUG25,0,20,2002,
8133050,"Mohammad, Burjaq",JOR,M,,,,1595,AUG25,0,20,2003,
8133751,"Mohammad, Dahadhah",JOR,M,,,,1543,AUG25,0,20,2006,
8133760,"Mohammad, Dwairi",JOR,M,,,,1402,AUG25,0,20,1983,
8133484,"Mohammad, Mansour",JOR,M,,,,1514,AUG25,0,20,2006,
8109931,"Mohammad, Zubaidi",JOR,M,,,,1710,AUG25,0,20,1988,i
8115079,Mohammed Abu Zahra,JOR,M,,,,1429,AUG25,0,20,1978,
8116296,Mohammed Al-Sayed,JOR,M,,,,1455,AUG25,0,20,1999,i
8123977,MOHAMMED AL-SHUHA,JOR,M,,,,1631,AUG25,0,20,2001,i
8125309,Mohammed Amer Alkhatib,JOR,M,,,,1538,AUG25,0,20,2006,i
8115095,Mohammed Bader Awad,JOR,M,,,,1446,AUG25,0,40,2009,i
8110263,"Mohammed, Al-Diabat Al-Btous",JOR,M,,,,1709,AUG25,0,20,1971,
8114960,Mohd Alsafartee,JOR,M,,,,1718,AUG25,0,20,1995,
8129134,Mohed Sulieman,JOR,M,,,,1514,AUG25,0,20,1976,
8124671,Momen Juma,JOR,M,,,,1663,AUG25,0,20,2000,i
8126682,Motasem Ismail,JOR,M,,,,1671,AUG25,0,20,2001,
8128928,MOTHANA EL-FAQEER,JOR,M,,,,1753,AUG25,0,20,1996,
8128367,Murad Lrosan,JOR,M,,,,1634,AUG25,0,20,2005,i
8100403,"Musmar, Malik",JOR,M,,,,1966,AUG25,0,20,1970,
8120412,NEDAL KANAN,JOR,M,,,,1824,AUG25,0,20,1994,
8118213,Nezar Yousef,JOR,M,,,,1582,AUG25,0,20,1979,i
8115133,Nibras Alhadidi,JOR,M,,,,1758,AUG25,0,20,1984,i
8133093,"Noureddin, Saleh",JOR,M,,,,1623,AUG25,0,20,2003,
8128847,Obada Salman,JOR,M,,,,1593,AUG25,0,20,2003,i
8118841,Ody Allan,JOR,M,,,,1698,AUG25,0,20,1992,i
8101817,"Ohnian, S.F.",JOR,M,,,,1891,AUG25,0,20,1953,i
8125520,Omar Abusamaha,JOR,M,,,,1446,AUG25,0,40,2007,i
8126232,OMAR AHMAD,JOR,M,,,,1627,AUG25,0,20,2004,i
8117861,Omar Aljaafreh,JOR,M,,,,1640,AUG25,0,20,1981,i
8129517,OMAR ALKHALDI,JOR,M,,,,1441,AUG25,0,20,2001,i
8117578,Omar Khuwayrah,JOR,M,,,,1749,AUG25,0,20,1996,i
8109419,"Omar, Al-Saber",JOR,M,,,,1522,AUG25,0,20,2000,i
8112169,"Omar, Daoud",JOR,M,,,,1598,AUG25,0,20,2003,i
8131937,"Omar, Jolaj",JOR,M,,,,1578,AUG25,0,40,2007,
8130531,"Omar, Yousef",JOR,M,,,,1506,AUG25,0,20,2005,i
8118906,Osama Ahmad,JOR,M,,,,1647,AUG25,0,20,2000,
8128383,OSAMA AHMED,JOR,M,,,,1414,AUG25,0,20,1990,i
8121036,Osama Alawneh,JOR,M,,,,1885,AUG25,0,20,1999,
8122920,Osama Alzuobi,JOR,M,,,,1611,AUG25,0,20,2001,
8115052,Osama Awad,JOR,M,,,,1464,AUG25,0,40,2008,i
8119872,Osama Salameh,JOR,M,,,,1702,AUG25,0,20,2005,i
8112975,"Osama, Abuhmeidan",JOR,M,,,,1599,AUG25,0,20,1997,i
8105219,"Osama, Al Najjar",JOR,M,,,,1837,AUG25,0,20,1976,i
8133638,Qais Bayer,JOR,M,,,,1441,AUG25,2,40,2014,
8110840,"Qammar, Al-Khanji",JOR,F,,,,AFM,AUG25,1588,0,2000,wi
8106460,"Qasim, Husein",JOR,M,,,,1785,AUG25,0,20,0,
8106959,Raed Al-muhatseb,JOR,M,,,,1672,AUG25,0,20,1969,i
8126500,Raed Darwish,JOR,M,,,,1550,AUG25,0,20,1997,
8125171,Raid Al-Zraikat,JOR,M,,,,1478,AUG25,0,20,1964,
8111316,"Rajai, Akkawi",JOR,M,,,,1648,AUG25,0,20,1976,i
8114536,Rakan Dasa,JOR,M,,,,AFM,AUG25,2130,0,2009,
8123195,Ramez Al-Zraikat,JOR,M,,,,1638,AUG25,0,40,2011,
8116660,Ramez Alskafy,JOR,M,,,,1805,AUG25,0,20,1999,
8120277,Rami Abdallah,JOR,M,,,,1725,AUG25,0,20,2001,
8122423,RAMZI ALHAWAMDEH,JOR,M,,,,1634,AUG25,0,20,1998,i
8128120,RASHEd ALSHAER,JOR,M,,,,1428,AUG25,0,40,2010,
8112304,Rashed Kraishan,JOR,M,,,,1505,AUG25,0,40,2007,i
8103690,"Raya, Alnaimat",JOR,F,,,,1781,AUG25,0,20,1989,wi
8123098,Rayyan Abdelrazeq,JOR,M,,,,1593,AUG25,0,40,2015,
8113416,Rayyan Kraishan,JOR,M,,,,1425,AUG25,0,40,2010,i
8109427,"Rayyan, Hamad",JOR,M,,,,1617,AUG25,0,40,2008,i
8112703,"Rayyan, Rayyan",JOR,M,,,,1557,AUG25,0,40,2011,i
8102953,"Razan, Alshaeby",JOR,F,WFM,WFM,"LSI,SI,NA",1793,AUG25,0,20,1992,wi
8111820,"Revana, Helal",JOR,F,,,,1420,AUG25,0,40,2009,wi
8114595,Ruba Al-Qudah,JOR,F,,,,1795,AUG25,0,40,2007,wi
8127565,Ryan Abuhamdeh,JOR,M,,,,1513,AUG25,0,40,2010,
8111456,Saad Al- Deen Mohammad,JOR,M,,,,1695,AUG25,0,20,1991,i
8112266,"Saad, Alhafez",JOR,M,,,,AFM,AUG25,1525,0,2008,i
8101205,"Saad, Baha",JOR,M,,,,AFM,AUG25,2075,0,1989,i
8104220,"Saif, Malek",JOR,M,CM,,,2105,AUG25,0,20,2004,
8113300,"Sama, Alrshaidat",JOR,M,,,,1474,AUG25,0,40,2011,i
8110271,"Samer, Hamid",JOR,M,,,,1455,AUG25,0,20,1984,i
8100705,Samhouri Mohammad,JOR,M,FM,,,2012,AUG25,0,20,1989,i
8100640,"Samhouri, A.",JOR,M,FM,,,2221,AUG25,0,20,1984,i
8100942,"Samhouri, Bilal",JOR,M,FM,,,2296,AUG25,0,20,1989,i
8100306,"Samhouri, Khalid",JOR,M,,FI,,2005,AUG25,0,20,1979,i
8121001,Samir Alkayid,JOR,M,,,,1605,AUG25,0,20,1993,i
8120544,Sara Odeh,JOR,F,,,,1472,AUG25,0,40,2013,wi
8125333,"Sayel, Almaaitah",JOR,M,,,,1657,AUG25,0,40,2007,
8125384,Seema Tell,JOR,F,,,,1437,AUG25,0,40,2012,w
8113386,Senan Rayyan,JOR,M,,,,1485,AUG25,0,40,2012,i
8115362,Serina Arafat,JOR,F,,,,1642,AUG25,0,20,2006,w
8124728,Shadi Al-Deir,JOR,M,,,,1709,AUG25,0,20,2000,
8115940,Shahem Ejeilat,JOR,M,,,,1646,AUG25,0,40,2014,
8117004,Sief Alhawari,JOR,M,,,,1576,AUG25,0,20,1995,
8123110,Soufia Alzyod,JOR,F,,,,1428,AUG25,0,40,2014,w
8115877,Suhib Amro,JOR,M,,,,1461,AUG25,0,20,2004,i
8131538,"Suhib, Ghanem",JOR,M,,,,1492,AUG25,0,20,1996,i
8127476,Suleiman Alkarain,JOR,M,,,,1482,AUG25,0,40,2010,i
8103445,Suleiman AlMousa,JOR,M,,,,1924,AUG25,0,20,1995,i
8130566,"Sulieman, Dakhalalah",JOR,M,,,,1450,AUG25,0,40,2013,i
8126470,Sultan Masoud,JOR,M,,,,1597,AUG25,0,40,2007,
8113319,"Sura, Alrshaidat",JOR,M,,,,1515,AUG25,0,40,2009,i
8107068,"Taha, Ahmad",JOR,M,,,,1978,AUG25,0,20,1965,i
8101736,"Taher, Ali",JOR,M,,,,2038,AUG25,0,20,1992,i
8112193,"Tahreer, Alawamleh",JOR,M,,,,1782,AUG25,0,20,1963,i
8110328,Tala Alnasser,JOR,F,,,,1595,AUG25,0,20,2004,wi
8113327,"Taleen, Khouri",JOR,F,,,,1489,AUG25,0,40,2011,wi
8106860,Tameem Al-Btoush,JOR,M,,,,1651,AUG25,0,40,2009,
8110280,"Tamem, Al-Diabat Al-Btous",JOR,M,,,,1539,AUG25,0,40,2009,i
8111553,Tarek Alansari,JOR,M,,,,1537,AUG25,0,20,2004,i
8107556,Tariq Almousa,JOR,M,,,,1633,AUG25,0,20,2001,i
8108005,"Tariq, Al-Mosa",JOR,M,,,,1600,AUG25,0,20,0,i
8106215,"Thaer, Abu Alhaija",JOR,M,,,,AFM,AUG25,1907,0,2004,
8110778,"Thaer, Eid",JOR,M,,,,1673,AUG25,0,20,1988,i
8127115,Tuleen Yousef,JOR,F,,,,1601,AUG25,0,20,2006,w
8125490,Wadea Ahmad,JOR,M,,,,1503,AUG25,0,20,2006,i
8112053,Wadee Habash,JOR,M,,,,1506,AUG25,0,20,2006,i
8111324,"Waled, Sad Aldeen",JOR,M,,,,1467,AUG25,0,20,2006,i
8114471,Walid Alotaibi,JOR,M,,,,1623,AUG25,0,20,1983,i
8120536,Ward Odeh,JOR,M,,,,1476,AUG25,0,40,2012,i
8108323,"Waseem, Al-Abbassi",JOR,M,,,,1772,AUG25,0,20,1987,i
8109230,"Yahia, Alqwasmi",JOR,M,,,,1432,AUG25,0,40,2007,i
8126747,Yaser Saqqa,JOR,M,,,,1696,AUG25,0,20,2003,
8122261,Yasser Hamdan,JOR,M,,,,1623,AUG25,0,20,1980,
8125929,Yazan mahafza,JOR,M,,,,1590,AUG25,0,20,1998,i
8130787,"Yazan, Abu-Ain",JOR,M,,,,1649,AUG25,0,20,2005,i
8109990,"Yazan, Alsoud",JOR,M,,,,1761,AUG25,0,20,1994,
8104050,Yousef Abu-Khalaf,JOR,M,,,,1867,AUG25,0,20,1998,i
8129533,Yousef Abuhejleh,JOR,M,,,,1767,AUG25,0,20,2005,i
8126801,Yousef Aburoos,JOR,M,,,,AFM,AUG25,1644,0,2007,i
8123918,Yousef Jawabreh,JOR,M,,,,1626,AUG25,0,20,1985,
8111545,Yousef Sallam,JOR,M,,,,1506,AUG25,0,40,2007,i
8100551,"Zaben, Majed",JOR,M,,,,1830,AUG25,0,20,1966,i
8127336,zaid salah,JOR,M,,,,1672,AUG25,0,20,2006,
8104255,"Zaid, Abu Maizer",JOR,M,,,,1777,AUG25,0,20,0,i
8114870,"Zaid, Arafat",JOR,M,,,,1420,AUG25,0,40,2012,
8109648,"Zaid, Shannak",JOR,M,,,,1713,AUG25,0,20,1998,i
8128138,ZENAH ALSHAER,JOR,F,,,,1429,AUG25,0,40,2011,w