[
  {
    "ID Number": "10014411"
  },
  {
    "ID Number": "10038078"
  },
  {
    "ID Number": "10037799"
  },
  {
    "ID Number": "10037519"
  },
  {
    "ID Number": "10010084"
  },
  {
    "ID Number": "10060227"
  },
  {
    "ID Number": "10018220"
  },
  {
    "ID Number": "10033793"
  },
  {
    "ID Number": "10015442"
  },
  {
    "ID Number": "10021388"
  },
  {
    "ID Number": "10013920"
  },
  {
    "ID Number": "10013385"
  },
  {
    "ID Number": "10014420"
  },
  {
    "ID Number": "10000453"
  },
  {
    "ID Number": "10012222"
  },
  {
    "ID Number": "10003835"
  },
  {
    "ID Number": "10021841"
  },
  {
    "ID Number": "10025260"
  },
  {
    "ID Number": "10033564"
  },
  {
    "ID Number": "10041303"
  },
  {
    "ID Number": "10033807"
  },
  {
    "ID Number": "10000291"
  },
  {
    "ID Number": "10016767"
  },
  {
    "ID Number": "10029109"
  },
  {
    "ID Number": "10002782"
  },
  {
    "ID Number": "10024778"
  },
  {
    "ID Number": "10000429"
  },
  {
    "ID Number": "10000070"
  },
  {
    "ID Number": "10000461"
  },
  {
    "ID Number": "10014357"
  },
  {
    "ID Number": "10035443"
  },
  {
    "ID Number": "10023925"
  },
  {
    "ID Number": "10035451"
  },
  {
    "ID Number": "10023933"
  },
  {
    "ID Number": "10000917"
  },
  {
    "ID Number": "10025499"
  },
  {
    "ID Number": "10000828"
  },
  {
    "ID Number": "10033815"
  },
  {
    "ID Number": "10029940"
  },
  {
    "ID Number": "10013148"
  },
  {
    "ID Number": "10014594"
  },
  {
    "ID Number": "10031618"
  },
  {
    "ID Number": "10022953"
  },
  {
    "ID Number": "10004424"
  },
  {
    "ID Number": "10006958"
  },
  {
    "ID Number": "10018964"
  },
  {
    "ID Number": "10009191"
  },
  {
    "ID Number": "10000240"
  },
  {
    "ID Number": "10010718"
  },
  {
    "ID Number": "10007709"
  },
  {
    "ID Number": "10005617"
  },
  {
    "ID Number": "10037829"
  },
  {
    "ID Number": "10021850"
  },
  {
    "ID Number": "10001336"
  },
  {
    "ID Number": "10004394"
  },
  {
    "ID Number": "10038590"
  },
  {
    "ID Number": "10001646"
  },
  {
    "ID Number": "10015248"
  },
  {
    "ID Number": "10037845"
  },
  {
    "ID Number": "10020497"
  },
  {
    "ID Number": "10004785"
  },
  {
    "ID Number": "10019464"
  },
  {
    "ID Number": "10000941"
  },
  {
    "ID Number": "10002758"
  },
  {
    "ID Number": "10018921"
  },
  {
    "ID Number": "10018204"
  },
  {
    "ID Number": "10020330"
  },
  {
    "ID Number": "10011234"
  },
  {
    "ID Number": "10016473"
  },
  {
    "ID Number": "10013954"
  },
  {
    "ID Number": "10014632"
  },
  {
    "ID Number": "10051325"
  },
  {
    "ID Number": "10009019"
  },
  {
    "ID Number": "10018174"
  },
  {
    "ID Number": "10000402"
  },
  {
    "ID Number": "10001654"
  },
  {
    "ID Number": "10000518"
  },
  {
    "ID Number": "10018140"
  },
  {
    "ID Number": "10000534"
  },
  {
    "ID Number": "10024590"
  },
  {
    "ID Number": "10000550"
  },
  {
    "ID Number": "10018069"
  },
  {
    "ID Number": "10021876"
  },
  {
    "ID Number": "10018077"
  },
  {
    "ID Number": "10026584"
  },
  {
    "ID Number": "10019294"
  },
  {
    "ID Number": "10008500"
  },
  {
    "ID Number": "10016988"
  },
  {
    "ID Number": "10032061"
  },
  {
    "ID Number": "10005331"
  },
  {
    "ID Number": "10019421"
  },
  {
    "ID Number": "10031928"
  },
  {
    "ID Number": "10021655"
  },
  {
    "ID Number": "10000968"
  },
  {
    "ID Number": "10005528"
  },
  {
    "ID Number": "10005374"
  },
  {
    "ID Number": "10065407"
  },
  {
    "ID Number": "10018050"
  },
  {
    "ID Number": "10032240"
  },
  {
    "ID Number": "10018085"
  },
  {
    "ID Number": "10019308"
  },
  {
    "ID Number": "10022341"
  },
  {
    "ID Number": "10000348"
  },
  {
    "ID Number": "10021892"
  },
  {
    "ID Number": "10000836"
  },
  {
    "ID Number": "10018760"
  },
  {
    "ID Number": "10015353"
  },
  {
    "ID Number": "10001689"
  },
  {
    "ID Number": "10020519"
  },
  {
    "ID Number": "10016848"
  },
  {
    "ID Number": "10007490"
  },
  {
    "ID Number": "10021434"
  },
  {
    "ID Number": "10011226"
  },
  {
    "ID Number": "10013970"
  },
  {
    "ID Number": "10016619"
  },
  {
    "ID Number": "10005390"
  },
  {
    "ID Number": "10003576"
  },
  {
    "ID Number": "10004327"
  },
  {
    "ID Number": "10022368"
  },
  {
    "ID Number": "10001360"
  },
  {
    "ID Number": "10023976"
  },
  {
    "ID Number": "10000593"
  },
  {
    "ID Number": "10015361"
  },
  {
    "ID Number": "10013440"
  },
  {
    "ID Number": "10001727"
  },
  {
    "ID Number": "10004378"
  },
  {
    "ID Number": "10041109"
  },
  {
    "ID Number": "10035486"
  },
  {
    "ID Number": "10017313"
  },
  {
    "ID Number": "10020543"
  },
  {
    "ID Number": "10017542"
  },
  {
    "ID Number": "10013997"
  },
  {
    "ID Number": "10004777"
  },
  {
    "ID Number": "10009892"
  },
  {
    "ID Number": "10011250"
  },
  {
    "ID Number": "10000984"
  },
  {
    "ID Number": "10020560"
  },
  {
    "ID Number": "10017550"
  },
  {
    "ID Number": "10000992"
  },
  {
    "ID Number": "10004254"
  },
  {
    "ID Number": "10051562"
  },
  {
    "ID Number": "10008926"
  },
  {
    "ID Number": "10015094"
  },
  {
    "ID Number": "10012486"
  },
  {
    "ID Number": "10000127"
  },
  {
    "ID Number": "10020586"
  },
  {
    "ID Number": "10005650"
  },
  {
    "ID Number": "10033963"
  },
  {
    "ID Number": "10010092"
  },
  {
    "ID Number": "10019170"
  },
  {
    "ID Number": "10004998"
  },
  {
    "ID Number": "10023500"
  },
  {
    "ID Number": "10000615"
  },
  {
    "ID Number": "10021329"
  },
  {
    "ID Number": "10005404"
  },
  {
    "ID Number": "10018778"
  },
  {
    "ID Number": "10028722"
  },
  {
    "ID Number": "10000623"
  },
  {
    "ID Number": "10009140"
  },
  {
    "ID Number": "10006249"
  },
  {
    "ID Number": "10001778"
  },
  {
    "ID Number": "10000631"
  },
  {
    "ID Number": "10032380"
  },
  {
    "ID Number": "10027556"
  },
  {
    "ID Number": "10010882"
  },
  {
    "ID Number": "10005722"
  },
  {
    "ID Number": "10040293"
  },
  {
    "ID Number": "10006354"
  },
  {
    "ID Number": "10006419"
  },
  {
    "ID Number": "10000186"
  },
  {
    "ID Number": "10001387"
  },
  {
    "ID Number": "10024220"
  },
  {
    "ID Number": "10004165"
  },
  {
    "ID Number": "10020217"
  },
  {
    "ID Number": "10024212"
  },
  {
    "ID Number": "10009639"
  },
  {
    "ID Number": "10000526"
  },
  {
    "ID Number": "10016309"
  },
  {
    "ID Number": "10024891"
  },
  {
    "ID Number": "10032096"
  },
  {
    "ID Number": "10036342"
  },
  {
    "ID Number": "10024913"
  },
  {
    "ID Number": "10012508"
  },
  {
    "ID Number": "10004726"
  },
  {
    "ID Number": "10014195"
  },
  {
    "ID Number": "10037608"
  },
  {
    "ID Number": "10001794"
  },
  {
    "ID Number": "10009205"
  },
  {
    "ID Number": "10010513"
  },
  {
    "ID Number": "10008381"
  },
  {
    "ID Number": "10020632"
  },
  {
    "ID Number": "10002570"
  },
  {
    "ID Number": "10010106"
  },
  {
    "ID Number": "10035818"
  },
  {
    "ID Number": "10011293"
  },
  {
    "ID Number": "10050337"
  },
  {
    "ID Number": "10024433"
  },
  {
    "ID Number": "10000658"
  },
  {
    "ID Number": "10001816"
  },
  {
    "ID Number": "10020659"
  },
  {
    "ID Number": "10005013"
  },
  {
    "ID Number": "10009620"
  },
  {
    "ID Number": "10000666"
  },
  {
    "ID Number": "10005420"
  },
  {
    "ID Number": "10007768"
  },
  {
    "ID Number": "10051589"
  },
  {
    "ID Number": "10012575"
  },
  {
    "ID Number": "10010068"
  },
  {
    "ID Number": "10001417"
  },
  {
    "ID Number": "10005293"
  },
  {
    "ID Number": "10016929"
  },
  {
    "ID Number": "10032983"
  },
  {
    "ID Number": "10004513"
  },
  {
    "ID Number": "10021930"
  },
  {
    "ID Number": "10001832"
  },
  {
    "ID Number": "10016236"
  },
  {
    "ID Number": "10009701"
  },
  {
    "ID Number": "10036385"
  },
  {
    "ID Number": "10020683"
  },
  {
    "ID Number": "10001069"
  },
  {
    "ID Number": "147190835"
  },
  {
    "ID Number": "10008179"
  },
  {
    "ID Number": "10019634"
  },
  {
    "ID Number": "10051406"
  },
  {
    "ID Number": "10050345"
  },
  {
    "ID Number": "10016228"
  },
  {
    "ID Number": "10016210"
  },
  {
    "ID Number": "10022864"
  },
  {
    "ID Number": "10034056"
  },
  {
    "ID Number": "10016201"
  },
  {
    "ID Number": "10005188"
  },
  {
    "ID Number": "10013059"
  },
  {
    "ID Number": "10005030"
  },
  {
    "ID Number": "10003738"
  },
  {
    "ID Number": "10005048"
  },
  {
    "ID Number": "10001093"
  },
  {
    "ID Number": "10010726"
  },
  {
    "ID Number": "10011811"
  },
  {
    "ID Number": "10024018"
  },
  {
    "ID Number": "10021485"
  },
  {
    "ID Number": "10003940"
  },
  {
    "ID Number": "10003851"
  },
  {
    "ID Number": "10010734"
  },
  {
    "ID Number": "10004157"
  },
  {
    "ID Number": "10012761"
  },
  {
    "ID Number": "10013628"
  },
  {
    "ID Number": "10024026"
  },
  {
    "ID Number": "10010955"
  },
  {
    "ID Number": "10006125"
  },
  {
    "ID Number": "10015388"
  },
  {
    "ID Number": "10024492"
  },
  {
    "ID Number": "10027173"
  },
  {
    "ID Number": "10005056"
  },
  {
    "ID Number": "10001115"
  },
  {
    "ID Number": "10022546"
  },
  {
    "ID Number": "10004076"
  },
  {
    "ID Number": "10035559"
  },
  {
    "ID Number": "10018158"
  },
  {
    "ID Number": "10031898"
  },
  {
    "ID Number": "10009973"
  },
  {
    "ID Number": "10014012"
  },
  {
    "ID Number": "10000267"
  },
  {
    "ID Number": "10019359"
  },
  {
    "ID Number": "10020233"
  },
  {
    "ID Number": "10021680"
  },
  {
    "ID Number": "10010963"
  },
  {
    "ID Number": "10024980"
  },
  {
    "ID Number": "10004084"
  },
  {
    "ID Number": "10009752"
  },
  {
    "ID Number": "10005684"
  },
  {
    "ID Number": "10005706"
  },
  {
    "ID Number": "10010696"
  },
  {
    "ID Number": "10018557"
  },
  {
    "ID Number": "10001140"
  },
  {
    "ID Number": "10010998"
  },
  {
    "ID Number": "10003959"
  },
  {
    "ID Number": "10001450"
  },
  {
    "ID Number": "10018549"
  },
  {
    "ID Number": "10034064"
  },
  {
    "ID Number": "10022619"
  },
  {
    "ID Number": "10001158"
  },
  {
    "ID Number": "10000704"
  },
  {
    "ID Number": "10010262"
  },
  {
    "ID Number": "10016155"
  },
  {
    "ID Number": "10013679"
  },
  {
    "ID Number": "10000712"
  },
  {
    "ID Number": "10018026"
  },
  {
    "ID Number": "10011200"
  },
  {
    "ID Number": "10011005"
  },
  {
    "ID Number": "10004572"
  },
  {
    "ID Number": "10033696"
  },
  {
    "ID Number": "10012257"
  },
  {
    "ID Number": "10019111"
  },
  {
    "ID Number": "10024034"
  },
  {
    "ID Number": "10016090"
  },
  {
    "ID Number": "10023852"
  },
  {
    "ID Number": "10014373"
  },
  {
    "ID Number": "10009566"
  },
  {
    "ID Number": "10004556"
  },
  {
    "ID Number": "10013725"
  },
  {
    "ID Number": "10018565"
  },
  {
    "ID Number": "10004386"
  },
  {
    "ID Number": "10033530"
  },
  {
    "ID Number": "10009035"
  },
  {
    "ID Number": "10019120"
  },
  {
    "ID Number": "10001581"
  },
  {
    "ID Number": "10016058"
  },
  {
    "ID Number": "10007644"
  },
  {
    "ID Number": "10000445"
  },
  {
    "ID Number": "10002723"
  },
  {
    "ID Number": "10004602"
  },
  {
    "ID Number": "10017852"
  },
  {
    "ID Number": "10018107"
  },
  {
    "ID Number": "10007920"
  },
  {
    "ID Number": "10004793"
  },
  {
    "ID Number": "10037314"
  },
  {
    "ID Number": "10020837"
  },
  {
    "ID Number": "10041478"
  },
  {
    "ID Number": "10011064"
  },
  {
    "ID Number": "10006583"
  },
  {
    "ID Number": "10005455"
  },
  {
    "ID Number": "10016686"
  },
  {
    "ID Number": "10004645"
  },
  {
    "ID Number": "10000887"
  },
  {
    "ID Number": "10019065"
  },
  {
    "ID Number": "10020870"
  },
  {
    "ID Number": "10009361"
  },
  {
    "ID Number": "10019758"
  },
  {
    "ID Number": "10051449"
  },
  {
    "ID Number": "10008861"
  },
  {
    "ID Number": "10026800"
  },
  {
    "ID Number": "10005200"
  },
  {
    "ID Number": "10045651"
  },
  {
    "ID Number": "10015930"
  },
  {
    "ID Number": "10001174"
  },
  {
    "ID Number": "10005102"
  },
  {
    "ID Number": "10015620"
  },
  {
    "ID Number": "10025103"
  },
  {
    "ID Number": "10055401"
  },
  {
    "ID Number": "10043993"
  },
  {
    "ID Number": "10008950"
  },
  {
    "ID Number": "10014047"
  },
  {
    "ID Number": "10008942"
  },
  {
    "ID Number": "10012915"
  },
  {
    "ID Number": "10000232"
  },
  {
    "ID Number": "10000569"
  },
  {
    "ID Number": "10000097"
  },
  {
    "ID Number": "10020918"
  },
  {
    "ID Number": "10004262"
  },
  {
    "ID Number": "10004491"
  },
  {
    "ID Number": "10015922"
  },
  {
    "ID Number": "10015639"
  },
  {
    "ID Number": "10022090"
  },
  {
    "ID Number": "10008497"
  },
  {
    "ID Number": "10007652"
  },
  {
    "ID Number": "10007660"
  },
  {
    "ID Number": "10031588"
  },
  {
    "ID Number": "10005137"
  },
  {
    "ID Number": "10002553"
  },
  {
    "ID Number": "10005510"
  },
  {
    "ID Number": "10031910"
  },
  {
    "ID Number": "10034080"
  },
  {
    "ID Number": "10031260"
  },
  {
    "ID Number": "10031626"
  },
  {
    "ID Number": "10001492"
  },
  {
    "ID Number": "10001204"
  },
  {
    "ID Number": "10005641"
  },
  {
    "ID Number": "10021515"
  },
  {
    "ID Number": "10000747"
  },
  {
    "ID Number": "10024506"
  },
  {
    "ID Number": "10010351"
  },
  {
    "ID Number": "10007563"
  },
  {
    "ID Number": "10048081"
  },
  {
    "ID Number": "10011161"
  },
  {
    "ID Number": "10011668"
  },
  {
    "ID Number": "10003967"
  },
  {
    "ID Number": "10020292"
  },
  {
    "ID Number": "10006346"
  },
  {
    "ID Number": "10031880"
  },
  {
    "ID Number": "10012940"
  },
  {
    "ID Number": "10001220"
  },
  {
    "ID Number": "10000763"
  },
  {
    "ID Number": "10017054"
  },
  {
    "ID Number": "10020080"
  },
  {
    "ID Number": "10003878"
  },
  {
    "ID Number": "10003843"
  },
  {
    "ID Number": "10006834"
  },
  {
    "ID Number": "10008152"
  },
  {
    "ID Number": "10032622"
  },
  {
    "ID Number": "10019391"
  },
  {
    "ID Number": "10023445"
  },
  {
    "ID Number": "10022732"
  },
  {
    "ID Number": "10021132"
  },
  {
    "ID Number": "10003622"
  },
  {
    "ID Number": "10011382"
  },
  {
    "ID Number": "10005250"
  },
  {
    "ID Number": "10000780"
  },
  {
    "ID Number": "10004742"
  },
  {
    "ID Number": "10040404"
  },
  {
    "ID Number": "10007288"
  },
  {
    "ID Number": "10015868"
  },
  {
    "ID Number": "10039023"
  },
  {
    "ID Number": "10022759"
  },
  {
    "ID Number": "10065423"
  },
  {
    "ID Number": "10022775"
  },
  {
    "ID Number": "10021140"
  },
  {
    "ID Number": "10023860"
  },
  {
    "ID Number": "10018093"
  },
  {
    "ID Number": "10010114"
  },
  {
    "ID Number": "10001263"
  },
  {
    "ID Number": "10014080"
  },
  {
    "ID Number": "10038990"
  },
  {
    "ID Number": "10032410"
  },
  {
    "ID Number": "10021256"
  },
  {
    "ID Number": "10000100"
  },
  {
    "ID Number": "10017070"
  },
  {
    "ID Number": "10017402"
  },
  {
    "ID Number": "10023496"
  },
  {
    "ID Number": "10015809"
  },
  {
    "ID Number": "10039414"
  },
  {
    "ID Number": "10006753"
  },
  {
    "ID Number": "10041281"
  },
  {
    "ID Number": "10012982"
  },
  {
    "ID Number": "10021060"
  },
  {
    "ID Number": "10005501"
  },
  {
    "ID Number": "10021078"
  },
  {
    "ID Number": "10010122"
  },
  {
    "ID Number": "10021086"
  },
  {
    "ID Number": "10011897"
  },
  {
    "ID Number": "10021272"
  },
  {
    "ID Number": "10018662"
  },
  {
    "ID Number": "10005234"
  },
  {
    "ID Number": "10007504"
  },
  {
    "ID Number": "10040153"
  },
  {
    "ID Number": "10008721"
  },
  {
    "ID Number": "10005226"
  },
  {
    "ID Number": "10006850"
  },
  {
    "ID Number": "10001301"
  },
  {
    "ID Number": "10022848"
  },
  {
    "ID Number": "10022040"
  },
  {
    "ID Number": "10010173"
  },
  {
    "ID Number": "10007954"
  },
  {
    "ID Number": "10015450"
  },
  {
    "ID Number": "10015787"
  },
  {
    "ID Number": "10004866"
  },
  {
    "ID Number": "10011196"
  },
  {
    "ID Number": "10015779"
  },
  {
    "ID Number": "10002057"
  },
  {
    "ID Number": "10015760"
  },
  {
    "ID Number": "10032070"
  },
  {
    "ID Number": "10018956"
  },
  {
    "ID Number": "10001271"
  },
  {
    "ID Number": "10031642"
  },
  {
    "ID Number": "10034161"
  },
  {
    "ID Number": "10037675"
  },
  {
    "ID Number": "10035621"
  },
  {
    "ID Number": "10031278"
  },
  {
    "ID Number": "10000801"
  },
  {
    "ID Number": "10000810"
  },
  {
    "ID Number": "10033254"
  },
  {
    "ID Number": "10010629"
  },
  {
    "ID Number": "10024123"
  },
  {
    "ID Number": "10019448"
  },
  {
    "ID Number": "10031251"
  },
  {
    "ID Number": "10003673"
  },
  {
    "ID Number": "10004831"
  },
  {
    "ID Number": "10008683"
  },
  {
    "ID Number": "10015736"
  },
  {
    "ID Number": "10022880"
  },
  {
    "ID Number": "10021540"
  },
  {
    "ID Number": "10000372"
  },
  {
    "ID Number": "10000380"
  },
  {
    "ID Number": "10032797"
  },
  {
    "ID Number": "10021493"
  },
  {
    "ID Number": "10012419"
  },
  {
    "ID Number": "10002634"
  },
  {
    "ID Number": "10037616"
  },
  {
    "ID Number": "10004106"
  },
  {
    "ID Number": "10004823"
  },
  {
    "ID Number": "10020241"
  },
  {
    "ID Number": "10012150"
  },
  {
    "ID Number": "10004653"
  },
  {
    "ID Number": "10011188"
  }
]