ID Number,Name,Fed,Sex,Title,WTit,OTit,FOA,Rating,Gms,K,B-day,Flag
8722072,Akalaluka Mubita,ZAM,M,,,,1876,AUG25,0,40,1998,i
8705275,"Akazembe, Moses",ZAM,M,,,,1845,AUG25,0,20,1974,
8701067,Banda Aaron,ZAM,M,,,,1947,AUG25,13,20,1973,
8731837,Banda Alfred Chabota,ZAM,M,,,,1655,AUG25,0,40,1996,
8722501,Banda Alton,ZAM,M,,,,1943,AUG25,0,20,2002,
8722498,Banda Bertha,ZAM,F,,,,1523,AUG25,4,40,2012,w
8725810,Banda Gift,ZAM,M,,,,1657,AUG25,4,40,2008,
8705755,Banda Maria,ZAM,F,,,,1747,AUG25,0,20,2003,wi
8704520,"Banda, Brian",ZAM,M,,,,1939,AUG25,0,20,1989,i
8705291,"Banda, Ferguson",ZAM,M,,,,1827,AUG25,7,40,0,
415383,"Banda, Graham",ZAM,M,,,,1800,AUG25,0,20,1961,i
8709998,Benaya Lennox,ZAM,M,,,,1804,AUG25,0,40,1994,i
8733708,Biaise Iranzi,ZAM,M,,,,1706,AUG25,0,40,2003,
8731411,Bwalya Diana,ZAM,F,,,,1458,AUG25,0,40,2005,w
8727821,Bwalya Margret,ZAM,F,,,,1791,AUG25,4,40,2010,w
8706964,"Bwalya Mulwale, Lubuuto",ZAM,F,WCM,WCM,,1829,AUG25,0,20,2001,w
8700257,"Bwalya, Gillan",ZAM,M,IM,,,2239,AUG25,0,20,1988,
8722196,Bwanga Emmanuel,ZAM,M,,,,1965,AUG25,0,20,2001,
8712573,Bwembya Mula,ZAM,M,,,,2019,AUG25,0,20,1996,i
8724741,Chabala Lwando,ZAM,M,,,,1860,AUG25,7,40,1985,
8733988,Chanda Gabriel,ZAM,M,,,,1589,AUG25,3,40,2009,
8701610,"Chansa, Jackson",ZAM,M,,,,2060,AUG25,0,20,1983,i
8700737,Charles Mununkila,ZAM,M,,,,1865,AUG25,0,20,1980,i
8702632,"Chasaya, Terence",ZAM,M,,,,1932,AUG25,7,20,1995,
8726965,Chemba Joana,ZAM,F,,SI,,1575,AUG25,0,20,1988,wi
8714576,Chewe Joshua,ZAM,M,,,,1712,AUG25,0,20,2004,
8730474,Chibale Bevery,ZAM,F,,,,1689,AUG25,0,40,2004,w
8711518,Chibale Herris,ZAM,M,,,,1840,AUG25,6,20,1988,
8729093,Chibesa Collins,ZAM,M,,,,1715,AUG25,0,40,2001,i
8712867,Chibiya Benison,ZAM,M,,,,1754,AUG25,0,20,1998,
8714541,Chibuye Christopher,ZAM,M,,,,2018,AUG25,8,20,2001,
8709475,Chibuye James,ZAM,M,,,,2013,AUG25,0,20,1998,
8706565,"Chibwata, Paul",ZAM,M,,,,2075,AUG25,0,20,0,
8704040,"Chikuse, Leslie",ZAM,M,,,,1972,AUG25,14,20,1976,
8707391,Chileya Levy,ZAM,M,,,,1893,AUG25,0,20,1980,i
8712883,Chiluba Innocent,ZAM,M,,,,1918,AUG25,0,20,1994,
8710783,Chilufya Morgan,ZAM,M,,,,1808,AUG25,6,40,1992,
8709149,Chimuka Simayola,ZAM,M,,,,1879,AUG25,0,20,1982,i
8715017,Chipili Donald,ZAM,M,,,,1831,AUG25,0,20,1995,i
8720983,Chishala Joshua,ZAM,M,,,,1978,AUG25,0,40,2004,
8728925,Chisomo Richard,ZAM,M,,,,1916,AUG25,7,40,1980,
8716285,Chisopa Dalitso,ZAM,M,,,,2137,AUG25,7,20,1998,
8711925,Chisulo Allan,ZAM,M,,,,1767,AUG25,7,20,1975,
8733783,Chisulo Kenneth,ZAM,M,,,,1839,AUG25,0,40,2000,
8714630,Chitula Agatha,ZAM,F,,,,1584,AUG25,0,20,1992,w
8708274,Chiumya Brighton,ZAM,M,,,,1994,AUG25,0,20,1984,i
8701113,"Chola, Midosantos",ZAM,M,,,,2019,AUG25,7,20,1982,
8705356,"Chulu, Panku",ZAM,M,,,,1861,AUG25,0,20,1981,
8700435,"Chumfwa, Kelvin",ZAM,M,IM,,,2222,AUG25,0,20,1986,i
8700117,"Chumfwa, Stanley",ZAM,M,IM,,,2277,AUG25,7,20,1976,
8728097,Daka Andrew,ZAM,M,,,,1951,AUG25,7,20,2002,
8705364,"Daka, Justin",ZAM,M,,,,2153,AUG25,0,20,1988,
8726760,David Zulu,ZAM,M,,,,1862,AUG25,14,40,1972,
8722617,Desmond Munyandi,ZAM,M,,,,1842,AUG25,0,40,2001,i
8700729,"Dimba, James",ZAM,M,CM,,,1994,AUG25,0,20,1987,
8710945,Duane Mwiikisa,ZAM,M,,,,1902,AUG25,0,20,1983,i
8709173,Edward Cheembela,ZAM,M,,,,2055,AUG25,0,20,1983,i
8708487,Emmy Romanshi,ZAM,M,,,,1958,AUG25,0,20,1978,i
8708541,Enerst Shamano,ZAM,M,,,,1777,AUG25,0,20,1981,i
8728364,Francis Noah David,ZAM,M,,,,1563,AUG25,0,40,2010,
8707197,Goma Panji,ZAM,M,,,,1970,AUG25,0,20,1989,i
8700060,"Gondwe, Hlanganiso",ZAM,M,,,,1938,AUG25,0,20,1991,
8700630,"Gondwe, Kondwani Maxwell",ZAM,M,CM,,,2095,AUG25,0,20,1989,i
8734127,Hamaimbo M Rolynnie,ZAM,F,,,,1406,AUG25,0,40,2005,w
8723419,Handiya Joseph,ZAM,M,FM,,,2067,AUG25,0,20,2005,
8710961,Hilary Lutangu,ZAM,M,,,,1932,AUG25,0,20,1981,i
8708169,Humphrey Mulenga,ZAM,M,,,,2053,AUG25,0,20,1978,i
8709343,Ilunga John,ZAM,M,,,,1774,AUG25,0,20,1979,i
8734020,Inonge Siluka,ZAM,F,,,,1712,AUG25,0,40,2000,w
8715025,Inyambo Mwambu,ZAM,M,,,,1753,AUG25,0,20,1974,i
8700249,"Jere, Daniel",ZAM,M,IM,,,2397,AUG25,0,10,1986,i
8701644,"Jilowa, Tito",ZAM,M,,,,2038,AUG25,8,20,1987,
8705372,"Jilowa, William",ZAM,M,,,,1988,AUG25,0,40,1982,
8706077,Kabamba Mulwale Bwalya,ZAM,F,,,,1706,AUG25,0,20,1993,w
8708843,Kabaso Bwalya,ZAM,M,,,,2104,AUG25,0,20,1986,
8707650,Kabungo Chiwama,ZAM,M,,,,1856,AUG25,0,20,1989,i
8732132,Kabuswe Pride,ZAM,M,,,,1698,AUG25,10,40,1977,
8707200,Kabwe Timothy,ZAM,M,,,,2114,AUG25,8,20,1983,
8700028,"Kafumbwe, Webster",ZAM,M,CM,,,2047,AUG25,0,20,1955,i
8701660,"Kakoma, Davy",ZAM,M,,,,1876,AUG25,0,20,1977,
8719284,Kakomba Victor,ZAM,M,,,,1911,AUG25,0,40,1983,
8704260,"Kalaba, Mutale",ZAM,M,,,,2005,AUG25,0,20,1981,
8708878,Kalandanya Solomon,ZAM,M,,,,1911,AUG25,0,20,1992,i
8715033,Kalinga Nolias,ZAM,M,,,,1899,AUG25,0,20,1972,i
8715041,Kalosa Joe,ZAM,M,,,,1826,AUG25,0,20,1983,i
8714819,Kaluba Yanick,ZAM,M,,,,1819,AUG25,0,20,1999,i
8704759,"Kameya, Robson",ZAM,M,,,,2051,AUG25,14,20,1978,
8706085,Kandangwe Joster,ZAM,M,,,,1959,AUG25,0,20,1982,i
8704279,"Kangwa, Moses",ZAM,M,,,,1889,AUG25,0,20,1986,i
8711283,Kankomba Victor,ZAM,M,,,,1858,AUG25,0,20,1994,
8707219,Kantalamba Mushota,ZAM,M,,,,2047,AUG25,0,20,1993,i
8707103,Kanyanta Frank,ZAM,M,,,,1788,AUG25,0,20,1976,i
8708495,Kanyoka Kennedy,ZAM,M,,,,2055,AUG25,0,20,1999,i
8701431,"Kaoma, Micheal",ZAM,M,,,,2068,AUG25,0,20,1994,i
8730547,Kaonga Christopher,ZAM,M,,,,1621,AUG25,0,40,1993,
8701679,"Kaonga, Allan",ZAM,M,,,,1980,AUG25,6,20,1990,
8710503,Kapalaya Lubosha,ZAM,M,,,,1846,AUG25,0,40,1978,
8724300,Kasonde Arthur,ZAM,M,,,,1806,AUG25,7,40,1974,
8701695,"Katebe, Linus",ZAM,M,,,,2173,AUG25,0,20,1979,
8700370,"Katowa, Kennedy",ZAM,M,,,,2003,AUG25,13,20,1976,
8701709,"Kaulule Siame, Kela",ZAM,M,CM,,,2044,AUG25,0,20,1987,i
8710589,kawesha Innocentia,ZAM,F,,,,1534,AUG25,0,20,2004,w
8700281,"Kayonde, Andrew",ZAM,M,IM,,,2363,AUG25,0,20,1988,i
8730083,Kazimu Daliso,ZAM,F,,,,1734,AUG25,2,40,2007,w
8708320,Kenneth Tembo,ZAM,M,,,,1871,AUG25,0,20,1984,i
8712085,Kunda Eddie,ZAM,M,,,,1809,AUG25,0,40,1986,i
8730890,Kunda Edwin,ZAM,M,,,,1743,AUG25,7,40,1982,
8705097,"Lemmy, Chishala",ZAM,M,,,,2050,AUG25,0,20,1990,
8710805,Lifelo Ryan,ZAM,M,,,,1807,AUG25,0,20,1986,i
8728887,Longwe Nthanda,ZAM,F,,,,1668,AUG25,0,40,2015,w
8711887,Luambula Humphrey,ZAM,M,,,,1937,AUG25,7,20,1964,
8704287,"Luanja, Geoffrey",ZAM,M,FM,,,2256,AUG25,7,20,1988,
8704031,Lungu Tedius,ZAM,M,,,,1910,AUG25,0,20,1985,i
8700052,"Lungu, Nase",ZAM,M,FM,,,2205,AUG25,7,20,1973,
8701733,"Lungu, Nathan",ZAM,M,,,,2091,AUG25,0,40,0,
8719144,Lwenyeka Bupe,ZAM,M,,,,1607,AUG25,0,40,2009,i
8719152,Lwenyeka Tumelo,ZAM,M,,,,1771,AUG25,0,40,2013,
8702233,"Lwenyeka, Brian",ZAM,M,,,,1952,AUG25,0,20,1982,i
8704295,"Lyapa , Chisha",ZAM,M,,,,1898,AUG25,0,20,1978,i
8720444,Makanga Kusanta,ZAM,M,,,,2147,AUG25,8,20,2001,
8714843,Makoba Joseph,ZAM,M,,,,1924,AUG25,0,20,1990,i
8704635,"Makwaya, Kiddy",ZAM,M,,,,2027,AUG25,7,20,1972,
8714851,Malama Kenneth,ZAM,M,,,,1922,AUG25,0,20,1989,i
8707073,Malambo Engelbert,ZAM,M,,,,1916,AUG25,0,20,1998,i
8734330,Mambwe Boas,ZAM,M,,,,1977,AUG25,7,40,1972,
8704767,"Mangani, Happy J",ZAM,M,,,,1911,AUG25,0,20,1988,i
8731551,Mapalo Banda,ZAM,M,,,,1758,AUG25,0,40,2004,
8711771,Mapulanga Golden,ZAM,M,,,,1690,AUG25,0,20,1980,
8704317,"Mary, Mashane",ZAM,F,,FA,,1539,AUG25,0,20,1994,w
8708789,Masikini Cornelius,ZAM,M,,,,2090,AUG25,8,20,1999,
8728763,Master Himaksh Choudhary,ZAM,M,,,,1445,AUG25,4,40,2015,
8712115,Matanda Jonas,ZAM,M,,,,1556,AUG25,0,40,2000,
8707510,Mate Emmanuel,ZAM,M,,,,1897,AUG25,0,20,1986,i
8709980,Mautho Ndolo,ZAM,M,,,,1953,AUG25,0,20,1974,i
8700419,"Mayani, Bridget",ZAM,F,,,,1615,AUG25,0,20,1994,wi
8700591,"Mbatha, Constance",ZAM,F,WFM,WFM,,1699,AUG25,0,20,1986,w
8715050,Mbola Gift,ZAM,M,,,,1752,AUG25,0,20,1977,i
8711046,Mbulo P. Kasuba,ZAM,M,,,,1938,AUG25,6,20,1994,
8727171,Mikosa Lubinda,ZAM,M,,,,1827,AUG25,7,20,2001,
8708215,Modwell Mukumbi,ZAM,M,,,,1938,AUG25,0,20,1992,i
8712379,Mofya Joseph,ZAM,M,,FI,,1855,AUG25,0,20,1984,i
8726868,Mofya Stephen,ZAM,M,,,,2076,AUG25,0,40,2007,
8703965,"Mpanga, Kasao",ZAM,M,,,,2003,AUG25,0,20,1984,i
8724156,Mpansaile Ben,ZAM,M,,,,1849,AUG25,0,40,1999,
8707251,Mpundu Frank,ZAM,M,,,,2000,AUG25,0,40,1980,i
8714037,Mtonga Augustine,ZAM,M,,,,2184,AUG25,8,20,2001,
8711240,Mubanga Chanda Patrick,ZAM,M,,,,1961,AUG25,0,20,1982,
8708819,Mubanga Prosper,ZAM,M,,,,1867,AUG25,0,20,2000,i
8701768,"Mubanga, Mwandu",ZAM,M,,,,2040,AUG25,0,20,1985,i
8718741,Mubita Joseph,ZAM,M,,,,1704,AUG25,0,40,1999,
8718601,Muchenje Hartley,ZAM,M,,,,1823,AUG25,0,20,1981,i
8704368,"Mukonde, Darius",ZAM,M,,,,1974,AUG25,0,20,1976,i
8702136,"Mukupa, Stephen",ZAM,M,,,,2034,AUG25,0,20,1971,i
8700842,"Mulauzi, Joshua",ZAM,M,,,,1908,AUG25,4,20,1996,
8714908,Mulenga Benjamin,ZAM,M,,NA,,1950,AUG25,7,20,1978,
8718423,Mulenga Bwalya,ZAM,M,,,,1816,AUG25,0,40,1989,
8707383,Mulenga Chileshe Rapheal,ZAM,M,CM,,,1940,AUG25,0,20,1999,i
8715068,Mulenga Micheal,ZAM,M,,,,1793,AUG25,0,20,1972,i
8705160,"Mulenga, Alfred",ZAM,M,,,,1990,AUG25,0,20,1977,i
8701776,"Mulenga, Prince Daniel",ZAM,M,FM,,,2263,AUG25,0,20,1992,
8701784,"Mulenga, Titus",ZAM,M,,,,1987,AUG25,0,20,1979,i
8706921,Mululu Linah,ZAM,F,,,,1749,AUG25,0,20,1982,wi
8722420,Mumba Abiud,ZAM,M,,,,1860,AUG25,0,20,1988,i
8716447,Mumba Samuel,ZAM,M,,,,2079,AUG25,0,20,2003,i
8728127,Mumbi Lombe,ZAM,M,,,,1803,AUG25,0,40,2004,
8710384,Mundanya Matanda,ZAM,M,,,,1831,AUG25,0,40,2000,
8700680,"Munenga, Douglas D",ZAM,M,FM,,,2316,AUG25,7,20,1993,
8716161,Mupeta Blessed,ZAM,M,,,,1879,AUG25,0,20,1998,
8706166,Mupota Robert Chilufya,ZAM,M,,,,1932,AUG25,6,20,1991,
8710619,Musabandesu Justin,ZAM,M,,,,1869,AUG25,0,20,1985,i
8704384,"Musende, Gershom",ZAM,M,,,,1971,AUG25,0,20,1976,
8713103,Musenge Ngandu,ZAM,M,,,,1795,AUG25,0,40,1999,
8730431,Mushiba Ndalamei,ZAM,M,,,,1838,AUG25,0,40,2002,
8706050,Musonda Chola,ZAM,M,FM,,,2081,AUG25,0,20,2000,
8728135,Musonda Godjones,ZAM,M,,,,1846,AUG25,0,40,2001,i
8705917,Musonda Joshua,ZAM,M,,,,1709,AUG25,0,20,2002,i
8724270,Musonda Steven,ZAM,M,,,,1785,AUG25,0,40,2002,i
8706247,"Musonda, Elias",ZAM,M,,,,1971,AUG25,0,20,1998,i
8729964,Mutale Mumba Janelle,ZAM,F,,,,1462,AUG25,1,40,2016,w
8700524,"Mutale, Michael M",ZAM,M,,,,1963,AUG25,0,20,1985,i
8702462,"Mutambo, Webster",ZAM,M,,,,1995,AUG25,8,20,1989,
8724512,Mutonga Wamulume,ZAM,M,,,,1764,AUG25,0,40,1989,i
8704120,"Mututubanya, Portiah",ZAM,F,,NA,,1749,AUG25,0,20,1994,w
8705194,"Muyenga, Bright",ZAM,M,,,,1996,AUG25,0,20,1982,i
8703299,"Mwale, Naomi",ZAM,F,,,,1774,AUG25,0,20,2005,w
8703302,"Mwale, Samuel",ZAM,M,,,,1905,AUG25,0,20,2002,
8700265,"Mwali, Chitumbo",ZAM,M,IM,,,2219,AUG25,8,20,1986,
8712751,Mwalusi Pexos,ZAM,M,,,,1890,AUG25,0,40,1999,
8728518,Mwamba Geofrey,ZAM,M,,,,1625,AUG25,0,40,1995,
8700478,"Mwango , Lorita",ZAM,F,WFM,WFM,,1924,AUG25,0,20,1994,wi
8711496,Mwangwewo Victor,ZAM,M,,,,1805,AUG25,0,20,1964,i
8713154,Mwansa Malama,ZAM,M,,,,1932,AUG25,0,20,1983,
8728666,Mwansa Natasha,ZAM,F,,,,1569,AUG25,0,40,2003,w
8701873,"Mwansa, Mambwe",ZAM,M,,,,1973,AUG25,0,20,1978,
8705208,"Mwansa, Webster",ZAM,M,,,,1989,AUG25,0,40,0,i
8734348,mwanza charles,ZAM,M,,,,1688,AUG25,7,40,1979,
8710821,Mwanza Daniel,ZAM,M,,,,1883,AUG25,0,20,1980,i
8708932,Mwanza Mabvuto,ZAM,M,,,,1754,AUG25,4,40,1984,
8708894,Mwanza William,ZAM,M,,,,1758,AUG25,0,20,1996,i
8708886,Mwape Dennis,ZAM,M,,,,2079,AUG25,0,20,1987,
8714720,Mwape Jerry,ZAM,M,,,,1723,AUG25,0,40,1964,
8713162,Mwape Mwewa,ZAM,M,,,,1996,AUG25,0,20,2001,
8705453,"Mwape, William",ZAM,M,,,,2057,AUG25,4,20,1992,
8723060,Mweetwa Victoria,ZAM,F,,,,1637,AUG25,0,40,2010,w
8708762,Mwenya Arthur,ZAM,M,,,,1861,AUG25,7,20,1984,
8711917,Mwila Kauseni,ZAM,M,,,,1952,AUG25,8,20,1986,
8728836,Namiluko Phati,ZAM,M,,,,1669,AUG25,3,40,2012,
8726213,Namwai Alinuswe V,ZAM,F,,,,1518,AUG25,2,40,2010,w
8700109,"Ndhlovu, Lahende",ZAM,M,,,,2169,AUG25,0,20,1969,i
8711135,Ngambi Victor,ZAM,M,,NA,,1883,AUG25,14,20,1976,
8731390,Ngandu Norie Lucy,ZAM,F,,,,1524,AUG25,0,40,1998,w
8713197,Ngobola Frank,ZAM,M,,,,1930,AUG25,0,20,1989,i
8707138,Ngoma Sobuza,ZAM,M,,,,1898,AUG25,0,20,1984,i
8708266,Ngomi Henry Chambula,ZAM,M,,,,1898,AUG25,0,20,1986,i
8701890,Ngonga Bornface,ZAM,M,,,,2097,AUG25,0,20,1987,i
8707278,Ngulube Stanley,ZAM,M,,,,1899,AUG25,0,20,1964,i
8704422,"Ngwale, Philimino",ZAM,M,,,,1816,AUG25,0,20,1961,i
8707260,Njovu Kondwelani,ZAM,M,,,,1857,AUG25,13,20,1976,
8722803,Nkhata Henry,ZAM,M,,,,1963,AUG25,0,40,1989,i
8733694,Nkhoma Izrael,ZAM,M,,,,1725,AUG25,0,40,2002,
8707286,Nkhupi Robert,ZAM,M,,,,1772,AUG25,6,20,1975,
8718610,Nkwanda Jonathan,ZAM,M,,,,1941,AUG25,0,40,1988,
8714525,Nosiku Muyunda,ZAM,M,,,,1830,AUG25,0,20,1978,i
8700532,"Nsakanya, Chanda",ZAM,M,,LSI,,2072,AUG25,0,20,1974,i
8707367,Nshikokola Precious,ZAM,F,,,,1524,AUG25,0,20,1989,wi
8703450,"Nshikokola, Mutailenu",ZAM,M,FM,,,1845,AUG25,0,20,2001,i
8700567,"Nyimbili, Dalington",ZAM,M,CM,,,2062,AUG25,0,20,1996,i
8704139,"Nyirenda, Alick",ZAM,M,,,,2016,AUG25,7,20,1992,
8707545,Omaling Oogu,ZAM,M,,,,1885,AUG25,8,20,1995,
8728143,Omar Rafik,ZAM,M,,,,1655,AUG25,0,40,2000,i
8703523,"Palatema, Yvonne",ZAM,F,,,,1634,AUG25,0,40,1993,w
8703531,"Patrick, Linda",ZAM,M,,,,1893,AUG25,0,20,2001,
8731144,Phiri Christopher,ZAM,M,,,,1463,AUG25,2,40,2011,
8733732,Phiri Chrles,ZAM,M,,,,1869,AUG25,0,40,2002,
8711739,Phiri Davies,ZAM,M,,,,1986,AUG25,0,20,1993,
8728534,Phiri George,ZAM,M,,,,1785,AUG25,0,20,2002,
8710724,Phiri Joe,ZAM,M,,,,1636,AUG25,3,20,2006,
8704147,"Phiri, Godwin",ZAM,M,CM,,,2146,AUG25,0,20,1992,
8700222,"Phiri, Joseph",ZAM,M,,,,1972,AUG25,0,20,1982,i
8703620,"Phiri, Mwewa",ZAM,M,,,,1624,AUG25,0,40,1992,i
8700192,"Phiri, Payani",ZAM,M,,,,1871,AUG25,8,20,1965,
8700443,"Phiri, Richmond",ZAM,M,IM,,,2257,AUG25,8,20,1988,
8728470,Priyanshu Dinodia,ZAM,M,,,,1562,AUG25,2,40,2014,
8728542,Rafik Omer,ZAM,M,,,,1805,AUG25,0,40,2001,
8722978,Sakala Owen,ZAM,M,,,,1789,AUG25,0,40,1972,
8707677,Sakala Ronald,ZAM,M,,,,1998,AUG25,7,20,1978,
8701946,"Sakala, Andrew",ZAM,M,,,,AIM,AUG25,1944,0,1980,i
8710074,Samuel Mulenga,ZAM,M,,,,1988,AUG25,0,20,1996,
8713782,Sauti Harry,ZAM,M,,,,1742,AUG25,0,20,1960,
8719179,Sauti Joshua Lisuku,ZAM,M,,,,1815,AUG25,3,40,2011,
8719187,Sauti Luyepo,ZAM,M,,,,1690,AUG25,2,20,2006,
8719195,Sauti Nilla,ZAM,F,,,,1533,AUG25,0,20,2003,w
8731861,Shalubala Elisha,ZAM,M,,,,1656,AUG25,0,40,1998,
8713634,Shamilimo Musongo,ZAM,M,,,,1850,AUG25,0,40,1992,
8706336,"Shandele, Ginnethon",ZAM,M,,,,1875,AUG25,0,20,1987,i
8707162,Shane Kennedy,ZAM,M,CM,,,1942,AUG25,4,40,2008,
8713774,Shankalala Webby,ZAM,M,,,,1717,AUG25,0,40,1989,
74601580,"Sharon, Rafael",ZAM,M,,,,2056,AUG25,0,40,2008,
8728291,Shaurya Danave,ZAM,M,,,,1607,AUG25,4,40,2014,
8702241,"Shula, Derrick",ZAM,M,,,,1903,AUG25,6,20,1977,
8731764,Siamalido Alex,ZAM,M,,,,1463,AUG25,4,40,2011,
8703744,"Siamayuwa, Eric",ZAM,M,,,,1920,AUG25,0,20,1993,i
8730610,Sianyinda Lubomba,ZAM,M,,,,1497,AUG25,2,40,2015,
8728844,Sianyinda lubona twalumba,ZAM,M,,,,ACM,AUG25,1859,4,2012,
8715076,Sichilima Pax,ZAM,M,,,,1978,AUG25,0,20,1988,i
8730270,Sichivula Taizya Noel,ZAM,M,,,,1655,AUG25,0,40,2003,
8703779,"Sichone, Alinaswe",ZAM,M,,,,1924,AUG25,0,20,1996,
8702268,"Sichone, Paul",ZAM,M,,,,1878,AUG25,0,20,1986,
8709106,Sikazwe Nonde,ZAM,M,,,,1704,AUG25,0,40,1991,i
8710740,Sikota Morris,ZAM,M,,,,1725,AUG25,12,40,1974,
8704775,"Silavwe, Danny",ZAM,M,,,,1821,AUG25,0,20,1975,i
8701989,"Simasiku, Tabala",ZAM,M,,,,1959,AUG25,0,20,1974,i
8701997,"Simbeye, Kachinga",ZAM,M,,,,1878,AUG25,0,20,1987,i
8707960,"Simenda, Daisy",ZAM,F,WCM,WCM,,1701,AUG25,0,20,1998,wi
8729921,Simpende Darrius,ZAM,M,,,,1760,AUG25,0,40,1998,
8710627,Simulilika Vasco,ZAM,M,,,,1808,AUG25,0,40,1996,
8700540,"Simulundu, Judah",ZAM,M,,,,2159,AUG25,0,20,1985,i
8700389,"Simutowe, Musatwe",ZAM,M,CM,,,2086,AUG25,0,20,1979,
8711291,Simwinga Chishinga,ZAM,M,,,,1872,AUG25,0,20,1991,i
8715084,Sinkala Reuben,ZAM,M,,,,1880,AUG25,0,20,1987,i
8723320,Sinkala Truth,ZAM,M,,,,1779,AUG25,5,40,1999,
8705496,"Sinyangwe, Mischeck",ZAM,M,,,,1930,AUG25,0,20,1985,
8713332,Sitali Vivian,ZAM,F,,,,1708,AUG25,0,20,1991,wi
8711380,Situmbaeto Pumulo,ZAM,M,,,,1882,AUG25,6,20,1984,
8729808,Sitwala immanuel,ZAM,M,,,,1639,AUG25,4,40,2000,
8704473,"Siuluta , Arnold",ZAM,M,,,,1983,AUG25,0,20,0,i
8727007,Siyambango Mukelebai,ZAM,M,,,,1820,AUG25,0,40,1993,
8727180,Sosala Pius,ZAM,M,,,,1663,AUG25,0,40,1998,
8718458,Swatu Fandisha,ZAM,M,,,,1981,AUG25,0,20,1977,
8704490,"Swatu, Tebby",ZAM,M,,,,2101,AUG25,7,20,0,
8700125,"Tembo, Epah",ZAM,F,WIM,WIM,,1896,AUG25,0,20,1993,wi
8702004,"Tembo, Osward",ZAM,M,,,,1943,AUG25,7,20,1977,
8723133,Tuombe Maximillian,ZAM,M,,,,1947,AUG25,0,20,2000,i
8729930,Vankhedekar Nikhil Nitya,ZAM,F,,,,1528,AUG25,3,40,2015,w
8709939,Yorum Daka,ZAM,M,,,,1819,AUG25,0,20,1997,i
8714118,Zimba Andrew,ZAM,M,,,,1832,AUG25,0,40,1980,
8734011,Zipu Zhao,ZAM,M,,,,1417,AUG25,0,40,2008,
8710546,Zulu Asiya,ZAM,F,,,,1495,AUG25,0,20,1994,w
8728879,Zulu Taonga,ZAM,M,,,,AFM,AUG25,1489,0,2013,
8706387,"Zulu, Moses",ZAM,M,,,,1834,AUG25,0,20,1983,
8702047,"Zulu, Thomas",ZAM,M,,,,2112,AUG25,0,20,1988,i