[
  {
    "ID Number": "10102680"
  },
  {
    "ID Number": "10115773"
  },
  {
    "ID Number": "10100474"
  },
  {
    "ID Number": "10101837"
  },
  {
    "ID Number": "10100237"
  },
  {
    "ID Number": "10100180"
  },
  {
    "ID Number": "10101233"
  },
  {
    "ID Number": "10103767"
  },
  {
    "ID Number": "10100571"
  },
  {
    "ID Number": "10100911"
  },
  {
    "ID Number": "10105786"
  },
  {
    "ID Number": "10100148"
  },
  {
    "ID Number": "10106537"
  },
  {
    "ID Number": "10111352"
  },
  {
    "ID Number": "10105433"
  },
  {
    "ID Number": "10111786"
  },
  {
    "ID Number": "10118152"
  },
  {
    "ID Number": "10107967"
  },
  {
    "ID Number": "10108394"
  },
  {
    "ID Number": "10113363"
  },
  {
    "ID Number": "10104534"
  },
  {
    "ID Number": "10101209"
  },
  {
    "ID Number": "10106790"
  },
  {
    "ID Number": "10107630"
  },
  {
    "ID Number": "10111360"
  },
  {
    "ID Number": "10105484"
  },
  {
    "ID Number": "10115056"
  },
  {
    "ID Number": "10107860"
  },
  {
    "ID Number": "10107878"
  },
  {
    "ID Number": "10106545"
  },
  {
    "ID Number": "10102817"
  },
  {
    "ID Number": "10116338"
  },
  {
    "ID Number": "10102701"
  },
  {
    "ID Number": "10106138"
  },
  {
    "ID Number": "10117440"
  },
  {
    "ID Number": "10110216"
  },
  {
    "ID Number": "10100610"
  },
  {
    "ID Number": "10110453"
  },
  {
    "ID Number": "10101888"
  },
  {
    "ID Number": "10120416"
  },
  {
    "ID Number": "10107002"
  },
  {
    "ID Number": "10106227"
  },
  {
    "ID Number": "10111018"
  },
  {
    "ID Number": "10107029"
  },
  {
    "ID Number": "10117466"
  },
  {
    "ID Number": "10101268"
  },
  {
    "ID Number": "10101276"
  },
  {
    "ID Number": "10100830"
  },
  {
    "ID Number": "10104542"
  },
  {
    "ID Number": "10119620"
  },
  {
    "ID Number": "10113401"
  },
  {
    "ID Number": "10119507"
  },
  {
    "ID Number": "10100563"
  },
  {
    "ID Number": "10108513"
  },
  {
    "ID Number": "10100377"
  },
  {
    "ID Number": "10100407"
  },
  {
    "ID Number": "10105794"
  },
  {
    "ID Number": "10116176"
  },
  {
    "ID Number": "10100156"
  },
  {
    "ID Number": "10106847"
  },
  {
    "ID Number": "10106529"
  },
  {
    "ID Number": "10107703"
  },
  {
    "ID Number": "10100628"
  },
  {
    "ID Number": "10119515"
  },
  {
    "ID Number": "10111417"
  },
  {
    "ID Number": "10105620"
  },
  {
    "ID Number": "10108483"
  },
  {
    "ID Number": "10100903"
  },
  {
    "ID Number": "10106871"
  },
  {
    "ID Number": "10119205"
  },
  {
    "ID Number": "10108700"
  },
  {
    "ID Number": "10110488"
  },
  {
    "ID Number": "10110852"
  },
  {
    "ID Number": "10104224"
  },
  {
    "ID Number": "10119698"
  },
  {
    "ID Number": "10105727"
  },
  {
    "ID Number": "10111689"
  },
  {
    "ID Number": "10100342"
  },
  {
    "ID Number": "10102094"
  },
  {
    "ID Number": "10100954"
  },
  {
    "ID Number": "10113908"
  },
  {
    "ID Number": "10111816"
  },
  {
    "ID Number": "10105883"
  },
  {
    "ID Number": "10115064"
  },
  {
    "ID Number": "10115226"
  },
  {
    "ID Number": "10116346"
  },
  {
    "ID Number": "10109463"
  },
  {
    "ID Number": "10109064"
  },
  {
    "ID Number": "10109226"
  },
  {
    "ID Number": "10119639"
  },
  {
    "ID Number": "10102647"
  },
  {
    "ID Number": "10104267"
  },
  {
    "ID Number": "10113916"
  },
  {
    "ID Number": "10109846"
  },
  {
    "ID Number": "10103830"
  },
  {
    "ID Number": "10110224"
  },
  {
    "ID Number": "10105441"
  },
  {
    "ID Number": "10114122"
  },
  {
    "ID Number": "10103147"
  },
  {
    "ID Number": "10108050"
  },
  {
    "ID Number": "10104127"
  },
  {
    "ID Number": "10113606"
  },
  {
    "ID Number": "10100636"
  },
  {
    "ID Number": "10106553"
  },
  {
    "ID Number": "10110879"
  },
  {
    "ID Number": "10102655"
  },
  {
    "ID Number": "10102124"
  },
  {
    "ID Number": "10102132"
  },
  {
    "ID Number": "10100253"
  },
  {
    "ID Number": "10104429"
  },
  {
    "ID Number": "10103163"
  },
  {
    "ID Number": "10100768"
  },
  {
    "ID Number": "10102728"
  },
  {
    "ID Number": "10107061"
  },
  {
    "ID Number": "10106561"
  },
  {
    "ID Number": "10100644"
  },
  {
    "ID Number": "10111433"
  },
  {
    "ID Number": "10108114"
  },
  {
    "ID Number": "10106570"
  },
  {
    "ID Number": "10108718"
  },
  {
    "ID Number": "10113428"
  },
  {
    "ID Number": "10101454"
  },
  {
    "ID Number": "10115676"
  },
  {
    "ID Number": "10115358"
  },
  {
    "ID Number": "10116524"
  },
  {
    "ID Number": "10100652"
  },
  {
    "ID Number": "10107754"
  },
  {
    "ID Number": "10103759"
  },
  {
    "ID Number": "10100350"
  },
  {
    "ID Number": "10105123"
  },
  {
    "ID Number": "10100660"
  },
  {
    "ID Number": "10115579"
  },
  {
    "ID Number": "10113665"
  },
  {
    "ID Number": "10122095"
  },
  {
    "ID Number": "10105468"
  },
  {
    "ID Number": "10106910"
  },
  {
    "ID Number": "10101128"
  },
  {
    "ID Number": "10110208"
  },
  {
    "ID Number": "10115366"
  },
  {
    "ID Number": "10105263"
  },
  {
    "ID Number": "10108491"
  },
  {
    "ID Number": "10105921"
  },
  {
    "ID Number": "10101071"
  },
  {
    "ID Number": "10101179"
  },
  {
    "ID Number": "10108475"
  },
  {
    "ID Number": "10114629"
  },
  {
    "ID Number": "10100210"
  },
  {
    "ID Number": "10101497"
  },
  {
    "ID Number": "10108327"
  },
  {
    "ID Number": "10100776"
  },
  {
    "ID Number": "10101284"
  },
  {
    "ID Number": "10104771"
  },
  {
    "ID Number": "10115684"
  },
  {
    "ID Number": "10119248"
  },
  {
    "ID Number": "10117610"
  },
  {
    "ID Number": "10116222"
  },
  {
    "ID Number": "10106782"
  },
  {
    "ID Number": "10117474"
  },
  {
    "ID Number": "10107371"
  },
  {
    "ID Number": "10117024"
  },
  {
    "ID Number": "10105328"
  },
  {
    "ID Number": "10114637"
  },
  {
    "ID Number": "10113690"
  },
  {
    "ID Number": "10115269"
  },
  {
    "ID Number": "10105824"
  },
  {
    "ID Number": "10102981"
  },
  {
    "ID Number": "10106774"
  },
  {
    "ID Number": "10101527"
  },
  {
    "ID Number": "10100539"
  },
  {
    "ID Number": "10100920"
  },
  {
    "ID Number": "10100580"
  },
  {
    "ID Number": "10102396"
  },
  {
    "ID Number": "10119647"
  },
  {
    "ID Number": "10100547"
  },
  {
    "ID Number": "10104992"
  },
  {
    "ID Number": "10106766"
  },
  {
    "ID Number": "10113649"
  },
  {
    "ID Number": "10105964"
  },
  {
    "ID Number": "10106278"
  },
  {
    "ID Number": "10103627"
  },
  {
    "ID Number": "10113959"
  },
  {
    "ID Number": "10114661"
  },
  {
    "ID Number": "10122117"
  },
  {
    "ID Number": "10111484"
  },
  {
    "ID Number": "10119655"
  },
  {
    "ID Number": "10100440"
  },
  {
    "ID Number": "10112570"
  },
  {
    "ID Number": "10105972"
  },
  {
    "ID Number": "10105980"
  },
  {
    "ID Number": "10104380"
  },
  {
    "ID Number": "10107614"
  },
  {
    "ID Number": "10103414"
  },
  {
    "ID Number": "10105190"
  },
  {
    "ID Number": "10103643"
  },
  {
    "ID Number": "10110160"
  },
  {
    "ID Number": "10113975"
  },
  {
    "ID Number": "10114670"
  },
  {
    "ID Number": "10104712"
  },
  {
    "ID Number": "10102205"
  },
  {
    "ID Number": "10116958"
  },
  {
    "ID Number": "10106588"
  },
  {
    "ID Number": "10109218"
  },
  {
    "ID Number": "10109714"
  },
  {
    "ID Number": "10106006"
  },
  {
    "ID Number": "10119213"
  },
  {
    "ID Number": "10111514"
  },
  {
    "ID Number": "10106863"
  },
  {
    "ID Number": "10110887"
  },
  {
    "ID Number": "10102752"
  },
  {
    "ID Number": "10116281"
  },
  {
    "ID Number": "10106731"
  },
  {
    "ID Number": "10103651"
  },
  {
    "ID Number": "10111085"
  },
  {
    "ID Number": "10110615"
  },
  {
    "ID Number": "10108599"
  },
  {
    "ID Number": "10110992"
  },
  {
    "ID Number": "10101039"
  },
  {
    "ID Number": "10101292"
  },
  {
    "ID Number": "10106596"
  },
  {
    "ID Number": "10105158"
  },
  {
    "ID Number": "10105654"
  },
  {
    "ID Number": "10116966"
  },
  {
    "ID Number": "10112278"
  },
  {
    "ID Number": "10110780"
  },
  {
    "ID Number": "10102477"
  },
  {
    "ID Number": "10111727"
  },
  {
    "ID Number": "10110330"
  },
  {
    "ID Number": "10119523"
  },
  {
    "ID Number": "10110623"
  },
  {
    "ID Number": "10106715"
  },
  {
    "ID Number": "10100792"
  },
  {
    "ID Number": "10103244"
  },
  {
    "ID Number": "10107541"
  },
  {
    "ID Number": "10111212"
  },
  {
    "ID Number": "10110895"
  },
  {
    "ID Number": "10117482"
  },
  {
    "ID Number": "10113991"
  },
  {
    "ID Number": "10108378"
  },
  {
    "ID Number": "10106740"
  },
  {
    "ID Number": "10110267"
  },
  {
    "ID Number": "10108629"
  },
  {
    "ID Number": "10114696"
  },
  {
    "ID Number": "10107916"
  },
  {
    "ID Number": "10103252"
  },
  {
    "ID Number": "10112685"
  },
  {
    "ID Number": "10117490"
  },
  {
    "ID Number": "10116290"
  },
  {
    "ID Number": "10103678"
  },
  {
    "ID Number": "10110399"
  },
  {
    "ID Number": "10117504"
  },
  {
    "ID Number": "10119663"
  },
  {
    "ID Number": "10101675"
  },
  {
    "ID Number": "10111565"
  },
  {
    "ID Number": "10100431"
  },
  {
    "ID Number": "10104984"
  },
  {
    "ID Number": "10112294"
  },
  {
    "ID Number": "10121790"
  },
  {
    "ID Number": "10105450"
  },
  {
    "ID Number": "10106600"
  },
  {
    "ID Number": "10115641"
  },
  {
    "ID Number": "10104194"
  },
  {
    "ID Number": "10106090"
  },
  {
    "ID Number": "10106952"
  },
  {
    "ID Number": "10100326"
  },
  {
    "ID Number": "10104186"
  },
  {
    "ID Number": "10119221"
  },
  {
    "ID Number": "10110631"
  },
  {
    "ID Number": "10103457"
  },
  {
    "ID Number": "10111581"
  },
  {
    "ID Number": "10110836"
  },
  {
    "ID Number": "10115650"
  },
  {
    "ID Number": "10104720"
  },
  {
    "ID Number": "10111590"
  },
  {
    "ID Number": "10105042"
  },
  {
    "ID Number": "10106693"
  },
  {
    "ID Number": "10116982"
  },
  {
    "ID Number": "10100989"
  },
  {
    "ID Number": "10100822"
  },
  {
    "ID Number": "10110925"
  },
  {
    "ID Number": "10117652"
  },
  {
    "ID Number": "10101020"
  },
  {
    "ID Number": "10101012"
  },
  {
    "ID Number": "10102795"
  },
  {
    "ID Number": "10114718"
  },
  {
    "ID Number": "10107592"
  },
  {
    "ID Number": "10110640"
  },
  {
    "ID Number": "10111700"
  },
  {
    "ID Number": "10110402"
  },
  {
    "ID Number": "10119671"
  },
  {
    "ID Number": "10100105"
  },
  {
    "ID Number": "10110089"
  },
  {
    "ID Number": "10111204"
  },
  {
    "ID Number": "10100423"
  },
  {
    "ID Number": "10100555"
  },
  {
    "ID Number": "10100466"
  },
  {
    "ID Number": "10106391"
  },
  {
    "ID Number": "10106618"
  },
  {
    "ID Number": "10109820"
  },
  {
    "ID Number": "10116400"
  },
  {
    "ID Number": "10115943"
  },
  {
    "ID Number": "10100962"
  },
  {
    "ID Number": "10100946"
  },
  {
    "ID Number": "10106626"
  },
  {
    "ID Number": "10100482"
  },
  {
    "ID Number": "10115102"
  },
  {
    "ID Number": "10113630"
  },
  {
    "ID Number": "10100717"
  },
  {
    "ID Number": "10108270"
  },
  {
    "ID Number": "10101764"
  },
  {
    "ID Number": "10101314"
  },
  {
    "ID Number": "10100750"
  },
  {
    "ID Number": "10121064"
  },
  {
    "ID Number": "10103325"
  },
  {
    "ID Number": "10100520"
  },
  {
    "ID Number": "10109510"
  },
  {
    "ID Number": "10120467"
  },
  {
    "ID Number": "10100091"
  },
  {
    "ID Number": "10102671"
  },
  {
    "ID Number": "10111140"
  },
  {
    "ID Number": "10100075"
  },
  {
    "ID Number": "10106316"
  },
  {
    "ID Number": "10116508"
  },
  {
    "ID Number": "10110933"
  },
  {
    "ID Number": "10119582"
  },
  {
    "ID Number": "10116974"
  },
  {
    "ID Number": "10108670"
  },
  {
    "ID Number": "10105778"
  },
  {
    "ID Number": "10114777"
  },
  {
    "ID Number": "10105697"
  },
  {
    "ID Number": "10105760"
  }
]