[
  {
    "ID Number": "7400128"
  },
  {
    "ID Number": "7403798"
  },
  {
    "ID Number": "7405707"
  },
  {
    "ID Number": "7414145"
  },
  {
    "ID Number": "7400756"
  },
  {
    "ID Number": "7401434"
  },
  {
    "ID Number": "7413904"
  },
  {
    "ID Number": "7401183"
  },
  {
    "ID Number": "7402732"
  },
  {
    "ID Number": "7408528"
  },
  {
    "ID Number": "7400411"
  },
  {
    "ID Number": "7402120"
  },
  {
    "ID Number": "7412240"
  },
  {
    "ID Number": "7405693"
  },
  {
    "ID Number": "7404484"
  },
  {
    "ID Number": "7401191"
  },
  {
    "ID Number": "7402678"
  },
  {
    "ID Number": "7401310"
  },
  {
    "ID Number": "7402830"
  },
  {
    "ID Number": "7400071"
  },
  {
    "ID Number": "7405650"
  },
  {
    "ID Number": "7402228"
  },
  {
    "ID Number": "7401213"
  },
  {
    "ID Number": "7408250"
  },
  {
    "ID Number": "7402546"
  },
  {
    "ID Number": "7405219"
  },
  {
    "ID Number": "7400934"
  },
  {
    "ID Number": "7405936"
  },
  {
    "ID Number": "7400616"
  },
  {
    "ID Number": "7402023"
  },
  {
    "ID Number": "7400322"
  },
  {
    "ID Number": "7409249"
  },
  {
    "ID Number": "7400080"
  },
  {
    "ID Number": "7402740"
  },
  {
    "ID Number": "7401493"
  },
  {
    "ID Number": "7412495"
  },
  {
    "ID Number": "7405944"
  },
  {
    "ID Number": "7405022"
  },
  {
    "ID Number": "7400497"
  },
  {
    "ID Number": "7404522"
  },
  {
    "ID Number": "2018764"
  },
  {
    "ID Number": "7402643"
  },
  {
    "ID Number": "7402252"
  },
  {
    "ID Number": "7405731"
  },
  {
    "ID Number": "7400853"
  },
  {
    "ID Number": "7403380"
  },
  {
    "ID Number": "7412797"
  },
  {
    "ID Number": "7403690"
  },
  {
    "ID Number": "7403950"
  },
  {
    "ID Number": "7403011"
  },
  {
    "ID Number": "7406789"
  },
  {
    "ID Number": "7408064"
  },
  {
    "ID Number": "7400241"
  },
  {
    "ID Number": "7404123"
  },
  {
    "ID Number": "7402074"
  },
  {
    "ID Number": "7401680"
  },
  {
    "ID Number": "7402287"
  },
  {
    "ID Number": "7402295"
  },
  {
    "ID Number": "7402082"
  },
  {
    "ID Number": "7402996"
  },
  {
    "ID Number": "7403810"
  },
  {
    "ID Number": "7402104"
  },
  {
    "ID Number": "7402090"
  },
  {
    "ID Number": "7402686"
  },
  {
    "ID Number": "7405952"
  },
  {
    "ID Number": "7401922"
  },
  {
    "ID Number": "7401221"
  },
  {
    "ID Number": "7403046"
  },
  {
    "ID Number": "7404263"
  },
  {
    "ID Number": "7409907"
  },
  {
    "ID Number": "7401230"
  },
  {
    "ID Number": "7402236"
  },
  {
    "ID Number": "7402627"
  },
  {
    "ID Number": "7404573"
  },
  {
    "ID Number": "7403070"
  },
  {
    "ID Number": "7403666"
  },
  {
    "ID Number": "7400624"
  },
  {
    "ID Number": "7412118"
  },
  {
    "ID Number": "7405324"
  },
  {
    "ID Number": "7402848"
  },
  {
    "ID Number": "7401370"
  },
  {
    "ID Number": "7400519"
  },
  {
    "ID Number": "7408013"
  },
  {
    "ID Number": "7409990"
  },
  {
    "ID Number": "7400969"
  },
  {
    "ID Number": "7406223"
  },
  {
    "ID Number": "7405570"
  },
  {
    "ID Number": "7401701"
  },
  {
    "ID Number": "7409400"
  },
  {
    "ID Number": "7400977"
  },
  {
    "ID Number": "7404867"
  },
  {
    "ID Number": "7403054"
  },
  {
    "ID Number": "7408919"
  },
  {
    "ID Number": "7400454"
  },
  {
    "ID Number": "7402040"
  },
  {
    "ID Number": "7406258"
  },
  {
    "ID Number": "7400179"
  },
  {
    "ID Number": "7400829"
  },
  {
    "ID Number": "7402953"
  },
  {
    "ID Number": "7403941"
  },
  {
    "ID Number": "7400020"
  },
  {
    "ID Number": "7407874"
  },
  {
    "ID Number": "7408560"
  },
  {
    "ID Number": "7403259"
  },
  {
    "ID Number": "7401450"
  },
  {
    "ID Number": "7412541"
  },
  {
    "ID Number": "7408102"
  },
  {
    "ID Number": "7401760"
  },
  {
    "ID Number": "7405448"
  },
  {
    "ID Number": "7405081"
  },
  {
    "ID Number": "7401752"
  },
  {
    "ID Number": "7407548"
  },
  {
    "ID Number": "7400136"
  },
  {
    "ID Number": "7404670"
  },
  {
    "ID Number": "7402724"
  },
  {
    "ID Number": "7403828"
  },
  {
    "ID Number": "7408943"
  },
  {
    "ID Number": "7400985"
  },
  {
    "ID Number": "7404166"
  },
  {
    "ID Number": "7414129"
  },
  {
    "ID Number": "7404042"
  },
  {
    "ID Number": "7408110"
  },
  {
    "ID Number": "7403151"
  },
  {
    "ID Number": "7403879"
  },
  {
    "ID Number": "7405537"
  },
  {
    "ID Number": "7400659"
  },
  {
    "ID Number": "7406800"
  },
  {
    "ID Number": "7407530"
  },
  {
    "ID Number": "7402309"
  },
  {
    "ID Number": "7404212"
  },
  {
    "ID Number": "7403127"
  },
  {
    "ID Number": "7401647"
  },
  {
    "ID Number": "7400993"
  },
  {
    "ID Number": "7410379"
  },
  {
    "ID Number": "7406517"
  },
  {
    "ID Number": "7408978"
  },
  {
    "ID Number": "7404794"
  },
  {
    "ID Number": "7409915"
  },
  {
    "ID Number": "7407149"
  },
  {
    "ID Number": "7401515"
  },
  {
    "ID Number": "7400039"
  },
  {
    "ID Number": "7407416"
  },
  {
    "ID Number": "7401507"
  },
  {
    "ID Number": "7403020"
  },
  {
    "ID Number": "7403372"
  },
  {
    "ID Number": "7403470"
  },
  {
    "ID Number": "7400730"
  },
  {
    "ID Number": "7400233"
  },
  {
    "ID Number": "7405456"
  },
  {
    "ID Number": "7404999"
  },
  {
    "ID Number": "7409001"
  },
  {
    "ID Number": "7404131"
  },
  {
    "ID Number": "7402945"
  },
  {
    "ID Number": "7402317"
  },
  {
    "ID Number": "7402333"
  },
  {
    "ID Number": "7401124"
  },
  {
    "ID Number": "7406819"
  },
  {
    "ID Number": "7404697"
  },
  {
    "ID Number": "7400489"
  },
  {
    "ID Number": "7401175"
  },
  {
    "ID Number": "7403658"
  },
  {
    "ID Number": "7404506"
  },
  {
    "ID Number": "7404581"
  },
  {
    "ID Number": "7404611"
  },
  {
    "ID Number": "7407173"
  },
  {
    "ID Number": "7402600"
  },
  {
    "ID Number": "7402155"
  },
  {
    "ID Number": "7404050"
  },
  {
    "ID Number": "7406002"
  },
  {
    "ID Number": "7400217"
  },
  {
    "ID Number": "7400888"
  },
  {
    "ID Number": "7407955"
  },
  {
    "ID Number": "7400802"
  },
  {
    "ID Number": "7401400"
  },
  {
    "ID Number": "7407238"
  },
  {
    "ID Number": "7403453"
  },
  {
    "ID Number": "7406576"
  },
  {
    "ID Number": "7400225"
  },
  {
    "ID Number": "7403178"
  },
  {
    "ID Number": "7410085"
  },
  {
    "ID Number": "7403402"
  },
  {
    "ID Number": "7403119"
  },
  {
    "ID Number": "7406720"
  },
  {
    "ID Number": "7407190"
  },
  {
    "ID Number": "7400810"
  },
  {
    "ID Number": "7400330"
  },
  {
    "ID Number": "7402473"
  },
  {
    "ID Number": "7402210"
  },
  {
    "ID Number": "7402775"
  },
  {
    "ID Number": "7402350"
  },
  {
    "ID Number": "7404565"
  },
  {
    "ID Number": "7401728"
  },
  {
    "ID Number": "7400187"
  },
  {
    "ID Number": "7403348"
  },
  {
    "ID Number": "7404344"
  },
  {
    "ID Number": "7407270"
  },
  {
    "ID Number": "7400012"
  },
  {
    "ID Number": "7402651"
  },
  {
    "ID Number": "7401256"
  },
  {
    "ID Number": "7404948"
  },
  {
    "ID Number": "7402597"
  },
  {
    "ID Number": "7402481"
  },
  {
    "ID Number": "7403674"
  },
  {
    "ID Number": "7403224"
  },
  {
    "ID Number": "7406711"
  },
  {
    "ID Number": "7407505"
  },
  {
    "ID Number": "7402864"
  },
  {
    "ID Number": "7402872"
  },
  {
    "ID Number": "7403488"
  },
  {
    "ID Number": "7403496"
  },
  {
    "ID Number": "7402619"
  },
  {
    "ID Number": "7401949"
  },
  {
    "ID Number": "7405901"
  },
  {
    "ID Number": "7400055"
  },
  {
    "ID Number": "7400276"
  },
  {
    "ID Number": "7401957"
  },
  {
    "ID Number": "7401531"
  },
  {
    "ID Number": "7404204"
  },
  {
    "ID Number": "7401302"
  },
  {
    "ID Number": "7409141"
  },
  {
    "ID Number": "7400527"
  },
  {
    "ID Number": "7409923"
  },
  {
    "ID Number": "7402708"
  },
  {
    "ID Number": "7407076"
  },
  {
    "ID Number": "7405200"
  },
  {
    "ID Number": "7403216"
  },
  {
    "ID Number": "7407785"
  },
  {
    "ID Number": "7407599"
  },
  {
    "ID Number": "7403984"
  },
  {
    "ID Number": "7400306"
  },
  {
    "ID Number": "7401426"
  },
  {
    "ID Number": "7400098"
  },
  {
    "ID Number": "7400209"
  },
  {
    "ID Number": "7403429"
  },
  {
    "ID Number": "7403909"
  },
  {
    "ID Number": "7406541"
  },
  {
    "ID Number": "7400284"
  },
  {
    "ID Number": "7400365"
  },
  {
    "ID Number": "7403410"
  },
  {
    "ID Number": "7404492"
  },
  {
    "ID Number": "7411758"
  },
  {
    "ID Number": "7400110"
  },
  {
    "ID Number": "7400799"
  },
  {
    "ID Number": "7404921"
  },
  {
    "ID Number": "7402163"
  },
  {
    "ID Number": "7400195"
  },
  {
    "ID Number": "7405197"
  },
  {
    "ID Number": "7400047"
  },
  {
    "ID Number": "7412843"
  },
  {
    "ID Number": "7407297"
  },
  {
    "ID Number": "7407327"
  },
  {
    "ID Number": "7406916"
  },
  {
    "ID Number": "7405820"
  },
  {
    "ID Number": "7400292"
  },
  {
    "ID Number": "7407815"
  },
  {
    "ID Number": "7408684"
  },
  {
    "ID Number": "7402562"
  },
  {
    "ID Number": "7400314"
  },
  {
    "ID Number": "7404875"
  },
  {
    "ID Number": "7402635"
  },
  {
    "ID Number": "7400446"
  },
  {
    "ID Number": "7403291"
  },
  {
    "ID Number": "7402937"
  },
  {
    "ID Number": "7407432"
  },
  {
    "ID Number": "7404468"
  },
  {
    "ID Number": "7400349"
  },
  {
    "ID Number": "7409761"
  },
  {
    "ID Number": "7410522"
  },
  {
    "ID Number": "7402694"
  },
  {
    "ID Number": "7410980"
  },
  {
    "ID Number": "7401795"
  },
  {
    "ID Number": "7400268"
  },
  {
    "ID Number": "7400594"
  },
  {
    "ID Number": "7406240"
  },
  {
    "ID Number": "7400420"
  },
  {
    "ID Number": "7403836"
  },
  {
    "ID Number": "7404395"
  },
  {
    "ID Number": "7412258"
  },
  {
    "ID Number": "7402880"
  },
  {
    "ID Number": "7408196"
  },
  {
    "ID Number": "7405014"
  },
  {
    "ID Number": "2020831"
  },
  {
    "ID Number": "7407890"
  },
  {
    "ID Number": "7400764"
  },
  {
    "ID Number": "7410280"
  },
  {
    "ID Number": "7400063"
  },
  {
    "ID Number": "7403992"
  },
  {
    "ID Number": "7404000"
  },
  {
    "ID Number": "7403917"
  },
  {
    "ID Number": "7405464"
  },
  {
    "ID Number": "7402910"
  },
  {
    "ID Number": "7400683"
  },
  {
    "ID Number": "7404590"
  },
  {
    "ID Number": "7403399"
  },
  {
    "ID Number": "7400845"
  },
  {
    "ID Number": "7412266"
  },
  {
    "ID Number": "7409176"
  },
  {
    "ID Number": "7400357"
  },
  {
    "ID Number": "7400691"
  },
  {
    "ID Number": "7404360"
  },
  {
    "ID Number": "7407130"
  },
  {
    "ID Number": "7400713"
  },
  {
    "ID Number": "7401132"
  },
  {
    "ID Number": "7400381"
  },
  {
    "ID Number": "7407114"
  },
  {
    "ID Number": "7409109"
  },
  {
    "ID Number": "7401736"
  },
  {
    "ID Number": "7406274"
  },
  {
    "ID Number": "7403550"
  },
  {
    "ID Number": "7404409"
  },
  {
    "ID Number": "7407289"
  },
  {
    "ID Number": "7405928"
  },
  {
    "ID Number": "7409940"
  },
  {
    "ID Number": "7407300"
  },
  {
    "ID Number": "7404840"
  },
  {
    "ID Number": "7405103"
  },
  {
    "ID Number": "7404905"
  },
  {
    "ID Number": "7402589"
  },
  {
    "ID Number": "7400608"
  },
  {
    "ID Number": "7410204"
  },
  {
    "ID Number": "7411537"
  },
  {
    "ID Number": "7403240"
  },
  {
    "ID Number": "7402066"
  },
  {
    "ID Number": "7402392"
  },
  {
    "ID Number": "7403313"
  },
  {
    "ID Number": "7401280"
  },
  {
    "ID Number": "7402929"
  },
  {
    "ID Number": "7402058"
  },
  {
    "ID Number": "7402716"
  },
  {
    "ID Number": "7402465"
  },
  {
    "ID Number": "7404026"
  },
  {
    "ID Number": "7403704"
  },
  {
    "ID Number": "7402538"
  },
  {
    "ID Number": "7402139"
  },
  {
    "ID Number": "7407467"
  },
  {
    "ID Number": "7404107"
  },
  {
    "ID Number": "7402805"
  },
  {
    "ID Number": "7400101"
  },
  {
    "ID Number": "7404603"
  },
  {
    "ID Number": "7409192"
  },
  {
    "ID Number": "7401655"
  },
  {
    "ID Number": "7400578"
  },
  {
    "ID Number": "7411588"
  },
  {
    "ID Number": "7400403"
  },
  {
    "ID Number": "7400500"
  },
  {
    "ID Number": "7403038"
  },
  {
    "ID Number": "7400438"
  },
  {
    "ID Number": "7402660"
  },
  {
    "ID Number": "7403135"
  },
  {
    "ID Number": "7400837"
  },
  {
    "ID Number": "7410239"
  },
  {
    "ID Number": "7401116"
  },
  {
    "ID Number": "7407211"
  },
  {
    "ID Number": "7402406"
  },
  {
    "ID Number": "7406690"
  },
  {
    "ID Number": "7400390"
  }
]