[
  {
    "ID Number": "6002862"
  },
  {
    "ID Number": "6013210"
  },
  {
    "ID Number": "6010970"
  },
  {
    "ID Number": "6008984"
  },
  {
    "ID Number": "6011900"
  },
  {
    "ID Number": "6011284"
  },
  {
    "ID Number": "6012930"
  },
  {
    "ID Number": "6002200"
  },
  {
    "ID Number": "6008615"
  },
  {
    "ID Number": "6017487"
  },
  {
    "ID Number": "45075166"
  },
  {
    "ID Number": "35028855"
  },
  {
    "ID Number": "6006574"
  },
  {
    "ID Number": "6006000"
  },
  {
    "ID Number": "6011080"
  },
  {
    "ID Number": "6002250"
  },
  {
    "ID Number": "6001637"
  },
  {
    "ID Number": "6002846"
  },
  {
    "ID Number": "6015417"
  },
  {
    "ID Number": "6015735"
  },
  {
    "ID Number": "6009824"
  },
  {
    "ID Number": "66201659"
  },
  {
    "ID Number": "6000398"
  },
  {
    "ID Number": "6002218"
  },
  {
    "ID Number": "6001912"
  },
  {
    "ID Number": "6007775"
  },
  {
    "ID Number": "6008178"
  },
  {
    "ID Number": "6001300"
  },
  {
    "ID Number": "6011128"
  },
  {
    "ID Number": "6005721"
  },
  {
    "ID Number": "6009760"
  },
  {
    "ID Number": "6015905"
  },
  {
    "ID Number": "6008313"
  },
  {
    "ID Number": "6008070"
  },
  {
    "ID Number": "6001467"
  },
  {
    "ID Number": "6001785"
  },
  {
    "ID Number": "2090473"
  },
  {
    "ID Number": "6000991"
  },
  {
    "ID Number": "6014089"
  },
  {
    "ID Number": "6006256"
  },
  {
    "ID Number": "6005730"
  },
  {
    "ID Number": "6006647"
  },
  {
    "ID Number": "6005233"
  },
  {
    "ID Number": "6006400"
  },
  {
    "ID Number": "6015280"
  },
  {
    "ID Number": "6008933"
  },
  {
    "ID Number": "6006027"
  },
  {
    "ID Number": "6006655"
  },
  {
    "ID Number": "6016804"
  },
  {
    "ID Number": "6005012"
  },
  {
    "ID Number": "6008593"
  },
  {
    "ID Number": "6007872"
  },
  {
    "ID Number": "6015484"
  },
  {
    "ID Number": "6004849"
  },
  {
    "ID Number": "6013600"
  },
  {
    "ID Number": "6010423"
  },
  {
    "ID Number": "6007155"
  },
  {
    "ID Number": "6013430"
  },
  {
    "ID Number": "6004377"
  },
  {
    "ID Number": "362104381"
  },
  {
    "ID Number": "6007058"
  },
  {
    "ID Number": "6004130"
  },
  {
    "ID Number": "6007880"
  },
  {
    "ID Number": "6005373"
  },
  {
    "ID Number": "6008143"
  },
  {
    "ID Number": "6010008"
  },
  {
    "ID Number": "6010334"
  },
  {
    "ID Number": "6005918"
  },
  {
    "ID Number": "6016758"
  },
  {
    "ID Number": "6017924"
  },
  {
    "ID Number": "6014240"
  },
  {
    "ID Number": "6003052"
  },
  {
    "ID Number": "6002285"
  },
  {
    "ID Number": "6013686"
  },
  {
    "ID Number": "6009166"
  },
  {
    "ID Number": "6003834"
  },
  {
    "ID Number": "6002064"
  },
  {
    "ID Number": "6002056"
  },
  {
    "ID Number": "6009220"
  },
  {
    "ID Number": "6007465"
  },
  {
    "ID Number": "6012710"
  },
  {
    "ID Number": "6016421"
  },
  {
    "ID Number": "6007678"
  },
  {
    "ID Number": "6014267"
  },
  {
    "ID Number": "6018025"
  },
  {
    "ID Number": "6001572"
  },
  {
    "ID Number": "6014259"
  },
  {
    "ID Number": "6009077"
  },
  {
    "ID Number": "6015778"
  },
  {
    "ID Number": "6011454"
  },
  {
    "ID Number": "6000959"
  },
  {
    "ID Number": "6007538"
  },
  {
    "ID Number": "6007384"
  },
  {
    "ID Number": "6003230"
  },
  {
    "ID Number": "6002269"
  },
  {
    "ID Number": "6009395"
  },
  {
    "ID Number": "6013406"
  },
  {
    "ID Number": "6002773"
  },
  {
    "ID Number": "66202450"
  },
  {
    "ID Number": "6010628"
  },
  {
    "ID Number": "6009816"
  },
  {
    "ID Number": "6008321"
  },
  {
    "ID Number": "2093472"
  },
  {
    "ID Number": "6004326"
  },
  {
    "ID Number": "6003478"
  },
  {
    "ID Number": "6017312"
  },
  {
    "ID Number": "6005853"
  },
  {
    "ID Number": "6007899"
  },
  {
    "ID Number": "6011217"
  },
  {
    "ID Number": "6008607"
  },
  {
    "ID Number": "6016014"
  },
  {
    "ID Number": "6003680"
  },
  {
    "ID Number": "6006124"
  },
  {
    "ID Number": "6002439"
  },
  {
    "ID Number": "6002420"
  },
  {
    "ID Number": "6004644"
  },
  {
    "ID Number": "6000495"
  },
  {
    "ID Number": "6005306"
  },
  {
    "ID Number": "6005381"
  },
  {
    "ID Number": "6000401"
  },
  {
    "ID Number": "6007953"
  },
  {
    "ID Number": "66202353"
  },
  {
    "ID Number": "6008852"
  },
  {
    "ID Number": "6009727"
  },
  {
    "ID Number": "331059520"
  },
  {
    "ID Number": "6018068"
  },
  {
    "ID Number": "6011012"
  },
  {
    "ID Number": "6011500"
  },
  {
    "ID Number": "6018483"
  },
  {
    "ID Number": "6012175"
  },
  {
    "ID Number": "6015794"
  },
  {
    "ID Number": "6009514"
  },
  {
    "ID Number": "6010270"
  },
  {
    "ID Number": "6016030"
  },
  {
    "ID Number": "6000428"
  },
  {
    "ID Number": "6012493"
  },
  {
    "ID Number": "6001718"
  },
  {
    "ID Number": "6002005"
  },
  {
    "ID Number": "6017576"
  },
  {
    "ID Number": "6014658"
  },
  {
    "ID Number": "6006094"
  },
  {
    "ID Number": "6015395"
  },
  {
    "ID Number": "6008801"
  },
  {
    "ID Number": "6004180"
  },
  {
    "ID Number": "6014453"
  },
  {
    "ID Number": "6002234"
  },
  {
    "ID Number": "6016669"
  },
  {
    "ID Number": "6002552"
  },
  {
    "ID Number": "6007260"
  },
  {
    "ID Number": "6014399"
  },
  {
    "ID Number": "6002510"
  },
  {
    "ID Number": "6005950"
  },
  {
    "ID Number": "6017088"
  },
  {
    "ID Number": "6018815"
  },
  {
    "ID Number": "6003257"
  },
  {
    "ID Number": "6009379"
  },
  {
    "ID Number": "66202310"
  },
  {
    "ID Number": "6005047"
  },
  {
    "ID Number": "6002536"
  },
  {
    "ID Number": "6017436"
  },
  {
    "ID Number": "6012833"
  },
  {
    "ID Number": "6019706"
  },
  {
    "ID Number": "6002404"
  },
  {
    "ID Number": "6016693"
  },
  {
    "ID Number": "6013139"
  },
  {
    "ID Number": "6011659"
  },
  {
    "ID Number": "6004202"
  },
  {
    "ID Number": "6011640"
  },
  {
    "ID Number": "6001874"
  },
  {
    "ID Number": "6014801"
  },
  {
    "ID Number": "6005896"
  },
  {
    "ID Number": "6012299"
  },
  {
    "ID Number": "6014844"
  },
  {
    "ID Number": "6005900"
  },
  {
    "ID Number": "6005349"
  },
  {
    "ID Number": "6015948"
  },
  {
    "ID Number": "6016847"
  },
  {
    "ID Number": "6009921"
  },
  {
    "ID Number": "6006698"
  },
  {
    "ID Number": "6002374"
  },
  {
    "ID Number": "66201080"
  },
  {
    "ID Number": "6004393"
  },
  {
    "ID Number": "6005217"
  },
  {
    "ID Number": "6000711"
  },
  {
    "ID Number": "6003648"
  },
  {
    "ID Number": "6007937"
  },
  {
    "ID Number": "6011667"
  },
  {
    "ID Number": "6004865"
  },
  {
    "ID Number": "6004636"
  },
  {
    "ID Number": "6004660"
  },
  {
    "ID Number": "6010113"
  },
  {
    "ID Number": "66200458"
  },
  {
    "ID Number": "6009875"
  },
  {
    "ID Number": "6001025"
  },
  {
    "ID Number": "6003800"
  },
  {
    "ID Number": "6006507"
  },
  {
    "ID Number": "6006515"
  },
  {
    "ID Number": "6002013"
  },
  {
    "ID Number": "6002021"
  },
  {
    "ID Number": "6008976"
  },
  {
    "ID Number": "6017037"
  },
  {
    "ID Number": "6001220"
  },
  {
    "ID Number": "6016430"
  },
  {
    "ID Number": "6000436"
  },
  {
    "ID Number": "6001521"
  },
  {
    "ID Number": "6014950"
  },
  {
    "ID Number": "6004814"
  },
  {
    "ID Number": "6011985"
  },
  {
    "ID Number": "6004431"
  },
  {
    "ID Number": "6004474"
  },
  {
    "ID Number": "6001238"
  },
  {
    "ID Number": "6004725"
  },
  {
    "ID Number": "6009808"
  },
  {
    "ID Number": "6017541"
  },
  {
    "ID Number": "6010393"
  },
  {
    "ID Number": "6008062"
  },
  {
    "ID Number": "6005977"
  },
  {
    "ID Number": "6009360"
  },
  {
    "ID Number": "6004733"
  },
  {
    "ID Number": "6012884"
  },
  {
    "ID Number": "6003583"
  },
  {
    "ID Number": "6007830"
  },
  {
    "ID Number": "6004881"
  },
  {
    "ID Number": "6013597"
  },
  {
    "ID Number": "6012469"
  },
  {
    "ID Number": "6013201"
  },
  {
    "ID Number": "6012477"
  },
  {
    "ID Number": "6010610"
  },
  {
    "ID Number": "6002226"
  },
  {
    "ID Number": "6008089"
  },
  {
    "ID Number": "6006299"
  },
  {
    "ID Number": "6013198"
  },
  {
    "ID Number": "6007732"
  },
  {
    "ID Number": "6009174"
  },
  {
    "ID Number": "6006450"
  },
  {
    "ID Number": "6008097"
  },
  {
    "ID Number": "6013805"
  },
  {
    "ID Number": "6009719"
  },
  {
    "ID Number": "6003885"
  },
  {
    "ID Number": "6004059"
  },
  {
    "ID Number": "66200180"
  },
  {
    "ID Number": "6012965"
  },
  {
    "ID Number": "6016570"
  },
  {
    "ID Number": "6011721"
  },
  {
    "ID Number": "6009204"
  },
  {
    "ID Number": "6002854"
  },
  {
    "ID Number": "6000622"
  },
  {
    "ID Number": "6008402"
  },
  {
    "ID Number": "6017240"
  },
  {
    "ID Number": "6016774"
  },
  {
    "ID Number": "6009115"
  },
  {
    "ID Number": "6002889"
  },
  {
    "ID Number": "6019323"
  },
  {
    "ID Number": "6015310"
  },
  {
    "ID Number": "6010911"
  },
  {
    "ID Number": "66200369"
  },
  {
    "ID Number": "6008208"
  },
  {
    "ID Number": "6006043"
  },
  {
    "ID Number": "6012620"
  },
  {
    "ID Number": "6019811"
  },
  {
    "ID Number": "6003770"
  },
  {
    "ID Number": "6008380"
  },
  {
    "ID Number": "6011497"
  },
  {
    "ID Number": "6005403"
  },
  {
    "ID Number": "6015956"
  },
  {
    "ID Number": "66201365"
  },
  {
    "ID Number": "6005616"
  },
  {
    "ID Number": "66203678"
  },
  {
    "ID Number": "66204372"
  },
  {
    "ID Number": "6015972"
  },
  {
    "ID Number": "6009212"
  },
  {
    "ID Number": "6005624"
  },
  {
    "ID Number": "6016456"
  },
  {
    "ID Number": "6002501"
  },
  {
    "ID Number": "6005632"
  },
  {
    "ID Number": "6005780"
  },
  {
    "ID Number": "6001122"
  },
  {
    "ID Number": "462462"
  },
  {
    "ID Number": "6003400"
  },
  {
    "ID Number": "6005640"
  },
  {
    "ID Number": "6010512"
  },
  {
    "ID Number": "6005055"
  },
  {
    "ID Number": "6003079"
  },
  {
    "ID Number": "6010636"
  },
  {
    "ID Number": "6006760"
  },
  {
    "ID Number": "6016600"
  },
  {
    "ID Number": "6006434"
  },
  {
    "ID Number": "6005659"
  },
  {
    "ID Number": "6002390"
  },
  {
    "ID Number": "2408015"
  },
  {
    "ID Number": "6007163"
  },
  {
    "ID Number": "6006175"
  },
  {
    "ID Number": "6010199"
  },
  {
    "ID Number": "6005861"
  },
  {
    "ID Number": "6011489"
  },
  {
    "ID Number": "66201730"
  },
  {
    "ID Number": "6006914"
  },
  {
    "ID Number": "6012680"
  },
  {
    "ID Number": "6006426"
  },
  {
    "ID Number": "6003737"
  },
  {
    "ID Number": "6012752"
  },
  {
    "ID Number": "6006051"
  },
  {
    "ID Number": "6002951"
  },
  {
    "ID Number": "6006116"
  },
  {
    "ID Number": "24123200"
  },
  {
    "ID Number": "6008895"
  },
  {
    "ID Number": "6000312"
  },
  {
    "ID Number": "6000665"
  },
  {
    "ID Number": "6015581"
  },
  {
    "ID Number": "6007970"
  },
  {
    "ID Number": "6008160"
  },
  {
    "ID Number": "6013996"
  },
  {
    "ID Number": "6004911"
  },
  {
    "ID Number": "6009530"
  },
  {
    "ID Number": "6002293"
  },
  {
    "ID Number": "6006892"
  },
  {
    "ID Number": "6006248"
  },
  {
    "ID Number": "66203287"
  },
  {
    "ID Number": "6000045"
  },
  {
    "ID Number": "6009328"
  },
  {
    "ID Number": "6010318"
  },
  {
    "ID Number": "6011918"
  },
  {
    "ID Number": "6015638"
  },
  {
    "ID Number": "6008585"
  },
  {
    "ID Number": "6011152"
  },
  {
    "ID Number": "6001998"
  },
  {
    "ID Number": "6002170"
  },
  {
    "ID Number": "6002447"
  },
  {
    "ID Number": "6002455"
  },
  {
    "ID Number": "6017878"
  },
  {
    "ID Number": "6004920"
  },
  {
    "ID Number": "6015514"
  },
  {
    "ID Number": "6003591"
  },
  {
    "ID Number": "6000681"
  },
  {
    "ID Number": "6009646"
  },
  {
    "ID Number": "6016200"
  },
  {
    "ID Number": "6017738"
  },
  {
    "ID Number": "6004652"
  },
  {
    "ID Number": "6003010"
  },
  {
    "ID Number": "2229560"
  },
  {
    "ID Number": "6009980"
  },
  {
    "ID Number": "6018165"
  },
  {
    "ID Number": "6002544"
  },
  {
    "ID Number": "6015182"
  },
  {
    "ID Number": "6004369"
  },
  {
    "ID Number": "6017860"
  },
  {
    "ID Number": "6017967"
  },
  {
    "ID Number": "1450468"
  },
  {
    "ID Number": "6003605"
  },
  {
    "ID Number": "6015000"
  },
  {
    "ID Number": "6002684"
  },
  {
    "ID Number": "6005209"
  },
  {
    "ID Number": "6007996"
  },
  {
    "ID Number": "6003419"
  },
  {
    "ID Number": "30950767"
  },
  {
    "ID Number": "6001440"
  },
  {
    "ID Number": "6017380"
  },
  {
    "ID Number": "6010644"
  },
  {
    "ID Number": "6002625"
  },
  {
    "ID Number": "6001890"
  },
  {
    "ID Number": "6014666"
  },
  {
    "ID Number": "6012981"
  },
  {
    "ID Number": "6008356"
  },
  {
    "ID Number": "66202850"
  },
  {
    "ID Number": "66202906"
  },
  {
    "ID Number": "66202434"
  },
  {
    "ID Number": "66203210"
  },
  {
    "ID Number": "66203201"
  },
  {
    "ID Number": "362105342"
  },
  {
    "ID Number": "6003958"
  },
  {
    "ID Number": "6006213"
  },
  {
    "ID Number": "6007341"
  },
  {
    "ID Number": "6018440"
  },
  {
    "ID Number": "6013562"
  },
  {
    "ID Number": "6017720"
  },
  {
    "ID Number": "6011209"
  },
  {
    "ID Number": "6001424"
  },
  {
    "ID Number": "6002110"
  },
  {
    "ID Number": "6014496"
  },
  {
    "ID Number": "6003320"
  },
  {
    "ID Number": "6009999"
  },
  {
    "ID Number": "6013660"
  },
  {
    "ID Number": "6019471"
  },
  {
    "ID Number": "6003427"
  },
  {
    "ID Number": "6005330"
  },
  {
    "ID Number": "6003613"
  },
  {
    "ID Number": "6008860"
  },
  {
    "ID Number": "6012272"
  },
  {
    "ID Number": "66202167"
  },
  {
    "ID Number": "6002650"
  },
  {
    "ID Number": "6002960"
  },
  {
    "ID Number": "6002790"
  },
  {
    "ID Number": "6005535"
  },
  {
    "ID Number": "6000720"
  },
  {
    "ID Number": "6009638"
  },
  {
    "ID Number": "6003796"
  },
  {
    "ID Number": "6002196"
  },
  {
    "ID Number": "6010350"
  },
  {
    "ID Number": "6005942"
  },
  {
    "ID Number": "6002161"
  },
  {
    "ID Number": "6012868"
  },
  {
    "ID Number": "6007244"
  },
  {
    "ID Number": "6008674"
  },
  {
    "ID Number": "6015611"
  },
  {
    "ID Number": "6008666"
  },
  {
    "ID Number": "6010202"
  },
  {
    "ID Number": "6002340"
  },
  {
    "ID Number": "6009565"
  },
  {
    "ID Number": "6002900"
  },
  {
    "ID Number": "6010563"
  },
  {
    "ID Number": "6003206"
  },
  {
    "ID Number": "6009832"
  },
  {
    "ID Number": "6004717"
  },
  {
    "ID Number": "6014372"
  },
  {
    "ID Number": "6010946"
  },
  {
    "ID Number": "6009387"
  },
  {
    "ID Number": "66202248"
  },
  {
    "ID Number": "6010695"
  },
  {
    "ID Number": "6008429"
  },
  {
    "ID Number": "6010075"
  },
  {
    "ID Number": "6004610"
  },
  {
    "ID Number": "6001114"
  },
  {
    "ID Number": "6003486"
  },
  {
    "ID Number": "66201330"
  },
  {
    "ID Number": "6008496"
  },
  {
    "ID Number": "6003788"
  },
  {
    "ID Number": "6003001"
  },
  {
    "ID Number": "6003338"
  },
  {
    "ID Number": "6000118"
  },
  {
    "ID Number": "6019439"
  },
  {
    "ID Number": "6015131"
  },
  {
    "ID Number": "6004237"
  },
  {
    "ID Number": "6014780"
  },
  {
    "ID Number": "6017789"
  },
  {
    "ID Number": "8624283"
  },
  {
    "ID Number": "6004695"
  },
  {
    "ID Number": "6012418"
  },
  {
    "ID Number": "6006442"
  },
  {
    "ID Number": "6015697"
  },
  {
    "ID Number": "6017452"
  },
  {
    "ID Number": "6004792"
  },
  {
    "ID Number": "6005160"
  },
  {
    "ID Number": "6005071"
  },
  {
    "ID Number": "6009123"
  },
  {
    "ID Number": "6002277"
  },
  {
    "ID Number": "6004245"
  },
  {
    "ID Number": "6010784"
  },
  {
    "ID Number": "6003036"
  },
  {
    "ID Number": "6008119"
  },
  {
    "ID Number": "6010849"
  },
  {
    "ID Number": "6009557"
  },
  {
    "ID Number": "6017754"
  },
  {
    "ID Number": "6007120"
  },
  {
    "ID Number": "6010776"
  },
  {
    "ID Number": "6001394"
  },
  {
    "ID Number": "6010547"
  },
  {
    "ID Number": "6010660"
  },
  {
    "ID Number": "6008186"
  },
  {
    "ID Number": "6018432"
  },
  {
    "ID Number": "6002811"
  },
  {
    "ID Number": "6002528"
  },
  {
    "ID Number": "66201055"
  },
  {
    "ID Number": "6005802"
  },
  {
    "ID Number": "6008046"
  },
  {
    "ID Number": "6018491"
  },
  {
    "ID Number": "6004261"
  },
  {
    "ID Number": "6009050"
  },
  {
    "ID Number": "6009948"
  },
  {
    "ID Number": "6005993"
  },
  {
    "ID Number": "6017444"
  },
  {
    "ID Number": "6017681"
  },
  {
    "ID Number": "6014305"
  },
  {
    "ID Number": "6014976"
  },
  {
    "ID Number": "6019749"
  },
  {
    "ID Number": "6010326"
  },
  {
    "ID Number": "6011110"
  },
  {
    "ID Number": "6011756"
  },
  {
    "ID Number": "6002560"
  },
  {
    "ID Number": "6010296"
  },
  {
    "ID Number": "6004270"
  },
  {
    "ID Number": "6011870"
  },
  {
    "ID Number": "6006833"
  },
  {
    "ID Number": "6008887"
  },
  {
    "ID Number": "6018050"
  },
  {
    "ID Number": "6016650"
  },
  {
    "ID Number": "6015018"
  },
  {
    "ID Number": "6005357"
  },
  {
    "ID Number": "6009131"
  },
  {
    "ID Number": "6011357"
  },
  {
    "ID Number": "6013279"
  },
  {
    "ID Number": "66204690"
  },
  {
    "ID Number": "6012850"
  },
  {
    "ID Number": "6004415"
  },
  {
    "ID Number": "6016154"
  },
  {
    "ID Number": "6005489"
  },
  {
    "ID Number": "6017703"
  },
  {
    "ID Number": "6015255"
  },
  {
    "ID Number": "6017320"
  },
  {
    "ID Number": "6002579"
  },
  {
    "ID Number": "6007848"
  },
  {
    "ID Number": "6007856"
  },
  {
    "ID Number": "6004296"
  },
  {
    "ID Number": "6006850"
  },
  {
    "ID Number": "6012809"
  },
  {
    "ID Number": "66200920"
  },
  {
    "ID Number": "6008500"
  },
  {
    "ID Number": "6000541"
  },
  {
    "ID Number": "6014488"
  },
  {
    "ID Number": "6004598"
  },
  {
    "ID Number": "6003710"
  },
  {
    "ID Number": "6003559"
  },
  {
    "ID Number": "6002927"
  },
  {
    "ID Number": "6015824"
  },
  {
    "ID Number": "6008267"
  },
  {
    "ID Number": "6018181"
  },
  {
    "ID Number": "6007902"
  },
  {
    "ID Number": "30936047"
  },
  {
    "ID Number": "6000452"
  },
  {
    "ID Number": "6000460"
  },
  {
    "ID Number": "6017584"
  },
  {
    "ID Number": "6005691"
  },
  {
    "ID Number": "6008240"
  },
  {
    "ID Number": "6018769"
  },
  {
    "ID Number": "6011691"
  },
  {
    "ID Number": "6009689"
  },
  {
    "ID Number": "6012167"
  },
  {
    "ID Number": "6006264"
  },
  {
    "ID Number": "6007783"
  },
  {
    "ID Number": "6004504"
  },
  {
    "ID Number": "6015450"
  },
  {
    "ID Number": "6008283"
  },
  {
    "ID Number": "6016405"
  },
  {
    "ID Number": "6004679"
  },
  {
    "ID Number": "6005390"
  },
  {
    "ID Number": "6007112"
  },
  {
    "ID Number": "6015549"
  },
  {
    "ID Number": "6015700"
  },
  {
    "ID Number": "6009506"
  },
  {
    "ID Number": "6006965"
  },
  {
    "ID Number": "6008569"
  },
  {
    "ID Number": "6015476"
  }
]