ID Number,Name,Fed,Sex,Title,WTit,OTit,Rating,Gms,K,RatingMonth,B-day,Flag
7903375,"Abbou, Jugurtha",ALG,M,,,,1882,0,20,AUG25,1984,i
7902034,"Abdelali,Abdallah",ALG,M,,,,2033,0,20,AUG25,1984,i
7925352,"Abdellaoui, Fouad",ALG,M,,,,1790,0,20,AUG25,1988,i
7921594,"Abdelmoumen,Ahmed",ALG,M,,,,1778,0,20,AUG25,1967,
7950667,"Abderrahim, Samy",ALG,M,,,,1534,0,40,AUG25,2013,
7900880,"Abdi, Zineb Dina",ALG,F,WIM,WIM,,1904,0,20,AUG25,1996,wi
7912188,"Abidat , Ahmed",ALG,M,,,,1684,0,20,AUG25,1976,
7905106,"Absi, Ahmed",ALG,M,,,,1821,0,20,AUG25,1986,
7904649,"Achour, Mohamed Anis",ALG,M,,FI,,2000,0,20,AUG25,1998,
7950675,"Achourane, Akcel",ALG,M,,,,1441,0,40,AUG25,2011,
7943318,"Addou, Jillali",ALG,M,,,,1663,0,20,AUG25,1967,i
7900449,"Adel, El Diab",ALG,M,,,,1860,0,20,AUG25,1973,i
7922922,"Adjerit, Nourreddine",ALG,M,,,,1966,0,20,AUG25,2000,i
7910592,"Adouane, Selma",ALG,F,,,,1638,0,20,AUG25,2005,wi
7925700,"Adrar, Ayoub",ALG,M,,,,1732,0,20,AUG25,2006,
7910606,"Adrar, Sofiane",ALG,M,FM,,,1809,0,20,AUG25,2002,i
7900538,"Afgoun, Tinhinane",ALG,F,,,,1648,0,20,AUG25,1998,wi
7964587,"Ahouari, Amir",ALG,M,,,,1458,0,40,AUG25,2010,
7969317,"Ahres, Amine",ALG,M,,,,1644,0,20,AUG25,2002,
7902069,"Aichoune, Amine",ALG,M,,,,1840,0,20,AUG25,1981,i
7953798,"Aidat, Mohamed Wassim",ALG,M,,,,1683,0,20,AUG25,2002,i
7905327,"Aimar, Lydia Djihane",ALG,F,,,,1494,0,20,AUG25,2003,wi
7905343,"Aimar, Sidali",ALG,M,,,,1559,0,20,AUG25,2000,i
7918712,"Aimouche, Rachid",ALG,M,,,,1663,0,20,AUG25,1959,i
7908601,"Aissani, Abdelhamid",ALG,M,,,,1785,0,20,AUG25,1967,
7910240,"Aissani, Fekhreddine",ALG,M,,,,1486,0,20,AUG25,2004,i
7910258,"Aissani, Fethallah",ALG,M,,,,1726,0,20,AUG25,2006,
7908628,"Aissani, Mohamed Tahar",ALG,M,,,,1992,0,20,AUG25,1960,i
7920130,"Aissani, Samara",ALG,F,,,,1602,0,40,AUG25,2008,wi
7932707,"Aissani, Saoussane",ALG,F,,,,1434,0,40,AUG25,2013,w
7902980,"Aissani, Sofiane",ALG,M,,,,1980,0,20,AUG25,1983,i
7930771,"Aissat, Med Ali",ALG,M,,,,1504,0,20,AUG25,2003,i
7930780,"Aissat, Wail",ALG,M,,,,1616,0,20,AUG25,2006,i
7905360,"Aissou, Lotfi",ALG,M,,,,1749,0,20,AUG25,2000,i
7903979,"Ait Abbas, Nesrine",ALG,F,,,,1658,0,20,AUG25,1998,wi
7904150,"Ait Abbas, Yacine",ALG,M,,,,1942,0,20,AUG25,1999,i
7912226,"Ait Ali Yahia, Lydia",ALG,F,,,,1451,0,20,AUG25,2006,wi
7964595,"Ait Atmane, Samy Younes",ALG,M,,,,1683,0,40,AUG25,2011,
7917163,"Ait Azzouz, Fares",ALG,M,,,,1531,0,40,AUG25,2007,
7926057,"Ait Azzouz, Fouad",ALG,M,,,,1436,0,40,AUG25,2010,
7960808,"Ait Bessai, Ryan",ALG,M,,,,1683,0,40,AUG25,2009,i
7927380,"Ait Oudhia, Manel",ALG,F,,,,1580,0,40,AUG25,2009,wi
7902085,"Ait Youcef , Noureddine",ALG,M,,,,1591,0,20,AUG25,1963,i
7937296,"Aitouali, Idir",ALG,M,,,,1687,0,20,AUG25,1989,i
7903740,"Akhal, Idir",ALG,M,,,,1826,0,20,AUG25,0,
7901267,"Aknouche, Ameur",ALG,M,,,,2023,0,20,AUG25,1979,i
7926065,"Alili , Anil",ALG,M,,,,1500,0,40,AUG25,2009,i
7913648,"Alioueche, Kerboua Louay",ALG,M,,,,1533,0,20,AUG25,2004,i
7910940,"Allal, Feriel",ALG,F,WCM,WCM,,1614,0,20,AUG25,2004,wi
7923651,"Allalou, Lilia Assia",ALG,F,,,,1477,0,40,AUG25,2007,wi
7946902,"Alsawah , Mohamed Adnan",ALG,M,,,,ACM,1519,0,AUG25,2008,i
7942745,"Amamra, Zineb",ALG,F,,,,1442,0,40,AUG25,2013,wi
7955693,"Amani, Khaled",ALG,M,,,,1666,0,20,AUG25,1997,i
7902581,"Amellal, Sofiane Anis",ALG,M,,,,1896,0,20,AUG25,1995,i
7903391,"Ameur Zaimeche, Mourad",ALG,M,,,,1901,0,20,AUG25,1970,i
7960522,"Ameur, Kamel",ALG,M,,,,1652,0,20,AUG25,1996,i
7928009,"Amira, Adlan",ALG,M,,,,1627,0,20,AUG25,1986,i
7902107,"Amokrane, Fares",ALG,M,,,,1988,0,20,AUG25,1991,i
7931425,"Amouri , Amine",ALG,M,,,,1760,0,40,AUG25,2008,i
7912994,"Amrane, Abdellah",ALG,M,CM,,,1980,0,40,AUG25,2007,
7900570,"Amrane, Mohand Said",ALG,M,,,,2040,0,20,AUG25,1963,i
7913001,"Amrane, Ramdane",ALG,M,,NI,,1743,0,20,AUG25,2004,i
7938748,"Amrane, Samy-Islam",ALG,M,,,,1586,0,40,AUG25,2014,
7906633,"Amrane, Tarek",ALG,M,,,,1812,0,20,AUG25,2003,i
7927398,"Amrane, Toufik Abdelghani",ALG,M,,,,1554,0,40,AUG25,2011,
7920687,"Amrani, Haithem",ALG,M,,,,1911,0,20,AUG25,1996,i
7938268,"Amraoui, Samir",ALG,M,,,,1692,0,20,AUG25,1991,i
7903154,"Amrouche, Mhamed",ALG,M,,,,1693,0,20,AUG25,1957,
7936591,"Amrouche, Mohamed Amine",ALG,M,,,,1720,0,20,AUG25,1989,
7905041,"Amrouche,Rabah",ALG,M,,,,1746,0,20,AUG25,1998,i
7901054,"Announ, Nasreddine",ALG,M,,,,1798,0,20,AUG25,1972,i
7903952,"Aouachria, Rami",ALG,M,,,,1854,0,20,AUG25,2001,i
7920156,"Aoudia, Aghiles",ALG,M,CM,,,1659,0,40,AUG25,2009,
7931620,"Aoudia, Amayas",ALG,M,,,,1500,0,40,AUG25,2012,
7900872,"Arab, Adlane",ALG,M,IM,,,2414,0,10,AUG25,1980,
7904169,"Araoune, Saadi",ALG,M,FM,,,1970,0,20,AUG25,2000,
7927851,"Aridj, Halim",ALG,M,,,,1818,0,20,AUG25,1988,i
7916760,"Aslouni,Yanis",ALG,M,,,,1811,0,20,AUG25,1992,i
7927860,"Asnoun, Faycal",ALG,M,,,,1624,0,20,AUG25,1994,i
7911602,"Assem, Abderezzak",ALG,M,,,,1856,0,20,AUG25,2003,i
7922817,"Assoul, Abdelaziz",ALG,M,,,,1786,0,20,AUG25,1991,
7909675,"Atmani,Amine",ALG,M,,,,1767,0,20,AUG25,2003,
7950900,"Atsi, Mouad",ALG,M,,,,1447,0,40,AUG25,2014,
7909110,"Attaoui, Mohamed Riad",ALG,M,,,,1671,0,20,AUG25,2004,i
7905386,"Attoui, Abderrezak",ALG,M,,,,1830,0,20,AUG25,1966,i
7905394,"Ayad, Mohamed",ALG,M,,,,1657,0,20,AUG25,2004,i
7905122,"Ayad, Okba",ALG,M,,,,1730,0,20,AUG25,0,
7909616,"Azreug, Lazhar",ALG,M,,,,1821,0,20,AUG25,1993,
7925719,"Azzoug, Nazim",ALG,M,,,,1535,0,40,AUG25,2007,i
7945248,"Babahammou, Otmane",ALG,M,,,,1527,0,20,AUG25,2003,i
7955707,"Bachir Bouyadjera, Younes",ALG,M,,,,1684,0,20,AUG25,2003,
7927576,"Badji, Moncef",ALG,M,,,,1812,0,20,AUG25,1989,i
7925360,"Bahlouli, Bouzid",ALG,M,,,,1772,0,20,AUG25,1996,i
7904177,"Bakhlouf, Boudjellal",ALG,M,,,,1740,0,20,AUG25,1947,i
7901968,"Bakhti, Noureddine",ALG,M,,,,1973,0,20,AUG25,1987,i
7907940,"Bakouche, Mahmoud",ALG,M,,,,1874,0,20,AUG25,2003,i
7904983,"Bakouche, Narimene",ALG,F,WCM,WCM,,1719,0,20,AUG25,2000,wi
7901682,"Bakouri, Abdelmajid",ALG,M,,,,1897,0,20,AUG25,1985,
602825,"Banat, Rizlene",ALG,F,WFM,WFM,,1864,0,20,AUG25,1998,wi
7910630,"Barama, Nail",ALG,M,,,,1764,0,20,AUG25,1998,i
7932758,"Barkat, Raouf",ALG,M,,,,1799,0,20,AUG25,1988,
7916973,"Barkat,Abdelouaheb",ALG,M,,,,1859,0,20,AUG25,1996,i
7962550,"Battira, Mohamed",ALG,M,,,,1792,0,40,AUG25,2007,
7950926,"Bedidi, Bouchra",ALG,F,,,,1428,0,40,AUG25,2011,w
7901950,"Bedroune, Soufyane",ALG,M,,,,1900,8,20,AUG25,1982,
7934360,"Beghdadi, Abderrahmene",ALG,M,,,,1464,0,40,AUG25,2011,i
7905440,"Beghriche, Rami Tadjeddine",ALG,M,,,,1846,0,20,AUG25,2005,i
7932235,"Belacel, Abdelbassat",ALG,M,,,,1651,0,40,AUG25,2010,
7913117,"Belagha, Rafik",ALG,M,,,,1605,0,20,AUG25,1986,
7910673,"Belaid, Koceila",ALG,M,,,,1892,0,20,AUG25,2004,
7962975,"Belaidi, Chachnaq",ALG,M,,,,1655,0,20,AUG25,1996,i
7951787,"Belaidi, Yazid",ALG,M,,,,1718,0,20,AUG25,1998,
7947968,"Belarbi, Hicham",ALG,M,,,,1714,0,20,AUG25,1998,i
7914024,"Belarbi,Mohamed Reda",ALG,M,,NA,,1749,0,20,AUG25,1993,
7910282,"Belattar, Ines",ALG,F,WCM,WCM,,1663,0,20,AUG25,2005,wi
7921632,"Belattar, Lila",ALG,F,,,,1455,0,40,AUG25,2011,w
7919662,"Belattar,Mohamed Walid",ALG,M,,,,1547,0,40,AUG25,2010,
7945345,"Beldjoudi, Fadi",ALG,M,,,,1444,0,40,AUG25,2012,i
7902999,"Beldjoudi, Ferhat",ALG,M,,,,1887,0,20,AUG25,1970,i
7942478,"Belgaid, Abderaouf",ALG,M,,,,1657,0,20,AUG25,1995,i
7905467,"Belkhir, Mustapha",ALG,M,,,,1867,0,20,AUG25,1963,i
696358,"Bellahcene, Bilel",ALG,M,GM,,,2578,9,10,AUG25,1998,
7912927,"Bellebcir,Tarek",ALG,M,,,,1929,0,20,AUG25,1975,i
7921667,"Bellemou, Kamal",ALG,M,,,,1600,0,20,AUG25,1997,
7938667,"Bellih, Abou Bakr Essedik",ALG,M,,,,1654,0,20,AUG25,1987,i
7931654,"Bellouze, Fayez",ALG,M,,,,1696,0,40,AUG25,2008,i
7953054,"Belmecheri , Hafsa",ALG,F,,,,1537,0,40,AUG25,2014,w
7900856,"Belouadah, Saad",ALG,M,IM,,,2305,0,20,AUG25,1979,
7900899,"Benabadji, Abderrahmane",ALG,M,,,,1871,0,20,AUG25,1963,
7901879,"Benabdallah , Naim",ALG,M,,,,1867,0,20,AUG25,1979,i
7905149,"Benabdelaziz, Mohamed",ALG,M,,,,1996,0,20,AUG25,1983,i
7961510,"Benabdeslam, Abdelouadoud",ALG,M,,,,1566,0,20,AUG25,2003,i
7920709,"Benaggoun, Nabil",ALG,M,,,,1524,0,20,AUG25,1980,i
7914415,"Benaggoun, Samir",ALG,M,,,,1932,0,20,AUG25,1978,i
7902140,"Benaissa, Imene",ALG,F,,,,1758,0,20,AUG25,1983,wi
7954646,"Benali Abd Allah, Marouane",ALG,M,,,,1527,0,20,AUG25,2005,i
7930810,"Benali, Abdelkrim",ALG,M,,,,1504,0,20,AUG25,2006,i
7962711,"Benamar, Mohamed",ALG,M,,,,1672,0,20,AUG25,1985,
7962282,"Benati, Salas",ALG,M,,,,1436,0,40,AUG25,2015,i
7932782,"Benbekka, Yamane",ALG,M,,,,1626,0,40,AUG25,2009,
7944730,"Benchaba, Ahcene",ALG,M,,,,1756,0,20,AUG25,2000,i
7957106,"Benchibout, Mahdi",ALG,M,,,,1490,0,40,AUG25,2016,
7920059,"Bendamardji, Mahrez",ALG,M,,,,1767,0,20,AUG25,2002,i
7928050,"Bendjaima, Ahmed",ALG,M,,,,1815,0,20,AUG25,2005,i
7908245,"benelouezzane,Mourad",ALG,M,,,,1940,0,20,AUG25,1995,i
7900325,"Bengherabi, Khalil",ALG,M,FM,,,2057,0,20,AUG25,1979,
7900058,"Benhadi,Aziz Madani",ALG,M,IM,,,2060,0,20,AUG25,1958,i
7952490,"Benhadj, Amar Issam",ALG,M,,,,1486,0,40,AUG25,2010,i
7910290,"Benhamada, Khaled",ALG,M,,,,1719,0,20,AUG25,1978,i
7966245,"Benikhlef, Tinhinane",ALG,F,,,,1440,0,40,AUG25,2013,w
7969619,"Benkhanouche, Aida",ALG,F,,,,1481,0,40,AUG25,2010,wi
7935854,"Benkhelifa , Anis",ALG,M,,,,1679,0,40,AUG25,2010,
7932332,"Benkhelifa, Zakaria",ALG,M,,,,1851,0,40,AUG25,2007,
7961740,"Benkhettar, Nidhal",ALG,M,,,,1658,0,20,AUG25,2003,i
7928858,"Benkhoucha, Samy",ALG,M,,,,1861,0,20,AUG25,1999,
7900260,"Benkiar, Djamel",ALG,M,,,,2058,0,20,AUG25,1965,
7902557,"Benkirat, Rabie",ALG,M,,,,1936,0,20,AUG25,1977,i
7908253,"Benkolli, Adel",ALG,M,,,,1635,0,20,AUG25,2001,i
7911505,"Benkolli, Imad",ALG,M,,,,1474,0,20,AUG25,2005,i
7963513,"Benkoulel, Tamim",ALG,M,,,,1551,0,40,AUG25,2009,i
7903413,"Benlaid, Lakhdar",ALG,M,,,,1884,0,20,AUG25,1978,
7965281,"Benlakehal, Ilimas",ALG,M,,,,1448,0,40,AUG25,2010,
7921403,"Benlakehal,Aymen",ALG,M,,,,1709,0,20,AUG25,2002,i
7965885,"Benlemmou, Reda",ALG,M,,,,1818,0,20,AUG25,1999,
7908881,"Benmadani, Yazid",ALG,M,,,,1727,0,20,AUG25,1992,i
7906684,"Benmakrelouf, Mounir",ALG,M,,,,1582,0,20,AUG25,1989,i
7907532,"Benmoussa, Mahmoud",ALG,M,,,,1642,0,20,AUG25,1999,i
7924984,"Bennaceur, Walid",ALG,M,,,,1515,0,20,AUG25,2005,i
7960921,"Benouis, Mohamed Elhadi",ALG,M,,,,1633,0,20,AUG25,2006,
7914849,"Benrekia, Akram",ALG,M,,,,1951,0,20,AUG25,2001,
7914857,"Benrekia, Yacine",ALG,M,,,,1871,0,20,AUG25,2002,i
7904576,"Bensadi, Lotfi",ALG,M,,,,1889,0,20,AUG25,1998,
7904606,"Bensaid,Brahim",ALG,M,,,,1720,0,20,AUG25,1972,
7925379,"Bensalah, Belkacem",ALG,M,,,,1698,0,20,AUG25,1993,i
7918801,"Benseni, Ahmed",ALG,M,,,,1892,0,20,AUG25,1997,
7931727,"Bensidhoum, Ikram",ALG,M,,,,1433,0,40,AUG25,2010,i
7923023,"Bensidi, Abdelmalek",ALG,M,,,,1832,0,40,AUG25,2011,
7923015,"Bensidi, Aya",ALG,F,,,,1483,0,40,AUG25,2007,wi
7949162,"Benssaci, Fares",ALG,M,,,,1498,0,20,AUG25,2003,i
7901283,"Bentoumi, Miloud",ALG,M,,,,2024,0,20,AUG25,1959,i
7903448,"Bentounsi, Abderahim",ALG,M,,,,1925,0,20,AUG25,1975,i
7905548,"Benyahia, Ghilas",ALG,M,,,,1664,0,20,AUG25,2001,
7905556,"Benyahia, Safin",ALG,M,CM,,,1820,0,20,AUG25,2006,
7905564,"Benyahia, Tinhinane",ALG,F,,,,1613,0,20,AUG25,1999,wi
7901640,"Berbeche, Djamel",ALG,M,,,,2111,0,20,AUG25,1978,i
7903456,"Berrached, Mohammed",ALG,M,,,,1963,0,20,AUG25,1979,i
7948891,"Bey, Anes",ALG,M,,,,1720,0,20,AUG25,1988,i
7910312,"Bidi, Abdeljalil",ALG,M,,,,1731,0,20,AUG25,2006,i
7904738,"Blaghdji, Mohamed Rabie",ALG,M,,,,1821,0,20,AUG25,1999,i
7970625,"Bouali, Mohamed",ALG,M,,,,1604,0,20,AUG25,1989,i
7901550,"Bouamra, Kheir-Eddine",ALG,M,,,,1858,0,20,AUG25,1984,i
7951604,"Bouanani, Massinissa",ALG,M,,,,1544,0,40,AUG25,2009,i
7918844,"Bouazdia, Yassine",ALG,M,,,,1862,0,20,AUG25,2000,i
7905602,"Boubendir, Hichem",ALG,M,,,,1734,0,20,AUG25,1999,i
7904991,"Boubendir, Nesrine",ALG,F,,,,1688,0,20,AUG25,2003,wi
7954662,"Boubezzoul, Abdelkader",ALG,M,,,,1575,0,40,AUG25,2008,i
7932820,"Bouchakel, Tarik",ALG,M,,,,1662,0,20,AUG25,1994,i
7931174,"Bouchelil, Mohamed",ALG,M,,,,1594,0,20,AUG25,1994,i
7966105,"Bouchelkia, Abdelmalek",ALG,M,,,,1463,0,40,AUG25,2008,i
7966903,"Bouchentouf, Mohamed Amine",ALG,M,,,,1443,0,20,AUG25,1991,
7948018,"Bouchlile, Ilyes",ALG,M,,,,1478,0,40,AUG25,2011,i
7920733,"Bouchoucha,Mohammed Tayeb",ALG,M,,,,1924,0,20,AUG25,1994,i
7901623,"Boudaoud, Khaled",ALG,M,,,,2180,0,20,AUG25,1977,i
7908440,"Boudechiche,Chemseddine",ALG,M,,,,1561,0,20,AUG25,1991,i
7921683,"Boudeheb, Ishak",ALG,M,,,,1707,0,20,AUG25,2006,i
7915179,"Boudeheb, Maria",ALG,F,,,,1550,0,20,AUG25,2003,wi
7910320,"Boudersa, Mohamed",ALG,M,,,,1651,0,20,AUG25,1972,i
7911351,"Boudjoghra, Adleine",ALG,M,,,,1837,0,20,AUG25,1982,i
7903464,"Boudjourfa, Adlane",ALG,M,,,,1969,0,20,AUG25,1979,i
7908270,"Boughambouz, Mehdi",ALG,M,,,,1854,0,20,AUG25,1989,
7963025,"Boughanmi, Imed Eddine",ALG,M,,,,1567,0,20,AUG25,2001,i
7968590,"Bougheraba, Mohamed",ALG,M,,,,1413,0,40,AUG25,2015,i
7921420,"Bouguerne, Fouzi",ALG,M,,,,1929,0,20,AUG25,1988,
7927177,"Bouhada, Hamza",ALG,M,,,,AIM,1717,0,AUG25,1996,i
7900678,"Bouhaddad, Abdelkrim",ALG,M,,,,2134,0,20,AUG25,1975,i
7900546,"Bouhadi, Abderrahim",ALG,M,FM,,,1945,0,20,AUG25,1997,i
7966288,"Bouhadiba, Yanis",ALG,M,,,,1534,0,40,AUG25,2014,
7904746,"Bouhadjar, Nabil",ALG,M,,,,2111,0,20,AUG25,0,i
7926243,"Bouhala, Sefale",ALG,M,,,,1560,0,40,AUG25,2007,i
7943784,"Bouhini, Ameziane",ALG,M,,,,1459,0,40,AUG25,2013,
7943792,"Bouhini, Arezki",ALG,M,,,,1683,0,40,AUG25,2010,
7958692,"Bouhini, Assalas",ALG,M,,,,1549,0,40,AUG25,2016,
7925042,"Bouhlala, Samir",ALG,M,,,,1888,0,20,AUG25,1999,i
7943083,"Bouhouia , Kamel",ALG,M,,NA,,1512,0,20,AUG25,1981,i
7916620,"Boukazata, Djamel",ALG,M,,,,1809,0,20,AUG25,1963,i
7902166,"Boulahouache, Djamel Eddine",ALG,M,,,,1842,0,20,AUG25,1987,i
7938454,"Boulkaria, Zouhra",ALG,F,,,,1552,0,40,AUG25,2012,w
7901062,"Boulkrouche, Yacine",ALG,M,,,,2022,0,20,AUG25,1968,i
7907559,"Boulrens, Ala Eddine",ALG,M,,,,2104,0,20,AUG25,2000,
7930445,"Boumaaraf, Abderraouf",ALG,M,,,,1663,0,20,AUG25,1994,i
7939221,"Boumaraf, Oussama",ALG,M,,,,1662,0,20,AUG25,1995,i
7917007,"Boumegouas, Ali",ALG,M,,,,1840,0,20,AUG25,1979,i
7930453,"Boumezbeur, Mohamed El Amine",ALG,M,,,,1507,0,20,AUG25,1996,i
7923295,"Bounakala, Redha",ALG,M,,,,1694,0,20,AUG25,2003,i
7945116,"Bounatiro, Mohamed El Achref",ALG,M,,,,1613,0,20,AUG25,1991,
7901208,"Bounehas, Halim",ALG,M,,FI,,1858,0,20,AUG25,1953,i
7974531,"Bounouar, Habib",ALG,M,,,,1436,0,20,AUG25,1988,
7910738,"Bourai,Rayane",ALG,M,,,,1522,0,20,AUG25,2006,i
7917210,"Bouras, Ismail",ALG,M,,,,1636,0,40,AUG25,2009,
7920750,"Boureghda, Reda",ALG,M,,,,1647,0,20,AUG25,1985,i
7906374,"Bouremana, Abbes",ALG,M,,,,1776,0,20,AUG25,1973,i
7955715,"Bousehaba, Abdelkader",ALG,M,,,,1682,0,20,AUG25,1992,
7932189,"Bousehla, Maissa",ALG,F,,,,1439,0,40,AUG25,2011,wi
7930828,"Bousehla, Majda",ALG,F,,,,1501,0,40,AUG25,2011,wi
7925085,"Bousehla, Manel",ALG,F,,,,1678,0,40,AUG25,2007,wi
7965729,"Bouslah, Abderrahmane",ALG,M,,,,1522,0,20,AUG25,2004,
7900708,"Bousmaha, Abderrahmane",ALG,M,,,,2037,0,20,AUG25,1959,i
7937954,"Bousmaha, Amjed Mahmoud",ALG,M,,,,1407,0,40,AUG25,2007,i
26064723,"Bousmaha, Wassel",ALG,M,FM,,,1942,0,20,AUG25,2005,i
7920768,"Boutabza, Mohamed",ALG,M,,,,1805,0,20,AUG25,1976,i
7917112,"Boutabza, Rabah",ALG,M,,,,1626,0,20,AUG25,1976,i
7958030,"Boutagra, Aymane Imad",ALG,M,,,,1622,0,20,AUG25,2003,
7934203,"Boutahri,Hanan",ALG,F,,,,1415,0,20,AUG25,1984,w
7925816,"Boutaleb, Mohamed Rayane",ALG,M,,,,1662,0,20,AUG25,2006,i
7905270,"Boutaleb, Reda",ALG,M,,,,1804,0,20,AUG25,1973,i
7927436,"Boutchicha, Nabil",ALG,M,,,,1677,0,20,AUG25,2006,i
7927304,"Boutchicha, Rachid",ALG,M,,,,1766,0,20,AUG25,1973,i
7927444,"Boutchicha, Yacine",ALG,M,,,,1515,0,20,AUG25,2005,i
7910029,"Boutiti, Fatima Zohra",ALG,F,,,,1586,0,20,AUG25,1991,wi
7919697,"Bouyoucef, Redha",ALG,M,,,,1768,0,20,AUG25,1983,i
7904240,"Bouzemlal, Imed",ALG,M,,,,1930,0,20,AUG25,1987,i
7961782,"Bouzid, Racim",ALG,M,,,,1627,0,40,AUG25,2011,i
7961790,"Bouzid, Salah",ALG,M,,,,1594,0,20,AUG25,1963,
7962584,"Bouzidi, Dia Eddine",ALG,M,,,,1667,0,20,AUG25,2006,
7920172,"Bouzidi, Louanas",ALG,M,,,,1595,0,20,AUG25,1978,
7902174,"Bouznad, Noureddine",ALG,M,,,,1662,0,20,AUG25,1970,i
7905637,"Brahami, Lamine",ALG,M,IM,,,2153,0,20,AUG25,2002,i
7905645,"Brahami,Lyes",ALG,M,,NA,,1938,0,20,AUG25,2000,
7905653,"Brahami,Yanis",ALG,M,,,,1698,0,20,AUG25,2005,i
7920601,"Brahim Djelloul, Ahmed",ALG,M,,,,1576,0,40,AUG25,2009,i
7913680,"Brahimi, Abderahim",ALG,M,CM,,,1635,0,40,AUG25,2007,
7961014,"Brahimi, Nail",ALG,M,,,,1562,0,20,AUG25,1996,
7907214,"Brahmi, Amine",ALG,M,,,,1790,0,20,AUG25,1986,i
7903766,"Brahmi, Mustapha",ALG,M,,,,1854,0,20,AUG25,1987,i
7943326,"Chabane , Abdelkader",ALG,M,,,,1501,0,20,AUG25,1969,i
7913699,"Chabane, Amine",ALG,M,,,,1614,0,40,AUG25,2007,i
7915063,"Chabane,Lina",ALG,F,WCM,WCM,,1562,0,20,AUG25,2005,wi
7950551,"Chader, Mohamed Abdeslam",ALG,M,,,,1588,0,40,AUG25,2007,i
7905068,"Chadi,Lynda",ALG,F,,,,1629,0,20,AUG25,1997,wi
7948557,"Chafai, Ryad",ALG,M,,,,1538,0,20,AUG25,2002,i
7903774,"Chaib, Mohamed Amine",ALG,M,,,,1917,0,20,AUG25,1994,i
7943806,"Chaili, Yasser Idris",ALG,M,,,,1696,0,40,AUG25,2010,
7912978,"Chakali, Saadane",ALG,M,,,,1680,0,20,AUG25,1974,i
7903200,"Chami, Mhamed",ALG,M,,,,1659,0,20,AUG25,1971,i
7942788,"Chaouche,Abdelkader",ALG,M,,,,1665,0,20,AUG25,1974,i
7913150,"Chaoui, Zakaria",ALG,M,,,,1843,0,20,AUG25,1986,i
7916809,"Cheber , Houssem",ALG,M,,,,1836,0,20,AUG25,1981,i
7924615,"Chebli, Sami",ALG,M,,,,1995,0,20,AUG25,1984,i
7908512,"Chekired,Okba",ALG,M,,,,1681,0,20,AUG25,2002,i
7913710,"Chemmachemma, Malik",ALG,M,,,,1465,0,20,AUG25,2003,i
7902670,"Cherif, Mohamed Abdellah",ALG,M,,,,2113,0,20,AUG25,1983,i
7905696,"Cherifi, Fateh",ALG,M,,,,1875,0,20,AUG25,1996,i
7904789,"Cherifi, Zouhir",ALG,M,,,,1762,0,20,AUG25,1993,i
7907680,"Cherifi,Razik",ALG,M,,,,1930,0,20,AUG25,1998,i
7902590,"Cherrad, Mounir",ALG,M,,,,1632,0,20,AUG25,1970,i
7904010,"Chibane, Nabila",ALG,F,,,,1579,0,20,AUG25,1998,wi
7945604,"Chouachi, Yassine",ALG,M,,,,1658,0,20,AUG25,2001,i
7922850,"Chouder, Yahia El Hakim",ALG,M,,,,1447,0,20,AUG25,2000,i
7902565,"Choufa, Mohamed Ridha",ALG,M,,,,1732,0,20,AUG25,1970,i
7903502,"Daadi, Halima",ALG,F,,,,1674,0,20,AUG25,1993,wi
7959460,"Daas, Abdelouaheb",ALG,M,,,,1470,0,40,AUG25,2015,
7958277,"Daas, Med Lemnaouar",ALG,M,,,,1623,0,40,AUG25,2009,
7946155,"Dacher, Djaber",ALG,M,,,,1746,0,20,AUG25,1997,i
7903049,"Dahel, Abdelhamid",ALG,M,,,,1842,0,20,AUG25,1967,i
7917236,"Dahmani,Aya maylina",ALG,F,,,,1449,0,40,AUG25,2008,wi
7903359,"Daho,mohammed",ALG,M,,,,1934,0,20,AUG25,1975,i
7914687,"Daoud, Zoheyr",ALG,M,,,,1820,0,20,AUG25,1982,i
7967373,"De Raphelis-Soissan, Benjmin",ALG,M,,,,1583,6,40,AUG25,2009,
7939230,"Deboosere, Adam Moussa",ALG,M,,,,1758,0,20,AUG25,1995,
7919050,"Dekkiche, Mohamed Rafik",ALG,M,,,,1789,0,20,AUG25,1988,i
7907567,"Delmi, Wassim",ALG,M,,,,1806,0,20,AUG25,1998,i
7945280,"Dendougui, Brahim Elkhalil",ALG,M,,,,1711,0,20,AUG25,1997,
7908679,"Derdeche, Oussama",ALG,M,,,,1794,0,20,AUG25,1993,i
7947410,"Dida, Abdellah",ALG,M,,,,1524,0,20,AUG25,1988,i
7969325,"Dioubi, Abderrahmane",ALG,M,,,,1635,0,20,AUG25,2002,
7900937,"Djaballah, Farouk",ALG,M,,,,2022,0,20,AUG25,1974,i
7905726,"Djabri, Massinas",ALG,M,FM,,,2182,0,20,AUG25,2001,i
7931778,"Djabri, Rayane",ALG,M,,,,1565,0,20,AUG25,2006,i
7952520,"Djaidja, Heitham Wassim",ALG,M,,,,1739,0,40,AUG25,2011,i
7953950,"Djaidja, Ramy",ALG,M,,,,1872,0,20,AUG25,1995,i
7975783,Djanti Mohemmed Islem,ALG,M,,,,1598,0,20,AUG25,2002,
7930836,"Djebbari , Zakaria Abdelkader",ALG,M,,,,1630,0,20,AUG25,2000,i
7949022,"Djebbari, Khamis",ALG,M,,,,1689,0,20,AUG25,1992,i
7905181,"Djeddi , Salah Eddine",ALG,M,,,,1881,0,20,AUG25,1965,i
7909853,"Djeddi, Ismahane",ALG,F,,,,1515,0,20,AUG25,2004,wi
7909861,"Djeddi, Louiza",ALG,F,,,,1629,0,20,AUG25,2003,wi
7902220,"Djeddi, Mohamed",ALG,M,,,,1870,0,20,AUG25,1971,i
7971028,"Djellaoui, Saleh",ALG,M,,,,1536,0,20,AUG25,1994,
7933665,"Djelmami , Said",ALG,M,,,,1571,0,20,AUG25,2000,
7903790,"Djema, Abdennour",ALG,M,,,,1781,0,20,AUG25,1980,
7905742,"Djemaa, Hoda",ALG,F,,,,1546,0,20,AUG25,2002,wi
7938152,"Djenan , Samir",ALG,M,,,,1700,0,20,AUG25,2001,i
7964153,Djermouni Mohammed Sofiane,ALG,M,,,,1585,0,20,AUG25,1994,
7948581,"Djerroud, Adam",ALG,M,,,,1596,0,40,AUG25,2017,i
7910762,"Djerroud, Chahrazad",ALG,F,WCM,WCM,,1771,0,20,AUG25,2006,wi
7910770,"Djerroud, Gaya",ALG,M,,,,1613,0,20,AUG25,2004,i
7931824,"Djerroud, Lahna",ALG,F,,,,1595,0,40,AUG25,2012,wi
7925123,"Djibtrouhi, Mustapha",ALG,M,,,,1762,0,40,AUG25,2008,
7925450,"Djillali, Ahmed",ALG,M,,,,1478,0,40,AUG25,2011,i
7925468,"Djillali, Aymen",ALG,M,,,,1429,0,40,AUG25,2009,i
7900953,"Dorbane, Khaled",ALG,M,,,,2087,0,20,AUG25,1980,
7931239,"Doucene, Abdelhadi",ALG,M,,,,1504,0,20,AUG25,1965,i
7911866,"Doucene,Ayoub",ALG,M,,,,1545,0,20,AUG25,2006,i
7911874,"Doucene,Farouk",ALG,M,,,,1648,0,40,AUG25,2007,i
7925840,"Doucene,Younes",ALG,M,,,,1522,0,40,AUG25,2010,i
7922248,"Doukari,Ali",ALG,M,,,,1811,0,20,AUG25,1956,i
7968485,"Doumane, Anes",ALG,M,,,,1566,0,20,AUG25,2006,
7961812,"Doumane, Elmahdi",ALG,M,,,,1605,0,20,AUG25,2001,
7961820,"Doumane, Hichem",ALG,M,,,,1737,0,20,AUG25,2002,
7924798,"Drablia, Hillel",ALG,M,,,,1709,0,20,AUG25,1993,i
7918860,"El Bahi, Taher",ALG,M,,,,1673,0,20,AUG25,1999,i
7937962,"El Gharbi, Meriem",ALG,F,,,,1401,0,40,AUG25,2011,wi
7918070,"Elbahi,Tahar",ALG,M,,,,1917,0,20,AUG25,1999,i
7902263,"Elhamel, Mourad",ALG,M,,,,1755,0,20,AUG25,1982,i
7906781,"Elimam, Wissam",ALG,M,,,,1894,0,20,AUG25,1977,i
7904274,"Faid,Abdelkader",ALG,M,,,,1730,0,20,AUG25,1975,i
7914440,"Fantazi, Hilal",ALG,M,,,,1734,0,20,AUG25,1979,i
7935269,"Farah, Lazhar",ALG,M,,,,1652,0,20,AUG25,1964,i
7910436,"Farah, Souleimane Maher",ALG,M,,,,1871,0,20,AUG25,2000,
7931832,"Fartas, Toufik",ALG,M,,,,1509,0,20,AUG25,1983,i
7913893,"Fellah, Fouad Aimen",ALG,M,,,,1618,0,20,AUG25,2001,i
7901100,"Fellah, Mohamed Amine",ALG,M,CM,,,2064,0,20,AUG25,1984,i
7925263,"Fengal, Zineddine",ALG,M,,,,1520,0,40,AUG25,2009,
7912153,"Ferahi, Tarik",ALG,M,,,,1650,0,20,AUG25,1983,
7965745,"Ferdjouni, Mohamed El Hadi",ALG,M,,,,1550,0,20,AUG25,2004,
7900740,"Ferhi, Djamel",ALG,M,,,,2099,0,20,AUG25,1984,
7933029,"Fermas, Massinissa",ALG,M,,FA,,1459,0,20,AUG25,1991,i
7904568,"Fermas, Walid",ALG,M,,"AO,IA",,1572,0,20,AUG25,1988,i
7913737,"Ferrad,Mohamed Amine",ALG,M,,,,1529,0,20,AUG25,2005,i
7905815,"Ferrah , Rabah",ALG,M,,,,1681,0,20,AUG25,1969,i
7901569,"Ferrah, Hacene",ALG,M,,,,1802,0,20,AUG25,1965,i
7927207,"Fortas , Mohamed El Acil",ALG,M,,,,1669,0,20,AUG25,2004,i
7923066,"Gani, Mohand Cherif",ALG,M,,,,1849,0,20,AUG25,1994,i
7938810,"Ganouche, Youcef",ALG,M,,,,1784,0,20,AUG25,1995,
7917031,"Gasmi , Mustapha",ALG,M,,,,1569,0,20,AUG25,1985,i
7904029,"Ghanem, Yasmine",ALG,F,,,,1727,0,20,AUG25,1994,wi
7925492,"Ghanem, Youcef",ALG,M,,,,1636,0,20,AUG25,1988,
7901135,"Ghebache,Nourreddine",ALG,M,,,,2136,0,20,AUG25,1980,i
7912358,"Gherabli, Mohamed",ALG,M,,DI,,1688,0,20,AUG25,2003,
7925166,"Ghezali,Abdelhalim essddik youcef",ALG,M,,,,1687,0,20,AUG25,2006,
7900821,"Ghimouz, Chakib",ALG,M,,,,1976,0,20,AUG25,1980,i
7901976,"Ghlib,Boutouchent",ALG,M,,,,2088,0,20,AUG25,1979,i
7948751,"Ghomri, Abdelwahab",ALG,M,,,,1803,0,20,AUG25,1999,i
7974515,"Ghouti, Yasser",ALG,M,,,,1434,0,20,AUG25,2006,
7967993,"Gouasmi, Yasser Billal",ALG,M,,,,1510,0,40,AUG25,2012,
7921730,"Goudjili, Riadh",ALG,M,,,,1804,0,20,AUG25,1995,i
7925506,"Gourari, Khaled",ALG,M,,,,1816,0,20,AUG25,1993,
7901305,"Gourari, Moustafa",ALG,M,,,,2073,0,20,AUG25,1988,i
7970668,"Graine, Mohamed Amine",ALG,M,,,,1481,0,20,AUG25,1980,
7935277,"Guebaili, Abdelkrim",ALG,M,,,,1813,0,20,AUG25,1972,i
7907168,"Guenadez, Amina",ALG,F,WFM,WFM,,1713,0,20,AUG25,2000,wi
7908830,"Guenadez,Maria",ALG,F,,,,1546,0,40,AUG25,2007,wi
7908326,"Guenadez,Mohamed Salah Adem",ALG,M,,,,1644,0,20,AUG25,2003,i
7930577,"Guenfoud, Akil",ALG,M,,,,1500,0,40,AUG25,2009,i
7930585,"Guenfoud, Mohamed Dhiya Elhaq",ALG,M,,,,1597,0,40,AUG25,2011,i
7921101,"Guerbas, Djamel",ALG,M,,,,1792,0,20,AUG25,1977,i
7903227,"Guergour, Nadjib",ALG,M,,,,1750,0,20,AUG25,1965,
7900511,"Gueroui, Nacereddine",ALG,M,,NA,,1918,0,20,AUG25,1969,
7928793,"Guerram, Youcef",ALG,M,,,,1614,0,20,AUG25,1994,i
7908458,"guettiche,Louis",ALG,M,,,,1800,0,20,AUG25,1963,i
7943024,"Habes, Meriem Batoul",ALG,F,,,,1616,0,40,AUG25,2010,w
7960026,"Habib, Salah Mounir",ALG,M,,,,1545,0,20,AUG25,2000,i
7908695,"Haddad, Brahim",ALG,M,,,,1911,0,20,AUG25,1960,i
7935951,"Haddadi, Alycia",ALG,F,,,,1469,0,40,AUG25,2008,w
7910789,"Haddadi,Mazigh",ALG,M,,,,1671,0,20,AUG25,2001,i
7903057,"Haddouche, Belabbas",ALG,M,,,,1867,0,20,AUG25,1953,i
7900660,"Haddouche, Mohamed",ALG,M,GM,FT,,2443,0,10,AUG25,1984,i
7921748,"Hadj Mohamed, Mohamed",ALG,M,,,,1754,0,20,AUG25,1984,i
7938284,"Hadjadj, Sebti",ALG,M,,,,1644,0,20,AUG25,1989,i
7921756,"Hadjallah, Hadjallah Riadh",ALG,M,,,,AFM,1670,0,AUG25,2002,
7916060,"Hadji, Madjed",ALG,M,,,,1848,0,20,AUG25,1993,i
7917295,"Hadjout, Ilyna",ALG,F,,,,1659,0,40,AUG25,2010,w
7917309,"Hadjout, Lynda",ALG,F,,,,1440,0,40,AUG25,2008,wi
7931450,"Hafidhi , Mohamed Rachid",ALG,M,,,,1552,0,20,AUG25,1996,i
7962592,"Halimi, Rami",ALG,M,,,,1637,0,20,AUG25,1998,
7923376,"Hallal, Kamel",ALG,M,,,,1716,0,20,AUG25,1967,i
7924887,"Hallal,Tarik",ALG,M,,,,1880,0,20,AUG25,2005,i
7960034,"Halloub, Mohamed",ALG,M,,,,1582,0,20,AUG25,1993,i
7928211,"Halmouche, Chikh",ALG,M,,,,1512,0,20,AUG25,1987,i
7904037,"Hamadou, Chaima",ALG,F,,,,1499,0,20,AUG25,1999,wi
7961839,"Hamdad, Rafik",ALG,M,,,,1677,0,20,AUG25,1977,i
7903820,"Hamdan, Abderahmane El Hadi",ALG,M,,,,2076,0,20,AUG25,1986,i
7908334,"Hamdi, Yacine",ALG,M,,,,1498,0,20,AUG25,1995,i
7918488,"Hamida, Cheref",ALG,M,,,,1789,0,20,AUG25,1985,i
7929161,"Hamidou,Farid",ALG,M,,,,1704,0,20,AUG25,1994,i
7937300,"Hamidouche, Chawki",ALG,M,,,,1531,0,20,AUG25,1990,i
7903235,"Hamira, Abdelatif",ALG,M,,,,1985,0,20,AUG25,1988,
7902280,"Hamla, Nabil",ALG,M,,,,1924,0,20,AUG25,1949,i
7902824,"Hamlaoui, Asma",ALG,F,WFM,WFM,,1821,0,20,AUG25,1997,wi
7900180,"Hammadi, Djamel",ALG,M,,,,2096,0,20,AUG25,1971,i
7920202,"Hammadi, Mehdi",ALG,M,,,,1590,0,40,AUG25,2007,i
7920792,"Hammadi, Mohamed",ALG,M,,,,1782,0,20,AUG25,1955,i
7920210,"Hammadi, Rayane",ALG,M,,,,1699,0,40,AUG25,2008,
7905025,"Hamouche, Kahina",ALG,F,,NA,,1592,0,20,AUG25,1985,wi
7907117,"Hamoud, Ahmed",ALG,M,,,,1793,0,20,AUG25,1995,i
7908954,"Hamoud, Mohamed",ALG,M,,,,1839,0,20,AUG25,1963,i
7913168,"Hamoudi, Ahmed",ALG,M,,,,1899,0,20,AUG25,1989,i
7923074,"Hamoudi, Nedjmeddine",ALG,M,,,,1851,0,20,AUG25,1991,i
7922876,"Hamoudi,Chaker",ALG,M,,,,1800,0,20,AUG25,1998,i
7905874,"Hamoum, Abdelhalim",ALG,M,,FA,,1703,0,20,AUG25,2002,i
7901160,"Hamza, Amira",ALG,F,WIM,WIM,,1946,0,20,AUG25,1991,wi
7969376,"Hanache, Meriem",ALG,F,,,,1426,0,40,AUG25,2012,w
7942583,"Hanachi, Abderahmane",ALG,M,,,,1711,0,40,AUG25,2012,i
7900805,"Hanchour, Baroudi",ALG,M,,,,2107,0,20,AUG25,1971,i
7945698,"Hanchour, Farid",ALG,M,,,,1707,0,20,AUG25,1988,i
7900082,"Hannoun, Noureddine",ALG,M,CM,,,2213,0,20,AUG25,1967,i
7905890,"Harbi, Abdelhamid",ALG,M,,,,1678,0,20,AUG25,1968,
7902298,"Harbouche, Samir",ALG,M,,,,1846,0,20,AUG25,1971,i
7905190,"Harichane, Bassem",ALG,M,,,,1850,0,20,AUG25,1982,i
7958315,"Harkat, Abdessamed",ALG,M,,,,1682,0,20,AUG25,2006,i
7924577,"Hassad,Badri",ALG,M,,NA,,1639,0,20,AUG25,1980,i
7965338,"Hasssounat, Adnane",ALG,M,,,,1661,0,20,AUG25,2002,
7908342,"Hazem, Ouijdene Rayene",ALG,F,,,,1524,0,20,AUG25,2005,wi
7955189,"Hazzab, Anas",ALG,M,,,,1551,0,20,AUG25,2003,i
7920806,"Hazzam, Djemai",ALG,M,,,,1728,0,20,AUG25,1984,i
7912749,"Hellal,Noureddine",ALG,M,,,,1532,0,20,AUG25,1984,i
7961146,"Henni, Louai Abd El Mouhaimen",ALG,M,,,,1463,0,20,AUG25,2006,i
7900171,"Henni, Mohamed",ALG,M,IM,,,2253,0,20,AUG25,1977,i
7906820,"Herrous, Nabil",ALG,M,,,,1701,0,20,AUG25,1973,i
7916132,"Hmamed, Oussama",ALG,M,,,,1821,0,20,AUG25,1997,i
7938772,"Houria, Mohamed Seghir",ALG,M,,,,1545,0,20,AUG25,2000,
7964099,"Ibaazizen, Amel",ALG,F,,,,1421,0,40,AUG25,2013,wi
7964021,"Ibaazizen, Sofiane",ALG,M,,,,1475,0,40,AUG25,2013,i
7951574,"Ibazizen, Layachi",ALG,M,,,,1434,0,20,AUG25,1998,i
7905009,"Ibbou, Schahinez",ALG,F,,,,1571,0,20,AUG25,2000,wi
7903545,"Iboud, Samir",ALG,M,,,,1800,0,20,AUG25,1975,
7905904,"Idir, Omar",ALG,M,,,,1773,0,20,AUG25,2002,i
7910100,"Idjeri, Yanis",ALG,M,,,,1986,0,20,AUG25,1991,i
7926340,"Igoucimen, Salima",ALG,F,,,,1492,0,40,AUG25,2007,w
7926014,"Ikhlef, Adnane",ALG,M,,,,1646,0,20,AUG25,1985,i
7971958,"Ilias, Belhadj",ALG,M,,,,1586,0,20,AUG25,1974,
7948611,"Imadali, Maya",ALG,F,,,,1421,0,40,AUG25,2009,w
7945370,"Imestouren, Azwaw",ALG,M,,,,1444,0,40,AUG25,2009,i
7902301,"Ioualalen, Lotfi",ALG,M,,SI,,2081,0,20,AUG25,1980,i
7949294,"Iskounen, Tinhinane",ALG,F,,,,1417,0,40,AUG25,2011,w
7949308,"Iskounen, Yani",ALG,M,,,,1464,0,40,AUG25,2013,
7954034,"Kaced, Wassim Aymen",ALG,M,,,,1614,0,20,AUG25,2000,i
7908105,"Kacem, Abdelkader",ALG,M,,,,1835,0,20,AUG25,2005,i
7907575,"Kacem, Mohamed",ALG,M,,,,1747,0,20,AUG25,1999,i
7947879,"Kacemi, Yacine",ALG,M,,,,1817,0,20,AUG25,1989,i
7969678,"Kadari, Mouataz Abdeljalil",ALG,M,,,,1599,0,20,AUG25,2004,i
7932910,"Kadded, Oussama",ALG,M,,,,1555,0,20,AUG25,1990,i
7901127,"Kadi, Mohamed El Mouldi",ALG,M,,,,2082,0,20,AUG25,1979,i
7904320,"Kadiri, Mustapha Kamel",ALG,M,,,,1906,0,20,AUG25,1972,i
7954042,"Kadji, Hany",ALG,M,,,,1443,0,20,AUG25,1976,i
7954956,"Kadri, Massinissa",ALG,M,,,,1606,0,20,AUG25,1997,i
7908709,"Kahla, Amor",ALG,M,,,,1935,0,20,AUG25,1975,i
7937113,"Kahloul, Ishak",ALG,M,,,,1654,0,40,AUG25,2010,i
7937130,"Kahloul, Yasser",ALG,M,,,,1530,0,20,AUG25,2006,i
7902689,"Kahmane, Toufik",ALG,M,,,,1896,0,20,AUG25,1981,i
7963076,"Kaibi, Abdennour",ALG,M,,,,1537,0,20,AUG25,1981,i
7918097,"Kamal Eddine,Mohamed",ALG,M,,,,1794,0,20,AUG25,1980,i
7931948,"Kasmi, Abdel-Amine",ALG,M,,,,1567,0,20,AUG25,1994,
7929200,"Kassa, Redouane",ALG,M,,,,1723,0,20,AUG25,1979,i
7970919,"Kechacha, Othmane",ALG,M,,,,1429,0,20,AUG25,2005,
7920814,"Kechat, Farouk",ALG,M,,,,1723,0,20,AUG25,1982,i
7937504,"Kedadouche, Ciliane",ALG,M,,,,1784,0,40,AUG25,2009,
7936079,"Kemacha, Wassim",ALG,M,,,,1553,0,40,AUG25,2008,
7917937,"Kendi, Maher",ALG,M,,,,1614,0,40,AUG25,2008,i
7904339,"Kendi, Sid Ali",ALG,M,,,,1909,0,20,AUG25,1976,i
7920237,"Kerkar, Essaid",ALG,M,,,,1484,0,40,AUG25,2007,i
7926413,"Kerkar, Lyes",ALG,M,,,,1483,0,40,AUG25,2009,i
7943342,"Keroumi, Benamar",ALG,M,,,,1642,0,20,AUG25,1971,i
7955774,"Kerrout, Farid",ALG,M,,,,1605,0,20,AUG25,1994,i
7946210,"Kesri, Chouki",ALG,M,,,,1733,0,20,AUG25,1993,i
7906463,"Kesri, Mohamed elghazali",ALG,M,,,,1736,0,20,AUG25,1966,i
7936087,"Kessi, Abdelghani",ALG,M,,,,1559,0,20,AUG25,1993,i
7961847,"Khadraoui, Oussama",ALG,M,,,,1742,0,20,AUG25,1989,i
7901046,"Khair, Adem",ALG,M,,,,2057,0,20,AUG25,1977,i
7954077,"Khaldi, Mokrane",ALG,M,,,,1669,0,20,AUG25,1994,i
7907583,"Khaldi,Houcine",ALG,M,,,,1701,0,20,AUG25,2000,i
7965168,"Khaldoun, Sina Aghiles",ALG,M,,,,1464,0,40,AUG25,2009,
7964498,"Khaouni, Assam",ALG,M,,,,1673,0,20,AUG25,1999,
7908717,"Kharif, Hafid",ALG,M,,,,1848,0,20,AUG25,1964,i
7952384,"Khefif, Mohamed",ALG,M,,,,1689,0,20,AUG25,1974,i
7943113,"Khelfallah , Ikhlas",ALG,F,,,,1446,0,40,AUG25,2015,w
7900988,"Khelfallah, Omar Badreddine",ALG,M,CM,FT,,2047,0,20,AUG25,1982,
7910843,"Khelladi, Elias",ALG,M,,,,1432,0,20,AUG25,2006,i
7935471,"Khemissi, Mourad",ALG,M,,,,1533,0,20,AUG25,1989,i
7902310,"Khennous, Fares",ALG,M,,,,1948,0,20,AUG25,1990,
7957408,"Khennous, Kassa",ALG,M,,,,1481,0,20,AUG25,1996,
7903561,"Kherbache, Mouloud",ALG,M,,,,1977,0,20,AUG25,1982,i
7918666,"Kherrat, Mohamed Elhabib",ALG,M,,,,1606,0,20,AUG25,1999,
7908350,"Khetabi, Radi",ALG,M,,,,1692,0,20,AUG25,2001,i
7954085,"Khichane, Abdelaziz",ALG,M,,,,1470,0,40,AUG25,2009,i
7942257,"Khider, Amilia",ALG,F,,,,1594,0,40,AUG25,2012,w
7909390,"Kouyane, Mohamed",ALG,M,,,,1815,0,20,AUG25,0,i
7970692,"Krimi, Mohamed Amine",ALG,M,,,,1615,0,20,AUG25,1987,
7946244,"Labiad, Mohamed Radhouane",ALG,M,,,,1518,0,20,AUG25,1997,i
7954093,"Lachache, Mohamed",ALG,M,,,,1506,0,20,AUG25,1996,
7912447,"Lagab, Lina",ALG,F,WCM,WCM,,1674,0,40,AUG25,2007,wi
7966474,"Lakhlef, Sara",ALG,F,,,,1624,0,20,AUG25,2005,w
7908865,"Lalam,Rayane",ALG,M,,,,1772,0,20,AUG25,2005,i
7900481,"Lalaoui, Feriel",ALG,F,WFM,WFM,,1819,0,20,AUG25,1995,wi
7901712,"Lalmi, Anouar",ALG,M,,,,2059,0,20,AUG25,1983,i
7907125,"Lalouani, Mokhtar",ALG,M,,,,1924,0,20,AUG25,1979,i
7928262,"Lalouani, Toufik",ALG,M,,,,1718,0,20,AUG25,1982,i
7929226,"Lamara, Abdennour",ALG,M,,,,1612,0,20,AUG25,1988,i
7932634,"Lamri, Tarek",ALG,M,,,,1694,0,40,AUG25,2009,
7913176,"Laouar , Adnane",ALG,M,,,,1872,0,20,AUG25,1986,i
7903570,"Lardjani, Slimane",ALG,M,,,,1926,0,20,AUG25,1971,i
7948190,"Laribi, Malik",ALG,M,,,,1463,0,40,AUG25,2010,i
7955871,"Laroussi , Mohammed",ALG,M,,,,1660,0,20,AUG25,1992,i
7918224,"Latreche, Fethi",ALG,M,,,,1680,0,20,AUG25,1982,i
7901780,"Latreche, Khadidja",ALG,F,WIM,WIM,"SI,FI,NA",1893,0,20,AUG25,1990,w
7901798,"Latreche, Sabrina",ALG,F,WIM,WIM,,1966,0,20,AUG25,1993,w
7948204,"Lazergui, Habib",ALG,M,,,,1594,0,20,AUG25,1980,i
7912463,"Leffad , Samy",ALG,M,FM,,,1996,0,20,AUG25,2002,i
7901992,"Lekhchine , Riad",ALG,M,,FA,,1987,0,20,AUG25,1978,i
7903090,"Lerari, Said",ALG,M,,,,2055,0,20,AUG25,1967,i
7946880,"Maafa, Ahmed",ALG,M,,,,1529,0,20,AUG25,1999,i
7907915,"Maakni, Assia",ALG,F,WFM,WFM,,1739,0,20,AUG25,2000,wi
7956118,"Machetti, Imad",ALG,M,,,,1665,0,20,AUG25,2002,i
7928289,"Madaci, Mohamed",ALG,M,,,,1626,0,20,AUG25,1968,i
7910860,"Mahdi, Billel",ALG,M,,,,1584,0,20,AUG25,2005,i
7937199,"Mahdid, Nacerallah",ALG,M,,,,1441,0,20,AUG25,2006,i
7902697,"Mahfouf,El Hachemi",ALG,M,,,,1812,0,20,AUG25,1965,i
7921489,"Mahieddine, Youcef",ALG,M,,,,1642,0,20,AUG25,2002,i
7908121,"Mahieddine,Abdallah",ALG,M,,,,1765,0,20,AUG25,1996,i
7927231,"Mairi, Anis",ALG,M,,,,1800,0,20,AUG25,1996,i
7961545,"Makhlouf, Mohamed Yacine",ALG,M,,,,1831,0,40,AUG25,2008,i
7939272,"Makhzoum, Mohamed Amine",ALG,M,,,,1797,0,20,AUG25,2004,i
7966776,"Maksene, Hichem",ALG,M,,,,1579,0,20,AUG25,2000,i
7967683,"Mamene, Raid",ALG,M,,,,1445,0,20,AUG25,2002,
7909918,"Mammeri, Inssaf",ALG,F,,,,1641,0,20,AUG25,2002,wi
7902352,"Mani, Yahia",ALG,M,,,,1710,0,20,AUG25,1963,i
7917945,"Mansoura, Redouane",ALG,M,,,,1685,0,20,AUG25,1980,i
7900929,"Maouchi, Amina",ALG,F,WIM,WIM,,1768,0,20,AUG25,1999,wi
7910878,"Maouchi, Sid Ahmed",ALG,M,,,,1545,0,20,AUG25,2006,i
7970706,"Marah, Hichem",ALG,M,,,,1750,0,20,AUG25,2005,i
7914504,"Mayouf, Nadir",ALG,M,,,,1705,0,20,AUG25,1963,i
7905980,"Mazighi, Houssam",ALG,M,,,,1676,0,20,AUG25,1996,
7902360,"Mazouz, Louiza",ALG,F,,,,1702,0,20,AUG25,1988,wi
7943482,"Mazouz, Nesrine",ALG,F,,,,1603,0,40,AUG25,2009,wi
7943490,"Mazouz, Nouha",ALG,F,,,,1689,0,40,AUG25,2008,wi
7936311,"Mebani, Yacine",ALG,M,,,,1639,0,20,AUG25,1996,
7961871,"Mebrouki, Djamal Eddine",ALG,M,,,,1732,0,20,AUG25,1996,
7911297,"Mechab , Salim",ALG,M,,,,1833,0,20,AUG25,1978,i
7924496,"Mechiche, Belkacem",ALG,M,,,,1629,0,20,AUG25,1957,i
7901070,"Meddah, Noureddine",ALG,M,,,,2130,0,20,AUG25,1981,i
7925549,"Meddahi, Abderezzak",ALG,M,,,,1681,0,20,AUG25,1988,i
7951221,"Meddour, Amine",ALG,M,,,,1589,0,40,AUG25,2012,
7938713,"Meddour, Massinissa",ALG,M,,,,1513,0,20,AUG25,1997,
7936540,"Medebber, Emir Abdelkader",ALG,M,,,,1705,0,20,AUG25,1977,i
7916302,"Medjahdi,Rachid",ALG,M,,,,1782,0,20,AUG25,1990,i
7901496,"Medjkouh, Said",ALG,M,CM,,,2073,0,20,AUG25,1994,i
7902867,"Meghara, Lylia",ALG,F,WFM,WFM,,1812,0,20,AUG25,1993,wi
7904371,"Megueddem,Layachi",ALG,M,,,,1953,0,20,AUG25,1968,i
7949618,"Meguenni, Mohammed",ALG,M,,,,1533,0,20,AUG25,2001,i
7900198,"Mehaibia, Azeddine",ALG,M,,,,1943,0,20,AUG25,1961,i
7918348,"Mehalli, Nassim",ALG,M,,,,1716,0,20,AUG25,1995,i
7902000,"Mehdi , Mohamed Badreddine",ALG,M,,,,1809,0,20,AUG25,1980,i
7940440,"Mehdi, Abdellah",ALG,M,,,,1605,0,40,AUG25,2008,i
7917376,"Mehdi, Billal",ALG,M,,,,1611,0,20,AUG25,2006,i
7962614,"Mehira, Abderrahmane",ALG,M,,,,1661,0,20,AUG25,2005,i
7931999,"Mekaoussi, Mohammed",ALG,M,,,,1626,0,20,AUG25,1975,i
7914512,"Mellah, Mohamed",ALG,M,,FA,,1899,0,20,AUG25,1993,
7942974,"Menasria, Abdessamad",ALG,M,,,,1553,0,20,AUG25,1997,i
7903243,"Menouar, Elhadi",ALG,M,,,,1690,0,20,AUG25,1973,
7965311,"Merad, Ayoub",ALG,M,,,,1461,0,40,AUG25,2010,i
7958226,"Merad, Kaissa",ALG,F,,,,1453,0,20,AUG25,2006,wi
7907605,"Merbouhi, Wail",ALG,M,,,,1803,0,20,AUG25,1999,i
7927690,"Merdaci, Sebti",ALG,M,,,,1871,0,20,AUG25,1964,i
7936583,"Merimeche, Billel",ALG,M,,,,1570,0,20,AUG25,1998,i
7961316,"Merrad, Khaled",ALG,M,,,,1775,0,20,AUG25,2004,
7951248,"Mersel, Houda",ALG,F,,,,1487,0,40,AUG25,2012,wi
7906935,"Mesmoudi, Ahmed",ALG,M,,,,1759,0,20,AUG25,1971,i
7907478,"Mesmoudi, Kouider",ALG,M,,,,1845,0,20,AUG25,0,i
7925190,"Mesmoudi, Mohamed Rayane",ALG,M,,,,1587,0,40,AUG25,2011,i
7906943,"Mesmoudi, Nadir",ALG,M,,,,1714,0,20,AUG25,2001,i
7903251,"Messaoudi, Elhadi",ALG,M,,,,1944,0,20,AUG25,1976,
7959591,"Messaoudi, Mohamed Elhaoues",ALG,M,,,,1534,0,40,AUG25,2016,
7913052,"Messaoudi, Racim",ALG,M,,,,1706,0,20,AUG25,2005,
7905084,"Messaoui,Amira",ALG,F,,,,1732,0,20,AUG25,1997,wi
7900970,"Mezioud, Amina",ALG,F,WGM,WGM,,2045,0,20,AUG25,1988,wi
7901801,"Mihoubi, Saad",ALG,M,,,,1967,0,20,AUG25,1975,
7928327,"Missoumi, Abdallah",ALG,M,,,,1468,0,20,AUG25,1995,i
7901909,"Mohammedi , Hichem",ALG,M,,,,2013,0,20,AUG25,1983,i
7948654,"Mokhnache, Redda",ALG,M,,,,1500,0,40,AUG25,2010,
7931514,"Mokhtari , Abderrahmane",ALG,M,,,,1742,0,20,AUG25,2003,
7965753,"Mokhtari, Oualid Idris",ALG,M,,,,1567,0,20,AUG25,2004,
7916388,"Mokhtari,Ali",ALG,M,,,,1788,0,20,AUG25,1999,i
7963149,"Montoro, Souhil",ALG,M,,,,1496,0,20,AUG25,2006,i
7946295,"Mordjani, Mohamed El Amine",ALG,M,,,,1609,0,40,AUG25,2014,i
7954131,"Mostafoui, Amine",ALG,M,,,,1618,0,20,AUG25,1995,
7909586,"Mostefaoui, Ishak",ALG,M,,,,1816,0,20,AUG25,1983,i
7902018,"Moueden, Mohamed Amine",ALG,M,,,,1939,0,20,AUG25,1981,i
7901097,"Moulay, Mehdi",ALG,M,CM,,,1992,0,20,AUG25,1985,i
7907184,"Moumeni, Sofiane",ALG,M,,,,1598,6,20,AUG25,1973,
7907869,"Mousli, Abdelkarim",ALG,M,,,,1656,0,20,AUG25,1995,i
7904100,"Mousli,Hadjer",ALG,F,,,,1476,0,20,AUG25,1999,wi
7901445,"Nacer,Mohamed Arezki",ALG,M,CM,,,1864,0,20,AUG25,1999,i
7910134,"Nader, Mohamed",ALG,M,,,,1875,0,20,AUG25,1974,
7921810,"Nadir, Hamid",ALG,M,,,,1626,0,20,AUG25,1974,i
7954158,"Nadir, Mohamed Amine",ALG,M,,,,1474,0,40,AUG25,2014,
7964030,"Nait Amara, Ayane",ALG,M,,,,1444,0,40,AUG25,2012,i
7937539,"Nait Salem, Elina",ALG,F,,,,1423,0,40,AUG25,2011,w
7937547,"Nait Salem, Samy",ALG,M,,,,1608,0,40,AUG25,2007,
7939248,"Nasri, Walid",ALG,M,,,,1507,0,20,AUG25,1984,i
7904860,"Nassr, Ahmed",ALG,M,IM,,,1976,0,20,AUG25,1999,i
7900520,"Nassr, Ali",ALG,M,IM,,,2229,0,20,AUG25,1996,
7908075,"Nassr, Lina",ALG,F,WIM,WIM,,1957,0,20,AUG25,2003,w
7911696,"Nassr, Manel",ALG,F,WCM,WCM,,1772,0,20,AUG25,2006,wi
7900163,"Nassr, Nacer",ALG,M,,,,1974,0,20,AUG25,1967,i
7901461,"Nassr, Rania",ALG,F,WFM,WFM,,1809,0,20,AUG25,2002,wi
7920296,"Nassr,Ryma",ALG,F,WCM,WCM,,1740,0,40,AUG25,2009,wi
7904878,"Neggazi, Youcef",ALG,M,,,,1927,0,20,AUG25,1996,i
7900414,"Nouali, Djouher",ALG,F,,,,1816,0,20,AUG25,1987,wi
7941404,"Nouari, Boubakeur",ALG,M,,,,1754,0,20,AUG25,1989,i
7947623,"Nour, Abdel Hadi",ALG,M,,,,1621,0,20,AUG25,1999,i
7917961,"Nourine , Benaouda",ALG,M,,,,1687,0,20,AUG25,1987,i
7924275,"Nouti, Ahmed",ALG,M,,,,1666,0,20,AUG25,1990,i
7921829,"Omari, Wassim",ALG,M,,,,1739,0,20,AUG25,2003,i
7970714,"Oricha, Wassim",ALG,M,,,,2020,0,20,AUG25,1984,i
7961880,"Orieb, Ahmed",ALG,M,,,,1628,0,20,AUG25,1994,
7961898,"Orieb, Benyoucef",ALG,M,,,,1515,0,20,AUG25,1955,
7902573,"Ouahab, Mohamed Kamel",ALG,M,,,,1896,0,20,AUG25,1984,i
7904401,"Ouahabi, Mourad",ALG,M,,,,1874,0,20,AUG25,1976,i
7903944,"Ouaret, Abdelouhab",ALG,M,IM,,,2123,0,20,AUG25,1998,
7936915,"Oubouzid, Maher",ALG,M,,,,1484,0,40,AUG25,2013,
7926480,"Oubouzid, Zakari",ALG,M,,,,1566,0,20,AUG25,1988,i
7904428,"Oucif, Abdelkader",ALG,M,,,,1679,0,20,AUG25,1965,i
7914938,"Oudali, Amayas",ALG,M,,,,1567,0,40,AUG25,2007,i
7930348,"Oudina, Mohaned",ALG,M,,,,1831,0,40,AUG25,2009,i
7937245,"Ouis, Abderahmane",ALG,M,,,,1597,0,40,AUG25,2013,i
7906030,"Ouis,Mohammed",ALG,M,,,,1737,0,20,AUG25,1964,i
7926499,"Oukarache, Maria",ALG,F,,,,1501,0,40,AUG25,2008,w
7906978,"Oukid,  Aymen EL Bachir",ALG,M,,NA,,1587,0,20,AUG25,2005,
7925204,"Oukid, Amina",ALG,F,,,,1493,0,40,AUG25,2008,wi
7907494,"Oukid, Amine Faycal",ALG,M,,"AO,IA",,1524,0,20,AUG25,1969,i
7906986,"Oukid, Soumia",ALG,F,,"SI,NI,FA",,1486,0,20,AUG25,2001,wi
7920571,"Ould Khaoua, Mokhtar",ALG,M,,,,1624,0,20,AUG25,1985,i
7903618,"Ould Khaoua, Redouane",ALG,M,,,,1845,0,20,AUG25,1970,i
7912781,"Ould Mohamedi, Youcef",ALG,M,,,,1827,0,20,AUG25,1989,i
7903626,"Ould Rouis, Hatem",ALG,M,,,,1944,0,20,AUG25,1978,i
7900430,"Ould Rouis, Mounir",ALG,M,,,,1943,0,20,AUG25,1968,
7912498,"Ould Rouis, Zakaria",ALG,M,,,,1698,0,20,AUG25,2002,i
7909055,"Ould Said, Hamza",ALG,M,,,,1845,0,20,AUG25,1987,i
7901887,"Ounas,Abdelhak",ALG,M,,,,1963,0,20,AUG25,1966,
7901810,"Oussedik, Mahfoud",ALG,M,IM,,,2304,0,20,AUG25,1992,i
7941013,"Ouzaa, Sarah",ALG,F,,NA,,1401,0,20,AUG25,1990,wi
7902433,"Rabahi, Aziz",ALG,M,,,,1645,0,20,AUG25,1983,i
7917422,"Rahem, Samy",ALG,M,CM,,,1603,0,40,AUG25,2008,
7913621,"Rahmouni,Madjid",ALG,M,,"AO,IA",,1652,0,20,AUG25,1990,
7955839,"Rahoui, Akram Abdellah",ALG,M,,,,1458,0,40,AUG25,2009,i
627704,"Rakem, Zine-Eddine",ALG,M,,,,2158,0,20,AUG25,1958,i
7903286,"Ramdani, Abdellah",ALG,M,,,,1613,0,20,AUG25,1965,
7903880,"Ramdani, Hamid",ALG,M,,,,1789,0,20,AUG25,1966,i
7930542,"Ramdani, Rafik",ALG,M,,,,1620,0,20,AUG25,1981,i
7973985,"Rammal, Abdessamed",ALG,M,,,,1464,0,40,AUG25,2008,
7928572,"Ramoul,Naila Nour",ALG,F,,,,1575,0,40,AUG25,2010,wi
7900589,"Rebaine, Hamid",ALG,M,,,,2045,0,20,AUG25,1964,i
7922752,"Rebaine, Sarah",ALG,F,,,,1459,0,40,AUG25,2010,wi
7903111,"Redjem, Lyes",ALG,M,,,,1807,0,20,AUG25,1976,i
7938195,"Regagui, Rachid",ALG,M,,,,1462,0,20,AUG25,1985,i
7928360,"Reguig, Abdelkader",ALG,M,,,,1644,0,20,AUG25,1971,i
7968434,"Rekal, Inas",ALG,F,,,,1490,0,40,AUG25,2013,wi
7923139,"Rellam,Wahid",ALG,M,,,,1738,0,20,AUG25,1983,i
7965761,"Remini, Anis",ALG,M,,,,1540,0,20,AUG25,2003,
7929625,"Renak, Samir",ALG,M,,,,1641,0,20,AUG25,1973,i
7955855,"Riane, Faiz",ALG,M,,,,1451,0,20,AUG25,2000,i
7900309,"Rizouk, Aimen",ALG,M,GM,,,2462,0,10,AUG25,1979,i
7965966,"Roummani, Lakhder",ALG,M,,,,1634,0,20,AUG25,2002,
7921861,"Saadi , Ahmed",ALG,M,,,,1617,0,20,AUG25,1974,i
7914539,"Saadi, Houssem",ALG,M,,,,1794,0,20,AUG25,1992,i
7902450,"Saadouni, Aissa",ALG,M,,,,1880,0,20,AUG25,1987,i
7938217,"Sabane , Khaled",ALG,M,,,,1725,0,20,AUG25,1991,i
7903294,"Sabane, Ahmed",ALG,M,,,,1747,0,20,AUG25,1964,i
7911319,"Saci, Cherif",ALG,M,,,,1848,0,20,AUG25,1978,i
7908768,"Saddok,Nadjib",ALG,M,,,,1897,0,20,AUG25,1976,
7901364,"Saheb, Kamel",ALG,M,,,,1882,0,20,AUG25,1967,i
7955049,"Sahki, Nabil",ALG,M,,,,1702,0,20,AUG25,1993,i
7945841,"Sahraoui Brahim, Tayeb",ALG,M,,,,1590,0,40,AUG25,2012,i
7945850,"Sahraoui Brahim, Yasser",ALG,M,,,,1480,0,40,AUG25,2009,i
7918372,"Saidani, Slimane",ALG,M,,,,1709,0,20,AUG25,1985,i
7905050,"Saidi,Boumedienne",ALG,M,,,,1827,0,20,AUG25,1998,i
7904436,"Saidi,Bouziane",ALG,M,,,,1761,0,20,AUG25,1983,
7901666,"Saifi, Walid",ALG,M,,SI,,2031,0,20,AUG25,1983,i
7906994,"Saim, Aissa",ALG,M,,,,2083,0,20,AUG25,1990,i
7902735,"Saim, Bachir",ALG,M,,,,2021,0,20,AUG25,1973,
7900465,"Saim, Mohamed Ilias",ALG,M,FM,,,2063,0,20,AUG25,1994,i
7909438,"Sakhara, Anouar",ALG,M,,,,1614,0,20,AUG25,1991,i
7932073,"Sakhri, Adil",ALG,M,,,,1498,0,40,AUG25,2011,i
7946635,"Sakhri, Oussama",ALG,M,,,,1759,0,20,AUG25,1989,i
7903960,"Salah Aiech, Hakim",ALG,M,,NI,,1819,0,20,AUG25,1999,i
7903642,"Salah Aiech, Samir",ALG,M,,NI,,1996,0,20,AUG25,1996,i
7902484,"Salhi, Nouressadat",ALG,M,CM,,,1941,0,20,AUG25,1975,i
7969724,"Salmi, Mouloud",ALG,M,,,,1651,0,20,AUG25,1977,i
7937911,"Salmi, Youcef",ALG,M,,,,1542,0,40,AUG25,2013,i
7906072,"Saoudi, Mohamed Lamine",ALG,M,,,,1899,0,20,AUG25,1983,
7961952,"Sarmoume, Abdereazak",ALG,M,,,,1629,0,20,AUG25,1993,
7901321,"Sbaihi, Fares",ALG,M,,,,1989,0,20,AUG25,1976,i
7919999,"Sebaa, Mohamed",ALG,M,,,,1969,0,20,AUG25,1984,i
7911980,"Sebbah, Abdelkader",ALG,M,,,,1687,0,20,AUG25,1970,i
7955197,"Sebbah, Amine",ALG,M,,,,1660,0,20,AUG25,1977,i
7929633,"Sebbane, Khaled",ALG,M,,,,1669,0,20,AUG25,1991,i
7900031,"Sebih, Kamel",ALG,M,IM,,,2192,0,20,AUG25,1964,i
7948689,"Seddaoui, Serine",ALG,M,,,,1468,0,40,AUG25,2014,
7902026,"Seddaoui, Yamine",ALG,M,CM,NA,,2061,0,20,AUG25,1985,i
7901259,"Seffar, Mohamed",ALG,M,,,,2087,0,20,AUG25,1981,i
7910916,"Seghier, Ilias",ALG,M,,,,1678,0,20,AUG25,1990,i
7903367,"Sekrane, Ahmed",ALG,M,,,,2034,0,20,AUG25,1982,i
7905211,"Selatnia, Nabil",ALG,M,,,,1549,0,20,AUG25,1968,
7901720,"Selmane, Amine",ALG,M,,,,2097,0,20,AUG25,1983,i
7952023,"Selmi, Merouane",ALG,M,,,,1522,0,40,AUG25,2011,
7900635,"Semahi, Lazhar",ALG,M,,,,1987,0,20,AUG25,1975,i
7913192,"Semaoune, Marouane",ALG,M,,,,1807,0,20,AUG25,1991,i
7912838,"Semcheddine, Moussa",ALG,M,,,,1808,0,20,AUG25,1982,i
7901003,"Seraoui, Mohcen",ALG,M,,,,2130,0,20,AUG25,1982,i
7920881,"Seridi, Fouzi",ALG,M,,,,1749,0,20,AUG25,1974,i
7913613,"Serihi, Abdelatif",ALG,M,,,,1870,0,20,AUG25,1998,i
7920890,"Serrai,Abderrezak",ALG,M,,,,1746,0,20,AUG25,1989,i
7901224,"Sidali, Moussa",ALG,M,,,,2131,0,20,AUG25,1979,i
7941102,"Silem, Sifeddine",ALG,M,,,,1782,0,20,AUG25,2001,i
7919301,"Slimani , Mahfoud",ALG,M,,,,1729,0,20,AUG25,1985,
7916647,"Slimani, Abdelhamid",ALG,M,,,,1941,0,20,AUG25,1956,i
7901534,"Slimani, Anis",ALG,M,,,,2027,0,20,AUG25,1988,i
7966881,"Smaal, Nadhir",ALG,M,,,,1700,0,20,AUG25,1996,
7967799,"Sobhi, Farid",ALG,M,,,,1834,0,20,AUG25,1966,i
7908580,"Souakria, Amine",ALG,M,,,,1852,0,20,AUG25,0,i
7905300,"Soudani, Mohamed Ramzi",ALG,M,,,,1866,0,20,AUG25,1983,i
7900643,"Soufi, Khaled",ALG,M,,,,2096,0,20,AUG25,1969,i
7908393,"Souissi, Moudjib",ALG,M,,,,1689,0,20,AUG25,1981,i
7916507,"Tabib, Ihab",ALG,M,,,,1620,0,20,AUG25,1995,i
7916469,"Tahir, Abderrahmane",ALG,M,,,,1814,0,20,AUG25,1999,
7906137,"Tairi, Akli",ALG,M,,,,1788,0,20,AUG25,1999,
7954220,"Takkouche, Hakim",ALG,M,,,,1684,0,20,AUG25,1973,
7952309,"Takoub , Mohammed",ALG,M,,,,1782,0,20,AUG25,1991,i
7903715,"Talbi, Chafik",ALG,M,FM,,,2186,0,20,AUG25,1991,i
7943377,"Talbi, Mohamed",ALG,M,,,,1479,0,20,AUG25,1985,i
7926510,"Tani, Anis",ALG,M,,,,1463,0,40,AUG25,2012,i
7906153,"Tani, Dalia",ALG,F,,,,1522,0,20,AUG25,2005,wi
7926529,"Tani, Houcine",ALG,M,,,,1488,0,40,AUG25,2009,
7941030,"Taoui, Abdelkrim",ALG,M,,,,1756,0,20,AUG25,2000,i
7932952,"Taouilt , Naim",ALG,M,,,,1438,0,20,AUG25,2006,
7932960,"Taouilt , Yanis",ALG,M,,,,1476,0,40,AUG25,2009,
7900562,"Taourchi, Hakem-Sidali",ALG,M,,,,1851,0,20,AUG25,1977,
7957173,"Tataiat, Wassim Nizar",ALG,M,,,,1458,0,40,AUG25,2016,i
7904460,"Tazaroute , Abdelmalek",ALG,M,,,,1770,0,20,AUG25,1966,i
7936605,"Tebbakh, Said",ALG,M,,,,1524,0,20,AUG25,1993,i
7950594,"Teggar, Aissa",ALG,M,,,,1680,0,20,AUG25,1987,i
7907044,"Telmoune, Ahmed",ALG,M,,,,1785,0,20,AUG25,1959,i
7963190,"Tenala, Djawed Anes",ALG,M,,,,1461,0,40,AUG25,2007,i
7928718,"Tiar, Mohamed Lakhder",ALG,M,,,,1752,0,20,AUG25,1998,i
7933053,"Tifrit, Abdelkarim",ALG,M,,,,1628,0,20,AUG25,1986,i
7933126,"Tobal, Lazhar",ALG,M,,,,1713,0,20,AUG25,1970,i
7944640,"Touabtia, Ilyas",ALG,M,,,,1442,0,40,AUG25,2014,
7955537,"Touahar, Khireddine",ALG,M,,,,1631,0,40,AUG25,2008,
7943873,"Touahar, Noufel",ALG,M,,,,1461,0,20,AUG25,1991,
7938560,"Touahria , Anouar",ALG,M,,,,1408,0,40,AUG25,2012,
7938578,"Touahria , Irouane",ALG,M,,,,1486,0,40,AUG25,2008,i
7937571,"Touahria, Assalas",ALG,M,,,,1532,0,40,AUG25,2009,i
7938632,"Touahria, Faisse",ALG,M,,,,1537,0,40,AUG25,2007,i
7905238,"Touat,Ghoulem",ALG,M,,,,1811,0,20,AUG25,1975,i
7927533,"Touati, Ania",ALG,F,,,,1478,0,40,AUG25,2008,wi
7901631,"Toubal, Hayat",ALG,F,WIM,WIM,,1873,0,20,AUG25,1985,w
7900902,"Toubal, Wissam",ALG,F,WIM,WIM,,1945,0,20,AUG25,1984,wi
7937270,"Toumi, Youcef",ALG,M,,,,1645,0,20,AUG25,1981,i
7916957,"Tria , Yacine",ALG,M,,,,1736,0,20,AUG25,1997,i
7940742,"Trifi, Bilal",ALG,M,,,,1887,0,20,AUG25,1990,
7922760,"Yahi, Sarah",ALG,F,,,,1426,0,40,AUG25,2009,wi
7908784,"Yahia Cherif, Liamine",ALG,M,,,,1542,0,20,AUG25,1957,i
7900384,"Yahiaoui, Abdelkrim",ALG,M,,FT,,2112,0,20,AUG25,1962,i
7902905,"Yahiaoui, Asma",ALG,F,,,,1722,0,20,AUG25,1996,wi
7902913,"Yahiaoui, Lilia",ALG,F,,,,1710,0,20,AUG25,2000,wi
7903308,"Yala,Lyes",ALG,M,,,,1795,0,20,AUG25,1968,i
7907761,"Yettouche, Mastanabal",ALG,M,,,,1841,0,20,AUG25,0,i
7908873,"Yettouche,Yaristan",ALG,M,CM,,,1791,0,20,AUG25,2004,i
7951485,"Ymmeli, Ilian",ALG,M,,,,1420,0,40,AUG25,2015,
7906226,"Younsaoui,Hicham",ALG,M,,,,1752,0,20,AUG25,1996,i
7904134,"Yousfi, Yasmine",ALG,F,,,,1727,0,20,AUG25,1996,wi
7919212,"Zahouani,Mustafa",ALG,M,,,,1782,0,20,AUG25,1990,i
7920326,"Zaidi, Anis",ALG,M,,,,1488,0,40,AUG25,2009,i
7921500,"Zaidi, Haroun",ALG,M,,,,1806,0,20,AUG25,1989,i
7911793,"Zane, Rayane",ALG,M,,,,1941,0,20,AUG25,2004,i
7971052,"Zarzar, Boualem",ALG,M,,,,1728,0,20,AUG25,1961,
7926537,"Zerarga , Ikram",ALG,F,,,,1453,0,40,AUG25,2010,w
7932995,"Zerarga, Mouloud",ALG,M,,,,1455,0,20,AUG25,1972,
7921136,"Zerarga,Imene",ALG,F,,,,1715,0,40,AUG25,2010,w
7902972,"Zerdali, Samir",ALG,M,,,,1765,0,20,AUG25,1973,i
7925883,"Zerguit, Mohamed Salim",ALG,M,,,,1552,0,40,AUG25,2008,
7920334,"Ziane, Nacer",ALG,M,,,,1449,0,20,AUG25,1971,i
7957343,"Zidane, Anais",ALG,F,,,,1405,0,40,AUG25,2012,w
7957351,"Zidane, Nihad",ALG,F,,,,1430,0,40,AUG25,2010,w
7907060,"Zidi, Rayan",ALG,M,,,,1622,0,20,AUG25,2003,i
7907079,"Zidi, Sohaib",ALG,M,,,,1607,0,20,AUG25,2002,i
7946538,"Zioueche , Mohamed",ALG,M,,,,1556,0,20,AUG25,1987,
7957092,"Zitouni, Oussama",ALG,M,,,,1579,0,20,AUG25,2002,
7946341,"Zitouni, Sad",ALG,M,,,,1711,0,20,AUG25,1996,i
7916663,"Zouai, Mohamed Amine",ALG,M,,,,1741,0,20,AUG25,1987,i