[
  {
    "ID Number": "14700450"
  },
  {
    "ID Number": "14701553"
  },
  {
    "ID Number": "14702401"
  },
  {
    "ID Number": "14700077"
  },
  {
    "ID Number": "14700492"
  },
  {
    "ID Number": "14700182"
  },
  {
    "ID Number": "14705044"
  },
  {
    "ID Number": "14701715"
  },
  {
    "ID Number": "14704447"
  },
  {
    "ID Number": "14702940"
  },
  {
    "ID Number": "14705117"
  },
  {
    "ID Number": "14704870"
  },
  {
    "ID Number": "14704889"
  },
  {
    "ID Number": "14701472"
  },
  {
    "ID Number": "14702827"
  },
  {
    "ID Number": "14703033"
  },
  {
    "ID Number": "14701081"
  },
  {
    "ID Number": "14704935"
  },
  {
    "ID Number": "14201690"
  },
  {
    "ID Number": "14701960"
  },
  {
    "ID Number": "14701626"
  },
  {
    "ID Number": "14702134"
  },
  {
    "ID Number": "14702908"
  },
  {
    "ID Number": "14700204"
  },
  {
    "ID Number": "14700794"
  },
  {
    "ID Number": "14700328"
  },
  {
    "ID Number": "14701146"
  },
  {
    "ID Number": "14700948"
  },
  {
    "ID Number": "14705168"
  },
  {
    "ID Number": "14700050"
  },
  {
    "ID Number": "14702916"
  },
  {
    "ID Number": "14703114"
  },
  {
    "ID Number": "14700859"
  },
  {
    "ID Number": "14703343"
  },
  {
    "ID Number": "14705397"
  },
  {
    "ID Number": "14701731"
  },
  {
    "ID Number": "14701049"
  },
  {
    "ID Number": "14700280"
  },
  {
    "ID Number": "14703211"
  },
  {
    "ID Number": "14703203"
  },
  {
    "ID Number": "14703009"
  },
  {
    "ID Number": "14701537"
  },
  {
    "ID Number": "14700247"
  },
  {
    "ID Number": "14700727"
  },
  {
    "ID Number": "14701979"
  },
  {
    "ID Number": "14701090"
  },
  {
    "ID Number": "14705184"
  },
  {
    "ID Number": "14703130"
  },
  {
    "ID Number": "14702223"
  },
  {
    "ID Number": "14701928"
  },
  {
    "ID Number": "14702452"
  },
  {
    "ID Number": "14701782"
  },
  {
    "ID Number": "14700590"
  },
  {
    "ID Number": "14702037"
  },
  {
    "ID Number": "14705729"
  },
  {
    "ID Number": "14702673"
  },
  {
    "ID Number": "14702681"
  },
  {
    "ID Number": "54190835"
  },
  {
    "ID Number": "14703017"
  },
  {
    "ID Number": "14700395"
  },
  {
    "ID Number": "14700999"
  },
  {
    "ID Number": "14702606"
  },
  {
    "ID Number": "14703190"
  },
  {
    "ID Number": "14704331"
  },
  {
    "ID Number": "14703157"
  },
  {
    "ID Number": "14705133"
  },
  {
    "ID Number": "14702002"
  },
  {
    "ID Number": "14704501"
  },
  {
    "ID Number": "14700174"
  },
  {
    "ID Number": "14704595"
  },
  {
    "ID Number": "14704609"
  },
  {
    "ID Number": "14703556"
  },
  {
    "ID Number": "14702410"
  },
  {
    "ID Number": "14701235"
  },
  {
    "ID Number": "14701227"
  },
  {
    "ID Number": "14703394"
  },
  {
    "ID Number": "14704927"
  },
  {
    "ID Number": "14700360"
  },
  {
    "ID Number": "14704285"
  },
  {
    "ID Number": "14704730"
  },
  {
    "ID Number": "14702355"
  },
  {
    "ID Number": "14702363"
  },
  {
    "ID Number": "14701545"
  },
  {
    "ID Number": "14702975"
  },
  {
    "ID Number": "14700573"
  },
  {
    "ID Number": "14704919"
  },
  {
    "ID Number": "14704374"
  },
  {
    "ID Number": "14702428"
  },
  {
    "ID Number": "14704668"
  },
  {
    "ID Number": "14700824"
  },
  {
    "ID Number": "14702924"
  },
  {
    "ID Number": "14704960"
  },
  {
    "ID Number": "14700930"
  },
  {
    "ID Number": "14703793"
  },
  {
    "ID Number": "14704528"
  },
  {
    "ID Number": "14703769"
  }
]