[
  {
    "ID Number": "8620270"
  },
  {
    "ID Number": "8616779"
  },
  {
    "ID Number": "8602280"
  },
  {
    "ID Number": "8647445"
  },
  {
    "ID Number": "8608717"
  },
  {
    "ID Number": "8605750"
  },
  {
    "ID Number": "8617562"
  },
  {
    "ID Number": "8641730"
  },
  {
    "ID Number": "8663149"
  },
  {
    "ID Number": "8601445"
  },
  {
    "ID Number": "8616930"
  },
  {
    "ID Number": "8614318"
  },
  {
    "ID Number": "8618402"
  },
  {
    "ID Number": "8621012"
  },
  {
    "ID Number": "8619522"
  },
  {
    "ID Number": "8606196"
  },
  {
    "ID Number": "8635005"
  },
  {
    "ID Number": "8639604"
  },
  {
    "ID Number": "8620989"
  },
  {
    "ID Number": "8614342"
  },
  {
    "ID Number": "8618364"
  },
  {
    "ID Number": "8664943"
  },
  {
    "ID Number": "8652120"
  },
  {
    "ID Number": "8679720"
  },
  {
    "ID Number": "8643539"
  },
  {
    "ID Number": "8627568"
  },
  {
    "ID Number": "8679860"
  },
  {
    "ID Number": "8655669"
  },
  {
    "ID Number": "8677492"
  },
  {
    "ID Number": "8650187"
  },
  {
    "ID Number": "8650179"
  },
  {
    "ID Number": "8655677"
  },
  {
    "ID Number": "8666210"
  },
  {
    "ID Number": "8647283"
  },
  {
    "ID Number": "8658331"
  },
  {
    "ID Number": "8647887"
  },
  {
    "ID Number": "8607460"
  },
  {
    "ID Number": "8625450"
  },
  {
    "ID Number": "8647402"
  },
  {
    "ID Number": "8668485"
  },
  {
    "ID Number": "8642133"
  },
  {
    "ID Number": "8646589"
  },
  {
    "ID Number": "8655243"
  },
  {
    "ID Number": "8635013"
  },
  {
    "ID Number": "8625620"
  },
  {
    "ID Number": "8620954"
  },
  {
    "ID Number": "8652180"
  },
  {
    "ID Number": "8646627"
  },
  {
    "ID Number": "8640858"
  },
  {
    "ID Number": "8627967"
  },
  {
    "ID Number": "8626073"
  },
  {
    "ID Number": "8625638"
  },
  {
    "ID Number": "8603863"
  },
  {
    "ID Number": "8614733"
  },
  {
    "ID Number": "8620350"
  },
  {
    "ID Number": "8650098"
  },
  {
    "ID Number": "8657050"
  },
  {
    "ID Number": "8652244"
  },
  {
    "ID Number": "8637601"
  },
  {
    "ID Number": "8606757"
  },
  {
    "ID Number": "8655693"
  },
  {
    "ID Number": "8626383"
  },
  {
    "ID Number": "8670919"
  },
  {
    "ID Number": "8666253"
  },
  {
    "ID Number": "8620946"
  },
  {
    "ID Number": "8640521"
  },
  {
    "ID Number": "8610258"
  },
  {
    "ID Number": "8662479"
  },
  {
    "ID Number": "8658234"
  },
  {
    "ID Number": "8618860"
  },
  {
    "ID Number": "8644330"
  },
  {
    "ID Number": "8623341"
  },
  {
    "ID Number": "8628068"
  },
  {
    "ID Number": "8619549"
  },
  {
    "ID Number": "8655081"
  },
  {
    "ID Number": "8624470"
  },
  {
    "ID Number": "8666300"
  },
  {
    "ID Number": "8640432"
  },
  {
    "ID Number": "8672130"
  },
  {
    "ID Number": "8616426"
  },
  {
    "ID Number": "8643482"
  },
  {
    "ID Number": "8644667"
  },
  {
    "ID Number": "8654590"
  },
  {
    "ID Number": "8642869"
  },
  {
    "ID Number": "8616485"
  },
  {
    "ID Number": "8605653"
  },
  {
    "ID Number": "8605661"
  },
  {
    "ID Number": "8633444"
  },
  {
    "ID Number": "8655707"
  },
  {
    "ID Number": "8608156"
  },
  {
    "ID Number": "8621420"
  },
  {
    "ID Number": "8659273"
  },
  {
    "ID Number": "8608369"
  },
  {
    "ID Number": "8635110"
  },
  {
    "ID Number": "8627878"
  },
  {
    "ID Number": "8628092"
  },
  {
    "ID Number": "8629110"
  },
  {
    "ID Number": "8640572"
  },
  {
    "ID Number": "8647747"
  },
  {
    "ID Number": "8647690"
  },
  {
    "ID Number": "8603677"
  },
  {
    "ID Number": "8618445"
  },
  {
    "ID Number": "8643377"
  },
  {
    "ID Number": "8621187"
  },
  {
    "ID Number": "8664960"
  },
  {
    "ID Number": "8645434"
  },
  {
    "ID Number": "8602972"
  },
  {
    "ID Number": "8637407"
  },
  {
    "ID Number": "8652422"
  },
  {
    "ID Number": "8626960"
  },
  {
    "ID Number": "8619573"
  },
  {
    "ID Number": "8621268"
  },
  {
    "ID Number": "8647704"
  },
  {
    "ID Number": "8655715"
  },
  {
    "ID Number": "8610282"
  },
  {
    "ID Number": "8663599"
  },
  {
    "ID Number": "8652490"
  },
  {
    "ID Number": "8615888"
  },
  {
    "ID Number": "8654794"
  },
  {
    "ID Number": "8668825"
  },
  {
    "ID Number": "8652503"
  },
  {
    "ID Number": "8647542"
  },
  {
    "ID Number": "8678944"
  },
  {
    "ID Number": "8643032"
  },
  {
    "ID Number": "8642648"
  },
  {
    "ID Number": "8638845"
  },
  {
    "ID Number": "8670188"
  },
  {
    "ID Number": "8604746"
  },
  {
    "ID Number": "8605840"
  },
  {
    "ID Number": "8642680"
  },
  {
    "ID Number": "8643440"
  },
  {
    "ID Number": "8628416"
  },
  {
    "ID Number": "8614741"
  },
  {
    "ID Number": "8641110"
  },
  {
    "ID Number": "8614911"
  },
  {
    "ID Number": "8624046"
  },
  {
    "ID Number": "8624054"
  },
  {
    "ID Number": "8647100"
  },
  {
    "ID Number": "8638918"
  },
  {
    "ID Number": "8654581"
  },
  {
    "ID Number": "8655154"
  },
  {
    "ID Number": "8618178"
  },
  {
    "ID Number": "8608873"
  },
  {
    "ID Number": "8607770"
  },
  {
    "ID Number": "8615411"
  },
  {
    "ID Number": "8635889"
  },
  {
    "ID Number": "8602387"
  },
  {
    "ID Number": "8649057"
  },
  {
    "ID Number": "8609926"
  },
  {
    "ID Number": "8640238"
  },
  {
    "ID Number": "8628688"
  },
  {
    "ID Number": "8645841"
  },
  {
    "ID Number": "8640688"
  },
  {
    "ID Number": "8662584"
  },
  {
    "ID Number": "8614563"
  },
  {
    "ID Number": "8620229"
  },
  {
    "ID Number": "8648280"
  },
  {
    "ID Number": "8664986"
  },
  {
    "ID Number": "8658250"
  },
  {
    "ID Number": "8670390"
  },
  {
    "ID Number": "8660344"
  },
  {
    "ID Number": "8603995"
  },
  {
    "ID Number": "8622680"
  },
  {
    "ID Number": "8602611"
  },
  {
    "ID Number": "8642214"
  },
  {
    "ID Number": "8604002"
  },
  {
    "ID Number": "8638942"
  },
  {
    "ID Number": "8609640"
  },
  {
    "ID Number": "8643865"
  },
  {
    "ID Number": "8608440"
  },
  {
    "ID Number": "8618720"
  },
  {
    "ID Number": "8652716"
  },
  {
    "ID Number": "8601143"
  },
  {
    "ID Number": "8666520"
  },
  {
    "ID Number": "8617120"
  },
  {
    "ID Number": "8621039"
  },
  {
    "ID Number": "8650101"
  },
  {
    "ID Number": "8620911"
  },
  {
    "ID Number": "8620440"
  },
  {
    "ID Number": "8642427"
  },
  {
    "ID Number": "8634823"
  },
  {
    "ID Number": "8653135"
  },
  {
    "ID Number": "8639523"
  },
  {
    "ID Number": "8621454"
  },
  {
    "ID Number": "8640190"
  },
  {
    "ID Number": "8681406"
  },
  {
    "ID Number": "8621055"
  },
  {
    "ID Number": "8655740"
  },
  {
    "ID Number": "8657823"
  },
  {
    "ID Number": "8641560"
  },
  {
    "ID Number": "8606129"
  },
  {
    "ID Number": "8602980"
  },
  {
    "ID Number": "8619492"
  },
  {
    "ID Number": "8624070"
  },
  {
    "ID Number": "8638896"
  },
  {
    "ID Number": "8610312"
  },
  {
    "ID Number": "8648662"
  },
  {
    "ID Number": "8663661"
  },
  {
    "ID Number": "8608377"
  },
  {
    "ID Number": "8609993"
  },
  {
    "ID Number": "8622795"
  },
  {
    "ID Number": "8615446"
  },
  {
    "ID Number": "331105409"
  },
  {
    "ID Number": "8659524"
  },
  {
    "ID Number": "8657033"
  },
  {
    "ID Number": "8657025"
  },
  {
    "ID Number": "8636966"
  },
  {
    "ID Number": "8649103"
  },
  {
    "ID Number": "8647372"
  },
  {
    "ID Number": "8635803"
  },
  {
    "ID Number": "8677905"
  },
  {
    "ID Number": "8626570"
  },
  {
    "ID Number": "8643644"
  },
  {
    "ID Number": "8602689"
  },
  {
    "ID Number": "8610134"
  },
  {
    "ID Number": "8663092"
  },
  {
    "ID Number": "8650780"
  },
  {
    "ID Number": "8650799"
  },
  {
    "ID Number": "8618089"
  },
  {
    "ID Number": "8621543"
  },
  {
    "ID Number": "8601542"
  },
  {
    "ID Number": "8655324"
  },
  {
    "ID Number": "8634831"
  },
  {
    "ID Number": "8634947"
  },
  {
    "ID Number": "8655464"
  },
  {
    "ID Number": "8636524"
  },
  {
    "ID Number": "8653291"
  },
  {
    "ID Number": "8653267"
  },
  {
    "ID Number": "8623279"
  },
  {
    "ID Number": "8653275"
  },
  {
    "ID Number": "8602999"
  },
  {
    "ID Number": "331105418"
  },
  {
    "ID Number": "8673560"
  },
  {
    "ID Number": "8612277"
  },
  {
    "ID Number": "8655308"
  },
  {
    "ID Number": "8631930"
  },
  {
    "ID Number": "8649596"
  },
  {
    "ID Number": "8640653"
  },
  {
    "ID Number": "8662924"
  },
  {
    "ID Number": "8612927"
  },
  {
    "ID Number": "8627215"
  },
  {
    "ID Number": "8648239"
  },
  {
    "ID Number": "8643830"
  },
  {
    "ID Number": "8662207"
  },
  {
    "ID Number": "8647496"
  },
  {
    "ID Number": "8611050"
  },
  {
    "ID Number": "8646155"
  },
  {
    "ID Number": "8653305"
  },
  {
    "ID Number": "8614784"
  },
  {
    "ID Number": "8614490"
  },
  {
    "ID Number": "8663696"
  },
  {
    "ID Number": "8640491"
  },
  {
    "ID Number": "8653364"
  },
  {
    "ID Number": "8643997"
  },
  {
    "ID Number": "8616868"
  },
  {
    "ID Number": "8673853"
  },
  {
    "ID Number": "8670510"
  },
  {
    "ID Number": "8619514"
  },
  {
    "ID Number": "8636508"
  },
  {
    "ID Number": "8603006"
  },
  {
    "ID Number": "8620318"
  },
  {
    "ID Number": "8622175"
  },
  {
    "ID Number": "8632200"
  },
  {
    "ID Number": "8600988"
  },
  {
    "ID Number": "8627860"
  },
  {
    "ID Number": "8673055"
  },
  {
    "ID Number": "8604193"
  },
  {
    "ID Number": "8605114"
  },
  {
    "ID Number": "8650810"
  },
  {
    "ID Number": "8627738"
  },
  {
    "ID Number": "8626200"
  },
  {
    "ID Number": "8616299"
  },
  {
    "ID Number": "8620997"
  },
  {
    "ID Number": "8602786"
  },
  {
    "ID Number": "8604436"
  },
  {
    "ID Number": "8669511"
  },
  {
    "ID Number": "8639426"
  },
  {
    "ID Number": "8671508"
  },
  {
    "ID Number": "8622272"
  },
  {
    "ID Number": "8607508"
  },
  {
    "ID Number": "8625760"
  },
  {
    "ID Number": "8625603"
  },
  {
    "ID Number": "8668949"
  },
  {
    "ID Number": "8621195"
  },
  {
    "ID Number": "8656770"
  },
  {
    "ID Number": "8621560"
  },
  {
    "ID Number": "8601488"
  },
  {
    "ID Number": "8624100"
  },
  {
    "ID Number": "8647550"
  },
  {
    "ID Number": "8637784"
  },
  {
    "ID Number": "8600643"
  },
  {
    "ID Number": "8618712"
  },
  {
    "ID Number": "1631454"
  },
  {
    "ID Number": "8600678"
  },
  {
    "ID Number": "8627134"
  },
  {
    "ID Number": "8647186"
  },
  {
    "ID Number": "8638926"
  },
  {
    "ID Number": "8609748"
  },
  {
    "ID Number": "8681210"
  },
  {
    "ID Number": "8677271"
  },
  {
    "ID Number": "8653550"
  },
  {
    "ID Number": "8605912"
  },
  {
    "ID Number": "8640998"
  },
  {
    "ID Number": "8609357"
  },
  {
    "ID Number": "8644250"
  },
  {
    "ID Number": "8659605"
  },
  {
    "ID Number": "8628653"
  },
  {
    "ID Number": "8637393"
  },
  {
    "ID Number": "8624135"
  },
  {
    "ID Number": "8639418"
  },
  {
    "ID Number": "8627282"
  },
  {
    "ID Number": "8640807"
  },
  {
    "ID Number": "8681325"
  },
  {
    "ID Number": "8640122"
  },
  {
    "ID Number": "8671575"
  },
  {
    "ID Number": "8635927"
  },
  {
    "ID Number": "8608237"
  },
  {
    "ID Number": "8653631"
  },
  {
    "ID Number": "8671583"
  },
  {
    "ID Number": "8618461"
  },
  {
    "ID Number": "8621551"
  },
  {
    "ID Number": "8625700"
  },
  {
    "ID Number": "8650667"
  },
  {
    "ID Number": "8653658"
  },
  {
    "ID Number": "8621241"
  },
  {
    "ID Number": "8618470"
  },
  {
    "ID Number": "8638799"
  },
  {
    "ID Number": "8657076"
  },
  {
    "ID Number": "8640955"
  },
  {
    "ID Number": "8622370"
  },
  {
    "ID Number": "8600066"
  },
  {
    "ID Number": "8672989"
  },
  {
    "ID Number": "8605637"
  },
  {
    "ID Number": "8602298"
  },
  {
    "ID Number": "8658900"
  },
  {
    "ID Number": "8641510"
  },
  {
    "ID Number": "8609780"
  },
  {
    "ID Number": "8642400"
  },
  {
    "ID Number": "8654875"
  },
  {
    "ID Number": "3238024"
  },
  {
    "ID Number": "8609659"
  },
  {
    "ID Number": "8679282"
  },
  {
    "ID Number": "8649740"
  },
  {
    "ID Number": "8663246"
  },
  {
    "ID Number": "8666857"
  },
  {
    "ID Number": "8644071"
  },
  {
    "ID Number": "8606340"
  },
  {
    "ID Number": "8663750"
  },
  {
    "ID Number": "8674086"
  },
  {
    "ID Number": "8646490"
  },
  {
    "ID Number": "8647585"
  },
  {
    "ID Number": "8620016"
  },
  {
    "ID Number": "8662487"
  },
  {
    "ID Number": "8630836"
  },
  {
    "ID Number": "8603901"
  },
  {
    "ID Number": "8649227"
  },
  {
    "ID Number": "8619824"
  },
  {
    "ID Number": "8643601"
  },
  {
    "ID Number": "8603502"
  },
  {
    "ID Number": "8604789"
  },
  {
    "ID Number": "8624160"
  },
  {
    "ID Number": "8643229"
  },
  {
    "ID Number": "8638160"
  },
  {
    "ID Number": "8675619"
  },
  {
    "ID Number": "8681481"
  },
  {
    "ID Number": "8679983"
  },
  {
    "ID Number": "8608121"
  },
  {
    "ID Number": "8618186"
  },
  {
    "ID Number": "8659338"
  },
  {
    "ID Number": "8670960"
  },
  {
    "ID Number": "8646236"
  },
  {
    "ID Number": "8603294"
  },
  {
    "ID Number": "8650977"
  },
  {
    "ID Number": "8644365"
  },
  {
    "ID Number": "8657181"
  },
  {
    "ID Number": "8613869"
  },
  {
    "ID Number": "8602409"
  },
  {
    "ID Number": "8656819"
  },
  {
    "ID Number": "8621748"
  },
  {
    "ID Number": "8624194"
  },
  {
    "ID Number": "8642478"
  },
  {
    "ID Number": "8608962"
  },
  {
    "ID Number": "8655227"
  },
  {
    "ID Number": "8620296"
  },
  {
    "ID Number": "8659710"
  },
  {
    "ID Number": "8657190"
  },
  {
    "ID Number": "8610487"
  },
  {
    "ID Number": "8662495"
  },
  {
    "ID Number": "8651035"
  },
  {
    "ID Number": "8609381"
  },
  {
    "ID Number": "8640327"
  },
  {
    "ID Number": "8643580"
  },
  {
    "ID Number": "8668906"
  },
  {
    "ID Number": "8642087"
  },
  {
    "ID Number": "8626430"
  },
  {
    "ID Number": "8617171"
  },
  {
    "ID Number": "8619336"
  },
  {
    "ID Number": "8625611"
  },
  {
    "ID Number": "8603928"
  },
  {
    "ID Number": "8627207"
  },
  {
    "ID Number": "8655847"
  },
  {
    "ID Number": "8614555"
  },
  {
    "ID Number": "8610495"
  },
  {
    "ID Number": "8618020"
  },
  {
    "ID Number": "8603332"
  },
  {
    "ID Number": "8638250"
  },
  {
    "ID Number": "8640815"
  },
  {
    "ID Number": "8657963"
  },
  {
    "ID Number": "8614580"
  },
  {
    "ID Number": "8651191"
  },
  {
    "ID Number": "8626324"
  },
  {
    "ID Number": "8666920"
  },
  {
    "ID Number": "8628149"
  },
  {
    "ID Number": "8643164"
  },
  {
    "ID Number": "8677280"
  },
  {
    "ID Number": "8651175"
  },
  {
    "ID Number": "8647380"
  },
  {
    "ID Number": "8628424"
  },
  {
    "ID Number": "8679622"
  },
  {
    "ID Number": "8640734"
  },
  {
    "ID Number": "8656266"
  },
  {
    "ID Number": "8679630"
  },
  {
    "ID Number": "8651213"
  },
  {
    "ID Number": "8658021"
  },
  {
    "ID Number": "8619379"
  },
  {
    "ID Number": "8649111"
  },
  {
    "ID Number": "8682585"
  },
  {
    "ID Number": "8610533"
  },
  {
    "ID Number": "8603154"
  },
  {
    "ID Number": "8656940"
  },
  {
    "ID Number": "8660280"
  },
  {
    "ID Number": "8657084"
  },
  {
    "ID Number": "8624208"
  },
  {
    "ID Number": "8643750"
  },
  {
    "ID Number": "8658919"
  },
  {
    "ID Number": "8677921"
  },
  {
    "ID Number": "8607206"
  },
  {
    "ID Number": "8604215"
  },
  {
    "ID Number": "8625654"
  },
  {
    "ID Number": "8609039"
  },
  {
    "ID Number": "8606773"
  },
  {
    "ID Number": "8631891"
  },
  {
    "ID Number": "8647640"
  },
  {
    "ID Number": "8623627"
  },
  {
    "ID Number": "8618496"
  },
  {
    "ID Number": "8649413"
  },
  {
    "ID Number": "8636001"
  },
  {
    "ID Number": "8601160"
  },
  {
    "ID Number": "8608466"
  },
  {
    "ID Number": "8641986"
  },
  {
    "ID Number": "8680728"
  },
  {
    "ID Number": "8607222"
  },
  {
    "ID Number": "8614750"
  },
  {
    "ID Number": "8636770"
  },
  {
    "ID Number": "8679436"
  },
  {
    "ID Number": "8672210"
  },
  {
    "ID Number": "8624224"
  },
  {
    "ID Number": "8606374"
  },
  {
    "ID Number": "8609950"
  },
  {
    "ID Number": "8609047"
  },
  {
    "ID Number": "8640416"
  },
  {
    "ID Number": "8658099"
  },
  {
    "ID Number": "8638632"
  },
  {
    "ID Number": "8605220"
  },
  {
    "ID Number": "8610541"
  },
  {
    "ID Number": "8643130"
  },
  {
    "ID Number": "8607680"
  },
  {
    "ID Number": "8655871"
  },
  {
    "ID Number": "8610550"
  },
  {
    "ID Number": "8633118"
  },
  {
    "ID Number": "8662509"
  },
  {
    "ID Number": "8632197"
  },
  {
    "ID Number": "8624232"
  },
  {
    "ID Number": "8655880"
  },
  {
    "ID Number": "8663793"
  },
  {
    "ID Number": "8649146"
  },
  {
    "ID Number": "8644284"
  },
  {
    "ID Number": "331105249"
  },
  {
    "ID Number": "8664196"
  },
  {
    "ID Number": "8672962"
  },
  {
    "ID Number": "8630666"
  },
  {
    "ID Number": "8636893"
  },
  {
    "ID Number": "8606137"
  },
  {
    "ID Number": "8676550"
  },
  {
    "ID Number": "8603030"
  },
  {
    "ID Number": "8639850"
  },
  {
    "ID Number": "8620377"
  },
  {
    "ID Number": "8622426"
  },
  {
    "ID Number": "8608709"
  },
  {
    "ID Number": "8630143"
  },
  {
    "ID Number": "8640912"
  },
  {
    "ID Number": "8620156"
  },
  {
    "ID Number": "8618011"
  },
  {
    "ID Number": "8624496"
  },
  {
    "ID Number": "8666040"
  },
  {
    "ID Number": "8673497"
  },
  {
    "ID Number": "8663572"
  },
  {
    "ID Number": "8651418"
  },
  {
    "ID Number": "8622450"
  },
  {
    "ID Number": "8611092"
  },
  {
    "ID Number": "8640742"
  },
  {
    "ID Number": "8631590"
  },
  {
    "ID Number": "8657440"
  },
  {
    "ID Number": "8659788"
  },
  {
    "ID Number": "8641021"
  },
  {
    "ID Number": "8640718"
  },
  {
    "ID Number": "8603162"
  },
  {
    "ID Number": "8625409"
  },
  {
    "ID Number": "8658927"
  },
  {
    "ID Number": "8608253"
  },
  {
    "ID Number": "8636028"
  },
  {
    "ID Number": "8621411"
  },
  {
    "ID Number": "8640750"
  },
  {
    "ID Number": "8620865"
  },
  {
    "ID Number": "8650195"
  },
  {
    "ID Number": "8638900"
  },
  {
    "ID Number": "8630364"
  },
  {
    "ID Number": "8614300"
  },
  {
    "ID Number": "8650080"
  },
  {
    "ID Number": "8609870"
  },
  {
    "ID Number": "8622990"
  },
  {
    "ID Number": "8604150"
  },
  {
    "ID Number": "8605378"
  },
  {
    "ID Number": "8655065"
  },
  {
    "ID Number": "8618119"
  },
  {
    "ID Number": "8649499"
  },
  {
    "ID Number": "8663858"
  },
  {
    "ID Number": "8626111"
  },
  {
    "ID Number": "8631190"
  },
  {
    "ID Number": "8614776"
  },
  {
    "ID Number": "8642419"
  },
  {
    "ID Number": "8614520"
  },
  {
    "ID Number": "8647410"
  },
  {
    "ID Number": "8664242"
  },
  {
    "ID Number": "8603642"
  },
  {
    "ID Number": "8626561"
  },
  {
    "ID Number": "8620830"
  },
  {
    "ID Number": "8623180"
  },
  {
    "ID Number": "8668752"
  },
  {
    "ID Number": "8609977"
  },
  {
    "ID Number": "8647569"
  },
  {
    "ID Number": "8603383"
  },
  {
    "ID Number": "8649456"
  },
  {
    "ID Number": "8665079"
  },
  {
    "ID Number": "8639744"
  },
  {
    "ID Number": "8640084"
  },
  {
    "ID Number": "8602417"
  },
  {
    "ID Number": "8650764"
  },
  {
    "ID Number": "8639868"
  },
  {
    "ID Number": "8628793"
  },
  {
    "ID Number": "8614296"
  },
  {
    "ID Number": "8603189"
  },
  {
    "ID Number": "8616906"
  },
  {
    "ID Number": "8618585"
  },
  {
    "ID Number": "8618968"
  },
  {
    "ID Number": "8601020"
  },
  {
    "ID Number": "8668566"
  },
  {
    "ID Number": "8671087"
  },
  {
    "ID Number": "8631638"
  },
  {
    "ID Number": "8636052"
  },
  {
    "ID Number": "8603197"
  },
  {
    "ID Number": "8646139"
  },
  {
    "ID Number": "8602883"
  },
  {
    "ID Number": "8609446"
  },
  {
    "ID Number": "8631859"
  },
  {
    "ID Number": "8651736"
  },
  {
    "ID Number": "8674990"
  },
  {
    "ID Number": "8671990"
  },
  {
    "ID Number": "8631301"
  },
  {
    "ID Number": "8642575"
  },
  {
    "ID Number": "8604070"
  },
  {
    "ID Number": "8663289"
  },
  {
    "ID Number": "8667306"
  },
  {
    "ID Number": "8624305"
  },
  {
    "ID Number": "8667314"
  },
  {
    "ID Number": "8600406"
  },
  {
    "ID Number": "8625050"
  },
  {
    "ID Number": "8604282"
  },
  {
    "ID Number": "8605351"
  },
  {
    "ID Number": "8636060"
  },
  {
    "ID Number": "8601003"
  },
  {
    "ID Number": "8610665"
  },
  {
    "ID Number": "8676577"
  },
  {
    "ID Number": "8620148"
  },
  {
    "ID Number": "8622221"
  },
  {
    "ID Number": "8623490"
  },
  {
    "ID Number": "8642796"
  },
  {
    "ID Number": "8628106"
  },
  {
    "ID Number": "8656835"
  },
  {
    "ID Number": "8651892"
  },
  {
    "ID Number": "8617848"
  },
  {
    "ID Number": "8617996"
  },
  {
    "ID Number": "8625646"
  },
  {
    "ID Number": "8651914"
  },
  {
    "ID Number": "8664315"
  },
  {
    "ID Number": "8642184"
  },
  {
    "ID Number": "8615616"
  },
  {
    "ID Number": "8628610"
  },
  {
    "ID Number": "8631450"
  },
  {
    "ID Number": "8624321"
  },
  {
    "ID Number": "8651922"
  },
  {
    "ID Number": "8640181"
  },
  {
    "ID Number": "8638284"
  },
  {
    "ID Number": "8606021"
  },
  {
    "ID Number": "8641005"
  },
  {
    "ID Number": "8618593"
  },
  {
    "ID Number": "8601097"
  },
  {
    "ID Number": "8601429"
  },
  {
    "ID Number": "8628785"
  },
  {
    "ID Number": "8655235"
  },
  {
    "ID Number": "8607966"
  },
  {
    "ID Number": "8641994"
  },
  {
    "ID Number": "8657580"
  },
  {
    "ID Number": "8655979"
  },
  {
    "ID Number": "8676836"
  },
  {
    "ID Number": "8640157"
  },
  {
    "ID Number": "8626855"
  },
  {
    "ID Number": "8614350"
  },
  {
    "ID Number": "8620342"
  },
  {
    "ID Number": "8639892"
  },
  {
    "ID Number": "8614385"
  },
  {
    "ID Number": "8647771"
  },
  {
    "ID Number": "8644500"
  },
  {
    "ID Number": "8643520"
  },
  {
    "ID Number": "8656738"
  },
  {
    "ID Number": "8613362"
  },
  {
    "ID Number": "8636974"
  },
  {
    "ID Number": "8671680"
  },
  {
    "ID Number": "8617880"
  },
  {
    "ID Number": "8615187"
  },
  {
    "ID Number": "8622256"
  },
  {
    "ID Number": "8620938"
  },
  {
    "ID Number": "8616787"
  },
  {
    "ID Number": "8603405"
  },
  {
    "ID Number": "8600171"
  },
  {
    "ID Number": "8658013"
  },
  {
    "ID Number": "8603430"
  },
  {
    "ID Number": "8602956"
  },
  {
    "ID Number": "8612676"
  },
  {
    "ID Number": "331059502"
  },
  {
    "ID Number": "8659214"
  },
  {
    "ID Number": "8655995"
  },
  {
    "ID Number": "8663980"
  },
  {
    "ID Number": "8625417"
  },
  {
    "ID Number": "8642559"
  },
  {
    "ID Number": "8628130"
  },
  {
    "ID Number": "8641170"
  },
  {
    "ID Number": "8637792"
  },
  {
    "ID Number": "8642044"
  },
  {
    "ID Number": "8611122"
  },
  {
    "ID Number": "8631379"
  },
  {
    "ID Number": "8639906"
  },
  {
    "ID Number": "8625387"
  },
  {
    "ID Number": "8653712"
  },
  {
    "ID Number": "8643075"
  },
  {
    "ID Number": "8658307"
  },
  {
    "ID Number": "8614687"
  },
  {
    "ID Number": "8615209"
  },
  {
    "ID Number": "8618623"
  },
  {
    "ID Number": "8653755"
  },
  {
    "ID Number": "8639582"
  },
  {
    "ID Number": "8605602"
  },
  {
    "ID Number": "8663998"
  },
  {
    "ID Number": "8607621"
  },
  {
    "ID Number": "8608547"
  },
  {
    "ID Number": "8627851"
  },
  {
    "ID Number": "8649286"
  },
  {
    "ID Number": "8622388"
  },
  {
    "ID Number": "8606161"
  },
  {
    "ID Number": "8650802"
  },
  {
    "ID Number": "8637750"
  },
  {
    "ID Number": "8619107"
  },
  {
    "ID Number": "8680590"
  },
  {
    "ID Number": "8653798"
  },
  {
    "ID Number": "8653771"
  },
  {
    "ID Number": "8625484"
  },
  {
    "ID Number": "8613478"
  },
  {
    "ID Number": "8617970"
  },
  {
    "ID Number": "8603693"
  },
  {
    "ID Number": "8658650"
  },
  {
    "ID Number": "8680132"
  },
  {
    "ID Number": "8670765"
  },
  {
    "ID Number": "8604096"
  },
  {
    "ID Number": "8617953"
  },
  {
    "ID Number": "8649731"
  },
  {
    "ID Number": "8600031"
  },
  {
    "ID Number": "8606790"
  },
  {
    "ID Number": "8667527"
  },
  {
    "ID Number": "8653860"
  },
  {
    "ID Number": "8640610"
  },
  {
    "ID Number": "8653801"
  },
  {
    "ID Number": "8608288"
  },
  {
    "ID Number": "8647062"
  },
  {
    "ID Number": "8605564"
  },
  {
    "ID Number": "8627410"
  },
  {
    "ID Number": "8604940"
  },
  {
    "ID Number": "8601089"
  },
  {
    "ID Number": "8664030"
  },
  {
    "ID Number": "8611572"
  },
  {
    "ID Number": "331110418"
  },
  {
    "ID Number": "63100630"
  },
  {
    "ID Number": "8636761"
  },
  {
    "ID Number": "8626464"
  },
  {
    "ID Number": "8625492"
  },
  {
    "ID Number": "8626480"
  },
  {
    "ID Number": "8648603"
  },
  {
    "ID Number": "8615250"
  },
  {
    "ID Number": "8618658"
  },
  {
    "ID Number": "8657238"
  },
  {
    "ID Number": "8658080"
  },
  {
    "ID Number": "8667594"
  },
  {
    "ID Number": "8635668"
  },
  {
    "ID Number": "8655413"
  },
  {
    "ID Number": "8647518"
  },
  {
    "ID Number": "8602948"
  },
  {
    "ID Number": "8624348"
  },
  {
    "ID Number": "8653984"
  },
  {
    "ID Number": "8654085"
  },
  {
    "ID Number": "8603758"
  },
  {
    "ID Number": "8631166"
  },
  {
    "ID Number": "8659850"
  },
  {
    "ID Number": "8649073"
  },
  {
    "ID Number": "8674566"
  },
  {
    "ID Number": "8612285"
  },
  {
    "ID Number": "8608601"
  },
  {
    "ID Number": "331059530"
  },
  {
    "ID Number": "8654069"
  },
  {
    "ID Number": "8615624"
  },
  {
    "ID Number": "8641528"
  },
  {
    "ID Number": "8625441"
  },
  {
    "ID Number": "8630291"
  },
  {
    "ID Number": "8661138"
  },
  {
    "ID Number": "8646074"
  },
  {
    "ID Number": "8630305"
  },
  {
    "ID Number": "8611556"
  },
  {
    "ID Number": "8674469"
  },
  {
    "ID Number": "8600015"
  },
  {
    "ID Number": "8677891"
  },
  {
    "ID Number": "8642877"
  },
  {
    "ID Number": "8659303"
  },
  {
    "ID Number": "8649120"
  },
  {
    "ID Number": "8669899"
  },
  {
    "ID Number": "8640483"
  },
  {
    "ID Number": "8657599"
  },
  {
    "ID Number": "8622663"
  },
  {
    "ID Number": "331105454"
  },
  {
    "ID Number": "8608555"
  },
  {
    "ID Number": "8649170"
  },
  {
    "ID Number": "8658714"
  },
  {
    "ID Number": "8662533"
  },
  {
    "ID Number": "8609667"
  },
  {
    "ID Number": "8603090"
  },
  {
    "ID Number": "8647674"
  },
  {
    "ID Number": "8654247"
  },
  {
    "ID Number": "8603820"
  },
  {
    "ID Number": "8628165"
  },
  {
    "ID Number": "8640335"
  },
  {
    "ID Number": "8641340"
  },
  {
    "ID Number": "8649138"
  },
  {
    "ID Number": "8641064"
  },
  {
    "ID Number": "8661456"
  },
  {
    "ID Number": "8643776"
  },
  {
    "ID Number": "8625670"
  },
  {
    "ID Number": "8657092"
  },
  {
    "ID Number": "8641668"
  },
  {
    "ID Number": "8681503"
  },
  {
    "ID Number": "8609772"
  },
  {
    "ID Number": "8649464"
  },
  {
    "ID Number": "8608415"
  },
  {
    "ID Number": "8619190"
  },
  {
    "ID Number": "8666164"
  },
  {
    "ID Number": "8603847"
  },
  {
    "ID Number": "8670110"
  },
  {
    "ID Number": "8614407"
  },
  {
    "ID Number": "8645914"
  },
  {
    "ID Number": "8673187"
  },
  {
    "ID Number": "8666202"
  },
  {
    "ID Number": "8600201"
  },
  {
    "ID Number": "8647682"
  },
  {
    "ID Number": "8635056"
  },
  {
    "ID Number": "8654417"
  },
  {
    "ID Number": "8657998"
  },
  {
    "ID Number": "8616590"
  },
  {
    "ID Number": "8654743"
  },
  {
    "ID Number": "8666091"
  },
  {
    "ID Number": "8638071"
  },
  {
    "ID Number": "8638993"
  },
  {
    "ID Number": "8641552"
  },
  {
    "ID Number": "8643172"
  },
  {
    "ID Number": "8606846"
  },
  {
    "ID Number": "8640980"
  },
  {
    "ID Number": "8673179"
  },
  {
    "ID Number": "8662401"
  },
  {
    "ID Number": "8640777"
  },
  {
    "ID Number": "8655103"
  },
  {
    "ID Number": "8643946"
  },
  {
    "ID Number": "8620024"
  },
  {
    "ID Number": "8620784"
  },
  {
    "ID Number": "8608032"
  },
  {
    "ID Number": "8646163"
  },
  {
    "ID Number": "8600970"
  },
  {
    "ID Number": "8625433"
  },
  {
    "ID Number": "8647577"
  },
  {
    "ID Number": "8626553"
  },
  {
    "ID Number": "8625425"
  },
  {
    "ID Number": "8653089"
  },
  {
    "ID Number": "8642192"
  },
  {
    "ID Number": "8641544"
  },
  {
    "ID Number": "8610894"
  },
  {
    "ID Number": "8647291"
  },
  {
    "ID Number": "8604037"
  },
  {
    "ID Number": "8603219"
  },
  {
    "ID Number": "8625476"
  },
  {
    "ID Number": "8632561"
  },
  {
    "ID Number": "8656380"
  },
  {
    "ID Number": "8617740"
  },
  {
    "ID Number": "8681414"
  },
  {
    "ID Number": "8626995"
  },
  {
    "ID Number": "8643571"
  },
  {
    "ID Number": "8665168"
  },
  {
    "ID Number": "8657106"
  },
  {
    "ID Number": "8635706"
  },
  {
    "ID Number": "8647356"
  },
  {
    "ID Number": "8654492"
  },
  {
    "ID Number": "8656126"
  },
  {
    "ID Number": "8674582"
  },
  {
    "ID Number": "8618399"
  },
  {
    "ID Number": "8647615"
  },
  {
    "ID Number": "8600694"
  },
  {
    "ID Number": "8652961"
  },
  {
    "ID Number": "8609470"
  },
  {
    "ID Number": "8617546"
  },
  {
    "ID Number": "8611513"
  },
  {
    "ID Number": "150110649"
  },
  {
    "ID Number": "8659877"
  },
  {
    "ID Number": "8649723"
  },
  {
    "ID Number": "8602522"
  },
  {
    "ID Number": "8604290"
  },
  {
    "ID Number": "8608040"
  },
  {
    "ID Number": "8641226"
  },
  {
    "ID Number": "8674361"
  },
  {
    "ID Number": "8601283"
  },
  {
    "ID Number": "8609497"
  },
  {
    "ID Number": "8626260"
  },
  {
    "ID Number": "8608342"
  },
  {
    "ID Number": "8668728"
  },
  {
    "ID Number": "8658757"
  },
  {
    "ID Number": "8644438"
  },
  {
    "ID Number": "8642540"
  },
  {
    "ID Number": "8649707"
  },
  {
    "ID Number": "8635862"
  },
  {
    "ID Number": "8618887"
  },
  {
    "ID Number": "8640378"
  },
  {
    "ID Number": "8673993"
  },
  {
    "ID Number": "8617066"
  },
  {
    "ID Number": "8628700"
  },
  {
    "ID Number": "8656568"
  },
  {
    "ID Number": "8646511"
  },
  {
    "ID Number": "8660166"
  },
  {
    "ID Number": "8602905"
  },
  {
    "ID Number": "8647526"
  },
  {
    "ID Number": "8609888"
  },
  {
    "ID Number": "8609918"
  },
  {
    "ID Number": "8614849"
  },
  {
    "ID Number": "8615330"
  },
  {
    "ID Number": "8624429"
  },
  {
    "ID Number": "8656754"
  },
  {
    "ID Number": "8623325"
  },
  {
    "ID Number": "8622116"
  },
  {
    "ID Number": "8664170"
  },
  {
    "ID Number": "8601674"
  },
  {
    "ID Number": "8607907"
  },
  {
    "ID Number": "8620822"
  },
  {
    "ID Number": "8610967"
  },
  {
    "ID Number": "8625468"
  },
  {
    "ID Number": "8644390"
  },
  {
    "ID Number": "8626421"
  },
  {
    "ID Number": "8610975"
  },
  {
    "ID Number": "8622361"
  },
  {
    "ID Number": "8671001"
  },
  {
    "ID Number": "8632774"
  },
  {
    "ID Number": "8610983"
  },
  {
    "ID Number": "8626286"
  },
  {
    "ID Number": "8611211"
  },
  {
    "ID Number": "8647968"
  },
  {
    "ID Number": "8608059"
  },
  {
    "ID Number": "8640505"
  },
  {
    "ID Number": "8647267"
  },
  {
    "ID Number": "8670323"
  },
  {
    "ID Number": "8607435"
  },
  {
    "ID Number": "8604770"
  },
  {
    "ID Number": "8658005"
  },
  {
    "ID Number": "8659613"
  },
  {
    "ID Number": "8624445"
  },
  {
    "ID Number": "260290"
  },
  {
    "ID Number": "8657262"
  },
  {
    "ID Number": "8628696"
  },
  {
    "ID Number": "8625697"
  },
  {
    "ID Number": "8626022"
  },
  {
    "ID Number": "8638802"
  },
  {
    "ID Number": "8678162"
  },
  {
    "ID Number": "8627665"
  },
  {
    "ID Number": "8610959"
  },
  {
    "ID Number": "8635064"
  },
  {
    "ID Number": "8641447"
  },
  {
    "ID Number": "8614610"
  },
  {
    "ID Number": "8654786"
  },
  {
    "ID Number": "8642001"
  },
  {
    "ID Number": "8678170"
  }
]