[
  {
    "ID Number": "22000348"
  },
  {
    "ID Number": "22004408"
  },
  {
    "ID Number": "22001832"
  },
  {
    "ID Number": "22028340"
  },
  {
    "ID Number": "22029672"
  },
  {
    "ID Number": "22020152"
  },
  {
    "ID Number": "22025715"
  },
  {
    "ID Number": "22012320"
  },
  {
    "ID Number": "22025553"
  },
  {
    "ID Number": "22025561"
  },
  {
    "ID Number": "22028510"
  },
  {
    "ID Number": "22003231"
  },
  {
    "ID Number": "22004017"
  },
  {
    "ID Number": "22012583"
  },
  {
    "ID Number": "22016422"
  },
  {
    "ID Number": "22004483"
  },
  {
    "ID Number": "22009752"
  },
  {
    "ID Number": "22018115"
  },
  {
    "ID Number": "22004297"
  },
  {
    "ID Number": "22000909"
  },
  {
    "ID Number": "22025111"
  },
  {
    "ID Number": "22025103"
  },
  {
    "ID Number": "22005170"
  },
  {
    "ID Number": "22004319"
  },
  {
    "ID Number": "22000380"
  },
  {
    "ID Number": "22006710"
  },
  {
    "ID Number": "22004165"
  },
  {
    "ID Number": "22013920"
  },
  {
    "ID Number": "22000054"
  },
  {
    "ID Number": "22022929"
  },
  {
    "ID Number": "22003053"
  },
  {
    "ID Number": "22018034"
  },
  {
    "ID Number": "22027785"
  },
  {
    "ID Number": "22008276"
  },
  {
    "ID Number": "22006206"
  },
  {
    "ID Number": "22001506"
  },
  {
    "ID Number": "22029230"
  },
  {
    "ID Number": "22004955"
  },
  {
    "ID Number": "22021108"
  },
  {
    "ID Number": "22028080"
  },
  {
    "ID Number": "22010769"
  },
  {
    "ID Number": "22027173"
  },
  {
    "ID Number": "22000984"
  },
  {
    "ID Number": "22001336"
  },
  {
    "ID Number": "22001824"
  },
  {
    "ID Number": "22008551"
  },
  {
    "ID Number": "22020373"
  },
  {
    "ID Number": "22020365"
  },
  {
    "ID Number": "22007440"
  },
  {
    "ID Number": "22007415"
  },
  {
    "ID Number": "22006230"
  },
  {
    "ID Number": "22008128"
  },
  {
    "ID Number": "22008136"
  },
  {
    "ID Number": "22002545"
  },
  {
    "ID Number": "22006753"
  },
  {
    "ID Number": "22003886"
  },
  {
    "ID Number": "22001301"
  },
  {
    "ID Number": "22003711"
  },
  {
    "ID Number": "22010840"
  },
  {
    "ID Number": "22003436"
  },
  {
    "ID Number": "22024387"
  },
  {
    "ID Number": "22017917"
  },
  {
    "ID Number": "22005048"
  },
  {
    "ID Number": "22016929"
  },
  {
    "ID Number": "22006494"
  },
  {
    "ID Number": "22003690"
  },
  {
    "ID Number": "22010181"
  },
  {
    "ID Number": "22025596"
  },
  {
    "ID Number": "22025030"
  },
  {
    "ID Number": "22000194"
  },
  {
    "ID Number": "22002570"
  },
  {
    "ID Number": "22028153"
  },
  {
    "ID Number": "22026746"
  },
  {
    "ID Number": "22006257"
  },
  {
    "ID Number": "22002561"
  },
  {
    "ID Number": "22012311"
  },
  {
    "ID Number": "22027998"
  },
  {
    "ID Number": "22025197"
  },
  {
    "ID Number": "22011013"
  },
  {
    "ID Number": "22001077"
  },
  {
    "ID Number": "22009841"
  },
  {
    "ID Number": "22000208"
  },
  {
    "ID Number": "22028501"
  },
  {
    "ID Number": "22002111"
  },
  {
    "ID Number": "22025600"
  },
  {
    "ID Number": "22020357"
  },
  {
    "ID Number": "22021663"
  },
  {
    "ID Number": "22015558"
  },
  {
    "ID Number": "22011200"
  },
  {
    "ID Number": "22001069"
  },
  {
    "ID Number": "22028471"
  },
  {
    "ID Number": "22000712"
  },
  {
    "ID Number": "22004114"
  },
  {
    "ID Number": "22016244"
  },
  {
    "ID Number": "22014896"
  },
  {
    "ID Number": "22011005"
  },
  {
    "ID Number": "22029958"
  },
  {
    "ID Number": "22013156"
  },
  {
    "ID Number": "22012958"
  },
  {
    "ID Number": "22005587"
  },
  {
    "ID Number": "22016147"
  },
  {
    "ID Number": "22000259"
  },
  {
    "ID Number": "22024328"
  },
  {
    "ID Number": "22001158"
  },
  {
    "ID Number": "22006532"
  },
  {
    "ID Number": "22001115"
  },
  {
    "ID Number": "22028102"
  },
  {
    "ID Number": "22006923"
  },
  {
    "ID Number": "22006540"
  },
  {
    "ID Number": "22002200"
  },
  {
    "ID Number": "22000429"
  },
  {
    "ID Number": "22001042"
  },
  {
    "ID Number": "22002030"
  },
  {
    "ID Number": "22006648"
  },
  {
    "ID Number": "22000585"
  },
  {
    "ID Number": "22008497"
  },
  {
    "ID Number": "22003983"
  },
  {
    "ID Number": "22004882"
  },
  {
    "ID Number": "22000526"
  },
  {
    "ID Number": "22008640"
  },
  {
    "ID Number": "22006761"
  },
  {
    "ID Number": "22020047"
  },
  {
    "ID Number": "22003509"
  },
  {
    "ID Number": "22021043"
  },
  {
    "ID Number": "22000879"
  },
  {
    "ID Number": "22013440"
  },
  {
    "ID Number": "22010459"
  },
  {
    "ID Number": "22000542"
  },
  {
    "ID Number": "22002138"
  },
  {
    "ID Number": "22009116"
  },
  {
    "ID Number": "22000100"
  },
  {
    "ID Number": "22002383"
  },
  {
    "ID Number": "22002812"
  },
  {
    "ID Number": "22014713"
  },
  {
    "ID Number": "22015698"
  },
  {
    "ID Number": "22004432"
  },
  {
    "ID Number": "22006621"
  },
  {
    "ID Number": "22006168"
  },
  {
    "ID Number": "22006176"
  },
  {
    "ID Number": "22000267"
  },
  {
    "ID Number": "22001000"
  },
  {
    "ID Number": "22000232"
  },
  {
    "ID Number": "22029435"
  },
  {
    "ID Number": "22009671"
  },
  {
    "ID Number": "22028846"
  },
  {
    "ID Number": "22001085"
  },
  {
    "ID Number": "22015213"
  },
  {
    "ID Number": "22007083"
  },
  {
    "ID Number": "22006184"
  },
  {
    "ID Number": "22018247"
  },
  {
    "ID Number": "22012699"
  },
  {
    "ID Number": "22000933"
  },
  {
    "ID Number": "22021027"
  },
  {
    "ID Number": "22008772"
  },
  {
    "ID Number": "22021086"
  },
  {
    "ID Number": "22016325"
  },
  {
    "ID Number": "22016031"
  },
  {
    "ID Number": "22001140"
  },
  {
    "ID Number": "22015370"
  },
  {
    "ID Number": "22016040"
  },
  {
    "ID Number": "22004394"
  },
  {
    "ID Number": "22002430"
  },
  {
    "ID Number": "22001921"
  },
  {
    "ID Number": "22000097"
  },
  {
    "ID Number": "22001395"
  },
  {
    "ID Number": "22008560"
  },
  {
    "ID Number": "22000046"
  },
  {
    "ID Number": "22000950"
  },
  {
    "ID Number": "22007156"
  },
  {
    "ID Number": "22001239"
  },
  {
    "ID Number": "22002677"
  },
  {
    "ID Number": "22013717"
  },
  {
    "ID Number": "22026754"
  },
  {
    "ID Number": "22028617"
  },
  {
    "ID Number": "22001352"
  },
  {
    "ID Number": "22008306"
  },
  {
    "ID Number": "22025200"
  },
  {
    "ID Number": "22006427"
  },
  {
    "ID Number": "22019952"
  },
  {
    "ID Number": "22000283"
  },
  {
    "ID Number": "22000275"
  },
  {
    "ID Number": "22021361"
  },
  {
    "ID Number": "22006869"
  },
  {
    "ID Number": "22025820"
  },
  {
    "ID Number": "22011978"
  },
  {
    "ID Number": "22015434"
  },
  {
    "ID Number": "22016902"
  },
  {
    "ID Number": "22017046"
  },
  {
    "ID Number": "22018980"
  },
  {
    "ID Number": "22015442"
  },
  {
    "ID Number": "22006141"
  },
  {
    "ID Number": "22022295"
  },
  {
    "ID Number": "22006109"
  },
  {
    "ID Number": "22000917"
  },
  {
    "ID Number": "22002553"
  },
  {
    "ID Number": "22013520"
  },
  {
    "ID Number": "22017925"
  },
  {
    "ID Number": "22017887"
  },
  {
    "ID Number": "22017933"
  },
  {
    "ID Number": "22001271"
  },
  {
    "ID Number": "22028668"
  },
  {
    "ID Number": "22015795"
  },
  {
    "ID Number": "22011137"
  },
  {
    "ID Number": "22003380"
  },
  {
    "ID Number": "22014306"
  },
  {
    "ID Number": "22025952"
  },
  {
    "ID Number": "22003878"
  },
  {
    "ID Number": "22001212"
  },
  {
    "ID Number": "22003193"
  },
  {
    "ID Number": "22017208"
  },
  {
    "ID Number": "22001190"
  },
  {
    "ID Number": "22028633"
  },
  {
    "ID Number": "22025049"
  },
  {
    "ID Number": "22006680"
  },
  {
    "ID Number": "22006265"
  },
  {
    "ID Number": "22012524"
  },
  {
    "ID Number": "22003959"
  },
  {
    "ID Number": "22001255"
  },
  {
    "ID Number": "22010670"
  },
  {
    "ID Number": "22018476"
  },
  {
    "ID Number": "22008144"
  },
  {
    "ID Number": "22030018"
  },
  {
    "ID Number": "22025898"
  },
  {
    "ID Number": "22024867"
  },
  {
    "ID Number": "22002081"
  },
  {
    "ID Number": "22004262"
  },
  {
    "ID Number": "22004289"
  },
  {
    "ID Number": "22008608"
  },
  {
    "ID Number": "22002243"
  },
  {
    "ID Number": "22011277"
  },
  {
    "ID Number": "22001018"
  },
  {
    "ID Number": "22008535"
  },
  {
    "ID Number": "22002197"
  },
  {
    "ID Number": "22001034"
  },
  {
    "ID Number": "22006567"
  },
  {
    "ID Number": "22005951"
  },
  {
    "ID Number": "22001425"
  },
  {
    "ID Number": "22002227"
  },
  {
    "ID Number": "22016155"
  },
  {
    "ID Number": "22002022"
  },
  {
    "ID Number": "22002065"
  },
  {
    "ID Number": "22009809"
  },
  {
    "ID Number": "22002146"
  },
  {
    "ID Number": "22002260"
  },
  {
    "ID Number": "22009817"
  },
  {
    "ID Number": "22002014"
  },
  {
    "ID Number": "22001417"
  },
  {
    "ID Number": "22000976"
  },
  {
    "ID Number": "22002162"
  },
  {
    "ID Number": "22000534"
  },
  {
    "ID Number": "22002103"
  },
  {
    "ID Number": "22009825"
  },
  {
    "ID Number": "22000607"
  },
  {
    "ID Number": "22000356"
  },
  {
    "ID Number": "22006079"
  },
  {
    "ID Number": "22000399"
  },
  {
    "ID Number": "22019731"
  },
  {
    "ID Number": "22001743"
  },
  {
    "ID Number": "22000860"
  },
  {
    "ID Number": "22000070"
  },
  {
    "ID Number": "22000062"
  },
  {
    "ID Number": "22000089"
  },
  {
    "ID Number": "22000240"
  },
  {
    "ID Number": "22010920"
  },
  {
    "ID Number": "22001816"
  },
  {
    "ID Number": "22004939"
  },
  {
    "ID Number": "22019804"
  },
  {
    "ID Number": "22002235"
  },
  {
    "ID Number": "22019820"
  },
  {
    "ID Number": "22008209"
  },
  {
    "ID Number": "22007776"
  }
]