[
  {
    "ID Number": "11100311",
    "Name": "Alleyne, Mark-John",
    "Fed": "BAR",
    "Sex": "M",
    "Title": "",
    "WTit": "",
    "OTit": "",
    "FOA": "1960",
    "Rating": "AUG25",
    "Gms": "0",
    "K": "20",
    "B-day": "1982",
    "Flag": "i"
  },
  {
    "ID Number": "11100508",
    "Name": "Areti, Muralidhar",
    "Fed": "BAR",
    "Sex": "M",
    "Title": "",
    "WTit": "",
    "OTit": "",
    "FOA": "1755",
    "Rating": "AUG25",
    "Gms": "0",
    "K": "20",
    "B-day": "1986",
    "Flag": ""
  },
  {
    "ID Number": "11100184",
    "Name": "Austin, Dirk",
    "Fed": "BAR",
    "Sex": "M",
    "Title": "",
    "WTit": "",
    "OTit": "",
    "FOA": "2148",
    "Rating": "AUG25",
    "Gms": "0",
    "K": "20",
    "B-day": "1966",
    "Flag": "i"
  },
  {
    "ID Number": "11100079",
    "Name": "Barker, Michael",
    "Fed": "BAR",
    "Sex": "M",
    "Title": "",
    "WTit": "",
    "OTit": "",
    "FOA": "1735",
    "Rating": "AUG25",
    "Gms": "0",
    "K": "20",
    "B-day": "1948",
    "Flag": "i"
  },
  {
    "ID Number": "11104678",
    "Name": "Bennett, Randy",
    "Fed": "BAR",
    "Sex": "M",
    "Title": "",
    "WTit": "",
    "OTit": "",
    "FOA": "1795",
    "Rating": "AUG25",
    "Gms": "0",
    "K": "40",
    "B-day": "1982",
    "Flag": "i"
  },
  {
    "ID Number": "11106590",
    "Name": "Blackett, Amari",
    "Fed": "BAR",
    "Sex": "M",
    "Title": "",
    "WTit": "",
    "OTit": "",
    "FOA": "1616",
    "Rating": "AUG25",
    "Gms": "0",
    "K": "40",
    "B-day": "2010",
    "Flag": ""
  },
  {
    "ID Number": "11100516",
    "Name": "Blackman, Justin",
    "Fed": "BAR",
    "Sex": "M",
    "Title": "FM",
    "WTit": "",
    "OTit": "",
    "FOA": "2279",
    "Rating": "AUG25",
    "Gms": "0",
    "K": "20",
    "B-day": "1991",
    "Flag": ""
  },
  {
    "ID Number": "11100540",
    "Name": "Blackman, Katrina",
    "Fed": "BAR",
    "Sex": "F",
    "Title": "WCM",
    "WTit": "WCM",
    "OTit": "NA",
    "FOA": "1809",
    "Rating": "AUG25",
    "Gms": "0",
    "K": "20",
    "B-day": "1992",
    "Flag": "w"
  },
  {
    "ID Number": "11100354",
    "Name": "Blenman, Rashaana",
    "Fed": "BAR",
    "Sex": "F",
    "Title": "",
    "WTit": "",
    "OTit": "",
    "FOA": "2050",
    "Rating": "AUG25",
    "Gms": "0",
    "K": "40",
    "B-day": "1979",
    "Flag": "wi"
  },
  {
    "ID Number": "11102527",
    "Name": "Boyce, Christopher",
    "Fed": "BAR",
    "Sex": "M",
    "Title": "",
    "WTit": "",
    "OTit": "",
    "FOA": "1761",
    "Rating": "AUG25",
    "Gms": "0",
    "K": "40",
    "B-day": "1984",
    "Flag": "i"
  },
  {
    "ID Number": "11100230",
    "Name": "Branch, Brian",
    "Fed": "BAR",
    "Sex": "M",
    "Title": "",
    "WTit": "",
    "OTit": "",
    "FOA": "1947",
    "Rating": "AUG25",
    "Gms": "0",
    "K": "40",
    "B-day": "1990",
    "Flag": "i"
  },
  {
    "ID Number": "11107359",
    "Name": "Brathwaite, Dominic",
    "Fed": "BAR",
    "Sex": "M",
    "Title": "",
    "WTit": "",
    "OTit": "",
    "FOA": "1455",
    "Rating": "AUG25",
    "Gms": "0",
    "K": "40",
    "B-day": "2004",
    "Flag": "i"
  },
  {
    "ID Number": "11106751",
    "Name": "Browne, Janiyah",
    "Fed": "BAR",
    "Sex": "F",
    "Title": "",
    "WTit": "",
    "OTit": "",
    "FOA": "1465",
    "Rating": "AUG25",
    "Gms": "2",
    "K": "40",
    "B-day": "2014",
    "Flag": "w"
  },
  {
    "ID Number": "11104767",
    "Name": "Browne, Stephen",
    "Fed": "BAR",
    "Sex": "M",
    "Title": "",
    "WTit": "",
    "OTit": "",
    "FOA": "1683",
    "Rating": "AUG25",
    "Gms": "0",
    "K": "40",
    "B-day": "1967",
    "Flag": "i"
  },
  {
    "ID Number": "11100010",
    "Name": "Buckmire, Ron",
    "Fed": "BAR",
    "Sex": "M",
    "Title": "FM",
    "WTit": "",
    "OTit": "",
    "FOA": "2320",
    "Rating": "AUG25",
    "Gms": "0",
    "K": "20",
    "B-day": "1968",
    "Flag": "i"
  },
  {
    "ID Number": "11103280",
    "Name": "Burke, Joshua",
    "Fed": "BAR",
    "Sex": "M",
    "Title": "",
    "WTit": "",
    "OTit": "",
    "FOA": "1495",
    "Rating": "AUG25",
    "Gms": "0",
    "K": "20",
    "B-day": "2002",
    "Flag": "i"
  },
  {
    "ID Number": "11103191",
    "Name": "Bynoe, Dajmar",
    "Fed": "BAR",
    "Sex": "M",
    "Title": "",
    "WTit": "",
    "OTit": "",
    "FOA": "1530",
    "Rating": "AUG25",
    "Gms": "0",
    "K": "40",
    "B-day": "2001",
    "Flag": "i"
  },
  {
    "ID Number": "11102144",
    "Name": "Cardoza, Luke",
    "Fed": "BAR",
    "Sex": "M",
    "Title": "",
    "WTit": "",
    "OTit": "",
    "FOA": "1744",
    "Rating": "AUG25",
    "Gms": "0",
    "K": "20",
    "B-day": "2000",
    "Flag": "i"
  },
  {
    "ID Number": "11101598",
    "Name": "Carew, Sean",
    "Fed": "BAR",
    "Sex": "M",
    "Title": "",
    "WTit": "",
    "OTit": "",
    "FOA": "1869",
    "Rating": "AUG25",
    "Gms": "0",
    "K": "40",
    "B-day": "1968",
    "Flag": "i"
  },
  {
    "ID Number": "11100044",
    "Name": "Chapman, Andrew",
    "Fed": "BAR",
    "Sex": "M",
    "Title": "",
    "WTit": "",
    "OTit": "",
    "FOA": "2131",
    "Rating": "AUG25",
    "Gms": "0",
    "K": "20",
    "B-day": "1952",
    "Flag": "i"
  },
  {
    "ID Number": "11104457",
    "Name": "Clark, Tarquin",
    "Fed": "BAR",
    "Sex": "M",
    "Title": "",
    "WTit": "",
    "OTit": "",
    "FOA": "1486",
    "Rating": "AUG25",
    "Gms": "0",
    "K": "40",
    "B-day": "2008",
    "Flag": "i"
  },
  {
    "ID Number": "11106646",
    "Name": "Clarke, Loki",
    "Fed": "BAR",
    "Sex": "M",
    "Title": "",
    "WTit": "",
    "OTit": "",
    "FOA": "1580",
    "Rating": "AUG25",
    "Gms": "0",
    "K": "40",
    "B-day": "2007",
    "Flag": ""
  },
  {
    "ID Number": "11106654",
    "Name": "Clarke, Noah",
    "Fed": "BAR",
    "Sex": "M",
    "Title": "",
    "WTit": "",
    "OTit": "",
    "FOA": "1712",
    "Rating": "AUG25",
    "Gms": "10",
    "K": "40",
    "B-day": "2009",
    "Flag": ""
  },
  {
    "ID Number": "11100583",
    "Name": "Clermond, Craig",
    "Fed": "BAR",
    "Sex": "M",
    "Title": "",
    "WTit": "",
    "OTit": "",
    "FOA": "1963",
    "Rating": "AUG25",
    "Gms": "0",
    "K": "40",
    "B-day": "1989",
    "Flag": "i"
  },
  {
    "ID Number": "11101636",
    "Name": "Collymore, Nellon",
    "Fed": "BAR",
    "Sex": "M",
    "Title": "",
    "WTit": "",
    "OTit": "",
    "FOA": "1615",
    "Rating": "AUG25",
    "Gms": "0",
    "K": "20",
    "B-day": "1991",
    "Flag": "i"
  },
  {
    "ID Number": "11102152",
    "Name": "Coppin, Jeran",
    "Fed": "BAR",
    "Sex": "M",
    "Title": "",
    "WTit": "",
    "OTit": "",
    "FOA": "1580",
    "Rating": "AUG25",
    "Gms": "0",
    "K": "20",
    "B-day": "1999",
    "Flag": "i"
  },
  {
    "ID Number": "11100036",
    "Name": "Corbin, Philip",
    "Fed": "BAR",
    "Sex": "M",
    "Title": "FM",
    "WTit": "",
    "OTit": "",
    "FOA": "1921",
    "Rating": "AUG25",
    "Gms": "0",
    "K": "20",
    "B-day": "1957",
    "Flag": ""
  },
  {
    "ID Number": "11101571",
    "Name": "Corbin, Rashida",
    "Fed": "BAR",
    "Sex": "F",
    "Title": "",
    "WTit": "",
    "OTit": "",
    "FOA": "1795",
    "Rating": "AUG25",
    "Gms": "0",
    "K": "40",
    "B-day": "1986",
    "Flag": "wi"
  },
  {
    "ID Number": "11104465",
    "Name": "Corrigan, Savannah",
    "Fed": "BAR",
    "Sex": "F",
    "Title": "",
    "WTit": "",
    "OTit": "",
    "FOA": "1413",
    "Rating": "AUG25",
    "Gms": "0",
    "K": "40",
    "B-day": "2007",
    "Flag": "wi"
  },
  {
    "ID Number": "11100087",
    "Name": "Cox, Akeem",
    "Fed": "BAR",
    "Sex": "M",
    "Title": "",
    "WTit": "",
    "OTit": "",
    "FOA": "1878",
    "Rating": "AUG25",
    "Gms": "0",
    "K": "20",
    "B-day": "1991",
    "Flag": "i"
  },
  {
    "ID Number": "11102330",
    "Name": "Cumberbatch, Gabriela",
    "Fed": "BAR",
    "Sex": "F",
    "Title": "",
    "WTit": "NA",
    "OTit": "",
    "FOA": "1632",
    "Rating": "AUG25",
    "Gms": "0",
    "K": "20",
    "B-day": "1999",
    "Flag": "wi"
  },
  {
    "ID Number": "11100176",
    "Name": "Daniel, Kelvin",
    "Fed": "BAR",
    "Sex": "M",
    "Title": "",
    "WTit": "IA",
    "OTit": "",
    "FOA": "1935",
    "Rating": "AUG25",
    "Gms": "0",
    "K": "20",
    "B-day": "1971",
    "Flag": "i"
  },
  {
    "ID Number": "11101091",
    "Name": "Daniel, Stephen",
    "Fed": "BAR",
    "Sex": "M",
    "Title": "",
    "WTit": "",
    "OTit": "",
    "FOA": "1880",
    "Rating": "AUG25",
    "Gms": "0",
    "K": "40",
    "B-day": "0",
    "Flag": "i"
  },
  {
    "ID Number": "11102292",
    "Name": "Davis, Terrell",
    "Fed": "BAR",
    "Sex": "M",
    "Title": "",
    "WTit": "",
    "OTit": "",
    "FOA": "1652",
    "Rating": "AUG25",
    "Gms": "0",
    "K": "40",
    "B-day": "1999",
    "Flag": "i"
  },
  {
    "ID Number": "11101890",
    "Name": "Degia, Ross",
    "Fed": "BAR",
    "Sex": "M",
    "Title": "",
    "WTit": "",
    "OTit": "",
    "FOA": "1693",
    "Rating": "AUG25",
    "Gms": "0",
    "K": "40",
    "B-day": "1992",
    "Flag": "i"
  },
  {
    "ID Number": "11101873",
    "Name": "Del Castilho, Dominic",
    "Fed": "BAR",
    "Sex": "M",
    "Title": "",
    "WTit": "",
    "OTit": "",
    "FOA": "1918",
    "Rating": "AUG25",
    "Gms": "0",
    "K": "40",
    "B-day": "1986",
    "Flag": "i"
  },
  {
    "ID Number": "11100400",
    "Name": "Del Castilho, Martyn",
    "Fed": "BAR",
    "Sex": "M",
    "Title": "FM",
    "WTit": "",
    "OTit": "",
    "FOA": "2195",
    "Rating": "AUG25",
    "Gms": "0",
    "K": "20",
    "B-day": "1989",
    "Flag": ""
  },
  {
    "ID Number": "11100028",
    "Name": "Denny, Kevin",
    "Fed": "BAR",
    "Sex": "M",
    "Title": "IM",
    "WTit": "",
    "OTit": "",
    "FOA": "2196",
    "Rating": "AUG25",
    "Gms": "0",
    "K": "20",
    "B-day": "1967",
    "Flag": "i"
  },
  {
    "ID Number": "11100907",
    "Name": "Depradine, Lawrence",
    "Fed": "BAR",
    "Sex": "M",
    "Title": "",
    "WTit": "SI,NA",
    "OTit": "",
    "FOA": "1803",
    "Rating": "AUG25",
    "Gms": "0",
    "K": "20",
    "B-day": "1994",
    "Flag": ""
  },
  {
    "ID Number": "11101822",
    "Name": "Doeman, Douglas",
    "Fed": "BAR",
    "Sex": "M",
    "Title": "",
    "WTit": "",
    "OTit": "",
    "FOA": "1851",
    "Rating": "AUG25",
    "Gms": "0",
    "K": "40",
    "B-day": "1975",
    "Flag": "i"
  },
  {
    "ID Number": "11103345",
    "Name": "Edwards, Emar",
    "Fed": "BAR",
    "Sex": "M",
    "Title": "",
    "WTit": "",
    "OTit": "",
    "FOA": "1974",
    "Rating": "AUG25",
    "Gms": "14",
    "K": "20",
    "B-day": "1997",
    "Flag": ""
  },
  {
    "ID Number": "11102560",
    "Name": "Edwards, Trey",
    "Fed": "BAR",
    "Sex": "M",
    "Title": "",
    "WTit": "",
    "OTit": "",
    "FOA": "1630",
    "Rating": "AUG25",
    "Gms": "0",
    "K": "40",
    "B-day": "2001",
    "Flag": "i"
  },
  {
    "ID Number": "11101601",
    "Name": "Elcock, Corie",
    "Fed": "BAR",
    "Sex": "M",
    "Title": "",
    "WTit": "NA",
    "OTit": "",
    "FOA": "1788",
    "Rating": "AUG25",
    "Gms": "0",
    "K": "20",
    "B-day": "1981",
    "Flag": "i"
  },
  {
    "ID Number": "11102160",
    "Name": "Ellis, Sherwyn",
    "Fed": "BAR",
    "Sex": "M",
    "Title": "",
    "WTit": "",
    "OTit": "",
    "FOA": "1456",
    "Rating": "AUG25",
    "Gms": "0",
    "K": "40",
    "B-day": "1998",
    "Flag": "i"
  },
  {
    "ID Number": "11100214",
    "Name": "Elson, Askari",
    "Fed": "BAR",
    "Sex": "M",
    "Title": "",
    "WTit": "",
    "OTit": "",
    "FOA": "2137",
    "Rating": "AUG25",
    "Gms": "0",
    "K": "20",
    "B-day": "0",
    "Flag": "i"
  },
  {
    "ID Number": "11103914",
    "Name": "Estwick, Taiye",
    "Fed": "BAR",
    "Sex": "M",
    "Title": "",
    "WTit": "",
    "OTit": "",
    "FOA": "1612",
    "Rating": "AUG25",
    "Gms": "0",
    "K": "20",
    "B-day": "2002",
    "Flag": "i"
  },
  {
    "ID Number": "11103426",
    "Name": "Eversley, Kiarra",
    "Fed": "BAR",
    "Sex": "F",
    "Title": "WCM",
    "WTit": "WCM",
    "OTit": "",
    "FOA": "1587",
    "Rating": "AUG25",
    "Gms": "0",
    "K": "20",
    "B-day": "2002",
    "Flag": "w"
  },
  {
    "ID Number": "11106972",
    "Name": "Farley, Jeremiah",
    "Fed": "BAR",
    "Sex": "M",
    "Title": "",
    "WTit": "",
    "OTit": "",
    "FOA": "AFM",
    "Rating": "AUG25",
    "Gms": "1749",
    "K": "5",
    "B-day": "2014",
    "Flag": ""
  },
  {
    "ID Number": "11100095",
    "Name": "Farley, Terry",
    "Fed": "BAR",
    "Sex": "M",
    "Title": "IM",
    "WTit": "",
    "OTit": "",
    "FOA": "2186",
    "Rating": "AUG25",
    "Gms": "0",
    "K": "20",
    "B-day": "1973",
    "Flag": ""
  },
  {
    "ID Number": "7300450",
    "Name": "Figueroa, Julissa",
    "Fed": "BAR",
    "Sex": "F",
    "Title": "WCM",
    "WTit": "WCM",
    "OTit": "",
    "FOA": "1790",
    "Rating": "AUG25",
    "Gms": "0",
    "K": "20",
    "B-day": "1989",
    "Flag": "wi"
  },
  {
    "ID Number": "11100842",
    "Name": "Francis-Worrell, Anthony",
    "Fed": "BAR",
    "Sex": "M",
    "Title": "",
    "WTit": "",
    "OTit": "",
    "FOA": "1864",
    "Rating": "AUG25",
    "Gms": "0",
    "K": "20",
    "B-day": "1986",
    "Flag": "i"
  },
  {
    "ID Number": "11105810",
    "Name": "Gibson, Eden",
    "Fed": "BAR",
    "Sex": "M",
    "Title": "",
    "WTit": "",
    "OTit": "",
    "FOA": "1434",
    "Rating": "AUG25",
    "Gms": "0",
    "K": "40",
    "B-day": "2009",
    "Flag": ""
  },
  {
    "ID Number": "11102179",
    "Name": "Gibson, Rachad",
    "Fed": "BAR",
    "Sex": "M",
    "Title": "",
    "WTit": "",
    "OTit": "",
    "FOA": "1638",
    "Rating": "AUG25",
    "Gms": "0",
    "K": "40",
    "B-day": "1999",
    "Flag": "i"
  },
  {
    "ID Number": "11100419",
    "Name": "Gilkes, Dwayne",
    "Fed": "BAR",
    "Sex": "M",
    "Title": "",
    "WTit": "",
    "OTit": "",
    "FOA": "1860",
    "Rating": "AUG25",
    "Gms": "0",
    "K": "20",
    "B-day": "1982",
    "Flag": "i"
  },
  {
    "ID Number": "11103558",
    "Name": "Gill, Jaydn",
    "Fed": "BAR",
    "Sex": "M",
    "Title": "",
    "WTit": "",
    "OTit": "",
    "FOA": "1438",
    "Rating": "AUG25",
    "Gms": "0",
    "K": "40",
    "B-day": "2007",
    "Flag": "i"
  },
  {
    "ID Number": "11103566",
    "Name": "Gittens, Azari",
    "Fed": "BAR",
    "Sex": "M",
    "Title": "",
    "WTit": "",
    "OTit": "",
    "FOA": "1585",
    "Rating": "AUG25",
    "Gms": "0",
    "K": "20",
    "B-day": "2003",
    "Flag": "i"
  },
  {
    "ID Number": "11100141",
    "Name": "Gittens, Steven",
    "Fed": "BAR",
    "Sex": "M",
    "Title": "",
    "WTit": "",
    "OTit": "",
    "FOA": "2006",
    "Rating": "AUG25",
    "Gms": "0",
    "K": "40",
    "B-day": "1963",
    "Flag": "i"
  },
  {
    "ID Number": "11101849",
    "Name": "Grant, Christopher",
    "Fed": "BAR",
    "Sex": "M",
    "Title": "",
    "WTit": "",
    "OTit": "",
    "FOA": "1707",
    "Rating": "AUG25",
    "Gms": "0",
    "K": "40",
    "B-day": "1997",
    "Flag": "i"
  },
  {
    "ID Number": "11100621",
    "Name": "Grant, Kirk",
    "Fed": "BAR",
    "Sex": "M",
    "Title": "",
    "WTit": "",
    "OTit": "",
    "FOA": "1814",
    "Rating": "AUG25",
    "Gms": "0",
    "K": "40",
    "B-day": "1991",
    "Flag": "i"
  },
  {
    "ID Number": "11105399",
    "Name": "Grant, Travis",
    "Fed": "BAR",
    "Sex": "M",
    "Title": "",
    "WTit": "",
    "OTit": "",
    "FOA": "1697",
    "Rating": "AUG25",
    "Gms": "0",
    "K": "20",
    "B-day": "1983",
    "Flag": ""
  },
  {
    "ID Number": "11106948",
    "Name": "Greene, Christopher",
    "Fed": "BAR",
    "Sex": "M",
    "Title": "",
    "WTit": "",
    "OTit": "",
    "FOA": "1543",
    "Rating": "AUG25",
    "Gms": "0",
    "K": "40",
    "B-day": "2017",
    "Flag": ""
  },
  {
    "ID Number": "11100192",
    "Name": "Greenidge, Kevin",
    "Fed": "BAR",
    "Sex": "M",
    "Title": "",
    "WTit": "",
    "OTit": "",
    "FOA": "2029",
    "Rating": "AUG25",
    "Gms": "0",
    "K": "20",
    "B-day": "1968",
    "Flag": "i"
  },
  {
    "ID Number": "11100281",
    "Name": "Greenidge, Nathali",
    "Fed": "BAR",
    "Sex": "F",
    "Title": "",
    "WTit": "",
    "OTit": "",
    "FOA": "1981",
    "Rating": "AUG25",
    "Gms": "0",
    "K": "40",
    "B-day": "1973",
    "Flag": "wi"
  },
  {
    "ID Number": "11105828",
    "Name": "Greenidge, Samuel",
    "Fed": "BAR",
    "Sex": "M",
    "Title": "",
    "WTit": "",
    "OTit": "",
    "FOA": "1431",
    "Rating": "AUG25",
    "Gms": "0",
    "K": "40",
    "B-day": "2009",
    "Flag": "i"
  },
  {
    "ID Number": "11103876",
    "Name": "Greenidge, Vanessa",
    "Fed": "BAR",
    "Sex": "F",
    "Title": "",
    "WTit": "",
    "OTit": "",
    "FOA": "1708",
    "Rating": "AUG25",
    "Gms": "0",
    "K": "20",
    "B-day": "2005",
    "Flag": "wi"
  },
  {
    "ID Number": "11105674",
    "Name": "Griffith, Jonathan",
    "Fed": "BAR",
    "Sex": "M",
    "Title": "",
    "WTit": "",
    "OTit": "",
    "FOA": "1431",
    "Rating": "AUG25",
    "Gms": "0",
    "K": "40",
    "B-day": "2012",
    "Flag": ""
  },
  {
    "ID Number": "11106859",
    "Name": "Griffith, Nathan",
    "Fed": "BAR",
    "Sex": "M",
    "Title": "",
    "WTit": "",
    "OTit": "",
    "FOA": "1495",
    "Rating": "AUG25",
    "Gms": "0",
    "K": "40",
    "B-day": "2007",
    "Flag": ""
  },
  {
    "ID Number": "11103892",
    "Name": "Haddock, Richard",
    "Fed": "BAR",
    "Sex": "M",
    "Title": "",
    "WTit": "",
    "OTit": "",
    "FOA": "1579",
    "Rating": "AUG25",
    "Gms": "0",
    "K": "20",
    "B-day": "1947",
    "Flag": "i"
  },
  {
    "ID Number": "11100290",
    "Name": "Halliday, Lyndell",
    "Fed": "BAR",
    "Sex": "M",
    "Title": "",
    "WTit": "",
    "OTit": "",
    "FOA": "1996",
    "Rating": "AUG25",
    "Gms": "0",
    "K": "20",
    "B-day": "1973",
    "Flag": "i"
  },
  {
    "ID Number": "11107170",
    "Name": "Harewood, Craig",
    "Fed": "BAR",
    "Sex": "M",
    "Title": "",
    "WTit": "",
    "OTit": "",
    "FOA": "1786",
    "Rating": "AUG25",
    "Gms": "0",
    "K": "40",
    "B-day": "1988",
    "Flag": ""
  },
  {
    "ID Number": "11101725",
    "Name": "Harewood, Jakeel",
    "Fed": "BAR",
    "Sex": "M",
    "Title": "",
    "WTit": "",
    "OTit": "",
    "FOA": "1816",
    "Rating": "AUG25",
    "Gms": "0",
    "K": "20",
    "B-day": "1997",
    "Flag": "i"
  },
  {
    "ID Number": "11101733",
    "Name": "Harewood, Jerome",
    "Fed": "BAR",
    "Sex": "M",
    "Title": "",
    "WTit": "",
    "OTit": "",
    "FOA": "1921",
    "Rating": "AUG25",
    "Gms": "0",
    "K": "20",
    "B-day": "1997",
    "Flag": "i"
  },
  {
    "ID Number": "11100168",
    "Name": "Harewood, Othneil",
    "Fed": "BAR",
    "Sex": "M",
    "Title": "",
    "WTit": "",
    "OTit": "",
    "FOA": "1601",
    "Rating": "AUG25",
    "Gms": "2",
    "K": "20",
    "B-day": "1952",
    "Flag": ""
  },
  {
    "ID Number": "11103590",
    "Name": "Haynes, Aaron",
    "Fed": "BAR",
    "Sex": "M",
    "Title": "",
    "WTit": "",
    "OTit": "",
    "FOA": "1699",
    "Rating": "AUG25",
    "Gms": "0",
    "K": "20",
    "B-day": "2003",
    "Flag": "i"
  },
  {
    "ID Number": "11100443",
    "Name": "Headley, Daryl",
    "Fed": "BAR",
    "Sex": "M",
    "Title": "",
    "WTit": "",
    "OTit": "",
    "FOA": "1822",
    "Rating": "AUG25",
    "Gms": "0",
    "K": "40",
    "B-day": "1992",
    "Flag": "i"
  },
  {
    "ID Number": "11100206",
    "Name": "Herbert, Allan",
    "Fed": "BAR",
    "Sex": "M",
    "Title": "",
    "WTit": "",
    "OTit": "",
    "FOA": "1636",
    "Rating": "AUG25",
    "Gms": "0",
    "K": "20",
    "B-day": "1959",
    "Flag": ""
  },
  {
    "ID Number": "11103604",
    "Name": "Hill, Yeshua-Erchomai",
    "Fed": "BAR",
    "Sex": "M",
    "Title": "",
    "WTit": "",
    "OTit": "",
    "FOA": "1560",
    "Rating": "AUG25",
    "Gms": "0",
    "K": "20",
    "B-day": "2005",
    "Flag": "i"
  },
  {
    "ID Number": "11103612",
    "Name": "Hinds, Joshua",
    "Fed": "BAR",
    "Sex": "M",
    "Title": "",
    "WTit": "",
    "OTit": "",
    "FOA": "1475",
    "Rating": "AUG25",
    "Gms": "0",
    "K": "40",
    "B-day": "2004",
    "Flag": "i"
  },
  {
    "ID Number": "11104244",
    "Name": "Holder, Kimahri",
    "Fed": "BAR",
    "Sex": "M",
    "Title": "",
    "WTit": "",
    "OTit": "",
    "FOA": "1440",
    "Rating": "AUG25",
    "Gms": "0",
    "K": "40",
    "B-day": "2007",
    "Flag": "i"
  },
  {
    "ID Number": "11103620",
    "Name": "Holder, Tyson",
    "Fed": "BAR",
    "Sex": "M",
    "Title": "",
    "WTit": "",
    "OTit": "",
    "FOA": "1521",
    "Rating": "AUG25",
    "Gms": "0",
    "K": "20",
    "B-day": "2003",
    "Flag": "i"
  },
  {
    "ID Number": "11100362",
    "Name": "Howard, Corinne",
    "Fed": "BAR",
    "Sex": "F",
    "Title": "",
    "WTit": "",
    "OTit": "",
    "FOA": "1838",
    "Rating": "AUG25",
    "Gms": "0",
    "K": "20",
    "B-day": "1990",
    "Flag": "wi"
  },
  {
    "ID Number": "11101997",
    "Name": "Howell, Josiah",
    "Fed": "BAR",
    "Sex": "M",
    "Title": "",
    "WTit": "",
    "OTit": "",
    "FOA": "1808",
    "Rating": "AUG25",
    "Gms": "0",
    "K": "20",
    "B-day": "1995",
    "Flag": "i"
  },
  {
    "ID Number": "11100559",
    "Name": "Howell, Shamel",
    "Fed": "BAR",
    "Sex": "M",
    "Title": "CM",
    "WTit": "",
    "OTit": "",
    "FOA": "2114",
    "Rating": "AUG25",
    "Gms": "0",
    "K": "20",
    "B-day": "1988",
    "Flag": "i"
  },
  {
    "ID Number": "11102322",
    "Name": "Hoyte, Royston",
    "Fed": "BAR",
    "Sex": "M",
    "Title": "",
    "WTit": "",
    "OTit": "",
    "FOA": "1513",
    "Rating": "AUG25",
    "Gms": "0",
    "K": "40",
    "B-day": "1999",
    "Flag": "i"
  },
  {
    "ID Number": "11100478",
    "Name": "Hurley, Emmerson",
    "Fed": "BAR",
    "Sex": "M",
    "Title": "",
    "WTit": "",
    "OTit": "",
    "FOA": "1847",
    "Rating": "AUG25",
    "Gms": "0",
    "K": "40",
    "B-day": "1990",
    "Flag": "i"
  },
  {
    "ID Number": "11101644",
    "Name": "Husbands, Orlando",
    "Fed": "BAR",
    "Sex": "M",
    "Title": "IM",
    "WTit": "",
    "OTit": "",
    "FOA": "2291",
    "Rating": "AUG25",
    "Gms": "0",
    "K": "20",
    "B-day": "1997",
    "Flag": ""
  },
  {
    "ID Number": "11101326",
    "Name": "Ifill, Cleveston",
    "Fed": "BAR",
    "Sex": "M",
    "Title": "",
    "WTit": "",
    "OTit": "",
    "FOA": "1943",
    "Rating": "AUG25",
    "Gms": "0",
    "K": "20",
    "B-day": "1982",
    "Flag": "i"
  },
  {
    "ID Number": "11100575",
    "Name": "Jackman, Alex",
    "Fed": "BAR",
    "Sex": "M",
    "Title": "",
    "WTit": "",
    "OTit": "",
    "FOA": "1969",
    "Rating": "AUG25",
    "Gms": "0",
    "K": "20",
    "B-day": "1993",
    "Flag": "i"
  },
  {
    "ID Number": "11103981",
    "Name": "Jackman, Dominic",
    "Fed": "BAR",
    "Sex": "M",
    "Title": "",
    "WTit": "",
    "OTit": "",
    "FOA": "1405",
    "Rating": "AUG25",
    "Gms": "0",
    "K": "40",
    "B-day": "2006",
    "Flag": "i"
  },
  {
    "ID Number": "11105275",
    "Name": "Jaikaran, Aaron",
    "Fed": "BAR",
    "Sex": "M",
    "Title": "",
    "WTit": "",
    "OTit": "",
    "FOA": "1733",
    "Rating": "AUG25",
    "Gms": "7",
    "K": "40",
    "B-day": "2011",
    "Flag": ""
  },
  {
    "ID Number": "889571",
    "Name": "Janoha, Andrea",
    "Fed": "BAR",
    "Sex": "M",
    "Title": "",
    "WTit": "",
    "OTit": "",
    "FOA": "1742",
    "Rating": "AUG25",
    "Gms": "0",
    "K": "20",
    "B-day": "1968",
    "Flag": "i"
  },
  {
    "ID Number": "11103221",
    "Name": "Jiang, Jennifer",
    "Fed": "BAR",
    "Sex": "F",
    "Title": "",
    "WTit": "",
    "OTit": "",
    "FOA": "1445",
    "Rating": "AUG25",
    "Gms": "0",
    "K": "40",
    "B-day": "2001",
    "Flag": "wi"
  },
  {
    "ID Number": "11103825",
    "Name": "Johnson, Azaria",
    "Fed": "BAR",
    "Sex": "F",
    "Title": "",
    "WTit": "",
    "OTit": "",
    "FOA": "1594",
    "Rating": "AUG25",
    "Gms": "0",
    "K": "20",
    "B-day": "2004",
    "Flag": "w"
  },
  {
    "ID Number": "11102080",
    "Name": "Jones, Shaquan",
    "Fed": "BAR",
    "Sex": "M",
    "Title": "",
    "WTit": "",
    "OTit": "",
    "FOA": "1549",
    "Rating": "AUG25",
    "Gms": "0",
    "K": "20",
    "B-day": "1998",
    "Flag": "i"
  },
  {
    "ID Number": "11103248",
    "Name": "Kandamaran, Pritika",
    "Fed": "BAR",
    "Sex": "F",
    "Title": "",
    "WTit": "",
    "OTit": "",
    "FOA": "1524",
    "Rating": "AUG25",
    "Gms": "0",
    "K": "20",
    "B-day": "2003",
    "Flag": "wi"
  },
  {
    "ID Number": "11102861",
    "Name": "King, Chad",
    "Fed": "BAR",
    "Sex": "M",
    "Title": "",
    "WTit": "",
    "OTit": "",
    "FOA": "1556",
    "Rating": "AUG25",
    "Gms": "0",
    "K": "40",
    "B-day": "2001",
    "Flag": "i"
  },
  {
    "ID Number": "11100257",
    "Name": "Kirton, Justin",
    "Fed": "BAR",
    "Sex": "M",
    "Title": "",
    "WTit": "",
    "OTit": "",
    "FOA": "1898",
    "Rating": "AUG25",
    "Gms": "5",
    "K": "20",
    "B-day": "1985",
    "Flag": ""
  },
  {
    "ID Number": "11104651",
    "Name": "La Touche, Cyprian",
    "Fed": "BAR",
    "Sex": "M",
    "Title": "",
    "WTit": "",
    "OTit": "",
    "FOA": "1590",
    "Rating": "AUG25",
    "Gms": "4",
    "K": "20",
    "B-day": "1962",
    "Flag": ""
  },
  {
    "ID Number": "11100125",
    "Name": "Layne, Asabi",
    "Fed": "BAR",
    "Sex": "M",
    "Title": "",
    "WTit": "",
    "OTit": "",
    "FOA": "1768",
    "Rating": "AUG25",
    "Gms": "0",
    "K": "20",
    "B-day": "1992",
    "Flag": "i"
  },
  {
    "ID Number": "11104660",
    "Name": "Linton, David",
    "Fed": "BAR",
    "Sex": "M",
    "Title": "",
    "WTit": "",
    "OTit": "",
    "FOA": "1473",
    "Rating": "AUG25",
    "Gms": "0",
    "K": "40",
    "B-day": "1960",
    "Flag": "i"
  },
  {
    "ID Number": "11104384",
    "Name": "Linton, Jahzara",
    "Fed": "BAR",
    "Sex": "F",
    "Title": "",
    "WTit": "",
    "OTit": "",
    "FOA": "1420",
    "Rating": "AUG25",
    "Gms": "0",
    "K": "40",
    "B-day": "2006",
    "Flag": "wi"
  },
  {
    "ID Number": "11106883",
    "Name": "Little, Savion",
    "Fed": "BAR",
    "Sex": "M",
    "Title": "",
    "WTit": "",
    "OTit": "",
    "FOA": "1742",
    "Rating": "AUG25",
    "Gms": "0",
    "K": "40",
    "B-day": "2011",
    "Flag": ""
  },
  {
    "ID Number": "11104260",
    "Name": "Lovell, Alesha",
    "Fed": "BAR",
    "Sex": "F",
    "Title": "",
    "WTit": "",
    "OTit": "",
    "FOA": "1459",
    "Rating": "AUG25",
    "Gms": "0",
    "K": "20",
    "B-day": "2006",
    "Flag": "wi"
  },
  {
    "ID Number": "11102535",
    "Name": "Lowe, Mark",
    "Fed": "BAR",
    "Sex": "M",
    "Title": "",
    "WTit": "",
    "OTit": "",
    "FOA": "1766",
    "Rating": "AUG25",
    "Gms": "0",
    "K": "20",
    "B-day": "1967",
    "Flag": "i"
  },
  {
    "ID Number": "11101911",
    "Name": "Lucas, Steven",
    "Fed": "BAR",
    "Sex": "M",
    "Title": "",
    "WTit": "",
    "OTit": "",
    "FOA": "1815",
    "Rating": "AUG25",
    "Gms": "0",
    "K": "20",
    "B-day": "1978",
    "Flag": "i"
  },
  {
    "ID Number": "11101377",
    "Name": "Lynch, Kemp",
    "Fed": "BAR",
    "Sex": "M",
    "Title": "",
    "WTit": "",
    "OTit": "",
    "FOA": "1922",
    "Rating": "AUG25",
    "Gms": "8",
    "K": "20",
    "B-day": "1996",
    "Flag": ""
  },
  {
    "ID Number": "11103833",
    "Name": "Mahon, Erin",
    "Fed": "BAR",
    "Sex": "F",
    "Title": "",
    "WTit": "",
    "OTit": "",
    "FOA": "1408",
    "Rating": "AUG25",
    "Gms": "0",
    "K": "40",
    "B-day": "2005",
    "Flag": "wi"
  },
  {
    "ID Number": "11102870",
    "Name": "Mahtani, Nitin",
    "Fed": "BAR",
    "Sex": "M",
    "Title": "",
    "WTit": "",
    "OTit": "",
    "FOA": "1854",
    "Rating": "AUG25",
    "Gms": "0",
    "K": "20",
    "B-day": "2000",
    "Flag": "i"
  },
  {
    "ID Number": "11100940",
    "Name": "Maloney, Justin",
    "Fed": "BAR",
    "Sex": "M",
    "Title": "",
    "WTit": "",
    "OTit": "",
    "FOA": "1719",
    "Rating": "AUG25",
    "Gms": "0",
    "K": "40",
    "B-day": "1995",
    "Flag": "i"
  },
  {
    "ID Number": "11102217",
    "Name": "Mason, Oshara",
    "Fed": "BAR",
    "Sex": "F",
    "Title": "",
    "WTit": "",
    "OTit": "",
    "FOA": "1639",
    "Rating": "AUG25",
    "Gms": "0",
    "K": "20",
    "B-day": "1998",
    "Flag": "wi"
  },
  {
    "ID Number": "11103310",
    "Name": "Maughn, Shane",
    "Fed": "BAR",
    "Sex": "M",
    "Title": "",
    "WTit": "",
    "OTit": "",
    "FOA": "1683",
    "Rating": "AUG25",
    "Gms": "0",
    "K": "20",
    "B-day": "2001",
    "Flag": "i"
  },
  {
    "ID Number": "11106069",
    "Name": "McCollin, Tyrell",
    "Fed": "BAR",
    "Sex": "M",
    "Title": "",
    "WTit": "",
    "OTit": "",
    "FOA": "1410",
    "Rating": "AUG25",
    "Gms": "0",
    "K": "40",
    "B-day": "1997",
    "Flag": ""
  },
  {
    "ID Number": "11100966",
    "Name": "McGeary, Richard",
    "Fed": "BAR",
    "Sex": "M",
    "Title": "",
    "WTit": "",
    "OTit": "",
    "FOA": "1529",
    "Rating": "AUG25",
    "Gms": "0",
    "K": "40",
    "B-day": "1975",
    "Flag": "i"
  },
  {
    "ID Number": "11103647",
    "Name": "Millar, Joshua",
    "Fed": "BAR",
    "Sex": "M",
    "Title": "",
    "WTit": "",
    "OTit": "",
    "FOA": "1404",
    "Rating": "AUG25",
    "Gms": "0",
    "K": "40",
    "B-day": "2003",
    "Flag": "i"
  },
  {
    "ID Number": "11100710",
    "Name": "Moore, Demetrio",
    "Fed": "BAR",
    "Sex": "M",
    "Title": "",
    "WTit": "",
    "OTit": "",
    "FOA": "1966",
    "Rating": "AUG25",
    "Gms": "0",
    "K": "20",
    "B-day": "1978",
    "Flag": "i"
  },
  {
    "ID Number": "11103760",
    "Name": "Moore, Gaybrianna",
    "Fed": "BAR",
    "Sex": "F",
    "Title": "",
    "WTit": "",
    "OTit": "",
    "FOA": "1640",
    "Rating": "AUG25",
    "Gms": "0",
    "K": "20",
    "B-day": "2004",
    "Flag": "w"
  },
  {
    "ID Number": "11102691",
    "Name": "Moore-Philips-Medford, Emerald",
    "Fed": "BAR",
    "Sex": "F",
    "Title": "",
    "WTit": "",
    "OTit": "",
    "FOA": "1523",
    "Rating": "AUG25",
    "Gms": "0",
    "K": "40",
    "B-day": "2001",
    "Flag": "wi"
  },
  {
    "ID Number": "11100150",
    "Name": "Moseley, Ronald",
    "Fed": "BAR",
    "Sex": "M",
    "Title": "",
    "WTit": "",
    "OTit": "",
    "FOA": "2012",
    "Rating": "AUG25",
    "Gms": "0",
    "K": "40",
    "B-day": "1949",
    "Flag": "i"
  },
  {
    "ID Number": "11102470",
    "Name": "Murray, Donna",
    "Fed": "BAR",
    "Sex": "F",
    "Title": "WFM",
    "WTit": "WFM",
    "OTit": "",
    "FOA": "1618",
    "Rating": "AUG25",
    "Gms": "0",
    "K": "20",
    "B-day": "1971",
    "Flag": "wi"
  },
  {
    "ID Number": "11103272",
    "Name": "Nurse, Kishon",
    "Fed": "BAR",
    "Sex": "M",
    "Title": "",
    "WTit": "",
    "OTit": "",
    "FOA": "1548",
    "Rating": "AUG25",
    "Gms": "0",
    "K": "40",
    "B-day": "2002",
    "Flag": "i"
  },
  {
    "ID Number": "11101261",
    "Name": "Nurse, Lydia",
    "Fed": "BAR",
    "Sex": "F",
    "Title": "WCM",
    "WTit": "WCM",
    "OTit": "",
    "FOA": "1569",
    "Rating": "AUG25",
    "Gms": "0",
    "K": "20",
    "B-day": "1996",
    "Flag": "wi"
  },
  {
    "ID Number": "11103493",
    "Name": "Odle, Xavier",
    "Fed": "BAR",
    "Sex": "M",
    "Title": "",
    "WTit": "",
    "OTit": "",
    "FOA": "1600",
    "Rating": "AUG25",
    "Gms": "0",
    "K": "40",
    "B-day": "2000",
    "Flag": "i"
  },
  {
    "ID Number": "11101792",
    "Name": "Parsons, Justin",
    "Fed": "BAR",
    "Sex": "M",
    "Title": "CM",
    "WTit": "",
    "OTit": "",
    "FOA": "1915",
    "Rating": "AUG25",
    "Gms": "0",
    "K": "20",
    "B-day": "1996",
    "Flag": ""
  },
  {
    "ID Number": "11101296",
    "Name": "Persaud, Nalini",
    "Fed": "BAR",
    "Sex": "F",
    "Title": "",
    "WTit": "",
    "OTit": "",
    "FOA": "1476",
    "Rating": "AUG25",
    "Gms": "0",
    "K": "40",
    "B-day": "1998",
    "Flag": "wi"
  },
  {
    "ID Number": "11101938",
    "Name": "Pooler, Russell",
    "Fed": "BAR",
    "Sex": "M",
    "Title": "",
    "WTit": "",
    "OTit": "",
    "FOA": "1884",
    "Rating": "AUG25",
    "Gms": "0",
    "K": "20",
    "B-day": "1987",
    "Flag": "i"
  },
  {
    "ID Number": "11101393",
    "Name": "Poon, Yu Tien",
    "Fed": "BAR",
    "Sex": "M",
    "Title": "FM",
    "WTit": "",
    "OTit": "",
    "FOA": "2197",
    "Rating": "AUG25",
    "Gms": "0",
    "K": "20",
    "B-day": "1999",
    "Flag": "i"
  },
  {
    "ID Number": "11102233",
    "Name": "Porter, Najjah",
    "Fed": "BAR",
    "Sex": "M",
    "Title": "",
    "WTit": "",
    "OTit": "",
    "FOA": "1649",
    "Rating": "AUG25",
    "Gms": "0",
    "K": "40",
    "B-day": "1994",
    "Flag": "i"
  },
  {
    "ID Number": "11101660",
    "Name": "Prescod, Bryan",
    "Fed": "BAR",
    "Sex": "M",
    "Title": "CM",
    "WTit": "",
    "OTit": "",
    "FOA": "1998",
    "Rating": "AUG25",
    "Gms": "0",
    "K": "20",
    "B-day": "1997",
    "Flag": "i"
  },
  {
    "ID Number": "11104538",
    "Name": "Prescod, Rory",
    "Fed": "BAR",
    "Sex": "M",
    "Title": "",
    "WTit": "",
    "OTit": "",
    "FOA": "1584",
    "Rating": "AUG25",
    "Gms": "0",
    "K": "40",
    "B-day": "2008",
    "Flag": "i"
  },
  {
    "ID Number": "11101610",
    "Name": "Ramsay, Sheena",
    "Fed": "BAR",
    "Sex": "F",
    "Title": "WCM",
    "WTit": "WCM",
    "OTit": "",
    "FOA": "1708",
    "Rating": "AUG25",
    "Gms": "0",
    "K": "20",
    "B-day": "1987",
    "Flag": "wi"
  },
  {
    "ID Number": "11105186",
    "Name": "Reifer-Belle, Chanon",
    "Fed": "BAR",
    "Sex": "F",
    "Title": "WCM",
    "WTit": "WCM",
    "OTit": "",
    "FOA": "1856",
    "Rating": "AUG25",
    "Gms": "9",
    "K": "40",
    "B-day": "2009",
    "Flag": "w"
  },
  {
    "ID Number": "11105291",
    "Name": "Reifer-Belle, Chaz",
    "Fed": "BAR",
    "Sex": "M",
    "Title": "",
    "WTit": "",
    "OTit": "",
    "FOA": "1459",
    "Rating": "AUG25",
    "Gms": "0",
    "K": "40",
    "B-day": "2013",
    "Flag": ""
  },
  {
    "ID Number": "11101423",
    "Name": "Richards, Allon",
    "Fed": "BAR",
    "Sex": "M",
    "Title": "CM",
    "WTit": "",
    "OTit": "",
    "FOA": "1890",
    "Rating": "AUG25",
    "Gms": "0",
    "K": "20",
    "B-day": "1998",
    "Flag": "i"
  },
  {
    "ID Number": "11100052",
    "Name": "Roach, Philip",
    "Fed": "BAR",
    "Sex": "M",
    "Title": "",
    "WTit": "",
    "OTit": "",
    "FOA": "1894",
    "Rating": "AUG25",
    "Gms": "0",
    "K": "40",
    "B-day": "1965",
    "Flag": "i"
  },
  {
    "ID Number": "11104627",
    "Name": "Roachford, Adam",
    "Fed": "BAR",
    "Sex": "M",
    "Title": "",
    "WTit": "",
    "OTit": "",
    "FOA": "1826",
    "Rating": "AUG25",
    "Gms": "0",
    "K": "20",
    "B-day": "2002",
    "Flag": ""
  },
  {
    "ID Number": "11103841",
    "Name": "Rochester, Ronaldo",
    "Fed": "BAR",
    "Sex": "M",
    "Title": "",
    "WTit": "",
    "OTit": "",
    "FOA": "1802",
    "Rating": "AUG25",
    "Gms": "0",
    "K": "20",
    "B-day": "1998",
    "Flag": ""
  },
  {
    "ID Number": "11100060",
    "Name": "Rolston, Anthony",
    "Fed": "BAR",
    "Sex": "M",
    "Title": "",
    "WTit": "",
    "OTit": "",
    "FOA": "2205",
    "Rating": "AUG25",
    "Gms": "0",
    "K": "20",
    "B-day": "1960",
    "Flag": "i"
  },
  {
    "ID Number": "11102349",
    "Name": "Sandiford, Kyle",
    "Fed": "BAR",
    "Sex": "M",
    "Title": "",
    "WTit": "",
    "OTit": "",
    "FOA": "1917",
    "Rating": "AUG25",
    "Gms": "0",
    "K": "20",
    "B-day": "2002",
    "Flag": "i"
  },
  {
    "ID Number": "11102543",
    "Name": "Sandiford, Leigh",
    "Fed": "BAR",
    "Sex": "M",
    "Title": "CM",
    "WTit": "",
    "OTit": "",
    "FOA": "1639",
    "Rating": "AUG25",
    "Gms": "0",
    "K": "20",
    "B-day": "2005",
    "Flag": "i"
  },
  {
    "ID Number": "11103230",
    "Name": "Sandiford, Segan",
    "Fed": "BAR",
    "Sex": "F",
    "Title": "",
    "WTit": "",
    "OTit": "",
    "FOA": "1590",
    "Rating": "AUG25",
    "Gms": "0",
    "K": "20",
    "B-day": "2001",
    "Flag": "wi"
  },
  {
    "ID Number": "11103957",
    "Name": "Sargeant, Christopher",
    "Fed": "BAR",
    "Sex": "M",
    "Title": "",
    "WTit": "",
    "OTit": "",
    "FOA": "1665",
    "Rating": "AUG25",
    "Gms": "0",
    "K": "40",
    "B-day": "1974",
    "Flag": "i"
  },
  {
    "ID Number": "11102594",
    "Name": "Sargeant, Cody",
    "Fed": "BAR",
    "Sex": "M",
    "Title": "",
    "WTit": "",
    "OTit": "",
    "FOA": "1525",
    "Rating": "AUG25",
    "Gms": "0",
    "K": "20",
    "B-day": "2001",
    "Flag": "i"
  },
  {
    "ID Number": "11102519",
    "Name": "Shepherd, Jonathan",
    "Fed": "BAR",
    "Sex": "M",
    "Title": "",
    "WTit": "",
    "OTit": "",
    "FOA": "1777",
    "Rating": "AUG25",
    "Gms": "0",
    "K": "20",
    "B-day": "1996",
    "Flag": "i"
  },
  {
    "ID Number": "11105950",
    "Name": "Sinckler, Mileke",
    "Fed": "BAR",
    "Sex": "M",
    "Title": "",
    "WTit": "",
    "OTit": "",
    "FOA": "1788",
    "Rating": "AUG25",
    "Gms": "6",
    "K": "40",
    "B-day": "2010",
    "Flag": ""
  },
  {
    "ID Number": "11107391",
    "Name": "Singh, Aidan",
    "Fed": "BAR",
    "Sex": "M",
    "Title": "",
    "WTit": "",
    "OTit": "",
    "FOA": "1550",
    "Rating": "AUG25",
    "Gms": "5",
    "K": "40",
    "B-day": "2012",
    "Flag": ""
  },
  {
    "ID Number": "11103329",
    "Name": "Skinner, Shane",
    "Fed": "BAR",
    "Sex": "M",
    "Title": "",
    "WTit": "",
    "OTit": "",
    "FOA": "1551",
    "Rating": "AUG25",
    "Gms": "0",
    "K": "40",
    "B-day": "2002",
    "Flag": "i"
  },
  {
    "ID Number": "11103523",
    "Name": "Small, Tristan",
    "Fed": "BAR",
    "Sex": "M",
    "Title": "",
    "WTit": "",
    "OTit": "",
    "FOA": "1529",
    "Rating": "AUG25",
    "Gms": "0",
    "K": "40",
    "B-day": "2001",
    "Flag": "i"
  },
  {
    "ID Number": "11105690",
    "Name": "Springer, Leshay",
    "Fed": "BAR",
    "Sex": "F",
    "Title": "",
    "WTit": "",
    "OTit": "",
    "FOA": "1556",
    "Rating": "AUG25",
    "Gms": "8",
    "K": "40",
    "B-day": "2007",
    "Flag": "w"
  },
  {
    "ID Number": "11106921",
    "Name": "Stuart, Charis",
    "Fed": "BAR",
    "Sex": "M",
    "Title": "",
    "WTit": "",
    "OTit": "",
    "FOA": "1513",
    "Rating": "AUG25",
    "Gms": "0",
    "K": "40",
    "B-day": "2013",
    "Flag": ""
  },
  {
    "ID Number": "11100222",
    "Name": "Taitt, Junior",
    "Fed": "BAR",
    "Sex": "M",
    "Title": "",
    "WTit": "",
    "OTit": "",
    "FOA": "2066",
    "Rating": "AUG25",
    "Gms": "0",
    "K": "40",
    "B-day": "0",
    "Flag": "i"
  },
  {
    "ID Number": "11100338",
    "Name": "Taitt, Robert",
    "Fed": "BAR",
    "Sex": "M",
    "Title": "",
    "WTit": "",
    "OTit": "",
    "FOA": "2011",
    "Rating": "AUG25",
    "Gms": "0",
    "K": "40",
    "B-day": "1958",
    "Flag": "i"
  },
  {
    "ID Number": "11104694",
    "Name": "Terence, Melvin",
    "Fed": "BAR",
    "Sex": "M",
    "Title": "",
    "WTit": "",
    "OTit": "",
    "FOA": "1465",
    "Rating": "AUG25",
    "Gms": "0",
    "K": "40",
    "B-day": "2007",
    "Flag": "i"
  },
  {
    "ID Number": "11102250",
    "Name": "Thomas, Akeile",
    "Fed": "BAR",
    "Sex": "M",
    "Title": "",
    "WTit": "",
    "OTit": "",
    "FOA": "1588",
    "Rating": "AUG25",
    "Gms": "0",
    "K": "40",
    "B-day": "1999",
    "Flag": "i"
  },
  {
    "ID Number": "11100990",
    "Name": "Thompson, Boris",
    "Fed": "BAR",
    "Sex": "M",
    "Title": "",
    "WTit": "",
    "OTit": "",
    "FOA": "1605",
    "Rating": "AUG25",
    "Gms": "0",
    "K": "20",
    "B-day": "1991",
    "Flag": ""
  },
  {
    "ID Number": "11100460",
    "Name": "Thompson, Diego",
    "Fed": "BAR",
    "Sex": "M",
    "Title": "",
    "WTit": "",
    "OTit": "",
    "FOA": "1822",
    "Rating": "AUG25",
    "Gms": "0",
    "K": "40",
    "B-day": "1990",
    "Flag": "i"
  },
  {
    "ID Number": "11101318",
    "Name": "Waithe, Rohansonn",
    "Fed": "BAR",
    "Sex": "M",
    "Title": "",
    "WTit": "NA",
    "OTit": "",
    "FOA": "1615",
    "Rating": "AUG25",
    "Gms": "0",
    "K": "40",
    "B-day": "1997",
    "Flag": "i"
  },
  {
    "ID Number": "11101342",
    "Name": "Walkes, Kyle",
    "Fed": "BAR",
    "Sex": "M",
    "Title": "",
    "WTit": "",
    "OTit": "",
    "FOA": "1666",
    "Rating": "AUG25",
    "Gms": "0",
    "K": "40",
    "B-day": "1988",
    "Flag": "i"
  },
  {
    "ID Number": "11100109",
    "Name": "Warner, Delisle",
    "Fed": "BAR",
    "Sex": "M",
    "Title": "IM",
    "WTit": "",
    "OTit": "",
    "FOA": "2124",
    "Rating": "AUG25",
    "Gms": "0",
    "K": "20",
    "B-day": "1972",
    "Flag": "i"
  },
  {
    "ID Number": "11102608",
    "Name": "Warner, Giovanni",
    "Fed": "BAR",
    "Sex": "M",
    "Title": "",
    "WTit": "",
    "OTit": "",
    "FOA": "1620",
    "Rating": "AUG25",
    "Gms": "0",
    "K": "40",
    "B-day": "2000",
    "Flag": "i"
  },
  {
    "ID Number": "11101016",
    "Name": "Welch, Juanita",
    "Fed": "BAR",
    "Sex": "F",
    "Title": "",
    "WTit": "",
    "OTit": "",
    "FOA": "1735",
    "Rating": "AUG25",
    "Gms": "0",
    "K": "20",
    "B-day": "1973",
    "Flag": "wi"
  },
  {
    "ID Number": "11105836",
    "Name": "Williams, Kanye",
    "Fed": "BAR",
    "Sex": "M",
    "Title": "",
    "WTit": "",
    "OTit": "",
    "FOA": "1502",
    "Rating": "AUG25",
    "Gms": "0",
    "K": "40",
    "B-day": "2008",
    "Flag": "i"
  },
  {
    "ID Number": "11104600",
    "Name": "Wilson, Hannah",
    "Fed": "BAR",
    "Sex": "F",
    "Title": "WFM",
    "WTit": "WFM",
    "OTit": "",
    "FOA": "1874",
    "Rating": "AUG25",
    "Gms": "11",
    "K": "40",
    "B-day": "2009",
    "Flag": "w"
  },
  {
    "ID Number": "11104368",
    "Name": "Wilson, Louis",
    "Fed": "BAR",
    "Sex": "M",
    "Title": "",
    "WTit": "NA",
    "OTit": "",
    "FOA": "1753",
    "Rating": "AUG25",
    "Gms": "0",
    "K": "20",
    "B-day": "2004",
    "Flag": ""
  },
  {
    "ID Number": "11102268",
    "Name": "Worrell, Matthew",
    "Fed": "BAR",
    "Sex": "M",
    "Title": "",
    "WTit": "",
    "OTit": "",
    "FOA": "1609",
    "Rating": "AUG25",
    "Gms": "0",
    "K": "40",
    "B-day": "1999",
    "Flag": "i"
  },
  {
    "ID Number": "11100303",
    "Name": "Yarde, Neil",
    "Fed": "BAR",
    "Sex": "M",
    "Title": "",
    "WTit": "NA",
    "OTit": "",
    "FOA": "1898",
    "Rating": "AUG25",
    "Gms": "0",
    "K": "20",
    "B-day": "1964",
    "Flag": "i"
  },
  {
    "ID Number": "11105798",
    "Name": "Yeung-Chou, Joseph",
    "Fed": "BAR",
    "Sex": "M",
    "Title": "",
    "WTit": "",
    "OTit": "",
    "FOA": "1491",
    "Rating": "AUG25",
    "Gms": "0",
    "K": "40",
    "B-day": "2007",
    "Flag": "i"
  },
  {
    "ID Number": "11107472",
    "Name": "Ziaian, Bardya",
    "Fed": "BAR",
    "Sex": "M",
    "Title": "",
    "WTit": "",
    "OTit": "",
    "FOA": "1698",
    "Rating": "AUG25",
    "Gms": "0",
    "K": "40",
    "B-day": "1973",
    "Flag": ""
  }
]