[
  {
    "ID Number": "21600570"
  },
  {
    "ID Number": "21600414"
  },
  {
    "ID Number": "21601674"
  },
  {
    "ID Number": "21601070"
  },
  {
    "ID Number": "21601682"
  },
  {
    "ID Number": "21600058"
  },
  {
    "ID Number": "21600333"
  },
  {
    "ID Number": "21600511"
  },
  {
    "ID Number": "21601240"
  },
  {
    "ID Number": "21601356"
  },
  {
    "ID Number": "21601410"
  },
  {
    "ID Number": "21600635"
  },
  {
    "ID Number": "21602166"
  },
  {
    "ID Number": "21600392"
  },
  {
    "ID Number": "21601259"
  },
  {
    "ID Number": "10002103"
  },
  {
    "ID Number": "21600600"
  },
  {
    "ID Number": "10001670"
  },
  {
    "ID Number": "21601712"
  },
  {
    "ID Number": "21600376"
  },
  {
    "ID Number": "21600643"
  },
  {
    "ID Number": "21600082"
  },
  {
    "ID Number": "21600716"
  },
  {
    "ID Number": "21602417"
  },
  {
    "ID Number": "21600589"
  },
  {
    "ID Number": "21600279"
  },
  {
    "ID Number": "10002146"
  },
  {
    "ID Number": "21600627"
  },
  {
    "ID Number": "10002154"
  },
  {
    "ID Number": "21602123"
  },
  {
    "ID Number": "21600538"
  },
  {
    "ID Number": "10002170"
  },
  {
    "ID Number": "21601283"
  },
  {
    "ID Number": "10002197"
  },
  {
    "ID Number": "10002200"
  },
  {
    "ID Number": "10002219"
  },
  {
    "ID Number": "10002227"
  },
  {
    "ID Number": "10002235"
  },
  {
    "ID Number": "21601828"
  },
  {
    "ID Number": "21600740"
  },
  {
    "ID Number": "21601631"
  },
  {
    "ID Number": "10002251"
  },
  {
    "ID Number": "21600520"
  },
  {
    "ID Number": "21602220"
  },
  {
    "ID Number": "10002286"
  },
  {
    "ID Number": "21601933"
  },
  {
    "ID Number": "10001867"
  },
  {
    "ID Number": "10001875"
  },
  {
    "ID Number": "10002294"
  },
  {
    "ID Number": "21600228"
  },
  {
    "ID Number": "21600023"
  },
  {
    "ID Number": "21600368"
  },
  {
    "ID Number": "10002324"
  },
  {
    "ID Number": "21600554"
  },
  {
    "ID Number": "21601623"
  },
  {
    "ID Number": "21600481"
  },
  {
    "ID Number": "21600724"
  },
  {
    "ID Number": "21600449"
  },
  {
    "ID Number": "21600473"
  },
  {
    "ID Number": "21600619"
  },
  {
    "ID Number": "21600562"
  },
  {
    "ID Number": "21602158"
  },
  {
    "ID Number": "21601194"
  },
  {
    "ID Number": "21601267"
  },
  {
    "ID Number": "10002359"
  },
  {
    "ID Number": "21600759"
  },
  {
    "ID Number": "21600546"
  },
  {
    "ID Number": "21600155"
  },
  {
    "ID Number": "21601640"
  },
  {
    "ID Number": "21600015"
  },
  {
    "ID Number": "21601615"
  }
]