[
  {
    "ID Number": "15219585"
  },
  {
    "ID Number": "15205797"
  },
  {
    "ID Number": "15208885"
  },
  {
    "ID Number": "15200540"
  },
  {
    "ID Number": "15205983"
  },
  {
    "ID Number": "15205894"
  },
  {
    "ID Number": "15210766"
  },
  {
    "ID Number": "15201252"
  },
  {
    "ID Number": "15209210"
  },
  {
    "ID Number": "15211517"
  },
  {
    "ID Number": "15211525"
  },
  {
    "ID Number": "15204430"
  },
  {
    "ID Number": "15221180"
  },
  {
    "ID Number": "15209539"
  },
  {
    "ID Number": "15209504"
  },
  {
    "ID Number": "15209482"
  },
  {
    "ID Number": "15200051"
  },
  {
    "ID Number": "15201244"
  },
  {
    "ID Number": "15209490"
  },
  {
    "ID Number": "15201163"
  },
  {
    "ID Number": "15212386"
  },
  {
    "ID Number": "15211797"
  },
  {
    "ID Number": "15200515"
  },
  {
    "ID Number": "15210065"
  },
  {
    "ID Number": "15211169"
  },
  {
    "ID Number": "15204340"
  },
  {
    "ID Number": "15205738"
  },
  {
    "ID Number": "15200825"
  },
  {
    "ID Number": "15200701"
  },
  {
    "ID Number": "15216470"
  },
  {
    "ID Number": "15201422"
  },
  {
    "ID Number": "15219968"
  },
  {
    "ID Number": "15209563"
  },
  {
    "ID Number": "15210600"
  },
  {
    "ID Number": "15206041"
  },
  {
    "ID Number": "15219879"
  },
  {
    "ID Number": "15210634"
  },
  {
    "ID Number": "15219933"
  },
  {
    "ID Number": "15200264"
  },
  {
    "ID Number": "15205657"
  },
  {
    "ID Number": "15204740"
  },
  {
    "ID Number": "15208710"
  },
  {
    "ID Number": "15208923"
  },
  {
    "ID Number": "15200477"
  },
  {
    "ID Number": "15211177"
  },
  {
    "ID Number": "15200019"
  },
  {
    "ID Number": "15221261"
  },
  {
    "ID Number": "15206360"
  },
  {
    "ID Number": "15201597"
  },
  {
    "ID Number": "15205592"
  },
  {
    "ID Number": "15210707"
  },
  {
    "ID Number": "15210669"
  },
  {
    "ID Number": "15209369"
  },
  {
    "ID Number": "15211320"
  },
  {
    "ID Number": "15202020"
  },
  {
    "ID Number": "15200485"
  },
  {
    "ID Number": "15205681"
  },
  {
    "ID Number": "15209644"
  },
  {
    "ID Number": "15208915"
  },
  {
    "ID Number": "15219950"
  },
  {
    "ID Number": "15203913"
  },
  {
    "ID Number": "15201228"
  },
  {
    "ID Number": "15208036"
  },
  {
    "ID Number": "15209415"
  },
  {
    "ID Number": "15201120"
  },
  {
    "ID Number": "15205932"
  },
  {
    "ID Number": "15200370"
  },
  {
    "ID Number": "15205789"
  },
  {
    "ID Number": "15218597"
  },
  {
    "ID Number": "15211398"
  },
  {
    "ID Number": "15218180"
  },
  {
    "ID Number": "15200507"
  },
  {
    "ID Number": "15200612"
  },
  {
    "ID Number": "15200833"
  },
  {
    "ID Number": "15211010"
  }
]