[
  {
    "ID Number": "30600979"
  },
  {
    "ID Number": "30600944"
  },
  {
    "ID Number": "30601088"
  },
  {
    "ID Number": "30600820"
  },
  {
    "ID Number": "30600243"
  },
  {
    "ID Number": "30601118"
  },
  {
    "ID Number": "30601177"
  },
  {
    "ID Number": "30600332"
  },
  {
    "ID Number": "30600065"
  },
  {
    "ID Number": "30600260"
  },
  {
    "ID Number": "30601037"
  },
  {
    "ID Number": "30601150"
  },
  {
    "ID Number": "30600880"
  },
  {
    "ID Number": "30600421"
  },
  {
    "ID Number": "30600308"
  },
  {
    "ID Number": "30600960"
  }
]