[
  {
    "ID Number": "5716365"
  },
  {
    "ID Number": "5716373"
  },
  {
    "ID Number": "5700230"
  },
  {
    "ID Number": "35843136"
  },
  {
    "ID Number": "35813016"
  },
  {
    "ID Number": "5731844"
  },
  {
    "ID Number": "5730783"
  },
  {
    "ID Number": "5771480"
  },
  {
    "ID Number": "5771498"
  },
  {
    "ID Number": "5771471"
  },
  {
    "ID Number": "5709920"
  },
  {
    "ID Number": "35858435"
  },
  {
    "ID Number": "35842822"
  },
  {
    "ID Number": "35876174"
  },
  {
    "ID Number": "35822813"
  },
  {
    "ID Number": "5703824"
  },
  {
    "ID Number": "35830743"
  },
  {
    "ID Number": "5723124"
  },
  {
    "ID Number": "35803851"
  },
  {
    "ID Number": "35822350"
  },
  {
    "ID Number": "5706114"
  },
  {
    "ID Number": "5728118"
  },
  {
    "ID Number": "5713854"
  },
  {
    "ID Number": "5703298"
  },
  {
    "ID Number": "5713668"
  },
  {
    "ID Number": "5729475"
  },
  {
    "ID Number": "5754216"
  },
  {
    "ID Number": "5707536"
  },
  {
    "ID Number": "5727901"
  },
  {
    "ID Number": "35851635"
  },
  {
    "ID Number": "35827327"
  },
  {
    "ID Number": "5790417"
  },
  {
    "ID Number": "5716390"
  },
  {
    "ID Number": "5733294"
  },
  {
    "ID Number": "5700086"
  },
  {
    "ID Number": "35857935"
  },
  {
    "ID Number": "35816350"
  },
  {
    "ID Number": "5730716"
  },
  {
    "ID Number": "5704880"
  },
  {
    "ID Number": "5704901"
  },
  {
    "ID Number": "5737664"
  },
  {
    "ID Number": "5733880"
  },
  {
    "ID Number": "5707749"
  },
  {
    "ID Number": "35828242"
  },
  {
    "ID Number": "5735980"
  },
  {
    "ID Number": "5736110"
  },
  {
    "ID Number": "35872020"
  },
  {
    "ID Number": "5760402"
  },
  {
    "ID Number": "35803983"
  },
  {
    "ID Number": "5706521"
  },
  {
    "ID Number": "35836660"
  },
  {
    "ID Number": "35800879"
  },
  {
    "ID Number": "35859750"
  },
  {
    "ID Number": "5794773"
  },
  {
    "ID Number": "35822465"
  },
  {
    "ID Number": "5711835"
  },
  {
    "ID Number": "5709032"
  },
  {
    "ID Number": "35811935"
  },
  {
    "ID Number": "69301093"
  },
  {
    "ID Number": "35871415"
  },
  {
    "ID Number": "5711363"
  },
  {
    "ID Number": "5715954"
  },
  {
    "ID Number": "35855410"
  },
  {
    "ID Number": "5748143"
  },
  {
    "ID Number": "35805129"
  },
  {
    "ID Number": "35860294"
  },
  {
    "ID Number": "5710863"
  },
  {
    "ID Number": "5751080"
  },
  {
    "ID Number": "5737990"
  },
  {
    "ID Number": "5798027"
  },
  {
    "ID Number": "5782970"
  },
  {
    "ID Number": "5704740"
  },
  {
    "ID Number": "35813750"
  },
  {
    "ID Number": "35813768"
  },
  {
    "ID Number": "5714958"
  },
  {
    "ID Number": "5721407"
  },
  {
    "ID Number": "5721423"
  },
  {
    "ID Number": "5730708"
  },
  {
    "ID Number": "5736528"
  },
  {
    "ID Number": "5735564"
  },
  {
    "ID Number": "5735920"
  },
  {
    "ID Number": "35828552"
  },
  {
    "ID Number": "5772125"
  },
  {
    "ID Number": "35813679"
  },
  {
    "ID Number": "5700361"
  },
  {
    "ID Number": "35821426"
  },
  {
    "ID Number": "5709792"
  },
  {
    "ID Number": "5705711"
  },
  {
    "ID Number": "5711860"
  },
  {
    "ID Number": "5752434"
  },
  {
    "ID Number": "35836873"
  },
  {
    "ID Number": "5706785"
  },
  {
    "ID Number": "5797071"
  },
  {
    "ID Number": "5714729"
  },
  {
    "ID Number": "5714966"
  },
  {
    "ID Number": "5778492"
  },
  {
    "ID Number": "5702801"
  },
  {
    "ID Number": "5751276"
  },
  {
    "ID Number": "5745560"
  },
  {
    "ID Number": "5702534"
  },
  {
    "ID Number": "35866888"
  },
  {
    "ID Number": "5736200"
  },
  {
    "ID Number": "5721873"
  },
  {
    "ID Number": "5712300"
  },
  {
    "ID Number": "5710871"
  },
  {
    "ID Number": "35820560"
  },
  {
    "ID Number": "5709946"
  },
  {
    "ID Number": "35833181"
  },
  {
    "ID Number": "35835788"
  },
  {
    "ID Number": "5735394"
  },
  {
    "ID Number": "5735912"
  },
  {
    "ID Number": "5737222"
  },
  {
    "ID Number": "35822759"
  },
  {
    "ID Number": "5724210"
  },
  {
    "ID Number": "35802367"
  },
  {
    "ID Number": "5716420"
  },
  {
    "ID Number": "5764238"
  },
  {
    "ID Number": "5739349"
  },
  {
    "ID Number": "5712050"
  },
  {
    "ID Number": "5734207"
  },
  {
    "ID Number": "35807032"
  },
  {
    "ID Number": "5716438"
  },
  {
    "ID Number": "5736730"
  },
  {
    "ID Number": "5759897"
  },
  {
    "ID Number": "5706530"
  },
  {
    "ID Number": "5722950"
  },
  {
    "ID Number": "5707943"
  },
  {
    "ID Number": "5753872"
  },
  {
    "ID Number": "5784786"
  },
  {
    "ID Number": "35875321"
  },
  {
    "ID Number": "35816325"
  },
  {
    "ID Number": "35833270"
  },
  {
    "ID Number": "5755549"
  },
  {
    "ID Number": "35859857"
  },
  {
    "ID Number": "35842962"
  },
  {
    "ID Number": "5746450"
  },
  {
    "ID Number": "5704340"
  },
  {
    "ID Number": "5702577"
  },
  {
    "ID Number": "5740924"
  },
  {
    "ID Number": "5709040"
  },
  {
    "ID Number": "5702879"
  },
  {
    "ID Number": "5729432"
  },
  {
    "ID Number": "35867043"
  },
  {
    "ID Number": "35822430"
  },
  {
    "ID Number": "5759358"
  },
  {
    "ID Number": "35842229"
  },
  {
    "ID Number": "35842237"
  },
  {
    "ID Number": "35856599"
  },
  {
    "ID Number": "5700353"
  },
  {
    "ID Number": "5702135"
  },
  {
    "ID Number": "5704685"
  },
  {
    "ID Number": "35888571"
  },
  {
    "ID Number": "5716810"
  },
  {
    "ID Number": "5755484"
  },
  {
    "ID Number": "35853778"
  },
  {
    "ID Number": "5714150"
  },
  {
    "ID Number": "5737214"
  },
  {
    "ID Number": "5705436"
  },
  {
    "ID Number": "5744415"
  },
  {
    "ID Number": "5744873"
  },
  {
    "ID Number": "35831340"
  },
  {
    "ID Number": "393199827"
  },
  {
    "ID Number": "5705614"
  },
  {
    "ID Number": "35830697"
  },
  {
    "ID Number": "5733928"
  },
  {
    "ID Number": "35824999"
  },
  {
    "ID Number": "35820772"
  },
  {
    "ID Number": "5718325"
  },
  {
    "ID Number": "5702283"
  },
  {
    "ID Number": "5730627"
  },
  {
    "ID Number": "5728371"
  },
  {
    "ID Number": "35858540"
  },
  {
    "ID Number": "35820276"
  },
  {
    "ID Number": "35851155"
  },
  {
    "ID Number": "5768276"
  },
  {
    "ID Number": "5705754"
  },
  {
    "ID Number": "35813393"
  },
  {
    "ID Number": "5717981"
  },
  {
    "ID Number": "35840552"
  },
  {
    "ID Number": "5734282"
  },
  {
    "ID Number": "5712858"
  },
  {
    "ID Number": "5715245"
  },
  {
    "ID Number": "5709970"
  },
  {
    "ID Number": "5744717"
  },
  {
    "ID Number": "5770351"
  },
  {
    "ID Number": "5782805"
  },
  {
    "ID Number": "5733219"
  },
  {
    "ID Number": "5792231"
  },
  {
    "ID Number": "5706793"
  },
  {
    "ID Number": "5758955"
  },
  {
    "ID Number": "5700973"
  },
  {
    "ID Number": "35843616"
  },
  {
    "ID Number": "5798388"
  },
  {
    "ID Number": "5703271"
  },
  {
    "ID Number": "5700035"
  },
  {
    "ID Number": "5729130"
  },
  {
    "ID Number": "5717043"
  },
  {
    "ID Number": "5769884"
  },
  {
    "ID Number": "5787416"
  },
  {
    "ID Number": "35860227"
  },
  {
    "ID Number": "5722357"
  },
  {
    "ID Number": "5750660"
  },
  {
    "ID Number": "5709989"
  },
  {
    "ID Number": "5716802"
  },
  {
    "ID Number": "5717051"
  },
  {
    "ID Number": "35847638"
  },
  {
    "ID Number": "35847646"
  },
  {
    "ID Number": "5796946"
  },
  {
    "ID Number": "35849240"
  },
  {
    "ID Number": "5717426"
  },
  {
    "ID Number": "5707960"
  },
  {
    "ID Number": "35831049"
  },
  {
    "ID Number": "35807598"
  },
  {
    "ID Number": "35807601"
  },
  {
    "ID Number": "5780543"
  },
  {
    "ID Number": "35854650"
  },
  {
    "ID Number": "35822090"
  },
  {
    "ID Number": "5784760"
  },
  {
    "ID Number": "5780039"
  },
  {
    "ID Number": "5743133"
  },
  {
    "ID Number": "5711606"
  },
  {
    "ID Number": "5726883"
  },
  {
    "ID Number": "5717809"
  },
  {
    "ID Number": "5740525"
  },
  {
    "ID Number": "5739527"
  },
  {
    "ID Number": "5726891"
  },
  {
    "ID Number": "5726905"
  },
  {
    "ID Number": "35856467"
  },
  {
    "ID Number": "5762510"
  },
  {
    "ID Number": "5722071"
  },
  {
    "ID Number": "5729068"
  },
  {
    "ID Number": "5729076"
  },
  {
    "ID Number": "35837128"
  },
  {
    "ID Number": "35822066"
  },
  {
    "ID Number": "5748232"
  },
  {
    "ID Number": "5741718"
  },
  {
    "ID Number": "35821884"
  },
  {
    "ID Number": "35825162"
  },
  {
    "ID Number": "35821523"
  },
  {
    "ID Number": "35862416"
  },
  {
    "ID Number": "5727421"
  },
  {
    "ID Number": "5710006"
  },
  {
    "ID Number": "5704863"
  },
  {
    "ID Number": "5721512"
  },
  {
    "ID Number": "5712149"
  },
  {
    "ID Number": "5712386"
  },
  {
    "ID Number": "5703000"
  },
  {
    "ID Number": "5700876"
  },
  {
    "ID Number": "35835800"
  },
  {
    "ID Number": "35861789"
  },
  {
    "ID Number": "5712157"
  },
  {
    "ID Number": "5714559"
  },
  {
    "ID Number": "5737893"
  },
  {
    "ID Number": "5735050"
  },
  {
    "ID Number": "5741912"
  },
  {
    "ID Number": "5724279"
  },
  {
    "ID Number": "5758505"
  },
  {
    "ID Number": "5763088"
  },
  {
    "ID Number": "35828749"
  },
  {
    "ID Number": "5703816"
  },
  {
    "ID Number": "35846380"
  },
  {
    "ID Number": "35826860"
  },
  {
    "ID Number": "5717450"
  },
  {
    "ID Number": "5742110"
  },
  {
    "ID Number": "5716985"
  },
  {
    "ID Number": "5707641"
  },
  {
    "ID Number": "35820489"
  },
  {
    "ID Number": "35850000"
  },
  {
    "ID Number": "5750911"
  },
  {
    "ID Number": "5763797"
  },
  {
    "ID Number": "5740541"
  },
  {
    "ID Number": "35888008"
  },
  {
    "ID Number": "393199980"
  },
  {
    "ID Number": "35856734"
  },
  {
    "ID Number": "5714753"
  },
  {
    "ID Number": "35820160"
  },
  {
    "ID Number": "5716470"
  },
  {
    "ID Number": "5739160"
  },
  {
    "ID Number": "5701775"
  },
  {
    "ID Number": "5719704"
  },
  {
    "ID Number": "5768560"
  },
  {
    "ID Number": "5780721"
  },
  {
    "ID Number": "5780713"
  },
  {
    "ID Number": "35857277"
  },
  {
    "ID Number": "5735580"
  },
  {
    "ID Number": "5762642"
  },
  {
    "ID Number": "5737419"
  },
  {
    "ID Number": "35851015"
  },
  {
    "ID Number": "5760348"
  },
  {
    "ID Number": "5729092"
  },
  {
    "ID Number": "5701031"
  },
  {
    "ID Number": "5703522"
  },
  {
    "ID Number": "5703514"
  },
  {
    "ID Number": "5702780"
  },
  {
    "ID Number": "5702640"
  },
  {
    "ID Number": "35855525"
  },
  {
    "ID Number": "35841729"
  },
  {
    "ID Number": "35822376"
  },
  {
    "ID Number": "5702747"
  },
  {
    "ID Number": "5726794"
  },
  {
    "ID Number": "5726786"
  },
  {
    "ID Number": "5726808"
  },
  {
    "ID Number": "35824239"
  },
  {
    "ID Number": "5701058"
  },
  {
    "ID Number": "5700965"
  },
  {
    "ID Number": "5709229"
  },
  {
    "ID Number": "35849045"
  },
  {
    "ID Number": "35825197"
  },
  {
    "ID Number": "5784751"
  },
  {
    "ID Number": "35838450"
  },
  {
    "ID Number": "35802898"
  },
  {
    "ID Number": "35858508"
  },
  {
    "ID Number": "5772400"
  },
  {
    "ID Number": "35837969"
  },
  {
    "ID Number": "5728428"
  },
  {
    "ID Number": "5788757"
  },
  {
    "ID Number": "35810190"
  },
  {
    "ID Number": "5754496"
  },
  {
    "ID Number": "35831618"
  },
  {
    "ID Number": "35830794"
  },
  {
    "ID Number": "35869119"
  },
  {
    "ID Number": "5744504"
  },
  {
    "ID Number": "5710049"
  },
  {
    "ID Number": "35869410"
  },
  {
    "ID Number": "5716926"
  },
  {
    "ID Number": "5743893"
  },
  {
    "ID Number": "35869100"
  },
  {
    "ID Number": "393105268"
  },
  {
    "ID Number": "35813300"
  },
  {
    "ID Number": "35813318"
  },
  {
    "ID Number": "5735378"
  },
  {
    "ID Number": "5796644"
  },
  {
    "ID Number": "5717787"
  },
  {
    "ID Number": "5709180"
  },
  {
    "ID Number": "393199970"
  },
  {
    "ID Number": "35833831"
  },
  {
    "ID Number": "35823020"
  },
  {
    "ID Number": "35823038"
  },
  {
    "ID Number": "5721385"
  },
  {
    "ID Number": "35827807"
  },
  {
    "ID Number": "35872977"
  },
  {
    "ID Number": "5716535"
  },
  {
    "ID Number": "5735696"
  },
  {
    "ID Number": "35843756"
  },
  {
    "ID Number": "5703549"
  },
  {
    "ID Number": "5706610"
  },
  {
    "ID Number": "5706629"
  },
  {
    "ID Number": "5706971"
  },
  {
    "ID Number": "5741882"
  },
  {
    "ID Number": "5798914"
  },
  {
    "ID Number": "5702194"
  },
  {
    "ID Number": "5728150"
  },
  {
    "ID Number": "35885947"
  },
  {
    "ID Number": "5733898"
  },
  {
    "ID Number": "5765650"
  },
  {
    "ID Number": "5781485"
  },
  {
    "ID Number": "5728509"
  },
  {
    "ID Number": "5786860"
  },
  {
    "ID Number": "35852682"
  },
  {
    "ID Number": "5743915"
  },
  {
    "ID Number": "5751624"
  },
  {
    "ID Number": "5722586"
  },
  {
    "ID Number": "5787017"
  },
  {
    "ID Number": "35858761"
  },
  {
    "ID Number": "35802430"
  },
  {
    "ID Number": "35802448"
  },
  {
    "ID Number": "5730937"
  },
  {
    "ID Number": "5730899"
  },
  {
    "ID Number": "35844078"
  },
  {
    "ID Number": "5730953"
  },
  {
    "ID Number": "35827572"
  },
  {
    "ID Number": "5718813"
  },
  {
    "ID Number": "5711894"
  },
  {
    "ID Number": "35863528"
  },
  {
    "ID Number": "5796504"
  },
  {
    "ID Number": "5707200"
  },
  {
    "ID Number": "5718945"
  },
  {
    "ID Number": "35873108"
  },
  {
    "ID Number": "5798795"
  },
  {
    "ID Number": "35867434"
  },
  {
    "ID Number": "35847751"
  },
  {
    "ID Number": "35862459"
  },
  {
    "ID Number": "5709512"
  },
  {
    "ID Number": "5742862"
  },
  {
    "ID Number": "5730791"
  },
  {
    "ID Number": "5772036"
  },
  {
    "ID Number": "5707994"
  },
  {
    "ID Number": "5736684"
  },
  {
    "ID Number": "5732930"
  },
  {
    "ID Number": "5700647"
  },
  {
    "ID Number": "5703387"
  },
  {
    "ID Number": "5793432"
  },
  {
    "ID Number": "5775221"
  },
  {
    "ID Number": "5703670"
  },
  {
    "ID Number": "5764866"
  },
  {
    "ID Number": "35815000"
  },
  {
    "ID Number": "35851414"
  },
  {
    "ID Number": "35877693"
  },
  {
    "ID Number": "5734223"
  },
  {
    "ID Number": "5739012"
  },
  {
    "ID Number": "35819294"
  },
  {
    "ID Number": "5700655"
  },
  {
    "ID Number": "5716543"
  },
  {
    "ID Number": "5717418"
  },
  {
    "ID Number": "5718287"
  },
  {
    "ID Number": "5739365"
  },
  {
    "ID Number": "35887001"
  },
  {
    "ID Number": "5716845"
  },
  {
    "ID Number": "35835796"
  },
  {
    "ID Number": "5723817"
  },
  {
    "ID Number": "5714060"
  },
  {
    "ID Number": "5702976"
  },
  {
    "ID Number": "5788544"
  },
  {
    "ID Number": "35822155"
  },
  {
    "ID Number": "35852674"
  },
  {
    "ID Number": "5700787"
  },
  {
    "ID Number": "5701201"
  },
  {
    "ID Number": "5726034"
  },
  {
    "ID Number": "35807288"
  },
  {
    "ID Number": "5708010"
  },
  {
    "ID Number": "5717310"
  },
  {
    "ID Number": "5708885"
  },
  {
    "ID Number": "35850744"
  },
  {
    "ID Number": "5743931"
  },
  {
    "ID Number": "35871024"
  },
  {
    "ID Number": "35822830"
  },
  {
    "ID Number": "35822791"
  },
  {
    "ID Number": "35836130"
  },
  {
    "ID Number": "35836121"
  },
  {
    "ID Number": "5758262"
  },
  {
    "ID Number": "5723710"
  },
  {
    "ID Number": "5771536"
  },
  {
    "ID Number": "35863285"
  },
  {
    "ID Number": "35886234"
  },
  {
    "ID Number": "5716560"
  },
  {
    "ID Number": "393200070"
  },
  {
    "ID Number": "35888806"
  },
  {
    "ID Number": "5764068"
  },
  {
    "ID Number": "35862556"
  },
  {
    "ID Number": "5702755"
  },
  {
    "ID Number": "5720109"
  },
  {
    "ID Number": "5729599"
  },
  {
    "ID Number": "5745713"
  },
  {
    "ID Number": "5772419"
  },
  {
    "ID Number": "5757150"
  },
  {
    "ID Number": "35874155"
  },
  {
    "ID Number": "35808560"
  },
  {
    "ID Number": "5771293"
  },
  {
    "ID Number": "5780489"
  },
  {
    "ID Number": "5771773"
  },
  {
    "ID Number": "5737710"
  },
  {
    "ID Number": "5713790"
  },
  {
    "ID Number": "35830573"
  },
  {
    "ID Number": "5756065"
  },
  {
    "ID Number": "5724481"
  },
  {
    "ID Number": "5734339"
  },
  {
    "ID Number": "5765994"
  },
  {
    "ID Number": "5709237"
  },
  {
    "ID Number": "5773350"
  },
  {
    "ID Number": "5708028"
  },
  {
    "ID Number": "5748810"
  },
  {
    "ID Number": "5760941"
  },
  {
    "ID Number": "5702674"
  },
  {
    "ID Number": "5747341"
  },
  {
    "ID Number": "5739047"
  },
  {
    "ID Number": "35832614"
  },
  {
    "ID Number": "5761409"
  },
  {
    "ID Number": "5703085"
  },
  {
    "ID Number": "35827238"
  },
  {
    "ID Number": "35855169"
  },
  {
    "ID Number": "5795508"
  },
  {
    "ID Number": "35826428"
  },
  {
    "ID Number": "35846542"
  },
  {
    "ID Number": "5736137"
  },
  {
    "ID Number": "35821744"
  },
  {
    "ID Number": "35878207"
  },
  {
    "ID Number": "5702763"
  },
  {
    "ID Number": "35808322"
  },
  {
    "ID Number": "35854863"
  },
  {
    "ID Number": "35849681"
  },
  {
    "ID Number": "5712165"
  },
  {
    "ID Number": "35844353"
  },
  {
    "ID Number": "849138"
  },
  {
    "ID Number": "35829761"
  },
  {
    "ID Number": "5729149"
  },
  {
    "ID Number": "5729157"
  },
  {
    "ID Number": "5783518"
  },
  {
    "ID Number": "5788340"
  },
  {
    "ID Number": "35858524"
  },
  {
    "ID Number": "35828323"
  },
  {
    "ID Number": "5709741"
  },
  {
    "ID Number": "35851465"
  },
  {
    "ID Number": "35831278"
  },
  {
    "ID Number": "5791979"
  },
  {
    "ID Number": "35857625"
  },
  {
    "ID Number": "35877707"
  },
  {
    "ID Number": "35834960"
  },
  {
    "ID Number": "5718074"
  },
  {
    "ID Number": "5744482"
  },
  {
    "ID Number": "5735653"
  },
  {
    "ID Number": "5718082"
  },
  {
    "ID Number": "5712173"
  },
  {
    "ID Number": "5713684"
  },
  {
    "ID Number": "35839198"
  },
  {
    "ID Number": "35802820"
  },
  {
    "ID Number": "35850884"
  },
  {
    "ID Number": "5745446"
  },
  {
    "ID Number": "5798736"
  },
  {
    "ID Number": "5734371"
  },
  {
    "ID Number": "35815787"
  },
  {
    "ID Number": "35853859"
  },
  {
    "ID Number": "5721342"
  },
  {
    "ID Number": "35819421"
  },
  {
    "ID Number": "5709717"
  },
  {
    "ID Number": "5702291"
  },
  {
    "ID Number": "35841737"
  },
  {
    "ID Number": "35827270"
  },
  {
    "ID Number": "5729165"
  },
  {
    "ID Number": "35874406"
  },
  {
    "ID Number": "5701732"
  },
  {
    "ID Number": "35800640"
  },
  {
    "ID Number": "5701155"
  },
  {
    "ID Number": "5768624"
  },
  {
    "ID Number": "5735742"
  },
  {
    "ID Number": "35813113"
  },
  {
    "ID Number": "5724295"
  },
  {
    "ID Number": "5745128"
  },
  {
    "ID Number": "5701384"
  },
  {
    "ID Number": "5751659"
  },
  {
    "ID Number": "35860740"
  },
  {
    "ID Number": "5741874"
  },
  {
    "ID Number": "5732360"
  },
  {
    "ID Number": "5733936"
  },
  {
    "ID Number": "5739195"
  },
  {
    "ID Number": "5721474"
  },
  {
    "ID Number": "5714575"
  },
  {
    "ID Number": "35870010"
  },
  {
    "ID Number": "5783313"
  },
  {
    "ID Number": "5744750"
  },
  {
    "ID Number": "5702240"
  },
  {
    "ID Number": "5707820"
  },
  {
    "ID Number": "35828447"
  },
  {
    "ID Number": "5722594"
  },
  {
    "ID Number": "35848642"
  },
  {
    "ID Number": "35821205"
  },
  {
    "ID Number": "5714788"
  },
  {
    "ID Number": "5721180"
  },
  {
    "ID Number": "5715903"
  },
  {
    "ID Number": "35851821"
  },
  {
    "ID Number": "35805757"
  },
  {
    "ID Number": "5744385"
  },
  {
    "ID Number": "5725844"
  },
  {
    "ID Number": "5775400"
  },
  {
    "ID Number": "35864567"
  },
  {
    "ID Number": "5731356"
  },
  {
    "ID Number": "5754313"
  },
  {
    "ID Number": "35829206"
  },
  {
    "ID Number": "35820780"
  },
  {
    "ID Number": "35851074"
  },
  {
    "ID Number": "35850868"
  },
  {
    "ID Number": "5730775"
  },
  {
    "ID Number": "5709890"
  },
  {
    "ID Number": "5700019"
  },
  {
    "ID Number": "69300631"
  },
  {
    "ID Number": "5707560"
  },
  {
    "ID Number": "5756855"
  },
  {
    "ID Number": "5757142"
  },
  {
    "ID Number": "5741262"
  },
  {
    "ID Number": "35833289"
  },
  {
    "ID Number": "5703123"
  },
  {
    "ID Number": "5729106"
  },
  {
    "ID Number": "35824298"
  },
  {
    "ID Number": "5729114"
  },
  {
    "ID Number": "35804297"
  },
  {
    "ID Number": "5753252"
  },
  {
    "ID Number": "5700744"
  },
  {
    "ID Number": "393199845"
  },
  {
    "ID Number": "5768721"
  },
  {
    "ID Number": "35834412"
  },
  {
    "ID Number": "35807482"
  },
  {
    "ID Number": "5717817"
  },
  {
    "ID Number": "5733995"
  },
  {
    "ID Number": "5708940"
  },
  {
    "ID Number": "5793726"
  },
  {
    "ID Number": "35863145"
  },
  {
    "ID Number": "5725569"
  },
  {
    "ID Number": "5702429"
  },
  {
    "ID Number": "35851597"
  },
  {
    "ID Number": "5703638"
  },
  {
    "ID Number": "5797420"
  },
  {
    "ID Number": "5700590"
  },
  {
    "ID Number": "35845805"
  },
  {
    "ID Number": "35826983"
  },
  {
    "ID Number": "35826975"
  },
  {
    "ID Number": "5717434"
  },
  {
    "ID Number": "5761786"
  },
  {
    "ID Number": "5761760"
  },
  {
    "ID Number": "5702488"
  },
  {
    "ID Number": "35863170"
  },
  {
    "ID Number": "35805978"
  },
  {
    "ID Number": "5787599"
  },
  {
    "ID Number": "35851830"
  },
  {
    "ID Number": "35859059"
  },
  {
    "ID Number": "35827556"
  },
  {
    "ID Number": "35831995"
  },
  {
    "ID Number": "5702810"
  },
  {
    "ID Number": "35863030"
  },
  {
    "ID Number": "5734029"
  },
  {
    "ID Number": "35839627"
  },
  {
    "ID Number": "35814888"
  },
  {
    "ID Number": "5761646"
  },
  {
    "ID Number": "35812095"
  },
  {
    "ID Number": "5779057"
  },
  {
    "ID Number": "5710219"
  },
  {
    "ID Number": "35805811"
  },
  {
    "ID Number": "5747473"
  },
  {
    "ID Number": "5762839"
  },
  {
    "ID Number": "5701945"
  },
  {
    "ID Number": "5702828"
  },
  {
    "ID Number": "5730660"
  },
  {
    "ID Number": "5721954"
  },
  {
    "ID Number": "5715032"
  },
  {
    "ID Number": "5704510"
  },
  {
    "ID Number": "35818522"
  },
  {
    "ID Number": "5771560"
  },
  {
    "ID Number": "5744059"
  },
  {
    "ID Number": "35869437"
  },
  {
    "ID Number": "35835915"
  },
  {
    "ID Number": "5745748"
  },
  {
    "ID Number": "5704367"
  },
  {
    "ID Number": "5708338"
  },
  {
    "ID Number": "5714583"
  },
  {
    "ID Number": "5741386"
  },
  {
    "ID Number": "5732050"
  },
  {
    "ID Number": "5712181"
  },
  {
    "ID Number": "5736056"
  },
  {
    "ID Number": "35849924"
  },
  {
    "ID Number": "35845414"
  },
  {
    "ID Number": "35857269"
  },
  {
    "ID Number": "5792380"
  },
  {
    "ID Number": "35823666"
  },
  {
    "ID Number": "35820764"
  },
  {
    "ID Number": "5763789"
  },
  {
    "ID Number": "5731747"
  },
  {
    "ID Number": "35846941"
  },
  {
    "ID Number": "5731763"
  },
  {
    "ID Number": "5774314"
  },
  {
    "ID Number": "5716934"
  },
  {
    "ID Number": "5702739"
  },
  {
    "ID Number": "5716586"
  },
  {
    "ID Number": "5716594"
  },
  {
    "ID Number": "35820152"
  },
  {
    "ID Number": "5721318"
  },
  {
    "ID Number": "5788048"
  },
  {
    "ID Number": "35840366"
  },
  {
    "ID Number": "393104396"
  },
  {
    "ID Number": "5717272"
  },
  {
    "ID Number": "5798760"
  },
  {
    "ID Number": "5798779"
  },
  {
    "ID Number": "5788773"
  },
  {
    "ID Number": "5713803"
  },
  {
    "ID Number": "35829923"
  },
  {
    "ID Number": "5700507"
  },
  {
    "ID Number": "35854901"
  },
  {
    "ID Number": "5732077"
  },
  {
    "ID Number": "5729386"
  },
  {
    "ID Number": "5711991"
  },
  {
    "ID Number": "5730600"
  },
  {
    "ID Number": "5724813"
  },
  {
    "ID Number": "5762448"
  },
  {
    "ID Number": "5779880"
  },
  {
    "ID Number": "5718368"
  },
  {
    "ID Number": "5721938"
  },
  {
    "ID Number": "5760690"
  },
  {
    "ID Number": "35830581"
  },
  {
    "ID Number": "5743001"
  },
  {
    "ID Number": "5737613"
  },
  {
    "ID Number": "5717124"
  },
  {
    "ID Number": "5717132"
  },
  {
    "ID Number": "5708060"
  },
  {
    "ID Number": "35805161"
  },
  {
    "ID Number": "5706831"
  },
  {
    "ID Number": "5741890"
  },
  {
    "ID Number": "5754461"
  },
  {
    "ID Number": "35850574"
  },
  {
    "ID Number": "5735963"
  },
  {
    "ID Number": "35826088"
  },
  {
    "ID Number": "5798280"
  },
  {
    "ID Number": "35821540"
  },
  {
    "ID Number": "35840390"
  },
  {
    "ID Number": "5736269"
  },
  {
    "ID Number": "35823143"
  },
  {
    "ID Number": "35816732"
  },
  {
    "ID Number": "35824808"
  },
  {
    "ID Number": "35824719"
  },
  {
    "ID Number": "35824727"
  },
  {
    "ID Number": "5798809"
  },
  {
    "ID Number": "5716624"
  },
  {
    "ID Number": "35811277"
  },
  {
    "ID Number": "35806168"
  },
  {
    "ID Number": "5755328"
  },
  {
    "ID Number": "5742323"
  },
  {
    "ID Number": "35801670"
  },
  {
    "ID Number": "35810203"
  },
  {
    "ID Number": "35860308"
  },
  {
    "ID Number": "5703166"
  },
  {
    "ID Number": "5703689"
  },
  {
    "ID Number": "35834978"
  },
  {
    "ID Number": "35813229"
  },
  {
    "ID Number": "5720664"
  },
  {
    "ID Number": "35800127"
  },
  {
    "ID Number": "5736153"
  },
  {
    "ID Number": "5731437"
  },
  {
    "ID Number": "35838710"
  },
  {
    "ID Number": "5736803"
  },
  {
    "ID Number": "35810599"
  },
  {
    "ID Number": "35820322"
  },
  {
    "ID Number": "35800356"
  },
  {
    "ID Number": "5737540"
  },
  {
    "ID Number": "5737559"
  },
  {
    "ID Number": "5737567"
  },
  {
    "ID Number": "35801107"
  },
  {
    "ID Number": "35801115"
  },
  {
    "ID Number": "5725879"
  },
  {
    "ID Number": "35821213"
  },
  {
    "ID Number": "35835044"
  },
  {
    "ID Number": "5764904"
  },
  {
    "ID Number": "5797950"
  },
  {
    "ID Number": "35835990"
  },
  {
    "ID Number": "35879491"
  },
  {
    "ID Number": "35828820"
  },
  {
    "ID Number": "35814713"
  },
  {
    "ID Number": "5726212"
  },
  {
    "ID Number": "5718333"
  },
  {
    "ID Number": "5748933"
  },
  {
    "ID Number": "35842300"
  },
  {
    "ID Number": "35831782"
  },
  {
    "ID Number": "5735807"
  },
  {
    "ID Number": "5725623"
  },
  {
    "ID Number": "5735360"
  },
  {
    "ID Number": "5735866"
  },
  {
    "ID Number": "5735068"
  },
  {
    "ID Number": "5719119"
  },
  {
    "ID Number": "5748054"
  },
  {
    "ID Number": "35860154"
  },
  {
    "ID Number": "35856300"
  },
  {
    "ID Number": "35824263"
  },
  {
    "ID Number": "35824247"
  },
  {
    "ID Number": "35824255"
  },
  {
    "ID Number": "35822597"
  },
  {
    "ID Number": "5716632"
  },
  {
    "ID Number": "5779383"
  },
  {
    "ID Number": "35826509"
  },
  {
    "ID Number": "5731771"
  },
  {
    "ID Number": "5744091"
  },
  {
    "ID Number": "5744105"
  },
  {
    "ID Number": "5726182"
  },
  {
    "ID Number": "5726190"
  },
  {
    "ID Number": "35822392"
  },
  {
    "ID Number": "5764815"
  },
  {
    "ID Number": "5764823"
  },
  {
    "ID Number": "5709245"
  },
  {
    "ID Number": "35860600"
  },
  {
    "ID Number": "35860618"
  },
  {
    "ID Number": "5730546"
  },
  {
    "ID Number": "5730929"
  },
  {
    "ID Number": "5730880"
  },
  {
    "ID Number": "5734134"
  },
  {
    "ID Number": "5714036"
  },
  {
    "ID Number": "5735521"
  },
  {
    "ID Number": "5743583"
  },
  {
    "ID Number": "35857994"
  },
  {
    "ID Number": "5729955"
  },
  {
    "ID Number": "35848260"
  },
  {
    "ID Number": "35870427"
  },
  {
    "ID Number": "35822775"
  },
  {
    "ID Number": "5727669"
  },
  {
    "ID Number": "5712580"
  },
  {
    "ID Number": "5712599"
  },
  {
    "ID Number": "5712190"
  },
  {
    "ID Number": "5709423"
  },
  {
    "ID Number": "35821442"
  },
  {
    "ID Number": "35856700"
  },
  {
    "ID Number": "5772761"
  },
  {
    "ID Number": "5712815"
  },
  {
    "ID Number": "35860006"
  },
  {
    "ID Number": "5730651"
  },
  {
    "ID Number": "35813776"
  },
  {
    "ID Number": "5737338"
  },
  {
    "ID Number": "5774403"
  },
  {
    "ID Number": "5757274"
  },
  {
    "ID Number": "5748216"
  },
  {
    "ID Number": "35848340"
  },
  {
    "ID Number": "35848359"
  },
  {
    "ID Number": "5725607"
  },
  {
    "ID Number": "35823844"
  },
  {
    "ID Number": "5756782"
  },
  {
    "ID Number": "5752795"
  },
  {
    "ID Number": "35837683"
  },
  {
    "ID Number": "5714630"
  },
  {
    "ID Number": "35837020"
  },
  {
    "ID Number": "5725054"
  },
  {
    "ID Number": "5738547"
  },
  {
    "ID Number": "5704588"
  },
  {
    "ID Number": "5784999"
  },
  {
    "ID Number": "35821795"
  },
  {
    "ID Number": "5707544"
  },
  {
    "ID Number": "5793394"
  },
  {
    "ID Number": "35828340"
  },
  {
    "ID Number": "5799821"
  },
  {
    "ID Number": "5799813"
  },
  {
    "ID Number": "5733901"
  },
  {
    "ID Number": "5773903"
  },
  {
    "ID Number": "5700329"
  },
  {
    "ID Number": "5710260"
  },
  {
    "ID Number": "5738954"
  },
  {
    "ID Number": "5743460"
  },
  {
    "ID Number": "5702100"
  },
  {
    "ID Number": "5725917"
  },
  {
    "ID Number": "5711754"
  },
  {
    "ID Number": "35868244"
  },
  {
    "ID Number": "35833521"
  },
  {
    "ID Number": "35807806"
  },
  {
    "ID Number": "35852496"
  },
  {
    "ID Number": "5783950"
  },
  {
    "ID Number": "5709563"
  },
  {
    "ID Number": "5716950"
  },
  {
    "ID Number": "35802162"
  },
  {
    "ID Number": "5764092"
  },
  {
    "ID Number": "35874953"
  },
  {
    "ID Number": "35874961"
  },
  {
    "ID Number": "5734967"
  },
  {
    "ID Number": "5795672"
  },
  {
    "ID Number": "35868236"
  },
  {
    "ID Number": "5731801"
  },
  {
    "ID Number": "5733120"
  },
  {
    "ID Number": "35856270"
  },
  {
    "ID Number": "5724074"
  },
  {
    "ID Number": "5737621"
  },
  {
    "ID Number": "35836296"
  },
  {
    "ID Number": "35853670"
  },
  {
    "ID Number": "35814772"
  },
  {
    "ID Number": "5704782"
  },
  {
    "ID Number": "5712025"
  },
  {
    "ID Number": "35825723"
  },
  {
    "ID Number": "5753317"
  },
  {
    "ID Number": "35826657"
  },
  {
    "ID Number": "5713811"
  },
  {
    "ID Number": "5738970"
  },
  {
    "ID Number": "5762790"
  },
  {
    "ID Number": "5713528"
  },
  {
    "ID Number": "5716667"
  },
  {
    "ID Number": "5754470"
  },
  {
    "ID Number": "5703808"
  },
  {
    "ID Number": "5747511"
  },
  {
    "ID Number": "5758408"
  },
  {
    "ID Number": "35824379"
  },
  {
    "ID Number": "35820608"
  },
  {
    "ID Number": "5728495"
  },
  {
    "ID Number": "5727413"
  },
  {
    "ID Number": "35834900"
  },
  {
    "ID Number": "5702615"
  },
  {
    "ID Number": "5729670"
  },
  {
    "ID Number": "35865830"
  },
  {
    "ID Number": "35865890"
  },
  {
    "ID Number": "5766079"
  },
  {
    "ID Number": "35852631"
  },
  {
    "ID Number": "5700264"
  },
  {
    "ID Number": "5717795"
  },
  {
    "ID Number": "5708478"
  },
  {
    "ID Number": "5735823"
  },
  {
    "ID Number": "5721288"
  },
  {
    "ID Number": "35848367"
  },
  {
    "ID Number": "35820080"
  },
  {
    "ID Number": "5724287"
  },
  {
    "ID Number": "35827300"
  },
  {
    "ID Number": "5700795"
  },
  {
    "ID Number": "5728541"
  },
  {
    "ID Number": "35883987"
  },
  {
    "ID Number": "35865024"
  },
  {
    "ID Number": "5761832"
  },
  {
    "ID Number": "5713978"
  },
  {
    "ID Number": "5714931"
  },
  {
    "ID Number": "5751535"
  },
  {
    "ID Number": "35829575"
  },
  {
    "ID Number": "35875534"
  },
  {
    "ID Number": "35821574"
  },
  {
    "ID Number": "5726689"
  },
  {
    "ID Number": "5799210"
  },
  {
    "ID Number": "5793513"
  },
  {
    "ID Number": "5718830"
  },
  {
    "ID Number": "5701791"
  },
  {
    "ID Number": "5740339"
  },
  {
    "ID Number": "5706955"
  },
  {
    "ID Number": "5712220"
  },
  {
    "ID Number": "5733910"
  },
  {
    "ID Number": "5704502"
  },
  {
    "ID Number": "35836970"
  },
  {
    "ID Number": "35808306"
  },
  {
    "ID Number": "5746159"
  },
  {
    "ID Number": "35887010"
  },
  {
    "ID Number": "35828790"
  },
  {
    "ID Number": "35826207"
  },
  {
    "ID Number": "35826193"
  },
  {
    "ID Number": "35811900"
  },
  {
    "ID Number": "35806630"
  },
  {
    "ID Number": "5797012"
  },
  {
    "ID Number": "5741700"
  },
  {
    "ID Number": "35874244"
  },
  {
    "ID Number": "5730171"
  },
  {
    "ID Number": "5744164"
  },
  {
    "ID Number": "5707790"
  },
  {
    "ID Number": "5795311"
  },
  {
    "ID Number": "5711770"
  },
  {
    "ID Number": "5721210"
  },
  {
    "ID Number": "5731704"
  },
  {
    "ID Number": "35824514"
  },
  {
    "ID Number": "35858605"
  },
  {
    "ID Number": "5731690"
  },
  {
    "ID Number": "5729831"
  },
  {
    "ID Number": "35806486"
  },
  {
    "ID Number": "5704111"
  },
  {
    "ID Number": "35809043"
  },
  {
    "ID Number": "5745144"
  },
  {
    "ID Number": "5709270"
  },
  {
    "ID Number": "5711819"
  },
  {
    "ID Number": "5708095"
  },
  {
    "ID Number": "35834277"
  },
  {
    "ID Number": "5757444"
  },
  {
    "ID Number": "5701449"
  },
  {
    "ID Number": "5745977"
  },
  {
    "ID Number": "35819049"
  },
  {
    "ID Number": "5730910"
  },
  {
    "ID Number": "5731283"
  },
  {
    "ID Number": "5726050"
  },
  {
    "ID Number": "35811510"
  },
  {
    "ID Number": "35830115"
  },
  {
    "ID Number": "35828269"
  },
  {
    "ID Number": "35828285"
  },
  {
    "ID Number": "5721881"
  },
  {
    "ID Number": "5735785"
  },
  {
    "ID Number": "5735157"
  },
  {
    "ID Number": "5735319"
  },
  {
    "ID Number": "5716705"
  },
  {
    "ID Number": "5716713"
  },
  {
    "ID Number": "5729793"
  },
  {
    "ID Number": "5729840"
  },
  {
    "ID Number": "5734088"
  },
  {
    "ID Number": "5761808"
  },
  {
    "ID Number": "35822643"
  },
  {
    "ID Number": "35830255"
  },
  {
    "ID Number": "5754844"
  },
  {
    "ID Number": "5756189"
  },
  {
    "ID Number": "5734096"
  },
  {
    "ID Number": "5792630"
  },
  {
    "ID Number": "5739314"
  },
  {
    "ID Number": "35858028"
  },
  {
    "ID Number": "35848952"
  },
  {
    "ID Number": "5743052"
  },
  {
    "ID Number": "5786657"
  },
  {
    "ID Number": "5761514"
  },
  {
    "ID Number": "5732212"
  },
  {
    "ID Number": "5703760"
  },
  {
    "ID Number": "5736218"
  },
  {
    "ID Number": "5798612"
  },
  {
    "ID Number": "35849070"
  },
  {
    "ID Number": "5737532"
  },
  {
    "ID Number": "5735262"
  },
  {
    "ID Number": "35820594"
  },
  {
    "ID Number": "5721598"
  },
  {
    "ID Number": "5781710"
  },
  {
    "ID Number": "35809248"
  },
  {
    "ID Number": "5752426"
  },
  {
    "ID Number": "5782538"
  },
  {
    "ID Number": "35867990"
  },
  {
    "ID Number": "5753473"
  },
  {
    "ID Number": "5783429"
  },
  {
    "ID Number": "5762774"
  },
  {
    "ID Number": "5703492"
  },
  {
    "ID Number": "5716349"
  },
  {
    "ID Number": "5759650"
  },
  {
    "ID Number": "5723078"
  },
  {
    "ID Number": "5749115"
  },
  {
    "ID Number": "35829001"
  },
  {
    "ID Number": "5724910"
  },
  {
    "ID Number": "5724937"
  },
  {
    "ID Number": "35857340"
  },
  {
    "ID Number": "35816694"
  },
  {
    "ID Number": "35858184"
  },
  {
    "ID Number": "5759374"
  },
  {
    "ID Number": "5704626"
  },
  {
    "ID Number": "5734606"
  },
  {
    "ID Number": "35854979"
  },
  {
    "ID Number": "5753082"
  },
  {
    "ID Number": "5740142"
  },
  {
    "ID Number": "35851384"
  },
  {
    "ID Number": "5735572"
  },
  {
    "ID Number": "5786746"
  },
  {
    "ID Number": "5702658"
  },
  {
    "ID Number": "5716730"
  },
  {
    "ID Number": "5765781"
  },
  {
    "ID Number": "35809582"
  },
  {
    "ID Number": "35868007"
  },
  {
    "ID Number": "5704294"
  },
  {
    "ID Number": "5713544"
  },
  {
    "ID Number": "5704308"
  },
  {
    "ID Number": "5735815"
  },
  {
    "ID Number": "5731470"
  },
  {
    "ID Number": "5735602"
  },
  {
    "ID Number": "5701864"
  },
  {
    "ID Number": "35862580"
  },
  {
    "ID Number": "5707846"
  },
  {
    "ID Number": "5795010"
  },
  {
    "ID Number": "35887508"
  },
  {
    "ID Number": "35863692"
  },
  {
    "ID Number": "35863994"
  },
  {
    "ID Number": "35864028"
  },
  {
    "ID Number": "35844558"
  },
  {
    "ID Number": "5796474"
  },
  {
    "ID Number": "5706700"
  },
  {
    "ID Number": "5723930"
  },
  {
    "ID Number": "35822490"
  },
  {
    "ID Number": "5784549"
  },
  {
    "ID Number": "35829044"
  },
  {
    "ID Number": "5754674"
  },
  {
    "ID Number": "35822902"
  },
  {
    "ID Number": "5733448"
  },
  {
    "ID Number": "5748070"
  },
  {
    "ID Number": "5748062"
  },
  {
    "ID Number": "5771579"
  },
  {
    "ID Number": "5702305"
  },
  {
    "ID Number": "35826401"
  },
  {
    "ID Number": "35832045"
  },
  {
    "ID Number": "5726140"
  },
  {
    "ID Number": "35879319"
  },
  {
    "ID Number": "5734975"
  },
  {
    "ID Number": "5701023"
  },
  {
    "ID Number": "5795125"
  },
  {
    "ID Number": "5783810"
  },
  {
    "ID Number": "35824794"
  },
  {
    "ID Number": "5737834"
  },
  {
    "ID Number": "5785014"
  },
  {
    "ID Number": "35832193"
  },
  {
    "ID Number": "35804807"
  },
  {
    "ID Number": "5702127"
  },
  {
    "ID Number": "5705983"
  },
  {
    "ID Number": "5714656"
  },
  {
    "ID Number": "5735254"
  },
  {
    "ID Number": "35871032"
  },
  {
    "ID Number": "35834110"
  },
  {
    "ID Number": "5760798"
  },
  {
    "ID Number": "5799031"
  },
  {
    "ID Number": "5774039"
  },
  {
    "ID Number": "35816147"
  },
  {
    "ID Number": "35867485"
  },
  {
    "ID Number": "35890576"
  },
  {
    "ID Number": "35827980"
  },
  {
    "ID Number": "5740797"
  },
  {
    "ID Number": "5702160"
  },
  {
    "ID Number": "5706017"
  },
  {
    "ID Number": "5764033"
  },
  {
    "ID Number": "5716110"
  },
  {
    "ID Number": "5721865"
  },
  {
    "ID Number": "5708516"
  },
  {
    "ID Number": "5727782"
  },
  {
    "ID Number": "5727227"
  },
  {
    "ID Number": "5727774"
  },
  {
    "ID Number": "5758157"
  },
  {
    "ID Number": "5744601"
  },
  {
    "ID Number": "35831472"
  },
  {
    "ID Number": "35820802"
  },
  {
    "ID Number": "35820810"
  },
  {
    "ID Number": "5762766"
  },
  {
    "ID Number": "5762758"
  },
  {
    "ID Number": "5788072"
  },
  {
    "ID Number": "5796377"
  },
  {
    "ID Number": "5773695"
  },
  {
    "ID Number": "35840404"
  },
  {
    "ID Number": "5706874"
  },
  {
    "ID Number": "5726972"
  },
  {
    "ID Number": "35852534"
  },
  {
    "ID Number": "35849053"
  },
  {
    "ID Number": "5737842"
  },
  {
    "ID Number": "5721172"
  },
  {
    "ID Number": "5721164"
  },
  {
    "ID Number": "35824476"
  },
  {
    "ID Number": "35833483"
  },
  {
    "ID Number": "5777917"
  },
  {
    "ID Number": "5740037"
  },
  {
    "ID Number": "5747163"
  },
  {
    "ID Number": "5713820"
  },
  {
    "ID Number": "35849487"
  },
  {
    "ID Number": "35849495"
  },
  {
    "ID Number": "35851260"
  },
  {
    "ID Number": "5726123"
  },
  {
    "ID Number": "5726131"
  },
  {
    "ID Number": "5716268"
  },
  {
    "ID Number": "35850566"
  },
  {
    "ID Number": "5716250"
  },
  {
    "ID Number": "5702178"
  },
  {
    "ID Number": "5707153"
  },
  {
    "ID Number": "5702720"
  },
  {
    "ID Number": "35819006"
  },
  {
    "ID Number": "35830760"
  },
  {
    "ID Number": "5760623"
  },
  {
    "ID Number": "5722772"
  },
  {
    "ID Number": "5723779"
  },
  {
    "ID Number": "5703581"
  },
  {
    "ID Number": "5794641"
  },
  {
    "ID Number": "35847743"
  },
  {
    "ID Number": "35849630"
  },
  {
    "ID Number": "5713900"
  },
  {
    "ID Number": "35819456"
  },
  {
    "ID Number": "35811552"
  },
  {
    "ID Number": "5736129"
  },
  {
    "ID Number": "5704421"
  },
  {
    "ID Number": "5707250"
  },
  {
    "ID Number": "5750555"
  },
  {
    "ID Number": "5798213"
  },
  {
    "ID Number": "5783151"
  },
  {
    "ID Number": "35842091"
  },
  {
    "ID Number": "5774241"
  },
  {
    "ID Number": "5717108"
  },
  {
    "ID Number": "5703999"
  },
  {
    "ID Number": "5782759"
  },
  {
    "ID Number": "5777356"
  },
  {
    "ID Number": "5704448"
  },
  {
    "ID Number": "35889551"
  },
  {
    "ID Number": "35823798"
  },
  {
    "ID Number": "5710413"
  },
  {
    "ID Number": "5721148"
  },
  {
    "ID Number": "5718210"
  },
  {
    "ID Number": "5701970"
  },
  {
    "ID Number": "5737850"
  },
  {
    "ID Number": "35852216"
  },
  {
    "ID Number": "5747503"
  },
  {
    "ID Number": "5704820"
  },
  {
    "ID Number": "5744296"
  },
  {
    "ID Number": "5730163"
  },
  {
    "ID Number": "5737869"
  },
  {
    "ID Number": "35836318"
  },
  {
    "ID Number": "5734290"
  },
  {
    "ID Number": "35835630"
  },
  {
    "ID Number": "5708990"
  },
  {
    "ID Number": "35825936"
  },
  {
    "ID Number": "5702216"
  },
  {
    "ID Number": "5772583"
  },
  {
    "ID Number": "35823887"
  },
  {
    "ID Number": "5786550"
  },
  {
    "ID Number": "5721989"
  },
  {
    "ID Number": "5726719"
  },
  {
    "ID Number": "5704138"
  },
  {
    "ID Number": "35835400"
  },
  {
    "ID Number": "35821868"
  },
  {
    "ID Number": "5719003"
  },
  {
    "ID Number": "5718996"
  },
  {
    "ID Number": "35874260"
  },
  {
    "ID Number": "5772508"
  },
  {
    "ID Number": "35825480"
  },
  {
    "ID Number": "5734002"
  },
  {
    "ID Number": "5794056"
  },
  {
    "ID Number": "5717566"
  },
  {
    "ID Number": "5778972"
  },
  {
    "ID Number": "35820730"
  },
  {
    "ID Number": "35859695"
  },
  {
    "ID Number": "5784867"
  },
  {
    "ID Number": "35835230"
  },
  {
    "ID Number": "5707722"
  },
  {
    "ID Number": "5707714"
  },
  {
    "ID Number": "5783585"
  },
  {
    "ID Number": "5704723"
  },
  {
    "ID Number": "5749450"
  },
  {
    "ID Number": "5784816"
  },
  {
    "ID Number": "5749468"
  },
  {
    "ID Number": "5707277"
  },
  {
    "ID Number": "5723434"
  },
  {
    "ID Number": "35846372"
  },
  {
    "ID Number": "35842806"
  },
  {
    "ID Number": "35826096"
  },
  {
    "ID Number": "35820926"
  },
  {
    "ID Number": "5706882"
  },
  {
    "ID Number": "5730074"
  },
  {
    "ID Number": "5701279"
  },
  {
    "ID Number": "5736889"
  },
  {
    "ID Number": "5754682"
  },
  {
    "ID Number": "5782791"
  },
  {
    "ID Number": "35851023"
  },
  {
    "ID Number": "5715083"
  },
  {
    "ID Number": "5715091"
  },
  {
    "ID Number": "5714923"
  },
  {
    "ID Number": "5722560"
  },
  {
    "ID Number": "5750784"
  },
  {
    "ID Number": "5740045"
  },
  {
    "ID Number": "5701090"
  },
  {
    "ID Number": "35852240"
  },
  {
    "ID Number": "35858621"
  },
  {
    "ID Number": "5712653"
  },
  {
    "ID Number": "5716942"
  },
  {
    "ID Number": "35805862"
  },
  {
    "ID Number": "35823399"
  },
  {
    "ID Number": "5702224"
  },
  {
    "ID Number": "5788374"
  },
  {
    "ID Number": "5740975"
  },
  {
    "ID Number": "35831553"
  },
  {
    "ID Number": "5707625"
  },
  {
    "ID Number": "5718597"
  },
  {
    "ID Number": "5739870"
  },
  {
    "ID Number": "5747368"
  },
  {
    "ID Number": "35831332"
  },
  {
    "ID Number": "5777941"
  },
  {
    "ID Number": "5701643"
  },
  {
    "ID Number": "35822880"
  },
  {
    "ID Number": "5740827"
  },
  {
    "ID Number": "5796571"
  },
  {
    "ID Number": "35809361"
  },
  {
    "ID Number": "5754763"
  },
  {
    "ID Number": "35814284"
  },
  {
    "ID Number": "5755107"
  },
  {
    "ID Number": "5755115"
  },
  {
    "ID Number": "35861541"
  },
  {
    "ID Number": "35852186"
  },
  {
    "ID Number": "35852194"
  },
  {
    "ID Number": "5762715"
  },
  {
    "ID Number": "35825898"
  },
  {
    "ID Number": "5754500"
  },
  {
    "ID Number": "5748569"
  },
  {
    "ID Number": "35843438"
  },
  {
    "ID Number": "5700523"
  },
  {
    "ID Number": "5700698"
  },
  {
    "ID Number": "5716772"
  },
  {
    "ID Number": "5715857"
  },
  {
    "ID Number": "35888393"
  },
  {
    "ID Number": "5794226"
  },
  {
    "ID Number": "5784654"
  },
  {
    "ID Number": "35874970"
  },
  {
    "ID Number": "5701813"
  },
  {
    "ID Number": "5773733"
  },
  {
    "ID Number": "5773725"
  },
  {
    "ID Number": "5716780"
  },
  {
    "ID Number": "35823097"
  },
  {
    "ID Number": "35863960"
  },
  {
    "ID Number": "5705177"
  },
  {
    "ID Number": "5745594"
  },
  {
    "ID Number": "5783593"
  },
  {
    "ID Number": "5711975"
  },
  {
    "ID Number": "5749522"
  },
  {
    "ID Number": "5722349"
  },
  {
    "ID Number": "5782627"
  },
  {
    "ID Number": "35809949"
  },
  {
    "ID Number": "5704715"
  },
  {
    "ID Number": "35852232"
  },
  {
    "ID Number": "5726166"
  },
  {
    "ID Number": "5713129"
  },
  {
    "ID Number": "5710804"
  },
  {
    "ID Number": "35834439"
  },
  {
    "ID Number": "5750717"
  },
  {
    "ID Number": "35843527"
  },
  {
    "ID Number": "35820934"
  },
  {
    "ID Number": "5736170"
  },
  {
    "ID Number": "5730821"
  },
  {
    "ID Number": "5729874"
  },
  {
    "ID Number": "35806036"
  },
  {
    "ID Number": "35857323"
  },
  {
    "ID Number": "5731305"
  },
  {
    "ID Number": "35821710"
  },
  {
    "ID Number": "35821698"
  },
  {
    "ID Number": "5707684"
  },
  {
    "ID Number": "5715105"
  },
  {
    "ID Number": "35831014"
  },
  {
    "ID Number": "35822520"
  },
  {
    "ID Number": "5703654"
  },
  {
    "ID Number": "5701872"
  },
  {
    "ID Number": "5715199"
  },
  {
    "ID Number": "5712262"
  },
  {
    "ID Number": "5736072"
  },
  {
    "ID Number": "35829540"
  },
  {
    "ID Number": "35808691"
  },
  {
    "ID Number": "35820896"
  },
  {
    "ID Number": "5715202"
  },
  {
    "ID Number": "35834579"
  },
  {
    "ID Number": "5702860"
  },
  {
    "ID Number": "35889152"
  },
  {
    "ID Number": "5702682"
  },
  {
    "ID Number": "5741742"
  },
  {
    "ID Number": "5709873"
  },
  {
    "ID Number": "5712297"
  },
  {
    "ID Number": "35827041"
  },
  {
    "ID Number": "35854634"
  },
  {
    "ID Number": "5702895"
  },
  {
    "ID Number": "35835621"
  },
  {
    "ID Number": "5798329"
  },
  {
    "ID Number": "5739020"
  },
  {
    "ID Number": "35824280"
  },
  {
    "ID Number": "5729270"
  },
  {
    "ID Number": "35838582"
  },
  {
    "ID Number": "5730309"
  },
  {
    "ID Number": "5714893"
  },
  {
    "ID Number": "5714907"
  },
  {
    "ID Number": "5798744"
  },
  {
    "ID Number": "5766052"
  },
  {
    "ID Number": "5793998"
  },
  {
    "ID Number": "5790190"
  },
  {
    "ID Number": "5790182"
  },
  {
    "ID Number": "5737940"
  },
  {
    "ID Number": "35824921"
  },
  {
    "ID Number": "5736960"
  },
  {
    "ID Number": "35874546"
  },
  {
    "ID Number": "35807563"
  },
  {
    "ID Number": "35807539"
  },
  {
    "ID Number": "5777615"
  },
  {
    "ID Number": "5701171"
  },
  {
    "ID Number": "5740177"
  },
  {
    "ID Number": "5706378"
  },
  {
    "ID Number": "5747813"
  },
  {
    "ID Number": "5747830"
  },
  {
    "ID Number": "5739322"
  },
  {
    "ID Number": "5748267"
  },
  {
    "ID Number": "35810971"
  },
  {
    "ID Number": "5785030"
  },
  {
    "ID Number": "35843500"
  },
  {
    "ID Number": "5702119"
  },
  {
    "ID Number": "5701678"
  },
  {
    "ID Number": "5771269"
  },
  {
    "ID Number": "35842563"
  },
  {
    "ID Number": "5716799"
  },
  {
    "ID Number": "5718821"
  },
  {
    "ID Number": "5714699"
  },
  {
    "ID Number": "5700558"
  },
  {
    "ID Number": "5700469"
  },
  {
    "ID Number": "5711533"
  },
  {
    "ID Number": "5752400"
  },
  {
    "ID Number": "5788803"
  },
  {
    "ID Number": "5775337"
  },
  {
    "ID Number": "5793300"
  },
  {
    "ID Number": "5722624"
  },
  {
    "ID Number": "35814381"
  },
  {
    "ID Number": "5797446"
  },
  {
    "ID Number": "35814390"
  },
  {
    "ID Number": "35841850"
  },
  {
    "ID Number": "5737010"
  },
  {
    "ID Number": "35813490"
  },
  {
    "ID Number": "5732344"
  },
  {
    "ID Number": "5718902"
  },
  {
    "ID Number": "5734703"
  },
  {
    "ID Number": "5717701"
  },
  {
    "ID Number": "5723787"
  },
  {
    "ID Number": "5706408"
  },
  {
    "ID Number": "5702593"
  },
  {
    "ID Number": "5704154"
  },
  {
    "ID Number": "5718058"
  },
  {
    "ID Number": "5718066"
  },
  {
    "ID Number": "5717000"
  },
  {
    "ID Number": "5702887"
  }
]