[
  {
    "ID Number": "22003290"
  },
  {
    "ID Number": "22003320"
  },
  {
    "ID Number": "22004548"
  },
  {
    "ID Number": "22003266"
  },
  {
    "ID Number": "22000160"
  },
  {
    "ID Number": "22003282"
  },
  {
    "ID Number": "22003339"
  },
  {
    "ID Number": "22003312"
  },
  {
    "ID Number": "22003274"
  },
  {
    "ID Number": "22003355"
  },
  {
    "ID Number": "22007733"
  },
  {
    "ID Number": "22006095"
  },
  {
    "ID Number": "22022996"
  },
  {
    "ID Number": "22028390"
  },
  {
    "ID Number": "22000178"
  },
  {
    "ID Number": "22000135"
  },
  {
    "ID Number": "22004670"
  }
]