[
  {
    "ID Number": "3002330"
  },
  {
    "ID Number": "3006255"
  },
  {
    "ID Number": "3014118"
  },
  {
    "ID Number": "3002411"
  },
  {
    "ID Number": "3013170"
  },
  {
    "ID Number": "3024091"
  },
  {
    "ID Number": "3020274"
  },
  {
    "ID Number": "3000648"
  },
  {
    "ID Number": "3003361"
  },
  {
    "ID Number": "3009254"
  },
  {
    "ID Number": "3004449"
  },
  {
    "ID Number": "3006689"
  },
  {
    "ID Number": "3001474"
  },
  {
    "ID Number": "3011577"
  },
  {
    "ID Number": "3015963"
  },
  {
    "ID Number": "3015815"
  },
  {
    "ID Number": "3001130"
  },
  {
    "ID Number": "3002462"
  },
  {
    "ID Number": "3009602"
  },
  {
    "ID Number": "3002047"
  },
  {
    "ID Number": "3017613"
  },
  {
    "ID Number": "3033759"
  },
  {
    "ID Number": "3003116"
  },
  {
    "ID Number": "3012590"
  },
  {
    "ID Number": "3003515"
  },
  {
    "ID Number": "3003590"
  },
  {
    "ID Number": "3014002"
  },
  {
    "ID Number": "3013685"
  },
  {
    "ID Number": "3022960"
  },
  {
    "ID Number": "3022951"
  },
  {
    "ID Number": "3009947"
  },
  {
    "ID Number": "3014312"
  },
  {
    "ID Number": "3006387"
  },
  {
    "ID Number": "3007510"
  },
  {
    "ID Number": "3007529"
  },
  {
    "ID Number": "3007537"
  },
  {
    "ID Number": "3009378"
  },
  {
    "ID Number": "3009173"
  },
  {
    "ID Number": "3017729"
  },
  {
    "ID Number": "3006646"
  },
  {
    "ID Number": "3009262"
  },
  {
    "ID Number": "3002403"
  },
  {
    "ID Number": "3008207"
  },
  {
    "ID Number": "3001199"
  },
  {
    "ID Number": "3002624"
  },
  {
    "ID Number": "3016102"
  },
  {
    "ID Number": "3016668"
  },
  {
    "ID Number": "3004597"
  },
  {
    "ID Number": "3000389"
  },
  {
    "ID Number": "3002837"
  },
  {
    "ID Number": "3006735"
  },
  {
    "ID Number": "3015939"
  },
  {
    "ID Number": "3016242"
  },
  {
    "ID Number": "3029590"
  },
  {
    "ID Number": "3002667"
  },
  {
    "ID Number": "3009815"
  },
  {
    "ID Number": "3012301"
  },
  {
    "ID Number": "3010422"
  },
  {
    "ID Number": "3001423"
  },
  {
    "ID Number": "3005011"
  },
  {
    "ID Number": "3017273"
  },
  {
    "ID Number": "3017974"
  },
  {
    "ID Number": "3008568"
  },
  {
    "ID Number": "3008398"
  },
  {
    "ID Number": "3008967"
  },
  {
    "ID Number": "3022838"
  },
  {
    "ID Number": "3004694"
  },
  {
    "ID Number": "3010511"
  },
  {
    "ID Number": "3024865"
  },
  {
    "ID Number": "3000567"
  },
  {
    "ID Number": "3009963"
  },
  {
    "ID Number": "3006018"
  },
  {
    "ID Number": "3012450"
  },
  {
    "ID Number": "3033678"
  },
  {
    "ID Number": "3000907"
  },
  {
    "ID Number": "3009688"
  },
  {
    "ID Number": "3018938"
  },
  {
    "ID Number": "3022722"
  },
  {
    "ID Number": "3010392"
  },
  {
    "ID Number": "3032809"
  },
  {
    "ID Number": "3000060"
  },
  {
    "ID Number": "3002675"
  },
  {
    "ID Number": "3002551"
  },
  {
    "ID Number": "3000443"
  },
  {
    "ID Number": "3002853"
  },
  {
    "ID Number": "3002861"
  },
  {
    "ID Number": "3015190"
  },
  {
    "ID Number": "3007286"
  },
  {
    "ID Number": "3003108"
  },
  {
    "ID Number": "3011348"
  },
  {
    "ID Number": "3001970"
  },
  {
    "ID Number": "3002616"
  },
  {
    "ID Number": "3005151"
  },
  {
    "ID Number": "3018580"
  },
  {
    "ID Number": "3010996"
  },
  {
    "ID Number": "3010597"
  },
  {
    "ID Number": "3006549"
  },
  {
    "ID Number": "3015203"
  },
  {
    "ID Number": "3001849"
  },
  {
    "ID Number": "3009556"
  },
  {
    "ID Number": "3008290"
  },
  {
    "ID Number": "3000214"
  },
  {
    "ID Number": "3011321"
  },
  {
    "ID Number": "3005054"
  },
  {
    "ID Number": "3006859"
  },
  {
    "ID Number": "3000672"
  },
  {
    "ID Number": "3011860"
  },
  {
    "ID Number": "3011410"
  },
  {
    "ID Number": "3012743"
  },
  {
    "ID Number": "3016471"
  },
  {
    "ID Number": "3016463"
  },
  {
    "ID Number": "3016480"
  },
  {
    "ID Number": "3018148"
  },
  {
    "ID Number": "3004058"
  },
  {
    "ID Number": "3011224"
  },
  {
    "ID Number": "3000346"
  },
  {
    "ID Number": "3000397"
  },
  {
    "ID Number": "3000931"
  },
  {
    "ID Number": "3005984"
  },
  {
    "ID Number": "3010538"
  },
  {
    "ID Number": "3026833"
  },
  {
    "ID Number": "3006409"
  },
  {
    "ID Number": "3005046"
  },
  {
    "ID Number": "3009653"
  },
  {
    "ID Number": "3000362"
  },
  {
    "ID Number": "3007979"
  },
  {
    "ID Number": "3029620"
  },
  {
    "ID Number": "3015483"
  },
  {
    "ID Number": "3010953"
  },
  {
    "ID Number": "3005585"
  },
  {
    "ID Number": "3001814"
  },
  {
    "ID Number": "2236494"
  },
  {
    "ID Number": "3013391"
  },
  {
    "ID Number": "3005801"
  },
  {
    "ID Number": "3008983"
  },
  {
    "ID Number": "3004155"
  },
  {
    "ID Number": "3005810"
  },
  {
    "ID Number": "3015467"
  },
  {
    "ID Number": "3001644"
  },
  {
    "ID Number": "3023273"
  },
  {
    "ID Number": "3019276"
  },
  {
    "ID Number": "3018385"
  },
  {
    "ID Number": "3001296"
  },
  {
    "ID Number": "3001059"
  },
  {
    "ID Number": "3003612"
  },
  {
    "ID Number": "3011909"
  },
  {
    "ID Number": "3009130"
  },
  {
    "ID Number": "3034020"
  },
  {
    "ID Number": "3003094"
  },
  {
    "ID Number": "3000109"
  },
  {
    "ID Number": "3001580"
  },
  {
    "ID Number": "3010783"
  },
  {
    "ID Number": "3006204"
  },
  {
    "ID Number": "3016110"
  },
  {
    "ID Number": "3002179"
  },
  {
    "ID Number": "3008371"
  },
  {
    "ID Number": "3001733"
  },
  {
    "ID Number": "3013995"
  },
  {
    "ID Number": "3012905"
  },
  {
    "ID Number": "3007936"
  },
  {
    "ID Number": "3009874"
  },
  {
    "ID Number": "3006085"
  },
  {
    "ID Number": "3004457"
  },
  {
    "ID Number": "3017966"
  },
  {
    "ID Number": "3010090"
  },
  {
    "ID Number": "3012344"
  },
  {
    "ID Number": "3002225"
  },
  {
    "ID Number": "3001890"
  },
  {
    "ID Number": "3005275"
  },
  {
    "ID Number": "3012751"
  },
  {
    "ID Number": "3000311"
  },
  {
    "ID Number": "3002055"
  },
  {
    "ID Number": "3019284"
  },
  {
    "ID Number": "3010805"
  },
  {
    "ID Number": "3017176"
  },
  {
    "ID Number": "3006417"
  },
  {
    "ID Number": "3004511"
  },
  {
    "ID Number": "3019314"
  },
  {
    "ID Number": "3010228"
  },
  {
    "ID Number": "3008533"
  },
  {
    "ID Number": "3002772"
  },
  {
    "ID Number": "3007308"
  },
  {
    "ID Number": "3008681"
  },
  {
    "ID Number": "3001725"
  },
  {
    "ID Number": "3010767"
  },
  {
    "ID Number": "3003639"
  },
  {
    "ID Number": "3002268"
  },
  {
    "ID Number": "3004961"
  },
  {
    "ID Number": "3013812"
  },
  {
    "ID Number": "3010902"
  },
  {
    "ID Number": "3007944"
  },
  {
    "ID Number": "3003574"
  },
  {
    "ID Number": "3007090"
  },
  {
    "ID Number": "3008614"
  },
  {
    "ID Number": "3020185"
  },
  {
    "ID Number": "3004821"
  },
  {
    "ID Number": "3003310"
  },
  {
    "ID Number": "3005267"
  },
  {
    "ID Number": "3019292"
  },
  {
    "ID Number": "3020851"
  },
  {
    "ID Number": "3001415"
  },
  {
    "ID Number": "3016790"
  },
  {
    "ID Number": "3000699"
  },
  {
    "ID Number": "3021076"
  },
  {
    "ID Number": "3001822"
  },
  {
    "ID Number": "3017915"
  },
  {
    "ID Number": "3029301"
  },
  {
    "ID Number": "3001717"
  },
  {
    "ID Number": "3010856"
  },
  {
    "ID Number": "3001091"
  },
  {
    "ID Number": "3000834"
  },
  {
    "ID Number": "3005836"
  },
  {
    "ID Number": "3007774"
  },
  {
    "ID Number": "3005666"
  },
  {
    "ID Number": "3009440"
  },
  {
    "ID Number": "3018750"
  },
  {
    "ID Number": "3014258"
  },
  {
    "ID Number": "3029123"
  },
  {
    "ID Number": "3000524"
  },
  {
    "ID Number": "3022595"
  },
  {
    "ID Number": "3008940"
  },
  {
    "ID Number": "3000702"
  },
  {
    "ID Number": "3005682"
  },
  {
    "ID Number": "3006433"
  },
  {
    "ID Number": "3033295"
  },
  {
    "ID Number": "3002080"
  },
  {
    "ID Number": "3000621"
  },
  {
    "ID Number": "3006166"
  },
  {
    "ID Number": "3000400"
  },
  {
    "ID Number": "3011399"
  },
  {
    "ID Number": "3017249"
  },
  {
    "ID Number": "3021084"
  },
  {
    "ID Number": "3005445"
  },
  {
    "ID Number": "3000940"
  },
  {
    "ID Number": "3015270"
  },
  {
    "ID Number": "3001563"
  },
  {
    "ID Number": "3001440"
  },
  {
    "ID Number": "3005186"
  },
  {
    "ID Number": "3002527"
  },
  {
    "ID Number": "3018849"
  },
  {
    "ID Number": "3000273"
  },
  {
    "ID Number": "3000290"
  },
  {
    "ID Number": "3011178"
  },
  {
    "ID Number": "3006093"
  },
  {
    "ID Number": "3011739"
  },
  {
    "ID Number": "3013197"
  },
  {
    "ID Number": "3011488"
  },
  {
    "ID Number": "3029190"
  },
  {
    "ID Number": "3028569"
  },
  {
    "ID Number": "3029751"
  },
  {
    "ID Number": "3028240"
  },
  {
    "ID Number": "3003973"
  },
  {
    "ID Number": "3007316"
  },
  {
    "ID Number": "3029565"
  },
  {
    "ID Number": "3002586"
  },
  {
    "ID Number": "3000737"
  },
  {
    "ID Number": "3013081"
  },
  {
    "ID Number": "3018644"
  },
  {
    "ID Number": "3007391"
  },
  {
    "ID Number": "3009629"
  },
  {
    "ID Number": "3016692"
  },
  {
    "ID Number": "104019"
  },
  {
    "ID Number": "3014894"
  },
  {
    "ID Number": "3009904"
  },
  {
    "ID Number": "3018040"
  },
  {
    "ID Number": "3001393"
  },
  {
    "ID Number": "3011992"
  },
  {
    "ID Number": "3022420"
  },
  {
    "ID Number": "3026728"
  },
  {
    "ID Number": "3014290"
  },
  {
    "ID Number": "3002993"
  },
  {
    "ID Number": "3004600"
  },
  {
    "ID Number": "3005178"
  },
  {
    "ID Number": "3015041"
  },
  {
    "ID Number": "3000303"
  },
  {
    "ID Number": "3002470"
  },
  {
    "ID Number": "3005240"
  },
  {
    "ID Number": "3029239"
  },
  {
    "ID Number": "3010759"
  },
  {
    "ID Number": "3007448"
  },
  {
    "ID Number": "3013952"
  },
  {
    "ID Number": "3014339"
  },
  {
    "ID Number": "3035514"
  },
  {
    "ID Number": "3001270"
  },
  {
    "ID Number": "3009670"
  },
  {
    "ID Number": "3024296"
  },
  {
    "ID Number": "3000150"
  },
  {
    "ID Number": "3011275"
  },
  {
    "ID Number": "3004970"
  },
  {
    "ID Number": "3017141"
  },
  {
    "ID Number": "3011780"
  },
  {
    "ID Number": "3000320"
  },
  {
    "ID Number": "3023680"
  },
  {
    "ID Number": "3029379"
  },
  {
    "ID Number": "3000176"
  },
  {
    "ID Number": "3014800"
  },
  {
    "ID Number": "3007324"
  },
  {
    "ID Number": "3011186"
  },
  {
    "ID Number": "3008932"
  },
  {
    "ID Number": "3005690"
  },
  {
    "ID Number": "3031845"
  },
  {
    "ID Number": "3009467"
  },
  {
    "ID Number": "3002888"
  },
  {
    "ID Number": "3005992"
  },
  {
    "ID Number": "3005593"
  },
  {
    "ID Number": "3000710"
  },
  {
    "ID Number": "3009980"
  },
  {
    "ID Number": "3009572"
  },
  {
    "ID Number": "3019268"
  },
  {
    "ID Number": "3022765"
  },
  {
    "ID Number": "3020010"
  },
  {
    "ID Number": "3032795"
  },
  {
    "ID Number": "3010635"
  },
  {
    "ID Number": "3020223"
  },
  {
    "ID Number": "3003914"
  },
  {
    "ID Number": "3017923"
  },
  {
    "ID Number": "3033279"
  },
  {
    "ID Number": "3002713"
  },
  {
    "ID Number": "3008304"
  },
  {
    "ID Number": "3002705"
  },
  {
    "ID Number": "3013707"
  },
  {
    "ID Number": "3008177"
  },
  {
    "ID Number": "3018547"
  },
  {
    "ID Number": "3021068"
  },
  {
    "ID Number": "3012999"
  },
  {
    "ID Number": "3008088"
  },
  {
    "ID Number": "3020738"
  },
  {
    "ID Number": "3020649"
  },
  {
    "ID Number": "3034763"
  },
  {
    "ID Number": "3003060"
  },
  {
    "ID Number": "3009912"
  },
  {
    "ID Number": "3023559"
  },
  {
    "ID Number": "3007820"
  },
  {
    "ID Number": "3015955"
  },
  {
    "ID Number": "3001741"
  },
  {
    "ID Number": "3008380"
  },
  {
    "ID Number": "3000958"
  },
  {
    "ID Number": "3023788"
  },
  {
    "ID Number": "3004830"
  },
  {
    "ID Number": "3026744"
  },
  {
    "ID Number": "3014738"
  },
  {
    "ID Number": "3013928"
  },
  {
    "ID Number": "3004635"
  },
  {
    "ID Number": "3003477"
  },
  {
    "ID Number": "3012204"
  },
  {
    "ID Number": "3008134"
  },
  {
    "ID Number": "3008703"
  },
  {
    "ID Number": "3002896"
  },
  {
    "ID Number": "3001105"
  },
  {
    "ID Number": "171620"
  },
  {
    "ID Number": "3012980"
  },
  {
    "ID Number": "3017788"
  },
  {
    "ID Number": "3010287"
  },
  {
    "ID Number": "3008630"
  },
  {
    "ID Number": "3000435"
  },
  {
    "ID Number": "3004988"
  },
  {
    "ID Number": "3033651"
  },
  {
    "ID Number": "3000869"
  },
  {
    "ID Number": "3000206"
  },
  {
    "ID Number": "3002365"
  },
  {
    "ID Number": "3010406"
  },
  {
    "ID Number": "3009327"
  },
  {
    "ID Number": "3004848"
  },
  {
    "ID Number": "3015408"
  },
  {
    "ID Number": "3012409"
  },
  {
    "ID Number": "3011453"
  },
  {
    "ID Number": "3009270"
  },
  {
    "ID Number": "3016382"
  },
  {
    "ID Number": "3003337"
  },
  {
    "ID Number": "3000460"
  },
  {
    "ID Number": "3000532"
  },
  {
    "ID Number": "3011674"
  },
  {
    "ID Number": "3002721"
  },
  {
    "ID Number": "3015866"
  },
  {
    "ID Number": "3012514"
  },
  {
    "ID Number": "3012530"
  },
  {
    "ID Number": "3012891"
  },
  {
    "ID Number": "3018423"
  },
  {
    "ID Number": "3012077"
  },
  {
    "ID Number": "3027384"
  },
  {
    "ID Number": "3003396"
  },
  {
    "ID Number": "3020401"
  },
  {
    "ID Number": "3018059"
  },
  {
    "ID Number": "3006778"
  },
  {
    "ID Number": "3006069"
  },
  {
    "ID Number": "3016145"
  },
  {
    "ID Number": "3019675"
  },
  {
    "ID Number": "3005615"
  },
  {
    "ID Number": "3016064"
  },
  {
    "ID Number": "3004422"
  },
  {
    "ID Number": "3020134"
  },
  {
    "ID Number": "3017222"
  },
  {
    "ID Number": "3010848"
  },
  {
    "ID Number": "3000966"
  },
  {
    "ID Number": "3024288"
  },
  {
    "ID Number": "3009505"
  },
  {
    "ID Number": "3000494"
  },
  {
    "ID Number": "3006379"
  },
  {
    "ID Number": "3002063"
  },
  {
    "ID Number": "3017010"
  },
  {
    "ID Number": "3023648"
  },
  {
    "ID Number": "3007812"
  },
  {
    "ID Number": "3004872"
  },
  {
    "ID Number": "3006328"
  },
  {
    "ID Number": "3000478"
  },
  {
    "ID Number": "3003167"
  },
  {
    "ID Number": "3026809"
  },
  {
    "ID Number": "3002918"
  },
  {
    "ID Number": "3016870"
  },
  {
    "ID Number": "3002284"
  },
  {
    "ID Number": "3010554"
  },
  {
    "ID Number": "3003507"
  },
  {
    "ID Number": "3004538"
  },
  {
    "ID Number": "3002691"
  },
  {
    "ID Number": "3002071"
  },
  {
    "ID Number": "3013987"
  },
  {
    "ID Number": "3000842"
  },
  {
    "ID Number": "3001458"
  },
  {
    "ID Number": "3033724"
  },
  {
    "ID Number": "3010643"
  },
  {
    "ID Number": "3005160"
  },
  {
    "ID Number": "3020657"
  },
  {
    "ID Number": "3017630"
  },
  {
    "ID Number": "3019152"
  },
  {
    "ID Number": "3015319"
  },
  {
    "ID Number": "1227882"
  },
  {
    "ID Number": "3000044"
  },
  {
    "ID Number": "3000257"
  },
  {
    "ID Number": "3001610"
  },
  {
    "ID Number": "3014533"
  },
  {
    "ID Number": "3001709"
  },
  {
    "ID Number": "3009114"
  },
  {
    "ID Number": "3012247"
  },
  {
    "ID Number": "3003035"
  },
  {
    "ID Number": "3000877"
  },
  {
    "ID Number": "3001830"
  },
  {
    "ID Number": "3018954"
  },
  {
    "ID Number": "3011062"
  },
  {
    "ID Number": "3009530"
  },
  {
    "ID Number": "3004139"
  },
  {
    "ID Number": "3001636"
  },
  {
    "ID Number": "3005887"
  },
  {
    "ID Number": "3024830"
  },
  {
    "ID Number": "3006700"
  },
  {
    "ID Number": "3028607"
  },
  {
    "ID Number": "3000222"
  },
  {
    "ID Number": "3010651"
  },
  {
    "ID Number": "3014541"
  },
  {
    "ID Number": "3009394"
  },
  {
    "ID Number": "3001750"
  },
  {
    "ID Number": "3003000"
  },
  {
    "ID Number": "3000508"
  },
  {
    "ID Number": "3004546"
  },
  {
    "ID Number": "3001520"
  },
  {
    "ID Number": "3034496"
  },
  {
    "ID Number": "3010260"
  },
  {
    "ID Number": "3015777"
  },
  {
    "ID Number": "3036065"
  },
  {
    "ID Number": "3004228"
  },
  {
    "ID Number": "3006042"
  },
  {
    "ID Number": "3014126"
  },
  {
    "ID Number": "3019160"
  },
  {
    "ID Number": "3021793"
  },
  {
    "ID Number": "3011070"
  },
  {
    "ID Number": "3008126"
  },
  {
    "ID Number": "3006948"
  },
  {
    "ID Number": "3002357"
  },
  {
    "ID Number": "3011364"
  },
  {
    "ID Number": "3006450"
  },
  {
    "ID Number": "3029310"
  },
  {
    "ID Number": "3008045"
  },
  {
    "ID Number": "3000796"
  },
  {
    "ID Number": "3000818"
  },
  {
    "ID Number": "3003558"
  },
  {
    "ID Number": "3014274"
  },
  {
    "ID Number": "3020681"
  },
  {
    "ID Number": "3003809"
  },
  {
    "ID Number": "3000850"
  },
  {
    "ID Number": "3004325"
  },
  {
    "ID Number": "3016633"
  },
  {
    "ID Number": "3001318"
  },
  {
    "ID Number": "3018300"
  },
  {
    "ID Number": "3009335"
  },
  {
    "ID Number": "3017478"
  },
  {
    "ID Number": "3020169"
  },
  {
    "ID Number": "3022986"
  },
  {
    "ID Number": "3004082"
  },
  {
    "ID Number": "3013006"
  },
  {
    "ID Number": "3003930"
  },
  {
    "ID Number": "3022773"
  },
  {
    "ID Number": "3004880"
  },
  {
    "ID Number": "3010740"
  },
  {
    "ID Number": "3000117"
  },
  {
    "ID Number": "3007570"
  },
  {
    "ID Number": "3009785"
  },
  {
    "ID Number": "3004066"
  },
  {
    "ID Number": "3002195"
  },
  {
    "ID Number": "3009580"
  },
  {
    "ID Number": "3002543"
  },
  {
    "ID Number": "3007170"
  },
  {
    "ID Number": "3007189"
  },
  {
    "ID Number": "3001555"
  },
  {
    "ID Number": "3002780"
  },
  {
    "ID Number": "3015009"
  },
  {
    "ID Number": "3017435"
  },
  {
    "ID Number": "3014525"
  },
  {
    "ID Number": "3004015"
  },
  {
    "ID Number": "3015289"
  },
  {
    "ID Number": "3005895"
  },
  {
    "ID Number": "3011569"
  },
  {
    "ID Number": "3014037"
  },
  {
    "ID Number": "3006182"
  },
  {
    "ID Number": "3002373"
  },
  {
    "ID Number": "3003663"
  },
  {
    "ID Number": "3028518"
  },
  {
    "ID Number": "3000559"
  },
  {
    "ID Number": "3024113"
  },
  {
    "ID Number": "3005704"
  },
  {
    "ID Number": "32038500"
  },
  {
    "ID Number": "3032388"
  },
  {
    "ID Number": "3019187"
  },
  {
    "ID Number": "3007715"
  },
  {
    "ID Number": "3005216"
  },
  {
    "ID Number": "3017036"
  },
  {
    "ID Number": "3016994"
  },
  {
    "ID Number": "3008851"
  },
  {
    "ID Number": "4675789"
  },
  {
    "ID Number": "3026841"
  },
  {
    "ID Number": "3002497"
  },
  {
    "ID Number": "3015084"
  },
  {
    "ID Number": "3000265"
  },
  {
    "ID Number": "3021106"
  },
  {
    "ID Number": "3009408"
  },
  {
    "ID Number": "3003370"
  },
  {
    "ID Number": "3016803"
  },
  {
    "ID Number": "3005755"
  },
  {
    "ID Number": "3001571"
  },
  {
    "ID Number": "3015130"
  },
  {
    "ID Number": "3018180"
  },
  {
    "ID Number": "3000800"
  },
  {
    "ID Number": "3004333"
  },
  {
    "ID Number": "3001490"
  },
  {
    "ID Number": "3009742"
  },
  {
    "ID Number": "3003671"
  },
  {
    "ID Number": "3001156"
  },
  {
    "ID Number": "3011941"
  },
  {
    "ID Number": "3026922"
  },
  {
    "ID Number": "3008193"
  },
  {
    "ID Number": "103373"
  },
  {
    "ID Number": "3010210"
  },
  {
    "ID Number": "3007340"
  },
  {
    "ID Number": "3005640"
  },
  {
    "ID Number": "3016536"
  },
  {
    "ID Number": "3006719"
  },
  {
    "ID Number": "3007120"
  },
  {
    "ID Number": "3030881"
  },
  {
    "ID Number": "3011240"
  },
  {
    "ID Number": "3017281"
  },
  {
    "ID Number": "3012263"
  },
  {
    "ID Number": "3005577"
  },
  {
    "ID Number": "3009831"
  },
  {
    "ID Number": "3005003"
  },
  {
    "ID Number": "3003043"
  },
  {
    "ID Number": "3018032"
  },
  {
    "ID Number": "3019012"
  },
  {
    "ID Number": "3008835"
  },
  {
    "ID Number": "3008606"
  },
  {
    "ID Number": "3002101"
  },
  {
    "ID Number": "3028992"
  },
  {
    "ID Number": "3014193"
  },
  {
    "ID Number": "3001539"
  },
  {
    "ID Number": "3012352"
  },
  {
    "ID Number": "3001768"
  },
  {
    "ID Number": "3008401"
  },
  {
    "ID Number": "3000486"
  },
  {
    "ID Number": "3033686"
  },
  {
    "ID Number": "3001253"
  },
  {
    "ID Number": "3005135"
  },
  {
    "ID Number": "3020584"
  },
  {
    "ID Number": "3002250"
  },
  {
    "ID Number": "3001326"
  },
  {
    "ID Number": "3014096"
  },
  {
    "ID Number": "3023630"
  },
  {
    "ID Number": "3017125"
  },
  {
    "ID Number": "3009106"
  },
  {
    "ID Number": "3005712"
  },
  {
    "ID Number": "3000923"
  },
  {
    "ID Number": "3003698"
  },
  {
    "ID Number": "3006050"
  },
  {
    "ID Number": "3000664"
  },
  {
    "ID Number": "3003078"
  },
  {
    "ID Number": "3012140"
  },
  {
    "ID Number": "3001334"
  },
  {
    "ID Number": "3003701"
  },
  {
    "ID Number": "3000281"
  },
  {
    "ID Number": "3028330"
  },
  {
    "ID Number": "3020690"
  },
  {
    "ID Number": "3029743"
  },
  {
    "ID Number": "3016030"
  },
  {
    "ID Number": "3021505"
  },
  {
    "ID Number": "3011127"
  },
  {
    "ID Number": "3007596"
  },
  {
    "ID Number": "3017877"
  },
  {
    "ID Number": "3024946"
  },
  {
    "ID Number": "3003990"
  },
  {
    "ID Number": "3004279"
  },
  {
    "ID Number": "3008649"
  },
  {
    "ID Number": "3020282"
  },
  {
    "ID Number": "3004201"
  },
  {
    "ID Number": "3020304"
  },
  {
    "ID Number": "3000885"
  },
  {
    "ID Number": "3004481"
  },
  {
    "ID Number": "3007600"
  },
  {
    "ID Number": "3023524"
  },
  {
    "ID Number": "3016153"
  },
  {
    "ID Number": "3010066"
  },
  {
    "ID Number": "3011151"
  },
  {
    "ID Number": "3017486"
  },
  {
    "ID Number": "3004899"
  },
  {
    "ID Number": "3016285"
  },
  {
    "ID Number": "3011046"
  },
  {
    "ID Number": "3000125"
  },
  {
    "ID Number": "3013014"
  },
  {
    "ID Number": "3006476"
  },
  {
    "ID Number": "3003140"
  },
  {
    "ID Number": "3004163"
  },
  {
    "ID Number": "3006000"
  },
  {
    "ID Number": "3023150"
  },
  {
    "ID Number": "3000249"
  },
  {
    "ID Number": "3018520"
  },
  {
    "ID Number": "3008657"
  },
  {
    "ID Number": "3017206"
  },
  {
    "ID Number": "3009220"
  },
  {
    "ID Number": "3024342"
  },
  {
    "ID Number": "3020622"
  },
  {
    "ID Number": "3000516"
  },
  {
    "ID Number": "3012034"
  },
  {
    "ID Number": "3012646"
  },
  {
    "ID Number": "3000168"
  },
  {
    "ID Number": "3018709"
  },
  {
    "ID Number": "3014207"
  },
  {
    "ID Number": "3003191"
  },
  {
    "ID Number": "3019357"
  },
  {
    "ID Number": "3001466"
  },
  {
    "ID Number": "3012093"
  },
  {
    "ID Number": "3006786"
  },
  {
    "ID Number": "3001806"
  },
  {
    "ID Number": "3018334"
  },
  {
    "ID Number": "3000451"
  },
  {
    "ID Number": "3021041"
  },
  {
    "ID Number": "3008096"
  },
  {
    "ID Number": "3004244"
  },
  {
    "ID Number": "3007197"
  },
  {
    "ID Number": "3003493"
  },
  {
    "ID Number": "3005917"
  },
  {
    "ID Number": "3019608"
  },
  {
    "ID Number": "3010473"
  },
  {
    "ID Number": "3007995"
  },
  {
    "ID Number": "3021653"
  },
  {
    "ID Number": "3015890"
  },
  {
    "ID Number": "3008959"
  },
  {
    "ID Number": "3029220"
  },
  {
    "ID Number": "3010317"
  },
  {
    "ID Number": "3004740"
  },
  {
    "ID Number": "3019250"
  },
  {
    "ID Number": "3035336"
  },
  {
    "ID Number": "3010414"
  },
  {
    "ID Number": "3006140"
  },
  {
    "ID Number": "3003485"
  },
  {
    "ID Number": "3004643"
  },
  {
    "ID Number": "3018350"
  },
  {
    "ID Number": "3020452"
  },
  {
    "ID Number": "3016900"
  },
  {
    "ID Number": "3000540"
  },
  {
    "ID Number": "3001261"
  },
  {
    "ID Number": "3006484"
  },
  {
    "ID Number": "3006930"
  },
  {
    "ID Number": "3002748"
  },
  {
    "ID Number": "3004040"
  },
  {
    "ID Number": "3003132"
  },
  {
    "ID Number": "3024350"
  },
  {
    "ID Number": "3011097"
  },
  {
    "ID Number": "3016560"
  },
  {
    "ID Number": "3004147"
  },
  {
    "ID Number": "3008754"
  },
  {
    "ID Number": "3013030"
  },
  {
    "ID Number": "3030350"
  },
  {
    "ID Number": "3010481"
  },
  {
    "ID Number": "3010449"
  },
  {
    "ID Number": "3000192"
  },
  {
    "ID Number": "3014770"
  },
  {
    "ID Number": "3017982"
  },
  {
    "ID Number": "3009939"
  },
  {
    "ID Number": "3009920"
  },
  {
    "ID Number": "3011380"
  },
  {
    "ID Number": "3008274"
  },
  {
    "ID Number": "3003817"
  },
  {
    "ID Number": "3006956"
  },
  {
    "ID Number": "3000826"
  },
  {
    "ID Number": "3002942"
  },
  {
    "ID Number": "3008070"
  },
  {
    "ID Number": "3007693"
  },
  {
    "ID Number": "3008916"
  },
  {
    "ID Number": "3005089"
  },
  {
    "ID Number": "3022811"
  },
  {
    "ID Number": "3028283"
  },
  {
    "ID Number": "3031330"
  },
  {
    "ID Number": "3000133"
  },
  {
    "ID Number": "3004996"
  },
  {
    "ID Number": "3004902"
  },
  {
    "ID Number": "3006239"
  },
  {
    "ID Number": "3013278"
  },
  {
    "ID Number": "3000052"
  },
  {
    "ID Number": "3000427"
  },
  {
    "ID Number": "3016587"
  },
  {
    "ID Number": "3003787"
  },
  {
    "ID Number": "3008142"
  },
  {
    "ID Number": "101710"
  },
  {
    "ID Number": "3030768"
  },
  {
    "ID Number": "3006492"
  },
  {
    "ID Number": "3004910"
  },
  {
    "ID Number": "3013561"
  },
  {
    "ID Number": "3012158"
  },
  {
    "ID Number": "3002950"
  },
  {
    "ID Number": "3011208"
  },
  {
    "ID Number": "3007685"
  },
  {
    "ID Number": "3005062"
  },
  {
    "ID Number": "3004759"
  },
  {
    "ID Number": "3004180"
  },
  {
    "ID Number": "3002160"
  },
  {
    "ID Number": "3002004"
  },
  {
    "ID Number": "3017117"
  },
  {
    "ID Number": "3012930"
  },
  {
    "ID Number": "3016951"
  },
  {
    "ID Number": "3011054"
  },
  {
    "ID Number": "3003353"
  },
  {
    "ID Number": "3000010"
  },
  {
    "ID Number": "3001989"
  },
  {
    "ID Number": "3008789"
  },
  {
    "ID Number": "3020258"
  },
  {
    "ID Number": "3016765"
  },
  {
    "ID Number": "3000591"
  },
  {
    "ID Number": "3003051"
  },
  {
    "ID Number": "3006360"
  },
  {
    "ID Number": "3008231"
  },
  {
    "ID Number": "3002969"
  },
  {
    "ID Number": "3001903"
  },
  {
    "ID Number": "3012336"
  },
  {
    "ID Number": "3007111"
  },
  {
    "ID Number": "3009661"
  },
  {
    "ID Number": "3029263"
  },
  {
    "ID Number": "3000028"
  },
  {
    "ID Number": "3024814"
  },
  {
    "ID Number": "3007758"
  },
  {
    "ID Number": "3000338"
  },
  {
    "ID Number": "3008169"
  },
  {
    "ID Number": "3010589"
  },
  {
    "ID Number": "3005933"
  },
  {
    "ID Number": "3016919"
  },
  {
    "ID Number": "3001504"
  },
  {
    "ID Number": "3010660"
  },
  {
    "ID Number": "3011470"
  },
  {
    "ID Number": "3007405"
  },
  {
    "ID Number": "3000761"
  },
  {
    "ID Number": "3014088"
  },
  {
    "ID Number": "3002306"
  },
  {
    "ID Number": "1306693"
  },
  {
    "ID Number": "3001032"
  },
  {
    "ID Number": "3018598"
  },
  {
    "ID Number": "3003086"
  },
  {
    "ID Number": "3003876"
  },
  {
    "ID Number": "3011666"
  },
  {
    "ID Number": "3023419"
  },
  {
    "ID Number": "3012174"
  },
  {
    "ID Number": "3009181"
  },
  {
    "ID Number": "3015220"
  },
  {
    "ID Number": "3000729"
  },
  {
    "ID Number": "3001180"
  },
  {
    "ID Number": "3006875"
  },
  {
    "ID Number": "3018717"
  },
  {
    "ID Number": "3019411"
  },
  {
    "ID Number": "3002608"
  },
  {
    "ID Number": "3033457"
  },
  {
    "ID Number": "3004724"
  },
  {
    "ID Number": "3000419"
  },
  {
    "ID Number": "3011496"
  },
  {
    "ID Number": "3004732"
  },
  {
    "ID Number": "3003434"
  },
  {
    "ID Number": "3011232"
  },
  {
    "ID Number": "3011330"
  },
  {
    "ID Number": "3015742"
  },
  {
    "ID Number": "3010023"
  },
  {
    "ID Number": "3006247"
  },
  {
    "ID Number": "3018504"
  },
  {
    "ID Number": "3004945"
  },
  {
    "ID Number": "3007073"
  },
  {
    "ID Number": "3009068"
  },
  {
    "ID Number": "3005941"
  },
  {
    "ID Number": "3006794"
  },
  {
    "ID Number": "3011968"
  },
  {
    "ID Number": "3006590"
  },
  {
    "ID Number": "3013693"
  },
  {
    "ID Number": "3000184"
  },
  {
    "ID Number": "3000575"
  },
  {
    "ID Number": "3022919"
  },
  {
    "ID Number": "3022900"
  },
  {
    "ID Number": "3017346"
  },
  {
    "ID Number": "3023451"
  },
  {
    "ID Number": "3009807"
  },
  {
    "ID Number": "3001342"
  },
  {
    "ID Number": "3001083"
  },
  {
    "ID Number": "3010201"
  },
  {
    "ID Number": "3015912"
  },
  {
    "ID Number": "3016935"
  },
  {
    "ID Number": "3004171"
  },
  {
    "ID Number": "3010813"
  },
  {
    "ID Number": "3000753"
  },
  {
    "ID Number": "3021718"
  },
  {
    "ID Number": "3020665"
  },
  {
    "ID Number": "3004554"
  },
  {
    "ID Number": "3000982"
  },
  {
    "ID Number": "3006883"
  },
  {
    "ID Number": "3000354"
  },
  {
    "ID Number": "3018652"
  },
  {
    "ID Number": "3010341"
  },
  {
    "ID Number": "3011690"
  },
  {
    "ID Number": "3009360"
  },
  {
    "ID Number": "3015017"
  },
  {
    "ID Number": "3003833"
  },
  {
    "ID Number": "3015831"
  },
  {
    "ID Number": "3001245"
  },
  {
    "ID Number": "3007634"
  },
  {
    "ID Number": "3012654"
  },
  {
    "ID Number": "3013022"
  },
  {
    "ID Number": "3019233"
  },
  {
    "ID Number": "3015246"
  },
  {
    "ID Number": "3010058"
  },
  {
    "ID Number": "3012379"
  },
  {
    "ID Number": "3034380"
  },
  {
    "ID Number": "3030652"
  },
  {
    "ID Number": "3009165"
  },
  {
    "ID Number": "3009432"
  },
  {
    "ID Number": "3007642"
  },
  {
    "ID Number": "3007081"
  },
  {
    "ID Number": "3009246"
  },
  {
    "ID Number": "3006522"
  },
  {
    "ID Number": "3003566"
  },
  {
    "ID Number": "3017133"
  },
  {
    "ID Number": "3023265"
  },
  {
    "ID Number": "3005259"
  },
  {
    "ID Number": "3005607"
  },
  {
    "ID Number": "3010678"
  },
  {
    "ID Number": "3009866"
  },
  {
    "ID Number": "3001237"
  },
  {
    "ID Number": "3014177"
  },
  {
    "ID Number": "3002187"
  },
  {
    "ID Number": "3019993"
  },
  {
    "ID Number": "3033597"
  },
  {
    "ID Number": "3021211"
  },
  {
    "ID Number": "3007502"
  },
  {
    "ID Number": "3028801"
  },
  {
    "ID Number": "3021149"
  },
  {
    "ID Number": "3014762"
  },
  {
    "ID Number": "3012069"
  },
  {
    "ID Number": "3006174"
  },
  {
    "ID Number": "3011976"
  },
  {
    "ID Number": "3003159"
  },
  {
    "ID Number": "3010830"
  },
  {
    "ID Number": "3000974"
  },
  {
    "ID Number": "3001040"
  },
  {
    "ID Number": "3001377"
  },
  {
    "ID Number": "3001369"
  },
  {
    "ID Number": "3009564"
  },
  {
    "ID Number": "3006905"
  },
  {
    "ID Number": "3006913"
  },
  {
    "ID Number": "3002632"
  },
  {
    "ID Number": "3013260"
  },
  {
    "ID Number": "3002098"
  },
  {
    "ID Number": "3014100"
  },
  {
    "ID Number": "3007138"
  },
  {
    "ID Number": "3008010"
  },
  {
    "ID Number": "3017656"
  },
  {
    "ID Number": "3002810"
  },
  {
    "ID Number": "3031098"
  },
  {
    "ID Number": "3016226"
  },
  {
    "ID Number": "3019519"
  },
  {
    "ID Number": "3003345"
  },
  {
    "ID Number": "3009076"
  },
  {
    "ID Number": "3007677"
  },
  {
    "ID Number": "3001776"
  },
  {
    "ID Number": "3011984"
  },
  {
    "ID Number": "3007669"
  },
  {
    "ID Number": "3023958"
  },
  {
    "ID Number": "3008541"
  },
  {
    "ID Number": "3007030"
  },
  {
    "ID Number": "3008843"
  },
  {
    "ID Number": "3020053"
  },
  {
    "ID Number": "3001512"
  },
  {
    "ID Number": "3012719"
  },
  {
    "ID Number": "3000990"
  },
  {
    "ID Number": "3009297"
  },
  {
    "ID Number": "3021173"
  },
  {
    "ID Number": "3002322"
  },
  {
    "ID Number": "3017605"
  },
  {
    "ID Number": "3020118"
  },
  {
    "ID Number": "3030954"
  },
  {
    "ID Number": "3023141"
  },
  {
    "ID Number": "3001202"
  },
  {
    "ID Number": "3011402"
  },
  {
    "ID Number": "3006158"
  },
  {
    "ID Number": "3001008"
  },
  {
    "ID Number": "3000630"
  },
  {
    "ID Number": "3017311"
  },
  {
    "ID Number": "3016056"
  },
  {
    "ID Number": "3031519"
  },
  {
    "ID Number": "3020126"
  },
  {
    "ID Number": "3017230"
  },
  {
    "ID Number": "3008550"
  },
  {
    "ID Number": "3014266"
  },
  {
    "ID Number": "3009157"
  },
  {
    "ID Number": "3002381"
  },
  {
    "ID Number": "3020592"
  },
  {
    "ID Number": "3004953"
  },
  {
    "ID Number": "3017800"
  },
  {
    "ID Number": "3001997"
  },
  {
    "ID Number": "3017621"
  }
]