[
  {
    "ID Number": "20803702"
  },
  {
    "ID Number": "20800436"
  },
  {
    "ID Number": "20806191"
  },
  {
    "ID Number": "20800193"
  },
  {
    "ID Number": "20805101"
  },
  {
    "ID Number": "20805110"
  },
  {
    "ID Number": "20801041"
  },
  {
    "ID Number": "20800487"
  },
  {
    "ID Number": "20802676"
  },
  {
    "ID Number": "20800908"
  },
  {
    "ID Number": "20806922"
  },
  {
    "ID Number": "20803265"
  },
  {
    "ID Number": "20804687"
  },
  {
    "ID Number": "20800207"
  },
  {
    "ID Number": "20802889"
  },
  {
    "ID Number": "20801084"
  },
  {
    "ID Number": "20803044"
  },
  {
    "ID Number": "20803036"
  },
  {
    "ID Number": "20806710"
  },
  {
    "ID Number": "20800533"
  },
  {
    "ID Number": "20803184"
  },
  {
    "ID Number": "20805241"
  },
  {
    "ID Number": "20805250"
  },
  {
    "ID Number": "20800088"
  },
  {
    "ID Number": "20800215"
  },
  {
    "ID Number": "20804440"
  },
  {
    "ID Number": "20803982"
  },
  {
    "ID Number": "679356"
  },
  {
    "ID Number": "20804725"
  },
  {
    "ID Number": "14306310"
  },
  {
    "ID Number": "20805063"
  },
  {
    "ID Number": "20803648"
  },
  {
    "ID Number": "20802935"
  },
  {
    "ID Number": "20801351"
  },
  {
    "ID Number": "20803818"
  },
  {
    "ID Number": "20801386"
  },
  {
    "ID Number": "20800096"
  },
  {
    "ID Number": "20803427"
  },
  {
    "ID Number": "20803354"
  },
  {
    "ID Number": "20800010"
  },
  {
    "ID Number": "20800746"
  },
  {
    "ID Number": "20801319"
  },
  {
    "ID Number": "20803494"
  },
  {
    "ID Number": "20804237"
  },
  {
    "ID Number": "20803486"
  },
  {
    "ID Number": "20800495"
  },
  {
    "ID Number": "20804601"
  },
  {
    "ID Number": "20806418"
  },
  {
    "ID Number": "20800657"
  },
  {
    "ID Number": "20800274"
  },
  {
    "ID Number": "20802781"
  },
  {
    "ID Number": "20803923"
  },
  {
    "ID Number": "20803095"
  },
  {
    "ID Number": "20803141"
  },
  {
    "ID Number": "20807570"
  },
  {
    "ID Number": "20804610"
  },
  {
    "ID Number": "20803230"
  },
  {
    "ID Number": "20805080"
  },
  {
    "ID Number": "20804628"
  },
  {
    "ID Number": "20804636"
  },
  {
    "ID Number": "20806540"
  },
  {
    "ID Number": "20800851"
  },
  {
    "ID Number": "20802250"
  },
  {
    "ID Number": "20806728"
  },
  {
    "ID Number": "20800444"
  },
  {
    "ID Number": "20803958"
  },
  {
    "ID Number": "20800169"
  },
  {
    "ID Number": "20803281"
  },
  {
    "ID Number": "20803320"
  },
  {
    "ID Number": "20802650"
  },
  {
    "ID Number": "20803745"
  },
  {
    "ID Number": "20800320"
  },
  {
    "ID Number": "20800282"
  },
  {
    "ID Number": "20801092"
  },
  {
    "ID Number": "20802412"
  },
  {
    "ID Number": "20803400"
  },
  {
    "ID Number": "20800177"
  },
  {
    "ID Number": "20803397"
  },
  {
    "ID Number": "20800398"
  },
  {
    "ID Number": "21200203"
  },
  {
    "ID Number": "20800339"
  },
  {
    "ID Number": "20802668"
  },
  {
    "ID Number": "20802528"
  },
  {
    "ID Number": "20803311"
  },
  {
    "ID Number": "20803214"
  },
  {
    "ID Number": "20803222"
  },
  {
    "ID Number": "20803176"
  },
  {
    "ID Number": "13100505"
  },
  {
    "ID Number": "20803303"
  },
  {
    "ID Number": "20801548"
  },
  {
    "ID Number": "20800070"
  },
  {
    "ID Number": "20800061"
  },
  {
    "ID Number": "20800738"
  },
  {
    "ID Number": "20807651"
  },
  {
    "ID Number": "20803567"
  },
  {
    "ID Number": "20800401"
  },
  {
    "ID Number": "20804512"
  },
  {
    "ID Number": "20802617"
  },
  {
    "ID Number": "20804458"
  },
  {
    "ID Number": "20803940"
  },
  {
    "ID Number": "20800983"
  },
  {
    "ID Number": "20800452"
  },
  {
    "ID Number": "20804032"
  },
  {
    "ID Number": "20803117"
  },
  {
    "ID Number": "20800223"
  },
  {
    "ID Number": "20800347"
  },
  {
    "ID Number": "20804580"
  },
  {
    "ID Number": "20803788"
  },
  {
    "ID Number": "20803583"
  },
  {
    "ID Number": "20803575"
  },
  {
    "ID Number": "20804199"
  },
  {
    "ID Number": "20803079"
  },
  {
    "ID Number": "20801297"
  },
  {
    "ID Number": "20801122"
  },
  {
    "ID Number": "20804849"
  },
  {
    "ID Number": "20802722"
  },
  {
    "ID Number": "20802986"
  },
  {
    "ID Number": "20803460"
  },
  {
    "ID Number": "20806744"
  },
  {
    "ID Number": "20803524"
  },
  {
    "ID Number": "20801190"
  },
  {
    "ID Number": "20800363"
  },
  {
    "ID Number": "20807740"
  },
  {
    "ID Number": "20804202"
  },
  {
    "ID Number": "20800967"
  },
  {
    "ID Number": "20802927"
  },
  {
    "ID Number": "21200734"
  },
  {
    "ID Number": "20804571"
  },
  {
    "ID Number": "20804660"
  },
  {
    "ID Number": "20800266"
  },
  {
    "ID Number": "20803346"
  },
  {
    "ID Number": "20803664"
  },
  {
    "ID Number": "20806264"
  },
  {
    "ID Number": "20800150"
  }
]