ID Number,Name,Fed,Sex,Title,WTit,OTit,FOA,Rating,Gms,K,B-day,Flag
5507669,"Abassi, Adel",TUN,M,,,,1950,AUG25,0,40,1970,
5502993,"Abbes , Tarek",TUN,M,,,,1784,AUG25,0,20,1955,
5500222,"Abbes, Ali",TUN,M,CM,,,2201,AUG25,2,20,1973,
5538386,"Abboud, Dorra",TUN,F,,,,1497,AUG25,2,40,2010,w
5533708,"Abdallah, Esraa",TUN,F,,NA,,1455,AUG25,0,40,2008,w
5529506,"Abdallah, Mohamed Khalil",TUN,M,CM,,,2090,AUG25,9,40,2009,
5530709,"Abdallah, Yara",TUN,F,,,,1528,AUG25,12,40,2014,w
5514126,Abdaoui Aymen,TUN,M,,,,1792,AUG25,0,40,1982,i
5522013,"Abdaoui,Adnen",TUN,M,,,,1728,AUG25,0,40,1996,i
5525470,"Abdel Kodous, Chebaane",TUN,M,,,,1734,AUG25,0,40,1989,i
5506565,"Abdeljalil, Momen",TUN,M,,,,1678,AUG25,0,40,2004,i
5522366,Abdelkefi Beya,TUN,F,,,,1670,AUG25,11,40,2009,w
5532361,"Abdelmoula, Amine",TUN,M,,,,1654,AUG25,0,40,1999,i
5503558,"Abdelmoumen, Ahmed",TUN,M,,,,1811,AUG25,0,40,1966,i
5542464,"Abdelwahed,Adel",TUN,M,,,,1755,AUG25,7,40,1972,
5542472,"Abdelwahed,Yacine",TUN,M,,,,1592,AUG25,7,40,2009,
5508738,ABDENNAJI Youssef,TUN,M,,,,1639,AUG25,0,40,2007,i
5506247,"Abdennaji, Wajdi",TUN,M,,,,1797,AUG25,0,40,1979,i
5515335,Abderabbah Ahmed,TUN,M,,,,1669,AUG25,0,40,1992,i
5534054,"Abderrazak, Youssef",TUN,M,,,,1715,AUG25,6,40,2014,
5530180,Abid Fekhreddine,TUN,M,,,,1796,AUG25,0,40,1968,
5531152,"Abid, Abderahman",TUN,M,,,,1761,AUG25,14,20,2005,
5503566,"Abid, Elyes",TUN,M,,,,1812,AUG25,0,40,0,i
5516650,"Abid,Hassen",TUN,M,,,,1545,AUG25,0,40,2004,i
5509769,"Abida, Abderazek",TUN,M,,,,1651,AUG25,0,20,1961,
5518350,"Abidi,Anis",TUN,M,,,,1800,AUG25,0,40,1980,i
5529514,"Achek,Mohamed Amine",TUN,M,,,,1409,AUG25,0,40,2012,i
5523516,"Achouch,Rafael",TUN,M,,,,1515,AUG25,0,40,1985,
5509262,ACHOUR Oussama,TUN,M,,,,1672,AUG25,0,20,2002,i
5531314,"Achour, Ahmed Aziz",TUN,M,,,,1677,AUG25,0,40,2012,
5501199,"Achour, Mahdi",TUN,M,,,,1997,AUG25,0,40,0,i
5512794,"Achour,Anis",TUN,M,,,,1774,AUG25,0,20,1968,
5531144,"Affene, Mokhtar",TUN,M,,,,1570,AUG25,0,40,2006,i
5517680,"Affi,Mohamed Aziz",TUN,M,,,,1464,AUG25,0,40,2005,i
5523559,Ahmed Dahmen,TUN,M,,,,1612,AUG25,0,40,1981,
5514592,Ahmed Nizar,TUN,M,,,,1613,AUG25,0,40,1975,i
5514703,Aini Yahiya,TUN,M,,,,1430,AUG25,0,40,2008,i
5501229,"Aissaoui, Habib",TUN,M,,,,1836,AUG25,0,40,1964,i
5516080,Ajili Rayen,TUN,M,,SI,,1921,AUG25,0,20,2005,
5533449,"Ajili, Issam",TUN,M,,,,1764,AUG25,0,40,1986,
5517311,"Ajili,Khadija",TUN,F,,,,1443,AUG25,0,40,2005,wi
5507812,"Akrout, Mansour",TUN,M,,,,1650,AUG25,0,40,1970,
5501610,"Al-Dali, Suhaib",TUN,M,,,,1719,AUG25,0,40,1998,i
5523800,Ali Boubakri,TUN,M,,,,1647,AUG25,0,40,1971,
5508010,Alimi Ghayth,TUN,M,,,,1804,AUG25,0,40,1978,i
5505470,"Alimi, Kamel",TUN,M,,,,1894,AUG25,0,40,0,
5506344,"Allagui, Mustapha",TUN,M,,,,1838,AUG25,0,40,1973,i
5538831,"Alouani, Ahmed",TUN,M,,,,1690,AUG25,0,20,2003,
5501202,"Alouini, Foued",TUN,M,,,,1599,AUG25,0,40,0,i
5504864,"Aloulou, Mahmoud",TUN,M,,,,1878,AUG25,0,20,0,i
5558271,"Amamou, Mohamed Selim",TUN,M,,,,1642,AUG25,0,40,1992,
5513600,Amdouni Amenallah,TUN,M,,,,1758,AUG25,0,20,2004,
5500419,"Amdouni, Zoubaier",TUN,M,FM,,,2186,AUG25,0,20,1987,
5522153,"Ammous, Mahmoud",TUN,M,,,,1924,AUG25,11,40,2011,
5514088,Amri Laroussi,TUN,M,,,,1831,AUG25,0,40,1947,i
5550777,"Amri,Mehdi",TUN,M,,,,1719,AUG25,2,40,2008,
5550785,"Amri,Wajih",TUN,M,,,,1691,AUG25,6,40,2009,
5518610,"Aouili,Ady",TUN,M,,,,1530,AUG25,0,40,1997,i
5505674,"Aouina, Mondher",TUN,M,,,,1833,AUG25,0,40,1969,
5507316,"Aouissi, Mohamed",TUN,M,,,,1873,AUG25,0,40,1972,i
5507146,"Ardhaoui, Mariam",TUN,F,,,,1528,AUG25,0,20,2005,wi
5511976,Arfaoui Hedi,TUN,M,,,,1737,AUG25,0,40,1960,i
5517524,"Arfaoui, Mohamed Amine",TUN,M,,,,1517,AUG25,0,40,2007,i
5514720,"Arfaoui, Mohamed Aziz",TUN,M,,,,1705,AUG25,0,40,2010,
5526450,"Arfaoui, Mohamed Yassine",TUN,M,,,,1529,AUG25,0,40,2015,
5518474,"Arfaoui,Fedi",TUN,M,,,,1839,AUG25,0,40,1997,i
5514711,"Arfaoui,Mohamed Amine",TUN,M,,,,1553,AUG25,0,40,2007,
5549760,Aroua Oubey,TUN,M,,,,1458,AUG25,5,40,2011,
5502497,"Aroua, Ahmed",TUN,M,,,,1582,AUG25,2,20,0,
5514924,Arousse Fares,TUN,M,,,,1740,AUG25,0,40,2002,i
5551781,Arrak Elyes,TUN,M,,,,1573,AUG25,0,40,2006,
5535301,"Askri, Amine",TUN,M,,,,1587,AUG25,0,40,1998,i
5501776,"Asri, Sofiane",TUN,M,,SI,,1949,AUG25,0,20,1969,
5512212,"Assiani, Habib",TUN,M,,,,1886,AUG25,0,20,1950,i
5502500,"Atia, Mohamed",TUN,M,,,,1866,AUG25,0,20,2001,i
5557658,"Attitallah,Hamdi",TUN,M,,,,1769,AUG25,0,40,1997,
5514606,Ayadi Mohamed Chaouki,TUN,M,,NA,,1740,AUG25,0,40,1994,i
5544947,"Ayadi,Mehdi",TUN,M,,,,ACM,AUG25,1495,8,2010,
5502519,"Ayari, Mahmoud",TUN,M,,,,1888,AUG25,0,20,1983,i
5522005,"Ayari,Badis",TUN,M,,,,1484,AUG25,0,40,1996,i
5512077,Ayed Mohamed,TUN,M,,,,1681,AUG25,0,40,1971,
5506360,"Ayed, Abdelhedi",TUN,M,,,,1706,AUG25,0,40,1993,i
5503523,"Ayed, Ayoub",TUN,M,,,,2117,AUG25,0,40,0,i
5500273,"Ayed, Mokhtar",TUN,M,,,,1764,AUG25,0,40,1951,
5505283,"Ayed, Ranim",TUN,F,,,,1601,AUG25,0,20,2003,wi
5500818,"Azaiez, Fahmi",TUN,M,CM,SI,,2129,AUG25,0,20,1980,i
5502977,Azouz Boubaker,TUN,M,,,,2022,AUG25,0,20,0,
5505895,"Azzouz, Makram",TUN,M,,NA,,1694,AUG25,0,40,1973,i
5505690,"Azzouz, Nassim",TUN,M,,,,1708,AUG25,0,40,0,
5559472,"Baara, Amir",TUN,M,,,,1671,AUG25,0,40,2004,
5506379,"Baba, Ayoub",TUN,M,,,,1469,AUG25,0,40,1983,
5513049,"Baba, Mohamed",TUN,M,,,,1494,AUG25,0,40,2010,i
5529522,"Baba,Jihed",TUN,M,,,,1761,AUG25,14,40,2012,
5529409,"Baba,Mouadh",TUN,M,,,,1676,AUG25,13,40,2014,
5536170,"Baghouli, youssef",TUN,M,,,,1409,AUG25,0,40,2007,
5513022,Bahloul Yassine,TUN,M,,,,1468,AUG25,0,40,2006,i
5503574,"Bahloul, Ahmed",TUN,M,CM,,,1761,AUG25,0,20,2004,i
5546524,"Bahloul,Yassine",TUN,M,,,,1563,AUG25,0,40,2010,
5507375,"Bahria, Mohamed Helmi",TUN,M,,,,2043,AUG25,0,20,1979,
5524601,"Bahria,Rassim",TUN,M,,,,1572,AUG25,4,40,2012,
5519543,"Bakkouch,Mehdi",TUN,M,,,,1494,AUG25,0,40,2001,i
5501628,"Baktach, Nesrine",TUN,F,WFM,WFM,,1757,AUG25,0,20,1992,wi
5503019,"Baktache, Hamza",TUN,M,,,,1742,AUG25,0,40,0,i
5500850,"Baktache, Mohamed Ali",TUN,M,,,,1984,AUG25,0,20,1960,i
5513685,Bamri Salim,TUN,M,,,,1743,AUG25,0,20,2000,
5506859,Banouri Ghada,TUN,F,,,,1486,AUG25,0,40,2001,wi
5500320,"Barakati, Sabri",TUN,M,,,,1779,AUG25,7,40,1980,
5501245,"Barbaria, Yacine",TUN,M,CM,,,2142,AUG25,0,20,1987,
5522854,"Barbaria,Younes",TUN,M,,,,1411,AUG25,0,40,2010,i
5510155,"Barhoumi, Marwen",TUN,M,,,,1752,AUG25,0,40,1995,
5500338,"Barhoumi, Med Anis",TUN,M,,,,2014,AUG25,0,20,1976,
5535298,"Barhoumi, Mohamed Aziz",TUN,M,,,,1501,AUG25,0,40,2005,i
5526469,Barouni Fedi,TUN,M,,,,1518,AUG25,0,40,2014,i
5509823,"Barouni, Gaith",TUN,M,,,,1488,AUG25,0,40,2005,
5511372,"Barrani, Adem",TUN,M,,,,1807,AUG25,0,20,2002,
5529530,"Barrani, Mohamed Amine",TUN,M,,,,1548,AUG25,0,40,2010,i
5531802,"Bchir, Ichrak",TUN,F,,NA,,1500,AUG25,0,20,2005,wi
5540160,"Bchir,Mohamed Amine",TUN,M,,,,1532,AUG25,5,40,2010,
5504872,"Bdeoui, Mohamed Aziz",TUN,M,,,,1577,AUG25,0,40,2004,i
5504341,"Bechikh, Chaima",TUN,F,,,,1616,AUG25,0,20,2002,wi
5512069,Bedoui Ahmed Amine,TUN,M,,,,1880,AUG25,0,20,1990,
5500265,"Bejaoui, Anis",TUN,M,,,,2137,AUG25,0,20,1981,i
5507383,"Bel Haj Amor, Arwa",TUN,F,,,,1513,AUG25,0,20,2005,wi
5512450,Belaid Wahib,TUN,M,,,,1726,AUG25,0,40,2001,i
5534119,"Belanes, Ahmed",TUN,M,,,,1725,AUG25,8,40,2012,
5533953,"Belgacem, Adam",TUN,M,,,,1554,AUG25,2,40,2009,
5537703,"Belgacem, Mohamed",TUN,M,,,,1400,AUG25,0,40,2012,
5503590,"Belgasmi, Mohamed Salah",TUN,M,,,,1794,AUG25,0,40,1997,i
5505305,"Belgasmi, Najib",TUN,M,,,,1850,AUG25,0,20,0,i
5539110,"Belhaj, Darine",TUN,F,,,,1458,AUG25,0,40,2010,w
5506905,"Belhaj, Nadhem",TUN,M,,,,1907,AUG25,0,20,1970,
5532698,"Belhout, Ahmed Zoubaier",TUN,M,,,,1726,AUG25,0,40,1997,
5500028,"Belkadi, Ridha",TUN,M,IM,,,2345,AUG25,0,20,1925,i
600229,"Belkhodja, Slim",TUN,M,GM,,,2234,AUG25,2,10,1962,
5513570,Ben Abbas Ayoub,TUN,M,,,,1740,AUG25,0,20,2003,i
5519888,"Ben Abbes,Ayoub",TUN,M,,NA,,1879,AUG25,0,20,2003,
5516897,"Ben Abdallah,Yassine",TUN,M,,,,1466,AUG25,0,40,2010,i
5502535,"Ben Abdejelil, Moemen",TUN,M,,,,1656,AUG25,0,20,2004,i
5523915,"Ben Ahmed,Naoures",TUN,M,,,,1879,AUG25,0,40,2000,i
5513537,Ben Alaya Hazem,TUN,M,,,,1714,AUG25,0,20,2003,
5539455,"Ben Ali, Hadil",TUN,F,,,,1555,AUG25,0,40,2010,w
5559928,"Ben Ali,Riadh",TUN,M,,,,1507,AUG25,6,40,1997,
5555353,"Ben Ameur, Amine",TUN,M,,,,1436,AUG25,5,40,2008,
5530113,"Ben Ameur, Mohamed Ali",TUN,M,,,,1691,AUG25,0,40,1979,i
5546540,"Ben Ameur,Ala",TUN,M,,,,1567,AUG25,0,40,2008,
5502012,"Ben Ammar, Mohamed",TUN,M,CM,FI,,2080,AUG25,0,20,1995,
5514622,Ben Amor Iheb,TUN,M,,,,1758,AUG25,0,40,1990,i
5508509,"Ben Amor, Meriem",TUN,F,WCM,WCM,,1778,AUG25,16,40,2008,w
5503531,"Ben Amor, Moez",TUN,M,,,,2009,AUG25,0,20,1966,
5519322,"Ben Amor,Mohamed",TUN,M,,,,1518,AUG25,0,40,2008,i
5525330,"Ben Ayed, Youssef",TUN,M,,,,1499,AUG25,0,40,2008,
5524610,"Ben Ayed,Iskandar",TUN,M,,,,1688,AUG25,0,40,2010,
5524733,"Ben Ayed,Khadija",TUN,F,,,,1422,AUG25,0,40,2012,wi
5504899,"Ben Brahem, Aymen",TUN,M,FM,,,2049,AUG25,0,20,1998,i
5513928,"Ben Brahem, Emna",TUN,F,,,,1496,AUG25,0,40,2005,wi
5514630,Ben Brahim Adnen,TUN,M,,,,1594,AUG25,0,40,1988,i
5510414,"Ben Chaabane, Akram",TUN,M,,SI,,1832,AUG25,0,40,1985,
5506921,"Ben Chagra, Radhouan",TUN,M,,,,2001,AUG25,0,40,1970,i
5503043,"Ben Cheikh, Brahim",TUN,M,,,,1980,AUG25,0,20,0,i
5513588,Ben Dhia Aziz,TUN,M,,,,1553,AUG25,0,40,2003,i
5513391,Ben Dhia Rayen,TUN,M,,,,1542,AUG25,0,40,2006,i
5524458,Ben Fadhel Noura,TUN,F,,,,1497,AUG25,0,40,2004,wi
5558565,"Ben Farhat, Aziz",TUN,M,,,,1652,AUG25,8,40,2012,
5521793,"Ben Fekih,Roueid",TUN,M,,,,1784,AUG25,0,40,1999,i
5502543,"Ben Fredj, Jawhar",TUN,M,FM,,,2307,AUG25,0,40,1971,i
5502020,"Ben Fredj, Mariem",TUN,F,WCM,WCM,,1601,AUG25,0,20,2001,wi
5503361,"Ben Fredj, Mayssa",TUN,F,WCM,WCM,,1513,AUG25,0,20,2005,wi
5504163,"Ben Frej, Haythem",TUN,M,,,,1954,AUG25,0,40,0,i
5506425,"Ben Ghali, Adel",TUN,M,,,,1838,AUG25,0,20,1965,
5501261,"Ben Ghanem, Hamed",TUN,M,FM,,,2088,AUG25,0,20,1988,
5529026,"Ben Hamed,Rawene",TUN,F,,,,1466,AUG25,0,40,2011,w
5529433,"Ben Hamed,Rayene",TUN,M,,,,1612,AUG25,3,40,2013,
5509718,"Ben Hamouda, Fedi",TUN,M,,,,1762,AUG25,0,20,2002,i
5515270,"Ben Hamouda, Mohamed Aymen",TUN,M,,,,1738,AUG25,0,20,2004,
5522749,"Ben Heni,Hamza",TUN,M,,,,1694,AUG25,0,40,2012,
5500362,"Ben Hlima, Rafik",TUN,M,,,,1806,AUG25,0,20,1969,
5505488,"Ben Hlima, Zied",TUN,M,,,,1848,AUG25,0,40,0,i
5526531,Ben hmida Mohamed bilel,TUN,M,,,,1520,AUG25,0,40,2011,
5514169,Ben Hmida Raef,TUN,M,,,,1834,AUG25,0,40,1960,i
5502365,"Ben Houichi, Lotfi",TUN,M,,,,1928,AUG25,0,40,1981,i
5538467,"Ben Ismail, Mohamed Seddik",TUN,M,,,,1556,AUG25,3,40,2011,
5538530,"Ben Ismail, Nour",TUN,F,,,,1588,AUG25,8,40,2013,w
5535441,"Ben Jemaa, Selim",TUN,M,,,,1587,AUG25,0,40,2009,i
5507944,"Ben Kahla, Tahar",TUN,M,,,,1623,AUG25,3,20,1954,
5519519,"Ben Kahla,Jawher",TUN,M,,,,1787,AUG25,0,40,1969,i
5521521,"Ben Khalil,Mohamed",TUN,M,,,,1624,AUG25,0,40,1969,i
5500389,"Ben Khedija, Kais",TUN,M,,,,1936,AUG25,0,40,1973,i
5539234,"Ben lazreg, Hatem",TUN,M,,,,1770,AUG25,0,40,2003,
5503884,"Ben Mabrouk, Mohamed Ali",TUN,M,,,,1824,AUG25,0,40,0,i
5545366,"Ben Mansour,Yasser",TUN,M,,,,1583,AUG25,0,40,2006,
5549167,"Ben Mansoura, Estabrak",TUN,F,,,,1464,AUG25,5,40,2016,w
5526710,"Ben Manssour, Yassine",TUN,M,,,,1947,AUG25,0,40,2000,
5532094,"Ben Mbarek, Mohamed",TUN,M,,NA,,1593,AUG25,0,20,1990,
5508088,"Ben Moussa, Rached",TUN,M,,,,1839,AUG25,0,40,1952,i
5507839,"Ben Mustapha, Hamdi",TUN,M,,SI,,1858,AUG25,0,40,1973,
5500397,"Ben Nasr, Sami",TUN,M,,,,2017,AUG25,0,20,1968,
5547245,"Ben Nasr,Farouk",TUN,M,,,,1582,AUG25,2,40,2008,
5555604,"Ben Nasr,Iyed",TUN,M,,,,1527,AUG25,5,40,2009,
5534437,"Ben Nessib, Riadh",TUN,M,,,,1557,AUG25,0,40,1963,i
5535662,"Ben Nour, Radhouane",TUN,M,,,,1647,AUG25,0,40,1982,
5539765,"Ben Othman, Zahreddine",TUN,M,,,,1634,AUG25,0,40,1962,
5509670,"Ben Ouaddai, Thameur",TUN,M,,,,1869,AUG25,0,40,1951,i
5511801,"Ben Oun, Idriss",TUN,M,,,,1600,AUG25,0,40,1999,i
5509831,"Ben Rayana, Mohamed",TUN,M,,,,1536,AUG25,0,40,2008,
5506042,Ben Rayena Mohamed,TUN,M,,,,1867,AUG25,0,40,1980,i
5511143,"Ben Rhaiem, Mohamed",TUN,M,,,,1801,AUG25,0,20,2000,i
5507499,"Ben rjeb, Oussama",TUN,M,,,,1852,AUG25,0,40,1990,i
5526701,"Ben Romdhane, salma",TUN,F,,,,1647,AUG25,0,40,2007,w
5507367,"Ben Romdhane, Walid",TUN,M,,NA,,1853,AUG25,0,20,1974,
5500877,"Ben Said, Ahmed",TUN,M,,,,1934,AUG25,0,20,1990,i
5501296,"Ben Said, Firas",TUN,M,,,,1839,AUG25,0,20,1999,i
5503396,"Ben Said, Imen",TUN,F,,,,1432,AUG25,0,40,2004,wi
5503388,"Ben Said, Nourhene",TUN,F,,,,1536,AUG25,0,40,2000,wi
5503400,"Ben Said, Safa",TUN,F,WFM,WFM,FI,1810,AUG25,0,20,1998,wi
5501814,"Ben Saida, Yassine",TUN,M,,,,1595,AUG25,7,40,0,
5505747,"Ben Salah, Atef",TUN,M,,,,1608,AUG25,0,40,1961,
5504910,"Ben Salah, Ghassen",TUN,M,,,,1850,AUG25,0,20,1992,
5507421,"Ben Salah, Med Najib",TUN,M,,,,1601,AUG25,0,40,1967,
5519578,"Ben Salah,Mohamed",TUN,M,,,,1618,AUG25,0,40,1990,i
5521769,"Ben Saleh,Mohamed Najib",TUN,M,,,,1543,AUG25,0,40,1958,i
5508517,"Ben Salem, meriem",TUN,F,,,,1472,AUG25,3,40,2009,w
5513030,"Ben Salem, Mohamed Youssef",TUN,M,,,,1496,AUG25,0,40,2011,
5521637,"Ben Salem,Mariem",TUN,F,,,,1467,AUG25,0,40,2009,wi
5526809,"Ben Salha, Ahmed",TUN,M,,,,1819,AUG25,14,40,2011,
5540640,"Ben Sikali,Youssef",TUN,M,,,,1538,AUG25,0,40,2008,
5550530,"Ben Slima,Fedi",TUN,M,,,,1526,AUG25,0,40,2015,
5532388,"Ben Slimene, Salem",TUN,M,,,,1732,AUG25,0,40,1994,
5519527,"Ben Soussia,Imed",TUN,M,,,,1897,AUG25,0,40,1964,i
5517559,"Ben Thabet,Mohamed Dhia",TUN,M,,,,1474,AUG25,0,40,2008,
5514797,Ben Torkia Omar,TUN,M,,,,1507,AUG25,0,40,2001,
5533309,"Ben Toumia, Ayoub",TUN,M,,,,1655,AUG25,0,20,2005,
5507308,"Ben Younes, Mohamed",TUN,M,,,,1881,AUG25,0,20,1966,i
5507847,"Ben Youssef, Anis",TUN,M,,,,1850,AUG25,0,20,1979,i
5501962,"Ben Youssef, Chedly",TUN,M,,,,1771,AUG25,0,20,1954,
5511810,"Ben Zaied, Mustapha",TUN,M,,,,1807,AUG25,0,40,1983,i
5539480,"Ben Zakour, Meher",TUN,M,,,,1778,AUG25,0,40,2004,
5505755,"Ben Zid , Sedki",TUN,M,,,,1543,AUG25,0,40,2000,i
5535336,"Ben Zid, Rayhane",TUN,F,,,,1493,AUG25,13,40,2010,w
5502896,"Ben, Dhia Mohamed Ali",TUN,M,,,,1809,AUG25,0,20,1973,
5529441,"Benzarti,Thabet",TUN,M,,,,1759,AUG25,14,40,2014,
5509840,"Bettaieb, Ibrahim",TUN,M,,,,1548,AUG25,0,40,2009,i
5509858,"Bettaieb, Salma",TUN,F,,,,1597,AUG25,0,20,2006,wi
5510317,"Bhiri, Ramzi",TUN,M,,,,1843,AUG25,0,40,1982,
5531977,"Bouabid, Rayen",TUN,M,,,,1478,AUG25,0,40,2007,i
5550912,"Bouabid,Hedi",TUN,M,,,,1512,AUG25,7,40,2007,
5519225,"Bouafia,Arken",TUN,M,,,,1754,AUG25,8,40,2010,
5517800,"Bouajila,Atef",TUN,M,,,,1762,AUG25,0,40,1994,i
5506930,"Bouamaid, Idriss",TUN,M,,,,1810,AUG25,0,40,1970,i
5510309,"Bouamid, Idris",TUN,M,,,,1857,AUG25,0,40,1960,i
5550661,"Bouattour,Mohamed",TUN,M,,,,1519,AUG25,5,40,2013,
5500400,"Bouaziz, Borhen",TUN,M,,,,2135,AUG25,0,20,1979,i
5507553,"Bouaziz, Fadhel",TUN,M,,,,1717,AUG25,0,40,1946,i
5500443,"Bouaziz, Hamdi",TUN,M,,,,1891,AUG25,0,40,1989,i
5500311,"Bouaziz, Mehdi",TUN,M,FM,,,2124,AUG25,0,20,1983,
5500010,"Bouaziz, Slim",TUN,M,GM,,,2253,AUG25,0,10,1950,i
5524903,"Boubakri,Alaeddine",TUN,M,,,,1543,AUG25,0,40,2005,i
5502560,"Bouchamla, Alaa",TUN,M,,,,1909,AUG25,0,20,2000,
5509866,"Boudaya, Ahmed",TUN,M,,,,1618,AUG25,0,40,2009,
5534453,"Boudhir, Mohamed Youssef",TUN,M,,,,1687,AUG25,0,40,2005,i
5500460,"Boudriga, Mohamed Ali",TUN,M,IM,,,2335,AUG25,0,10,1985,
5554667,"Boufaid, Rabie",TUN,M,,,,1665,AUG25,0,40,1973,
5503612,"Boufaied, Amine",TUN,M,,,,1733,AUG25,0,40,0,i
5530555,"Boufaied, Montassar",TUN,M,,,,1477,AUG25,0,40,2005,
5500370,"Bouflija, Hedi",TUN,M,,NA,,2019,AUG25,0,20,1970,
5535948,"Boughanmi, Ghafer",TUN,M,,,,1504,AUG25,0,40,2009,i
5511011,"Boughattas, Anouar",TUN,M,,,,1720,AUG25,7,40,1978,
5532736,"Boughdiri, Mariem",TUN,F,,,,1431,AUG25,0,40,2007,wi
5530946,"Boughizene, Farhat",TUN,M,,,,1531,AUG25,0,40,1966,i
5514657,Boughraira Malek,TUN,M,,,,1699,AUG25,0,40,1982,i
5502179,"Bouhamed, Abdelaziz",TUN,M,,SI,,2013,AUG25,0,20,1978,i
5513006,Bouhlel Ayoub,TUN,M,,,,1510,AUG25,0,40,2009,i
5500354,"Bouhlel, Mohamed",TUN,M,,NA,,2116,AUG25,0,20,1982,
5543371,"Bouida,Iskander",TUN,M,,,,1524,AUG25,0,40,2015,
5512409,Boujneh Kotb,TUN,M,,,,1839,AUG25,0,40,1981,i
5506620,"Boukadida, Youssef",TUN,M,CM,,,1693,AUG25,0,40,2007,
5512085,Boukhchana Mohamed,TUN,M,,,,1651,AUG25,0,40,1968,
5506050,Boukhriss Mohamed Mehdi,TUN,M,,,,1671,AUG25,0,40,1982,
5513693,Boulaares Amine,TUN,M,,,,1508,AUG25,0,40,2000,i
5508657,"Boulaares, Adam",TUN,M,,,,1945,AUG25,0,20,2004,
5508649,"Boulaares, Akram",TUN,M,,,,1769,AUG25,0,20,2006,
5508614,"Boumaiza, Fares",TUN,M,,,,1859,AUG25,13,40,2008,
5529166,"Boumrifek,Najeh",TUN,M,,,,1634,AUG25,0,20,2002,i
5529182,"Bouraoui,Elyes",TUN,M,,,,1612,AUG25,0,40,2004,i
5548543,"Bourari,Mohamed Alaa",TUN,M,,,,1522,AUG25,0,40,2007,
5501318,"Bourkhis, Adnen",TUN,M,,,,1926,AUG25,0,20,1974,
5506638,"Bourourou, Ahmed",TUN,M,,NA,,1570,AUG25,0,20,2005,i
5528526,"Bouslama, Youssef",TUN,M,,,,1737,AUG25,9,40,2013,
5506069,Bousnina Mourad,TUN,M,,FA,,1913,AUG25,0,40,1980,
5503639,"Bousrih, Maher",TUN,M,,NI,,1698,AUG25,6,20,1976,
5504171,"Boussama, Hmida",TUN,M,,,,1889,AUG25,0,20,0,i
5533295,"Bousselmi, Chahd",TUN,F,,,,1731,AUG25,6,20,2005,w
5507340,"Bousselmi, Moez",TUN,M,,NA,,1667,AUG25,0,40,1972,i
5502608,"Boussouibaa, Moncef",TUN,M,,,,1934,AUG25,0,40,0,i
5517702,"Bouzaiane,Mariem",TUN,F,,,,1428,AUG25,0,40,2006,wi
5501326,"Bouzgarrou, Houdhaifa",TUN,M,,,,1929,AUG25,0,40,1989,i
5507502,"Bouzid, Taher",TUN,M,,,,1759,AUG25,0,40,1957,i
5511429,"Bouzidi, Abdessalem",TUN,M,,,,1741,AUG25,0,40,1977,
5501733,"Bouzidi, Ahmed",TUN,M,CM,,,2164,AUG25,9,20,1986,
5507286,"Bouzidi, Ridha",TUN,M,,,,1874,AUG25,0,20,1982,
5525756,"Brahim, Dhiaeddine",TUN,M,,,,1645,AUG25,0,40,2004,i
5524911,"Bribech,Mohamed Adnene",TUN,M,,,,1727,AUG25,0,40,1997,i
5537584,"Chaabane, Ayoub",TUN,M,,,,1515,AUG25,0,40,2006,i
5509777,"Chaabane, Hafedh",TUN,M,,,,1623,AUG25,0,40,1956,
5507952,"Chaabane, Sarhane",TUN,M,,,,1741,AUG25,0,40,1982,
5525500,"Chaabane,Rayen",TUN,M,,,,1677,AUG25,0,20,2000,i
5501989,"Chaabani, Abdelkader",TUN,M,,,,1843,AUG25,0,40,1948,i
5509661,"Chaalane, Saddam",TUN,M,,,,1768,AUG25,0,40,1991,i
5544319,"Chabbouh,Mohamed Rayen",TUN,M,,,,ACM,AUG25,1499,2,2000,
5546680,"Chabchoub,Badr Bilel",TUN,M,,,,1882,AUG25,9,40,2007,
5508100,"Chafai, Khalil",TUN,M,,,,1881,AUG25,0,20,1991,i
5505500,"Chahdoura, Slim",TUN,M,,,,1678,AUG25,0,40,0,i
5514673,Chahed Mourad,TUN,M,,,,1816,AUG25,0,20,1970,i
5508118,"Chairat, Dorra",TUN,F,,,,1429,AUG25,0,40,2007,wi
5508134,"Chairat, Malek",TUN,M,,,,1518,AUG25,0,40,2004,i
5522196,Chakchouk Kenza,TUN,F,,,,1401,AUG25,0,40,2012,wi
5517400,"Chakroun, Wael",TUN,M,FM,,,2112,AUG25,9,40,2007,
5558646,"Chalghoumi, Ahmed",TUN,M,,,,1505,AUG25,0,40,2007,
5512220,Challouf Salah,TUN,M,,,,1759,AUG25,0,40,1976,
5502616,"Chamam, Nazih",TUN,M,,,,1982,AUG25,0,20,1982,
5506956,"Chamekh, Ahmed",TUN,M,,NA,,1877,AUG25,0,20,1970,
5544246,"Chamri,Mohamed Nadhir",TUN,M,,,,1765,AUG25,0,40,1998,
5550343,"Chamsi, Mohamed",TUN,M,,,,1478,AUG25,0,40,2002,
5541450,"Chaouech,Oussama",TUN,M,,,,1756,AUG25,7,40,1991,
5500478,"Charfeddine, Akram",TUN,M,,SI,,1859,AUG25,0,20,1985,
5533120,"Charfeddine, Amin",TUN,M,,,,1517,AUG25,0,40,2006,i
5524628,"Charfeddine,Chadi",TUN,M,,,,1556,AUG25,6,40,2012,
5519136,"Charfeddine,Khaled",TUN,M,,,,1882,AUG25,0,40,1986,
5512441,"Charfi, Wadii",TUN,M,,,,1867,AUG25,0,40,1973,i
5509793,"Chargui, Saleh",TUN,M,,,,1736,AUG25,0,20,1952,
5520592,"Chbil,Chaima",TUN,F,,NA,,1473,AUG25,0,20,2006,w
5511445,"Chebbi, Amin",TUN,M,,,,1429,AUG25,0,40,2007,i
5511453,"Chebbi, Rayen",TUN,M,,,,1541,AUG25,0,40,2009,i
5519268,"Chehaidar,Hedi",TUN,M,,,,1627,AUG25,0,40,2003,i
5500303,"Cheikh Mhamed, Kamel",TUN,M,,,,2009,AUG25,7,20,1966,
5504457,"Cheikh Mohamed, Youssef",TUN,M,,,,1592,AUG25,0,40,0,i
5503655,"Chelli, Hichem",TUN,M,,,,1772,AUG25,0,20,1976,
5503906,"Chelly, Hichem",TUN,M,,,,1842,AUG25,0,40,0,
5516200,"Chelly, Yahya",TUN,M,CM,,,1948,AUG25,18,40,2010,
5534461,"Chennoufi, Hamza",TUN,M,,,,AIM,AUG25,1602,8,2009,
5535891,"Cherif, Ahmed",TUN,M,,,,1486,AUG25,0,40,2007,i
5532396,"Cherif, Mondher",TUN,M,,,,1737,AUG25,0,40,1960,i
5509874,"Cherif, Omar",TUN,M,,,,1675,AUG25,0,20,2005,i
5504422,"Chihi, Ghada",TUN,F,WCM,WCM,,1464,AUG25,0,40,2007,wi
5504430,"Chihi, Malek",TUN,F,WCM,WCM,,1797,AUG25,0,20,2003,wi
5504449,"Chihi, Roua",TUN,F,,NA,,1555,AUG25,0,20,2001,wi
5500427,"Chikhaoui, Walid",TUN,M,FM,,,2065,AUG25,0,20,1978,
5508665,"Chorfen, Youssef",TUN,M,,,,1943,AUG25,0,20,2001,
5501822,"Chouchane, Amine",TUN,M,CM,FA,,1973,AUG25,0,20,1991,
5507707,"Chouchane, Hichem",TUN,M,,NA,,1624,AUG25,0,40,1980,i
5509890,"Chouchane, Mohamed",TUN,M,,,,1972,AUG25,0,20,1979,i
5521939,"Chouchane,Wassim",TUN,M,,,,1569,AUG25,0,40,2003,i
5514339,Chouk Taha,TUN,M,,,,1408,AUG25,0,40,2004,i
5503272,"Daami, Brahim",TUN,M,,,,2016,AUG25,0,40,0,i
5545552,"Dahech,Ahmed",TUN,M,,,,1515,AUG25,0,40,1986,
5501369,"Dahman, Islam",TUN,M,,,,1963,AUG25,0,40,1986,i
5504473,"Dahmani, Sami",TUN,M,CM,NA,,1775,AUG25,0,20,2006,
5501377,"Dahmen, Chady",TUN,M,,,,1781,AUG25,0,40,0,i
5500494,"Dai, Salem",TUN,M,,NA,,1677,AUG25,0,40,1973,i
5554691,"Dalhoumi, Salah",TUN,M,,,,1662,AUG25,0,40,1973,
5502446,"Dali, Mohamed Souhaib",TUN,M,CM,,,1798,AUG25,0,20,1998,i
5522323,Dammak Mohamed Amine,TUN,M,,,,1783,AUG25,11,40,2010,
5501385,"Daouas, Naceur",TUN,M,,,,1959,AUG25,0,40,0,i
5509785,"Daoud, Mohamed",TUN,M,,,,1681,AUG25,0,40,1948,i
5545579,"Daoud,Mohamed Amine",TUN,M,,,,1575,AUG25,8,40,2011,
5529859,"Darwaz,Adam",TUN,M,,,,1441,AUG25,0,40,2007,i
5511208,"Debbiche, Ala Edddine",TUN,M,,,,1905,AUG25,0,40,1997,i
5518679,"Dekhili,Aymen",TUN,M,,,,1696,AUG25,0,40,1980,
5513545,Derouiche Mohamed Ramy,TUN,M,,,,1732,AUG25,2,20,2004,
5513251,Derouiche Omar,TUN,M,,,,1644,AUG25,1,40,2007,
5555647,"Derouiche,Aymen",TUN,M,,,,1573,AUG25,0,40,1994,
5520070,"Derouiche,Hatem",TUN,M,,NA,,1612,AUG25,0,40,1971,i
5515726,Dhamani Sami,TUN,M,,,,1634,AUG25,0,40,2001,i
5502470,"Dhaouadi, Nejmeddine",TUN,M,,,,2099,AUG25,0,40,1974,i
5534216,"Dimassi, Yasmine",TUN,F,,,,1531,AUG25,7,40,2016,w
5548578,"Dimassi,Yahya",TUN,M,,,,1539,AUG25,6,40,2018,
5502390,"Dimessi, Naoufel",TUN,M,,,,1944,AUG25,0,40,1971,
5514509,Djebbi Mohamed,TUN,M,,,,1737,AUG25,0,40,1968,i
5500079,"Doghri, Nabil",TUN,M,FM,FT,,2297,AUG25,0,20,1964,
5500508,"Douissa, Oussama",TUN,M,FM,,,2231,AUG25,0,20,1984,
5504147,"Dridi, Abderrazek",TUN,M,,,,1956,AUG25,0,20,1970,
5500133,"Dridi, Ali",TUN,M,FM,,,2292,AUG25,0,20,0,i
5524750,"Drira,Rihem",TUN,F,,,,1480,AUG25,0,40,2012,wi
5507570,"El Abed, Amine",TUN,M,,,,1661,AUG25,0,40,2003,i
5508991,EL BAHRI Mohamed Islam,TUN,M,,,,1491,AUG25,0,40,2006,i
5529581,"El Behi, Hatem",TUN,M,,,,1748,AUG25,8,40,2011,
5546630,"El Behiri,Nejah",TUN,F,,,,1753,AUG25,0,40,1985,w
5515637,El Ghozzi Ahmed,TUN,M,,,,1596,AUG25,0,20,2006,i
5502292,"El Heni, Adel",TUN,M,,,,1580,AUG25,0,40,1969,i
5529107,"El Kefi,Yasmine",TUN,F,,,,1442,AUG25,6,40,2013,w
5500524,"El Kout, Youssef",TUN,M,,,,1741,AUG25,0,40,1969,i
5534518,"El Masek, Iyed",TUN,M,,,,1452,AUG25,0,40,2003,i
5501024,"El, Kamel Adel Mahmoud",TUN,M,,,,2149,AUG25,0,20,1971,
5512999,"Elabed, Yassine",TUN,M,,,,1427,AUG25,0,40,2009,i
5555868,"Elair,Karim",TUN,M,,,,1736,AUG25,0,40,1980,
5506433,"Elayeb, Med Yessine",TUN,M,,,,1807,AUG25,0,20,2001,i
5510686,"Elkout, Youssef",TUN,M,,,,1537,AUG25,0,40,1969,i
5535611,"Elleuch, Siwar",TUN,F,,,,1414,AUG25,6,40,2006,w
5507391,"Ellouz, Mekki",TUN,M,,,,1523,AUG25,0,40,1984,
5540046,"Ellouze, Mohamed",TUN,M,,,,1432,AUG25,0,40,2008,i
5516684,"Ennaifer,Dorra",TUN,F,,,,1458,AUG25,0,40,2004,wi
5523524,Essassi Mehdi,TUN,M,,,,1543,AUG25,0,40,2004,i
5504503,"Essid, Dhafer",TUN,M,,NA,,1525,AUG25,0,20,2006,i
5506972,"Essid, Jamel",TUN,M,,,,1952,AUG25,0,40,1970,i
5550823,"Essid,Youssef",TUN,M,,,,1529,AUG25,4,40,2009,
5513375,Ezzeddine Mohamed Amine,TUN,M,,,,1651,AUG25,0,20,2005,i
5502306,"Ezzine, Mohamed",TUN,M,,NA,,1894,AUG25,0,20,1977,
5518865,"Ezzine,Houssem",TUN,M,,,,1741,AUG25,0,40,1988,i
5511836,"Faiek, Mongi",TUN,M,,,,1906,AUG25,0,40,1966,i
5507359,"Fares, Naoufel",TUN,M,,,,1740,AUG25,0,40,1978,i
5525047,"Farhani,Aziz",TUN,M,,,,1902,AUG25,0,20,2002,
5526868,"Farhat, Amen Allah",TUN,M,,,,1453,AUG25,0,40,2010,i
5526892,"Farhat, Assil",TUN,F,,,,1551,AUG25,0,40,2008,wi
5503060,"Farhat, Mohamed Tawfik",TUN,M,,,,1800,AUG25,7,20,1967,
5550408,"Fatnassi,Raed",TUN,M,,,,1550,AUG25,0,40,2016,
5534879,"Fayech, Mohamed Aziz",TUN,M,,,,1541,AUG25,3,40,2012,
5534887,"Fayech, Youssef",TUN,M,,,,1531,AUG25,3,40,2009,
5532450,"Fejari, Jemaa",TUN,M,,,,1811,AUG25,0,40,1962,i
5500532,"Fekih, Brahim",TUN,M,,,,1954,AUG25,0,40,1974,i
5506263,"Fekih, Firas",TUN,M,,,,1784,AUG25,0,40,1997,
5504520,"Fekih, Firas -16",TUN,M,,,,1727,AUG25,0,40,0,i
5555400,"Ferchichi, Mohamed Malek",TUN,M,,,,1426,AUG25,0,40,2008,
5506980,"Ferchichi, Sofiane",TUN,M,,,,1882,AUG25,0,20,1970,
5517257,"Ferjani, Mohamed Islem",TUN,M,,,,1485,AUG25,0,40,2010,i
5507332,"Ferjaoui, Khaled",TUN,M,,,,1743,AUG25,0,20,1963,
5539633,"Ferjaoui, Mohamed Karim",TUN,M,,,,1630,AUG25,0,40,1994,
5509807,"Fitouri, Maher",TUN,M,,,,1596,AUG25,0,40,1963,
5563810,"Fkih, Mohamed Taha",TUN,M,,,,1649,AUG25,8,40,2008,
5520711,"Frej, Chedly",TUN,M,,,,1929,AUG25,16,40,2007,
5543568,"Frej,Nayrouz",TUN,F,,,,1425,AUG25,0,40,2010,w
5512204,Gaamour Nabil,TUN,M,,,,1936,AUG25,0,40,1971,i
5513421,Gabsi Amine,TUN,M,,,,1670,AUG25,0,20,2005,
5539536,"Gabsi, Ahmed Rayen",TUN,M,,,,1548,AUG25,2,40,2009,
5540704,"Gabsi,Israa",TUN,F,,,,1453,AUG25,4,40,2010,w
5506441,"Gadhab, Farouk",TUN,M,,,,1705,AUG25,0,40,1999,i
5504554,"Gadhab, Tarek",TUN,M,,,,1793,AUG25,0,20,1966,
5502195,"Gaieb, Amen Allah",TUN,M,,,,2019,AUG25,0,20,1988,
5531640,"Gaied, Mourad",TUN,M,,,,1579,AUG25,0,40,1967,
5504570,"Gamha, Mortadha",TUN,M,,,,1521,AUG25,0,40,0,i
5504589,"Gamha, Sadok",TUN,M,,NA,,1582,AUG25,0,20,2005,
5505038,"Gamha, Yasmine",TUN,F,WCM,WCM,,1794,AUG25,6,40,2007,w
5505046,"Gamha, Yassine",TUN,M,,,,1450,AUG25,0,40,0,i
5550939,"Gargouri,Helmi",TUN,M,,,,1636,AUG25,0,40,2006,i
5504058,"Garrab, Ali",TUN,M,,,,1955,AUG25,0,40,0,i
5511844,"Gasmi, Walid",TUN,M,,,,1912,AUG25,0,20,1991,i
5500249,"Gassouma, Mohamed",TUN,M,,,,2037,AUG25,0,40,1979,i
5506271,"Ghali, Mehdi",TUN,M,,,,1815,AUG25,0,40,1990,i
5502071,"Ghalia, Daly",TUN,F,,,,1723,AUG25,0,20,1996,wi
5525446,Ghalleb Chiheb,TUN,M,,,,1717,AUG25,0,40,1972,i
5507324,"Ghanem, Khaled",TUN,M,,,,1810,AUG25,0,20,1957,
5531993,"Gharbi, Houmem",TUN,M,,,,1468,AUG25,0,40,2006,i
5512700,"Gharbi, Nabil",TUN,M,,,,1657,AUG25,6,40,1973,
5538246,"Gharsallah, Seif",TUN,M,,,,1586,AUG25,0,40,2003,
5506476,"Gharssalli, Fathi",TUN,M,,,,1941,AUG25,0,40,1973,i
5539463,"Ghobber, Tayaa",TUN,M,,,,1910,AUG25,0,40,1986,
5545650,"Ghorbel,Yassine",TUN,M,,,,1490,AUG25,0,40,2003,i
5513430,Ghozi Ahmed,TUN,M,,,,1611,AUG25,0,40,2006,i
5547440,"Ghrairi,Rayen",TUN,M,,,,1767,AUG25,0,40,2008,
5534038,"Ghzala,Ahmed",TUN,M,,,,1704,AUG25,0,40,2000,i
5501393,"Glaoui, Houssemeddine",TUN,M,,,,1741,AUG25,0,40,1997,i
5504597,"Glissa , Hachem -12",TUN,M,,,,1690,AUG25,0,40,0,i
5505526,"Grin, Majdi",TUN,M,,,,1715,AUG25,0,40,0,i
5506450,"Guesmi, Khaled",TUN,M,,,,1735,AUG25,0,40,1999,i
5506697,"Guidara, Rawia",TUN,F,,,,1571,AUG25,0,20,2003,wi
5506875,"Guidara, Rayen",TUN,M,,,,1608,AUG25,0,40,2006,i
5520061,"Guirat, Saber",TUN,M,,,,2000,AUG25,0,20,1992,
5521246,Hachani Abdelmajid,TUN,M,,,,1647,AUG25,0,40,1960,i
5556627,"Hachicha,Ahmed Amine",TUN,M,,,,1532,AUG25,0,40,1984,
5525462,Hadded Omar,TUN,M,,,,1709,AUG25,0,40,1975,i
5548411,"Hadhek,Lina",TUN,F,,,,1548,AUG25,5,40,2015,w
5529140,"Hadj Hassan, Chaima",TUN,F,,,,1407,AUG25,4,40,2012,w
5512689,Hafnaoui Hamdi,TUN,M,,,,1576,AUG25,0,40,1978,
5502209,"Hafsa, Adem",TUN,M,,,,1653,AUG25,3,40,1966,
5540739,"Hafsa,Yessine",TUN,M,,,,1632,AUG25,17,40,2014,
5521858,Haithem Bou Chrit,TUN,M,,,,1405,AUG25,0,40,1986,i
5507960,"Haj Amor, Ahmed",TUN,M,,,,1447,AUG25,0,40,1973,i
5504066,"Haj Ayed, Mohamed",TUN,M,,,,1983,AUG25,0,40,0,i
5529255,"Haj Hassen, Mohamed Yassin",TUN,M,,NA,,1452,AUG25,0,40,2003,i
5515033,Haj Med Yacine,TUN,M,,,,1403,AUG25,0,40,2003,i
5529654,"Hajri, Mohamed Amine",TUN,M,,,,1490,AUG25,0,40,2011,i
5510651,"Halimi, Jalel",TUN,M,,,,1873,AUG25,0,40,1970,
5515416,Haloui Saber,TUN,M,,,,1741,AUG25,0,40,1980,
5521068,Hamda Chaouch,TUN,M,,,,1516,AUG25,0,40,1987,i
5530954,"Hamdi, Houssem",TUN,M,,,,1783,AUG25,0,40,1988,
5515696,Hammad Mahdi,TUN,M,,,,1759,AUG25,0,40,2001,i
5513456,Hammami Youssef,TUN,M,,,,1522,AUG25,0,40,2005,i
5535956,"Hammami, Adem",TUN,M,,,,1486,AUG25,0,40,2008,i
5538289,"Hammami, Mohamed Amine",TUN,M,,,,1569,AUG25,0,40,2006,i
5507120,"Hammouda, Adel",TUN,M,,,,1932,AUG25,0,40,1964,i
5507456,"Hamrouni, Farid",TUN,M,,,,1845,AUG25,0,40,1971,i
5518806,"Hamza,Yasser",TUN,M,,,,1636,AUG25,0,40,1994,i
5552079,Hamzaoui Nael,TUN,M,,,,1546,AUG25,8,40,2000,
5511534,"Hamzaoui, Khalil",TUN,M,,,,1933,AUG25,8,20,1999,
5504201,"Hamzi, Issam",TUN,M,,,,1797,AUG25,0,40,0,i
5507251,Hanen  Montero,TUN,F,,,,1675,AUG25,0,20,1991,w
5507979,"Haouari, Amor",TUN,M,,,,1764,AUG25,0,20,1950,
5503426,"Haouas, Zeineb",TUN,F,,NA,,1542,AUG25,0,40,2005,wi
5512484,"Harbaoui,Hattab",TUN,M,,,,1959,AUG25,0,40,1967,i
5503698,"Harzalli, Oussama-14",TUN,M,,,,1620,AUG25,0,40,1999,i
5517591,"Hasnaoui, Amen Allah",TUN,M,,,,1562,AUG25,0,40,2009,
5517362,"Hasnaoui,Abrar",TUN,F,,,,1503,AUG25,0,40,2011,w
5534976,"Hassan, Adam",TUN,M,,,,1601,AUG25,2,40,2010,
5507715,"Hassine, Dhaker",TUN,M,,,,1617,AUG25,0,40,1993,i
5506492,"Hbacha, Achraf",TUN,M,IM,,,2173,AUG25,0,20,1999,
5506190,"Helali, Abdessalem",TUN,M,,,,1834,AUG25,0,40,1969,i
5530571,hemdani Oubay,TUN,M,,,,1530,AUG25,8,40,2011,
5530652,"Hemdani, Amen Allah",TUN,M,,,,1462,AUG25,0,40,2005,i
5530660,"Hemdani, Iyed",TUN,M,,,,1594,AUG25,0,40,2008,
5504228,"Heni, Maher",TUN,M,,,,1926,AUG25,0,40,0,i
5523150,"Heni,Ahmed Sari",TUN,M,,,,1526,AUG25,0,40,2007,i
5500583,"Hergli, Amir",TUN,M,,,,1944,AUG25,0,20,1980,
5503728,"Hergli, Khaled",TUN,M,,,,1828,AUG25,0,20,1994,i
5501008,"Hidoussi, Maroua",TUN,F,,,,1734,AUG25,0,40,1991,wi
5503434,"Hilali, Wissal",TUN,F,WCM,WCM,,1644,AUG25,0,20,1998,w
5505445,"Hizi, Faleh",TUN,M,,,,1877,AUG25,0,20,1968,
5515351,Hlaoui Saber,TUN,M,,,,1677,AUG25,0,40,1980,i
5550947,"Hlaymi,Mojtaba",TUN,M,,,,1507,AUG25,0,40,2005,i
5500036,"Hmadi, Slaheddine",TUN,M,IM,,,2261,AUG25,0,20,0,i
5501032,"Hmam, Mohamed",TUN,M,,,,2011,AUG25,0,20,1970,
5502640,"Hmida, Mohamed",TUN,M,,NA,,1837,AUG25,0,20,2001,
5513413,Hmila Amine,TUN,M,,,,1467,AUG25,0,40,2005,i
5509920,"Hmila, Alaa",TUN,M,,,,1576,AUG25,0,20,2003,i
5514029,Hmili Maryem,TUN,F,,NA,,1495,AUG25,0,40,1991,wi
5502985,"Hmissi, Wael",TUN,M,,,,1782,AUG25,0,40,0,i
5504627,"Hwass, Amina",TUN,F,,,,1453,AUG25,0,40,2007,wi
5504643,"Hwass, Zaineb",TUN,F,WCM,WCM,,1699,AUG25,0,20,2005,wi
5528267,Ismail Iyed,TUN,M,,,,1487,AUG25,5,40,2012,
5502659,"Ismail, Hassen",TUN,M,,,,1992,AUG25,0,20,1988,i
5537983,"Issaoui, Abdelkader",TUN,M,,,,1652,AUG25,0,40,1968,
5501423,"Jaballah, Moncef",TUN,M,,FI,,1967,AUG25,0,20,1969,
5519640,"Jaballah,Mohamed",TUN,M,,,,1601,AUG25,0,20,1988,
5503108,"Jabloun , Bilel",TUN,M,,,,1993,AUG25,0,20,0,
5563313,"Jabrane, Ayoub",TUN,M,,,,1594,AUG25,9,40,2009,
5513286,"Jalleli,Youssef",TUN,M,,,,1797,AUG25,0,40,2007,
5514517,Jallouli Mohamed Amine,TUN,M,,,,1713,AUG25,0,40,1985,i
5550840,"Jammoussi,Taoufik",TUN,M,,,,1528,AUG25,0,40,2008,
5523710,"Jaouadi, Saif Eddine",TUN,M,,,,1684,AUG25,0,40,1981,
5505836,"Jaouani, Slim",TUN,M,,,,1995,AUG25,0,20,1979,
5519144,"Jaoued,Najeh",TUN,M,,,,1727,AUG25,0,40,1972,
5500885,"Jarraya, Zied",TUN,M,,,,2151,AUG25,0,20,1988,
5519560,"Jatlaoui,Mohamed Amine",TUN,M,,,,1871,AUG25,0,40,1980,i
5516633,"Jaziri, Yassine",TUN,M,,,,1554,AUG25,0,20,2006,i
5513901,Jbara Amira,TUN,F,,,,1508,AUG25,0,20,2006,wi
5517761,"Jbeli,Nabil",TUN,M,,NA,,1655,AUG25,0,40,1977,
5500214,"Jday, Wassim",TUN,M,,,,2109,AUG25,0,20,1978,i
5505097,"Jday, Zoubeir",TUN,M,,,,1552,AUG25,0,40,2005,i
5511992,Jedidi Abdellatif,TUN,M,,,,1687,AUG25,0,40,1968,i
5556821,"Jelili, Yassine",TUN,M,,,,1459,AUG25,0,40,2004,
5500591,"Jemai, Akram",TUN,M,,,,2187,AUG25,0,20,1986,
5515432,Jenhani Mohamed,TUN,M,,,,1908,AUG25,0,40,1983,i
5538297,"Jerbi, Najd",TUN,M,,,,1443,AUG25,0,40,2006,i
5516641,"Jerraya,Youssef",TUN,M,,,,1544,AUG25,0,20,2006,i
5520088,"Jghwel,Ahmed",TUN,M,,,,1517,AUG25,0,40,1993,i
5519845,"Jguiel,Ahmed",TUN,M,,,,1669,AUG25,0,20,1952,
5534534,"Jguil, Ahmed",TUN,M,,,,1587,AUG25,0,40,1993,i
5501121,"Jguirim, Wafa",TUN,F,,,,1569,AUG25,0,40,1989,wi
5536952,"Jinaoui, Hedi",TUN,M,,,,1429,AUG25,0,40,2003,i
5505844,"Jlajla, Imed",TUN,M,,,,1899,AUG25,0,20,1968,
5515874,"Jlajla,Amine",TUN,M,,,,1694,AUG25,8,40,2009,
5521653,"Jlajla,Wajdi",TUN,M,,,,1520,AUG25,0,40,2005,i
5512786,Jlassi Sofiene,TUN,M,,,,2034,AUG25,0,40,1969,i
5515289,Jlejla Wajdi,TUN,M,,,,1596,AUG25,0,40,2005,i
5500605,"Jmila, Omar",TUN,M,,,,2057,AUG25,0,20,1985,i
5507472,"Jomaa, Fawzi",TUN,M,,,,1664,AUG25,0,20,1979,
5535867,"Jouini, Ezzeddine",TUN,M,,,,1465,AUG25,0,40,1963,
5553237,"Jridi,Mohamed Hedi",TUN,M,,,,1864,AUG25,0,40,1981,
5508240,"Kaabi, Iheb",TUN,M,,,,1827,AUG25,0,20,1994,
5500044,"Kaabi, Mejdi",TUN,M,IM,,,2227,AUG25,0,20,1961,i
5525136,"Kaabi,Omar",TUN,M,,,,1502,AUG25,0,40,2006,i
5530814,"Kacem, Slim",TUN,M,,,,1774,AUG25,0,40,1986,
5502870,"Kachti, Anouar",TUN,M,,,,1747,AUG25,0,20,1967,i
5500168,"Kahla, Souhaiel",TUN,M,,,,2033,AUG25,6,20,1974,
5505135,"Kahlaoui, Hassen",TUN,M,,,,1824,AUG25,0,20,0,i
5532418,"Kahlaoui, Jawhar",TUN,M,,,,1733,AUG25,0,40,2000,
5503124,"Kalai, Jihad",TUN,M,,,,1997,AUG25,0,20,0,i
5504236,"Kalai, Jihed",TUN,M,,,,1962,AUG25,0,40,0,i
5505356,"Kallala , Abbas",TUN,M,,,,1598,AUG25,0,40,0,
5533317,"Kallel, Malek",TUN,F,,,,1410,AUG25,0,40,2006,wi
5540305,"Kammoun, Adam",TUN,M,,,,1519,AUG25,0,40,2014,
5505364,"Kamoun, Amine",TUN,M,,,,1612,AUG25,0,40,0,
5518482,"Kanzari, Slim",TUN,M,,,,1690,AUG25,0,40,1984,i
5524865,"Karchoud,Manar",TUN,F,,,,1438,AUG25,0,40,2001,wi
5501750,"Karoui, Seif Eddine",TUN,M,,,,2093,AUG25,0,40,1978,i
5537576,"Kechaou, Malek",TUN,M,,,,1657,AUG25,0,40,1985,i
5515181,"Kefi, Malik",TUN,M,,,,1519,AUG25,0,40,2007,i
5540534,"Ketata,Rayhane",TUN,F,,,,1417,AUG25,0,40,2007,w
5519500,"Khabou,Mohamed Taha",TUN,M,,,,1615,AUG25,0,40,1994,i
5507189,"Khadhraoui, Ramzi",TUN,M,,FA,,1762,AUG25,0,40,1977,i
5520290,"Khadhraoui,Ramzi Ben Fathi",TUN,M,,,,1551,AUG25,0,40,2003,i
5511852,"Khadraoui, Salem",TUN,M,,,,1862,AUG25,0,40,1974,
5515297,Khaled Kilani,TUN,M,,,,1443,AUG25,0,40,2007,i
5533430,"Khaled, Souheib",TUN,M,,,,1654,AUG25,0,40,1972,i
5511216,"Khalfa, Mhamed",TUN,M,,,,1870,AUG25,0,20,1996,i
5550300,Khalil Ben Abdallah,TUN,M,,,,1487,AUG25,0,40,2011,
5528160,kharat Oways,TUN,M,,,,1575,AUG25,2,40,2015,
5521661,"Kharbech,Driss",TUN,M,,,,1534,AUG25,0,40,2008,i
5522951,"Kharbech,Lamis",TUN,F,,,,1416,AUG25,0,40,2004,wi
5508703,"Khaskhoussi, Zied",TUN,M,,,,1861,AUG25,0,40,1979,i
5523532,Khayriddine Battikh,TUN,M,,,,1836,AUG25,0,20,1995,
5505151,"Khemakhem, Youssef",TUN,M,,,,1759,AUG25,0,40,0,i
5508274,"Khemiri, Mohamed Dhia Eddine",TUN,M,,,,1789,AUG25,0,20,1996,
5530202,Khenissi Radhouane,TUN,M,,,,1633,AUG25,0,20,1988,
5509696,"Khlaf, Bassem",TUN,M,,,,1668,AUG25,0,40,1963,i
5501768,"Khlif, Ahmed",TUN,M,,,,2119,AUG25,0,40,1972,i
5500630,"Kilani, Kamel",TUN,M,,NA,,2046,AUG25,0,20,1979,i
5508282,Klai Abdelhalim,TUN,M,,,,1761,AUG25,0,40,1965,
5503736,"Knani, Ghada",TUN,F,,,,1672,AUG25,0,20,0,wi
5524504,Kolsi Amine,TUN,M,,,,1584,AUG25,0,40,2005,i
5508606,"Kolsi, Mohamed Aziz",TUN,M,,,,1759,AUG25,2,40,2009,
5505380,"Korbi, Aziz",TUN,M,,,,1504,AUG25,0,40,0,i
5507405,"Kouki, Khaled",TUN,M,,,,1733,AUG25,0,40,1967,i
5507898,"Kourda, Chedy",TUN,M,,,,1618,AUG25,0,40,2008,i
5530539,Kraiem Bilel,TUN,M,,,,1592,AUG25,8,40,2010,
5549345,"Krichen, Achref",TUN,M,,,,1506,AUG25,0,40,2008,
5546109,"Krid, Saif Eddine",TUN,M,,,,1529,AUG25,0,40,1999,
5500648,"Krifa, Med",TUN,M,,,,2133,AUG25,0,40,1974,i
5501040,"Krifa, Najla",TUN,F,WFM,WFM,IA,1851,AUG25,0,20,1992,wi
5501440,"Ktita, Dhafer",TUN,M,,,,1942,AUG25,0,20,1984,
5548330,"Laajimi,Anass",TUN,M,,,,1720,AUG25,8,40,2005,
5505160,"Laaribi, Adem",TUN,M,,,,1528,AUG25,0,40,0,
5519713,"Laaribi,Mariem",TUN,F,,,,1613,AUG25,0,40,2009,w
5519705,"Laaribi,Mohamed Ali",TUN,M,,,,1416,AUG25,0,40,2010,i
5535360,"Labbaoui, Adem",TUN,M,,,,1636,AUG25,6,40,2015,
5531403,"Labiadh, Firas",TUN,M,,,,1773,AUG25,0,40,1999,
5503450,"Lachheb , Sondes",TUN,F,,,,1458,AUG25,0,40,1998,wi
5539285,"Ladhari, Mohamed Ali",TUN,M,,,,1657,AUG25,0,40,1979,
5500125,"Lagha, Khelil",TUN,M,,,,2205,AUG25,0,20,0,i
5532477,"Lahmadi, Abderrahman",TUN,M,,,,1846,AUG25,0,40,1996,i
5502063,"Lahmar, Chaima",TUN,F,,,,1729,AUG25,0,20,1997,wi
5504074,"Lahmar, Habib",TUN,M,,,,1983,AUG25,0,40,0,i
5503540,"Lahmar, Jalel",TUN,M,,,,2097,AUG25,0,40,0,i
5532426,"Lahmedi, Abderrahmen",TUN,M,,,,1719,AUG25,0,40,1996,i
5502403,"Lahouimel, Omar",TUN,M,FM,,,2037,AUG25,0,20,1996,
5501580,"Landolsi, Haitem",TUN,M,,,,1906,AUG25,0,40,0,i
5520045,"Landolsi,Omar",TUN,M,,,,1648,AUG25,5,40,2013,
5500290,"Laouini, Sami",TUN,M,,,,2074,AUG25,0,20,1970,i
5531705,"Laouiti, Ali",TUN,M,,,,1441,AUG25,0,20,2005,i
5521300,Lasmar Ahmed,TUN,M,,,,1805,AUG25,0,40,1980,
5532507,"Lassoued, Kais",TUN,M,,,,1885,AUG25,0,40,1978,i
5501598,"Latiri, Tahar",TUN,M,,,,1926,AUG25,0,40,0,i
5550335,"Lazrag, Zied",TUN,M,,,,1544,AUG25,5,40,1998,
5503515,"Limam, Bassem",TUN,M,,,,2079,AUG25,0,40,0,
5525160,"Louati, Skandar",TUN,M,,,,1633,AUG25,0,40,1993,
5504660,"Loued, Abdessatar",TUN,M,,,,1645,AUG25,0,40,1998,i
5504112,"Maalaoui, Achraf",TUN,M,,,,AIM,AUG25,1918,0,1994,
5505879,"Maalmi, Khalil",TUN,M,,,,1871,AUG25,0,20,1986,
5526540,Maamar taha yassine,TUN,M,,,,1489,AUG25,0,40,2010,i
5518440,Maatar Abdeljabbar,TUN,M,,,,1982,AUG25,0,40,1956,
5500672,"Mabrouk, Fathi",TUN,M,,,,2034,AUG25,0,20,1984,i
5502276,"Mabrouk, Fethi",TUN,M,,"DI,NA",,1618,AUG25,0,40,1957,i
5500680,"Mabrouk, Nizar",TUN,M,,,,2011,AUG25,0,20,1980,
5503485,"Mabrouk, Syrine",TUN,F,WCM,WCM,,1728,AUG25,0,20,2000,wi
5519551,"Mabrouk,Rayen",TUN,M,,,,1631,AUG25,0,40,2003,i
5505887,"Mabrouki, Houssem Eddine",TUN,M,,NA,,1660,AUG25,0,20,1999,i
5540550,"Maftah,Mohamed",TUN,M,,,,1648,AUG25,2,40,2010,
5550033,Mahdi Elkabir,TUN,M,,,,1403,AUG25,0,40,2012,i
5539293,"Mahfoudh, Baha Eddine",TUN,M,,,,1732,AUG25,5,40,2005,
5535778,"Mahjoubi, Rabi",TUN,M,,,,1557,AUG25,0,40,1975,
5515483,Mahmoudi Chiheb,TUN,M,,,,1819,AUG25,0,40,1991,i
5526337,Mahmoudi Youssef,TUN,M,,,,1413,AUG25,0,40,2008,i
5534542,"Mahmoudi, Mouheb",TUN,M,,,,1675,AUG25,0,40,2005,i
5502764,"Majdoub, Amrou",TUN,M,,,,1771,AUG25,0,20,2001,i
5538220,"Majdoub, Eya",TUN,F,,,,1472,AUG25,0,40,2005,w
5503752,"Majdoub, Jihed",TUN,M,,,,1737,AUG25,0,20,2002,i
5502942,"Majdoub, Sofien",TUN,M,,,,1683,AUG25,0,40,1974,i
5508533,"Majdoub, Zeineb",TUN,F,,,,1407,AUG25,0,40,2009,w
5516528,"Majdoub,Elae",TUN,F,,,,1686,AUG25,12,40,2012,w
5523273,"Majdoub,Mouadh",TUN,M,,,,1633,AUG25,0,20,2004,
5508720,"MAJOUL, Fadhel",TUN,M,,,,1889,AUG25,0,20,1969,i
5558506,"Makdouli, Adem",TUN,M,,,,1521,AUG25,8,40,2015,
5534003,"Makhlouf, Lobna",TUN,F,,,,1769,AUG25,0,40,1981,w
5500060,"Malek, Farabi",TUN,M,FM,,,2250,AUG25,0,40,1965,i
5503140,"Malki, Mounir",TUN,M,,,,1646,AUG25,0,40,1944,
5549655,"Mallah,Abderrahmane",TUN,M,,,,1699,AUG25,4,40,2013,
5549663,"Mallah,Mohamed Khalil",TUN,M,,,,1496,AUG25,2,40,2014,
5513561,Mallek Seifeddine,TUN,M,,,,1460,AUG25,0,40,2004,i
5510538,"Mallek, Saif",TUN,M,,,,1663,AUG25,0,20,2004,
5507723,"Mammou, Sadok",TUN,M,,,,1716,AUG25,0,40,1965,
5551595,Mannoubi Ahmed,TUN,M,,,,1757,AUG25,9,40,2008,
5515521,Mansouri Montaha,TUN,F,,,,1429,AUG25,0,40,2007,wi
5523281,"Mardassi,Abdellatif",TUN,M,,,,1463,AUG25,0,40,2008,i
5507995,"Marrakchi, Mahdi",TUN,M,,NA,,1742,AUG25,0,40,1982,i
5511615,"Marroui, Sahbi",TUN,M,,,,1810,AUG25,0,40,1988,i
5501148,"Marzouk, Amira",TUN,F,WFM,WFM,,1818,AUG25,0,20,1988,wi
5507561,"Matmati, Ramzi",TUN,M,,,,1898,AUG25,0,20,1981,
5501156,"Matoussi, Amani",TUN,F,,NA,,1768,AUG25,0,20,1987,wi
5501164,"Matoussi, Amina",TUN,F,WFM,WFM,,1842,AUG25,0,20,1987,wi
5502322,"Matoussi, Wael",TUN,M,,,,2010,AUG25,0,20,1979,
5501172,"Mazita, Wafaa",TUN,F,,,,1740,AUG25,0,40,1989,wi
5501695,"Mbarki, Nasser",TUN,M,,,,1941,AUG25,0,20,1949,i
5500117,"Mbarki, Nasser",TUN,M,,,,1920,AUG25,0,40,1960,i
5543142,"Mbarki,Dhiaeddine",TUN,M,,,,1903,AUG25,12,40,2005,
5511968,Mchentel Abdessattar,TUN,M,,,,1804,AUG25,0,40,1967,i
5507413,"Mdaini, Najib",TUN,M,,,,1801,AUG25,0,40,1971,
5501474,"Mdallah, Afif",TUN,M,,FI,,1914,AUG25,0,20,1965,i
5509980,"Mechri, Hamza",TUN,M,,,,1698,AUG25,0,40,2001,i
5503000,"Meddeb, Amine",TUN,M,,FI,,1920,AUG25,0,20,1988,i
5501059,"Meddeb, Anis",TUN,M,FM,,,2074,AUG25,0,20,1978,
5501652,"Meddeb, Chadha",TUN,F,WIM,WIM,FA,1770,AUG25,0,20,1993,wi
5540992,"Medimegh,Hiba",TUN,F,,,,1503,AUG25,0,40,2015,w
5501660,"Meftahi, Houssem Eddine",TUN,M,IM,,,2107,AUG25,7,20,1994,
5522200,Mefteh Mahdi,TUN,M,,,,1448,AUG25,0,40,2013,
5517265,"Mefteh, Mohamed",TUN,M,,,,1410,AUG25,0,40,2010,i
5517737,"Mefteh,Meyssem",TUN,F,WFM,WFM,,1973,AUG25,0,40,2007,w
5518458,Mehamdi Ridha,TUN,M,,,,1899,AUG25,0,40,1996,i
5508339,Mehri Hamdi,TUN,M,,,,1817,AUG25,0,40,1994,i
5503159,"Mejri, Moncef",TUN,M,,,,1636,AUG25,0,20,0,
5556740,"Mejri,Mahdi",TUN,M,,,,1601,AUG25,0,40,2010,
5523729,"Mekki,Walid",TUN,M,,,,1536,AUG25,0,40,1981,
5513707,Mekni Wajih,TUN,M,,,,1717,AUG25,0,20,2000,
5507731,"Memni, Aymen",TUN,M,,,,1682,AUG25,0,40,1989,i
5507740,"Mendili, Khalil",TUN,M,,,,1837,AUG25,0,20,1988,
5541573,"Mendili,Jahed",TUN,M,,,,1828,AUG25,12,40,2015,
5510422,"Messaoudi, Fethi",TUN,M,,,,1719,AUG25,0,40,1961,i
5507758,"Messaoudi, Med Al Fethi",TUN,M,,,,1881,AUG25,0,40,1961,i
5500109,"Messedi, Mahmoud",TUN,M,,,,2230,AUG25,0,20,0,i
5516900,"Mezni, Elyes",TUN,M,,,,1807,AUG25,0,40,2010,
5503779,"Miladi, Amen",TUN,F,WFM,WFM,,1827,AUG25,7,20,2004,w
5503507,"Miladi, Chaher Eddine",TUN,M,,FI,,1945,AUG25,0,20,1958,
5506280,"Mimouna, Issam",TUN,M,,,,1741,AUG25,0,40,1998,i
5504252,"Mimouna, Kouraych",TUN,M,,,,1801,AUG25,0,40,0,
5512816,Missaoui Nizar,TUN,M,,,,1823,AUG25,0,40,1984,
5506514,"Mkaddem , Aymen",TUN,M,,,,1597,AUG25,0,40,1999,i
5535093,"Mlaouah, Mohamed Mehdi",TUN,M,,,,1733,AUG25,0,40,2008,i
5507766,"Mnakbi, Mohamed",TUN,M,,,,1837,AUG25,0,40,1984,i
5500710,"Mnasri, Mustapha",TUN,M,,,,1785,AUG25,0,40,1971,i
5513880,Moalla Yosr,TUN,F,,,,1580,AUG25,0,20,2001,wi
5505542,"Mokhtar, Tarek",TUN,M,,,,1870,AUG25,0,20,0,i
5502799,"Moussa, Ahmed",TUN,M,,,,1897,AUG25,0,20,1990,i
5515777,Mrizak Asma,TUN,F,,,,1558,AUG25,0,40,2001,wi
5506808,"Mrizek, Asma",TUN,M,,,,1561,AUG25,0,20,2003,i
5506816,"Mrizek, Omar",TUN,M,,,,1625,AUG25,0,40,2007,i
5531578,"Msalmi, Hamed",TUN,M,,,,1789,AUG25,0,20,1988,
45114226,"Naam, Shedy",TUN,M,,,,1487,AUG25,0,40,2008,i
5509653,"Nabli, Mohamed Hedi",TUN,M,,"FI,NA",,1819,AUG25,0,20,1984,i
5521114,Nadhir Trabelsi,TUN,M,,,,1704,AUG25,0,40,1995,i
5557917,"Nafouti, Habib",TUN,M,,,,1442,AUG25,0,40,1975,
5513812,"Naguez, Loujein",TUN,F,,,,1534,AUG25,12,40,2010,w
5523737,"Nahom,Perez",TUN,M,,,,1690,AUG25,0,40,1994,
5501490,"Najar, Chedly",TUN,M,,,,1983,AUG25,0,20,1944,i
5538734,"Najjar, Fares",TUN,M,,,,1456,AUG25,0,40,2015,
5503191,"Najjar, Khaled",TUN,M,,,,1955,AUG25,0,40,0,i
5508630,"Najjar, Seif",TUN,M,,,,1760,AUG25,0,20,2006,i
5514096,Nakhli Ghazi,TUN,M,,,,ACM,AUG25,1684,0,1984,i
5501075,"Naouali, Bechir",TUN,M,,,,1718,AUG25,0,40,0,
5507235,"Naoui, Kamel",TUN,M,,NA,,1930,AUG25,0,40,1978,i
5558689,"Nciri, AbdelKader",TUN,M,,,,1573,AUG25,0,40,2006,
5536545,"Nefla, Amine",TUN,M,,,,1542,AUG25,2,40,2005,
5505216,"Neggaz, Louey",TUN,M,,,,1701,AUG25,0,20,0,
5504708,"Neguez, Louay",TUN,M,,,,1630,AUG25,0,20,2006,i
5539471,"Neji, Mohamed",TUN,M,,,,1628,AUG25,0,40,2006,
5533155,"Nhaili, Mohamed Nour",TUN,M,,,,1429,AUG25,0,40,2005,i
5500869,"Njili, Kamel",TUN,M,IM,,,2414,AUG25,0,10,1982,
5502462,"Nouali, Mohamed",TUN,M,FM,,,2160,AUG25,0,20,2000,
5505950,"Nouir, Mohamed",TUN,M,,,,1821,AUG25,0,40,1978,
5503981,"Nouira, Najeh",TUN,M,,,,1886,AUG25,8,20,0,
5511631,"Noumi, Amir",TUN,M,,,,1840,AUG25,0,40,1989,i
5506522,"Ochi, Ghassen",TUN,M,,,,1821,AUG25,0,40,1993,i
5550050,Omar Zerriaa,TUN,M,,,,1474,AUG25,7,40,2013,
5510716,"Omri, Zouhaier",TUN,M,,,,1788,AUG25,0,40,1971,
5501601,"Ouannes, Majed",TUN,M,,,,1784,AUG25,0,20,2000,i
5521475,"Oudhini,Helmi",TUN,M,,,,1613,AUG25,0,40,2000,
5500087,"Ouechtati, Mohamed",TUN,M,,,,2259,AUG25,0,20,1956,i
5500729,"Ouederni, Abdelaziz",TUN,M,,NA,,1972,AUG25,0,40,1971,
5509211,OUNI Hazem,TUN,M,,,,1616,AUG25,0,40,2003,i
5505232,"Rabhi, Lotfi",TUN,M,,,,1683,AUG25,0,40,0,i
5514479,Ragoubi Faouzi,TUN,M,,,,1515,AUG25,0,40,1968,i
5532302,"Rahali, Mohamed hedi",TUN,M,,,,1496,AUG25,0,40,2012,
5538416,"Rahali, Yassmine",TUN,F,,,,1562,AUG25,0,40,2010,w
5500052,"Rahmani, Chedly",TUN,M,,,,2145,AUG25,0,40,1966,i
5507138,"Rammadi, Noureddine",TUN,M,,,,1661,AUG25,0,40,1955,i
5533260,"Redissi, Taki",TUN,M,,,,1555,AUG25,2,40,2010,
5534020,"Regaig,Mohamed",TUN,M,,,,1555,AUG25,0,40,1989,i
5518857,"Reguez,Jaloul",TUN,M,,,,1720,AUG25,0,40,1968,i
5536596,Reguiai Mohamed,TUN,M,,,,1890,AUG25,0,40,2008,
5530679,"Reguigui, Maher",TUN,M,,,,1458,AUG25,0,40,2006,i
5514100,Rekik Ismail,TUN,M,,,,2012,AUG25,0,20,1993,
5510465,"Rekik, Ghazi",TUN,M,,IA,,1728,AUG25,0,20,1992,i
5510040,"Remadi, Yasmine",TUN,F,,,,1413,AUG25,0,40,2006,wi
5507260,"Remadi, Zied",TUN,M,,,,1812,AUG25,0,20,1974,i
5512565,Rezgui Khaled,TUN,M,,,,1996,AUG25,0,20,2001,
5507480,"Riden, Abd Sattar",TUN,M,,,,1921,AUG25,0,40,1988,i
5539099,"Rjab, Sirine",TUN,F,,,,1434,AUG25,0,40,2001,w
5534267,"Rjeb, Eya",TUN,F,,,,1451,AUG25,0,40,2011,w
5534259,"Rjeb, Mariem",TUN,F,,,,1474,AUG25,0,40,2005,wi
5539307,"Rjeb, Nadine",TUN,F,,,,1767,AUG25,9,40,2011,w
5531365,"Romdhan, Youssef",TUN,M,,,,1785,AUG25,4,20,2004,
5502829,"Romdhane, Ahmed",TUN,M,,,,1580,AUG25,0,40,2003,i
5505968,"Romdhane, Ferid",TUN,M,,,,1797,AUG25,0,40,0,
5505550,"Romdhane, Mohamed",TUN,M,,,,1906,AUG25,0,40,1968,i
5544025,"Saad,Hayder",TUN,M,,,,1577,AUG25,4,40,2010,
5550866,"Saad,Mohamed Hedi",TUN,M,,,,1721,AUG25,13,40,2009,
5500745,"Saadani, Tarak",TUN,M,,,,1976,AUG25,0,20,1974,
5511151,"Saadaoui, Jaafer",TUN,M,,NA,,1717,AUG25,0,20,1994,
5517664,"Saadaoui, Mohamed Iyad",TUN,M,,,,1516,AUG25,0,40,2009,
5513235,Saadi Med Bechir,TUN,M,,,,1489,AUG25,0,40,2007,i
5513510,Saadi Mohamed Amine,TUN,M,,,,1510,AUG25,0,40,2005,i
5505984,"Sadkaoui, Ghazi",TUN,M,,,,1953,AUG25,0,20,1973,
5522706,"Sadkaoui,Mohamed",TUN,M,,,,1531,AUG25,0,40,2012,
5504767,"Sadok, Aymen",TUN,M,,,,1650,AUG25,0,40,1997,
5508428,"Safraoui, Salah",TUN,M,,,,1815,AUG25,0,40,1958,i
5503990,"Safta, Firas-16",TUN,M,,,,1680,AUG25,0,40,0,i
5504260,"Said, Oussama",TUN,M,,,,1918,AUG25,0,40,0,
5548713,"Saidani, Mohamed Anas",TUN,M,,,,1445,AUG25,0,40,2013,
5530580,Saidi Mohamed hassen,TUN,M,,,,1753,AUG25,0,40,2008,
5530598,Saidi Motez,TUN,M,,,,1452,AUG25,0,40,2010,i
5529689,"Saidi, Mohamed Ali",TUN,M,,,,1759,AUG25,8,40,2011,
5531985,"Saidi, Mootez",TUN,M,,,,1729,AUG25,10,40,2009,
5510147,"Saidi, Sami",TUN,M,,,,1790,AUG25,0,40,1994,i
5521033,"Saifeddine, Affana",TUN,M,,NA,,ACM,AUG25,1683,0,1987,
5550602,"Salah,Adem",TUN,M,,,,1558,AUG25,0,40,2014,
5534240,"Saleh, Adem",TUN,M,,,,1598,AUG25,7,40,2014,
5541239,"Saleh,Iyed",TUN,M,,,,1574,AUG25,7,40,2016,
5506301,"Salem, Souhaieb",TUN,M,,FA,,1924,AUG25,0,20,1982,i
5505992,"Salhi, Imed",TUN,M,,,,1855,AUG25,0,40,1985,i
5551749,"Sami,Ayari",TUN,M,,,,1502,AUG25,0,40,1985,i
5523990,"Samoud,Mohamed",TUN,M,,,,1748,AUG25,0,40,2000,i
5513383,Sanaa Mohamed Anas,TUN,M,,,,1659,AUG25,0,20,2005,i
5513227,Sanaa Najd,TUN,M,,,,1435,AUG25,0,40,2007,i
5500893,"Sanaa, Anis",TUN,M,,,,1943,AUG25,0,40,1991,
5505259,"Sanaa, Walid",TUN,M,,,,1999,AUG25,0,20,0,
5533058,"Saoud, Mohamed Amine",TUN,M,,,,1582,AUG25,0,40,2002,i
5507782,"Saoud, Slim",TUN,M,,,,1732,AUG25,0,20,1972,
5502438,"Sassi, Adnen",TUN,M,,,,1978,AUG25,0,20,1980,
5500753,"Sassi, Ahmed",TUN,M,,,,1894,AUG25,0,20,1982,
5521009,"Sassi,Nizar",TUN,M,,,,1429,AUG25,0,40,2006,i
5535581,"Sayah, Mohamed",TUN,M,,,,1578,AUG25,6,40,2016,
5506000,"Sayari, Sofien",TUN,M,,,,1700,AUG25,0,20,1968,
5510333,"Sayhi, Yassine",TUN,M,,,,1881,AUG25,0,40,1991,i
5512000,"Sboui, Samer",TUN,M,,,,1768,AUG25,0,20,1993,
5500141,Schenaoui Nabil,TUN,M,,"FI,NA",,AGM,AUG25,2098,0,1965,i
5541042,"Seffen,Farah",TUN,F,,,,1542,AUG25,0,40,2008,wi
5500800,"Selmi, Omar",TUN,M,,,,1978,AUG25,0,20,1978,i
5517770,"Selmi,Hedi",TUN,M,,,,1772,AUG25,6,20,1988,
5507987,"Sghaier, Youssef",TUN,M,,,,1453,AUG25,0,40,2002,i
5537517,"Sghayer, Rayen",TUN,M,,,,1440,AUG25,0,40,2005,i
5523400,"Shabou,Mohamed Ridha",TUN,M,,,,1883,AUG25,0,40,1983,i
5507294,"Shili, Abderrazek",TUN,M,,,,1815,AUG25,0,20,1970,i
5506530,"Shili, Mohamed",TUN,M,,,,1913,AUG25,0,20,1993,
5541816,"Shili,Amine",TUN,M,,,,1742,AUG25,7,40,2007,
5537509,"Shill, Amen Allah",TUN,M,,,,1877,AUG25,0,40,2008,
5514681,Sioud Tawfik,TUN,M,,,,1681,AUG25,0,40,1972,i
5508576,"Skhairia, Ines",TUN,F,,,,1429,AUG25,0,40,1997,wi
5513243,Skhiri Youssef,TUN,M,,,,1778,AUG25,16,40,2007,
5504287,"Smaili , Rabeh",TUN,M,,,,1978,AUG25,0,40,1969,i
5533139,"Smaoui, Ahmed",TUN,M,,,,1645,AUG25,0,40,2006,i
5501539,"Smida, Tahar",TUN,M,,,,1769,AUG25,0,20,0,
5507278,"Soltani, Aymen",TUN,M,,,,1536,AUG25,0,40,1983,i
5512247,Souayeh Faouaz,TUN,M,,,,1953,AUG25,0,40,1991,
5508444,"Soudani, Hassan",TUN,M,,,,1591,AUG25,0,40,1973,
5529000,"Souibgui, Maram",TUN,F,,,,1544,AUG25,13,40,2010,w
5506867,"Souissi, Adem",TUN,M,,,,1516,AUG25,0,40,2006,i
5509610,"Souissi, Nebil",TUN,M,,NA,,1899,AUG25,0,20,1973,i
5512751,Souri Med Bechir,TUN,M,,,,1713,AUG25,0,40,1981,
5536022,Sweyeh Bassem,TUN,M,,,,1540,AUG25,4,40,2010,
5500770,"Taieb, Sahbi",TUN,M,CM,,,2139,AUG25,0,20,1987,
5501105,"Tamzali, Baccar",TUN,M,,,,1960,AUG25,0,20,1993,
5516730,"Tamzali,Mahjoub",TUN,M,,,,1769,AUG25,0,20,2000,
5503221,"Tarek, Abdessalem",TUN,M,,FA,,1731,AUG25,0,40,1968,i
5500095,"Tbourbi, Khaled",TUN,M,,,,2270,AUG25,0,20,0,i
5548730,"Thoumi, Ibrahim",TUN,M,,,,1449,AUG25,6,40,2008,
5516471,Tira Ahmed,TUN,M,,,,1899,AUG25,0,20,2005,i
5501113,"Tira, Mohamed Ali",TUN,M,,NA,,2011,AUG25,0,20,1991,
5505410,"Tka , Adnene",TUN,M,,,,1729,AUG25,0,40,0,
5506115,Tkitek Mohamed Mejed,TUN,M,,,,1856,AUG25,0,20,1966,
5509742,"Tkitek, Walid",TUN,M,,,,1997,AUG25,0,20,1977,i
5550025,Tlili Faouzi,TUN,M,,,,1725,AUG25,0,40,1983,
5548748,"Tormane, Youssef",TUN,M,,,,1500,AUG25,5,40,2016,
5500826,"Toubib, Foued",TUN,M,,,,2156,AUG25,0,40,1969,i
5502268,"Trabelsi, Haykel",TUN,M,,,,1932,AUG25,0,40,0,
5561310,"Trabelsi, Mohamed",TUN,M,,,,1752,AUG25,0,40,1975,
5506557,"Trabelsi, Sofiane",TUN,M,,,,1824,AUG25,0,40,1993,i
5500451,"Tritar, Kamel",TUN,M,,,,AGM,AUG25,1833,0,1968,
5532442,"Troudi, Ahmed",TUN,M,,,,1826,AUG25,0,20,1996,i
5526620,Turki aymen,TUN,M,,,,1725,AUG25,0,40,2003,i
5509700,"Turki, Sami",TUN,M,,,,1894,AUG25,0,40,1984,i
5541352,"Weslati,Monem",TUN,M,,,,1846,AUG25,0,40,1971,
5503248,"Yacine , Ben Thabet",TUN,M,,,,1971,AUG25,0,20,0,
5507170,"Yagoubi, Hassen",TUN,M,,,,1816,AUG25,0,20,1974,
5520380,"Yahyaoui,Amin",TUN,M,,,,1899,AUG25,0,40,1992,i
5548632,"Yahyaoui,Louay",TUN,M,,,,1909,AUG25,0,40,2007,
5535808,"Yakoubi, Mohamed Amine",TUN,M,,,,1517,AUG25,0,40,1986,
5525489,YASSER CHEBBI,TUN,M,,,,1680,AUG25,0,40,1996,i
5527058,Yassine Bessaies,TUN,M,,,,1565,AUG25,0,40,2004,i
5550289,Younes Ben Abdallah,TUN,M,,,,1499,AUG25,0,40,2016,
5525454,"Younes, Hamdi",TUN,M,,,,1674,AUG25,0,40,1977,i
5509572,YOUSSEF Elaa,TUN,F,,,,1582,AUG25,0,20,1999,wi
5509580,YOUSSEF Youmna,TUN,F,,,,1515,AUG25,0,40,2000,wi
5508592,"Youssef, Ali",TUN,M,,,,1535,AUG25,0,40,2009,i
5508894,"Youssef, Ali Taha",TUN,M,,,,1496,AUG25,0,40,2009,
5508568,"Youssef, Aloa",TUN,F,,,,1542,AUG25,0,40,1999,wi
5548764,"Zaafrane, Anas",TUN,M,,,,1639,AUG25,7,40,2016,
5510678,"Zaghdani, Naceur",TUN,M,,,,1699,AUG25,0,40,1974,
5500907,"Zaghouani, Adel",TUN,M,,,,1747,AUG25,0,20,1965,
5500796,"Zaibi, Amir",TUN,M,GM,,,2339,AUG25,0,10,1988,
5507022,"Zaier, Oussama",TUN,M,,,,1928,AUG25,0,40,1970,
5507790,"Zairi, Aymen",TUN,M,,,,1805,AUG25,0,40,1985,i
5532973,"Zamiti, Amin",TUN,M,,,,1842,AUG25,0,40,1982,
5517494,"Zammouri,Najd",TUN,M,,,,1523,AUG25,0,40,2007,i
5503833,"Zanina, Moncef",TUN,M,,,,2038,AUG25,0,20,0,
5504040,"Zaoui, Oussama-16",TUN,M,,,,1604,AUG25,0,40,0,
5550882,"Zaoui,Ahmed Ismail",TUN,M,,,,1605,AUG25,0,40,2008,
5509688,"Zarougui, Abdallah",TUN,M,,NI,,1816,AUG25,0,40,1963,
5516439,Zarrouk Zaid,TUN,M,,,,1461,AUG25,0,20,2005,i
5507804,"Zarrouk, Hamza",TUN,M,,,,1959,AUG25,0,40,1979,i
5503345,"Zaydia, Marwen",TUN,M,,,,1867,AUG25,0,20,1987,
5515017,"Zena, Hachem",TUN,M,,,,1494,AUG25,4,40,2010,
5515084,"Zena, Ilef",TUN,F,,,,1445,AUG25,4,40,2008,w
5515220,"Zena,Rawaf",TUN,F,,,,1657,AUG25,12,40,2012,w
5500206,"Zenaidi, Kais",TUN,M,,,,1909,AUG25,0,20,1972,i
5510139,"Zenaidi, Mohtadi",TUN,M,,,,1612,AUG25,3,20,2005,
5510112,"Zenaidi, Mokhtar",TUN,M,,,,1882,AUG25,8,20,2003,
5510120,"Zenaidi, Sadok",TUN,M,,,,1971,AUG25,15,20,2005,
5517508,"Zgolli,Yassine",TUN,M,,,,1578,AUG25,0,20,2006,i
5505267,"Zhani, Aziz",TUN,M,,,,1518,AUG25,0,40,1999,i
5506336,"Zkhama, Yossri",TUN,M,,,,1927,AUG25,0,40,1979,i
5500931,"Zorgati, Ziad",TUN,M,,,,1955,AUG25,0,40,1967,i
5504813,"Zormati, Wassim",TUN,M,,,,1770,AUG25,0,20,2000,i
5517516,"Zouaghi,Ahmed",TUN,M,,,,1991,AUG25,0,20,2006,
5502330,"Zouaoui, Hafedh",TUN,M,,,,1980,AUG25,0,20,1970,
5507588,"Zouaoui, Mohamed",TUN,M,,,,2174,AUG25,0,20,1961,i
5503256,"Zouaoui, Mohamed",TUN,M,,,,1795,AUG25,0,20,1987,
5513596,Zouari Youssef,TUN,M,,,,1560,AUG25,0,40,2003,i
5504821,"Zouari, Hayfa",TUN,F,,,,1581,AUG25,0,40,0,wi
5504830,"Zouari, Med Hedi",TUN,M,,,,1835,AUG25,0,40,0,i
5505429,"Zouari, Mohamed Fakher",TUN,M,,,,1411,AUG25,0,40,1976,
5506220,"Zouari, Mohanned",TUN,M,,,,1888,AUG25,8,20,2003,
5504848,"Zouari, Mouhanned -10",TUN,M,,,,1706,AUG25,0,40,0,i
5554080,"Zrelli, Ahmad",TUN,M,,,,1590,AUG25,0,40,2007,
5516447,Zribi Wassim,TUN,M,,,,1602,AUG25,0,40,2009,i
5524784,"Zribi,Meria",TUN,F,,,,1470,AUG25,0,40,2012,w
5511321,"Zyedi, Anis",TUN,M,,,,1939,AUG25,0,40,1972,i