[
  {
    "ID Number": "93800053",
    "Name": "Auguiste, Lyndon",
    "Fed": "DMA",
    "Sex": "M",
    "Title": "",
    "WTit": "",
    "OTit": "",
    "Rating": "1864",
    "Gms": "0",
    "K": "20",
    "RatingMonth": "SEP25",
    "B-day": "1994",
    "Flag": ""
  },
  {
    "ID Number": "93800010",
    "Name": "Francis, Nigel",
    "Fed": "DMA",
    "Sex": "M",
    "Title": "CM",
    "WTit": "NA",
    "OTit": "",
    "Rating": "1798",
    "Gms": "0",
    "K": "20",
    "RatingMonth": "SEP25",
    "B-day": "1992",
    "Flag": "i"
  },
  {
    "ID Number": "93800398",
    "Name": "Kovalenko, Andrey",
    "Fed": "DMA",
    "Sex": "M",
    "Title": "",
    "WTit": "",
    "OTit": "",
    "Rating": "AFM",
    "Gms": "1846",
    "K": "0",
    "RatingMonth": "SEP25",
    "B-day": "1965",
    "Flag": ""
  }
]