[
  {
    "ID Number": "14800918"
  },
  {
    "ID Number": "14800063"
  },
  {
    "ID Number": "14800608"
  },
  {
    "ID Number": "14800446"
  },
  {
    "ID Number": "14800632"
  },
  {
    "ID Number": "14803291"
  },
  {
    "ID Number": "14803453"
  },
  {
    "ID Number": "14805014"
  },
  {
    "ID Number": "14802309"
  },
  {
    "ID Number": "14800047"
  },
  {
    "ID Number": "14801930"
  },
  {
    "ID Number": "14806266"
  },
  {
    "ID Number": "14800039"
  },
  {
    "ID Number": "14801922"
  },
  {
    "ID Number": "14800713"
  },
  {
    "ID Number": "14804883"
  },
  {
    "ID Number": "14800438"
  },
  {
    "ID Number": "14800489"
  },
  {
    "ID Number": "14800128"
  },
  {
    "ID Number": "14801655"
  },
  {
    "ID Number": "14800268"
  },
  {
    "ID Number": "14802279"
  },
  {
    "ID Number": "14802627"
  },
  {
    "ID Number": "14804174"
  },
  {
    "ID Number": "14803879"
  },
  {
    "ID Number": "14800250"
  },
  {
    "ID Number": "14800802"
  },
  {
    "ID Number": "14800012"
  },
  {
    "ID Number": "14801558"
  },
  {
    "ID Number": "14802201"
  },
  {
    "ID Number": "14803984"
  },
  {
    "ID Number": "14803690"
  },
  {
    "ID Number": "14807327"
  },
  {
    "ID Number": "14801213"
  },
  {
    "ID Number": "14801574"
  },
  {
    "ID Number": "14803194"
  },
  {
    "ID Number": "14806550"
  },
  {
    "ID Number": "14800276"
  },
  {
    "ID Number": "14801485"
  },
  {
    "ID Number": "14803607"
  },
  {
    "ID Number": "14800071"
  },
  {
    "ID Number": "14807017"
  },
  {
    "ID Number": "14802228"
  },
  {
    "ID Number": "14800454"
  },
  {
    "ID Number": "14801981"
  },
  {
    "ID Number": "14801167"
  },
  {
    "ID Number": "14801582"
  },
  {
    "ID Number": "14800799"
  },
  {
    "ID Number": "14801078"
  },
  {
    "ID Number": "14800659"
  },
  {
    "ID Number": "14801639"
  },
  {
    "ID Number": "14800845"
  },
  {
    "ID Number": "14803631"
  },
  {
    "ID Number": "14800292"
  },
  {
    "ID Number": "14806746"
  },
  {
    "ID Number": "14802775"
  },
  {
    "ID Number": "14800497"
  },
  {
    "ID Number": "14800500"
  },
  {
    "ID Number": "14800756"
  },
  {
    "ID Number": "14800837"
  },
  {
    "ID Number": "14802244"
  },
  {
    "ID Number": "14800373"
  },
  {
    "ID Number": "14801019"
  },
  {
    "ID Number": "14806711"
  },
  {
    "ID Number": "14804123"
  },
  {
    "ID Number": "14802104"
  },
  {
    "ID Number": "14801043"
  },
  {
    "ID Number": "14802120"
  },
  {
    "ID Number": "14800829"
  },
  {
    "ID Number": "14801221"
  },
  {
    "ID Number": "14802562"
  },
  {
    "ID Number": "14805936"
  },
  {
    "ID Number": "14801280"
  },
  {
    "ID Number": "14801230"
  },
  {
    "ID Number": "14800730"
  },
  {
    "ID Number": "14800896"
  },
  {
    "ID Number": "14801000"
  },
  {
    "ID Number": "14800683"
  },
  {
    "ID Number": "14801310"
  },
  {
    "ID Number": "14801159"
  },
  {
    "ID Number": "14802988"
  },
  {
    "ID Number": "14807998"
  },
  {
    "ID Number": "14807742"
  },
  {
    "ID Number": "14801248"
  },
  {
    "ID Number": "14802970"
  },
  {
    "ID Number": "14802287"
  },
  {
    "ID Number": "14802023"
  },
  {
    "ID Number": "14801256"
  },
  {
    "ID Number": "14800152"
  },
  {
    "ID Number": "14803313"
  },
  {
    "ID Number": "14800136"
  },
  {
    "ID Number": "14800209"
  },
  {
    "ID Number": "14800519"
  },
  {
    "ID Number": "14806258"
  },
  {
    "ID Number": "14804441"
  },
  {
    "ID Number": "14803488"
  },
  {
    "ID Number": "14803887"
  },
  {
    "ID Number": "14800020"
  },
  {
    "ID Number": "14802040"
  },
  {
    "ID Number": "14803259"
  },
  {
    "ID Number": "14801973"
  },
  {
    "ID Number": "14801663"
  },
  {
    "ID Number": "14808340"
  },
  {
    "ID Number": "14801906"
  },
  {
    "ID Number": "14804085"
  },
  {
    "ID Number": "14801183"
  },
  {
    "ID Number": "14806908"
  },
  {
    "ID Number": "14807319"
  },
  {
    "ID Number": "14802180"
  },
  {
    "ID Number": "14800527"
  },
  {
    "ID Number": "14801027"
  },
  {
    "ID Number": "14800306"
  },
  {
    "ID Number": "14801302"
  },
  {
    "ID Number": "14802600"
  },
  {
    "ID Number": "14802945"
  },
  {
    "ID Number": "14808390"
  },
  {
    "ID Number": "14802848"
  },
  {
    "ID Number": "14800462"
  },
  {
    "ID Number": "14800098"
  },
  {
    "ID Number": "14805529"
  },
  {
    "ID Number": "14803518"
  },
  {
    "ID Number": "14805316"
  },
  {
    "ID Number": "14801345"
  },
  {
    "ID Number": "14803801"
  },
  {
    "ID Number": "14800764"
  },
  {
    "ID Number": "14800284"
  },
  {
    "ID Number": "14802171"
  },
  {
    "ID Number": "14803240"
  },
  {
    "ID Number": "14800101"
  },
  {
    "ID Number": "14800780"
  },
  {
    "ID Number": "14800470"
  },
  {
    "ID Number": "14800675"
  },
  {
    "ID Number": "14804310"
  },
  {
    "ID Number": "14800187"
  },
  {
    "ID Number": "14807491"
  },
  {
    "ID Number": "14804662"
  },
  {
    "ID Number": "14805839"
  },
  {
    "ID Number": "14800403"
  },
  {
    "ID Number": "14803704"
  },
  {
    "ID Number": "14800144"
  },
  {
    "ID Number": "14801817"
  },
  {
    "ID Number": "14801523"
  },
  {
    "ID Number": "14802902"
  }
]