[
  {
    "ID Number": "12601756",
    "Name": "Aarush Thakkar",
    "Fed": "GHA",
    "Sex": "M",
    "Title": "",
    "WTit": "",
    "OTit": "",
    "Rating": "1728",
    "Gms": "0",
    "K": "40",
    "RatingMonth": "SEP25",
    "B-day": "2008",
    "Flag": "i"
  },
  {
    "ID Number": "12602280",
    "Name": "Acheampong Dave Quansah Chief",
    "Fed": "GHA",
    "Sex": "M",
    "Title": "",
    "WTit": "",
    "OTit": "",
    "Rating": "AFM",
    "Gms": "1653",
    "K": "0",
    "RatingMonth": "SEP25",
    "B-day": "2012",
    "Flag": "i"
  },
  {
    "ID Number": "12602680",
    "Name": "Acheampong Jedidiah Nana Osei",
    "Fed": "GHA",
    "Sex": "M",
    "Title": "",
    "WTit": "",
    "OTit": "",
    "Rating": "ACM",
    "Gms": "1555",
    "K": "0",
    "RatingMonth": "SEP25",
    "B-day": "2014",
    "Flag": "i"
  },
  {
    "ID Number": "12600202",
    "Name": "Ackun, Henry Mensah",
    "Fed": "GHA",
    "Sex": "M",
    "Title": "",
    "WTit": "",
    "OTit": "",
    "Rating": "1838",
    "Gms": "0",
    "K": "20",
    "RatingMonth": "SEP25",
    "B-day": "1987",
    "Flag": "i"
  },
  {
    "ID Number": "12601713",
    "Name": "Adanu Richard Kofi Mawuena",
    "Fed": "GHA",
    "Sex": "M",
    "Title": "",
    "WTit": "",
    "OTit": "",
    "Rating": "1723",
    "Gms": "0",
    "K": "20",
    "RatingMonth": "SEP25",
    "B-day": "1968",
    "Flag": "i"
  },
  {
    "ID Number": "12600750",
    "Name": "Adu Jnr, Lionel",
    "Fed": "GHA",
    "Sex": "M",
    "Title": "CM",
    "WTit": "",
    "OTit": "",
    "Rating": "1918",
    "Gms": "0",
    "K": "20",
    "RatingMonth": "SEP25",
    "B-day": "1984",
    "Flag": "i"
  },
  {
    "ID Number": "12600598",
    "Name": "Adu-Poku, Kwabena",
    "Fed": "GHA",
    "Sex": "M",
    "Title": "CM",
    "WTit": "",
    "OTit": "",
    "Rating": "1903",
    "Gms": "0",
    "K": "20",
    "RatingMonth": "SEP25",
    "B-day": "1996",
    "Flag": "i"
  },
  {
    "ID Number": "12601381",
    "Name": "Aduamah, David Kofi",
    "Fed": "GHA",
    "Sex": "M",
    "Title": "",
    "WTit": "",
    "OTit": "",
    "Rating": "1816",
    "Gms": "0",
    "K": "20",
    "RatingMonth": "SEP25",
    "B-day": "1997",
    "Flag": "i"
  },
  {
    "ID Number": "12602116",
    "Name": "Afiowor, Henry Ogheneovo",
    "Fed": "GHA",
    "Sex": "M",
    "Title": "",
    "WTit": "",
    "OTit": "",
    "Rating": "1786",
    "Gms": "0",
    "K": "20",
    "RatingMonth": "SEP25",
    "B-day": "2000",
    "Flag": "i"
  },
  {
    "ID Number": "12601322",
    "Name": "Aikins, Dwamena Akenten",
    "Fed": "GHA",
    "Sex": "M",
    "Title": "",
    "WTit": "",
    "OTit": "",
    "Rating": "1728",
    "Gms": "0",
    "K": "20",
    "RatingMonth": "SEP25",
    "B-day": "1998",
    "Flag": "i"
  },
  {
    "ID Number": "12600784",
    "Name": "Ajavon, Anthony Obieni",
    "Fed": "GHA",
    "Sex": "M",
    "Title": "CM",
    "WTit": "",
    "OTit": "",
    "Rating": "1864",
    "Gms": "0",
    "K": "20",
    "RatingMonth": "SEP25",
    "B-day": "1995",
    "Flag": "i"
  },
  {
    "ID Number": "12601853",
    "Name": "Akoto Nana Baffour",
    "Fed": "GHA",
    "Sex": "M",
    "Title": "",
    "WTit": "",
    "OTit": "",
    "Rating": "1859",
    "Gms": "0",
    "K": "20",
    "RatingMonth": "SEP25",
    "B-day": "1998",
    "Flag": "i"
  },
  {
    "ID Number": "12602531",
    "Name": "Akpa Prince",
    "Fed": "GHA",
    "Sex": "M",
    "Title": "",
    "WTit": "",
    "OTit": "",
    "Rating": "1890",
    "Gms": "0",
    "K": "20",
    "RatingMonth": "SEP25",
    "B-day": "2000",
    "Flag": ""
  },
  {
    "ID Number": "12600431",
    "Name": "Allotey,Dorcas",
    "Fed": "GHA",
    "Sex": "F",
    "Title": "",
    "WTit": "",
    "OTit": "",
    "Rating": "1621",
    "Gms": "0",
    "K": "20",
    "RatingMonth": "SEP25",
    "B-day": "1985",
    "Flag": "wi"
  },
  {
    "ID Number": "12602914",
    "Name": "Amankona-Diawuo Felix Kwabena",
    "Fed": "GHA",
    "Sex": "M",
    "Title": "",
    "WTit": "",
    "OTit": "",
    "Rating": "1671",
    "Gms": "0",
    "K": "20",
    "RatingMonth": "SEP25",
    "B-day": "1984",
    "Flag": "i"
  },
  {
    "ID Number": "12601179",
    "Name": "Ameku, David Selasi",
    "Fed": "GHA",
    "Sex": "M",
    "Title": "",
    "WTit": "",
    "OTit": "",
    "Rating": "1827",
    "Gms": "0",
    "K": "20",
    "RatingMonth": "SEP25",
    "B-day": "1993",
    "Flag": "i"
  },
  {
    "ID Number": "12600326",
    "Name": "Ameku, Philip Elikem",
    "Fed": "GHA",
    "Sex": "M",
    "Title": "",
    "WTit": "",
    "OTit": "",
    "Rating": "1915",
    "Gms": "0",
    "K": "20",
    "RatingMonth": "SEP25",
    "B-day": "1989",
    "Flag": "i"
  },
  {
    "ID Number": "12600377",
    "Name": "Amexo, Ambrose",
    "Fed": "GHA",
    "Sex": "M",
    "Title": "",
    "WTit": "",
    "OTit": "",
    "Rating": "1883",
    "Gms": "0",
    "K": "20",
    "RatingMonth": "SEP25",
    "B-day": "1977",
    "Flag": "i"
  },
  {
    "ID Number": "12602256",
    "Name": "Amoako Philip Selikem Yao",
    "Fed": "GHA",
    "Sex": "M",
    "Title": "",
    "WTit": "",
    "OTit": "",
    "Rating": "1926",
    "Gms": "5",
    "K": "40",
    "RatingMonth": "SEP25",
    "B-day": "2010",
    "Flag": ""
  },
  {
    "ID Number": "12600954",
    "Name": "Amponsah, Michael Obeng",
    "Fed": "GHA",
    "Sex": "M",
    "Title": "",
    "WTit": "",
    "OTit": "",
    "Rating": "1717",
    "Gms": "0",
    "K": "20",
    "RatingMonth": "SEP25",
    "B-day": "1979",
    "Flag": "i"
  },
  {
    "ID Number": "12600580",
    "Name": "Anhwere, Bernard",
    "Fed": "GHA",
    "Sex": "M",
    "Title": "CM",
    "WTit": "",
    "OTit": "",
    "Rating": "1891",
    "Gms": "0",
    "K": "20",
    "RatingMonth": "SEP25",
    "B-day": "1995",
    "Flag": "i"
  },
  {
    "ID Number": "12600148",
    "Name": "Anquandah, Francis Eric",
    "Fed": "GHA",
    "Sex": "M",
    "Title": "IM",
    "WTit": "",
    "OTit": "",
    "Rating": "2031",
    "Gms": "0",
    "K": "20",
    "RatingMonth": "SEP25",
    "B-day": "1965",
    "Flag": "i"
  },
  {
    "ID Number": "12603201",
    "Name": "Antwi, Samuel",
    "Fed": "GHA",
    "Sex": "M",
    "Title": "",
    "WTit": "",
    "OTit": "",
    "Rating": "1806",
    "Gms": "0",
    "K": "20",
    "RatingMonth": "SEP25",
    "B-day": "1991",
    "Flag": "i"
  },
  {
    "ID Number": "12600156",
    "Name": "Arko-Dadzie, George Kweku",
    "Fed": "GHA",
    "Sex": "M",
    "Title": "",
    "WTit": "IA",
    "OTit": "",
    "Rating": "1632",
    "Gms": "0",
    "K": "20",
    "RatingMonth": "SEP25",
    "B-day": "1964",
    "Flag": ""
  },
  {
    "ID Number": "12603724",
    "Name": "Asamoah-Okyere Kofi Asamoah",
    "Fed": "GHA",
    "Sex": "M",
    "Title": "",
    "WTit": "",
    "OTit": "",
    "Rating": "1637",
    "Gms": "5",
    "K": "40",
    "RatingMonth": "SEP25",
    "B-day": "2008",
    "Flag": ""
  },
  {
    "ID Number": "12600393",
    "Name": "Asante,Frank",
    "Fed": "GHA",
    "Sex": "M",
    "Title": "",
    "WTit": "",
    "OTit": "",
    "Rating": "1663",
    "Gms": "1",
    "K": "40",
    "RatingMonth": "SEP25",
    "B-day": "1988",
    "Flag": ""
  },
  {
    "ID Number": "12600474",
    "Name": "Ashley, Christiana Naa Merley",
    "Fed": "GHA",
    "Sex": "F",
    "Title": "",
    "WTit": "IA",
    "OTit": "",
    "Rating": "1574",
    "Gms": "0",
    "K": "20",
    "RatingMonth": "SEP25",
    "B-day": "1984",
    "Flag": "wi"
  },
  {
    "ID Number": "12601837",
    "Name": "Attade Josias Prosper",
    "Fed": "GHA",
    "Sex": "M",
    "Title": "",
    "WTit": "",
    "OTit": "",
    "Rating": "1744",
    "Gms": "0",
    "K": "20",
    "RatingMonth": "SEP25",
    "B-day": "1997",
    "Flag": "i"
  },
  {
    "ID Number": "12600318",
    "Name": "Attah, Elikem Kofi",
    "Fed": "GHA",
    "Sex": "M",
    "Title": "CM",
    "WTit": "",
    "OTit": "",
    "Rating": "1842",
    "Gms": "0",
    "K": "20",
    "RatingMonth": "SEP25",
    "B-day": "1992",
    "Flag": "i"
  },
  {
    "ID Number": "12600423",
    "Name": "Ayiku,Angela Naa Amerley",
    "Fed": "GHA",
    "Sex": "F",
    "Title": "WFM",
    "WTit": "WFM",
    "OTit": "",
    "Rating": "1611",
    "Gms": "0",
    "K": "20",
    "RatingMonth": "SEP25",
    "B-day": "1987",
    "Flag": "wi"
  },
  {
    "ID Number": "12600857",
    "Name": "Benson, Maud",
    "Fed": "GHA",
    "Sex": "F",
    "Title": "WCM",
    "WTit": "WCM",
    "OTit": "",
    "Rating": "1671",
    "Gms": "0",
    "K": "20",
    "RatingMonth": "SEP25",
    "B-day": "2001",
    "Flag": "wi"
  },
  {
    "ID Number": "12600172",
    "Name": "Bonsu, Kwadwo Owusu Bempa",
    "Fed": "GHA",
    "Sex": "M",
    "Title": "",
    "WTit": "",
    "OTit": "",
    "Rating": "1810",
    "Gms": "0",
    "K": "20",
    "RatingMonth": "SEP25",
    "B-day": "1965",
    "Flag": "i"
  },
  {
    "ID Number": "12601195",
    "Name": "Dankwa, Peter Nyarko",
    "Fed": "GHA",
    "Sex": "M",
    "Title": "",
    "WTit": "",
    "OTit": "",
    "Rating": "1748",
    "Gms": "0",
    "K": "20",
    "RatingMonth": "SEP25",
    "B-day": "1994",
    "Flag": "i"
  },
  {
    "ID Number": "12604100",
    "Name": "David Kwadwo Yeboah Darko-Mensah",
    "Fed": "GHA",
    "Sex": "M",
    "Title": "",
    "WTit": "",
    "OTit": "",
    "Rating": "1785",
    "Gms": "5",
    "K": "40",
    "RatingMonth": "SEP25",
    "B-day": "2007",
    "Flag": ""
  },
  {
    "ID Number": "12603660",
    "Name": "Deo Nyimdzee Abban",
    "Fed": "GHA",
    "Sex": "M",
    "Title": "",
    "WTit": "",
    "OTit": "",
    "Rating": "1904",
    "Gms": "5",
    "K": "40",
    "RatingMonth": "SEP25",
    "B-day": "2006",
    "Flag": ""
  },
  {
    "ID Number": "12604151",
    "Name": "Djamoah Kevinn",
    "Fed": "GHA",
    "Sex": "M",
    "Title": "",
    "WTit": "",
    "OTit": "",
    "Rating": "1827",
    "Gms": "5",
    "K": "40",
    "RatingMonth": "SEP25",
    "B-day": "2000",
    "Flag": ""
  },
  {
    "ID Number": "12601470",
    "Name": "Dotse Dzidzor Esi",
    "Fed": "GHA",
    "Sex": "F",
    "Title": "",
    "WTit": "",
    "OTit": "",
    "Rating": "1472",
    "Gms": "0",
    "K": "20",
    "RatingMonth": "SEP25",
    "B-day": "1997",
    "Flag": "wi"
  },
  {
    "ID Number": "12602035",
    "Name": "Ekpo Lawrence",
    "Fed": "GHA",
    "Sex": "M",
    "Title": "",
    "WTit": "",
    "OTit": "",
    "Rating": "1700",
    "Gms": "5",
    "K": "40",
    "RatingMonth": "SEP25",
    "B-day": "1994",
    "Flag": ""
  },
  {
    "ID Number": "12604178",
    "Name": "Fatonade,Dominic",
    "Fed": "GHA",
    "Sex": "M",
    "Title": "",
    "WTit": "",
    "OTit": "",
    "Rating": "1756",
    "Gms": "8",
    "K": "40",
    "RatingMonth": "SEP25",
    "B-day": "2000",
    "Flag": ""
  },
  {
    "ID Number": "12600989",
    "Name": "Felix, Tobi",
    "Fed": "GHA",
    "Sex": "F",
    "Title": "WCM",
    "WTit": "WCM",
    "OTit": "",
    "Rating": "1679",
    "Gms": "0",
    "K": "20",
    "RatingMonth": "SEP25",
    "B-day": "1999",
    "Flag": "wi"
  },
  {
    "ID Number": "12601330",
    "Name": "Fomevor, Cephas Clinton",
    "Fed": "GHA",
    "Sex": "M",
    "Title": "CM",
    "WTit": "NA",
    "OTit": "",
    "Rating": "1900",
    "Gms": "6",
    "K": "20",
    "RatingMonth": "SEP25",
    "B-day": "1998",
    "Flag": ""
  },
  {
    "ID Number": "12601659",
    "Name": "Frempong-Smart Daniel",
    "Fed": "GHA",
    "Sex": "M",
    "Title": "CM",
    "WTit": "",
    "OTit": "",
    "Rating": "1888",
    "Gms": "6",
    "K": "20",
    "RatingMonth": "SEP25",
    "B-day": "2000",
    "Flag": ""
  },
  {
    "ID Number": "12600334",
    "Name": "Gabah, Richard",
    "Fed": "GHA",
    "Sex": "M",
    "Title": "",
    "WTit": "",
    "OTit": "",
    "Rating": "1917",
    "Gms": "0",
    "K": "20",
    "RatingMonth": "SEP25",
    "B-day": "1990",
    "Flag": "i"
  },
  {
    "ID Number": "12600261",
    "Name": "Gardesey, Marc",
    "Fed": "GHA",
    "Sex": "M",
    "Title": "",
    "WTit": "",
    "OTit": "",
    "Rating": "1670",
    "Gms": "0",
    "K": "20",
    "RatingMonth": "SEP25",
    "B-day": "1988",
    "Flag": "i"
  },
  {
    "ID Number": "12600911",
    "Name": "George, Keziah Narkwor",
    "Fed": "GHA",
    "Sex": "F",
    "Title": "",
    "WTit": "",
    "OTit": "",
    "Rating": "1454",
    "Gms": "0",
    "K": "20",
    "RatingMonth": "SEP25",
    "B-day": "1996",
    "Flag": "wi"
  },
  {
    "ID Number": "12603570",
    "Name": "Gertrude Banini",
    "Fed": "GHA",
    "Sex": "F",
    "Title": "WCM",
    "WTit": "WCM",
    "OTit": "",
    "Rating": "1601",
    "Gms": "0",
    "K": "40",
    "RatingMonth": "SEP25",
    "B-day": "1999",
    "Flag": "wi"
  },
  {
    "ID Number": "12600768",
    "Name": "Gyamfi, Kwame Adutwum",
    "Fed": "GHA",
    "Sex": "M",
    "Title": "",
    "WTit": "",
    "OTit": "",
    "Rating": "1707",
    "Gms": "0",
    "K": "20",
    "RatingMonth": "SEP25",
    "B-day": "1994",
    "Flag": "i"
  },
  {
    "ID Number": "12603503",
    "Name": "Harshan Pradeep",
    "Fed": "GHA",
    "Sex": "M",
    "Title": "",
    "WTit": "",
    "OTit": "",
    "Rating": "1690",
    "Gms": "6",
    "K": "40",
    "RatingMonth": "SEP25",
    "B-day": "2013",
    "Flag": ""
  },
  {
    "ID Number": "12600083",
    "Name": "Hasford, John Kojo",
    "Fed": "GHA",
    "Sex": "M",
    "Title": "FM",
    "WTit": "",
    "OTit": "",
    "Rating": "1918",
    "Gms": "7",
    "K": "20",
    "RatingMonth": "SEP25",
    "B-day": "1966",
    "Flag": ""
  },
  {
    "ID Number": "12600350",
    "Name": "Hushie, Carlton",
    "Fed": "GHA",
    "Sex": "M",
    "Title": "",
    "WTit": "SI",
    "OTit": "",
    "Rating": "1875",
    "Gms": "0",
    "K": "20",
    "RatingMonth": "SEP25",
    "B-day": "1990",
    "Flag": "i"
  },
  {
    "ID Number": "12601144",
    "Name": "Ijeoma, Carlos Jay",
    "Fed": "GHA",
    "Sex": "M",
    "Title": "",
    "WTit": "",
    "OTit": "",
    "Rating": "1668",
    "Gms": "0",
    "K": "20",
    "RatingMonth": "SEP25",
    "B-day": "1984",
    "Flag": "i"
  },
  {
    "ID Number": "12600300",
    "Name": "Jaberl, Abdul Malik",
    "Fed": "GHA",
    "Sex": "M",
    "Title": "",
    "WTit": "",
    "OTit": "",
    "Rating": "1658",
    "Gms": "0",
    "K": "20",
    "RatingMonth": "SEP25",
    "B-day": "1988",
    "Flag": "i"
  },
  {
    "ID Number": "12602639",
    "Name": "Jeshurun Obiri Yeboah Pryce-Tandoh",
    "Fed": "GHA",
    "Sex": "M",
    "Title": "",
    "WTit": "",
    "OTit": "",
    "Rating": "1637",
    "Gms": "3",
    "K": "40",
    "RatingMonth": "SEP25",
    "B-day": "2014",
    "Flag": ""
  },
  {
    "ID Number": "12601748",
    "Name": "Joshan Shunjaiy",
    "Fed": "GHA",
    "Sex": "M",
    "Title": "",
    "WTit": "",
    "OTit": "",
    "Rating": "1637",
    "Gms": "0",
    "K": "40",
    "RatingMonth": "SEP25",
    "B-day": "2006",
    "Flag": "i"
  },
  {
    "ID Number": "12600830",
    "Name": "Karamchandani, Rohan",
    "Fed": "GHA",
    "Sex": "M",
    "Title": "",
    "WTit": "",
    "OTit": "",
    "Rating": "1697",
    "Gms": "0",
    "K": "20",
    "RatingMonth": "SEP25",
    "B-day": "2001",
    "Flag": "i"
  },
  {
    "ID Number": "12604020",
    "Name": "Kingsley Kofi Ketor",
    "Fed": "GHA",
    "Sex": "M",
    "Title": "",
    "WTit": "",
    "OTit": "",
    "Rating": "1779",
    "Gms": "6",
    "K": "40",
    "RatingMonth": "SEP25",
    "B-day": "1994",
    "Flag": ""
  },
  {
    "ID Number": "12600512",
    "Name": "Klo, Joel Deladem Kwame",
    "Fed": "GHA",
    "Sex": "M",
    "Title": "",
    "WTit": "",
    "OTit": "",
    "Rating": "1818",
    "Gms": "0",
    "K": "20",
    "RatingMonth": "SEP25",
    "B-day": "1996",
    "Flag": "i"
  },
  {
    "ID Number": "12600059",
    "Name": "Koney,Nii Koney-Kwaku",
    "Fed": "GHA",
    "Sex": "M",
    "Title": "",
    "WTit": "",
    "OTit": "",
    "Rating": "1730",
    "Gms": "0",
    "K": "20",
    "RatingMonth": "SEP25",
    "B-day": "1983",
    "Flag": "i"
  },
  {
    "ID Number": "12600458",
    "Name": "Kpodo, Evans Mawuko",
    "Fed": "GHA",
    "Sex": "M",
    "Title": "",
    "WTit": "",
    "OTit": "",
    "Rating": "1744",
    "Gms": "4",
    "K": "20",
    "RatingMonth": "SEP25",
    "B-day": "1954",
    "Flag": ""
  },
  {
    "ID Number": "12601497",
    "Name": "Majid-Michel Lady Rowena",
    "Fed": "GHA",
    "Sex": "F",
    "Title": "",
    "WTit": "",
    "OTit": "",
    "Rating": "1432",
    "Gms": "0",
    "K": "20",
    "RatingMonth": "SEP25",
    "B-day": "1997",
    "Flag": "wi"
  },
  {
    "ID Number": "12602736",
    "Name": "Mawuli Richardson",
    "Fed": "GHA",
    "Sex": "M",
    "Title": "",
    "WTit": "",
    "OTit": "",
    "Rating": "1791",
    "Gms": "0",
    "K": "40",
    "RatingMonth": "SEP25",
    "B-day": "2008",
    "Flag": "i"
  },
  {
    "ID Number": "12602787",
    "Name": "Mawutor Richardson",
    "Fed": "GHA",
    "Sex": "M",
    "Title": "",
    "WTit": "",
    "OTit": "",
    "Rating": "1698",
    "Gms": "0",
    "K": "40",
    "RatingMonth": "SEP25",
    "B-day": "2010",
    "Flag": "i"
  },
  {
    "ID Number": "12602604",
    "Name": "Maxwell Kwasi Kporxah",
    "Fed": "GHA",
    "Sex": "M",
    "Title": "",
    "WTit": "NI",
    "OTit": "",
    "Rating": "1657",
    "Gms": "0",
    "K": "20",
    "RatingMonth": "SEP25",
    "B-day": "1999",
    "Flag": "i"
  },
  {
    "ID Number": "12600407",
    "Name": "Mensah, Joseph Jamena",
    "Fed": "GHA",
    "Sex": "M",
    "Title": "CM",
    "WTit": "",
    "OTit": "",
    "Rating": "1925",
    "Gms": "0",
    "K": "20",
    "RatingMonth": "SEP25",
    "B-day": "1992",
    "Flag": "i"
  },
  {
    "ID Number": "12600792",
    "Name": "Mills-Pappoe, Benjamin Adoayi",
    "Fed": "GHA",
    "Sex": "M",
    "Title": "",
    "WTit": "",
    "OTit": "",
    "Rating": "1774",
    "Gms": "5",
    "K": "20",
    "RatingMonth": "SEP25",
    "B-day": "1968",
    "Flag": ""
  },
  {
    "ID Number": "12601691",
    "Name": "Nana Kingsley Brown",
    "Fed": "GHA",
    "Sex": "M",
    "Title": "",
    "WTit": "",
    "OTit": "",
    "Rating": "1642",
    "Gms": "0",
    "K": "20",
    "RatingMonth": "SEP25",
    "B-day": "1998",
    "Flag": "i"
  },
  {
    "ID Number": "12600199",
    "Name": "Nkrumah, Sekou Dr",
    "Fed": "GHA",
    "Sex": "M",
    "Title": "",
    "WTit": "",
    "OTit": "",
    "Rating": "1750",
    "Gms": "4",
    "K": "40",
    "RatingMonth": "SEP25",
    "B-day": "1963",
    "Flag": ""
  },
  {
    "ID Number": "12601500",
    "Name": "Nyamful Martin Kurth Cobbinah",
    "Fed": "GHA",
    "Sex": "M",
    "Title": "",
    "WTit": "",
    "OTit": "",
    "Rating": "1594",
    "Gms": "0",
    "K": "20",
    "RatingMonth": "SEP25",
    "B-day": "1996",
    "Flag": "i"
  },
  {
    "ID Number": "12603368",
    "Name": "Obeng Valerie Ekua",
    "Fed": "GHA",
    "Sex": "F",
    "Title": "",
    "WTit": "",
    "OTit": "",
    "Rating": "1606",
    "Gms": "0",
    "K": "40",
    "RatingMonth": "SEP25",
    "B-day": "1989",
    "Flag": "wi"
  },
  {
    "ID Number": "12600903",
    "Name": "Okaitei, Christopher",
    "Fed": "GHA",
    "Sex": "M",
    "Title": "",
    "WTit": "",
    "OTit": "",
    "Rating": "1734",
    "Gms": "0",
    "K": "20",
    "RatingMonth": "SEP25",
    "B-day": "1964",
    "Flag": "i"
  },
  {
    "ID Number": "12602213",
    "Name": "Onuoha Wilson",
    "Fed": "GHA",
    "Sex": "M",
    "Title": "",
    "WTit": "NI,NI",
    "OTit": "",
    "Rating": "AIM",
    "Gms": "1808",
    "K": "0",
    "RatingMonth": "SEP25",
    "B-day": "1994",
    "Flag": "i"
  },
  {
    "ID Number": "12602264",
    "Name": "Oware Derrick",
    "Fed": "GHA",
    "Sex": "M",
    "Title": "",
    "WTit": "",
    "OTit": "",
    "Rating": "1665",
    "Gms": "0",
    "K": "20",
    "RatingMonth": "SEP25",
    "B-day": "1996",
    "Flag": "i"
  },
  {
    "ID Number": "12603163",
    "Name": "Ridham",
    "Fed": "GHA",
    "Sex": "F",
    "Title": "",
    "WTit": "",
    "OTit": "",
    "Rating": "1409",
    "Gms": "0",
    "K": "40",
    "RatingMonth": "SEP25",
    "B-day": "2015",
    "Flag": "wi"
  },
  {
    "ID Number": "12600105",
    "Name": "Sackey, Robert Alex",
    "Fed": "GHA",
    "Sex": "M",
    "Title": "",
    "WTit": "",
    "OTit": "",
    "Rating": "1843",
    "Gms": "0",
    "K": "20",
    "RatingMonth": "SEP25",
    "B-day": "1974",
    "Flag": "i"
  },
  {
    "ID Number": "12603198",
    "Name": "Sarkodee-Addo Harry",
    "Fed": "GHA",
    "Sex": "M",
    "Title": "",
    "WTit": "",
    "OTit": "",
    "Rating": "1661",
    "Gms": "6",
    "K": "40",
    "RatingMonth": "SEP25",
    "B-day": "2012",
    "Flag": ""
  },
  {
    "ID Number": "12602108",
    "Name": "Semordzi Divine Edem",
    "Fed": "GHA",
    "Sex": "M",
    "Title": "",
    "WTit": "",
    "OTit": "",
    "Rating": "1820",
    "Gms": "0",
    "K": "20",
    "RatingMonth": "SEP25",
    "B-day": "1990",
    "Flag": "i"
  },
  {
    "ID Number": "12600229",
    "Name": "Senyegah, Paul",
    "Fed": "GHA",
    "Sex": "M",
    "Title": "",
    "WTit": "SI",
    "OTit": "",
    "Rating": "1764",
    "Gms": "0",
    "K": "20",
    "RatingMonth": "SEP25",
    "B-day": "1990",
    "Flag": "i"
  },
  {
    "ID Number": "12602841",
    "Name": "Shah,Neev",
    "Fed": "GHA",
    "Sex": "M",
    "Title": "",
    "WTit": "",
    "OTit": "",
    "Rating": "1552",
    "Gms": "0",
    "K": "40",
    "RatingMonth": "SEP25",
    "B-day": "2008",
    "Flag": "i"
  },
  {
    "ID Number": "12603155",
    "Name": "Singh, Manoom",
    "Fed": "GHA",
    "Sex": "M",
    "Title": "",
    "WTit": "",
    "OTit": "",
    "Rating": "1525",
    "Gms": "0",
    "K": "40",
    "RatingMonth": "SEP25",
    "B-day": "2012",
    "Flag": "i"
  },
  {
    "ID Number": "12600385",
    "Name": "Sosu, Edward",
    "Fed": "GHA",
    "Sex": "M",
    "Title": "CM",
    "WTit": "",
    "OTit": "",
    "Rating": "1839",
    "Gms": "0",
    "K": "20",
    "RatingMonth": "SEP25",
    "B-day": "1982",
    "Flag": "i"
  },
  {
    "ID Number": "12601632",
    "Name": "Sovereign Joseph",
    "Fed": "GHA",
    "Sex": "M",
    "Title": "",
    "WTit": "",
    "OTit": "",
    "Rating": "1591",
    "Gms": "0",
    "K": "20",
    "RatingMonth": "SEP25",
    "B-day": "2002",
    "Flag": "i"
  },
  {
    "ID Number": "12603376",
    "Name": "Tagoe Latifah",
    "Fed": "GHA",
    "Sex": "F",
    "Title": "",
    "WTit": "",
    "OTit": "",
    "Rating": "1512",
    "Gms": "0",
    "K": "40",
    "RatingMonth": "SEP25",
    "B-day": "1999",
    "Flag": "wi"
  },
  {
    "ID Number": "12600733",
    "Name": "Tandoh, Charles Raymond Appiah",
    "Fed": "GHA",
    "Sex": "M",
    "Title": "",
    "WTit": "SI,NA",
    "OTit": "",
    "Rating": "1692",
    "Gms": "0",
    "K": "20",
    "RatingMonth": "SEP25",
    "B-day": "1975",
    "Flag": "i"
  },
  {
    "ID Number": "12600113",
    "Name": "Thompson, Edward Nii Lamptey",
    "Fed": "GHA",
    "Sex": "M",
    "Title": "CM",
    "WTit": "",
    "OTit": "",
    "Rating": "1821",
    "Gms": "5",
    "K": "20",
    "RatingMonth": "SEP25",
    "B-day": "1960",
    "Flag": ""
  },
  {
    "ID Number": "12601845",
    "Name": "Tossa Thierry Ulrich",
    "Fed": "GHA",
    "Sex": "M",
    "Title": "",
    "WTit": "",
    "OTit": "",
    "Rating": "1603",
    "Gms": "5",
    "K": "20",
    "RatingMonth": "SEP25",
    "B-day": "1974",
    "Flag": ""
  }
]