[
  {
    "ID Number": "12601756"
  },
  {
    "ID Number": "12602280"
  },
  {
    "ID Number": "12602680"
  },
  {
    "ID Number": "12600202"
  },
  {
    "ID Number": "12601713"
  },
  {
    "ID Number": "12600750"
  },
  {
    "ID Number": "12600598"
  },
  {
    "ID Number": "12601381"
  },
  {
    "ID Number": "12602116"
  },
  {
    "ID Number": "12601322"
  },
  {
    "ID Number": "12600784"
  },
  {
    "ID Number": "12601853"
  },
  {
    "ID Number": "12602531"
  },
  {
    "ID Number": "12600431"
  },
  {
    "ID Number": "12602914"
  },
  {
    "ID Number": "12601179"
  },
  {
    "ID Number": "12600326"
  },
  {
    "ID Number": "12600377"
  },
  {
    "ID Number": "12602256"
  },
  {
    "ID Number": "12600954"
  },
  {
    "ID Number": "12600580"
  },
  {
    "ID Number": "12600148"
  },
  {
    "ID Number": "12603201"
  },
  {
    "ID Number": "12600156"
  },
  {
    "ID Number": "12600474"
  },
  {
    "ID Number": "12601837"
  },
  {
    "ID Number": "12600318"
  },
  {
    "ID Number": "12600423"
  },
  {
    "ID Number": "12600857"
  },
  {
    "ID Number": "12600172"
  },
  {
    "ID Number": "12601195"
  },
  {
    "ID Number": "12601470"
  },
  {
    "ID Number": "12600989"
  },
  {
    "ID Number": "12601330"
  },
  {
    "ID Number": "12601659"
  },
  {
    "ID Number": "12600334"
  },
  {
    "ID Number": "12600261"
  },
  {
    "ID Number": "12600911"
  },
  {
    "ID Number": "12603570"
  },
  {
    "ID Number": "12600768"
  },
  {
    "ID Number": "12600083"
  },
  {
    "ID Number": "12600350"
  },
  {
    "ID Number": "12601144"
  },
  {
    "ID Number": "12600300"
  },
  {
    "ID Number": "12601748"
  },
  {
    "ID Number": "12600830"
  },
  {
    "ID Number": "12600512"
  },
  {
    "ID Number": "12600059"
  },
  {
    "ID Number": "12600458"
  },
  {
    "ID Number": "12601497"
  },
  {
    "ID Number": "12602736"
  },
  {
    "ID Number": "12602787"
  },
  {
    "ID Number": "12602604"
  },
  {
    "ID Number": "12600407"
  },
  {
    "ID Number": "12601691"
  },
  {
    "ID Number": "12601500"
  },
  {
    "ID Number": "12603368"
  },
  {
    "ID Number": "12600903"
  },
  {
    "ID Number": "12602213"
  },
  {
    "ID Number": "12602264"
  },
  {
    "ID Number": "12603163"
  },
  {
    "ID Number": "12600105"
  },
  {
    "ID Number": "12603198"
  },
  {
    "ID Number": "12602108"
  },
  {
    "ID Number": "12600229"
  },
  {
    "ID Number": "12602841"
  },
  {
    "ID Number": "12603155"
  },
  {
    "ID Number": "12600385"
  },
  {
    "ID Number": "12601632"
  },
  {
    "ID Number": "12603376"
  },
  {
    "ID Number": "12600733"
  },
  {
    "ID Number": "12600113"
  },
  {
    "ID Number": "12601845"
  }
]