[
  {
    "ID Number": "23800089",
    "Name": "Fleming, Hannibal",
    "Fed": "ANT",
    "Sex": "M",
    "Title": "",
    "WTit": "",
    "OTit": "",
    "Rating": "1621",
    "Gms": "0",
    "K": "20",
    "RatingMonth": "SEP25",
    "B-day": "0",
    "Flag": "i"
  },
  {
    "ID Number": "23800020",
    "Name": "Fleming, Jason",
    "Fed": "ANT",
    "Sex": "M",
    "Title": "",
    "WTit": "",
    "OTit": "",
    "Rating": "1775",
    "Gms": "0",
    "K": "20",
    "RatingMonth": "SEP25",
    "B-day": "1977",
    "Flag": "i"
  },
  {
    "ID Number": "10401067",
    "Name": "Grant, Chester",
    "Fed": "ANT",
    "Sex": "M",
    "Title": "",
    "WTit": "",
    "OTit": "",
    "Rating": "1521",
    "Gms": "0",
    "K": "20",
    "RatingMonth": "SEP25",
    "B-day": "1984",
    "Flag": "i"
  },
  {
    "ID Number": "23800097",
    "Name": "John Williams",
    "Fed": "ANT",
    "Sex": "M",
    "Title": "",
    "WTit": "",
    "OTit": "",
    "Rating": "1582",
    "Gms": "0",
    "K": "20",
    "RatingMonth": "SEP25",
    "B-day": "1968",
    "Flag": "i"
  },
  {
    "ID Number": "23800011",
    "Name": "Matthew Bailey",
    "Fed": "ANT",
    "Sex": "M",
    "Title": "CM",
    "WTit": "",
    "OTit": "",
    "Rating": "1467",
    "Gms": "0",
    "K": "20",
    "RatingMonth": "SEP25",
    "B-day": "1998",
    "Flag": "i"
  },
  {
    "ID Number": "3500756",
    "Name": "Queipo Caballero, Guillermo",
    "Fed": "ANT",
    "Sex": "M",
    "Title": "FM",
    "WTit": "",
    "OTit": "",
    "Rating": "2217",
    "Gms": "0",
    "K": "20",
    "RatingMonth": "SEP25",
    "B-day": "1965",
    "Flag": "i"
  },
  {
    "ID Number": "10401075",
    "Name": "Smith, Seymore",
    "Fed": "ANT",
    "Sex": "M",
    "Title": "",
    "WTit": "",
    "OTit": "",
    "Rating": "1555",
    "Gms": "0",
    "K": "20",
    "RatingMonth": "SEP25",
    "B-day": "1977",
    "Flag": "i"
  },
  {
    "ID Number": "23800046",
    "Name": "Warner, Andre",
    "Fed": "ANT",
    "Sex": "M",
    "Title": "",
    "WTit": "",
    "OTit": "",
    "Rating": "1527",
    "Gms": "0",
    "K": "20",
    "RatingMonth": "SEP25",
    "B-day": "1998",
    "Flag": "i"
  }
]