ID Number,Name,Fed,Sex,Title,WTit,OTit,Rating,Gms,K,RatingMonth,B-day,Flag
7127030,A.A ACHMAD TITO SETIAWAN,INA,M,,,,1907,0,40,SEP25,1978,i
7109229,Aa Djoni Kosanda,INA,M,,,,1691,0,20,SEP25,1953,
7128762,Ababil,INA,M,,FA,,AIM,1768,0,SEP25,1978,i
7125623,"Abdillah, Buyung",INA,M,,,,1971,0,40,SEP25,1963,i
7128193,"Abdillah, Davian Arpeggio",INA,M,,,,1805,0,40,SEP25,2013,i
7116004,Abdul Hamid Zein,INA,M,,,,1893,0,40,SEP25,2000,
7118279,"Abdullah, Mustafa",INA,M,,,,1869,0,40,SEP25,1972,i
7100574,"Abdurachman, A.A.",INA,M,,,,2165,0,40,SEP25,0,i
7119453,Abed Nego,INA,M,,,,1862,0,40,SEP25,1996,
7127804,"Abidin, Ali Zaenal",INA,M,,,,1807,0,40,SEP25,1989,i
7106017,"Abidin, Dede Zainal",INA,M,,,,1785,0,20,SEP25,1958,
7131585,"Abraham, Raja Ferdinand",INA,M,,,,1781,0,40,SEP25,2009,
7100736,"Abubakar, Nurdin",INA,M,,,,2060,0,20,SEP25,1978,i
7128061,ACENG ZAINI,INA,M,,,,1955,0,40,SEP25,1973,
7103760,"Achmad, Arfian Yusena",INA,M,,,,1814,0,40,SEP25,1992,i
7103069,"Achmad, Bachtiar",INA,M,,,,2163,0,40,SEP25,0,i
7103883,"Achmad, Basofi",INA,M,,,,2277,0,40,SEP25,1989,i
7103891,"Achmad, Basyhar",INA,M,,,,2049,0,20,SEP25,0,i
7132085,"Adeline, Clementia",INA,F,WCM,WCM,,1802,0,40,SEP25,2009,w
7131470,"Adhi, Panji Prasetyo",INA,M,,,,1759,0,40,SEP25,2013,
7123752,"Adhyaksa, Rizky",INA,M,,,,1818,0,40,SEP25,1996,i
7125682,"Adinata, Farrel Octo",INA,M,,,,1805,0,40,SEP25,2005,
7105401,Aditya Ganta Saputra,INA,M,,,,1936,0,40,SEP25,1999,i
7103611,"Aditya, Dicky",INA,M,,,,1922,0,40,SEP25,2004,i
7123019,"Aditya, I Putu Dama",INA,M,,,,1906,0,40,SEP25,2007,i
7126620,"Adnin, Rafa Azkario",INA,M,,,,1494,0,40,SEP25,2014,
7131216,"Adrian, Mikael Maria",INA,M,,,,1672,0,40,SEP25,2010,
7135645,ADWA NUSANTORO,INA,M,,,,1632,0,40,SEP25,2013,i
7108869,Afdimar,INA,M,,,,AFM,1671,0,SEP25,1962,
7131518,Agung,INA,M,,,,1767,0,40,SEP25,2002,
7135700,AGUNG NOORDIANSYAH,INA,M,,,,1673,0,40,SEP25,1979,i
7106246,"Agung, Afp",INA,M,,,,1998,0,20,SEP25,1996,
7129106,"Agung, Anak Agung Gde",INA,M,,,,1930,0,40,SEP25,2003,i
7105185,"Agung, Rinaldi Santoso",INA,M,,,,1620,0,20,SEP25,1987,
7108109,"Agung, Wicaksono",INA,M,,,,1808,0,40,SEP25,1999,
7109636,Agus Nugroho,INA,M,,,,1720,0,40,SEP25,1968,i
7120893,Agus Salim,INA,M,,,,1813,0,40,SEP25,1963,i
7122357,Agus Santoso,INA,M,,,,2102,0,40,SEP25,1969,
7126069,AGUS SUGIANTO,INA,M,,,,2046,0,40,SEP25,1989,
7135696,AGUS WIJAYA,INA,M,,,,1756,0,40,SEP25,1979,i
7106297,"Agus,Tb",INA,M,,,,1814,0,20,SEP25,1973,
7112254,Agustina,INA,F,,,,1957,0,40,SEP25,1977,wi
7105215,"Agustina, Surintha Wahyu",INA,F,,,,1968,0,20,SEP25,2000,wi
7123418,"Aguswijaya, Heryanto",INA,M,,,,1674,0,40,SEP25,1977,i
7101457,"Ahadda, Astian Dana",INA,M,,,,AIM,1968,0,SEP25,1993,
7115709,Ahmad Fauzi,INA,M,,,,2176,0,20,SEP25,1999,
7109830,Ahmad Marchaban,INA,M,,,,1958,0,40,SEP25,1976,i
7124368,Ahmad Muhajir,INA,M,,,,1826,0,40,SEP25,1961,
7112343,Ahmad Raihan Hasa,INA,M,,,,AIM,2042,0,SEP25,1971,i
7105711,Ahmad Wildan,INA,M,,,,1935,0,40,SEP25,1981,i
7109962,Aji Firman Cahya Wardhana,INA,M,,,,1962,0,40,SEP25,2000,i
7118589,"Ajiarta, Indra",INA,M,,,,1981,0,40,SEP25,1990,i
7104294,"Akbar, Akmalnaidi",INA,M,,,,2189,0,20,SEP25,2001,
7125879,"Akbar, Cuncun Arifin",INA,M,,,,2071,0,40,SEP25,1980,i
7133014,"Akbar, M",INA,M,,,,1940,0,40,SEP25,1991,i
7135670,"Akbar, Muhamad",INA,M,,,,AFM,1853,0,SEP25,2004,i
7100639,Akwie Setiawan,INA,M,,,,2130,0,20,SEP25,1963,i
7132794,"Al Amin, Muhammad Affan",INA,M,,,,2038,0,40,SEP25,1998,i
7130678,AL ASQALANI,INA,M,,,,1657,0,40,SEP25,2010,
7109040,"Al Aziz, Aththabrani Anshar",INA,M,,,,2013,0,40,SEP25,2002,i
7127456,"Al Farabi, Muhammad Saud",INA,M,,,,1431,0,40,SEP25,2015,
7127537,"Al Fath, A. F. Robith Dzamiir Rowdak",INA,M,,,,1795,0,40,SEP25,2009,i
7117272,"Al Islami, Mochammad Ali Fudin",INA,M,,,,1893,0,40,SEP25,1996,i
7117140,"Al-Bana, Husen",INA,M,,,,1707,0,40,SEP25,2004,i
7124775,"Al-Faruq, Muhammad Ali",INA,M,,,,1881,0,40,SEP25,2010,
7108770,"Alam, Purnama",INA,M,,,,2000,0,40,SEP25,1978,i
7126808,"Alamsyah, Shawn",INA,M,,,,2041,0,40,SEP25,2011,
7103018,"Albakh, Ghassan Syaqiq",INA,M,,,,1972,0,20,SEP25,0,i
7104308,"Alberto, Pramana Martin Silaen",INA,M,,,,1953,0,40,SEP25,2001,i
7127103,ALEX ZULKARNAIN IMANUDIN,INA,M,,,,1936,0,40,SEP25,1982,i
7138857,"Alexander, William",INA,M,,,,1695,0,40,SEP25,2005,
7140762,Alfan Rosyid Abdulloh Muthy,INA,M,,,,1738,0,40,SEP25,2013,
7133065,"Alfisyahri, Muhammad",INA,M,,,,1950,0,40,SEP25,2007,i
7118511,ALFRETS DIEN,INA,M,,,,1876,0,40,SEP25,1966,i
7108834,"Alhabsyi, Muhamad",INA,M,,,,2028,0,20,SEP25,2002,i
7103743,"Ali, Muhammad Lutfi",INA,M,IM,,,2340,0,10,SEP25,1997,
7138067,"Ali, Rahmat",INA,M,,,,1878,0,40,SEP25,1953,
7103905,"Ali, Sadikin",INA,M,,,,2002,0,20,SEP25,1969,i
7117477,"Alifan, Aura Cahyati",INA,F,,,,1650,0,40,SEP25,2009,w
7105428,Alivia Novyansari,INA,F,,,,1849,0,40,SEP25,1998,wi
7140487,Aliyahudin,INA,M,,,,1896,0,40,SEP25,1983,
7100485,"Aljamiat, R.W.",INA,M,,,,2164,0,40,SEP25,1959,i
7131437,"Alkatiri, Fikri",INA,M,,,,1941,0,40,SEP25,2003,i
7135718,ALVARO SAHATMA SINAGA,INA,M,,,,1758,0,40,SEP25,2009,
7117930,ALVIAN NOVAMBHA NAPILIH,INA,M,,,,2119,0,40,SEP25,1999,i
7115610,ALVREDO SATRIAWAN SINGGIH,INA,M,,,,1881,0,40,SEP25,2000,i
7116187,Alya Sekar K,INA,F,,,,2076,0,40,SEP25,2001,wi
7116640,Amalia Hasanah Hadirin,INA,F,,,,1692,0,40,SEP25,2002,wi
7128657,"Ambiya, H",INA,M,,,,2099,0,40,SEP25,1959,i
7120915,Amir Mahmud,INA,M,,,,1881,0,40,SEP25,1971,i
7130805,"Amir, Alessandro Alfaridzi",INA,M,,,,AIM,1735,0,SEP25,2011,
7130813,"Amir, Safin Aldebaran",INA,M,,,,AIM,1753,0,SEP25,2013,
7104235,"Ananda, Astri H",INA,F,WFM,WFM,,1884,0,40,SEP25,2004,wi
7103913,"Anang, Satriyadi",INA,M,,,,2070,0,20,SEP25,1976,i
7127642,"Anantio, Darrell Fawwaz Satria",INA,M,,,,1801,0,40,SEP25,2009,
7102585,Anasrullah,INA,M,,,,2103,0,20,SEP25,1971,i
7123116,"Anata, Yegi",INA,M,,,,AIM,1792,0,SEP25,1994,
7101686,"Anderson, Harun",INA,M,,,,1964,0,40,SEP25,1964,i
7120931,Andi Ukkas,INA,M,,,,1910,0,40,SEP25,1978,i
7110820,Andik Mulyono,INA,M,,,,1884,0,40,SEP25,1981,i
7126603,ANDRA WIJAYA,INA,M,,,,1949,0,40,SEP25,2009,i
7130015,"Andreas, Kevin Theofilus",INA,M,,,,1897,0,40,SEP25,2008,i
7141068,Andri Jayasadipa Aji,INA,M,,,,2010,0,40,SEP25,2003,
7108800,"Andri, Looz Andere Madri",INA,M,,,,1986,0,40,SEP25,1982,i
7104936,"Andrian, Endang",INA,M,,,,2054,0,40,SEP25,1965,i
7123043,"Andriany, Allodyera Kaylavi Cello Nyssa",INA,F,,,,1769,0,40,SEP25,2007,wi
7112408,Andryan,INA,M,,,,1975,0,40,SEP25,1977,i
7120834,Andy Cahyono Putra,INA,M,,,,1832,0,40,SEP25,1983,i
7103255,"Andyka, Pitra",INA,M,IM,,,2148,5,20,SEP25,1985,
7104332,"Angela, Natasha Renggalis",INA,M,,,,1882,0,20,SEP25,1998,i
7134126,"Anggaswara, I Kadek Dhanvant Keene",INA,M,,,,1878,0,40,SEP25,2013,
7131330,"Angkouw, Isaura Petra Maria",INA,F,,,,1822,0,40,SEP25,2005,wi
7102895,"Anisa, Aay Aisyah",INA,F,WFM,WFM,,1999,0,20,SEP25,1998,wi
7131429,"Annisa, Nyimas Bunga",INA,F,,,,1561,0,40,SEP25,2009,w
7125461,"Ansyori, Said",INA,M,,,,1935,0,40,SEP25,1986,i
7109598,"Anthony, Jonathan",INA,M,,NA,,2127,0,20,SEP25,2001,
7105436,Anton Wijaya,INA,M,,,,1768,0,40,SEP25,1999,i
7122853,"Anwar, Khairil",INA,M,,,,1922,0,40,SEP25,1973,
7123485,"Anwar, Mochamad Choirul",INA,M,,,,1851,0,40,SEP25,1988,
7117302,Anya Zahira Agustine,INA,F,,,,1786,0,40,SEP25,2004,wi
7105223,"Aprilia, Resti",INA,F,WFM,WFM,,1926,0,20,SEP25,1999,wi
7140509,APRIRIYAN HIDAYAT,INA,M,,,,1922,0,40,SEP25,2001,
7118430,ARDANI,INA,M,,,,1950,0,40,SEP25,1959,i
7123434,"Ardiansyah, Muamar Fikri",INA,M,,,,1878,0,40,SEP25,1999,i
7110570,Ardita Prameswari Kusuma,INA,F,,,,1777,0,20,SEP25,2005,wi
7106041,"Arfan, Aditya Bagus",INA,M,IM,,,2383,9,10,SEP25,2006,
7117744,Ari A. Slamet,INA,M,,,,1887,0,40,SEP25,1976,
7119658,"Arief, Alqori",INA,M,,,,1553,0,40,SEP25,1995,i
7103689,"Arief, Rahman",INA,M,,,,1969,0,40,SEP25,1997,i
7122454,"Ariesta, Debi",INA,F,,,,1796,0,40,SEP25,1987,wi
7112130,Arif harsono,INA,M,,,,1959,0,40,SEP25,1970,i
7117710,Arif Yulianto,INA,M,,,,1804,0,40,SEP25,2000,i
7123787,"Arif, Zaki Aqilah",INA,M,,,,1926,0,40,SEP25,2005,i
7122381,Arifin Sahabu,INA,M,,,,1815,0,40,SEP25,1954,i
7109792,"Arifin, Raymond",INA,M,,,,1798,0,20,SEP25,1993,
7139365,"Arifin, Zaenal",INA,M,,,,1914,0,40,SEP25,1973,
7102518,"Aris, Hariyanto",INA,M,,,,2203,0,40,SEP25,1989,i
7100663,"Aris, T.L.S.",INA,M,,,,1961,0,20,SEP25,1968,
7134894,"Ariwibowo, Nur Alya Ihda Sabila",INA,F,,,,1616,0,40,SEP25,2012,w
7105444,Armansyah Putra,INA,M,,,,2166,0,40,SEP25,1963,i
7109067,"Aryani, Safitri Desty",INA,F,,,,1777,0,40,SEP25,2002,wi
7130244,"Asa, Arkharayyan Hajabbar",INA,M,,,,1663,0,40,SEP25,2013,i
7109849,Asep Black,INA,M,,,,2088,0,40,SEP25,1970,i
7141033,Asep Herman,INA,M,,,,1833,0,40,SEP25,1982,
7100892,"Askali, Nurdin",INA,M,FM,,,2199,0,20,SEP25,1962,
7117205,Aspianor Sahbas,INA,M,,,,1834,0,40,SEP25,1966,i
7118791,Asrul Hidayat NST,INA,M,,,,2065,0,40,SEP25,1974,i
7102380,"Astuti, Stefani Dian Cheri Tri",INA,F,,IA,,1990,0,40,SEP25,1988,wi
7103417,"Attakaatsur, Roid",INA,M,,,,2083,0,40,SEP25,1996,i
7105452,Audiali,INA,F,,,,1790,0,40,SEP25,2001,wi
7101570,"Aulia, Medina Warda",INA,F,IM,WGM,,2355,0,10,SEP25,1997,w
7120885,"Aulia, Naufal Aiz Dhafin",INA,M,,,,1844,0,40,SEP25,2003,i
7136153,"Aulia, Rezka",INA,M,,,,1891,0,40,SEP25,1990,
7125747,"Aulia, Sultan",INA,M,,,,1880,0,40,SEP25,2002,
7102011,"Aulia, Virda Rizka",INA,F,,,,1884,0,20,SEP25,1995,w
7124619,"Aurick, Pratama Kevin",INA,M,,,,1795,0,40,SEP25,2009,
7111525,AYU INDRIANE T,INA,F,,,,1756,0,40,SEP25,1997,w
7118376,AYU VIRYAVASTHI TALITHA ANDRIANY,INA,F,,,,1905,0,40,SEP25,2003,wi
7127847,"Azfar, Davin Belmiro",INA,M,,,,1645,0,40,SEP25,2013,i
7134878,"Azzahra, Nofa Kirana",INA,F,,,,1777,0,40,SEP25,2008,w
7122934,"Azzam, Muhammad Siddiq Idris",INA,M,,,,1579,0,40,SEP25,2003,i
7130180,"Azzamy, Khalid Shafwan",INA,M,,,,1895,0,40,SEP25,2008,
7130066,"Bach, Kenny Horasino",INA,M,,,,1973,0,40,SEP25,2013,
7102682,"Bachtiar, Ahmad Ina",INA,M,,,,2100,0,20,SEP25,0,
7126972,"Bafadhal, Izhar",INA,M,,,,1933,0,40,SEP25,2003,
7122047,Baga Marojahan Sagala,INA,M,,,,1940,0,40,SEP25,1970,i
7122209,Bahari Priyatna,INA,M,,,,1791,0,40,SEP25,1961,
7125658,"Bahri, Saiful",INA,M,,,,2007,0,40,SEP25,1982,i
7106203,"Bahri, Saiful",INA,M,,,,1750,0,40,SEP25,1966,
7140908,Baju Setyawan,INA,M,,,,1735,0,40,SEP25,1969,
7133510,Bakhori,INA,M,,,,1867,0,40,SEP25,1963,i
7108990,"Bakri, Muhammad",INA,M,,,,1852,0,40,SEP25,1964,i
7117752,BAMBANG SUGENG,INA,M,,,,1948,0,40,SEP25,1959,i
7117698,Bambang Sularso,INA,M,,,,1584,0,40,SEP25,1958,
7101015,"Bambang, Kayadi",INA,M,,,,2220,0,40,SEP25,0,i
7108710,"Bangun, Benni",INA,M,,,,1776,0,40,SEP25,1977,i
7111738,Bani Madya Al Suras,INA,M,,,,1711,0,40,SEP25,2003,i
7100094,"Barus, Cerdas",INA,M,GM,,,2268,0,10,SEP25,1962,
7138083,"Bashori, Ahsan Nashrudin",INA,M,,,,1784,0,40,SEP25,1992,
7102950,"Baskara, Fiodias",INA,M,FM,,,1989,0,40,SEP25,1996,i
7139144,Bastian March Aritra,INA,M,,,,1735,0,40,SEP25,1986,
7123957,Bayanaka Muhammad Nahsih,INA,M,,,,1745,0,40,SEP25,2009,
7105746,Bayu Suharjito,INA,M,FM,,,2094,0,20,SEP25,1966,i
7131909,Benedict Lim Chin Siong,INA,M,,,,1412,0,40,SEP25,2005,i
7131623,Benediktus Kevin Arkanugraha Jodikara,INA,M,,,,1540,0,40,SEP25,2012,i
7102968,"Benteng Buana, Bintang Lazuardi",INA,M,,,,1965,0,40,SEP25,1995,i
7107030,"Benzel, Okky Johan",INA,M,,,,2070,0,40,SEP25,1994,i
7130414,"Berata, I Kadek Winayaka Sentanu",INA,M,,,,1768,0,40,SEP25,2010,
7140525,BERNIE,INA,M,,,,ACM,1598,0,SEP25,1991,
7130961,"Betta, Devdan Yusouf Maulana",INA,M,,,,1545,0,40,SEP25,2010,
7117159,Billy Sunaryo,INA,M,,,,1971,0,40,SEP25,1967,i
7110871,Bintang  Rendy Kurniawan,INA,M,,,,1936,0,40,SEP25,2002,i
7105355,"Bintang, Rasyid A. Hidayat",INA,M,CM,,,1876,0,40,SEP25,2005,
7110200,BIROWO,INA,M,,,,1851,0,40,SEP25,1967,i
7137664,"Bitnansyah, Rahis",INA,M,,,,1640,0,40,SEP25,2012,
7100922,"Bongga, Ignasius",INA,M,,NA,,2212,0,40,SEP25,1969,i
7103085,"Boy, Reinhard",INA,M,,,,1762,0,40,SEP25,1991,i
7122446,"Brahmana, Aisah Wijayanti Putri",INA,F,,,,1824,0,40,SEP25,2001,wi
7135300,"Brahmaputra, Jed Lintang",INA,M,,,,1592,0,40,SEP25,2012,i
7117680,Brian Laksmana Saputra,INA,M,,,,2018,0,20,SEP25,2004,
7130848,BRILLIANTO SOERAHMAN,INA,M,,,,1622,0,40,SEP25,2015,
7108036,"Buana, Daru Okta",INA,M,CM,,,2023,0,20,SEP25,2002,i
7108443,Budhi Kosasih,INA,M,,,,1800,0,40,SEP25,1998,i
7106955,"Budhidharma, Nayaka",INA,M,IM,,,2389,18,20,SEP25,2006,
7126360,"Budhy, Samuel Dave Abraham",INA,M,,,,1663,0,40,SEP25,2009,i
7125186,BUDI SETIYONO,INA,M,,,,1955,0,40,SEP25,1976,i
7112866,Budiarjo,INA,M,,,,2022,0,40,SEP25,1969,i
7107331,"Budiarti, Farah Yumna",INA,F,WFM,WFM,,1903,0,20,SEP25,1997,wi
7103000,"Budiarto, Dhatuyo",INA,M,CM,,,1977,0,20,SEP25,2003,i
7103956,"Budiman, Hs",INA,M,,,,2110,0,20,SEP25,1974,
7112491,Bui Phin,INA,M,,,,1866,0,40,SEP25,1981,i
7117299,Bulan Nainggolan,INA,F,,,,1663,0,40,SEP25,2005,wi
7102577,"Bunawan, Bong",INA,M,FM,FT,,2313,0,40,SEP25,1956,i
7124252,"Cahaya, Satria Duta",INA,M,FM,,,2393,0,10,SEP25,2008,
7118082,"Cahrito, Ade Wahyu",INA,M,,,,1877,0,40,SEP25,1997,
7106068,Cahyadi,INA,M,,,,1692,0,20,SEP25,1987,
7122659,"Cahyazafira, Arlisa Sepvita",INA,F,,,,1765,0,40,SEP25,1997,wi
7130341,"Cahyono, Shifania Aulia",INA,F,,,,1857,0,40,SEP25,2010,w
7121938,Candra,INA,M,,,,1808,0,40,SEP25,1976,i
7125593,"Candra, Rudi",INA,M,,,,1779,0,40,SEP25,1972,i
7110901,Cantona Eka Lispriyanto,INA,M,,,,1678,0,40,SEP25,1999,i
7108893,"Carissa, Vioren",INA,F,,,,1866,0,40,SEP25,2002,wi
7122527,Carsidi,INA,M,,,,1663,0,40,SEP25,1970,i
7135874,CATHERINE ALMIRA,INA,F,,,,1862,0,40,SEP25,1997,wi
7107595,"Cesar, Kornelius",INA,M,,,,1845,0,40,SEP25,2004,i
7123442,"Chairudin, Muhammad Tsalis",INA,M,,,,1702,0,40,SEP25,2005,i
7136048,"Chan, Michael Bryan",INA,M,,,,1479,0,40,SEP25,2010,
7127901,"Chandra, Rubin",INA,M,,,,1782,0,40,SEP25,2000,i
7103441,"Chandra, Vania Vindy",INA,F,,SI,,AFM,1876,0,SEP25,2000,wi
7102488,"Chaniago, Mega Sari",INA,F,WFM,WFM,,1938,0,20,SEP25,1991,wi
7119550,Chardes MT,INA,M,,,,1886,0,40,SEP25,1978,
7141017,Chellynn Brightlynn Handiyono,INA,F,,,,1704,0,40,SEP25,2012,w
7120680,Cherishta Joane Nungki,INA,F,,,,1598,0,40,SEP25,2006,wi
7129424,"Chia, Gregory Winston",INA,M,,,,1533,0,40,SEP25,2015,i
7101511,"Chkartina, Gerhana",INA,F,WCM,WCM,,2049,0,20,SEP25,1992,wi
7139934,Cholid Yulianto,INA,M,,,,1869,0,40,SEP25,1969,
7110537,Cholil Jauhari,INA,M,,,,1971,0,40,SEP25,1970,i
7112262,Chrisnadi Palewana,INA,M,,,,1753,0,40,SEP25,1989,i
7134932,CHRISTOPHER VINCENTIUS KURNIAWAN,INA,M,,,,1830,0,40,SEP25,2007,
7101244,"Citra, Dewi Ardhiani Anastasia",INA,F,WGM,WGM,,2158,0,20,SEP25,1994,w
7101554,"Cuhendi, Sean Winshand",INA,M,GM,,,2509,0,10,SEP25,1997,
7135882,DAHLAN EFFENDI,INA,M,,,,1743,0,40,SEP25,1965,
7133294,"Damanik, Rahmad Nadi",INA,M,,,,1708,0,40,SEP25,1969,
7100914,"Damogalad, Iohdar",INA,M,FM,,,2480,0,10,SEP25,1968,i
7134320,Daniel Dirgantara P.,INA,M,,,,1742,0,40,SEP25,1968,
7127499,DANIEL LAOTONGAN,INA,M,,,,1887,0,40,SEP25,1968,
7124660,"Daniputra, Muhammad Ikhsan",INA,M,,,,1757,0,40,SEP25,2004,
7125208,DANY IKHWAN,INA,M,,,,1714,0,40,SEP25,2002,i
7113072,"Darmanto, Heri",INA,M,,NA,,AFM,1737,0,SEP25,1970,i
7100396,"Darmayanti, Tamin D",INA,F,,,,2055,0,20,SEP25,1963,wi
7118724,Darno,INA,M,,,,1840,0,40,SEP25,1966,i
7120923,Daru Hastono,INA,M,,,,1912,0,40,SEP25,1964,i
7114613,Daryanto,INA,M,,,,1936,0,40,SEP25,1966,i
7141025,David Christian,INA,M,,,,1839,0,40,SEP25,2005,
7113404,David Saputra,INA,M,,,,1972,0,20,SEP25,2001,
7132620,"Davin, Nicholas",INA,M,,,,AFM,1539,0,SEP25,2010,
7132638,"Davin, Ronald",INA,M,,,,AFM,1694,0,SEP25,2013,
7112718,Debet Irianto,INA,M,,,,1909,0,40,SEP25,1962,i
7110340,Derrickco,INA,M,,,,1773,0,40,SEP25,2004,i
7105495,"Deslado, Adiwindra Akmal",INA,M,,,,1591,0,40,SEP25,2003,i
7107471,Devin Larson,INA,M,,,,1803,0,40,SEP25,2000,i
7105509,Devina Junus,INA,F,,,,1649,0,40,SEP25,2004,wi
7116624,Devito Alfionaldi Firgianto,INA,M,,,,1771,0,40,SEP25,2002,i
7104324,Dewi Fortuna Solina,INA,F,,,,1865,0,40,SEP25,1999,w
7130333,"Dewi, Kenya Kesuma",INA,F,,,,1632,0,40,SEP25,2011,wi
7118201,"Dharmadjaya, I Gusti Bagus",INA,M,,,,1989,0,40,SEP25,1964,i
7135220,"Dharmanto, Clayton Valentino",INA,M,,,,AFM,1901,0,SEP25,2009,
7108206,"Diantika, Metalia Widya",INA,F,,,,1918,0,40,SEP25,2001,wi
7117310,Dicky Aditya,INA,M,,,,2055,0,20,SEP25,2004,
7117779,DICKY ZULKARNAEN,INA,M,,,,1924,0,40,SEP25,1999,
7103964,"Didik, Saliputra",INA,M,,,,2020,0,40,SEP25,0,i
7118732,Didit Aditiya Warman,INA,M,,,,1780,0,40,SEP25,1955,i
7137800,Difki Etanade Putra,INA,M,,,,1730,0,40,SEP25,2011,
7118252,"Dillak, Albert",INA,M,,,,1891,0,40,SEP25,1964,i
7120729,Dimas Arya Sanjaya,INA,M,,,,1758,0,40,SEP25,2004,i
7112556,Dimas Randa Putra,INA,M,,,,1921,0,40,SEP25,1994,i
7112327,Dita Ananda kasih,INA,F,,,,1724,0,40,SEP25,2000,wi
7133995,"Djaelani, Achmad",INA,M,,,,1709,0,40,SEP25,1972,
7108672,"Djajasasmita, Jason",INA,M,,,,1796,0,40,SEP25,1997,
7110545,Djusianto,INA,M,,,,1650,0,40,SEP25,1964,i
7127200,"Doda, Samuel Keanu Johosua",INA,M,,,,1724,0,40,SEP25,2006,
7127120,DONI TIANSYAH,INA,M,,,,1919,0,40,SEP25,1985,i
7118740,Donny Setiawan,INA,M,,,,1955,0,40,SEP25,1979,i
7107501,"Dwi Cahya, Angga",INA,M,,,,1878,0,40,SEP25,1997,i
7115695,Dwi Rangga,INA,M,,,,1920,0,40,SEP25,1992,
7118554,DWI RAVIANTO AKBAR,INA,M,,,,2018,0,40,SEP25,2000,i
7122470,Dwilaksana Sukmana,INA,M,,,,1795,0,40,SEP25,1963,i
7105053,"Dwitama, Gelar Sagara",INA,M,,,,2051,0,20,SEP25,1996,
7105517,Dyah Rahmawati,INA,F,,,,1918,0,40,SEP25,1994,wi
7105525,Dziththauly Ramadhan,INA,M,CM,,,2171,0,20,SEP25,2002,
7106777,Dziththaulya Ramadhani,INA,F,,,,1769,0,40,SEP25,2006,wi
7112530,Edi Susanto,INA,M,,,,1961,0,40,SEP25,1981,i
7112955,"Edi, Gatot",INA,M,,,,2172,0,40,SEP25,1971,i
7111924,"Edithso, Samantha",INA,F,WFM,WFM,,1882,0,40,SEP25,2008,w
7103590,Ediyanto,INA,M,FM,,,2304,0,40,SEP25,1970,i
7113870,Eduard Sebayang,INA,M,,,,1881,0,40,SEP25,1969,i
7118490,EDUARDUS JOHANES EDUK,INA,M,,,,1843,0,40,SEP25,1958,i
7129408,Edyson,INA,M,,,,2020,0,40,SEP25,1968,i
7105533,Efendy Goenawan,INA,M,,,,1852,0,20,SEP25,1942,i
7112696,Effendy Pahrun,INA,M,,,,1929,0,40,SEP25,1962,i
7120800,Eka Wahidin,INA,M,,,,1878,0,40,SEP25,1967,i
7119992,Eka Widyaningsih,INA,F,,,,1812,0,40,SEP25,2001,wi
7112971,"Ekawanto,Bayu",INA,M,,,,2086,0,40,SEP25,1978,i
7118759,Eko Budi,INA,M,,,,1929,0,40,SEP25,1986,i
7125178,EKO RUSYANTO,INA,M,,,,1874,0,40,SEP25,1960,i
7106483,"Eko, Arie A",INA,M,,,,1935,0,40,SEP25,1995,i
7106165,"Elisabeth, Christine",INA,F,WFM,WFM,NA,2147,0,20,SEP25,2002,w
7126123,ENDANG AWALUDN,INA,M,,,,1970,0,40,SEP25,1971,i
7126182,Endang Koswara,INA,M,,,,1915,0,40,SEP25,1958,i
7112629,Endang Suryadi,INA,M,,,,1834,0,20,SEP25,1967,
7115261,"Endang, Wahyudin",INA,M,,,,1889,0,40,SEP25,1982,i
7119470,Endi Gunawan,INA,M,,,,1906,0,40,SEP25,1984,
7118953,Ephesians Primaranatha,INA,M,,,,2114,0,40,SEP25,2004,i
7134061,Erfinal,INA,M,,,,1705,0,40,SEP25,1954,
7105541,Eri Purnama,INA,M,,,,2011,0,20,SEP25,1979,
7102135,"Ervan, Mohamad",INA,M,IM,,,2354,0,10,SEP25,1992,
7134983,"Esterlita, Anggraeni Putri",INA,F,,,,1628,0,40,SEP25,2006,wi
7110553,Evan Effendy,INA,M,,,,2066,0,40,SEP25,1979,i
7117787,FABIAN LUMENTUT,INA,M,,,,1876,0,20,SEP25,1940,i
7123183,"Fadlilah, Muhammad Harits",INA,M,,,,1997,0,40,SEP25,1999,i
7118503,FAHMI SALAM,INA,M,,,,1947,0,40,SEP25,1995,i
7101333,"Fahmi, Jauhari",INA,M,,,,2172,0,40,SEP25,1958,i
7109890,Fajar Alamsyah,INA,M,,,,1974,0,40,SEP25,1978,i
7105550,Fajar Bagus Kelana,INA,M,,,,1936,0,40,SEP25,2001,i
7118481,FAJAR KURNIAWAN ADHYAKSA,INA,M,,,,1777,0,40,SEP25,1994,i
7112815,"Fajar, Reza",INA,M,,,,2163,0,20,SEP25,1986,
7125003,"Faletehan, Maulana Ezra",INA,M,,NA,,1819,0,40,SEP25,2002,i
7107102,"Falsaveta, Ken Nahel",INA,F,,,,1705,0,40,SEP25,2001,wi
7125631,"Fardianto, Dian Wahidin",INA,M,,,,1807,0,40,SEP25,1971,
7107650,"Farhan, Muhammad Aditya",INA,M,,,,1926,0,40,SEP25,2003,i
7134975,FARREL ARISTA BARAYIS TOETIE,INA,M,,,,1529,0,40,SEP25,2013,i
7130295,Farrel Kayz Mahendra,INA,M,,,,AFM,1639,0,SEP25,2012,i
7105002,"Faruq, Afifa Ayyun",INA,F,WFM,WFM,,1878,0,20,SEP25,2000,wi
7118350,Fata Favian Cannavaro,INA,M,,,,1687,0,40,SEP25,2006,i
7109105,"Fathan, Dadang",INA,M,,,,1984,0,40,SEP25,1960,i
7122268,"Fatheka, Aksel Aria",INA,M,,,,1969,0,40,SEP25,2006,i
7105061,"Fatikh, Emas Fajar",INA,M,FM,,,2378,0,10,SEP25,1995,
7126263,FATONAH ALMUGNIASARI,INA,F,,,,1588,0,40,SEP25,2010,w
7105142,"Fauzan, M",INA,M,,,,2218,0,40,SEP25,1972,i
7100264,"Fauzi, Achmad",INA,M,,,,2225,0,20,SEP25,1962,i
7101325,"Febriana, Nita Nurmala",INA,F,,,,1908,0,20,SEP25,1992,wi
7132590,"Febriansyah, Muhammad Kevin",INA,M,,,,ACM,1576,0,SEP25,2011,
7141661,Fedrick Fernando Simarmata,INA,M,,,,1694,6,40,SEP25,2005,
7112114,"Felicia, Cindy",INA,F,,,,1462,0,40,SEP25,2005,wi
7118988,Fera Aryanti,INA,F,,,,1862,0,40,SEP25,2001,wi
7102690,"Ferdiman, Tersiman",INA,M,,,,2014,0,20,SEP25,1958,i
7103131,"Ferdinand, Hutabarat",INA,M,,NA,,1992,0,40,SEP25,1989,
7115300,Ferdiyansah,INA,M,,,,2033,0,40,SEP25,2000,
7119500,"Ferial Azis, Siregar",INA,M,,,,1665,0,40,SEP25,1953,
7139675,"Fernando, Nicholas",INA,M,,,,1755,0,40,SEP25,2003,
7110995,Fero Diky Firmansyah,INA,M,,,,1957,0,40,SEP25,2003,i
7124783,Ferry Firmansyah,INA,M,,,,1950,0,40,SEP25,1960,i
7117132,Ferry Yanto Siregar,INA,M,,,,1863,0,40,SEP25,1977,i
7103140,"Ferry, Ferdiansyah",INA,M,FM,,,2278,0,40,SEP25,1989,i
7111711,Fifi Nafsiyatun Nurul Fadlilah,INA,F,,,,1668,0,40,SEP25,2004,wi
7109288,"Firdaus, Abbas",INA,M,,,,1890,0,40,SEP25,2003,i
7100833,"Firdaus, Maksum",INA,M,FM,,,2164,0,20,SEP25,1967,
7118406,FIRDYA FEBRIYANTI,INA,F,,,,1901,0,40,SEP25,2003,wi
7126336,"Firjatullah, Rafa",INA,M,,,,1821,0,40,SEP25,2011,
7102526,"Firman Syah, Farid",INA,M,IM,,,2367,0,10,SEP25,1993,
7123035,"Firmansyah, Gusti Fred",INA,M,,,,2062,0,40,SEP25,1966,i
7123396,"Firmansyah, Muhammad Royhan",INA,M,,,,1778,0,40,SEP25,2006,i
7104804,"Fisabilillah, Ummi",INA,F,WIM,WIM,,2153,0,20,SEP25,2000,w
7102976,"Fitriyah, Desy Nur",INA,F,,,,1835,0,40,SEP25,1995,wi
7109199,"Fitriyani, Amanda Suci",INA,F,WFM,WFM,,1905,0,20,SEP25,2001,w
7134991,"Fortuna, Jessica Octary",INA,F,,,,1602,0,40,SEP25,2008,wi
7130473,Fransiscus F. Dagi,INA,M,,FA,,1929,0,40,SEP25,1967,
7102046,"Friasayani, Muhammad Hendrik",INA,M,FM,,,2321,0,20,SEP25,1977,
7137303,GAFARA MAHESA HARISDARMA TANUSUWANDA,INA,M,,,,1719,0,40,SEP25,2012,
7102437,"Gagarin, Setiawan",INA,M,,,,1896,0,40,SEP25,1961,i
7119305,Galih Eguh Pamungkas,INA,M,,,,1992,0,40,SEP25,1989,i
7117647,Garry Ramadhana Jativa,INA,M,,,,2035,0,40,SEP25,2000,i
7125925,GAUL MANURUNG,INA,M,,,,1755,0,40,SEP25,1964,i
7137729,"Gayatri, Titah",INA,F,,,,1676,0,40,SEP25,2009,w
7140436,Genta Adyatma Jatmika,INA,M,,,,1743,0,40,SEP25,2010,
7127740,GEORGIO GABE BUTARBUTAR,INA,M,,,,1751,0,40,SEP25,2014,
7139870,Gershwin Laviano,INA,M,,,,1879,0,40,SEP25,1999,
7122985,"Ghiffari, Abi Dzar",INA,M,,,,2089,0,40,SEP25,1995,i
7105983,"Ghozali, Anugrah Maria",INA,F,WFM,WFM,,2131,0,40,SEP25,2000,wi
7106408,"Ghozali, Ester Kurniawati",INA,F,,,,2097,0,40,SEP25,1996,wi
7137516,Gilang,INA,M,,,,1846,0,40,SEP25,2001,
7100060,"Ginting, Nasib",INA,M,IM,,,2377,0,10,SEP25,1959,i
7120583,"Ginting, Osaka Hendra",INA,M,,,,1797,0,40,SEP25,1971,i
7100078,"Ginting, Sarwan",INA,M,FM,,,2355,0,20,SEP25,1951,i
7127430,"Ginting, Stevan Anes Jan Rafael",INA,M,,,,1767,0,40,SEP25,2005,i
7138385,"Giriyanto, Achmad Rizki",INA,M,,,,1684,0,40,SEP25,1982,
7103832,Godam Eko Hudi Saputra,INA,M,,,,2013,0,20,SEP25,1989,i
7139063,"Graham, Elloif Daniel",INA,M,,,,AFM,1492,0,SEP25,2009,
7116047,GRISELDA VALINSYA IFANKA,INA,F,,,,1612,0,40,SEP25,2006,wi
7137877,Gufran,INA,M,,,,1768,0,40,SEP25,1967,
7126271,GULTOM ALMAGRO HASIAN,INA,M,,,,1854,0,40,SEP25,2012,
7137478,"Gultom, Rheinhold",INA,M,,,,1566,0,40,SEP25,1972,
7113846,Gumilar Adang,INA,M,,,,1990,0,40,SEP25,1964,i
7137540,"Guna, Komang Agus Krisna",INA,M,,,,1574,0,40,SEP25,1983,
7136013,"Gunarto, Rudy",INA,M,,,,1622,0,40,SEP25,1965,
7113498,Gunawan Eksa,INA,M,,,,1757,0,40,SEP25,1960,
7135726,"Gunawan, Jeremiah Riker",INA,M,,,,1772,0,40,SEP25,1994,
7100744,"Gunawan, Johan",INA,M,FM,,,2095,0,20,SEP25,1968,
7100035,"Gunawan, Ronny",INA,M,IM,,,2187,0,10,SEP25,1960,
7108478,"Gunawan, Sasti Angel",INA,F,WFM,WFM,,2134,0,40,SEP25,2002,wi
7106360,Guntoro Sugianto,INA,M,,,,1855,0,40,SEP25,1956,i
7109130,"Guntoro, Dodi",INA,M,,,,1861,0,40,SEP25,1964,
7113528,Gustaf,INA,M,,,,1835,0,40,SEP25,1967,
7139101,"Gutama, Arya",INA,M,,,,1862,0,40,SEP25,1983,
7127189,H. AGUSTIAR SABRAN,INA,M,,,,2040,0,40,SEP25,1972,i
7108192,"Habibi, Azmi Nur",INA,M,,,,1992,0,40,SEP25,2000,i
7128878,Habiburrahman,INA,M,,,,1840,0,40,SEP25,1986,i
7138644,"Hadik, Arthur Dzikru Saifunnawas",INA,M,,,,1765,0,40,SEP25,2010,
7112785,Hadiyanoor,INA,M,,,,2088,0,20,SEP25,1990,i
7109806,Haekal Logika Alfarabi,INA,M,,,,1854,0,40,SEP25,1999,i
7137524,"Hafid, Haswan",INA,M,,,,1685,0,40,SEP25,1988,
7104227,"Hafiz, Arif Abdul",INA,M,IM,,,2386,0,20,SEP25,1999,
7127561,"Haidar, Tristan",INA,M,,,,1698,0,40,SEP25,2013,
7128371,"Hajar, Ibnu",INA,M,,,,1675,0,40,SEP25,2004,i
7106521,"Hakasa, Arya Wisang",INA,M,,,,2067,0,20,SEP25,2000,
7102097,"Hakiki, Kaisar Jenius",INA,M,FM,,,2188,0,20,SEP25,1990,i
7126522,"Hakim, Abdul",INA,M,,,,1658,0,40,SEP25,1966,
7125887,"Hakim, Amir",INA,M,,,,1939,0,40,SEP25,1988,i
7105312,"Hakim, Nuh",INA,M,,,,2186,0,20,SEP25,1998,
7137656,"Hakim, Nurul",INA,M,,,,1633,0,40,SEP25,1997,
7114893,Hakky Madya,INA,M,,,,1708,0,20,SEP25,1970,
7101392,"Halay, Taufik",INA,M,IM,,,2312,0,10,SEP25,1987,i
7126417,"Halomoan, Marco Matheus",INA,M,,,,1790,3,20,SEP25,2000,
7126255,HAMDAN YELPI,INA,M,,,,2003,0,40,SEP25,2002,
7107749,"Hamidi, Mukhlis",INA,M,,,,1975,0,40,SEP25,1975,i
7127634,"Hammamputra, Muhammad Ariq",INA,M,,,,1470,0,40,SEP25,1999,i
7112246,Hana Apriliana,INA,F,,,,1935,0,40,SEP25,1988,wi
7126077,HANAPI,INA,M,,,,1764,0,40,SEP25,1965,i
7102623,"Handayani, Tri",INA,F,,,,1810,0,20,SEP25,1978,w
7117523,"Handoko, Axel Stephen",INA,M,,,,1838,0,40,SEP25,2002,i
7124600,"Handoko, Claretta Nathania",INA,F,,,,1536,0,40,SEP25,2011,w
7105339,"Handoko, Eko",INA,M,,,,2008,0,20,SEP25,0,i
7128002,"Handoko, Ignacio Benedict",INA,M,,,,1669,0,40,SEP25,2009,i
7105231,"Handoyo, Fransisca Fortunata",INA,F,WFM,WFM,,1971,0,20,SEP25,1997,wi
7137605,Handy,INA,M,,,,1702,0,40,SEP25,2009,
7111983,"Hanfin, Zahra Chumaira Amelia",INA,F,WFM,WFM,,2062,0,20,SEP25,1998,wi
7105894,"Hani, Wardah",INA,F,WFM,WFM,,2107,0,20,SEP25,1999,wi
7106807,"Hanif, Andhika",INA,M,,,,1872,0,40,SEP25,2000,i
7104243,"Hanik, Dwi Nurlaili",INA,F,,,,1886,0,20,SEP25,1994,wi
7109725,Hans Pusung,INA,M,,,,2200,0,40,SEP25,1965,i
7130880,"Hansen, Leonathan Edgar",INA,M,,,,1604,0,40,SEP25,2015,
7127448,"Hansmuda, Zaeik Nun",INA,M,,,,1768,0,40,SEP25,2007,i
7131143,"Hanun, Nafisah",INA,F,,,,1783,0,40,SEP25,2009,w
7105843,Harahap Yoga Pradafa,INA,M,FM,,,2155,0,20,SEP25,1999,i
7128274,"Harahap, Jafaruddin",INA,M,,,,1800,0,40,SEP25,1974,
7100850,"Hardami, Wibi",INA,M,,,,2215,0,40,SEP25,1971,i
7136170,"Hardinata, Lingga",INA,M,,,,AIM,1651,0,SEP25,1993,
7131526,"Hardjono, Bryan Pangestu",INA,M,,,,1605,0,40,SEP25,2006,i
7106076,"Harianja, Fernando",INA,M,,,,1870,0,40,SEP25,1967,
7101171,"Harianto, Antonius",INA,M,,,,1715,0,40,SEP25,0,i
7138768,"Harianto, Osten Cristo",INA,M,,,,1707,0,40,SEP25,2010,
7124210,"Harmanda, Muhammad Zulfa",INA,M,,,,1832,0,40,SEP25,2003,i
7111495,Harry Kurniawan,INA,M,,,,2012,0,40,SEP25,1962,i
7120826,Harsono,INA,M,,,,1879,0,40,SEP25,1972,i
7124791,Hartadi,INA,M,,,,1708,0,40,SEP25,1954,i
7107676,"Hartanto, Nathanael Yosafat",INA,M,,,,1904,0,40,SEP25,2003,i
7134347,"Hartanto, Toni",INA,M,,,,1767,0,40,SEP25,1978,i
7112920,"Hartoni, Hadi",INA,M,,,,1971,0,40,SEP25,1972,i
7101694,Hartono,INA,M,,,,2012,0,20,SEP25,1957,i
7122560,"Hartono, Adji",INA,M,,,,1887,0,20,SEP25,1968,i
7108974,"Hartono, Rudy",INA,M,,,,1600,0,40,SEP25,1968,
7101708,"Hartono, Rusdi",INA,M,,,,2184,0,20,SEP25,1973,i
7113080,"Hartono, Teguh",INA,M,,,,1861,0,40,SEP25,1964,i
7126107,HARUN ARRASYID,INA,M,,,,1770,0,40,SEP25,1978,i
7125828,"Haryadi, Rikmat",INA,M,,,,1833,0,40,SEP25,1973,i
7122543,"Haryanto, M",INA,M,,,,1671,0,40,SEP25,1983,i
7102348,"Hasan, Basri",INA,M,,,,2078,0,40,SEP25,0,i
7126719,"Hasannudin, Zenathan Adnin",INA,M,,,,1555,0,40,SEP25,1985,
7102810,"Hasanudin, Sulaeman",INA,M,,,,2041,0,40,SEP25,0,i
7120710,Hasbi Subagyo Putra,INA,M,,,,1737,0,40,SEP25,2009,i
7137494,"Hasibuan, Amrullah",INA,M,,,,AIM,2169,0,SEP25,1989,
7130910,"Hasna, Khansa Safia",INA,F,,,,1426,0,40,SEP25,2015,w
7108818,"Hasyim, Cung",INA,M,,,,1956,0,40,SEP25,1967,i
7117639,"Hazaraqi, Vaio Alfitrah",INA,M,,,,1887,0,40,SEP25,2004,i
7134304,"Hazeeq, Fayzal",INA,M,,,,1491,0,40,SEP25,2007,i
7109431,Hendra Supriadi,INA,M,,,,1984,0,40,SEP25,1975,i
7100523,"Hendra, Johan",INA,M,,,,2205,0,20,SEP25,1972,i
7107609,"Hendrawan, Aldy Surya",INA,M,,,,1891,0,40,SEP25,2001,i
7107617,"Hendrawan, Ammar Daffa Surya",INA,M,,,,1559,0,40,SEP25,2006,i
7135823,HENDRIK HUYSAN,INA,M,,,,1586,0,40,SEP25,1959,i
7103980,"Hendrik, Maha",INA,M,,,,1920,0,40,SEP25,0,i
7113293,Hendry Y Heriyanto,INA,M,,,,1977,0,20,SEP25,1978,
7121849,Hengky Suwito,INA,M,,,,1973,0,40,SEP25,1980,
7117493,"Herfesa, Shafira Devi",INA,F,WIM,WIM,,2149,0,40,SEP25,2008,w
7111061,Heri Siregar,INA,M,,,,2086,0,40,SEP25,1979,i
7109385,Heriadi Ichwan,INA,M,,NA,,1803,0,40,SEP25,1967,
7137532,Herman,INA,M,,,,1667,0,40,SEP25,1961,
7140789,Herman Hazboellah,INA,M,,,,1861,0,40,SEP25,1956,
7122128,Herry Fepandri Lodewijk,INA,M,,,,1896,0,40,SEP25,1975,i
7112700,Heru Santoso,INA,M,,,,1841,0,40,SEP25,1980,i
7108524,"Heru, Adfa",INA,M,,,,2003,0,40,SEP25,1966,i
7124937,"Herwanto, Momon",INA,M,,NA,,1940,0,40,SEP25,1975,i
7125526,Herwin,INA,M,,,,1888,0,40,SEP25,1970,i
7129440,"Herwindo, Rio",INA,M,,,,2008,0,40,SEP25,1998,i
7125496,"Heryanto, Budi",INA,M,,,,1783,0,40,SEP25,1968,i
7128630,"Hidayanto, Arief",INA,M,,,,1807,0,40,SEP25,1982,i
7100817,Hidayat,INA,M,,,,2030,0,40,SEP25,0,i
7100876,"Hidayat, Arifin",INA,M,,,,2067,0,20,SEP25,1960,i
7134851,"Hidayat, Kenzie Javas",INA,M,,,,1651,0,40,SEP25,2011,
7118341,HOMAIDI,INA,M,,,,1900,0,40,SEP25,1973,i
7139233,"Hu, Ken Oliver",INA,M,,,,1504,0,40,SEP25,2015,
7139241,"Hu, Ryo Jaden",INA,M,,,,1595,0,40,SEP25,2017,
7112947,"Huan , Buce",INA,M,,,,1987,0,40,SEP25,1954,i
7122942,"Hud, Sayyif Ibrahim Gouden",INA,M,,,,1447,0,40,SEP25,2009,i
7112823,"Huda, Muhammad Nurul",INA,M,,,,2313,0,40,SEP25,2001,
7113110,"Hudany, M. Miftahul",INA,M,FM,,,2182,0,20,SEP25,1997,i
7102020,"Hukom, David",INA,M,,,,2027,0,20,SEP25,1961,i
7117620,Hunter Chalid,INA,M,,,,1900,0,20,SEP25,1981,i
7124295,"Hutabarat, Parlindungan",INA,M,,,,2055,0,40,SEP25,1968,i
7112793,"Hutagalung, E.S.M",INA,M,FM,,,2405,0,10,SEP25,1958,i
7100299,"Hutagalung, T",INA,M,,,,2205,0,20,SEP25,0,i
7137630,"Hutagaol, Jhon Afandi",INA,M,,,,1630,0,40,SEP25,1976,
7102119,"Hutapea, Juniel",INA,M,,,,1968,0,40,SEP25,0,i
7118457,I DEWA PUTU SUDARSANA,INA,M,,,,1803,0,40,SEP25,1975,i
7117604,I KETUT SANA WIDIANTARA,INA,M,,,,2013,0,20,SEP25,1973,i
7117329,I Made Agung Aditya Mahadev,INA,M,,,,1874,0,40,SEP25,2004,i
7109423,I Marsel Davidson,INA,M,,,,1664,0,40,SEP25,2004,i
7109741,I Nyoman Nalendra Saputra,INA,M,,,,1861,0,40,SEP25,1997,i
7130597,I Putu Saitya Pradnya Tadvanam,INA,M,,,,1410,0,40,SEP25,2011,i
7109857,I Wayan Ekanata Darma Pradnyana,INA,M,,"SI,IA",,AGM,2005,8,SEP25,1982,
7131992,"Ibrahim, Dika",INA,M,,,,1976,0,40,SEP25,1976,i
7141092,Ichwanuddin,INA,M,,,,1624,0,40,SEP25,1963,
7106653,"Ifanka, Fatika La Viola",INA,F,,,,1752,0,40,SEP25,2000,wi
7111070,Imam Asad Fachrudi,INA,M,,,,1899,0,40,SEP25,1984,i
7124945,IMAM FAUZI,INA,M,,,,1981,0,40,SEP25,1979,i
7100540,"Iman S., Oscar",INA,M,FM,,,2304,0,20,SEP25,1966,i
7117337,Imanuel Dave Sutrasman,INA,M,,,,1751,0,40,SEP25,2004,i
7124236,IMANUEL MARTOGI,INA,M,,,,1743,0,40,SEP25,2011,
7112319,Imanuel Seran,INA,M,,,,2106,0,40,SEP25,1978,i
7101090,Imasniti,INA,F,,,,1944,0,20,SEP25,1949,wi
7127057,IMMANUEL CHRISTIAN P. SIMANULLANG,INA,M,,,,1874,0,40,SEP25,2007,i
7104006,"Immanuel, Christopherus T",INA,M,,,,2146,0,40,SEP25,1970,i
7124309,"Immanuel, Morado Solafide",INA,M,,,,1900,0,40,SEP25,2009,
7104464,"Indah, P. Askali",INA,M,,,,1802,0,40,SEP25,0,i
7117701,"Indasari, Anak Agung Putri",INA,F,,,,1755,0,40,SEP25,1992,wi
7104472,"Indira, Nursyamsina Hazimi",INA,F,,,,1853,0,40,SEP25,0,wi
7115946,INDRA SURYA,INA,M,,,,1907,0,40,SEP25,1983,i
7124430,INDRA YOGA,INA,M,,,,1827,0,40,SEP25,1987,i
7120010,"Indra, Jaya",INA,M,,,,1817,0,40,SEP25,1977,i
7118880,Iqbal Bayu Wijaya,INA,M,,,,1758,0,40,SEP25,1975,i
7110685,Iqra Moesa Putra,INA,M,,,,2090,0,20,SEP25,1977,
7104944,"Irawan, Yuranda",INA,M,,,,1927,0,40,SEP25,1997,i
7129602,"Irawansyah, Kus Hendri",INA,M,,,,1938,0,40,SEP25,1987,i
7124279,IRENE RUMIRIS RAMONA SINURAT,INA,F,,,,1609,0,40,SEP25,2008,wi
7123450,"Irfansyah, Muhammad Zaki",INA,M,,,,1668,0,40,SEP25,2009,i
7112572,Irham Amin Sandani,INA,M,,,,1915,0,40,SEP25,1982,i
7100302,"Iriaji, Bambang",INA,M,,,,2207,0,20,SEP25,1958,i
7128754,"Iriandi, Lalu Maret",INA,M,,,,1975,0,40,SEP25,1963,i
7100582,"Irnandi, Irwin",INA,M,FM,,,2240,0,40,SEP25,1979,i
7100698,"Irvan, V.B.",INA,M,,,,2121,0,40,SEP25,0,i
7104014,"Irwan, Mahdi",INA,M,,,,2148,0,40,SEP25,0,i
7128029,Irwandi,INA,M,,,,2009,0,20,SEP25,1980,i
7127170,"Isa, Eka Satiardi",INA,M,,,,1920,0,40,SEP25,1960,i
7107480,"Isdwiyanto, Norvan",INA,M,,,,1697,0,40,SEP25,1990,i
7102143,"Ishak, Filius Lili",INA,M,,,,2054,0,40,SEP25,1994,i
7101252,"Iskandar, Devry",INA,M,,,,2091,0,40,SEP25,0,i
7113579,Ismail,INA,M,,,,1798,0,40,SEP25,1985,
7119518,"Isman, Hardiman",INA,M,,,,1965,0,40,SEP25,1979,i
7134797,"Ismanto, Jonathan",INA,M,,,,1854,0,20,SEP25,1995,
7112807,"Ismoe, Ismail",INA,M,,,,2260,0,40,SEP25,1960,i
7124880,ISPONO,INA,M,,,,1780,0,40,SEP25,1958,i
7112270,Iswar Ade,INA,M,,,,1788,0,20,SEP25,1968,
7111150,Iwan Ridwan,INA,M,,,,1803,0,40,SEP25,1975,i
7117795,JACKY LALAMENTIK,INA,M,,,,1854,0,40,SEP25,1971,i
7116110,Jacob Hattu,INA,M,,,,1670,0,40,SEP25,1968,
7133200,"Jacobes, Nathan",INA,M,,,,1402,0,40,SEP25,2008,i
7107137,"Jadavari, Javad",INA,M,,,,1977,0,40,SEP25,2000,i
7133987,"Jaelani, Achmad Deni",INA,M,,,,1783,0,40,SEP25,1969,
7137486,"Jafar, Muhammad",INA,M,,,,1807,0,40,SEP25,2009,
7102836,"Jafar, Sofyan",INA,M,FM,,,2259,0,20,SEP25,0,i
7141394,Jailani,INA,M,,,,1772,0,40,SEP25,1981,
7141165,Jailani,INA,M,,,,1689,0,40,SEP25,1989,
7127049,JALALUDIN AL MUBAROK,INA,M,,,,1971,0,20,SEP25,2002,
7125038,JALIL,INA,M,,,,1993,0,40,SEP25,1960,i
7101031,"Jamal, Hendry",INA,M,,,,2009,0,20,SEP25,1960,i
7101716,Jamaludin,INA,M,,,,2052,0,20,SEP25,1966,
7108826,Jamaludin,INA,M,,,,1821,0,40,SEP25,2002,i
7120516,Janto Yusin,INA,M,,,,1854,0,40,SEP25,1950,i
7110677,Januar Lukito,INA,M,,,,1946,0,40,SEP25,1967,i
7117809,JATMANTO,INA,M,,,,1914,0,40,SEP25,1961,i
7134312,"Jaya, Muhammad Irfan",INA,M,,,,1759,0,40,SEP25,1973,i
7129696,"Jayadi, Iwan",INA,M,,,,1738,0,40,SEP25,1981,i
7108613,Jeaniffer Martha Dita,INA,F,,,,1648,0,40,SEP25,2002,wi
7101406,"Jelsen, Yemi",INA,F,WFM,WFM,,1949,0,20,SEP25,1993,wi
7112297,Jesman Sijabat,INA,M,,,,2007,0,20,SEP25,1963,
7135807,JETHRO NEIL MARTUA SITORUS,INA,M,,,,1499,0,40,SEP25,2014,
7109660,Johan Wahyudi,INA,M,,,,1863,0,40,SEP25,1966,i
7108214,"Johan, Muhammad",INA,M,,,,2085,0,20,SEP25,1981,i
7133855,John Hartman Pangaribuan,INA,M,,,,1593,0,40,SEP25,2012,
7125100,JOKO PURBOWO,INA,M,,,,1960,0,40,SEP25,1964,i
7127243,"Jonatan, Bineka Surya",INA,M,,,,1734,0,40,SEP25,2011,
7139845,Jonathan Ryan Wilianto,INA,M,,,,1560,0,40,SEP25,2000,
7127081,JONIFAR SETEPI,INA,M,,,,1550,0,40,SEP25,2008,i
7137141,JORDAN FERDINAND TAN,INA,M,,,,1549,0,40,SEP25,2015,
7108915,"Jordan, Revol",INA,M,,,,1947,0,40,SEP25,1991,i
7131011,"Joseph, Samuel Alexander",INA,M,,,,ACM,1749,0,SEP25,2011,
7140207,Joshua Jayden Huang Sihaloho,INA,M,,,,1510,0,40,SEP25,2008,
7141130,Juan Enriq Natanael Hutabarat,INA,M,,,,1556,0,40,SEP25,2004,
7133170,Juanda,INA,M,,,,1786,0,40,SEP25,1975,i
7101724,"Juanda, Dedi",INA,M,,,,1986,0,40,SEP25,1969,i
7120494,"Juandra, Adly",INA,M,,,,AIM,1915,0,SEP25,2008,
7113811,Julio Diaz,INA,M,,,,1899,0,20,SEP25,2002,i
7132298,JUMADI,INA,M,,,,1858,0,40,SEP25,1961,i
7125836,"Juniasa, Erik",INA,M,,,,1866,0,40,SEP25,1978,i
7105592,Jurheza Adiwindra Akbar,INA,M,,,,1897,0,20,SEP25,2001,
7101279,"Jurmansah, Joni",INA,M,,,,2026,0,20,SEP25,1956,
7136099,"Juslaope, Yourael Anyestu",INA,F,,,,1450,0,40,SEP25,2016,w
7124961,JUSRI YUSUF,INA,M,,,,1789,0,40,SEP25,1999,i
7100221,"Juswanto, Danny",INA,M,IM,,,2306,0,10,SEP25,1959,
7101066,"Kadek, Iin Dwijayanti",INA,F,WFM,WFM,,2112,0,20,SEP25,1987,wi
7104286,"Kaegar, Bintang Linaksono",INA,M,,,,1880,0,40,SEP25,0,
7118899,Kaguman,INA,M,,,,1856,0,40,SEP25,1964,i
7105932,"Kamalsyah, Muhammad",INA,M,FM,,,2314,0,20,SEP25,1999,
7113218,"Kamarudin, Glendang",INA,M,,,,2010,0,40,SEP25,1958,i
7113650,Kandau Jeremy,INA,M,,,,1842,0,40,SEP25,2008,i
7101473,"Karenza, Dita",INA,F,WIM,WIM,,2066,0,20,SEP25,2000,w
7122411,"Karhati, Tati",INA,F,,,,1860,0,40,SEP25,1992,wi
7107889,"Karim, Ahmad Jalalludin",INA,M,,,,1969,0,40,SEP25,1995,
7105606,Karina Aliyah Geertje,INA,F,,,,1891,0,40,SEP25,2002,wi
7123612,"Kartika, Mitchell Jeevan",INA,M,,,,1471,0,40,SEP25,2009,i
7107552,Kartika. Ivan,INA,M,,,,1857,0,40,SEP25,2005,i
7120664,Karunia Bagus Tri Laksa,INA,M,,,,2024,0,20,SEP25,2006,
7100620,Kasmiran,INA,M,FM,,,2212,0,20,SEP25,1961,i
7106106,"Kawatu, Yansen",INA,M,,,,2085,0,20,SEP25,1979,
7137117,KEEFE NATHAN THE,INA,M,,,,1590,0,40,SEP25,2012,
7117167,Kemal Ahmad,INA,M,,,,1921,0,40,SEP25,1960,
7141386,Kevin Fajariansyah,INA,M,,,,1948,0,40,SEP25,2000,
7111169,Kevin Hokitha Nagasena,INA,M,,,,1558,0,40,SEP25,2006,i
7124864,KEVIN NOVAN PUTRA,INA,M,,,,1774,0,40,SEP25,2005,i
7104340,"Khadijah, Qurota`ain",INA,F,WFM,WFM,,1954,0,20,SEP25,1996,wi
7129670,Khairuddin,INA,M,,,,1907,0,40,SEP25,1967,i
7102429,"Khairul, Anam",INA,M,FM,,,2106,0,20,SEP25,1977,
7122438,Khairunnisa,INA,F,,,,1740,0,40,SEP25,2002,wi
7135017,"Khoh, Junny Purnama",INA,M,,,,1863,0,40,SEP25,2000,
7109326,"Khoirullah, Muhammad Azmi",INA,M,,,,1877,0,40,SEP25,1996,
7135297,"Kholik, Abiyu Rausan Fikri",INA,M,,,,1650,0,40,SEP25,2012,
7109164,"Khudori, Muhammad Imam",INA,M,,,,1859,0,40,SEP25,1967,i
7137257,KIKI TAYEB,INA,M,,,,1536,0,40,SEP25,2008,
7107757,Kinasih Alya Sekar,INA,F,WFM,WFM,,1837,0,20,SEP25,2001,wi
7104049,"Kleo, Patra",INA,M,,,,2220,0,40,SEP25,0,i
7121920,"Koestanto, Erwin",INA,M,,,,1909,0,40,SEP25,1984,i
7141408,Kornelius Moreno Monang Sianipar,INA,M,,,,1417,0,40,SEP25,2013,
7101040,"Kosasih, Cecep",INA,M,FM,,,2318,0,10,SEP25,1969,
7116306,Krismanto,INA,M,,,,1814,0,40,SEP25,1961,i
7129840,"Kristianto, Keenan Aldrich",INA,M,,,,1793,0,40,SEP25,2012,
7124333,"Kristopher, Reynard",INA,M,FM,,,1990,0,40,SEP25,2007,
7126000,"Kumala, Leonardo",INA,M,,,,1660,0,40,SEP25,1997,i
7101864,"Kuniawan, Dwi Saputra",INA,M,,,,1999,0,40,SEP25,1997,i
7107692,"Kurnia, Michael Danny",INA,M,,,,2183,0,40,SEP25,1997,i
7131232,"Kurniawan, Adhyastha Ghazi",INA,M,,,,1592,0,40,SEP25,2014,i
7130627,"Kurniawan, Alexander Philip",INA,M,,,,ACM,1589,0,SEP25,2015,
7107048,"Kurniawan, Ananda",INA,M,,,,2025,0,40,SEP25,1997,i
7125801,"Kurniawan, Awaludin Rahmansyah",INA,M,,,,1729,0,40,SEP25,2006,i
7100515,"Kurniawan, Bobby",INA,M,IM,,,2363,0,10,SEP25,1975,i
7129874,"Kurniawan, Lalu Irawan",INA,M,,,,1898,0,40,SEP25,1972,i
7103735,"Kurniawan, Muhamad Agus",INA,M,FM,,,2298,0,20,SEP25,1998,
7118090,"Kurniawan, Simon",INA,M,,,,1840,0,40,SEP25,1977,i
7132107,"Kurniawan, Theodore Daniel",INA,M,,,,1773,0,40,SEP25,2012,
7134282,"Kushartono, Raden Pandji",INA,M,,,,1836,0,40,SEP25,1985,
7100230,"Kusnadi, Herman",INA,M,,,,2179,0,20,SEP25,0,
7113153,"Kusnan, Pardi",INA,M,,,,2283,0,40,SEP25,1968,i
7134274,Kusnandar,INA,M,,,,1899,0,40,SEP25,1960,
7116616,"Kusuma, Putu Luhur Apngal",INA,M,,,,2035,0,20,SEP25,2003,i
7138199,"Kuswanto, Sidi",INA,M,,,,1782,0,40,SEP25,1961,
7138121,Kwee Dja Peng,INA,M,,,,1636,0,40,SEP25,1974,
7112858,"Lahay, Kasmen",INA,M,,,,2058,0,40,SEP25,1966,
7102941,"Laksana, Agusta",INA,M,FM,,,2101,0,20,SEP25,1965,
7131054,"Lanawawi, Fritzio Jevin",INA,M,,,,1597,0,40,SEP25,2013,
7134100,"Lantang, Harrie Robert",INA,M,,,,1640,0,40,SEP25,1963,
7134088,"Lantera, Fachrie",INA,M,,,,1446,0,40,SEP25,1989,
7125950,"Lasama, Claudio Vargues Vasco",INA,M,,,,2205,0,40,SEP25,2008,
7130325,"Lasama, Ivana Maria Treopolsa",INA,F,WIM,WIM,,2034,0,20,SEP25,2004,w
7123094,"Laswanto, Daniel Fortino",INA,M,,,,1814,0,40,SEP25,2008,i
7102054,"Latief, Rosita",INA,M,,,,2151,0,40,SEP25,0,i
7111541,"Latifah, Laysa",INA,F,WIM,WIM,,2176,0,20,SEP25,2006,w
7131810,"Latifah, Noor",INA,F,,,,1582,0,40,SEP25,1991,wi
7135289,"Laurendra, Brian Sebastian",INA,M,,,,1569,0,40,SEP25,2010,
7100868,"Lauw, Seng Hong",INA,M,,,,2214,0,40,SEP25,1955,i
7107412,"Lavely, Kamila Hildi",INA,F,,,,1918,0,40,SEP25,2005,wi
7127790,"Lawadinata, Alessandro Moreno",INA,M,,,,1750,0,40,SEP25,2005,i
7135149,"Lee, Alexander Michael",INA,M,,,,1806,0,40,SEP25,2010,
7105851,Legowo Parahita Millyena,INA,F,WFM,WFM,,1988,0,20,SEP25,2000,wi
7106742,"Lesmana, Singgih Satria",INA,M,,,,1894,0,40,SEP25,1999,i
7102496,"Lestari, Baiq Vina",INA,F,WFM,WFM,,2126,0,20,SEP25,1986,wi
7126859,"Liem, Godwin",INA,M,,,,1964,0,40,SEP25,2006,i
7128118,"Lieyanto, Ryu Manson",INA,M,,,,AIM,1791,0,SEP25,2012,
7101538,Lilis Herna Yulia,INA,F,,,,1595,0,40,SEP25,1979,wi
7102909,"Limono, Handjojo",INA,M,,,,1856,0,20,SEP25,1963,i
7135106,"Lin, Dominicus Winston",INA,M,,,,1782,0,40,SEP25,2012,
7120737,"Linardhi, Handaru Juan Izz",INA,M,,,,1992,0,40,SEP25,2007,i
7101449,"Lindiawati, Evi",INA,F,WCM,WCM,,1941,0,20,SEP25,1986,w
7104170,"Lintang, Wulandari",INA,F,,,,1751,0,40,SEP25,0,wi
7100566,"Lioe, Dede",INA,M,IM,FA,,2243,0,10,SEP25,1970,
7111932,"Liuviann, Cecilia Natalie",INA,F,WIM,WIM,,2010,0,20,SEP25,2005,w
7123680,"Lizara, Lita",INA,F,,NA,,1819,0,40,SEP25,1998,w
7130384,"Loedewijk, Mikha",INA,M,,,,1568,0,40,SEP25,2008,i
7100957,"Lokanata, Yansen",INA,M,,,,2201,0,40,SEP25,1980,i
7106130,"Londok, Rudy",INA,M,,,,2277,0,40,SEP25,1962,i
7137290,LORENZO ALEXZANDER PELUPESSY,INA,M,,,,1721,0,40,SEP25,2009,
7118325,Louis Young,INA,M,,,,1852,0,40,SEP25,2008,i
7130856,"Lovly, Arini Angelina",INA,F,,,,1538,0,40,SEP25,2010,w
7102062,"Lubis, Endar Sakti",INA,M,CM,,,2106,0,20,SEP25,1977,i
7106033,"Lubis, Ranto Kabzeel",INA,M,,,,1903,0,20,SEP25,1977,
7122373,Luis Anthony Jayanata,INA,M,,,,2000,0,20,SEP25,2002,
7100604,"Lukman, Ronny",INA,M,,,,2217,0,20,SEP25,1964,i
7100400,"Lumondong, Lisa Karlina",INA,F,WIM,WIM,,2146,0,20,SEP25,1968,wi
7130350,"Lumunon, Braveheart Honoris Christian",INA,M,,,,1521,0,40,SEP25,2012,
7106831,"Lusiana, Kamila Rohmah",INA,F,,,,1691,0,40,SEP25,2003,wi
7113200,Luthfi,INA,M,,,,1779,0,40,SEP25,1970,i
7102917,"Luthfi, Nurul Huda",INA,M,,,,1982,0,40,SEP25,2000,i
7115555,M Ariel Davinsyah P,INA,M,,,,1990,0,40,SEP25,2005,
7116039,M Arif,INA,M,,,,1899,0,40,SEP25,1992,
7111193,M Haidar Daffa,INA,M,,,,1842,0,40,SEP25,2005,i
7141122,M N Walsar Sinaga,INA,M,,,,1723,0,40,SEP25,1966,
7105614,M Rizki Akbar Hazaki,INA,M,,,,1840,0,40,SEP25,2003,i
7126042,M ZAINURANI ZAINI,INA,M,,,,2102,0,40,SEP25,1994,i
7102216,"M, Ihsan Siregar",INA,M,,,,1932,0,40,SEP25,1999,i
7140967,M. Amiruddin,INA,M,,,,1831,0,40,SEP25,1976,
7118538,M. RISKI AKBAR,INA,M,,,,1666,0,40,SEP25,2006,i
7124406,M.Romaneszky N.S.B,INA,M,,,,1516,0,40,SEP25,2005,i
7134142,"Maas, Kevin Ananda",INA,M,,,,1672,0,40,SEP25,2000,i
7135319,Made Dipa Nugraha Paramartha Putra,INA,M,,,,1632,0,40,SEP25,2008,
7126751,"Maharani, Salwa Nadia",INA,F,,,,1804,0,40,SEP25,2007,w
7118210,Mahfuz,INA,M,,,,1933,0,40,SEP25,1960,i
7100108,"Mahmud, Syarif",INA,M,FM,,,2089,0,20,SEP25,1960,
7138903,"Mahzumi, Faizul",INA,M,,,,1752,0,40,SEP25,2004,
7100680,"Majella, Rudijanto",INA,M,,NA,,2085,0,20,SEP25,1968,i
7128088,"Makalew, Veronica Jefany Sheryl Kichi",INA,F,,,,1539,0,40,SEP25,2015,w
7118228,"Makmur, H",INA,M,,,,2068,0,40,SEP25,1965,i
7112645,Maksum,INA,M,,,,1915,0,40,SEP25,1970,i
365104803,"Malik, Aidan",INA,M,,,,1745,0,40,SEP25,2012,
7124511,"Malik, Jan Adiar",INA,M,CM,,,2105,0,20,SEP25,2006,i
7133278,"Manalu, Maruhun EN",INA,M,,,,1981,0,40,SEP25,1968,
7101732,"Mandraguna, Ade",INA,M,,,,2236,0,40,SEP25,1964,i
7117221,Mansur Abdullah,INA,M,,,,2038,0,40,SEP25,1966,i
7122594,"Manurung, Roslinda Br",INA,F,,,,1605,0,40,SEP25,1966,wi
7100310,"Marbun, Binsar",INA,M,,,,2250,0,20,SEP25,0,i
7111681,Marcellino,INA,M,,,,1594,0,40,SEP25,1995,i
7118198,"Mardani, GT",INA,M,,,,1907,0,40,SEP25,1965,i
7100825,"Marentek, Hanny",INA,M,FM,,,1997,0,20,SEP25,1960,i
7101376,"Margana, Adhy",INA,M,FM,,,2307,0,20,SEP25,1973,i
7135564,MARHAEN PERMONO,INA,M,,,,1778,0,40,SEP25,1977,i
7129041,"Mariano, Fabian Glen",INA,M,FM,,,2399,0,10,SEP25,2007,
7112386,Maringan R. Sitompul,INA,M,,,,1840,0,40,SEP25,1952,i
7104456,"Mariroh, Fariha",INA,F,,,,1976,0,20,SEP25,1997,wi
7123159,"Marpaung, Jessica Patricia Amelia",INA,F,,,,1789,0,40,SEP25,2003,wi
7125739,"Marrhuimawan, Maximiliano",INA,M,,,,1939,0,40,SEP25,2008,
7100329,"Marsudi, Diding",INA,M,,,,2205,0,20,SEP25,0,i
7118163,Marta Nurhaliza,INA,F,,,,1657,0,40,SEP25,2002,wi
7135858,MARTINUS RACHMAT,INA,M,,,,1847,0,40,SEP25,1972,i
7118937,Maruntung S,INA,M,,,,2166,0,40,SEP25,1964,i
7109733,Maruscha Latifa Arrumi,INA,F,,,,1863,0,40,SEP25,1999,wi
7124260,MARVELLINO WINATA,INA,M,,,,1875,0,40,SEP25,2006,i
7118864,Marwanto,INA,M,,,,2059,0,40,SEP25,1972,i
7106351,Masduki J Dr,INA,M,,,,1754,0,20,SEP25,1927,i
7114745,Mathias Kasdu,INA,M,,,,1954,0,40,SEP25,1980,i
7117612,"Mattangwan, I Putu Igharcita",INA,M,,,,1755,0,40,SEP25,2003,i
7105860,Maulana Muhammad Kahfi,INA,M,,,,2277,0,40,SEP25,1999,i
7123663,"Maulana, Dian",INA,M,,,,1654,0,40,SEP25,1993,
7130171,"Maulana, Ferdhian Ceisar",INA,M,,,,1771,0,40,SEP25,2009,
7135963,"Maulana, M. Ilham Rizky",INA,M,,,,1978,0,40,SEP25,2008,
7102356,"Maulana, Yusuf",INA,M,,,,2063,0,40,SEP25,1991,i
7115245,MAULIDI,INA,M,,,,2250,0,40,SEP25,2007,i
7103646,"Mausyach Suri, Kemas Ade Krisna",INA,M,FM,,,2124,0,20,SEP25,2004,
7125585,"Mawaddah, Zarquel",INA,F,,,,1653,0,40,SEP25,2008,wi
7118074,"Mawdudi, Alauddin",INA,M,,,,1935,0,40,SEP25,1991,i
7105371,"Maya, Audia",INA,F,,,,1826,0,40,SEP25,1996,wi
7140096,Mediansyah,INA,M,,,,1813,0,40,SEP25,1967,
7101384,"Megaranto, Susanto",INA,M,GM,,,2483,0,10,SEP25,1987,
7100132,"Menako Gokok, Urbanus",INA,M,,,,1902,0,40,SEP25,1993,i
7104855,"Mendala, Ryan Maheswara Pratama",INA,M,,,,2057,0,40,SEP25,2000,i
7102500,"Merinda, Putri Haryanto",INA,F,WFM,WFM,,2150,0,40,SEP25,0,wi
7135173,MGS. AKHMAD FADLY RIZQON,INA,M,,,,1648,0,40,SEP25,1985,i
7111380,Michael Anggit Prasaja,INA,M,,,,1915,0,40,SEP25,2005,i
7104740,"Michael, Evan Santoso",INA,M,,,,1783,0,40,SEP25,0,i
7128479,Miftahurrahman,INA,M,,,,1970,0,40,SEP25,1968,i
7140797,Mikka Darmawan P,INA,M,,,,1569,0,40,SEP25,1981,
7100183,"Miolo, Ediwan E",INA,M,,,,2153,0,20,SEP25,1959,
7124449,MIRA JATNIKASARI,INA,F,,,,1507,0,40,SEP25,1983,wi
7122080,Miracle Carang Gesang Bpw,INA,M,,,,ACM,1684,0,SEP25,2009,i
7141297,Mirwansyah,INA,M,,,,1824,0,40,SEP25,1965,
365111094,"Mirza, Muhammad Danish",INA,M,,,,ACM,1647,0,SEP25,2009,i
7112734,Misdi,INA,M,,,,1899,0,40,SEP25,1967,i
7108125,"MN, Hudallah",INA,M,,,,2076,0,20,SEP25,1969,
7110740,Mochamad Setiawan,INA,M,,,,1852,0,40,SEP25,1957,i
7112777,Mochamad Taufiq,INA,M,,,,1923,0,40,SEP25,1974,i
7140894,Mochammad Barra Aymar,INA,M,,,,1424,0,40,SEP25,2011,
7120745,Mohamad Sindhu Partomo,INA,M,,,,1602,0,40,SEP25,1993,i
7101295,"Mohamad, Satibi",INA,M,FM,,,2186,0,40,SEP25,1994,i
7112980,"Mokoginta,Kaharudin",INA,M,,,,1996,0,40,SEP25,1971,i
7102925,"Monica, Putri Wigustira",INA,F,WFM,WFM,,2080,0,20,SEP25,1997,wi
7121768,Mousa Hamdallah,INA,M,,,,1863,0,40,SEP25,2004,i
7110251,Muammar Ravi,INA,M,,,,1742,0,40,SEP25,2007,i
7137559,"Muchlisin, Nur",INA,M,,,,1670,0,40,SEP25,1968,
7116250,Muh Ardani,INA,M,,,,1965,0,40,SEP25,1971,i
7126140,MUHAMMAD ABDUL GANI,INA,M,,,,ACM,1817,0,SEP25,2005,i
7141246,Muhammad Akmal Elfikri,INA,M,,,,1543,0,40,SEP25,2002,
7120940,Muhammad Ali,INA,M,,,,1894,0,40,SEP25,1977,i
7109563,Muhammad Andi Aqil R,INA,M,,NA,,1565,0,40,SEP25,2001,i
7140550,MUHAMMAD ARSYAD,INA,M,,,,1910,0,40,SEP25,1975,
7115490,Muhammad Athmar Putra Utama,INA,M,,,,1761,0,40,SEP25,2005,i
7134967,MUHAMMAD FAKHRI AINI,INA,M,,,,1661,0,40,SEP25,2008,
7127090,MUHAMMAD FITRIANSYAH,INA,M,,,,1751,0,40,SEP25,1971,i
7120656,Muhammad Haikal Kamil,INA,M,,,,1822,0,40,SEP25,2005,i
7120877,Muhammad Ibdal,INA,M,,,,1983,0,40,SEP25,1989,i
7119054,Muhammad Iqbal,INA,M,,,,1916,0,40,SEP25,1995,i
7115440,Muhammad Ishak Rianjar,INA,M,,,,2151,0,20,SEP25,1995,i
7110286,Muhammad Khairul Umam,INA,M,,,,1899,0,40,SEP25,2001,i
7134436,Muhammad Naufal Rakha Arrasyid,INA,M,,,,1593,0,40,SEP25,2011,
7126115,MUHAMMAD NUR,INA,M,,,,1998,0,40,SEP25,1984,i
7126921,Muhammad Rizky Akbar,INA,M,,,,1983,0,40,SEP25,2003,i
7112726,Muhammad Said Hamid,INA,M,,,,2002,0,40,SEP25,1971,i
7122144,Muhammad Sudirman,INA,M,,,,1797,0,40,SEP25,1995,i
7110332,Muhammad Sultan,INA,M,,,,2096,0,20,SEP25,2001,
7109628,Muhammad Supriyadi,INA,M,,,,2117,0,20,SEP25,1998,
7135890,MUHAMMAD TOTI DZAKY,INA,M,,,,1914,0,40,SEP25,2004,
7101902,"Muhammad, Firmansyah P",INA,M,,,,1824,0,40,SEP25,1999,i
7115253,"Muhammad, Nasim",INA,M,,,,1930,0,40,SEP25,1973,i
7130864,"Muhammad, Tedisyah Arya",INA,M,,,,1561,0,40,SEP25,2015,i
7123361,Muhlis,INA,M,,,,2011,0,40,SEP25,1993,i
7140533,MUHLIS NURHASANI,INA,M,,,,1781,0,40,SEP25,1980,
7100086,"Mukim, Nadya Angraini",INA,F,,,,1970,0,20,SEP25,1996,w
7139420,"Muldianto, Rori",INA,M,,,,1904,0,40,SEP25,1994,
7112394,Mulia Simanjuntak,INA,M,,,,1929,0,40,SEP25,1951,i
7124910,MULIADI WIDJAJA,INA,M,,,,1803,0,40,SEP25,1970,i
7109440,Muliati Martalena,INA,F,,,,1705,0,40,SEP25,2001,wi
7109555,Mulyadi,INA,M,,FA,,1882,0,40,SEP25,1965,i
7134290,"Mulyadi, Haris",INA,M,,,,1879,0,40,SEP25,1973,
7138962,"Mulyosaliandi, Tri",INA,M,,,,1777,0,40,SEP25,1963,
7100418,"Mun, Y",INA,F,,,,2005,0,20,SEP25,0,wi
7128525,"Murti, Bambang Hary",INA,M,,,,1789,0,40,SEP25,1990,i
7109709,Musa Munarisip,INA,M,,,,2096,0,40,SEP25,1964,i
7125666,Musliadi,INA,M,,,,1908,0,40,SEP25,1981,i
7128320,Muslim,INA,M,,,,2030,0,40,SEP25,1979,i
7104375,"Muslimah, Nurul Aisah",INA,F,,,,1832,0,40,SEP25,2001,wi
7138156,Mustafa Abd,INA,M,,,,1679,0,40,SEP25,1972,
7118147,"Mustika, I Gede",INA,M,,,,1896,0,40,SEP25,1978,i
7119330,Mustofa Iqbal,INA,M,,,,2034,0,40,SEP25,2002,i
7108753,"Muthalib, Abdul",INA,M,,,,1775,0,40,SEP25,1948,i
7102470,"Mutiani, Rida",INA,F,,,,1936,0,20,SEP25,1995,wi
7124724,"Muzafkar, Fitsal Aswa",INA,M,,,,1710,0,40,SEP25,2012,
7133057,"Muzava, Muhammad",INA,M,,,,1739,0,40,SEP25,2010,
7133073,"Muzavi, Muhammad",INA,M,,,,1633,0,40,SEP25,2010,
7128231,"Nabil, Muhammad Ghaly",INA,M,,,,1797,0,40,SEP25,2011,i
7124520,"Nabila, Aulia Putri",INA,F,,,,1829,0,40,SEP25,2004,wi
7129262,"Nabilah, Adra",INA,F,,,,1798,0,40,SEP25,2002,wi
7115563,NADHIRA LATHIEFAH SAMAD,INA,F,,,,1771,0,40,SEP25,2000,wi
7102003,"Nadia, Anggraeni M",INA,F,,,,1992,0,20,SEP25,1996,wi
7124872,NAFHAN ITMAMIL HUMAM,INA,M,,,,1686,0,40,SEP25,2006,i
7128509,"Nafis, M. Alpha Ivan",INA,M,,,,1624,0,40,SEP25,2009,i
7118872,Naga Bonar,INA,M,,,,1870,0,40,SEP25,1959,i
7126743,"Nagasena, Lionell",INA,M,,,,1585,0,40,SEP25,2000,i
7106602,"Najibi, Achmad Labib",INA,M,,,,1936,0,20,SEP25,2003,
7115458,Nala Ghassani Parikesit,INA,F,,,,1633,0,40,SEP25,2004,wi
7125011,NANDANA AFTA ILANO,INA,M,,,,1836,0,40,SEP25,2005,i
7133944,"Nandyka, Khairandra Muhamad",INA,M,,,,1575,0,40,SEP25,2010,i
7134517,"Napitupulu, Irwan Ariston",INA,M,,,,1713,0,40,SEP25,1968,
7109113,"Narayan, Mathias Raihan",INA,M,,,,1773,0,40,SEP25,2001,i
7131941,"Narayana, Satya Sakti",INA,M,,,,1682,0,40,SEP25,2011,
7102127,"Nardi, Chairil",INA,M,,,,2220,0,20,SEP25,1984,i
7129971,Nasaruddin,INA,M,,,,1912,0,40,SEP25,1975,i
7133146,"Nasution, Erjan Akbar",INA,M,,,,1862,0,40,SEP25,1977,i
7112939,"Nasution, Mj Abed",INA,M,,,,2318,0,40,SEP25,1957,i
7112181,"Nasution, Zulkifli",INA,M,,,,1792,0,40,SEP25,1955,i
7124651,"Natasya, Mulya Dewanti",INA,F,,,,1730,0,20,SEP25,2004,wi
7134908,NATHAN TIMOTIUS,INA,M,,,,1584,0,40,SEP25,2012,
7110367,"Nathaniel, Nico",INA,M,,,,1709,0,40,SEP25,1998,i
7104782,"Naufal, Dzaki",INA,M,,,,1789,0,40,SEP25,0,i
7118180,"Ndenambani, Umbu Kudu",INA,M,,,,1887,0,40,SEP25,1986,i
7109466,Nelson Lau,INA,M,,,,1817,0,40,SEP25,2004,
7127383,NELSON PAKPAHAN,INA,M,,,,1843,0,40,SEP25,1963,i
7103476,"Nelson, Roganda",INA,M,,,,1899,0,40,SEP25,1971,i
7107684,Ngadino,INA,M,,,,1944,0,40,SEP25,1952,i
7120702,Nico Hadi Harlan,INA,M,,,,1907,0,40,SEP25,1994,i
7129980,"Nisa, Zilla Altofun",INA,F,,,,1621,0,40,SEP25,2010,w
7109873,Noersija,INA,M,,,,2066,0,40,SEP25,1965,i
7129580,"Noh, Muhammad",INA,M,,,,1953,0,40,SEP25,1969,i
7112289,Noldy Fransiskus Wuisan,INA,M,,,,2038,0,40,SEP25,1982,i
7111720,Nonia Andyk Ulandari,INA,F,,,,1918,0,40,SEP25,2003,wi
7123060,"Noor, Achmad Rizain",INA,M,,,,1899,0,40,SEP25,1968,
7116659,Nora Amelia,INA,F,,,,1605,0,40,SEP25,2002,wi
7113099,"Novianto, Eko",INA,M,,,,1999,0,20,SEP25,1990,
7126344,"Novita, Aisyela",INA,F,,,,1494,0,40,SEP25,2008,w
7100949,"Novita, Anjas",INA,M,IM,,,2332,0,10,SEP25,1979,
7101180,"Nuerohu, Rukminto",INA,M,,,,2176,0,40,SEP25,0,i
7140800,Nugrah Abil Akbar,INA,M,,,,AIM,1700,0,SEP25,1998,
7117485,"Nugraha, Muhammad Rizky Prima",INA,M,,,,1652,0,40,SEP25,2009,
7139179,"Nugraha, Rama Daniswara Setya",INA,M,,,,1875,0,40,SEP25,2011,
7105207,"Nugraha, Yoga",INA,M,,,,1986,0,40,SEP25,1989,i
7111975,"Nugroho, Angel Ruth",INA,F,WCM,WCM,,1884,8,20,SEP25,1999,w
7128290,Nukrah,INA,M,,,,1828,0,40,SEP25,1973,i
7104898,"Nur Abidah, Shanti",INA,F,WIM,WIM,,2027,0,20,SEP25,2001,wi
7140045,Nur Amalia,INA,F,,,,1566,0,40,SEP25,2008,w
7109903,Nur Icha,INA,M,,,,2028,0,40,SEP25,1968,i
7103042,"Nur Iriansyah, Andi",INA,M,,,,2101,0,40,SEP25,0,i
7112904,"Nur Kholis, Muhammad",INA,M,,,,1888,0,40,SEP25,1976,i
7134258,"Nur, Tahjudin",INA,M,,,,1812,0,40,SEP25,1975,
7117736,NURDIN,INA,M,,,,2048,0,40,SEP25,1961,i
7141173,Nurdin Sindak,INA,M,,,,1478,0,40,SEP25,1970,
7106335,"Nurdin, Tammi Nasuha",INA,F,WFM,WFM,,2025,0,20,SEP25,1996,wi
7109148,"Nurhidayat, Rizqi",INA,M,,,,1854,0,40,SEP25,2003,i
7109172,"Nurjaman, Jajang",INA,M,,,,1906,0,40,SEP25,1983,
7124759,"Nurrohman, Muhammad Hudan",INA,M,,,,1841,0,40,SEP25,2003,i
7134860,"Nursalim, Hayden",INA,M,,,,AFM,1558,0,SEP25,2012,
7107633,"Nursanto, Ridwan",INA,M,,,,2069,0,40,SEP25,1967,i
7109180,Nursyafrial,INA,M,,,,1780,0,40,SEP25,1965,
7121105,NURUL AFNI HANIFAH,INA,F,,,,1899,0,40,SEP25,2002,w
7112548,Nurul Hary Mulya,INA,F,,,,1863,0,40,SEP25,2001,wi
7141351,Nurul Ihsan,INA,M,,,,1566,0,40,SEP25,1972,
7109814,Nurul Wahidatul,INA,F,,,,1839,0,40,SEP25,1997,wi
7104383,"Nyimas, Shieta Prima Citra Maus",INA,F,,,,1857,0,20,SEP25,2001,wi
7101988,"Nyimas, Sonya Nafa",INA,F,,,,1885,0,20,SEP25,1999,wi
7109350,"Ocky, Tri Gogik S",INA,M,,NA,,1838,0,40,SEP25,1999,i
7112238,Octo Dami,INA,M,,,,2131,0,20,SEP25,1975,i
7102860,"Oentoro, Djoni",INA,M,,,,1894,0,40,SEP25,0,i
7104820,"Owen, Michael",INA,M,CM,,,2222,0,20,SEP25,2002,
7112483,P. Charles Jhonson,INA,M,,,,1806,0,40,SEP25,1975,
7112998,"Paath,Arthur",INA,M,,,,2106,0,40,SEP25,1963,i
7123388,"Pagalay, Usman",INA,M,,,,1824,0,40,SEP25,1965,i
7124546,"Pamungkas, Arjuna Satria",INA,M,,,,1826,0,40,SEP25,2009,
7100442,"Pamungkas, Junaid",INA,M,,,,2082,0,20,SEP25,0,
7107560,"Pangestu, Alditya Aji",INA,M,,,,1907,0,40,SEP25,2002,i
7101023,"Panggabean, Hasian",INA,M,,,,1938,0,20,SEP25,1962,
7128258,"Papian, Shalom Catleya Marceline",INA,F,,,,1495,0,40,SEP25,2013,wi
7132840,"Pardede, Delima",INA,F,,,,1807,0,40,SEP25,2001,wi
7137702,"Pardede, Jordan Rayson Pardomuan",INA,M,,,,1809,0,40,SEP25,2015,
7132980,"Parinduri, MHD Naufal Dzakwan",INA,M,,,,1685,0,40,SEP25,2005,i
7139136,"Paryasa, Reyhan Dharma",INA,M,,,,1676,0,40,SEP25,1997,
7123736,"Pasaribu, Benhart",INA,M,,,,1853,0,40,SEP25,1996,i
7104219,"Pasaribu, Ivan Maxmillian Putra",INA,M,FM,,,2229,0,20,SEP25,2001,i
7125992,"Pasaribu, Mangalontas",INA,M,,,,1719,0,40,SEP25,1953,i
7105738,Pasek Budarsa,INA,M,FM,,,2127,0,20,SEP25,1963,i
7101929,"Patricks, Anastasia",INA,F,WFM,WFM,,1867,0,20,SEP25,1998,wi
7102992,"Patricks, Anastasia",INA,F,,,,1857,0,40,SEP25,1998,wi
7117230,Paul Rusli,INA,M,,,,1800,0,40,SEP25,1991,i
7119119,Paulus Andrian,INA,M,,,,1879,0,40,SEP25,1944,i
7127332,"Perdana, Ardian Shandy",INA,M,,,,1680,0,40,SEP25,2002,i
7132603,"Perdana, Hana Putri",INA,F,,,,ACM,1737,0,SEP25,2008,w
7112599,Petrus Slamet Rahardjo,INA,M,,,,1781,0,40,SEP25,1961,
7141211,Philemon,INA,M,,,,1498,0,40,SEP25,2006,
7139896,Pierre F.C. Jacobs,INA,M,,,,1657,0,40,SEP25,1970,
7117531,"Pinka, Rahila Ayodia",INA,F,,,,AFM,1866,0,SEP25,2001,wi
7112602,Piter Telussa,INA,M,,,,2093,0,40,SEP25,1960,i
7119429,"Pradipta, Rafa Arifianto",INA,M,,,,1607,0,40,SEP25,2006,i
7139250,"Prakasa, Alief Nugraha",INA,M,,,,1569,0,40,SEP25,2005,
7127910,"Prakoso, Tamtama Aqeela",INA,M,,,,1623,0,40,SEP25,2007,i
7107820,"Pramudhito, Agustinus Arko",INA,M,,,,2175,0,40,SEP25,1971,i
7127855,"Pranata, Hans Davis",INA,M,,,,1542,0,40,SEP25,2011,i
7132387,"Pranata, Jessen Michael Aiji",INA,M,,,,AIM,1749,0,SEP25,2015,
7122276,"Prasantyo, Chevenzo Mumtazilla",INA,M,,,,1644,0,40,SEP25,2008,
7132280,PRASETIYO FITRIANTO,INA,M,,,,1662,0,40,SEP25,1987,
7101414,"Prasetyo, Aditya",INA,M,,,,2140,0,20,SEP25,0,i
7128100,"Prasetyo, Pradipta Daniswara Gibran",INA,M,,,,1537,0,40,SEP25,2012,i
7125224,"Prasetyo, Zidan Shafiq",INA,M,,,,1447,0,40,SEP25,2006,
7101201,"Prastyo, Sugeng",INA,M,,,,2130,0,20,SEP25,1991,
7138911,"Pratama, Abdulloh Arif Putra",INA,M,,,,1722,0,40,SEP25,2011,
7104677,"Pratama, Constantius Leonardo",INA,M,FM,,,2070,0,20,SEP25,2001,i
7109300,"Pratama, Farhan Yuko",INA,M,,,,1880,0,40,SEP25,2001,i
7137885,"Pratama, Gusti Wibawa",INA,M,,,,1620,0,40,SEP25,1995,
7127626,"Pratama, Marsen Ami",INA,M,,,,1704,0,40,SEP25,2008,i
7113960,Pratomo Yudha Ari,INA,M,,,,2022,0,40,SEP25,1991,i
7110952,"Pravitasari, Dwi Kurnia",INA,F,,,,1786,0,40,SEP25,1988,wi
7117035,"Prawira, Abimantrana Hasta",INA,M,,,,1858,0,40,SEP25,1997,i
7112831,"Prawoto, Dedy",INA,M,,,,1855,0,40,SEP25,1974,i
7101112,"Prayitno, Sugeng",INA,M,FM,,,2277,0,10,SEP25,1968,
7105029,"Priasmoro, Novendra",INA,M,GM,,,2394,9,10,SEP25,1999,
7134266,"Priatomo, Wahyu Ario",INA,M,,,,1793,0,40,SEP25,1978,
7120974,"Pribadi, Fernanda Agus Saputra",INA,M,,,,2033,0,20,SEP25,2002,
7105126,"Priguna, Gerald Pramoedya",INA,M,,,,2120,0,20,SEP25,2000,i
7100710,"Prihastomo, Iwan",INA,M,FM,,,2312,0,20,SEP25,1953,i
7128207,"Prima, Arya",INA,M,,,,1809,0,40,SEP25,2009,
7125607,"Priyanto, Darell",INA,M,,,,1644,0,40,SEP25,2003,
7101740,"Purba, Cornelis",INA,M,,,,2118,0,20,SEP25,1970,
7100337,"Purba, David",INA,M,,,,2205,0,20,SEP25,0,i
7124589,"Purnama, Patrick",INA,M,,,,1739,0,40,SEP25,2009,i
7101422,"Purnama, Tirta Chandra",INA,M,IM,,,2271,0,10,SEP25,1986,i
7134339,"Purnamayasa, I Ketut",INA,M,,,,1755,0,40,SEP25,1978,i
7106270,"Purnomo, Eri",INA,M,,,,1908,0,40,SEP25,1984,i
7101759,"Purwadi, A.",INA,M,,,,2059,0,40,SEP25,1963,i
7109768,"Purwanto, Armenia Zendy",INA,F,,,,1721,0,40,SEP25,2007,wi
7123779,"Purwanto, Avridzal Mauladhany",INA,M,,,,1862,0,40,SEP25,2006,i
7122420,"Puspita, Tita",INA,F,,,,1569,0,40,SEP25,1977,wi
7108486,"Putra, Akbar Adi",INA,M,,,,1974,0,40,SEP25,1998,i
7106645,"Putra, Gilang Ibad Setia",INA,M,,,,2101,0,20,SEP25,1998,i
7106173,"Putra, Ikhwan Moesa",INA,M,,,,1861,0,40,SEP25,1981,i
7130040,"Putra, Misdar",INA,M,,,,1705,0,40,SEP25,1966,
7123213,"Putra, Nizam Arby Prasetya",INA,M,,,,1692,0,40,SEP25,2005,i
7130643,"Putra, Yesaya Adeodatus",INA,M,,,,1402,0,40,SEP25,2015,i
7141335,Putri Endah Wulandari,INA,F,,,,1469,0,40,SEP25,1995,w
7128150,"Putri, Danesh Syauqina",INA,F,,,,1648,0,40,SEP25,2012,w
7109083,"Putri, Regita Desyari",INA,F,WFM,WFM,,1920,0,20,SEP25,2000,w
7131763,"Putri, Ria Agustiana",INA,F,,,,AFM,1675,0,SEP25,1999,wi
7122110,Putu Ivan Putra Prakesa,INA,M,,,,1887,0,40,SEP25,1997,i
7103654,"Putu, Aditya Wiradarma",INA,M,,,,1979,0,40,SEP25,0,i
7103565,"Qibtiyah, Meriatul",INA,F,,,,1941,0,20,SEP25,1993,wi
7111282,Rachmad Juliantara,INA,M,,,,1980,0,40,SEP25,1977,i
7102151,"Rachmawati, Desi",INA,F,WCM,WCM,,1927,0,20,SEP25,1987,wi
7127944,Raditra Siddiq Zulhilmi,INA,M,,,,AIM,1657,0,SEP25,2010,i
7124325,Raesutha Arya Cakrashena,INA,M,,,,1836,0,40,SEP25,2005,i
7132786,RAFAEL FIRHOT PANJAITAN,INA,M,,,,1448,0,40,SEP25,2016,
7135610,RAFAEL KIMI ABEDNEGO TAMBUNAN,INA,M,,,,1685,0,40,SEP25,2007,i
7118171,"Rahadi, Sugeng",INA,M,,,,1954,0,40,SEP25,1974,i
7101767,"Rahangiar, Johan",INA,M,,,,1931,0,20,SEP25,1962,
7103573,"Rahayu, Wita",INA,M,,,,1930,0,40,SEP25,1984,i
7125550,"Rahimsyah, Musril",INA,M,,,,1629,0,40,SEP25,1959,i
7122861,"Rahmah, Nishfa Dayyana",INA,F,,,,1666,0,40,SEP25,2009,wi
7137923,Rahman Pamimpin S,INA,M,,,,1736,0,40,SEP25,1965,
7101775,"Rahman, Harmani",INA,M,,,,2046,0,40,SEP25,1956,i
7126085,"Rahman, Laode",INA,M,,FA,,1851,0,40,SEP25,1981,i
7108907,"Rahman, M. Syauqi",INA,M,,,,1540,0,40,SEP25,2002,i
7101163,"Rahman, Masruri",INA,M,IM,,,2407,0,10,SEP25,1996,
7118260,Rahmat,INA,M,,,,1921,0,40,SEP25,1959,i
7118465,RAHMATULLAH NOOR,INA,M,,,,2044,0,40,SEP25,1978,i
7131445,"Rahmatullah, Izzuddin",INA,M,,,,1579,0,40,SEP25,2006,i
7121962,Raihan Anwar,INA,M,FM,,,2346,0,20,SEP25,1970,
7122349,Rainer Rafferty Pramudi,INA,M,,,,1649,0,40,SEP25,1996,i
7134355,"Raja, Assaini Hafidz",INA,M,,,,1557,0,40,SEP25,2006,
7109571,"Rajasa, Muhammad Andi",INA,M,,,,AIM,1905,0,SEP25,2003,
7111592,RAJO F. NASUTION,INA,M,,,,1851,0,40,SEP25,1949,i
7123345,"Raka, Dewa Putu",INA,M,,,,1710,0,40,SEP25,1964,i
7138237,"Ramachandra, Anak Agung Ngurah",INA,M,,,,1588,0,40,SEP25,2011,
7111339,"Ramadani, Oka Satria",INA,M,,,,1744,0,40,SEP25,2007,i
7123868,Ramadhan,INA,M,,,,1933,0,40,SEP25,2000,
7133227,"Ramadhan, Agus Rahmat",INA,M,,,,1538,0,40,SEP25,2011,
7123876,Ramadhani,INA,M,,,,1938,0,40,SEP25,2000,i
7138326,"Ramdhani, Akhmad",INA,M,,,,1758,0,40,SEP25,1965,
7101783,"Ramlan, Samuel",INA,M,,,,2086,0,40,SEP25,1960,i
7112661,Ramlin,INA,M,,,,1890,0,40,SEP25,1971,i
7101074,"Rasaki, Neiko",INA,F,,NA,,2174,0,20,SEP25,1975,wi
7134460,"Rasya, Zafa Favian",INA,M,,,,AFM,1722,0,SEP25,2010,
7127677,"Rasyid, Hamdanil",INA,M,,,,1654,0,40,SEP25,1990,
7108842,"Rasyid, Nur Aini",INA,F,WFM,WFM,,1839,0,20,SEP25,2003,wi
7135866,RAY MCLUNG GUNAWAN,INA,M,,,,2036,0,40,SEP25,2007,
7135815,REHAN ASADI,INA,M,,,,1416,0,40,SEP25,2012,
7125135,REHAN WIDODO,INA,M,,,,1795,0,40,SEP25,2005,i
7119151,Rekta,INA,M,,,,1834,0,40,SEP25,1966,i
7134827,Renaldo Wongso,INA,M,,,,1792,8,20,SEP25,1997,
7111533,RENOCTA KEVIN ADICO,INA,M,,,,1899,0,40,SEP25,1998,
7135025,REVAELLINO AKAR,INA,M,,,,AFM,1924,0,SEP25,2008,
7116420,Revansen,INA,M,,,,1678,0,40,SEP25,1968,
7119178,Reyhan Qomara,INA,M,,,,1765,0,40,SEP25,2001,i
7101155,"Rezon, Yanuar",INA,M,CM,,,2072,0,40,SEP25,1994,i
7103263,"Rian, Kapriaga",INA,M,FM,,,2107,0,20,SEP25,1992,
7133820,Richard Satyabudhi H,INA,M,,,,1627,0,40,SEP25,1962,
7127421,"Ricilia, Abigail Kolina",INA,F,,,,1526,0,40,SEP25,2007,wi
7117590,Ricky Hendri Sevano,INA,M,,,,1862,0,40,SEP25,1979,i
7111304,Rietra Aryza Arnindhita,INA,F,,,,1874,0,40,SEP25,2000,wi
7112513,Rinal,INA,M,,,,1897,0,40,SEP25,1973,i
7141114,Rinson Simbolon,INA,M,,,,1417,0,40,SEP25,1963,
7111703,Ririh Rakasiwi,INA,F,,,,1534,0,40,SEP25,2004,wi
7134657,"Rishad, Azman",INA,M,,,,1558,0,40,SEP25,1994,i
7112505,Risman Siahaan,INA,M,,,,2017,0,40,SEP25,1956,i
7102070,"Rismanto, Ricky",INA,M,,,,2091,0,20,SEP25,1982,
7116438,Riswantoro,INA,M,,,,1941,0,40,SEP25,1975,i
7139403,"Rivai, Yahya",INA,M,,,,1501,0,40,SEP25,1949,
7127111,RIZAL ASHARI,INA,M,,,,1736,0,40,SEP25,1991,i
7127316,"Riziq, Ahmad",INA,M,,,,AIM,2071,0,SEP25,2004,i
7119712,"Rizki, Dwi Firmansyah",INA,M,,,,1885,0,40,SEP25,1997,i
7134398,RIZKY FAJAR RAYHAN NURTOMO,INA,M,,,,1514,0,40,SEP25,2009,
7127812,"Rizky, Aulia",INA,F,,,,1456,0,40,SEP25,2009,wi
7132875,"Rizziq, Muhammad",INA,M,,,,1807,0,40,SEP25,2009,i
7120958,ROBBY KATANA,INA,M,,,,1929,0,40,SEP25,1995,i
7120796,Robert Simanjuntak,INA,M,,,,1876,0,40,SEP25,1956,i
7109156,"Rochmah, Aulia",INA,F,,,,1730,0,20,SEP25,2006,w
7130988,"Rokhmana, Fauzi Ladzuardhi",INA,M,,,,1540,0,40,SEP25,2002,i
7130023,"Rondonuwu, Josephine Grace",INA,F,,,,1459,0,40,SEP25,2012,w
7124414,Ronen Martin Tua Sidabutar,INA,M,,,,1659,0,40,SEP25,2008,
7130309,"Rori, Sergio Canavaro",INA,M,,,,1781,0,40,SEP25,2009,
7105649,Roy Charles,INA,M,,,,2068,0,40,SEP25,1988,i
7134215,Roy Han,INA,M,,NA,,1799,0,40,SEP25,1979,
7105703,Roy Marpaung,INA,M,,,,1859,0,20,SEP25,1988,
7104839,"Rozie, Adam",INA,M,,,,1972,0,40,SEP25,0,
7101309,"Ruddy, Lantang",INA,M,,,,1989,0,20,SEP25,1958,
7109822,Rudi,INA,M,,,,1958,0,40,SEP25,1968,i
7135734,RUDI CAHYONO,INA,M,,,,1731,0,40,SEP25,1978,i
7100213,"Rudin, Hamdani",INA,M,FM,,,2225,0,20,SEP25,1965,
7141289,RULI PUTRA ANDRIYANSAH,INA,M,,,,1814,0,40,SEP25,2003,
7113196,"Runturambi, donalto",INA,M,,,,1935,0,40,SEP25,1990,i
7112890,"Rusbandi, Andi",INA,M,,,,1789,0,40,SEP25,1969,i
7108044,"RY, Harto",INA,M,,,,2000,0,40,SEP25,1951,i
7105657,Sabar Tobing,INA,M,,,,1879,0,20,SEP25,1967,i
7125895,"Sabihis, Muhamad",INA,M,,,,1680,0,40,SEP25,1986,i
7123639,"Sabila, Klarisa",INA,F,,,,1759,0,40,SEP25,2001,wi
7100590,"Sadikin The, Irwanto",INA,M,IM,,,2118,0,10,SEP25,1970,
7124570,"Saerang, Veyron Fraser",INA,M,,,,1762,0,40,SEP25,2010,
7125640,Safei,INA,M,,NA,,1956,0,40,SEP25,1963,i
7110944,"Safitri, Dhea",INA,F,,,,1872,0,20,SEP25,2002,wi
7137346,"Safri, Yoman",INA,M,,,,1777,0,40,SEP25,1991,
7104618,"Sagita, Catur Adi",INA,M,FM,,,2310,0,20,SEP25,2001,
7119208,Sahat Manutur Saing,INA,M,,,,2074,0,20,SEP25,1983,
7115237,SAID KAMARUZZAMAN SAIFULLAH,INA,M,,,,2303,0,40,SEP25,1989,i
7112912,"Saifuddin, Fikrul",INA,M,,,,2061,0,20,SEP25,1971,i
7112211,Saiful Arif,INA,M,,,,1983,0,40,SEP25,1977,i
7137931,Sajid,INA,M,,,,1564,0,40,SEP25,1970,
7127650,"Sakinah, Clearesta Anjalia",INA,F,,,,1578,0,40,SEP25,2007,w
7117922,SAKTI HATIGORAN,INA,M,,,,AIM,1847,0,SEP25,1993,
7138300,Sakur,INA,M,,,,1470,0,40,SEP25,1980,
3210030,"Saleh, Akef",INA,M,,,,1883,0,20,SEP25,1953,
7100981,"Salim, Agus",INA,M,,,,2137,0,40,SEP25,1972,i
7110235,Salsabila Diva,INA,F,,,,1714,0,40,SEP25,2006,wi
7110308,"Samekto, Gracelia Paramesthi",INA,F,,,,1842,0,20,SEP25,2002,w
7100256,"Sampouw, Jacobus S",INA,M,,,,2260,0,20,SEP25,0,i
7122101,Samsul Ishak,INA,M,,,,1648,0,40,SEP25,1963,
7137214,"Samsuri, Muhammad",INA,M,,,,AIM,1678,0,SEP25,1987,
7127154,SAMUEL HALIM,INA,M,,,,1807,0,40,SEP25,1984,
7125542,SAMUEL JOSHUA,INA,M,,,,AIM,1886,0,SEP25,1994,
7108583,"Samuel, Teguh",INA,M,,,,1894,0,40,SEP25,1991,
7138270,Sandi. Lukman Arif,INA,M,,,,1507,0,40,SEP25,1989,
7118139,"Sani, Adam",INA,M,,,,1846,0,40,SEP25,1987,i
7130236,"Santiko, Aubrey Athallya Putri",INA,F,,,,1672,0,40,SEP25,2008,w
7141149,Santo,INA,M,,,,1716,0,40,SEP25,1974,
7120192,"Santo, Pratomo",INA,M,,,,1883,0,40,SEP25,1994,
7106025,"Santoso, Joko",INA,M,,,,1993,0,20,SEP25,1968,i
7109520,"Santoso, Timotius Wibowo",INA,M,,,,1961,0,20,SEP25,1964,i
7114982,Saptari Oom,INA,M,,,,1895,0,40,SEP25,1995,
7137443,"Saptari, Oom",INA,M,,,,1828,0,40,SEP25,1967,
7132735,"Sapurno, Amin",INA,M,,,,AFM,1695,0,SEP25,1979,i
7129416,"Saputra, David",INA,M,,,,2042,0,40,SEP25,2001,i
7107110,"Saputra, Kurniawan Umbu Toda",INA,M,,,,1959,0,40,SEP25,2003,
7128266,"Saragih, Arif Rahman",INA,M,FM,,,2242,5,20,SEP25,1995,
7129238,"Saragih, Rizki Fahreza",INA,M,,,,1804,0,40,SEP25,2002,i
7108010,"Sari, Syifa Aliyya",INA,F,,,,1793,0,40,SEP25,2001,w
7124996,SARTONO,INA,M,,,,1677,0,40,SEP25,1996,i
7140991,Sasa Sandra Dewi,INA,F,,,,1791,0,40,SEP25,2002,w
7139390,"Sasmita, Jajang",INA,M,,,,1612,0,40,SEP25,1963,
7129432,"Sastrawan, Lalu Hendri",INA,M,,,,1911,0,40,SEP25,1979,i
7107544,"Satrio, Gayuh",INA,M,,,,1947,0,20,SEP25,1996,i
7114419,Sayuti Isa Rasyid,INA,M,,,,1873,0,40,SEP25,1986,i
7138296,Sayyid Musyaffa Yusuf,INA,M,,,,1408,0,40,SEP25,2013,
7100906,"Selomo, Subur",INA,M,FM,,,2310,0,40,SEP25,1960,i
7100531,"Sen, Kiu",INA,M,,,,2155,0,20,SEP25,1969,i
7132441,"Sentosa, Kristoforus Mackenzie Owen",INA,M,,,,1422,0,40,SEP25,2012,
7115750,"Setiawan, Andika Yogi",INA,M,,,,2042,0,40,SEP25,1999,i
7122870,"Setiawan, David",INA,M,,,,2002,0,20,SEP25,2003,i
7123760,"Setiawan, Gervasius Ludwig",INA,M,,,,1514,0,40,SEP25,2011,
7101805,"Setiawan, Iwan",INA,M,,,,2044,0,20,SEP25,1968,i
7106319,"Setiawan, Robert",INA,M,,,,1942,0,40,SEP25,1993,i
7102780,"Setiawan, Surya",INA,M,CM,,,2051,0,20,SEP25,1998,i
7101589,"Setyaki, Azarya Jodi",INA,M,IM,,,2345,9,10,SEP25,1998,
7127227,SHAINA AYLAKIVA MEGARANTO,INA,F,,,,1500,0,40,SEP25,2013,wi
7104260,"Sharfina, Juwita Ardelia",INA,F,WFM,WFM,,1972,0,20,SEP25,2002,wi
7134134,"Sharmawiguna, I Made Pande Revan",INA,M,,,,1516,0,40,SEP25,2013,i
7112190,shinta Herliana,INA,F,,,,1957,0,40,SEP25,1990,wi
7122675,"Sholeh, Badrus",INA,M,,,,1743,0,40,SEP25,1990,i
7101503,"Siagian, Davidson",INA,M,,,,1649,0,40,SEP25,1970,i
7135459,"Siahaan, Abishael Eliefhebben",INA,M,,,,1591,0,40,SEP25,2009,
7133588,"Siahaan, Maria Herlina BR",INA,F,,,,1684,0,40,SEP25,1967,w
7125771,"Sibagariang, E. H. Bikner",INA,M,,,,1760,0,40,SEP25,1958,
7130317,"Sibatuara, Bagas Valentino",INA,M,,,,1731,0,40,SEP25,2011,i
7125470,"Sidabalok, Tober LB",INA,M,,,,1877,0,40,SEP25,1967,i
7124341,"Sidabutar, Uriel Noah Oloan",INA,M,,,,2140,0,40,SEP25,2009,
7109989,Siddhi Djatmiko,INA,M,,,,1991,0,40,SEP25,1969,i
7101198,"Sihite, Chelsie Monica Ignesias",INA,F,WIM,WIM,,2223,0,20,SEP25,1995,w
7117990,"Silaban, Yusuf Efendi",INA,M,,,,1927,0,40,SEP25,1970,
7125615,"Simanihuruk, Nathanael Dieudonne B",INA,M,,,,2122,0,20,SEP25,2006,
7122616,"Simanja, Nasip Farta",INA,F,,,,1626,0,40,SEP25,1972,wi
7125852,"Simanjuntak, Anton",INA,M,,,,1745,0,40,SEP25,1968,
7133251,"Simanjuntak, JT",INA,M,,,,1537,0,40,SEP25,1962,i
7125500,"Simanjuntak, Leonard",INA,M,,,,1818,0,40,SEP25,1983,
7109920,"Simanjuntak, Nurdin",INA,M,,,,1986,0,40,SEP25,1980,i
7133669,"Simanjuntak, Parulian",INA,M,,,,1966,0,40,SEP25,1968,i
7100116,"Simanjuntak, Sebastian",INA,M,FM,,,2146,0,20,SEP25,1963,i
7132034,"Simatupang, Yudar Bryliant Geblin",INA,M,,,,1806,0,40,SEP25,2008,
7104120,"Simbolon, Firman",INA,M,,,,2028,0,20,SEP25,1962,
7137583,"Simorangkir, Besdin",INA,M,,,,1666,0,40,SEP25,1956,
7133120,"Sinaga, Aguswan",INA,M,,,,1710,0,40,SEP25,1969,i
7105720,"Sinaga, Marudut",INA,M,,,,AIM,1918,0,SEP25,1955,i
7122578,"Sinaga, Suhardi",INA,M,,,,2131,0,40,SEP25,1982,i
7104391,"Singgih, Diajeng Theresa",INA,F,WIM,WIM,,2089,9,20,SEP25,2004,w
7133090,"Sinulingga, Angelyne Febyant BR",INA,F,,,,1612,0,40,SEP25,2002,wi
7100191,"Sinulingga, Monang",INA,M,,,,2295,0,20,SEP25,1947,i
7104138,"Sinurat, Tumpak",INA,M,FM,,,2140,0,20,SEP25,1975,i
7103530,"Sinuraya, Dirwan",INA,M,,,,1933,0,40,SEP25,1956,i
7133545,"Sipayung, Rocky Markiano",INA,M,,,,1474,0,40,SEP25,1996,i
7139187,"Sirait, Harry Bona Jaya",INA,M,,,,1716,0,40,SEP25,2008,
7110189,"Siregar, Diandra Akbar Arifki",INA,M,,,,1747,0,40,SEP25,2000,i
7100647,"Siregar, Muhammad Novian",INA,M,FM,,,2239,0,20,SEP25,1959,i
7133650,"Siregar, Yusrizal",INA,M,,,,1617,0,40,SEP25,1962,i
7128045,"Siringo-ringo, Sarmadoli",INA,M,,,,1958,0,20,SEP25,1970,i
7135270,"Sisilia, Eka",INA,F,,,,1624,0,40,SEP25,2004,w
7133596,"Siswanto, Daniel",INA,M,,,,1595,0,40,SEP25,1966,i
7134592,"Siswanto, Eko",INA,M,,,,1836,0,40,SEP25,1975,
7124686,"Siswanto, Jonathan Jayamanggala",INA,M,,,,1555,0,40,SEP25,2008,i
7134541,"Sitanggang, Frans Kosta Murti",INA,M,,,,1649,0,40,SEP25,2015,
7101007,"Sitepu, Masa",INA,M,,,,2267,0,40,SEP25,1957,i
7103050,"Sitorus, Sangga",INA,M,,,,1929,0,40,SEP25,0,i
7102755,"Sitorus, Tromphin",INA,M,,,,1803,0,40,SEP25,2001,i
7100426,"Situru, Muhammad Ivan",INA,M,IM,,,2202,0,10,SEP25,1963,
7116632,Skolastika Faustina Ivana Arie,INA,F,,,,1581,0,40,SEP25,2002,wi
7112564,Slamet Setijoadji,INA,M,,,,1880,0,40,SEP25,1964,i
7112688,Soedarmadji,INA,M,,,,1957,0,40,SEP25,1964,i
7129300,"Soegiarto, Kenzie Liangyi",INA,M,,,,1452,0,40,SEP25,2011,i
7101465,"Sonjaya, Deni",INA,M,FM,,,2252,0,20,SEP25,1977,
7104146,"Stanley, Inkiriwang",INA,M,,,,1837,0,40,SEP25,0,
7105576,"Stanpo, Gwyneth Trixie",INA,F,,,,1626,0,40,SEP25,2004,wi
7113439,Stevanky,INA,M,,,,2185,0,20,SEP25,2006,
7129939,"Stevanova, Sicylia Niken",INA,F,,,,1575,0,40,SEP25,2009,w
7137567,Suardi,INA,M,,,,1737,0,40,SEP25,1964,
7108788,Subra,INA,M,,,,1802,0,40,SEP25,1999,i
7117817,SUBUR IRYANTO,INA,M,,,,1640,0,40,SEP25,1977,i
7104154,"Sudung, Tampubolon",INA,M,,,,2025,0,20,SEP25,1955,
7103867,Sufian,INA,M,FM,,,2153,0,40,SEP25,1973,i
7102089,"Sugeng, Bambang",INA,M,,,,2038,0,40,SEP25,1959,i
7104995,"Sugeng, Mulijanto",INA,M,,,,1998,0,40,SEP25,0,i
7109512,"Sugiharto, Judi",INA,M,,,,1711,0,40,SEP25,1941,i
7112335,Sugiono,INA,M,,,,1912,0,40,SEP25,1978,i
7115997,SUGIYO,INA,M,,,,2010,0,40,SEP25,1980,i
7127340,Sugondo,INA,M,,,,1787,0,40,SEP25,1974,i
7104197,"Suharto, Moh Wahyu Repelita",INA,M,,,,2085,0,20,SEP25,1969,i
7100469,"Suhendra, Andi Supardi",INA,M,IM,,,2018,0,20,SEP25,1972,
7100973,"Suhendro, Prakata",INA,M,,,,2100,0,40,SEP25,1970,i
7115717,SUHERMAN,INA,M,,,,1930,0,40,SEP25,1996,
7112467,Suherman Maulana,INA,M,,,,1951,0,40,SEP25,1960,i
7108605,"Suhermat, Imat",INA,M,,,,2154,0,20,SEP25,1977,i
7132220,"Sujanto, Brandon",INA,M,,,,AFM,1618,0,SEP25,2011,
7122179,Sujono Yudhi,INA,M,,,,1743,0,40,SEP25,1959,i
7101937,"Sukandar, Irine Kharisma",INA,F,IM,WGM,,2330,0,10,SEP25,1992,wi
7103344,Sukarnedi,INA,M,,,,2021,0,40,SEP25,0,i
7121237,SUKMA RAHMA RAMA,INA,M,,,,2008,0,40,SEP25,2002,i
7117540,"Sulaiman, Tatang",INA,M,,,,1894,0,40,SEP25,1959,i
7105827,"Suliati, Annisa",INA,F,WFM,WFM,,2190,0,20,SEP25,1999,wi
7100370,"Sulistya, Maria Lucia Ratna",INA,F,WIM,WIM,,2225,0,20,SEP25,1975,wi
7120648,Sultan Aziz,INA,M,,,,1639,0,40,SEP25,2003,i
7122071,Sulthon Hartanto,INA,M,,,,1869,0,40,SEP25,2003,i
7115989,SULUNG WAHYUNINGSIH,INA,F,,,,1980,0,40,SEP25,1986,wi
7116519,Sumadiyo,INA,M,,,,1901,0,40,SEP25,1958,i
7120869,Sumana,INA,M,,,,1909,0,40,SEP25,1980,i
7105070,"Sumardi, Saidul Ula",INA,M,,,,2031,0,40,SEP25,1994,i
7107528,Sumaryono,INA,M,,,,2140,0,40,SEP25,1957,i
7100795,"Sunardi, Sadeli",INA,M,,,,2041,0,20,SEP25,1965,
7111347,Sunarto,INA,M,,,,1933,0,40,SEP25,1958,i
7105916,Sunaryo Robert,INA,M,,,,1990,0,20,SEP25,1993,i
7109644,Sungkono,INA,M,,,,1907,0,40,SEP25,1958,i
7124732,"Sunuriha, Nazura Zhafran",INA,M,,,,1607,0,40,SEP25,2010,
7108680,"Supangkat, Naufal Abdurrahman",INA,M,,,,1663,0,40,SEP25,1995,
7113102,Supayono,INA,M,,,,2031,0,40,SEP25,1968,i
7118945,Supranoto,INA,M,,,,1971,0,40,SEP25,1967,i
7100493,"Suprapto, Bagong",INA,M,,,,2060,0,40,SEP25,1962,i
7101368,"Suprianto, Adik",INA,M,,,,2297,0,40,SEP25,0,i
7137869,"Supriyadi, Dedi",INA,M,,,,1715,0,40,SEP25,1965,
7100728,"Supriyanto, Tommy",INA,M,,,,1980,0,20,SEP25,1957,
7125577,Supriyono,INA,M,,,,1613,0,40,SEP25,1977,
7100701,"Supriyono, Eko",INA,M,,,,2094,0,20,SEP25,1969,
7118244,Suriansyah,INA,M,,,,1726,0,40,SEP25,1961,i
7130210,"Surjaya, Brian",INA,M,,,,2012,9,20,SEP25,2006,
7126034,"Surkancana, Tonny",INA,M,,,,1675,0,40,SEP25,1969,
7100752,"Suroso, Joko",INA,M,,,,2240,0,40,SEP25,0,i
7119682,Surya Nurhayat,INA,M,,,,1999,0,40,SEP25,1995,i
7119216,Surya Wahyu,INA,M,,,,2029,0,20,SEP25,2001,i
7112033,"Surya, Cleon Amadeus",INA,M,,,,AFM,1753,0,SEP25,2007,i
7108958,"Suryadi, Addifa Auliya Hadibrata",INA,M,,,,1816,0,20,SEP25,2004,i
7101813,"Suryadi, Dedi",INA,M,,,,2025,0,40,SEP25,1965,i
7101821,Suryaman,INA,M,,,,2123,0,40,SEP25,1964,i
7103875,Suryanto,INA,M,,,,2060,0,40,SEP25,0,i
7122608,"Suryanto, Edy",INA,M,,,,1800,0,40,SEP25,1960,i
7122195,Susanto Rahman,INA,M,,,,1896,0,20,SEP25,1984,
7100809,"Susanto, Andreas",INA,M,,,,2007,0,40,SEP25,1967,i
7125976,"Susanto, Ari",INA,M,,,,1758,0,40,SEP25,1989,
7104979,"Susanto, Budhi",INA,M,,,,1839,0,20,SEP25,1938,i
7122012,"Susanto, Henry",INA,M,,,,1576,0,40,SEP25,1991,i
7108494,"Suseno, Bimo Aji",INA,M,,,,1834,0,40,SEP25,2002,i
7113161,"Susilo, Djoko",INA,M,,,,1770,0,40,SEP25,1958,
7108621,"Susilo, Lolitha Aniella",INA,F,,,,1723,0,40,SEP25,2003,wi
7123175,"Susilo, Reivaldo Novalino Putra",INA,M,,,,1671,0,40,SEP25,2004,i
7134240,"Susilo, Sutjipto",INA,M,,,,AFM,1717,0,SEP25,1970,i
7101651,"Susilodinata, Andrean",INA,M,IM,,,2351,0,20,SEP25,1990,
7105380,"Sutanti, Tiara Nugraeni Eka",INA,F,WFM,WFM,,1925,0,40,SEP25,1996,wi
7111355,Sutarmin Kusnadi,INA,M,,,,1697,0,40,SEP25,1960,i
7101139,Sutarno,INA,M,,,,2238,0,20,SEP25,1972,i
7127936,"Sutiana, Yana",INA,M,,,,1671,0,40,SEP25,1972,i
7137737,"Sutianto, Titus",INA,M,,,,1801,0,40,SEP25,2003,
7122586,Sutikno,INA,M,,,,1821,0,40,SEP25,1974,i
7132050,Sutikno,INA,M,,,,1706,0,40,SEP25,1954,i
7111630,sutrisno,INA,M,,,,1938,0,40,SEP25,1962,i
7116012,SUUD DRAUK,INA,M,,,,1806,0,40,SEP25,1970,i
7135653,SUWASIK,INA,M,,,,1653,0,40,SEP25,1980,i
7105304,"Suyono, Gatot",INA,M,,,,1919,0,40,SEP25,1961,i
7102704,"Suyud, Hartoyo",INA,M,,,,2111,0,20,SEP25,1968,
7131089,"Syafiq, Hanan Yukta",INA,M,,,,1611,0,40,SEP25,2011,
7113625,Syafiuddin Raden,INA,M,,,,2091,0,20,SEP25,2004,
7131593,"Syafli, Agha Faiz Ramdhani",INA,M,,,,1811,0,40,SEP25,2008,i
7139268,"Syafrizal, Martes",INA,M,,,,1895,0,40,SEP25,1967,
7113471,Syafrudin Udin,INA,M,,,,1817,0,40,SEP25,1956,i
7109237,"Syah, Firman",INA,M,,,,2055,0,20,SEP25,1965,i
7122055,"Syahirah, Quinsha Adinda",INA,F,,,,AFM,1785,0,SEP25,2009,w
7141106,Syahrul Ginting,INA,M,,,,1692,0,40,SEP25,1969,
7108982,"Syaifudin, Agus",INA,M,,,,2186,0,20,SEP25,1979,
7100655,"Syaiful, Hidayat",INA,M,CM,,,2252,0,20,SEP25,1975,i
7105100,"Syaputra, Arifa Rizki",INA,M,,,,2247,0,20,SEP25,1999,i
7127715,"Syaroni, Ahmad Afifalfata",INA,M,,,,1570,0,40,SEP25,2006,i
7105347,"Taher, Yoseph Theolifus",INA,M,IM,,,2451,0,10,SEP25,1999,
7119810,"Taliwang, Hatta",INA,M,,,,1906,0,40,SEP25,1954,i
7134665,"Tambunan, Abigail Finlady Melly Queen",INA,F,,,,1619,0,40,SEP25,2011,w
7100353,"Tamin, Upi Darmayana",INA,F,WIM,WIM,IA,2039,0,20,SEP25,1970,wi
7103352,"Taminsyah, Aston",INA,M,,,,1855,0,20,SEP25,1997,i
7101341,"Tamono, Ruby",INA,M,,NA,,2173,0,40,SEP25,1979,i
7127766,"Tampubolon, Andreas Tio Parulian",INA,M,,,,1864,0,40,SEP25,2009,
7138202,Tan Nyuk San,INA,M,,,,1821,0,40,SEP25,1960,
7122039,"Tan, Darren Emmanuel Aprilio",INA,M,,,,1560,0,40,SEP25,2010,i
7124244,"Tan, Steven",INA,M,,,,1954,0,40,SEP25,2010,
7102879,"Tanda, Joni",INA,M,,,,1927,0,40,SEP25,0,i
7130163,"Tandiseru, Sartine Klara Bato",INA,F,,,,1576,0,40,SEP25,2012,wi
7139454,"Tanoto, Siman",INA,M,,,,1842,0,40,SEP25,1962,
7116861,"Tanzil, Yasinta",INA,F,,,,1676,0,40,SEP25,1996,wi
7108133,"Tarigan, Gilbert Elroy",INA,M,IM,,,2421,0,10,SEP25,2003,
7135769,"Tarigan, Marzuki",INA,M,,,,1839,0,40,SEP25,1975,
7105878,"Tarimo, Didik Widiarso",INA,M,,,,1844,0,20,SEP25,1959,i
7141076,Taufan Trisetiawan Mursali,INA,M,,,,1996,0,40,SEP25,1996,
7116551,Taufik,INA,M,,,,1873,0,40,SEP25,1984,i
7131267,TAUFIK DEFASYA M. EDA,INA,M,,,,1827,0,40,SEP25,2009,
7101830,"Taufik, Ar",INA,M,,,,2056,0,40,SEP25,1979,i
7117825,TAUFIQURRAHMAN,INA,M,,,,1820,0,40,SEP25,1969,
7116560,TB Ahmad Sri Subosito I.Z,INA,M,,,,1992,0,40,SEP25,1993,i
7100175,"Tedy, Sukirman",INA,M,FM,,,2220,0,20,SEP25,1951,i
7115636,TEGUH SAM,INA,M,,,,2011,0,40,SEP25,1991,
7112610,Tekno Sandjojo,INA,M,,,,1960,0,20,SEP25,1947,i
7130406,"Tendean, Amrafel Hardman",INA,M,,,,1893,0,40,SEP25,2007,
7134770,"Teovano, Kevin Joseph",INA,M,,,,1533,0,40,SEP25,2011,
7127278,TEUKU RIZKY RAMADHAN,INA,M,,,,1877,0,40,SEP25,2002,i
7121830,The Min Shiong,INA,M,,,,1917,0,40,SEP25,1972,i
7132352,"Theng, Hillary Rooca",INA,F,,,,AIM,1511,0,SEP25,2015,w
7135114,THEODORUS NATHANIEL WALUKOW,INA,M,,,,1816,0,40,SEP25,2008,
7112122,"Theofilus, Kevin",INA,M,,,,1597,0,40,SEP25,2008,i
7123477,"Thirof, As Syahsyah Syakish",INA,M,,,,1762,0,40,SEP25,2011,
7126824,"Thoriq, Fauzan Robbani",INA,M,,,,1644,0,40,SEP25,2009,
7123108,"Timur, Ufuk",INA,M,,,,1684,0,40,SEP25,1977,
7101058,Tirto,INA,M,IM,,,2246,0,10,SEP25,1965,i
7100612,"Tjhin, Irawan",INA,M,FM,,,2333,0,20,SEP25,1975,i
7127723,"Tjiang, Leon Sky Sutrisno",INA,M,,,,1565,0,40,SEP25,2012,
7103360,"Tjin, Hau",INA,M,,,,1965,0,20,SEP25,1975,
365105319,"Tjong, Zach Alexander",INA,M,,,,AFM,1628,6,SEP25,2017,
7105487,"Tobing, Daniel Hermawan Lumban",INA,M,FM,,,2145,0,20,SEP25,2003,
7100345,"Tobing, Edward L",INA,M,,,,2205,0,20,SEP25,1952,i
7112521,Tommy Hindawan Tanadi,INA,M,,,,1859,0,40,SEP25,1965,i
7124953,TONI HIDAYAT,INA,M,,,,1864,0,40,SEP25,1986,i
7127758,Tony,INA,M,,,,1985,0,40,SEP25,1995,
7101546,"Trenseno, Felica",INA,F,,,,1992,0,20,SEP25,1990,wi
7109970,Tri Basuki Rachmad,INA,M,,,,1935,0,40,SEP25,1966,i
7102798,"Tri Febriyanti, Widya",INA,F,,,,1916,0,40,SEP25,1998,wi
7131097,"Trianastasya, Revalina",INA,F,,,,1499,0,40,SEP25,2008,w
7112475,Trimulyo,INA,M,,,,2052,0,40,SEP25,1963,i
7130368,"Tuahnaru, Xien Lintang",INA,M,,,,1552,0,40,SEP25,2010,i
7100884,"Tunasly, Kifly",INA,M,FM,,,2254,0,10,SEP25,1960,i
7100558,"Ubayana, Harry",INA,M,FM,,,2276,0,20,SEP25,1966,i
7127529,"Ulayya, Adeeba Izzah Mumtaztaqiyya",INA,F,,,,1719,0,40,SEP25,2007,wi
7125674,"Ulhaq, Zacky Dhia",INA,M,FM,,,2311,0,20,SEP25,2004,
7106491,"Umam, Muhammad Khoirul",INA,M,,,,2089,0,20,SEP25,2002,i
7110898,Umbu Ndenumbanie,INA,M,,,,1965,0,40,SEP25,1986,i
7100272,"Untoro, Toha",INA,M,,,,2220,0,20,SEP25,1943,i
7126026,UNTUNG CHANDRA,INA,M,,,,1835,0,40,SEP25,1971,i
7124821,USDI HANDAYANI,INA,M,,,,1838,0,40,SEP25,1963,i
7137907,"Usman, M Gusli",INA,M,,,,1736,0,40,SEP25,1999,
7114460,Utama Muhammad Ikhsanul Amri,INA,M,,,,1709,0,40,SEP25,2007,i
7127928,"Vabrian, Victor Prahara",INA,M,,,,1638,0,40,SEP25,1985,i
7131780,"Valentino, Rio",INA,M,,,,1598,0,40,SEP25,2012,
7135580,VANYA PUTRI HERNANDA,INA,F,,,,1721,0,40,SEP25,2004,w
7102402,"Verdiana, Norasya",INA,F,WFM,WFM,,2140,0,20,SEP25,1987,wi
7111517,VIA LASTININGTYAS,INA,F,,,,1861,0,40,SEP25,1995,wi
7112637,Victor Eko Sitorus,INA,M,,,,2033,0,40,SEP25,1981,i
7105045,"Vincentius, Galih Pradnya",INA,M,,,,1942,0,40,SEP25,2003,i
7109075,"Wahida, Alicia Fitri",INA,F,,,,1657,0,40,SEP25,2000,wi
7100019,"Wahjuwidajat, Utut Adianto",INA,M,GM,FST,,2566,0,10,SEP25,1965,i
7100760,"Wahono, Awam",INA,M,IM,,,2265,0,10,SEP25,1963,
7125151,WAHYU HIDAYAT,INA,M,,,,1900,0,40,SEP25,2005,i
7117558,"Wahyu, Sumadi Jayadi",INA,M,,NA,,1585,0,40,SEP25,2006,i
7118473,WAHYUDI SUTRISNO,INA,M,,,,1942,0,40,SEP25,1968,i
7102542,"Wahyudi, Surya",INA,M,FM,,,2193,0,20,SEP25,1989,
7129777,Wahyullah,INA,M,,,,1981,0,40,SEP25,1969,i
7100280,"Wahyuwidayat, Erwanto",INA,M,,,,2210,0,20,SEP25,1960,i
7113129,"Walansendow, Steven",INA,M,,,,2099,0,40,SEP25,1996,i
7139098,"Waldiansyah, Agus",INA,M,,,,1872,0,40,SEP25,1971,
7108508,"Walukow, Theodora Paulina",INA,F,WCM,WCM,,1924,0,20,SEP25,2004,w
7125844,"Wanasida, Djoni",INA,M,,,,1899,0,40,SEP25,1968,i
7125860,Wandi,INA,M,,,,1886,0,40,SEP25,1976,i
7123817,Wang Xiao Jiao,INA,F,,,,1543,0,40,SEP25,2009,wi
7114281,Wardana Rizal Hendra,INA,M,,,,AIM,1981,0,SEP25,1996,i
7103034,"Wardana, Andi Hartarto",INA,M,,,,1717,0,40,SEP25,1995,i
7113480,"Wardhana, Galang Aditya",INA,M,,,,1825,0,40,SEP25,2007,
7117833,Watman Wardjowidjaja,INA,M,,,,1805,0,40,SEP25,1952,i
7139640,Wavina Kamita Putri,INA,F,,,,1550,0,40,SEP25,2014,w
7134053,"Wening, Banyu Wiguno",INA,M,,,,1688,0,40,SEP25,2015,
7108745,"Wibowo, Pascalis Christianto",INA,M,,,,1794,0,40,SEP25,2004,i
7135181,"Wicaksana, Narayana Mulya",INA,M,,,,1709,0,40,SEP25,2012,
7107129,"Wicaksono, Aji Bagus",INA,M,,,,2026,0,40,SEP25,1999,
7127960,"Widiarto, Bramantyo Ardhiseno",INA,M,,,,1497,0,40,SEP25,2011,
7100361,"Widjayanti, Lindri Juni",INA,F,WIM,WIM,,2127,0,20,SEP25,1963,w
7115199,"Widlan, Abelard Rafael Jeremia",INA,M,,,,1683,0,40,SEP25,2006,i
7137613,"Wijanarko, Haniel",INA,M,,,,1634,0,40,SEP25,2005,
7130090,"Wijaya, Ardion Pandu Panca",INA,M,,,,1680,0,40,SEP25,2009,i
7105290,"Wijaya, Bima Triardi",INA,M,,,,2169,0,40,SEP25,1977,i
7131860,"Wijaya, Cherisha Divina",INA,F,,,,AIM,1692,0,SEP25,2010,w
7110197,"Wijaya, Jefferson",INA,M,,,,1568,0,40,SEP25,2007,i
7134622,"Wijaya, Mok Rudy",INA,M,,,,2012,0,40,SEP25,1983,
7100388,"Wijaya, Nanik",INA,F,,,,2090,0,40,SEP25,1961,wi
7137460,"Wijaya, Randi",INA,M,,,,1746,0,40,SEP25,2009,
7134649,"Wijaya, Sandi Triatna",INA,M,,,,1876,0,40,SEP25,1987,i
7105835,"Wijayanti, Retno",INA,F,WFM,WFM,,2071,0,20,SEP25,1999,wi
7112432,Wika Hardiyanto,INA,M,,,,1972,0,20,SEP25,1997,i
7110448,Wildan Sulkhan Mahizthon,INA,M,,,,1927,0,40,SEP25,1984,
7131682,"Wildan, Muhammad",INA,M,,,,AIM,1685,0,SEP25,2012,
7124457,WILMA MARGARETHA SINAGA,INA,F,,,,1515,0,40,SEP25,1987,wi
7109865,"Winanda, Aurellia Vania",INA,F,,,,1817,0,20,SEP25,2004,wi
7126549,"Winartha, Muhammad Abdillah Fatih",INA,M,,,,1853,0,40,SEP25,2011,i
7108451,"Winaya, Bagus",INA,M,FM,,,2349,0,20,SEP25,2001,i
7107587,"Winayuh, Chandra Putra",INA,M,,,,2009,0,40,SEP25,1997,i
7102607,"Wiradimaja, Sugilar",INA,M,,,,2171,0,40,SEP25,0,i
7125917,"Wiranata, Anak Agung Gede Putra",INA,M,,,,1895,0,40,SEP25,1976,i
7122535,"Wirawan, Hendi",INA,M,,,,1753,0,40,SEP25,1979,i
7112009,"Wirawan, Nadya Deandra",INA,F,,NA,,1765,0,20,SEP25,2006,wi
7126875,"Wiryawan, Putu Kayana",INA,M,,,,1592,0,40,SEP25,2014,i
7123140,"Wuner, Rafi Firmansyah",INA,M,,,,1791,0,40,SEP25,2007,i
7105673,Xena Lorens,INA,F,,,,1866,0,40,SEP25,1999,wi
7124473,YADI SOPIYAN,INA,M,,,,1711,0,40,SEP25,1972,i
7117850,Yadi Sulfianto,INA,M,,,,1750,0,20,SEP25,1970,
7117582,YANA MULYANA,INA,M,,,,1684,0,40,SEP25,1982,i
7118120,"Yanti, Ni Luh Purnami",INA,F,,,,1798,0,40,SEP25,1998,wi
7113188,"Yanto, Agus",INA,M,,,,2112,0,40,SEP25,1962,i
7135424,"Yappy, Kent Pierre Christiano",INA,M,,,,1601,0,40,SEP25,2011,i
7108460,"Yasin, Muhammad",INA,M,FM,,,2349,0,40,SEP25,1968,i
7129955,"Yasir, Hamizan Malik",INA,M,,,,1471,0,40,SEP25,2012,i
7137095,YEHEZKIEL FABIAN MIKHA,INA,M,,,,1540,0,40,SEP25,2014,
7107986,"Yehezkiel, Singgih",INA,M,,,,1834,0,40,SEP25,1963,i
7110430,Yeremi Gerry Gibran Wibowo,INA,M,,,,1930,0,20,SEP25,2004,i
7112360,Yeyen Rara Bafah,INA,F,,,,1937,0,40,SEP25,2001,wi
7115644,YOAN DONI,INA,M,,,,2111,0,40,SEP25,1977,i
7114583,Yosep Ibnu Setyawan,INA,M,,,,1689,0,40,SEP25,2003,i
7119909,Yudhistira Tresna Nugraha,INA,M,,,,1995,0,40,SEP25,1997,i
7106238,Yudi,INA,M,,,,2131,0,40,SEP25,1986,i
7110294,"Yuliana, Evi",INA,F,WFM,WFM,,1947,8,20,SEP25,2002,w
7101260,"Yuliana, Sentosa",INA,F,,,,1873,0,40,SEP25,1994,wi
7132301,"Yuliansyah, Muhamad",INA,M,,,,1593,0,40,SEP25,1988,i
7112149,Yulianti Tjindar Bumi,INA,F,,NA,,1652,0,40,SEP25,1965,wi
7100965,"Yulianto, Erwin",INA,M,,,,2156,0,40,SEP25,1981,i
7127553,"Yumar, Alfariza",INA,M,,,,1595,0,40,SEP25,2011,
7123167,"Yunansyah, Prananda Ahyan",INA,M,,,,1807,0,40,SEP25,2008,i
7122551,Yuni,INA,F,,,,1567,0,40,SEP25,1979,wi
7101120,Yunibar,INA,M,FM,,,2300,0,40,SEP25,1960,i
7124481,YUSTINA HALAWA,INA,F,,,,1492,0,40,SEP25,1981,wi
7110413,Yusuf,INA,M,,,,2092,0,40,SEP25,1980,i
7121083,YUSUF HERMAWAN,INA,M,,,,1957,0,40,SEP25,1970,i
7110405,Yusuf Mustafa,INA,M,,,,1954,0,40,SEP25,1952,i
7119283,Yusup Supriyadi,INA,M,,,,1883,0,40,SEP25,2004,i
7109032,"Zaelani, M. Raehan",INA,M,,,,1903,0,40,SEP25,2001,i
7131577,"Zahra, Nabila Adriana Az",INA,F,,,,1548,0,40,SEP25,2008,wi
7139659,"Zaini, Sofyan Ahmad",INA,M,,,,1906,0,40,SEP25,2008,
7139284,Zainudin,INA,M,,,,1804,0,40,SEP25,1967,
7112300,Zaitul Ichlas Zainal,INA,M,,,,2090,0,40,SEP25,1959,i
7101430,"Zakiah, AI",INA,F,,,,2019,0,40,SEP25,1973,wi
7111649,ZATA DIRAYATI ADANI,INA,F,,,,1838,0,20,SEP25,2004,w
7131968,"Zega, Miko Vincensius Firrery",INA,M,,,,1410,0,40,SEP25,2015,i
7101350,"Zuherman, Eddy",INA,M,FM,,,2258,0,40,SEP25,0,i
7141300,Zulfan,INA,M,,,,1457,0,40,SEP25,1964,
7102828,Zulkhairi,INA,M,FM,,,2075,0,20,SEP25,1975,i
7131844,Zulkifli,INA,M,,,,1680,0,40,SEP25,1964,i
7124490,ZULKIFLI UMAR,INA,M,,,,1693,0,40,SEP25,1955,i