ID Number,Name,Fed,Sex,Title,WTit,OTit,Rating,Gms,K,RatingMonth,B-day,Flag
6509380,"Abarca Matarrita, Juan Pablo",CRC,M,,,,1665,0,20,AUG25,2004,
6511198,"Abarca Orozco, Ivonne",CRC,F,,,,1428,0,40,AUG25,1998,wi
6507433,"Abarca Webb, Pedro Andres",CRC,M,,,,1710,0,40,AUG25,1998,i
6504442,"Acevedo Mendez, Jennifer",CRC,F,WFM,WFM,NA,1868,0,20,AUG25,1999,w
6504450,"Acevedo Mendez, Oscar",CRC,M,,,,1867,0,40,AUG25,1994,i
6503390,"Acuna Araya, Carlos Luis",CRC,M,,,,1937,0,40,AUG25,1991,i
6504469,"Acuna Arias, Minor",CRC,M,,,,1592,0,40,AUG25,1967,
6513824,"Acuna Nunez, Ignacio",CRC,M,,,,1799,0,40,AUG25,2008,
6511856,"Adanis Mora, Naomy",CRC,F,,,,1514,0,20,AUG25,2004,wi
6563511,"Aguero Contreras, Reychel Tamara",CRC,F,,,,1537,0,40,AUG25,2009,w
6550096,"Aguero Espinoza, Sebasthian",CRC,M,,NA,,1903,6,20,AUG25,2003,
6518400,"Aguero Monge, Alicia Natalia",CRC,F,,,,1531,0,40,AUG25,2009,w
6542751,"Aguero Rojas, Gonzalo",CRC,M,,,,1675,0,40,AUG25,1998,
6501931,"Aguilar Alfaro, Juan Carlos",CRC,M,,,,1930,0,40,AUG25,1990,i
6501923,"Aguilar Delgado, Alberto",CRC,M,,,,1760,0,40,AUG25,1988,i
6519717,"Aguilar Ortega, Walter Adrian",CRC,M,,,,1466,0,40,AUG25,2003,i
6500994,"Aguilar Pina, Luis Gerardo",CRC,M,,,,1775,0,20,AUG25,1962,
6505732,"Aguilar Rojas, Jose Alfredo",CRC,M,,,,1990,0,40,AUG25,1976,i
6568890,"Albujar Mendoza, Mauricio",CRC,M,,,,1504,0,40,AUG25,2013,
6501966,"Alfaro Guillen, Jose Raul",CRC,M,,,,1981,0,20,AUG25,1991,
6507441,"Alfaro Leon, Allison",CRC,F,,,,1617,0,40,AUG25,2000,wi
6507450,"Alfaro Leon, Andrey",CRC,M,,,,1774,0,40,AUG25,1998,i
6565166,"Alfaro Letendre, Benjamin",CRC,M,,,,1485,5,40,AUG25,2012,
6500749,"Alfaro Murillo, Carlos Andres",CRC,M,CM,,,2203,0,20,AUG25,1985,i
6500013,"Alfaro Rojas, Alfonso Jose",CRC,M,FM,,,2332,0,20,AUG25,1989,
6559786,"Alfaro Salas, Jeison",CRC,M,,,,1428,0,40,AUG25,2011,i
6509312,"Alfaro Williams, Gwyne",CRC,M,,,,1717,0,40,AUG25,1991,i
6505775,"Alpizar Gonzalez, Marlon Alberto",CRC,M,,,,1633,0,40,AUG25,1996,i
6510515,"Alvarado Alvarez, Rafael Angel",CRC,M,,,,1413,0,40,AUG25,1999,i
6504060,"Alvarado Castro, Carlos E.",CRC,M,,,,1792,0,40,AUG25,1988,i
6504183,"Alvarado Castro, Francisco",CRC,M,,,,1735,0,20,AUG25,1997,i
6504191,"Alvarado Castro, Jeaustin",CRC,M,,,,1720,0,20,AUG25,1999,i
6553761,"Alvarado Guzman, Alberto",CRC,M,,,,1627,0,40,AUG25,1981,i
6515320,"Alvarado Jimenez, Diego",CRC,M,,,,1663,0,40,AUG25,1986,i
6515339,"Alvarado Jimenez, Jorge",CRC,M,,,,1840,0,40,AUG25,1983,i
6555322,"Alvarado Machado, Bryan Alberto",CRC,M,,,,1714,0,40,AUG25,2011,
6503403,"Alvarado Machado, Verny",CRC,M,,,,1928,0,20,AUG25,1950,i
6523641,"Alvarado Monge, Noelia Patricia",CRC,F,,,,1510,0,40,AUG25,2001,wi
6510949,"Alvarado Montero, Jose Gerardo",CRC,M,,,,1644,0,40,AUG25,1993,i
6508073,"Alvarado Villalobos, Juan Pablo",CRC,M,,,,1701,0,40,AUG25,2000,i
6564356,"Alvarado Wiciak, Ana Luisa",CRC,F,,,,1499,0,40,AUG25,2010,w
6500420,"Alvarado, Dizan Ernesto",CRC,M,,,,1971,0,20,AUG25,1967,i
6513590,"Alvarez Alvarez, Johanel",CRC,M,,NA,,1596,0,20,AUG25,2002,i
6516734,"Alvarez Calderon, Leana Maria",CRC,F,,,,1526,0,40,AUG25,2000,wi
6528015,"Alvarez Carmona, Jostin",CRC,M,,,,1689,0,40,AUG25,1998,i
6559468,"Alvarez Gonzalez, Cristopher",CRC,M,,,,1559,0,40,AUG25,2010,
6507484,"Alvarez Gonzalez, Rafael",CRC,M,,,,1498,0,40,AUG25,1981,
6500056,"Alvarez Hernandez, David",CRC,M,,,,2136,0,20,AUG25,1987,i
6504515,"Alvarez Mora, Jorge Mario",CRC,M,,,,AIM,1815,0,AUG25,1994,
6558828,"Alvarez Ramirez, Emanuel",CRC,M,,,,1642,0,40,AUG25,2012,
6512526,"Alvarez Ugalde, Isaac",CRC,M,,,,1513,0,20,AUG25,2006,i
6525377,"Amaya Grant, Yannik Ricardo",CRC,M,,,,1639,0,40,AUG25,1982,i
6502822,"Amaya Madrigal, Alvaro Josue",CRC,M,,,,1855,0,20,AUG25,1981,i
6549276,"Anderson Soto, Troy",CRC,M,,,,1605,0,40,AUG25,2009,
6501435,"Angulo Cubero, Oscar",CRC,M,,AO,,AGM,2152,0,AUG25,1989,i
6509177,"Angulo Hernandez, Maria Jesus",CRC,F,,,,1759,0,20,AUG25,2004,wi
6544045,"Angulo Perez, Sebastian",CRC,M,CM,,,2034,7,40,AUG25,2014,
6518281,"Angulo Valladares, Kyara Melissa",CRC,F,,,,1454,0,40,AUG25,2006,wi
6516009,"Antony, Jurgen",CRC,M,,,,1945,0,40,AUG25,1985,i
6543650,"Apu Chinchilla, Arturo",CRC,M,,,,1546,0,40,AUG25,1994,i
6505783,"Aragon Alvarado, Christopher",CRC,M,,,,1852,0,20,AUG25,1995,i
6502830,"Aragon Masis, Sergio",CRC,M,,,,1648,0,40,AUG25,1980,i
6509860,"Arana Matarrita, Tito William",CRC,M,,,,1637,0,40,AUG25,1998,i
6559476,"Arauz Morales, Victor Ivan",CRC,M,,,,1601,0,40,AUG25,2012,
6502946,"Araya Fuentes, Cristian",CRC,M,,"FI,IA",,1921,0,20,AUG25,1994,i
6509061,"Araya Lopez, Luis",CRC,M,,,,2084,0,20,AUG25,1977,i
6518010,"Araya Mera, Marisa Raquel",CRC,F,,,,1433,0,40,AUG25,2004,w
6526500,"Araya Munoz, Jose Adelicio",CRC,M,,,,1445,0,40,AUG25,2004,i
6510930,"Araya Solano, Edgar",CRC,M,,,,1792,0,20,AUG25,1976,i
6511520,"Araya Tropper, Ariel",CRC,M,,,,1519,0,40,AUG25,2007,i
6500188,"Araya Umana, Carlos",CRC,M,CM,,,1924,0,20,AUG25,1955,
6509088,"Arce Castro, Danny",CRC,M,,,,1786,0,40,AUG25,1994,i
6520340,"Arce Fernandez, Kaylor",CRC,M,,,,1501,0,40,AUG25,2003,i
6507948,"Arce Mendez, Elias",CRC,M,,,,1802,0,20,AUG25,1998,i
6503942,"Arce Oviedo, Cesar",CRC,M,,,,1762,0,20,AUG25,1975,
6505570,"Arce Prendas, Karina",CRC,M,,,,1768,0,40,AUG25,1995,i
6562825,"Ardon Porras, Andres",CRC,M,,,,1428,0,40,AUG25,2006,
6517307,"Arevalo Rojas, Andrea",CRC,F,,,,1466,0,40,AUG25,2002,wi
6507301,"Arguedas Bolanos, Sharline",CRC,F,,,,1603,0,20,AUG25,2001,w
6571310,"Arguedas Gomez, Jeferson Antonio",CRC,M,,,,1697,0,40,AUG25,2004,
6566979,"Arguedas Solano, Gabriel Eduardo",CRC,M,,,,1723,0,40,AUG25,2004,
6508189,"Arguello Acuna, Graciela",CRC,F,,FA,,1623,0,20,AUG25,1995,wi
6530400,"Arguello Alvarado, Gael",CRC,M,,,,1581,0,40,AUG25,2007,
6504566,"Arias Arguello, Roberto",CRC,M,,,,1670,0,40,AUG25,1973,
6555861,"Arias Carmona, Diana",CRC,F,,,,1710,0,40,AUG25,2008,w
6504337,"Arias Fonseca, Martin",CRC,M,,,,1544,0,20,AUG25,1977,
6500269,"Arias Formoso, Rodolfo",CRC,M,,,,1928,8,20,AUG25,1956,
6518893,"Arias Gomez, Luis Alfredo",CRC,M,,,,1648,0,20,AUG25,2003,i
6520120,"Arias Narvaez, Carlos Mario",CRC,M,,,,1727,0,40,AUG25,1991,
6500366,"Arias Santana, Mauricio",CRC,M,IM,SI,,2173,0,20,AUG25,1977,i
6543421,"Arias Vargas, Roberto",CRC,M,,,,1580,5,40,AUG25,1988,
6502032,"Arostegui Gonzalez, Ricardo",CRC,M,CM,,,1656,0,20,AUG25,1989,
6550800,"Arrieta Lopez, Iker Gorka",CRC,M,,,,1417,0,40,AUG25,2008,
6550649,"Arrieta Lopez, Mikel Gael",CRC,M,,,,1518,0,40,AUG25,2013,
6510507,"Arroyo Alberto, Alejandro Jose",CRC,M,,,,1889,0,40,AUG25,1997,i
6500757,"Arroyo Valverde, Luis Emilio",CRC,M,,,,1924,0,20,AUG25,1964,i
6520669,"Artavia Elizondo, Gerardo",CRC,M,,,,1601,0,40,AUG25,2007,i
6504574,"Artavia Munoz, Giovanni",CRC,M,,,,1803,0,40,AUG25,1997,i
6564410,"Artavia Ramirez, Jorge Ali",CRC,M,,,,1425,0,40,AUG25,2009,
6523650,"Arteaga Saenz, Juan Manuel",CRC,M,,,,1768,0,40,AUG25,1985,i
6507492,"Astorga Guevara, Melvin Emilio",CRC,M,,,,1672,0,40,AUG25,1993,i
6503357,"Avendano Porras, Rodrigo",CRC,M,,,,1926,7,20,AUG25,1999,
6518583,"Avila Apu, Jose Pablo",CRC,M,,,,1592,0,20,AUG25,2003,
6570607,"Avila Artavia, Josue",CRC,M,,,,1656,6,40,AUG25,1995,
6554440,"Azofeifa Retana, Cesar Augusto",CRC,M,,,,ACM,1441,2,AUG25,1977,
6572979,"Azuaje Paris, Jose Ignacio",CRC,M,,,,1696,0,40,AUG25,2008,
6525393,"Badilla Calvo, Christopher",CRC,M,,,,1602,0,20,AUG25,2002,
6560075,"Badilla Fallas, Karol",CRC,F,,,,1554,0,40,AUG25,1994,wi
6505597,"Badilla Flores, Luciano",CRC,M,,,,1525,2,40,AUG25,1999,
6501460,"Badilla Hernandez, Johans",CRC,M,,,,1705,0,20,AUG25,1982,i
6519806,"Badilla Picon, Carlos Antonio",CRC,M,,,,1619,6,40,AUG25,1977,
6509240,"Ballestero Araya, Humberto",CRC,M,,,,1546,0,20,AUG25,2001,i
6503420,"Balmaceda Segura, Randall",CRC,M,,,,1573,0,40,AUG25,1962,i
6570194,"Baltodano Mendoza, Matias",CRC,M,,,,1590,0,40,AUG25,2011,
6565174,"Baltodano Valdez, Jorge Isaac",CRC,M,,,,1451,6,40,AUG25,2011,
6550517,"Baquero Graterol, Asiel Andres",CRC,M,,,,1611,2,40,AUG25,2011,
6559174,"Barahona Munoz, Arianna Daniela",CRC,F,,,,1537,0,40,AUG25,2011,w
6518435,"Barboza Viquez, Angelica",CRC,F,,,,1410,0,40,AUG25,2011,w
6508200,"Barboza Viquez, Martin Eduardo",CRC,M,CM,,,2057,0,40,AUG25,2007,
6510051,"Barquero Alfaro, Alejandro",CRC,M,,,,1579,0,20,AUG25,2004,i
6520685,"Barquero Alvarado, Ronald",CRC,M,,,,1548,0,40,AUG25,2002,i
6506585,"Barquero Cordero, Samantha",CRC,F,,,,1487,0,40,AUG25,1992,wi
6570593,"Barquero Zuniga, Yessica",CRC,F,,,,1460,0,40,AUG25,1993,w
6556175,"Barrantes Altamirano, Jose Daniel",CRC,M,,,,1437,0,40,AUG25,2006,i
6523196,"Barrantes Batalla, Gerardo",CRC,M,,,,1642,0,20,AUG25,1988,i
6521185,"Barrantes Castro, Gilberto",CRC,M,,,,1536,0,20,AUG25,1984,i
6512089,"Barrantes Chavarria, Marco",CRC,M,,,,1883,0,40,AUG25,1959,i
6518826,"Barrantes Granados, Ian Daniel",CRC,M,,,,1856,0,40,AUG25,2007,
6520871,"Barrantes Jimenez, Keisy",CRC,F,,,,1526,0,40,AUG25,2006,wi
6501125,"Barrantes Sanchun, Luis Gerardo",CRC,M,,,,1875,0,40,AUG25,1948,i
6566731,"Barrientos Arias, Minor",CRC,M,,,,1836,0,40,AUG25,1980,
6500358,"Barrios Zamora, Carlos",CRC,M,,"SI,FI,FT,IA",,2039,0,20,AUG25,1976,i
6521088,"Barrueta Suarez, David Manuel",CRC,M,,,,1588,0,40,AUG25,1979,i
6505392,"Baum Gutierrez, Ismael",CRC,M,,,,1586,0,20,AUG25,1991,
6542689,"Becerra Sandoval, Marcelo",CRC,M,,,,1409,5,40,AUG25,2011,
6501478,"Bejarano Sandoval, Allan Armando",CRC,M,,,,1877,0,20,AUG25,1988,i
6532403,"Bejarano Tames, Michael Andres",CRC,M,,,,1474,0,40,AUG25,2013,
6511406,"Benavides Ordonez, Melany",CRC,F,,,,1493,0,40,AUG25,2004,wi
6502075,"Benitez Canales, Roy",CRC,M,,,,1849,0,20,AUG25,1984,i
6552692,"Bermudez Arce, Ximena Sofia",CRC,F,,,,1612,0,40,AUG25,2010,w
6521240,"Bermudez Hernandez, Amanda",CRC,F,,,,1438,0,40,AUG25,2007,w
6573878,"Bermudez Lopez, Jorge Luis",CRC,M,,,,1671,0,40,AUG25,1994,
6501001,"Bermudez Munoz, Alexander",CRC,M,,,,2070,0,20,AUG25,1986,i
6523668,"Bermudez Viquez, Hector",CRC,M,,,,1508,0,40,AUG25,1977,i
6500242,"Bermudez Vives, Sergio",CRC,M,FM,,,2065,0,20,AUG25,1971,i
6558682,"Berzosa Madriz, Hector Julian",CRC,M,,,,1456,1,40,AUG25,2016,
6508219,"Blanco Arias, Josue David",CRC,M,,,,1482,0,40,AUG25,2004,i
6515347,"Blanco Bolanos, Allan Enrique",CRC,M,,,,1876,0,40,AUG25,1990,i
6519482,"Blanco Gonzalez, Justin Jesus",CRC,M,,,,1711,0,20,AUG25,2003,i
6508227,"Blanco Rojas, Benjamin",CRC,M,,,,1878,0,20,AUG25,1997,i
6558119,"Blanco Villalobos, Sebastian",CRC,M,,,,1532,0,40,AUG25,2007,i
6504205,"Blando Chacon, Erick",CRC,M,,,,1883,0,40,AUG25,1996,i
6544592,"Bluvol Nadeau, Ayen Claude",CRC,M,,NA,,1639,0,40,AUG25,2003,i
6568661,"Bogantes Hidalgo, Jose Alberto",CRC,M,,,,1703,0,40,AUG25,1993,
6504582,"Bogantes Robleto, Karina",CRC,F,WCM,WCM,FI,1770,0,20,AUG25,1994,w
6501486,"Bolanos Arguello, Alexis",CRC,M,,,,1627,0,40,AUG25,1982,i
6537138,"Bolanos Barth, Francisco",CRC,M,,,,1719,0,40,AUG25,1958,
6507972,"Bolanos Diaz, Daniel",CRC,M,,,,1538,0,20,AUG25,2002,i
6520618,"Bolanos Duran, Josue",CRC,M,,,,1658,0,40,AUG25,2011,i
6515061,"Bolanos Ferreto, Branco",CRC,M,,,,1729,0,40,AUG25,2003,i
6508758,"Bolanos Ferreto, Darried",CRC,M,,,,1804,0,40,AUG25,1997,i
6530257,"Bolanos Guadamuz, Luis Diego",CRC,M,,,,1423,0,40,AUG25,1999,i
6512810,"Bolanos Guerrero, Fabricio",CRC,M,,,,1900,0,40,AUG25,1966,i
6532144,"Bolanos Ocampo, Sandra Maria",CRC,F,,,,1494,0,40,AUG25,1973,w
6501753,"Bolanos Sanchez, Huberth",CRC,M,,,,1941,0,20,AUG25,1966,
6523676,"Bolivar Lobo, Yamil",CRC,M,,,,1668,0,40,AUG25,1974,i
6562361,"Bonilla Castillo, Cindy Julieth",CRC,F,,,,1515,0,40,AUG25,2007,w
6506089,"Bonilla Mora, Luis Daniel",CRC,M,,,,1821,0,20,AUG25,1994,
6508235,"Bonilla Morales, Bryan",CRC,M,,,,1726,0,20,AUG25,2002,i
6506216,"Bonilla Morales, Kevin",CRC,M,,,,1753,0,20,AUG25,1997,i
6508251,"Bonilla Ortiz, Johel Sebastian",CRC,M,,,,1621,0,20,AUG25,2003,i
6506607,"Bonilla Quiros, Diego Alonso",CRC,M,,NA,,1498,0,40,AUG25,2001,i
6505600,"Bonilla Rodriguez, Andres",CRC,M,,NA,,1968,0,20,AUG25,1987,i
6511899,"Bonilla Sequeira, Adriana",CRC,F,,"SI,NA",,1701,0,40,AUG25,1982,wi
6500862,"Bonilla Sequeira, Pablo",CRC,M,,,,1995,0,20,AUG25,1976,
6558755,"Bonilla Venegas, Yordey David",CRC,M,,,,1504,0,40,AUG25,2007,i
6510639,"Boza Araya, Enrique",CRC,M,,,,1837,0,40,AUG25,1962,i
6558011,"Bozada Levac, Nathan David",CRC,M,,,,1438,0,40,AUG25,2004,i
6551475,"Braddock Stradtmann, George",CRC,M,,,,1589,0,40,AUG25,1958,
6567410,"Brenes Araya, Jose Daniel",CRC,M,,,,1423,0,40,AUG25,2011,
6509185,"Brenes Benavides, Delianny",CRC,F,WCM,WCM,,1586,0,20,AUG25,2003,wi
6520847,"Brenes Miranda, Aymed",CRC,M,,,,1473,0,40,AUG25,2005,i
6508294,"Brenes Morales, Manuel",CRC,M,,,,1599,0,40,AUG25,2001,i
6501010,"Brenes Salgado, Juan Carlos",CRC,M,,,,1999,0,20,AUG25,1985,i
6514391,"Brenes Sosa, Axel",CRC,M,,,,1502,0,40,AUG25,2004,i
6504078,"Brizuela Benavides, Jorge",CRC,M,,,,1780,0,20,AUG25,1950,i
6521835,"Brizuela Hidalgo, Sebastian",CRC,M,,,,1676,0,40,AUG25,2008,
6504213,"Buitrago Mosquera, Antonio",CRC,M,,,,1893,0,20,AUG25,1998,i
6524486,"Bustamante Gonzalez, Carlos Andres",CRC,M,,,,1671,0,20,AUG25,2005,
6505252,"Bustamante Grijalba, Ariadna",CRC,F,,NI,,1648,0,20,AUG25,1998,wi
6519814,"Bustos Arias, Darien",CRC,M,,SI,,AIM,1627,0,AUG25,1996,i
6562388,"Bustos Leal, Josuath Mauricio",CRC,M,,,,1717,0,40,AUG25,1998,
6507522,"Cabezas Solano, David Alejandro",CRC,M,FM,,,2172,0,20,AUG25,2004,
6501133,"Cabrera Chaves, Marco Antonio",CRC,M,,,,2083,0,20,AUG25,1989,i
6512615,"Cabrera Sosa, Marco Vinicio",CRC,M,,,,1618,0,20,AUG25,1962,i
6520456,"Cadena Diaz, Ivannia",CRC,F,,,,1486,0,40,AUG25,2007,w
6521274,"Cadena Diaz, Mateo",CRC,M,,,,1590,0,40,AUG25,2010,
6523935,"Calderon Brenes, Abigail",CRC,F,,,,1453,0,40,AUG25,2012,w
6510256,"Calderon Brenes, Brandon",CRC,M,,,,1653,0,20,AUG25,2004,i
6510264,"Calderon Brenes, Tiffany",CRC,F,,,,1491,0,40,AUG25,2007,w
6509258,"Calderon Quesada, Roberto Carlos",CRC,M,,,,1725,0,40,AUG25,1970,
6566782,"Calderon Reyes, Yadir Oldemar",CRC,M,,,,1477,0,40,AUG25,2010,
6549292,"Calderon Sandoval, Matias Esteban",CRC,M,,,,1542,0,40,AUG25,2011,
6569463,"Calderon Villalobos, Alexis",CRC,M,,,,1603,0,40,AUG25,1950,
6511414,"Calderon Zuniga, Juan Pablo",CRC,M,,,,1411,0,20,AUG25,2005,i
6515096,"Calvo Campos, Adrian",CRC,M,,,,1859,0,20,AUG25,2001,i
6501524,"Calvo Gutierrez, Luis Guillermo",CRC,M,,,,1983,0,20,AUG25,1998,i
6509606,"Calvo Navarrete, Karolay",CRC,F,,,,1568,0,40,AUG25,1998,wi
6517994,"Calzolari Hovenga, Giancarlo",CRC,M,,,,1654,0,40,AUG25,1978,i
6540546,"Camacho Thompson, Esteban",CRC,M,,,,1405,0,40,AUG25,1990,i
6523200,"Cambronero Ramirez, Ronald",CRC,M,,,,1711,0,40,AUG25,1971,i
6501532,"Cambronero Solano, Julian G",CRC,M,,,,1870,0,40,AUG25,1988,i
6570267,"Cambronero Vargas, Dana Valeria",CRC,F,,,,1475,5,40,AUG25,2012,w
6502962,"Campos Argueta, Lazaro",CRC,M,,,,1809,0,40,AUG25,1991,i
6515720,"Campos Astorga, Priscila",CRC,F,,"SI,NA",,1642,0,20,AUG25,1999,w
6515738,"Campos Astorga, Santiago",CRC,M,,,,1559,0,40,AUG25,2005,
6516980,"Campos Briceno, Jose Miguel",CRC,M,,,,1582,0,40,AUG25,1966,i
6500447,"Campos Cerdas, Jorge",CRC,M,,,,1842,0,20,AUG25,1957,i
6557856,"Campos Gonzalez, Gabriel",CRC,M,,,,1590,0,40,AUG25,2007,
6515746,"Campos Mendez, Diego Alonso",CRC,M,,,,1832,0,40,AUG25,1967,i
6534996,"Campos Munoz, Nahum Gabriel",CRC,M,,,,1560,0,40,AUG25,2012,i
6534961,"Campos Munoz, Valentina",CRC,F,,,,1832,7,40,AUG25,2010,w
6562396,"Campos Prendas, Fabian",CRC,M,,,,1685,0,40,AUG25,2007,
6500315,"Campos Sanchez, Roberto",CRC,M,,,,1980,0,20,AUG25,1973,i
6525490,"Canales Chinchilla, Victoria",CRC,F,WCM,WCM,,1821,0,20,AUG25,2005,w
6503748,"Cantillo Alvarado, Luis Manuel",CRC,M,,,,1935,0,20,AUG25,1967,i
6517358,"Cardenas Vargas, Jean Carlo",CRC,M,,,,1689,0,20,AUG25,2002,i
6559794,"Carmiol Diaz, Maximiliano",CRC,M,,,,1499,0,40,AUG25,2008,i
6528147,"Carpio Garita, Brandon",CRC,M,,,,1485,0,40,AUG25,2003,i
6501540,"Carranza Fernandez, Jorge",CRC,M,,,,1930,0,20,AUG25,1994,i
6556612,"Carrillo Fallas, Derek",CRC,M,,,,1420,0,40,AUG25,2012,i
6510876,"Carrillo Naranjo, Gerardo",CRC,M,,,,1812,0,20,AUG25,1970,i
6516858,"Cartin Aguilar, Luis Javier",CRC,M,,,,1870,0,20,AUG25,2004,
6500625,"Carvajal Gorgona, Jonathan",CRC,M,FM,FT,,2152,0,20,AUG25,1986,i
6504612,"Carvajal Pena, Daniel",CRC,M,,,,1910,0,20,AUG25,1998,
6529690,"Casasa Vargas, Jaime",CRC,M,,,,1486,0,40,AUG25,1960,
6556442,"Casasola Barrantes, Jose David",CRC,M,,,,1528,0,40,AUG25,2010,
6561845,"Castellanos Garita, Angel Yaser",CRC,M,,,,1570,0,40,AUG25,1997,i
6107117,"Castellon Molinares, Maritza Raquel",CRC,F,,,,1503,0,40,AUG25,1974,wi
6519890,"Castillo Chavarria, Sebastian",CRC,M,,,,1747,0,40,AUG25,2007,
6520901,"Castillo Mena, Carlos Mario",CRC,M,,,,1665,0,20,AUG25,2006,i
6524133,"Castillo Mendez, Carlos Rafael",CRC,M,,,,1633,7,40,AUG25,2009,
6528252,"Castillo Mendez, Yuriel",CRC,M,,,,1520,3,40,AUG25,2010,
6507395,"Castillo Morales, Thais",CRC,F,WIM,WIM,NA,1863,0,20,AUG25,1999,w
6503454,"Castillo Trujillo, Ivan",CRC,M,,,,2023,0,20,AUG25,1966,i
6517765,"Castro Aguilar, Daniela Maria",CRC,F,,,,1473,0,40,AUG25,1990,wi
6557090,"Castro Alfaro, Jose Maria",CRC,M,,,,1566,0,40,AUG25,1981,
6503462,"Castro Badilla, Ricardo",CRC,M,,,,1880,0,20,AUG25,1989,i
6511279,"Castro Brenes, Danny Adrian",CRC,M,,,,1472,0,40,AUG25,2002,i
6548601,"Castro Campos, Alana Patricia",CRC,F,,,,1466,0,40,AUG25,2011,w
6506178,"Castro Castillo, Juan Jose",CRC,M,,,,1831,0,20,AUG25,1993,i
6504310,"Castro Garcia, Adrian",CRC,M,,,,1965,0,20,AUG25,1995,i
6507050,"Castro Garcia, Alejandro",CRC,M,,,,1762,0,20,AUG25,2002,i
6507069,"Castro Garcia, Ileana",CRC,F,WCM,WCM,,1680,0,20,AUG25,1998,wi
6548946,"Castro Hernandez, Rangela Sharith",CRC,F,,,,1413,0,40,AUG25,2011,w
6501028,"Castro Madrigal, Randall",CRC,M,,,,AIM,1974,0,AUG25,1976,i
6506356,"Castro Richard, Ixel",CRC,F,,,,1530,0,40,AUG25,2000,wi
6504655,"Castro Ulloa, Rolando",CRC,M,,,,1799,0,20,AUG25,1999,i
6509630,"Castro Zuniga, Joshua",CRC,M,,,,1688,0,40,AUG25,1989,
6510299,"Cedeno Caceres, Christopher",CRC,M,,,,1435,0,40,AUG25,2002,i
6504221,"Cedeno Caceres, Stif",CRC,M,,,,1621,0,20,AUG25,2001,i
6500773,"Centeno Mora, Erick",CRC,M,,,,2029,0,20,AUG25,1986,i
6501141,"Centeno Mora, Oscar",CRC,M,,,,2014,0,40,AUG25,1986,i
6548830,"Cerdas Amador, Felipe",CRC,M,,,,1556,0,40,AUG25,2012,
6548849,"Cerdas Amador, Matias",CRC,M,,,,1645,0,40,AUG25,2009,
6548857,"Cerdas Hurtado, Jose Angel",CRC,M,,,,1483,2,40,AUG25,2010,
6500285,"Cersosimo Bolanos, Francisco",CRC,M,,,,1963,0,20,AUG25,1960,
6573894,"Cespedes Badilla, Mario Alejandro",CRC,M,,,,1824,7,40,AUG25,1978,
6510647,"Cespedes Jimenez, Luis Daniel",CRC,M,,,,1721,0,40,AUG25,1999,i
6507565,"Cespedes Perez, Ruben",CRC,M,,,,1857,0,20,AUG25,1998,i
6566510,"Cespedes Rodriguez, Luis Michel",CRC,M,,,,1952,6,20,AUG25,1972,
6511287,"Cespedes Vargas, Marlon Adrian",CRC,M,,,,1474,0,40,AUG25,2003,i
6555063,"Chacon Aguilar, Sebastian",CRC,M,,,,1416,0,40,AUG25,2008,
6561055,"Chacon Barboza, Carlos Humberto",CRC,M,,,,1431,0,40,AUG25,2013,
6564470,"Chacon Gonzalez, Jefferson Josue",CRC,M,,,,1467,0,40,AUG25,2010,i
6532799,"Chacon Jarquin, Eduardo Jose",CRC,M,,,,1548,0,40,AUG25,1976,i
6502148,"Chacon Saborio, Eduardo",CRC,M,,,,1702,0,40,AUG25,1993,
6513514,"Chacon Sanabria, Carlos Josue",CRC,M,,,,1601,0,40,AUG25,2003,i
6528414,"Charaja Umana, Nataly Crisbeth",CRC,F,,,,1456,4,40,AUG25,2010,w
6523366,"Charpentier Badilla, Ian Sebastian",CRC,M,,,,1528,5,40,AUG25,2012,
6573860,"Charpentier Mendez, Joshua Alberto",CRC,M,,,,1438,3,40,AUG25,2001,
6500030,"Charpentier Morales, William",CRC,M,FM,,,2222,0,20,AUG25,1960,i
6512852,"Charpentier Quesada, Sthephanie",CRC,F,,,,1678,0,40,AUG25,2000,wi
6571034,"Chavarria Aragon, Nelson De Jesus",CRC,M,,,,1447,0,40,AUG25,2004,
6506410,"Chavarria Cedeno, Bryan",CRC,M,,,,1541,0,40,AUG25,1989,i
6510655,"Chavarria Marino, Dylan",CRC,M,,,,1439,0,40,AUG25,2000,i
6507573,"Chavarria Segura, Joseph",CRC,M,,,,1731,0,20,AUG25,1985,i
6500234,"Chavarria, Alexander",CRC,M,,,,2275,0,40,AUG25,1966,i
6508308,"Chaves Alfaro, Beatriz",CRC,F,,NA,,1571,0,20,AUG25,1998,wi
6504116,"Chaves Alfaro, Pamela",CRC,F,,,,1843,0,40,AUG25,1991,wi
6508316,"Chaves Alfaro, Victor",CRC,M,,,,1714,0,40,AUG25,1999,i
6513867,"Chaves Chavarria, Ana Carolina",CRC,F,,,,1569,0,40,AUG25,2008,w
6501567,"Chaves Leon, David Bernardo",CRC,M,,,,1593,0,40,AUG25,1988,i
333088497,"Chaves Moya, Nattanahel Alberto",CRC,M,,,,AFM,1727,6,AUG25,1977,
6518095,"Chaves Olazo, Axel Andrey",CRC,M,,,,1598,0,20,AUG25,2004,i
6544126,"Chaves Rodriguez, Gustavo",CRC,M,,,,1616,0,20,AUG25,1979,
6511678,"Chaves Sanchez, Ana Sofia",CRC,F,,,,1501,0,40,AUG25,1999,wi
6502180,"Chaves Sanchez, Gabriel A",CRC,M,CM,NA,,2059,0,20,AUG25,1995,i
6508820,"Chaves Solera, Milton",CRC,M,,NA,,1660,0,20,AUG25,1967,
6527540,"Chaves Solis, Santiago",CRC,M,,,,1578,0,40,AUG25,2009,
6504680,"Chaves Vasquez, Valery Andrea",CRC,F,,,,1530,0,40,AUG25,1997,wi
6502172,"Chaves Villalobos, David G",CRC,M,,,,1917,0,20,AUG25,1990,i
6506097,"Chaves Williams, Jose Andres",CRC,M,,,,1723,0,20,AUG25,1999,i
6535941,"Chavez Diaz, Yadier Jose",CRC,M,,,,1501,0,40,AUG25,2008,
6558020,"Chavez Flores, Jose Edwin",CRC,M,,,,1485,0,40,AUG25,1979,
6534929,"Chavez Rodriguez, Jose Edwin",CRC,M,,,,1636,0,40,AUG25,2010,
6520812,"Chien Ting, Lin Shih",CRC,M,,,,1748,0,40,AUG25,1998,i
6500072,"Chinchilla Miranda, Eugenio",CRC,M,FM,,,2173,6,20,AUG25,1966,
6508855,"Chinchilla Nunez, Sebastian",CRC,M,,,,1504,0,20,AUG25,2006,i
6504701,"Chiong Zhu, Angelica",CRC,F,,,,1720,0,40,AUG25,1998,wi
6506429,"Cisneros Mojica, Jose",CRC,M,,,,1660,0,40,AUG25,1980,i
6538800,"Clausen Gutierrez, Jurgen",CRC,M,,,,1488,0,40,AUG25,1988,
6522122,"Colindres Gaitan, Juan Pablo",CRC,M,,,,1453,0,40,AUG25,2004,i
6527990,"Conejo Mesen, Christopher",CRC,M,,,,1523,0,40,AUG25,2009,
6527825,"Cordero Cortes, Anderson",CRC,M,,,,1556,0,40,AUG25,2007,
6556183,"Cordero Esquivel, Gabriel",CRC,M,,,,1524,0,40,AUG25,2009,i
6503489,"Cordero Maroto, Nelson",CRC,M,,NI,,1606,0,40,AUG25,1979,
6521851,"Cordoba Camacho, Josue",CRC,M,,,,1456,0,40,AUG25,2008,i
6500439,"Cordoba Solano, Edwin",CRC,M,,,,1868,0,40,AUG25,1961,i
6548717,"Coronado Rojas, Sebastian",CRC,M,,,,1429,0,40,AUG25,2012,i
6561306,"Corrales Abarca, Jimena",CRC,F,,,,1522,0,40,AUG25,2009,w
6559557,"Corrales Arias, Cristopher",CRC,M,,,,ACM,1473,0,AUG25,2005,
6561071,"Corrales Corrales, Ana Maria",CRC,F,,,,1652,2,40,AUG25,2015,w
6560938,"Corrales Corrales, Fidel",CRC,M,,,,1435,2,40,AUG25,2017,
6551173,"Corrales Gomez, Daniel",CRC,M,,,,1429,0,40,AUG25,2011,
6523218,"Corrales Mora, Fernando",CRC,M,,,,1519,0,40,AUG25,2001,i
6559743,"Corrales Moscoso, Carlos Alberto",CRC,M,,,,1771,0,40,AUG25,1952,i
6508715,"Correa Mata, Allan",CRC,M,,,,1643,0,40,AUG25,1986,
6542930,"Cortes Acuna, Samuel Camilo",CRC,M,,,,1408,3,40,AUG25,2009,
6556841,"Cortes Medrano, Juan Carlos",CRC,M,,,,1490,0,40,AUG25,2008,
6518192,"Cossio Carvajal, Bruno",CRC,M,,,,2091,6,40,AUG25,2008,
6507999,"Coto Bonilla, Darian",CRC,M,CM,,,1769,0,20,AUG25,2003,i
6506941,"Coto Calderon, Juan Diego",CRC,M,,,,1780,0,20,AUG25,2004,
6510124,"Cubero Moreno, Nayeli",CRC,F,,,,1434,0,20,AUG25,2002,wi
6519431,"Cubero Rivas, Jose Esteban",CRC,M,,,,1515,0,40,AUG25,1993,
6520464,"Cubillo Duran, Aaron Josue",CRC,M,,NA,,1619,0,40,AUG25,2007,
6500692,"Da Bosco, Carla Ines",CRC,F,WFM,WFM,,1966,0,20,AUG25,1983,wi
6562418,"Davila Amador, Jordi Saltiel",CRC,M,,,,1474,0,40,AUG25,2006,
6511791,"De la Cruz Arce, Andre",CRC,M,,,,1585,0,40,AUG25,2003,i
6558518,"De la Hoz Aguirre, Emiliano",CRC,M,,,,1701,0,40,AUG25,2011,i
6507328,"Del Castillo Valle, Adam",CRC,M,,,,1606,0,40,AUG25,2000,i
6503004,"Del Cid Winter, Roberto",CRC,M,,,,1769,0,20,AUG25,1984,
6523617,"Delgado Solano, Andres",CRC,M,,,,1508,0,40,AUG25,1990,i
6508863,"Dengo Soto, Andres Gabriel",CRC,M,,,,1618,0,20,AUG25,2002,i
6515045,"Diaz Calderon, Jahir",CRC,M,,,,1532,0,20,AUG25,2000,
6513646,"Diaz Charpentier, Ashly Valeria",CRC,F,,,,1593,7,40,AUG25,2007,w
6511708,"Diaz Charpentier, Kristel Meliss",CRC,F,WIM,WIM,,1975,0,20,AUG25,2004,w
6554172,"Diaz Guzman, Manfred Yariel",CRC,M,,,,1466,0,40,AUG25,2010,
6556337,"Diaz Sequeira, Maikely Jesus",CRC,F,,,,1419,0,40,AUG25,2008,wi
6507590,"Dinarte Villagra, Victor Andres",CRC,M,,,,1845,0,40,AUG25,1983,i
6569617,"Dodaro Gamez, Alessandro",CRC,M,,,,1569,5,40,AUG25,2008,
6523510,"Dominguez Martinez, Sarah Cristina",CRC,F,,,,1412,0,40,AUG25,1998,wi
6570801,"Dominova, Anika",CRC,F,,,,1697,0,40,AUG25,2007,w
6505627,"Dotti Monge, Luis Enrique",CRC,M,,,,1710,0,40,AUG25,1949,i
6508766,"Duque Araya, Cristofer",CRC,M,,,,1722,0,20,AUG25,1999,i
6569366,"Duran Araya, Aaron Mathias",CRC,M,,,,1608,0,40,AUG25,2012,
6501583,"Duran Vega, Andres",CRC,M,,,,1999,0,20,AUG25,1996,i
6501311,"Duran Vega, Sergio",CRC,M,IM,,,2357,16,10,AUG25,1993,
6508324,"Duran Venegas, Oscar Alonso",CRC,M,,,,1569,0,40,AUG25,2003,i
6562841,"Echeverria Rodriguez, Mauricio",CRC,M,,,,1892,0,40,AUG25,2000,i
6510965,"Echeverria Soto, Alejandro",CRC,M,,,,1632,0,40,AUG25,1983,i
6521991,"Edwards Gonzalez, Jose Roberto",CRC,M,,,,1447,0,40,AUG25,2003,i
6564836,"Elizalde Brisuela, Eduardo",CRC,M,,,,1657,14,40,AUG25,1987,
6502229,"Elizondo Aguilar, Grettel",CRC,F,,,,1588,0,40,AUG25,1992,wi
6510078,"Elizondo Montero, Juan Luis",CRC,M,,,,1519,0,20,AUG25,2001,i
6559387,"Elizondo Zumbado, Mauricio Jose",CRC,M,,,,1650,0,40,AUG25,2010,
6514464,"Erler Pelzer, Ian Kevin",CRC,M,,,,1458,0,40,AUG25,2002,i
6501818,"Eshraghi, Roya",CRC,F,,,,1822,0,40,AUG25,1985,wi
6506186,"Espinosa Rivas, Natalia",CRC,F,,,,1842,0,40,AUG25,1985,wi
6501036,"Espinoza Guerrero, Warner",CRC,M,,,,1810,0,20,AUG25,1970,i
6571530,"Espinoza Leal, Jowell Darnell",CRC,M,,,,1561,6,40,AUG25,2012,
6557988,"Espinoza Saenz, Pablo Javier",CRC,M,,,,1557,0,40,AUG25,1973,i
6509673,"Espinoza Sevilla, Eric",CRC,M,,,,1795,0,20,AUG25,1962,i
6508332,"Espitia Torres, Mateo",CRC,M,,NA,,1978,7,20,AUG25,2003,
6522742,"Esquivel Calderon, Neddy Leonardo",CRC,M,,,,1470,0,40,AUG25,2010,i
6563031,"Esquivel Elizondo, Jeremy",CRC,M,,,,1620,0,40,AUG25,2009,
6512879,"Esquivel Jimenez, Douglas Daniel",CRC,M,,,,1436,0,40,AUG25,2005,i
6506240,"Esquivel Vargas, Hersson",CRC,M,,,,1761,0,40,AUG25,1985,
6501605,"Esquivel Vargas, Jose Edmond",CRC,M,FM,,,2151,0,20,AUG25,1997,i
6532438,"Estrada Rodriguez, Hendrik",CRC,M,,,,1632,0,40,AUG25,2009,
6548415,"Fallas Corrales, Jasag Daniel",CRC,M,,,,1604,0,20,AUG25,2006,
6510523,"Fallas Lopez, Raul Mauricio",CRC,M,,,,1693,0,40,AUG25,1987,i
6513492,"Fallas Madrigal, Michelle",CRC,F,,,,1554,0,40,AUG25,1998,w
6509045,"Fallas Marin, Kaleb",CRC,M,,,,1453,0,40,AUG25,2005,i
6503500,"Fallas Martinez, Jonathan",CRC,M,,,,1676,0,40,AUG25,1980,
6504728,"Fallas Saborio, Alejandro",CRC,M,,,,1887,0,20,AUG25,1998,i
6522572,"Feng He, Yaoming",CRC,M,,,,1472,0,40,AUG25,2003,i
6523870,"Fernandez Alvarado, Jared Saul",CRC,M,,,,1428,0,40,AUG25,2013,
6506453,"Fernandez Barrero, Javier",CRC,M,,,,1738,0,40,AUG25,1981,i
6532780,"Fernandez Barris, Esteban",CRC,M,,,,1626,0,40,AUG25,1983,i
6543049,"Fernandez Jimenez, Cesar",CRC,M,,,,1657,0,40,AUG25,2010,i
6563953,"Fernandez Jimenez, Mathias",CRC,M,,,,1627,0,40,AUG25,2010,
6501630,"Fernandez Sanchez, Ana Patricia",CRC,F,WCM,WCM,,1825,0,40,AUG25,1989,wi
6501621,"Fernandez Sanchez, Mario Andres",CRC,M,FM,,,2011,0,20,AUG25,1991,
6503519,"Fernandez Sibaja, Felipe Josue",CRC,M,CM,,,2020,0,20,AUG25,1991,i
6533280,"Fernandez Vaglio, Ernesto",CRC,M,,,,1696,0,40,AUG25,1972,i
6533256,"Fernandez Vaglio, Luis Alberto",CRC,M,,,,1674,0,40,AUG25,1955,i
6505759,"Fernandez Vargas, Luis Gustavo",CRC,M,,,,1679,0,40,AUG25,1960,i
6560300,"Flores Elizondo, Mathias",CRC,M,,,,1579,6,40,AUG25,2012,
6549691,"Flores Guardado, Angel Antonio",CRC,M,,,,1756,0,40,AUG25,2001,
6505406,"Flores Rojas, Federico",CRC,M,,,,2015,0,20,AUG25,1994,i
6503527,"Fonseca Robles, Anthony",CRC,M,,,,1746,0,40,AUG25,1989,i
6511627,"Frajman Kierszenson, Lior",CRC,M,,,,1505,0,40,AUG25,2008,i
109363,"Francia Roa, Victor Ricardo",CRC,M,,NA,,1568,5,20,AUG25,1969,
6511066,"Frater Gonzalez, Gabriel",CRC,M,,,,ACM,1657,0,AUG25,2005,i
6519571,"Fuentes Solano, Nahum Alfonso",CRC,M,,,,1758,0,20,AUG25,2006,i
6522637,"Funes Aleman, Guadalupe",CRC,F,,,,1428,0,40,AUG25,2004,wi
6513530,"Funez Fonseca, Bernal",CRC,M,,NA,,1516,0,40,AUG25,1999,i
6534864,"Gabb Diaz, Jorvic Jefferson",CRC,M,,,,1545,0,20,AUG25,2006,
6534970,"Gabb Diaz, Nayareth",CRC,F,,,,1535,0,40,AUG25,2010,w
6542280,"Gabb Torres, Henry",CRC,M,,,,1469,0,40,AUG25,1982,
6556345,"Gabriel Brizuela, Yonaikel Emanuel",CRC,M,,,,1674,6,40,AUG25,2008,
6502270,"Gamboa Alvarado, Olga Leticia",CRC,F,WFM,WFM,,1919,0,20,AUG25,1990,wi
6506666,"Gamboa Chacon, Andres Alonso",CRC,M,,,,1812,0,40,AUG25,1998,i
6506674,"Gamboa Chacon, Sebastian",CRC,M,,,,1746,0,40,AUG25,1999,i
6516912,"Gamboa Guillen, Ignacio Andres",CRC,M,,,,1499,0,40,AUG25,2007,i
6506135,"Gamboa Mora, Rolando",CRC,M,,,,1670,0,20,AUG25,1982,
6508340,"Gamboa Navarro, Andrea Maria",CRC,F,,,,1677,0,40,AUG25,1997,wi
6506020,"Gamboa Vargas, Jose Pablo",CRC,M,,,,1637,0,20,AUG25,1995,i
6521339,"Garbanzo Vargas, Andrey David",CRC,M,,,,1572,0,40,AUG25,1980,i
6500412,"Garcia Castro, Juan Diego",CRC,M,,,,2032,0,40,AUG25,1983,i
6501320,"Garcia Castro, Veronica",CRC,F,,,,1829,0,40,AUG25,1987,wi
3955176,"Garcia Delgado, Rafael Eduardo",CRC,M,,NI,,1559,5,20,AUG25,2002,
6107435,"Garcia Espinoza, Juan Pablo",CRC,M,,,,1565,0,40,AUG25,1976,i
6571913,"Garcia Martinez, Demetre Alexander",CRC,M,,,,1522,0,40,AUG25,2011,
6515118,"Garcia Mendez, Ruben Ernesto",CRC,M,,,,1558,0,40,AUG25,2002,i
6549047,"Garcia Molina, Carlos Andres",CRC,M,,,,1644,0,40,AUG25,2005,
6566383,"Garcia Morales, Brainer Steven",CRC,M,,,,1645,0,40,AUG25,2009,
6510663,"Garcia Pineda, Marlon Ariel",CRC,M,,,,1843,0,40,AUG25,2000,i
6549527,"Garcia Rojas, Estefania",CRC,F,,,,1538,0,40,AUG25,2012,w
6503543,"Garcia Sanchez, Barnal",CRC,M,,,,1762,0,40,AUG25,1982,i
6534325,"Garro Cordero, David",CRC,M,,,,1591,0,40,AUG25,2004,i
6535950,"Garro Cordero, Felipe",CRC,M,,,,1663,0,40,AUG25,2007,i
6502881,"Garro Reyes, Juan Mauricio",CRC,M,,,,1854,0,20,AUG25,1971,i
6551289,"Giachino, Lucas",CRC,M,,,,1610,0,40,AUG25,2014,
6559212,"Gil Gonzalez, Vaniet",CRC,M,,,,1435,0,40,AUG25,2007,i
6512330,"Gingrich, Andrew",CRC,M,,,,1702,0,40,AUG25,1989,i
6513905,"Godinez Garro, Jeremy Josue",CRC,M,,,,1506,0,40,AUG25,1997,i
6535500,"Gomez Cerdas, Luis Alonso",CRC,M,,,,1729,0,40,AUG25,1981,i
6531890,"Gomez Chacon, Agustin",CRC,M,,,,1558,0,40,AUG25,2004,i
6557805,"Gomez Guerrero, Fabrizio Josue",CRC,M,,,,1492,0,40,AUG25,2009,
6502849,"Gomez Huertas, Stanley",CRC,M,,IA,,1951,0,20,AUG25,1979,i
6508359,"Gomez Rivera, Felipe",CRC,M,,,,1488,0,20,AUG25,2003,i
6552765,"Gomez Rodriguez, Santiago Alejandro",CRC,M,,,,1676,6,40,AUG25,2014,
6505635,"Gomez Sanchez, Eduardo",CRC,M,,,,1558,0,20,AUG25,1990,i
6500170,"Gonzalez Acosta, Bernal",CRC,M,GM,,,2460,0,10,AUG25,1973,i
6500501,"Gonzalez Acosta, Jaime Roy",CRC,M,,,,1987,0,20,AUG25,1981,i
6500404,"Gonzalez Acosta, Paul Jesus",CRC,M,,FT,,2130,0,40,AUG25,1979,i
6514014,"Gonzalez Aguero, Ignacio",CRC,M,,,,1477,0,40,AUG25,2008,i
6514022,"Gonzalez Aguero, Julian",CRC,M,,,,1559,0,40,AUG25,2011,
6561683,"Gonzalez Alfaro, John Alberto",CRC,M,,,,1587,3,40,AUG25,1984,
6523889,"Gonzalez Arguedas, Felipe",CRC,M,,,,1534,0,40,AUG25,2013,
6554989,"Gonzalez Arguedas, Gabriel",CRC,M,,,,1409,0,40,AUG25,2014,
6567428,"Gonzalez Barboza, Josue David",CRC,M,,,,1449,8,40,AUG25,2011,
6518842,"Gonzalez Barrantes, Aaron Yoreth",CRC,M,,,,1694,0,40,AUG25,2008,
6562400,"Gonzalez Cambronero, Juan Carlos",CRC,M,,,,1456,0,40,AUG25,2010,
6508871,"Gonzalez Cascante, Roy",CRC,M,,,,1541,0,20,AUG25,2000,i
6522670,"Gonzalez Jara, Danny",CRC,M,,,,1519,0,40,AUG25,2008,i
6501664,"Gonzalez Mendez, Luis Ricardo",CRC,M,,,,1919,0,40,AUG25,1960,i
6555780,"Gonzalez Montoya, Ilan Andres",CRC,M,,,,1554,0,40,AUG25,2007,
6521169,"Gonzalez Murillo, Rodolfo",CRC,M,,,,1719,0,40,AUG25,1957,i
6548741,"Gonzalez Perez, Osvaldo Andres",CRC,M,,,,1718,7,40,AUG25,2010,
6500706,"Gonzalez Quesada, Eva",CRC,F,,,,1859,0,20,AUG25,1985,wi
6522688,"Gonzalez Quesada, Matias",CRC,M,,,,1469,0,40,AUG25,2008,i
6549055,"Gonzalez Ramos, Andres",CRC,M,,,,1796,0,40,AUG25,2008,
6502318,"Gonzalez Sanchez, Esteban",CRC,M,,,,1628,0,40,AUG25,1984,
6522076,"Gonzalez Villalba, Ariel",CRC,M,,,,1454,0,40,AUG25,1945,
6511082,"Gonzalez Zeledon, Mauricio",CRC,M,,,,1686,0,40,AUG25,1976,i
6521347,"Goyo Barragan, Alejandro",CRC,M,,,,1714,0,40,AUG25,2008,
6500528,"Granados Ramirez, Carlos Ricardo",CRC,M,,FT,,2086,0,20,AUG25,1966,i
6511201,"Granados Wing, Brian Saul",CRC,M,,,,1708,0,20,AUG25,1999,i
6517420,"Griffith Gonzalez, Anthony Steve",CRC,M,,,,1627,0,40,AUG25,2000,
6523188,"Grillo Espinoza, Hanzel",CRC,M,,,,1541,0,40,AUG25,2001,i
6509894,"Guadamuz Hernandez, Ismael A",CRC,M,,,,1729,0,20,AUG25,1997,i
6548563,"Guardiola Gonzalez, Jose Daniel",CRC,M,,,,1445,0,40,AUG25,2009,
6510426,"Guerra Cobo, Galo",CRC,M,,,,1739,0,40,AUG25,1933,i
6556574,"Guerrero Diaz, Leticia Fiorella",CRC,F,,,,1571,0,40,AUG25,2012,w
6511813,"Guerrero Jimenez, Luis Fernando",CRC,M,,NA,,1451,0,40,AUG25,2003,i
6504744,"Guevara Ceciliano, Maria Celeste",CRC,F,,,,1542,0,40,AUG25,2001,wi
6507107,"Guevara Cornejo, Gabriel",CRC,M,,,,1621,0,20,AUG25,2005,i
6510574,"Guevara Guzman, Mauricio",CRC,M,,,,1756,0,40,AUG25,1978,i
6516726,"Guevara Lezcano, Diego",CRC,M,,,,1426,0,40,AUG25,2004,
6509452,"Guevara Valerio, Mauricio",CRC,M,,,,1782,0,40,AUG25,1999,i
6527876,"Guillen Murillo, Sergio Guillermo",CRC,M,,,,1819,0,20,AUG25,1952,i
6511309,"Guillen Portuguez, Jose Pablo",CRC,M,,,,1514,0,40,AUG25,2003,i
6509681,"Guillen Rojas, Lawrence",CRC,M,,,,1509,0,40,AUG25,1980,i
6511210,"Gutierrez Arbaiza, Jordan",CRC,M,,,,1475,0,40,AUG25,2001,i
6511228,"Gutierrez Arbaiza, Ronny",CRC,M,,,,1483,0,40,AUG25,2001,i
6501044,"Gutierrez Herrera, Fernando",CRC,M,,,,1960,0,40,AUG25,1958,i
6566090,"Gutierrez Rodriguez, Ignacio",CRC,M,,,,1444,2,40,AUG25,2012,
6512224,"Gutierrez Soto, Gilberth",CRC,M,,,,1786,0,20,AUG25,1970,
6563627,"Gutierrez Zapata, Mariana",CRC,F,,,,1443,0,40,AUG25,2013,w
6508634,"Guzman Benavides, Steven",CRC,M,,,,1611,0,20,AUG25,1998,i
6506046,"Guzman Hidalgo, Nicolas",CRC,M,,,,1716,0,20,AUG25,2002,i
6564852,"Hernandez Alvarez, Andres Daniel",CRC,M,,,,1474,0,40,AUG25,1993,
3501442,"Hernandez Alvarez, Tania Regla",CRC,F,WIM,WIM,,2032,0,20,AUG25,1963,wi
6512070,"Hernandez Avila, Marco",CRC,M,,,,1754,0,40,AUG25,1965,i
6500226,"Hernandez Basante, Francisco",CRC,M,IM,,,2211,0,20,AUG25,1972,i
6520170,"Hernandez Brenes, Keicy Pamela",CRC,F,,,,1470,0,40,AUG25,2008,w
6520413,"Hernandez Brenes, Keylor",CRC,M,,,,1542,0,20,AUG25,2004,i
6510086,"Hernandez Castro, Esteban",CRC,M,,,,1445,0,40,AUG25,2001,i
6530486,"Hernandez Cerdas, Ignacio",CRC,M,,,,1437,0,40,AUG25,2009,i
6510671,"Hernandez Cerdas, Jose Alejandro",CRC,M,,,,1853,0,40,AUG25,2000,i
6501672,"Hernandez Coto, Carlos Enrique",CRC,M,CM,,,1973,0,20,AUG25,1980,i
6508138,"Hernandez Hernandez, George",CRC,M,,,,1668,0,40,AUG25,1968,
6522300,"Hernandez Jimenez, Andres",CRC,M,,,,1526,0,40,AUG25,2004,i
6510353,"Hernandez Jimenez, Caleb",CRC,M,,,,1459,0,40,AUG25,2006,i
6534724,"Hernandez Jimenez, Tania Isabel",CRC,F,,,,1496,0,40,AUG25,2012,w
6512364,"Hernandez Leandro, Alejandro",CRC,M,,,,AFM,1558,0,AUG25,2000,i
6512372,"Hernandez Leandro, Aliza",CRC,F,,,,1478,0,20,AUG25,2002,wi
6512380,"Hernandez Leandro, Fabian",CRC,M,,,,1491,0,40,AUG25,2005,i
6513069,"Hernandez Loria, Maria Jimena",CRC,F,,,,1570,0,20,AUG25,2006,w
6513077,"Hernandez Loria, Maria Valeria",CRC,F,,,,1552,0,20,AUG25,2006,w
6510973,"Hernandez Mendez, David",CRC,M,,,,1616,0,40,AUG25,1993,i
6521355,"Hernandez Obando, Jeison Ivan",CRC,M,,,,1650,0,20,AUG25,2000,i
63300028,"Hernandez Perez, Javier Francisco",CRC,M,,,,AFM,1825,0,AUG25,2009,
6532942,"Hernandez, Oliver",CRC,M,,,,1452,0,40,AUG25,1984,i
6516831,"Herra Abarca, Josue Alberto",CRC,M,,,,1480,0,40,AUG25,1999,i
6550282,"Herrera Alvarez, Maicol Antonio",CRC,M,,,,1479,0,40,AUG25,2002,
6554202,"Herrera Baltodano, Marvin",CRC,M,,,,1410,0,40,AUG25,2008,i
6506488,"Herrera Boschini, Gabriel",CRC,M,,,,1783,0,20,AUG25,1997,i
6504752,"Herrera Calvo, Juan Jose",CRC,M,,,,1619,0,40,AUG25,1989,i
6557864,"Herrera Carmona, Jhoel",CRC,M,,,,1654,0,40,AUG25,2012,
6560768,"Herrera Castro, David Elian",CRC,M,,,,1635,0,40,AUG25,2013,
6563058,"Herrera Fernandez, Felipe",CRC,M,,,,AFM,1480,0,AUG25,2009,
6508812,"Herrera Garcia, Ricardo",CRC,M,,,,1611,0,40,AUG25,1969,i
6562850,"Herrera Granados, Derec Roberto",CRC,M,,,,1582,0,40,AUG25,2008,
6509690,"Herrera Granados, Felipe",CRC,M,,NA,,1549,0,20,AUG25,2002,i
6503799,"Herrera Granados, Jimmy Daniel",CRC,M,,,,1805,0,40,AUG25,1991,
6508650,"Herrera Granados, Maria Jose",CRC,F,,,,1696,0,40,AUG25,1995,wi
6522033,"Herrera Maroto, Odrick Andres",CRC,M,,,,1625,0,40,AUG25,2000,
6524915,"Herrera Retana, Gerardo",CRC,M,,,,1800,0,20,AUG25,1968,
6518125,"Herrera Sanchez, Derek",CRC,M,,,,1458,0,40,AUG25,2005,i
6509916,"Hidalgo Barrantes, Mario Alberto",CRC,M,,,,1776,0,20,AUG25,1961,i
6519652,"Hidalgo Castillo, Samantha",CRC,F,,,,1583,0,40,AUG25,2005,wi
6519024,"Hidalgo Mendez, Emilio",CRC,M,,,,1670,6,40,AUG25,2010,
6564348,"Hincapie Salazar, Daniel",CRC,M,,,,1706,0,40,AUG25,2007,
6505643,"Hirschkind Hidalgo, Dominic",CRC,M,,,,1836,0,40,AUG25,1997,i
6516777,"Huaman Bengoa, Valeska Priscilla",CRC,F,,,,1631,0,20,AUG25,2005,wi
6521380,"Huaman Vargas, Yuri",CRC,M,,,,1674,7,40,AUG25,2005,
6509924,"Huang He, Guan Lin",CRC,M,,,,1808,0,40,AUG25,1999,i
6504370,"Huertas Badilla, Allan",CRC,M,,,,1803,0,20,AUG25,1969,i
6513913,"Huertas Gutierrez, Esteban David",CRC,M,,,,1515,0,20,AUG25,2002,i
6521533,"Hurtado Anguizola, Kendall",CRC,M,,,,1549,0,40,AUG25,2001,
6556256,"Hurtado Hernandez, Matias",CRC,M,,,,1480,0,40,AUG25,2010,
6522319,"Ibarra Valverde, Kevin",CRC,M,,,,1522,0,40,AUG25,2001,i
6501702,"Incer Arias, Manuel",CRC,M,,,,1802,0,20,AUG25,1951,i
6503063,"Izaguirre Molina, Allan",CRC,M,,,,1909,0,40,AUG25,1986,i
6515843,"Jara Madrigal, Ximena",CRC,F,,,,1564,0,40,AUG25,2009,w
6513328,"Jaramillo Naranjo, Sebastian",CRC,M,,NA,,1428,0,20,AUG25,2003,i
6550177,"Jarquin Pizarro, Seyni Lisbeth",CRC,F,,,,1519,0,40,AUG25,2007,w
6571123,"Jarrin Carranza, Jean Mathew",CRC,M,,,,1529,0,40,AUG25,2011,
6501176,"Jimenez Aguilar, Gustavo",CRC,M,,"NI,NA",,1871,0,20,AUG25,1982,i
6501052,"Jimenez Alvarado, Alonso",CRC,M,,,,2076,0,20,AUG25,1988,i
6522971,"Jimenez Bennett, Fernando",CRC,M,,,,1453,0,40,AUG25,2003,i
6511830,"Jimenez Corella, Jimena",CRC,F,,,,1413,0,40,AUG25,2003,wi
6502334,"Jimenez Corrales, Adriana Maria",CRC,F,,,,1760,0,40,AUG25,1993,wi
6500463,"Jimenez Esquivel, Greivin",CRC,M,,NA,,AIM,1876,0,AUG25,1973,
6558836,"Jimenez Gamboa, Diego",CRC,M,,,,1715,7,40,AUG25,2013,
6504779,"Jimenez Garcia, Emmanuel",CRC,M,IM,,,2364,0,10,AUG25,1997,
6510981,"Jimenez Jimenez, Alberto",CRC,M,,,,1692,0,40,AUG25,1986,i
6512011,"Jimenez Jimenez, Alesson",CRC,F,,,,1492,0,40,AUG25,2005,wi
6522327,"Jimenez Mendoza, Kevin",CRC,M,,,,1601,0,40,AUG25,2004,i
6500137,"Jimenez Molina, Juan Leon",CRC,M,FM,,,2007,7,20,AUG25,1953,
6560113,"Jimenez Monturiol, Giovanni",CRC,M,,,,1410,0,40,AUG25,1997,
6508103,"Jimenez Navarro, Diego",CRC,M,,,,1461,0,20,AUG25,2005,i
6569552,"Jimenez Noguera, Matias",CRC,M,,,,1547,1,40,AUG25,2012,
6501168,"Jimenez Rojas, Fabian",CRC,M,,,,1884,0,20,AUG25,1989,i
6517455,"Jimenez Rojas, Isaac",CRC,M,,,,1474,0,40,AUG25,2009,
6509932,"Jimenez Salas, Kristel",CRC,F,,NA,,1527,0,20,AUG25,2001,w
6526292,"Jimenez Salinas, Maikel",CRC,M,,,,1530,0,40,AUG25,2002,i
6500471,"Jimenez Sancho, Pedro Pablo",CRC,M,,,,1847,0,20,AUG25,1973,
6550290,"Jimenez Santamaria, Jose Daniel",CRC,M,,,,1628,0,40,AUG25,2008,
6551300,"Jimenez Solera, Michella",CRC,F,,,,1407,0,40,AUG25,2012,w
6519032,"Jimenez Valverde, Benjamin Isaac",CRC,M,,,,1562,3,40,AUG25,2009,
6533787,"Jimenez Villalobos, Christian",CRC,M,,,,1651,0,40,AUG25,2001,i
6530834,"Jiron Beirute, Adrian",CRC,M,,,,1548,0,40,AUG25,1971,i
6544428,"Juarez Hidalgo, Jimena",CRC,F,,,,1570,0,40,AUG25,2006,w
6507646,"Karpinsky Aguirre, Manuel Andres",CRC,M,,,,1678,0,40,AUG25,1973,i
6554130,"Kurth Sanchez, Sebastian",CRC,M,,,,1439,0,40,AUG25,2008,
6570038,"La Touche Barrantes, Julian",CRC,M,,,,1520,0,40,AUG25,2010,
6516742,"Lacayo Kirov, Esther",CRC,F,,,,1513,0,20,AUG25,2004,wi
6570046,"Lara Mesen, Sophia Natalia",CRC,F,,,,1431,0,40,AUG25,2010,w
6569404,"Lara Moreno, Jose Adrian",CRC,M,,,,1497,0,40,AUG25,2011,
6511422,"Le Roy Caceres, Viviana",CRC,F,,,,1476,0,40,AUG25,2004,wi
6561900,"Leal Alan, Francisco",CRC,M,,,,1448,0,40,AUG25,2012,i
6513158,"Leandro Miranda, Cristopher",CRC,M,,,,1460,0,40,AUG25,2000,i
6500498,"Leandro Perez, Jhonny",CRC,M,,,,2080,0,20,AUG25,1979,i
6565727,"Leguizamon Santamaria, Daniel A",CRC,M,,,,1555,3,20,AUG25,1993,
6510990,"Leiton Garcia, Arthur Andres",CRC,M,,,,1737,0,40,AUG25,1993,i
6518290,"Leiva Calvo, Luis Fernando",CRC,M,,,,1440,0,20,AUG25,1980,
6555926,"Leiva Coto, Isaac Antonio",CRC,M,,,,1456,0,40,AUG25,2014,
6518222,"Leon Bermudez, Marcelo Tobias",CRC,M,,,,1538,0,40,AUG25,2010,
6511430,"Leon Cubero, Anthony",CRC,M,,,,1536,0,20,AUG25,2005,
6511317,"Leon Cubero, Brandon",CRC,M,,,,1666,0,20,AUG25,2003,i
6567010,"Leon Garcia, Brandon Liang",CRC,M,,,,1575,0,40,AUG25,2006,
6524427,"Leon Soto, Luis Eduardo",CRC,M,,,,1741,0,40,AUG25,1978,i
6506054,"Leon Vargas, Mercedes Lucia",CRC,F,,NA,,1570,0,40,AUG25,2000,wi
6507654,"Leon Villalobos, Carlos Andres",CRC,M,,,,1691,0,40,AUG25,1997,i
6558453,"Lezcano Martinez, Christopher",CRC,M,,,,1719,7,40,AUG25,2011,
6501184,"Li Chen, Samuel",CRC,M,,,,1728,0,40,AUG25,1934,i
6558186,"Lippi Mena, Andres Eduardo",CRC,M,,NA,,1564,0,40,AUG25,1984,
6543863,"Lizano Quiros, Matias Haziel",CRC,M,FM,,,1964,4,40,AUG25,2008,
6561349,"Lobo Beita, Yeiner Daniel",CRC,M,,,,1465,0,40,AUG25,2007,i
6511562,"Lobo Meneses, Andrea Alejandra",CRC,F,,,,1408,0,40,AUG25,2007,wi
6509207,"Lobo Meneses, Natalia",CRC,F,,"SI,NA",,1643,0,20,AUG25,2003,w
6514332,"Lopez Acevedo, William Alonso",CRC,M,,,,1710,0,40,AUG25,1977,i
6508014,"Lopez Bustos, David",CRC,M,,,,1627,0,20,AUG25,2004,
6506291,"Lopez Duarte, Victor",CRC,M,,,,1883,0,20,AUG25,1985,
5110645,"Lopez Gomez, Jose Pablo",CRC,M,,,,2090,7,20,AUG25,1988,
6521878,"Lopez Hangen, Miguel Angel",CRC,M,,,,1473,0,40,AUG25,2010,i
6522343,"Lopez Lopez, Juan Francisco",CRC,M,,,,1467,0,40,AUG25,2004,i
6558585,"Lopez Molina, Joaquin Andres",CRC,M,,,,1505,0,40,AUG25,1994,
6522912,"Lopez Rojas, Aaron",CRC,M,,,,1545,0,40,AUG25,2010,i
6502369,"Loria Cambronero, Giovanni Alonso",CRC,M,,,,1923,0,20,AUG25,1994,i
6556566,"Loria Molina, Sofia",CRC,F,,,,1519,0,40,AUG25,2012,w
6500714,"Lowsky Porras, Sofia",CRC,F,,,,1908,0,40,AUG25,1988,wi
6500480,"Machado Ramirez, Allan",CRC,M,,,,2040,0,20,AUG25,1983,i
6573908,"Madrigal Garro, Jonathan Gabriel",CRC,M,,,,1824,0,40,AUG25,1983,
6519849,"Madrigal Morales, Fernando",CRC,M,,,,1896,0,40,AUG25,1968,i
6557112,"Madriz Rojas, Jose Francisco",CRC,M,,,,AFM,1492,0,AUG25,1988,
6557139,"Magana Godoy, Saul Eliel",CRC,M,,,,1606,0,40,AUG25,1985,
6518630,"Mairena Fallas, Gael",CRC,M,,,,1419,0,40,AUG25,2005,i
6562590,"Malavasi Castro, Stefano",CRC,M,,,,1556,0,40,AUG25,2008,
6501192,"Maltes Calderon, Sadrac",CRC,M,,,,1861,0,40,AUG25,1989,i
6563708,"Manzanares Pinto, Guillermo",CRC,M,,,,1493,3,40,AUG25,2011,
6507662,"Marenco Fernandez, Ana",CRC,F,,,,1788,0,20,AUG25,1985,wi
6503080,"Marenco Fernandez, Oscar",CRC,M,,,,1931,0,20,AUG25,1981,i
6550827,"Marenco Garcia, Christopher E.",CRC,M,,,,1646,0,40,AUG25,2008,
6560016,"Marin Guevara, Mariana",CRC,F,,,,1406,0,40,AUG25,2012,w
6502385,"Marin Leon, Bryan Jesus",CRC,M,,,,1894,0,20,AUG25,1991,i
6503381,"Marin Leon, Valeria",CRC,F,WCM,WCM,,1795,0,20,AUG25,2000,wi
6504027,"Marin Lopez, Marco",CRC,M,,,,1998,0,40,AUG25,1986,i
6508146,"Marin Masis, Jose Esteban",CRC,M,CM,,,1963,0,20,AUG25,2000,i
6556604,"Marin Vargas, Aaron",CRC,M,,,,1509,0,40,AUG25,2012,
6523560,"Marino Martinez, Jesus David",CRC,M,,,,AFM,1621,0,AUG25,2004,
6556787,"Marron Pizarro, Karlfred",CRC,M,,,,1450,0,40,AUG25,2008,i
6502393,"Martinez Acuna, Huber",CRC,M,,,,1939,0,20,AUG25,1986,i
6514286,"Martinez Cusi, Alessandro",CRC,M,,,,1415,0,40,AUG25,2008,i
6500790,"Martinez Martinez, Ramon",CRC,M,,,,1997,0,40,AUG25,1960,i
6509142,"Martinez Paz, Jonathan",CRC,M,,,,1704,0,20,AUG25,1999,i
6533310,"Martinez Sanchez, Bernal",CRC,M,,,,1679,0,40,AUG25,1990,i
6559115,"Masis Chaves, Sebastian",CRC,M,,,,1475,0,40,AUG25,2011,
6516637,"Mata Alvarez, Gabriel Ricardo",CRC,M,,,,1480,0,40,AUG25,2010,i
6552854,"Mata Ballestero, Yerick Alexander",CRC,M,,,,1412,0,40,AUG25,2004,i
6527140,"Mata Barquero, Brandon",CRC,M,,,,1421,0,40,AUG25,2006,i
6512410,"Mata Tencio, Randall",CRC,M,,,,1927,6,20,AUG25,2002,
6510159,"Mata Urena, Flavio",CRC,M,,,,1694,0,40,AUG25,1996,i
6521967,"Matamoros Arguedas, Ronmel David",CRC,M,,,,1752,0,40,AUG25,1979,i
6524885,"Matamoros Canales, Pablo Daniel",CRC,M,,,,1447,0,40,AUG25,2004,i
6554911,"Matarrita Masis, Jeyko",CRC,M,,,,1410,0,40,AUG25,2011,
6503802,"Matarrita Sequeira, Ricardo",CRC,M,,,,1693,0,20,AUG25,1976,
6500021,"Maynard Salazar, Francis",CRC,M,,,,2139,0,20,AUG25,1962,i
6523919,"Mayorga Araya, Larissa",CRC,F,,,,1598,7,40,AUG25,2014,w
6514065,"Mayorga Araya, Sofia",CRC,F,WIM,WIM,,2064,0,40,AUG25,2009,w
6511090,"Mayorga Jimenez, Kevin",CRC,M,,,,1706,0,20,AUG25,1997,
6509460,"Mayorga Jvozt, Andrei Rene",CRC,M,,,,1548,0,40,AUG25,2001,i
6508405,"Medina Mayorga, David Josue",CRC,M,,,,1632,0,20,AUG25,2003,i
6512895,"Mejia Mendez, Manuel",CRC,M,,,,1587,0,40,AUG25,1963,
6561691,"Mejias Ramirez, Luis Fernando",CRC,M,,,,1482,0,40,AUG25,1990,
6513522,"Melendez Arce, Kalet",CRC,M,,,,1759,0,20,AUG25,2003,i
6500552,"Melendez Vega, Esteban",CRC,M,,,,2053,0,40,AUG25,1978,i
6573886,"Mena Alvarez, Aidan Malik",CRC,M,,,,1658,0,40,AUG25,2010,
6520863,"Mena Brenes, Deyvid",CRC,M,,,,1545,0,20,AUG25,2005,i
6556582,"Mena Sanchez, Janiel Jesus",CRC,M,,,,1438,0,40,AUG25,2012,
6516068,"Mena Vilchez, Ulises",CRC,M,,,,1746,0,20,AUG25,1952,
6557228,"Mendez Calvo, Ronald Alberto",CRC,M,,,,1511,0,40,AUG25,2001,
6513565,"Mendez Gonzalez, Jose Armando",CRC,M,,,,1753,0,20,AUG25,1998,i
6507336,"Mendez Moreno, Kevin Alberto",CRC,M,,,,1736,0,20,AUG25,2001,i
6530680,"Mendez Quesada, Estefany Pamela",CRC,F,,,,1503,0,40,AUG25,2009,w
6500897,"Mendez Reyes, Oscar",CRC,M,,,,1873,0,20,AUG25,1988,i
6544533,"Meneses Castro, Jose Alejandro",CRC,M,,,,1616,0,40,AUG25,2002,
6509479,"Mesen Jimenez, Elias Andrey",CRC,M,,,,1699,0,40,AUG25,1988,i
6544860,"Mesen Vega, Roberspiel",CRC,M,,"SI,NI",,1443,0,40,AUG25,1980,i
6520960,"Meza Arauz, Roney Alexander",CRC,M,,,,1433,0,40,AUG25,2004,i
6513697,"Meza Vega, Jose Antonio",CRC,M,,FA,,1793,0,20,AUG25,2004,
1512110,"Mihajlov, Sebastian",CRC,M,IM,,,2361,0,10,AUG25,1999,
6500250,"Minero Pineda, Boris",CRC,M,,,,2017,0,20,AUG25,1970,i
6500277,"Minero Pineda, Carlos",CRC,M,,,,1944,0,20,AUG25,1972,i
6500374,"Minero Pineda, Sergio",CRC,M,IM,,,2342,0,10,AUG25,1974,
6509347,"Miranda Arroyo, Jose Pablo",CRC,M,,,,1713,0,20,AUG25,2000,i
6561047,"Miranda Barrientos, Gabriel",CRC,M,,,,1681,7,40,AUG25,2010,
6513719,"Miranda Blanco, Aylan Josue",CRC,M,,,,1513,0,20,AUG25,2003,i
6535852,"Miranda Flores, Samy Manuel",CRC,M,,,,1671,0,20,AUG25,2006,
6530109,"Miranda Pol, Mario",CRC,M,,,,1549,0,40,AUG25,1956,i
6509959,"Miranda Solano, Keylor",CRC,M,,,,AFM,1708,0,AUG25,1975,i
6508022,"Miranda Villalta, Jose Pablo",CRC,M,,,,1431,0,40,AUG25,2007,i
6551343,"Mock Hegg, Christopher",CRC,M,,,,1578,0,40,AUG25,2011,
6518818,"Mojica Zapata, Jose",CRC,M,,,,1520,0,40,AUG25,1951,
6523480,"Molina Alfaro, Ahias",CRC,M,,,,1726,0,20,AUG25,1960,i
6514995,"Molina Arango, Nicolas",CRC,M,,,,1473,0,40,AUG25,2006,i
6515363,"Molina Garcia, Alvaro Jose",CRC,M,,,,1762,0,40,AUG25,1987,i
6512909,"Molina Vargas, Ronald Eduardo",CRC,M,,,,1876,0,40,AUG25,1969,i
6518761,"Molina Venegas, Julian Ernesto",CRC,M,,,,1673,0,20,AUG25,1997,i
6553044,"Moncada Sanchez, Samuel",CRC,M,,,,1576,7,20,AUG25,2004,
6502415,"Monge Calvo, Hugo Luis",CRC,M,,,,1862,0,20,AUG25,1984,
6543030,"Monge Leal, Eduardo",CRC,M,,,,1522,0,40,AUG25,1992,
6506500,"Monge Marin, Ernesto",CRC,M,,,,1807,0,20,AUG25,1998,i
6513352,"Monge Ramirez, Abigail",CRC,F,,,,1569,0,40,AUG25,2007,w
6509720,"Montealegre C., Federico",CRC,M,,,,1630,0,40,AUG25,1995,i
6502890,"Montealto Lanza, Sergio",CRC,M,,,,1717,0,40,AUG25,1963,i
6500900,"Montenegro Masis, Esteban",CRC,M,,,,1964,0,20,AUG25,1991,i
6500943,"Montenegro Masis, Pedro",CRC,M,,,,2044,0,20,AUG25,1989,i
6528651,"Montenegro Rojas, Mario Alejandro",CRC,M,,,,1599,5,40,AUG25,2010,
6520561,"Montero Alpizar, Sebastian",CRC,M,,,,1596,0,40,AUG25,1990,i
6551351,"Montero Chaves, Xavier",CRC,M,,,,1552,0,40,AUG25,2012,
6522181,"Montero Romero, Dany Jose",CRC,M,,NA,,1823,4,20,AUG25,2004,
6503322,"Montes Fonseca, Oscar",CRC,M,,,,1968,0,40,AUG25,1994,i
6566855,"Montes Lopez, Daniel Antonio",CRC,M,,,,1532,0,40,AUG25,2008,
6515436,"Montiel Orozco, Mario Antonio",CRC,M,,,,1472,0,40,AUG25,1963,i
6502440,"Montoya Aguilar, Cristian",CRC,M,,,,1967,0,20,AUG25,1992,i
6561926,"Mora Acuna, Johnny Gabriel",CRC,M,,,,1424,3,40,AUG25,2008,
6529151,"Mora Arias, Pablo Andres",CRC,M,,NA,,1479,1,40,AUG25,2005,
6517536,"Mora Chacon, Mario Enrique",CRC,M,,,,1680,0,40,AUG25,1988,
6521541,"Mora Chavarria, Sebastian Noel",CRC,M,,,,1650,0,20,AUG25,2006,i
6514944,"Mora Fallas, Julian Antonio",CRC,M,,,,1766,0,40,AUG25,2007,
6533507,"Mora Fallas, Maria Laura",CRC,F,,,,1465,0,40,AUG25,2003,w
6504841,"Mora Granados, Luis Arturo",CRC,M,,,,1949,0,40,AUG25,1995,i
6544258,"Mora Lopez, Maria Jose",CRC,F,,,,1499,6,40,AUG25,2008,w
6515231,"Mora Melendez, Jose Pablo",CRC,M,,,,1626,0,40,AUG25,1999,i
6510736,"Mora Nunez, Kevin",CRC,M,,,,1654,0,20,AUG25,2000,i
6515053,"Mora Sandi, Douglas",CRC,M,,,,1537,0,40,AUG25,1998,i
6520480,"Mora Solano, Gian Carlos",CRC,M,,,,1468,0,40,AUG25,2007,i
6508910,"Mora Steiner, Sebastian",CRC,M,,,,1788,0,40,AUG25,1983,i
6514294,"Mora Venegas, Walter Alejandro",CRC,M,,,,1613,0,40,AUG25,2002,i
6509266,"Morales Acuna, Victor",CRC,M,,,,1736,0,40,AUG25,1941,i
6506119,"Morales Beita, Daniel Alberto",CRC,M,,,,1903,0,40,AUG25,1990,i
6510850,"Morales Cascante, Luis Diego",CRC,M,,,,1506,0,40,AUG25,2006,
6509495,"Morales Chacon, Mauricio",CRC,M,,,,1803,0,20,AUG25,1999,i
6534848,"Morales Duran, Snayder Javier",CRC,M,,,,1459,0,40,AUG25,2004,i
6512429,"Morales Jimenez, Dennis Alonso",CRC,M,,,,1686,0,20,AUG25,2003,i
6511457,"Morales Nunez, Jean Carlo",CRC,M,,,,1429,0,40,AUG25,2004,i
6503560,"Morales Rodriguez, Alvaro",CRC,M,,,,1967,0,40,AUG25,1972,i
6564607,"Morales Vasquez, Thiago Marcel",CRC,M,,,,1690,7,40,AUG25,2014,
6518303,"Morales Zumbado, Raul",CRC,M,,,,1514,14,20,AUG25,1968,
6508669,"Moran Hernandez, Juan Alfredo",CRC,M,,,,1434,0,40,AUG25,1990,
6500951,"Moran, Mike",CRC,M,,,,1578,7,20,AUG25,1949,
6528953,"Morantes Rodriguez, Jose Nicolas",CRC,M,,,,1562,0,20,AUG25,1990,i
6502458,"Moreno Aquino, Ricardo",CRC,M,,,,1710,0,40,AUG25,1954,i
6503365,"Moreno Montero, Jesus Alonso",CRC,M,,,,1812,0,20,AUG25,1998,i
6505910,"Morera Campos, Heizel Maria",CRC,F,WIM,WIM,NA,1988,0,20,AUG25,1997,wi
6505473,"Morera Campos, Yanori Maria",CRC,F,WCM,WCM,,1902,0,20,AUG25,1992,w
6530320,"Moya Cabrera, Mathias Bernardo",CRC,M,,,,1635,0,40,AUG25,2011,
6511716,"Moya Morales, Rafael",CRC,M,,,,1849,0,40,AUG25,1957,i
6520308,"Moya Salas, Frander",CRC,M,,,,1543,0,40,AUG25,2000,i
6523790,"Munoz Aguilar, Ismael",CRC,M,,,,1442,1,40,AUG25,2011,
6500803,"Munoz Chaves, Jose Pablo",CRC,M,,,,2058,0,20,AUG25,1989,i
6509967,"Munoz Cisneros, Adrian",CRC,M,,,,1493,0,40,AUG25,1999,i
6522998,"Munoz Garcia, Flavio Estuardo",CRC,M,,,,1903,0,20,AUG25,2003,i
6512933,"Munoz Ramirez, Kyara Vanessa",CRC,F,,NA,,1548,0,20,AUG25,2005,w
6500579,"Munoz Solis, Carolina",CRC,F,WIM,WIM,FI,1965,0,20,AUG25,1980,wi
6504884,"Munoz Valerio, Airton Ariel",CRC,M,,,,1826,0,40,AUG25,1995,i
6514111,"Murillo Araya, Marcelo de Jesus",CRC,M,,,,1485,0,40,AUG25,2008,i
6501079,"Murillo Arguedas, Jaime",CRC,M,,,,1752,0,20,AUG25,1973,
6518931,"Murillo Borovik, Alexander",CRC,M,,,,1726,0,20,AUG25,2003,i
6544479,"Murillo Fernandez, Emilio",CRC,M,,,,1572,0,20,AUG25,1981,
6504892,"Murillo Gonzalez, Carlos Esteban",CRC,M,FM,FI,,1928,0,20,AUG25,1998,
6507344,"Murillo Gonzalez, David",CRC,M,,,,1652,0,40,AUG25,2000,i
6502857,"Murillo Ortiz, Gustavo",CRC,M,,,,2015,0,20,AUG25,1981,i
6514120,"Murillo Rojas, Pablo Samuel",CRC,M,,,,1405,0,40,AUG25,2007,i
6500218,"Murillo Tsijli, Alexis",CRC,M,IM,FA,,2259,0,10,AUG25,1971,i
6500196,"Murillo Tsijli, Manuel",CRC,M,,,,1878,0,20,AUG25,1965,
6510590,"Murillo Varela, Ricardo",CRC,M,,,,1898,0,20,AUG25,1982,i
6519938,"Navarrete Badilla, Myckel",CRC,M,,NA,,1663,0,20,AUG25,2004,i
6563112,"Navas Pereira, Eduardo Kane",CRC,M,,,,1468,0,40,AUG25,2011,
6501230,"Needham, Brian",CRC,M,,,,2011,0,20,AUG25,1984,i
6508421,"Nunez Castro, Max Alejandro",CRC,M,,,,1588,0,40,AUG25,2000,i
6505694,"Nunez Gonzalez, Joshebeth Elena",CRC,F,,,,1770,0,20,AUG25,1994,wi
6504396,"Nunez Gonzalez, Neeshmy",CRC,F,WCM,WCM,FA,1898,0,20,AUG25,1995,wi
6511570,"Nunez Okubo, Emy",CRC,F,,,,1423,0,40,AUG25,2007,wi
6508430,"Nunez Okubo, Isao",CRC,M,CM,,,1825,0,20,AUG25,2005,i
6500927,"Nunez Valverde, Jairo",CRC,M,,,,1845,0,20,AUG25,1980,i
6505929,"Nunez Vanegas, German",CRC,M,,,,1529,0,40,AUG25,1975,i
6526187,"Nunez Vargas, Medelyn Nicole",CRC,F,,,,1532,0,40,AUG25,2008,w
6571336,"O Riley Brown, Manuel Gilberto",CRC,M,,,,1552,0,40,AUG25,1980,
6534732,"Obando Fuentes, Jose Luis",CRC,M,,,,1658,0,40,AUG25,1956,i
6540651,"Obando Lopez, Andres",CRC,M,,,,1604,0,40,AUG25,1987,
6509754,"Ocampo Arias, Jose Ignacio",CRC,M,,,,1641,0,20,AUG25,2003,i
6511767,"Orellana Morales, Bryan Josue",CRC,M,,,,1682,0,40,AUG25,2000,i
6513379,"Orlich Ramirez, Jose Rodrigo",CRC,M,,,,1523,0,40,AUG25,2007,i
6558852,"Orna Chaves, David Gabriel",CRC,M,,,,1465,0,40,AUG25,2014,
6512020,"Orozco Centeno, Mariana",CRC,F,,,,1521,0,40,AUG25,2004,wi
6508448,"Orozco Centeno, Melissa",CRC,F,,,,1651,0,20,AUG25,2001,wi
6509762,"Orozco Darcia, Dylan",CRC,M,,,,1497,0,40,AUG25,2004,i
6517544,"Orozco Rodriguez, Yarod G",CRC,M,,,,1675,0,20,AUG25,1999,i
6566901,"Ortega Canisales, Aaden Josue",CRC,M,,,,1705,7,40,AUG25,2009,
6568700,"Ortega Ochoa, Daniel",CRC,M,,,,1672,0,40,AUG25,1986,
6505708,"Ortiz Benavides, Victor",CRC,M,,,,1508,0,40,AUG25,1999,
6567843,"Pacheco Araya, Alonso",CRC,M,,,,1463,0,40,AUG25,2016,
6558550,"Padilla Jimenez, Otto Alexander",CRC,M,,,,1579,0,40,AUG25,1971,
6503993,"Padilla Quesada, Luis",CRC,M,,,,1828,0,40,AUG25,1955,i
6516718,"Pastor Carvajal, Jeigoth",CRC,M,CM,NA,,2058,7,20,AUG25,2004,
6561560,"Pazmino Acosta, Magdalena",CRC,F,,,,1492,0,40,AUG25,1948,w
6510485,"Pena Varon, Stephanie",CRC,F,,,,1601,0,40,AUG25,1992,wi
6500390,"Peraza Alvarez, Rafael Eduardo",CRC,M,,,,2004,0,20,AUG25,1970,i
6559395,"Peraza Artavia, Pablo Josue",CRC,M,,,,1523,7,40,AUG25,1981,
6567126,"Peraza Cedrez, Daniel",CRC,M,,,,1477,6,20,AUG25,1983,
6509975,"Perez Acuna, Yuliana",CRC,F,,,,1428,0,40,AUG25,2002,wi
6520421,"Perez Cordero, Josue Fernando",CRC,M,,,,1512,0,40,AUG25,2004,i
6511325,"Perez Granados, Marian",CRC,F,,,,1471,0,20,AUG25,2002,wi
6570232,"Perez Rojas, Nicolas",CRC,M,,,,1540,3,40,AUG25,2009,
6520596,"Perez Valdespin, Alfredo",CRC,M,,,,1828,0,40,AUG25,1970,i
6512437,"Picado Aguero, Paul",CRC,M,,,,1564,0,40,AUG25,1977,i
6566103,"Picado Bonilla, Jazmin",CRC,F,,,,1455,0,40,AUG25,2009,w
6507956,"Picado Brenes, Elias",CRC,M,,,,1591,0,40,AUG25,1963,
6563473,"Picado Huertas, Oscar Antonio",CRC,M,,,,1541,0,40,AUG25,2009,i
6570380,"Piedra Miranda, Rosa Maria",CRC,F,,,,1503,0,40,AUG25,1964,w
6517064,"Piedra Quesada, Danilo",CRC,M,,,,1564,0,40,AUG25,1952,
6500099,"Piza Volio, Eduardo",CRC,M,CM,,,2076,0,20,AUG25,1955,i
6519857,"Pomares Herrera, Efrain",CRC,M,,,,1571,7,20,AUG25,1948,
6528694,"Pomares Zuniga, Noel Lazaro",CRC,M,,,,1585,7,40,AUG25,1953,
6500544,"Porras Bolivar, Gerald",CRC,M,,,,1960,0,20,AUG25,1971,i
6504930,"Porras Chavarria, Michael",CRC,M,,,,1724,0,20,AUG25,2002,i
6504949,"Porras Chavarria, Pamela Maria",CRC,F,,NA,,1510,0,20,AUG25,2000,wi
6504957,"Porras Chavarria, Steve",CRC,M,,NA,,1895,0,20,AUG25,1998,i
6504965,"Pozo Gonzalez, Estefania",CRC,F,,,,1637,0,40,AUG25,1999,wi
6508030,"Quesada Calderon, Carolayne",CRC,M,,,,1576,0,40,AUG25,2002,i
6503900,"Quesada Campos, Jordi Alessandre",CRC,M,CM,,,2023,0,20,AUG25,1999,i
6513743,"Quesada Fallas, Esteban",CRC,M,,,,2000,6,20,AUG25,2006,
6550894,"Quesada Gamboa, Kevin",CRC,M,,,,1591,0,40,AUG25,2005,
6525113,"Quesada Guevara, Max",CRC,M,,,,1740,0,20,AUG25,1969,i
6513166,"Quesada Leon, Joshua",CRC,M,,,,1908,0,20,AUG25,2002,
6530710,"Quesada Quintanilla, Lexy",CRC,F,,,,1422,0,40,AUG25,2010,w
6555020,"Quesada Rodriguez, Oscar Luis",CRC,M,,,,1582,0,40,AUG25,1993,i
6508464,"Quesada Salcedo, Jacobo",CRC,M,,,,1723,0,20,AUG25,2000,i
6503160,"Quesada Ulate, Randall",CRC,M,,,,2009,0,20,AUG25,1983,i
6572669,"Quiros Abarca, Santiago",CRC,M,,,,1449,0,40,AUG25,2010,
6511333,"Quiros Acuna, Nicole",CRC,F,,,,1474,0,40,AUG25,2002,wi
6511589,"Quiros Acuna, Sebastian",CRC,M,,,,1573,0,40,AUG25,2007,i
6503586,"Quiros Araya, Jose Pablo",CRC,M,,,,1988,0,40,AUG25,1980,i
6509789,"Quiros Araya, Sebastian",CRC,M,,,,1611,0,40,AUG25,2000,i
6507751,"Quiros Avendano, Luis Alejandro",CRC,M,,,,1834,0,20,AUG25,1999,i
6503594,"Quiros Cajina, Allan",CRC,M,,,,1692,0,20,AUG25,1992,i
6552137,"Quiros Chaves, Laurent Patricia",CRC,F,,,,1439,0,40,AUG25,1979,w
6562876,"Quiros Fernandez, Dereck",CRC,M,,,,1665,0,40,AUG25,2006,
6500293,"Quiros Rojas, Luis Eduardo",CRC,M,,,,2130,0,40,AUG25,1975,i
6549616,"Quiros Zuniga, Felipe Andres",CRC,M,,,,1526,0,40,AUG25,2013,
6516629,"Ramirez Aguilar, Julian Jose",CRC,M,,,,1943,6,40,AUG25,2009,
6503608,"Ramirez Almeciga, Cristian A.",CRC,M,,,,1893,0,20,AUG25,1995,i
6503616,"Ramirez Almeciga, Yenny Melisa",CRC,F,,,,1800,0,20,AUG25,1997,wi
6505007,"Ramirez Arroyo, Joan Emmanuel",CRC,M,,,,1965,0,20,AUG25,1997,i
6510582,"Ramirez Camacho, Daniel",CRC,M,,NA,,1765,0,20,AUG25,1995,i
6500153,"Ramirez Chaves, Edgar",CRC,M,CM,,,2255,0,20,AUG25,1960,i
6501087,"Ramirez Gonzalez, Jose Alexander",CRC,M,,,,1789,0,20,AUG25,1981,i
6503349,"Ramirez Gonzalez, Maria Jose",CRC,F,WFM,WFM,,1864,0,20,AUG25,1997,w
6565808,"Ramirez Guillen, Josua Steven",CRC,M,,,,1545,0,40,AUG25,2004,
6558291,"Ramirez Hidalgo, Mauricio",CRC,M,,,,1466,0,40,AUG25,1995,
6507760,"Ramirez Jimenez, Eddy",CRC,M,,,,1893,0,40,AUG25,1984,i
6501265,"Ramirez Jimenez, Karla",CRC,F,,,,1862,0,40,AUG25,1978,wi
6508480,"Ramirez Madrid, Daniel Alberto",CRC,M,,,,1639,0,20,AUG25,2006,i
6505945,"Ramirez Madrid, Gerardo Alfonso",CRC,M,FM,,,2043,0,20,AUG25,2002,
6515886,"Ramirez Madrigal, Jose Mario",CRC,M,,,,1501,0,40,AUG25,1976,
6508472,"Ramirez Marchena, Carlos Andres",CRC,M,,,,1756,0,20,AUG25,2002,i
6559255,"Ramirez Molina, Daniel Felipe",CRC,M,,,,1478,0,40,AUG25,2008,i
6507778,"Ramirez Monge, Cassandra",CRC,F,,,,1692,0,40,AUG25,1999,wi
6507786,"Ramirez Monge, Karina",CRC,F,,,,1644,0,40,AUG25,1997,wi
6562485,"Ramirez Ordonez, Brandon Adrian",CRC,M,,,,1509,0,40,AUG25,2007,
6548130,"Ramirez Quiros, Josue",CRC,M,,NA,,1545,0,40,AUG25,2003,i
6549705,"Ramirez Ramirez, Wilson Gerardo",CRC,M,,,,1478,0,40,AUG25,1980,
6520324,"Ramirez Solano, Diego",CRC,M,,,,1487,0,40,AUG25,2000,i
6509983,"Ramirez Valerio, Christian",CRC,M,,,,1802,0,20,AUG25,1978,i
6511635,"Ramos Rodriguez, Daniel",CRC,M,,,,1855,0,40,AUG25,2009,
6548776,"Ramos Serrano, David Andreny",CRC,M,,,,1649,0,20,AUG25,2004,
6522360,"Redondo Chavarria, Carlos Andres",CRC,M,,,,1450,0,40,AUG25,2004,i
6509355,"Redondo Gomez, Werner",CRC,M,,,,1816,0,40,AUG25,1978,i
6501397,"Redondo Vargas, Diego Alejandro",CRC,M,,,,1900,0,20,AUG25,1975,i
6511970,"Redondo Washington, Josymar",CRC,M,,,,AIM,1713,0,AUG25,2005,
6524923,"Retana Solano, Eduardo",CRC,M,,,,1581,0,40,AUG25,1946,
6512208,"Reyes Garcia, Gilberto",CRC,M,,,,1756,0,20,AUG25,1983,i
6553133,"Reyes Molina, Eliot Jozeph",CRC,M,,,,1408,0,40,AUG25,2011,
6559271,"Reyes Sarmiento, Aaron",CRC,M,,,,1629,0,40,AUG25,2008,
6564488,"Rincon Betancourt, Jose Alejandro",CRC,M,,,,1454,0,40,AUG25,2010,
6521061,"Rios Hernandez, Brandon",CRC,M,,,,1479,0,40,AUG25,2008,i
6509509,"Rivas Calderon, Victor Julio",CRC,M,,,,1722,0,20,AUG25,1994,i
6533809,"Rivas Gould, Rene",CRC,M,,,,1668,0,40,AUG25,1948,i
6542310,"Rivera Campos, Jose Pablo",CRC,M,,,,1457,0,40,AUG25,2006,i
6509797,"Rivera Coto, Isaac",CRC,M,,,,1630,0,40,AUG25,1994,i
6505961,"Rivera Gonzalez, Jose Alexis",CRC,M,,NA,,1950,0,20,AUG25,2000,i
6534635,"Rivera Gutierrez, Geannina Isabela",CRC,F,,,,1824,0,40,AUG25,2009,w
6532489,"Rivera Leiva, Hans",CRC,M,,,,1483,0,40,AUG25,2009,i
6561969,"Rivera Mora, Gabriel",CRC,M,,,,1584,5,40,AUG25,2009,
6515649,"Rivera Morales, Jose Francisco",CRC,M,,,,1470,0,40,AUG25,2001,i
6508677,"Rivera Obando, Juan Jose",CRC,M,,,,1744,0,20,AUG25,1993,i
6503195,"Rivera Soto, Danny",CRC,M,,,,1851,0,40,AUG25,1982,i
6553060,"Rizo Vanegas, Yostin Jossue",CRC,M,,,,ACM,1570,0,AUG25,2002,i
6523005,"Rodriguez Araya, Oscar Mario",CRC,M,,,,1544,0,20,AUG25,2001,i
6502903,"Rodriguez Arrieta, Jose Allan",CRC,M,,FI,,1848,0,40,AUG25,1984,i
6502911,"Rodriguez Arrieta, Maria Elena",CRC,F,WIM,WIM,,1921,5,20,AUG25,1990,w
6565816,"Rodriguez Blando, Mathias",CRC,M,,,,1445,0,40,AUG25,2010,
6506127,"Rodriguez Campos, Jonathan",CRC,M,,,,1802,0,40,AUG25,1983,i
6502555,"Rodriguez Carmona, James",CRC,M,,,,2072,0,20,AUG25,1988,i
6519865,"Rodriguez Castillo, Gerardo",CRC,M,,,,1626,0,40,AUG25,2000,i
6500668,"Rodriguez Chaverri, David",CRC,M,,,,2014,0,20,AUG25,1979,i
6518370,"Rodriguez Ching, Luis Carlos",CRC,M,,,,1930,0,40,AUG25,1962,i
6560148,"Rodriguez Gonzalez, David",CRC,M,,,,1462,0,40,AUG25,1990,i
6569153,"Rodriguez Gonzalez, Mattias",CRC,M,,,,1400,0,40,AUG25,2011,
6550959,"Rodriguez Gonzalez, Santiago",CRC,M,,,,1608,3,40,AUG25,2008,
6512682,"Rodriguez Jimenez, Jose Daniel",CRC,M,,,,1891,0,20,AUG25,2001,
6523803,"Rodriguez Membreno, Sebastian",CRC,M,,,,1555,0,40,AUG25,2011,
6500633,"Rodriguez Miller, Adolfo",CRC,M,,,,2034,0,20,AUG25,1964,i
6510191,"Rodriguez Miller, Esteban",CRC,M,,,,1693,0,40,AUG25,1962,i
6512550,"Rodriguez Moreno, Fabian",CRC,M,,,,1463,0,40,AUG25,2009,
6512046,"Rodriguez Nunez, Diana Paula",CRC,F,,,,1420,0,40,AUG25,2004,wi
6525962,"Rodriguez Pazmino, Tomas",CRC,M,,,,1542,2,40,AUG25,2009,
6514308,"Rodriguez Retana, Sofia",CRC,F,,,,1622,0,20,AUG25,2006,w
6500340,"Rodriguez Rodriguez, Adrian",CRC,M,,,,2099,0,20,AUG25,1972,i
6530265,"Rodriguez Rodriguez, Santiago",CRC,M,,,,1518,0,40,AUG25,1956,i
6526322,"Rodriguez Romero, Axel Gabriel",CRC,M,,,,1631,0,40,AUG25,2002,i
6502571,"Rodriguez Sanchez, Mauricio",CRC,M,,,,1692,0,20,AUG25,1987,i
6567118,"Rodriguez Solis, Pablo Andres",CRC,M,,,,1528,0,40,AUG25,2013,
6524575,"Rodriguez Vargas, Brandon Jesus",CRC,M,,NA,,1521,0,20,AUG25,2004,
6553079,"Rodriguez Vargas, Luis Fernando",CRC,M,,,,1470,0,40,AUG25,2000,i
6565328,"Rodriguez Zuniga, Matias Yermay",CRC,M,,,,1584,0,40,AUG25,2011,
6513760,"Rojas Arias, Sebastian",CRC,M,,,,1607,0,20,AUG25,2005,i
6539190,"Rojas Barrantes, Rad el",CRC,M,,,,1641,0,40,AUG25,1984,
6553087,"Rojas Cascante, Derek",CRC,M,,,,1472,0,40,AUG25,2008,i
6504388,"Rojas Castro, Ismael",CRC,M,,,,1943,0,40,AUG25,1970,i
6564909,"Rojas Chacon, Saul Alberto",CRC,M,,,,1535,0,40,AUG25,2009,
6508510,"Rojas Cisneros, Kevin",CRC,M,,,,1907,8,20,AUG25,1999,
6514375,"Rojas Davanzo, Jorge",CRC,M,,,,1659,0,40,AUG25,1967,i
6517587,"Rojas Esquivel, Luis Julian",CRC,M,,,,1463,0,20,AUG25,2004,i
6509517,"Rojas Guillen, Paulo Cesar",CRC,M,,,,1531,0,40,AUG25,1986,
6553478,"Rojas Guzman, Freddy",CRC,M,,NA,,1528,0,40,AUG25,1954,
6572049,"Rojas Mendez, Victor Steven",CRC,M,,,,1599,0,40,AUG25,2008,
6532772,"Rojas Montero, Alfonso",CRC,M,,,,1572,0,40,AUG25,1947,i
6513417,"Rojas Mora, Elena",CRC,F,,,,1463,0,40,AUG25,2010,w
6513425,"Rojas Mora, Jose Elias",CRC,M,,,,1585,0,20,AUG25,2005,
6513441,"Rojas Mora, Maria Salvadora",CRC,F,,,,1512,0,20,AUG25,2006,w
6560377,"Rojas Ordonez, Christian Gabriel",CRC,M,,,,1594,0,40,AUG25,2007,
6511473,"Rojas Pacheco, Camila",CRC,F,,,,1495,0,40,AUG25,2005,wi
6505970,"Rojas Salazar, Gustavo",CRC,M,,,,1598,0,40,AUG25,1981,i
6548482,"Rojas Vindas, Emmanuel de Jesus",CRC,M,,,,1887,7,40,AUG25,2007,
6507824,"Rojas Vindas, Mauricio",CRC,M,,,,1738,0,40,AUG25,1984,i
6511368,"Rojas Zarate, Jose Ignacio",CRC,M,,,,1564,0,40,AUG25,2003,i
6561721,"Roldan Brenes, Eduardo Eugenio",CRC,M,,,,1668,0,40,AUG25,2004,
6509800,"Roman Alvarado, Mercy",CRC,F,,,,1498,0,40,AUG25,1998,wi
6555250,"Roman Solano, William Janshua",CRC,M,,,,1456,0,40,AUG25,2008,
6512607,"Romero Bello, Roger",CRC,M,,,,1728,0,40,AUG25,1998,i
6505015,"Romero Bonilla, Jonathan",CRC,M,,,,1484,0,40,AUG25,1989,i
6556914,"Romero Cerdas, Moises Alonso",CRC,M,,,,1573,5,40,AUG25,2010,
6550630,"Romero Pereira, Thomas David",CRC,M,,,,1463,0,40,AUG25,2015,
6508049,"Rosales Gonzalez, Erick Josue",CRC,M,,NA,,1804,0,20,AUG25,2001,
6512062,"Rosales Gonzalez, Jessica",CRC,F,,NA,,1582,0,20,AUG25,2001,w
6501842,"Rosales Robles, Ronny Alejandro",CRC,M,,,,1966,0,40,AUG25,1990,i
6548490,"Rosales Rodriguez, Isaac Israel",CRC,M,,,,1581,0,20,AUG25,2006,i
6500048,"Rovira Mas, Jorge",CRC,M,CM,,,2083,0,20,AUG25,1950,
6524494,"Ruiz Alfaro, Darrel",CRC,M,,,,1914,6,20,AUG25,2005,
6501249,"Ruiz Blais, Sebastian",CRC,M,,,,2176,0,20,AUG25,1989,i
6505040,"Ruiz Carranza, Klever",CRC,M,,,,1695,0,40,AUG25,1949,
6509991,"Ruiz Coronado, Maykel",CRC,M,,,,1633,0,20,AUG25,2000,i
6501850,"Ruiz Segura, John Phillips",CRC,M,,,,1515,0,40,AUG25,1952,
6502580,"Ruiz Simes, Glenn",CRC,M,,NA,,1655,0,40,AUG25,1987,
6507212,"Saenz Forero, Fernando",CRC,M,,,,1784,0,40,AUG25,1942,
6522378,"Saenz Jarquin, Maykol",CRC,M,,,,1786,0,40,AUG25,1998,i
6560911,"Salas Chinchilla, Mariangel",CRC,F,,,,1549,0,40,AUG25,2012,w
6507158,"Salas Estrada, Ana Maria",CRC,F,,,,1558,0,20,AUG25,1997,wi
6500102,"Salas Leal, Mario",CRC,M,CM,,,2255,0,20,AUG25,1949,i
6505716,"Salas Torres, Pamela",CRC,F,WCM,WCM,,1869,0,20,AUG25,1998,wi
6516700,"Salazar Artavia, Keylor",CRC,M,,,,1561,0,40,AUG25,2009,i
6523706,"Salazar Calvo, Joseph Stefan",CRC,M,,,,1437,0,40,AUG25,1999,i
6524800,"Salazar Delgado, Aylin Naomi",CRC,F,,,,1594,5,40,AUG25,2008,w
6558798,"Salazar Espinoza, Mauricio",CRC,M,,,,1430,1,40,AUG25,2012,
6500307,"Salazar Gonzalo, Pablo",CRC,M,,,,2015,0,20,AUG25,1956,i
6511643,"Salazar Gould, Kristy Valeria",CRC,F,,,,1773,0,40,AUG25,2008,w
6505090,"Salazar Gould, Melanie",CRC,F,CM,WFM,,1933,0,20,AUG25,2003,w
6556434,"Salazar Mesen, Esteban",CRC,M,,,,1627,0,40,AUG25,2009,
6508529,"Salazar Nunez, Basilio",CRC,M,,,,1728,0,40,AUG25,1999,i
6511015,"Salazar Orozco, Luis Adolfo",CRC,M,,,,1821,0,40,AUG25,1981,i
6568408,"Salazar Quiros, Maria Regina",CRC,F,,,,1590,0,40,AUG25,2012,w
6567479,"Salazar Segura, Kevin Gabriel",CRC,M,,,,1470,0,40,AUG25,2012,
6558151,"Salazar Viales, Lester Mauricio",CRC,M,,,,1561,0,40,AUG25,1978,i
6503640,"Salazar Zumbado, Stanley",CRC,M,,,,1837,0,20,AUG25,1984,i
6527728,"Samper Porras, David",CRC,M,,,,1630,0,40,AUG25,2007,
6523412,"Sanchez Centeno, Deivid Andres",CRC,M,,,,1431,0,40,AUG25,2010,
6523315,"Sanchez Centeno, Lisandra Angeline",CRC,F,,,,1407,0,40,AUG25,2005,w
6505104,"Sanchez Corrales, Carlos Julian",CRC,M,,,,1658,0,20,AUG25,1999,i
6512097,"Sanchez Delgado, Roberto",CRC,M,,,,1683,0,40,AUG25,1958,i
6502601,"Sanchez Garro, Juan Gabriel",CRC,M,,,,1873,0,40,AUG25,1986,i
6560946,"Sanchez Zheng, Ronny",CRC,M,,,,1480,0,40,AUG25,2006,
6508880,"Sandi Barrantes, Victoria",CRC,F,,NA,,1692,0,20,AUG25,2004,w
6509150,"Sandi Castro, Allan",CRC,M,,,,1665,0,20,AUG25,1999,i
6511490,"Sandi Quiros, Debora Shasly",CRC,F,,,,1649,0,20,AUG25,2005,wi
6511376,"Sandi Quiros, Junior Andrey",CRC,M,,,,1702,0,20,AUG25,2003,i
6533779,"Sandoval Anchia, Iharvi",CRC,M,,,,1412,0,40,AUG25,2003,i
6573177,"Sandoval Blanco, Gustavo",CRC,M,,,,1447,0,40,AUG25,2008,
6535011,"Sandoval Loaiciga, Aldric",CRC,M,,,,1444,5,40,AUG25,2012,
6565336,"Saravia Osorio, Kenny Josue",CRC,M,,,,1610,6,40,AUG25,2011,
6518001,"Sauter, Dirk",CRC,M,,,,1434,0,40,AUG25,2003,i
6514189,"Schaubeck Cambronero, Fabian",CRC,M,,,,1462,0,40,AUG25,2008,i
6515088,"Schaubeck Cambronero, Fabricio",CRC,M,,,,1460,0,20,AUG25,2003,i
6555683,"Seas Alvarez, Jordan Leonardo",CRC,M,,,,1543,0,40,AUG25,2006,i
6501290,"Segreda Jimenez, Ivan",CRC,M,,SI,,ACM,1542,0,AUG25,1971,
6513000,"Segura Amador, Guillermo Enrique",CRC,M,,,,1716,0,40,AUG25,1966,i
6507379,"Segura Cordero, Ariel",CRC,M,,,,1771,0,40,AUG25,2007,i
6560792,"Segura Paniagua, Vicente",CRC,M,,,,1485,0,40,AUG25,2008,i
6506151,"Sell Soto, Carlos",CRC,M,,,,1954,0,40,AUG25,1967,i
6511651,"Semana Ramirez, Brenda",CRC,F,WCM,WCM,,1646,0,40,AUG25,2008,w
6511597,"Semana Ramirez, Jerian",CRC,M,,,,1682,0,20,AUG25,2006,i
6534619,"Sequeira Cabrera, Bianca",CRC,F,,,,1432,0,40,AUG25,2005,wi
6501303,"Sequeira Caceres, Edwin",CRC,M,,,,2036,0,40,AUG25,1989,i
6501354,"Sequeira Caceres, Leslie",CRC,M,,,,2009,0,40,AUG25,1985,i
6546897,"Sequeira Morales, Abraham",CRC,M,,,,1448,2,20,AUG25,1988,
6565514,"Serrano Brenes, Danny Sebastian",CRC,M,,,,1492,0,40,AUG25,2008,
6556221,"Serrano Fonseca, Rachel Nicole",CRC,F,,,,1475,3,40,AUG25,2015,w
6519679,"Serrano Marin, Jorge",CRC,M,,,,1644,0,40,AUG25,1998,i
6521495,"Serrasin Fonseca, Roberth Esteban",CRC,M,,,,1496,0,40,AUG25,2007,
6506062,"Shih Gould, Annie",CRC,F,WCM,WCM,,1905,0,20,AUG25,2004,wi
6506070,"Shih Gould, Danny",CRC,M,FM,,,1876,0,20,AUG25,2006,i
6517595,"Shion Solis, Esteban Jesus",CRC,M,,,,1590,0,20,AUG25,2005,i
6515991,"Sibaja Salazar, Carlos Eduardo",CRC,M,,,,1753,0,40,AUG25,1987,i
6510000,"Sibaja Tellez, Josue",CRC,M,,,,1654,0,20,AUG25,1998,i
6507263,"Sierra Berrocal, Auriel",CRC,M,,,,1646,0,20,AUG25,2004,i
6507271,"Sierra Berrocal, Gabriela",CRC,F,,,,1536,0,20,AUG25,2003,wi
6522386,"Sisfontes Guilarte, Pablo Rafael",CRC,M,,,,1543,0,40,AUG25,1958,i
6500161,"Sobrado Acevedo, Hernan",CRC,M,CM,,,2205,0,20,AUG25,1947,i
6544070,"Solano Arias, Saul",CRC,M,,,,1506,0,40,AUG25,2012,
6572251,"Solano Bonilla,Julian",CRC,M,,,,1475,0,40,AUG25,2011,
6528325,"Solano Calderon, Fabricio",CRC,M,,,,1443,0,40,AUG25,1970,
6560890,"Solano Carranza, Alejandro",CRC,M,,,,1472,0,40,AUG25,2011,i
6505155,"Solano Cordero, Jorge Alexis",CRC,M,,,,2001,6,20,AUG25,2001,
6500323,"Solano Cruz, Agustin",CRC,M,CM,,,1872,0,20,AUG25,1965,i
6504299,"Solano Cuya, Bryan",CRC,M,IM,,,2242,0,20,AUG25,1996,i
6548792,"Solano Garcia, Wesley Alejandro",CRC,M,,,,1459,0,40,AUG25,2011,
6570844,"Solano Hidalgo, Kenneth",CRC,M,,,,1558,0,40,AUG25,2011,
6500609,"Solano Lopez, Royner",CRC,M,,,,2068,0,20,AUG25,1974,i
6535860,"Solano Monge, Luis Guillermo",CRC,M,,,,1557,1,40,AUG25,1968,
6506321,"Solano Piedra, Max",CRC,M,,,,1803,0,20,AUG25,1994,i
6562051,"Solano Portillo, Manuel David",CRC,M,,,,1528,0,40,AUG25,2010,
6517080,"Solano Rojas, Everardo",CRC,M,,,,1543,0,40,AUG25,1958,
6504280,"Solano Saltachin, Carlos Andres",CRC,M,,,,1724,0,20,AUG25,2001,i
6507166,"Solano Saltachin, Javier",CRC,M,,,,1587,0,20,AUG25,2003,i
6507174,"Solano Saltachin, Ruth",CRC,F,,,,1570,0,20,AUG25,2005,wi
6509827,"Soler Rivas, Andres",CRC,M,,,,1515,0,40,AUG25,2001,i
6550142,"Solis Alvarado, Abigail",CRC,F,,,,1657,2,40,AUG25,2011,w
6508960,"Solis Baltodano, Jose Pablo",CRC,M,,,,ACM,1717,0,AUG25,1998,i
6542972,"Solis Barrantes, Carlos Fernando",CRC,M,,,,1671,0,40,AUG25,1992,i
6506828,"Solis Gatgens, Isaac",CRC,M,,,,1758,0,40,AUG25,1998,i
6504159,"Solis Gomez, Jose Alberto",CRC,M,,,,1831,0,20,AUG25,1963,
6500641,"Solis L., Efren A.",CRC,M,CM,,,1918,0,20,AUG25,1967,
6507867,"Solis Prieto, Javier",CRC,M,,,,1781,0,20,AUG25,1997,
6550460,"Solis Rojas, Jose Pablo",CRC,M,,,,1463,0,40,AUG25,2013,
6519466,"Solis Solano, Dennis",CRC,M,,,,1425,0,40,AUG25,1990,
6502652,"Sotela Vargas, Felipe",CRC,M,,,,1854,0,20,AUG25,1983,i
6542999,"Sotelo Izaguirre, Isaac David",CRC,M,,,,1567,5,20,AUG25,1992,
6507387,"Soto Alfaro, Braulio",CRC,M,,,,1678,0,20,AUG25,2002,i
6520383,"Soto Castillo, Jeremy",CRC,M,,,,1442,0,40,AUG25,2002,i
6515452,"Soto Castrillo, Otto",CRC,M,,,,1618,0,40,AUG25,2000,i
6516050,"Soto Clausen, Luis Diego",CRC,M,,,,1730,0,40,AUG25,1957,
6505163,"Soto Cordero, Anthony",CRC,M,,,,1832,0,40,AUG25,1994,i
6508774,"Soto Cordoba, Anthony",CRC,M,,,,1836,0,40,AUG25,1997,
6505171,"Soto Garita, Santiago",CRC,M,,,,1814,0,20,AUG25,1999,i
6516165,"Soto Mendez, Erick",CRC,M,,,,1695,0,40,AUG25,1976,i
6557821,"Soto Molina, Marlon Mathias",CRC,M,,,,1524,0,40,AUG25,2006,i
6559190,"Soto Quesada, Daniela",CRC,F,,,,1417,0,40,AUG25,2009,wi
6572120,"Soto Rivera, Matias",CRC,M,,,,1548,2,40,AUG25,2009,
6534945,"Soto Sanchez, Alejandro",CRC,M,,,,1463,0,40,AUG25,2010,
6535020,"Soto Sanchez, Eduardo",CRC,M,,,,1533,0,40,AUG25,2013,
6555870,"Soto Sandi, Fabian",CRC,M,,,,1513,0,40,AUG25,2009,
6520138,"Soza Aleman, Johan Josue",CRC,M,,,,1646,0,40,AUG25,1998,
6550380,"Soza Moreno, Emmanuel Jesus",CRC,M,,,,1577,0,40,AUG25,1981,i
6518150,"Soza Rojas, Dennilson G",CRC,M,,,,1526,0,20,AUG25,2003,i
2036762,"Stewart, William John",CRC,M,FM,,,2306,0,20,AUG25,1987,i
6510213,"Suarez Angulo, Alexander",CRC,M,,,,1855,0,40,AUG25,1964,i
6507875,"Tapia Alvarez, Alejandro",CRC,M,,,,1670,0,20,AUG25,1999,i
6500960,"Tapia Quiros, Gustavo",CRC,M,CM,,,2045,0,20,AUG25,1982,i
6513026,"Tapia Quiros, Juan Carlos",CRC,M,,,,1728,0,40,AUG25,1986,i
6509835,"Telles Mongrio, Rigoberto",CRC,M,,,,1644,0,20,AUG25,1984,
6561829,"Temoinko di Geronimo, Kevin",CRC,M,,,,1507,0,40,AUG25,2008,i
6523013,"Tenorio Cordero, Jose Noel",CRC,M,,,,1635,0,20,AUG25,1958,
6502679,"Tenorio Naranjo, Ismael",CRC,M,,,,1933,0,40,AUG25,1989,i
6542964,"Tenorio Rodriguez, Steve Youdsua",CRC,M,,,,1662,0,40,AUG25,1989,i
6506550,"Thames Montero, Jorge",CRC,M,,,,1771,0,20,AUG25,1961,i
6516602,"Thuel Gutierrez, Jose Andres",CRC,M,,,,1631,0,40,AUG25,1985,i
6565344,"Tijerino Salazar, Ian Josue",CRC,M,,,,1462,9,40,AUG25,2011,
6503659,"Todorov Sanchez, Theodore",CRC,M,,,,1744,0,40,AUG25,1972,i
6542956,"Tolokonnikov, Roman",CRC,M,,,,1488,0,40,AUG25,2006,i
6502687,"Toro Soto, Anthony Roy",CRC,M,,,,2022,0,20,AUG25,1992,i
6506003,"Torrentes Arias, Greivin",CRC,M,,,,1749,0,20,AUG25,1979,i
6556795,"Torres Angulo, Gary Esteban",CRC,M,,,,1517,3,40,AUG25,2008,
6501222,"Torres Barquero, Joseph",CRC,M,,,,1891,0,20,AUG25,1986,i
6505538,"Torres Escalante, Eduardo",CRC,M,,,,1686,0,20,AUG25,1946,i
6561020,"Torres Rodriguez, Daniel Iosev",CRC,M,,,,1532,0,40,AUG25,2009,
6508790,"Torres Romero, Cristhian",CRC,M,,,,1751,0,20,AUG25,2001,i
6520278,"Torres Urena, Edgar Jose",CRC,M,,,,1607,0,40,AUG25,2008,
6562736,"Toruno Delgado, Aaron Josue",CRC,M,,,,1483,0,40,AUG25,2005,i
6566693,"Trejos Martinez, Anthony Enrique",CRC,M,,,,1497,0,40,AUG25,2011,
6500560,"Trejos Perez, Jose Enrique",CRC,M,,,,2135,0,20,AUG25,1983,i
6501362,"Trejos Perez, Shirley",CRC,F,,,,1961,0,20,AUG25,1989,wi
6500200,"Trigueros Fallas, Gustavo Adolfo",CRC,M,FM,,,2162,0,20,AUG25,1969,i
6524222,"Udiz Puerta, Layneth Albani",CRC,F,,,,1428,0,40,AUG25,2006,wi
6531644,"Udiz Puerta, Nohely Nikol",CRC,F,,,,1445,0,40,AUG25,2009,w
6557333,"Udiz Suarez, Nelson Antonio",CRC,M,,,,1573,0,40,AUG25,1976,
6558640,"Ugalde Chaves, Carlo Cesar",CRC,M,,,,1634,0,40,AUG25,2008,
6500129,"Ugalde Garcia, Ronald",CRC,M,,,,2015,0,20,AUG25,1963,
6522289,"Ulate Climaco, Kevin Mauricio",CRC,M,,,,1535,0,40,AUG25,2007,
6501885,"Ulloa Avellan, Oscar",CRC,M,,,,1990,0,20,AUG25,1991,i
6559328,"Ulloa Jimenez, Santiago",CRC,M,,,,1792,6,20,AUG25,2006,
6519970,"Umana Castro, Isaac Roberto",CRC,M,,,,1535,0,40,AUG25,2006,i
6509525,"Umana Mendez, Angel",CRC,M,,,,1462,0,40,AUG25,1997,
6519067,"Urbano Murillo, Antonio",CRC,M,,,,1603,0,40,AUG25,2007,i
6500650,"Urbina Quiroz, Edwin",CRC,M,,,,2034,6,20,AUG25,1989,
6561519,"Urena Matamoros, Sebastian",CRC,M,,,,1631,0,40,AUG25,2011,
6501893,"Urena Soto, Omar",CRC,M,,,,1937,0,20,AUG25,1993,i
6504167,"Vaglio Mattey, Emanuel",CRC,M,CM,,,2142,0,20,AUG25,1997,
6500145,"Vaglio Munoz, Jaime",CRC,M,IM,,,2174,0,20,AUG25,1956,i
6500331,"Valdes Romero, Leonardo",CRC,M,IM,,,2324,0,10,AUG25,1975,
6526896,"Valdez Calderon, Melina Monserrat",CRC,F,,,,1485,0,40,AUG25,1998,wi
6515398,"Valdez Calderon, Ricardo Antonio",CRC,M,,,,1773,0,40,AUG25,1993,i
6505260,"Valdez Torres, Nestor Josue",CRC,M,,,,1913,0,20,AUG25,2000,i
6523323,"Valverde Herrera, Jose Daniel",CRC,M,,,,1610,0,40,AUG25,2008,i
6515223,"Valverde Mora, Mauricio",CRC,M,,,,1952,0,20,AUG25,2003,
6506330,"Valverde Solano, Enrique",CRC,M,,,,1550,0,40,AUG25,1962,i
6526110,"Valverde Vega, Santiago",CRC,M,,,,1629,4,40,AUG25,2009,
6525091,"Van Brunt, John Calvin",CRC,M,,,,1679,0,40,AUG25,2008,i
6548512,"Vander Laat Gurdian, Tomas",CRC,M,,,,1518,0,40,AUG25,2007,i
6511600,"Vargas Abadia, Alejandro",CRC,M,,,,1520,0,20,AUG25,2006,i
6505210,"Vargas Araya, Heidy Dayana",CRC,F,,,,1709,0,40,AUG25,1997,wi
6524869,"Vargas Arguedas, Caleb",CRC,M,,,,1972,7,40,AUG25,2007,
6560849,"Vargas Artavia, Joshua David",CRC,M,,,,1617,0,40,AUG25,2011,
6519687,"Vargas Chacon, Jose Francisco",CRC,M,,,,1732,0,40,AUG25,2000,i
6512496,"Vargas Corrales, Allisson Elena",CRC,F,,,,1453,0,40,AUG25,2000,wi
6512801,"Vargas Corrales, German Jose",CRC,M,,,,1565,1,40,AUG25,1991,
6508740,"Vargas Cruz, Ericka Daniela",CRC,F,,,,1555,0,40,AUG25,1996,wi
6500064,"Vargas Gonzalez, Alexis",CRC,M,,,,2194,0,20,AUG25,1958,i
6549640,"Vargas Madrigal, Alessandro",CRC,M,,,,1573,0,40,AUG25,2012,
6556639,"Vargas Mendez, Sheyla Francini",CRC,F,,,,1480,5,40,AUG25,2013,w
6557236,"Vargas Menendez, Carlos Antonio",CRC,M,,,,1505,0,40,AUG25,1996,i
6504361,"Vargas Miranda, Diego",CRC,M,,,,1884,0,20,AUG25,1989,i
6511147,"Vargas Ovejero, Gustavo Aldemar",CRC,M,,,,1444,0,40,AUG25,1990,i
6502814,"Vargas Sanchez, Julio",CRC,M,,,,1741,0,20,AUG25,1959,i
6500676,"Vargas Serrano, Pablo Andres",CRC,M,,,,1983,0,20,AUG25,1986,i
6514219,"Vargas Solano, Aaron",CRC,M,,,,1609,0,40,AUG25,2006,i
6509304,"Vargas Vargas, Alex",CRC,M,,,,1802,0,40,AUG25,1988,i
6573827,"Vargas Vargas, Esteban",CRC,M,,,,1823,6,40,AUG25,2004,
6561187,"Vargas Vargas, Yeison David",CRC,M,,,,AFM,1537,2,AUG25,2014,
6502725,"Vargas Villalobos, Alberto",CRC,M,,,,1966,0,40,AUG25,1957,i
6500382,"Vargas Villalobos, Oliverio",CRC,M,,,,2053,0,20,AUG25,1955,i
6514545,"Vargas Zamora, Carlos Yahir",CRC,M,,,,1528,0,40,AUG25,2000,i
6569196,"Vasquez Cruz, Kennia Melissa",CRC,F,,,,1511,0,40,AUG25,1999,w
6508561,"Vazquez Pena, Ada Abigail",CRC,F,,,,1545,0,40,AUG25,1997,wi
6508553,"Vazquez Pena, David",CRC,M,,,,1663,0,40,AUG25,1998,i
6500536,"Vega Araya, Edwin",CRC,M,,,,1851,5,20,AUG25,1969,
6563570,"Vega Badilla, Michael",CRC,M,,,,1728,0,40,AUG25,2011,
6557830,"Vega Godinez, Cristhopher David",CRC,M,,,,1638,0,40,AUG25,2002,
6535780,"Vega Hidalgo, Edgar",CRC,M,,,,1649,0,40,AUG25,1983,i
6500587,"Vega Mora, Carla Elena",CRC,F,,,,2041,0,40,AUG25,1985,wi
6555047,"Velasquez Mora, Steven Daniel",CRC,M,,,,1458,0,40,AUG25,2007,
6507280,"Velazquez Lacayo, Roberto Jose",CRC,M,,,,1913,0,40,AUG25,1981,i
6551122,"Venegas Sandoval, Ariana",CRC,F,,NA,,1416,0,40,AUG25,2007,w
6521517,"Vergara Marin, Luis Elias",CRC,M,,,,1458,0,40,AUG25,2004,i
6502776,"Villagra Arce, Henry",CRC,M,,,,1967,0,20,AUG25,1983,i
6520804,"Villalobos Arrieta, Eduardo",CRC,M,,,,1596,0,20,AUG25,1961,i
6556272,"Villalobos Chinchilla, Mattias",CRC,M,,,,1635,0,40,AUG25,2012,
6501109,"Villalobos Leon, Eric",CRC,M,,,,1969,0,40,AUG25,1971,i
6511031,"Villalobos Molina, Jose Adrian",CRC,M,,,,1963,0,20,AUG25,1996,i
6563147,"Villalobos Nunez, Ethan Alonso",CRC,M,,,,1572,0,40,AUG25,2007,
6503667,"Villalobos Quiros, Esteban",CRC,M,,,,1776,0,40,AUG25,1982,i
6511155,"Villalobos Venegas, Carlos",CRC,M,,,,1428,0,40,AUG25,2004,i
6502768,"Villalobos Venegas, Daniel",CRC,M,,,,1881,0,20,AUG25,1991,i
6513964,"Villalta Leiton, Kevin",CRC,M,,,,1595,0,40,AUG25,2008,i
6511503,"Villalta Leiton, Nicole Tamara",CRC,F,,,,1495,0,20,AUG25,2005,w
6554199,"Villalta Ramirez, Freivelyn",CRC,F,,,,1476,7,40,AUG25,2010,w
6568882,"Villanueva Diaz, Seth Jaidel",CRC,M,,,,1571,0,40,AUG25,1993,
6566430,"Villanueva Iglesias, Mathy F.",CRC,F,,,,1423,0,40,AUG25,2012,w
6507905,"Villar Aguero, Marco Vinicio",CRC,M,,,,1838,0,20,AUG25,1995,i
6556035,"Villarreal Chavarria, Amy Samantha",CRC,F,,,,1423,1,40,AUG25,2012,w
6552820,"Villegas Robles, Tomas",CRC,M,,,,1401,0,40,AUG25,2012,
6512798,"Villegas Rodriguez, Jeremy",CRC,M,,,,AFM,1791,5,AUG25,2003,
6558658,"Villegas Villalobos, Oscar",CRC,M,,,,1417,2,20,AUG25,1957,
6558046,"Vindas Barrientos, Yohan Caleb",CRC,M,,,,1476,0,40,AUG25,1995,i
6502920,"Vindas Moran, Roberto Camilo",CRC,M,,,,1924,0,20,AUG25,1986,i
6524249,"Vindas Vega, Adriel",CRC,M,,,,1611,0,20,AUG25,2006,
6571107,"Viquez Alfaro, Gabriel",CRC,M,,,,1577,0,40,AUG25,2008,
6571719,"Viquez Mora, Daniel Felipe",CRC,M,,,,1534,0,40,AUG25,2006,
6500820,"Vives Rodriguez, David Alberto",CRC,M,,,,2023,0,20,AUG25,1987,i
6507913,"Vogt, Kevin",CRC,M,,,,1834,0,40,AUG25,1990,i
6521568,"Wabe Garro, Zuyen",CRC,F,,,,1492,0,40,AUG25,2001,wi
6510809,"Wagemans Alvarado, Bryan",CRC,M,,,,1717,0,20,AUG25,2000,i
6500978,"Yancari Solano, Ernesto",CRC,M,,,,2080,0,40,AUG25,1984,i
6563252,"Young Zhou, Jason",CRC,M,,,,1526,5,40,AUG25,2008,
6534589,"Zamora Lopez, Norbin",CRC,M,,,,1610,0,40,AUG25,2001,i
6502865,"Zamora Mejias, Alonso Gerardo",CRC,M,,,,1958,0,20,AUG25,1990,i
6507921,"Zamora Rodriguez, Elbert",CRC,M,,,,1857,0,20,AUG25,1997,i
6509851,"Zeledon Perez, Edgar",CRC,M,,FA,,1939,0,20,AUG25,2001,i
6501907,"Zhang Alarcon, Juan",CRC,M,,,,1887,0,40,AUG25,1991,i
6556264,"Zhen Cen, Jia Jun",CRC,M,,,,1589,0,40,AUG25,2010,
6565395,"Zhou Fernandez, Isabella",CRC,F,,,,1468,3,40,AUG25,2012,w
6500838,"Zoghaib Chaktura, Charbel",CRC,M,,,,1911,0,20,AUG25,1984,i
6503306,"Zumbado Gutierrez, Marco Antonio",CRC,M,,,,1962,0,20,AUG25,1967,i
6549098,"Zumbado Moreira, Andres",CRC,M,,,,1592,0,20,AUG25,2006,
6502792,"Zuniga Cerdas, Fernando",CRC,M,,,,1765,0,20,AUG25,1959,i
6512518,"Zuniga Chavarria, Manuel",CRC,M,,,,1850,0,40,AUG25,1984,i
6501915,"Zuniga Elizondo, Alonso",CRC,M,,,,1734,0,40,AUG25,1989,i
6502806,"Zuniga Kondrashov, Valery",CRC,M,,,,1661,0,40,AUG25,1992,i