[
  {
    "ID Number": "13201492"
  },
  {
    "ID Number": "13201034"
  },
  {
    "ID Number": "13227220"
  },
  {
    "ID Number": "13227211"
  },
  {
    "ID Number": "13222228"
  },
  {
    "ID Number": "13203436"
  },
  {
    "ID Number": "13200186"
  },
  {
    "ID Number": "13207091"
  },
  {
    "ID Number": "13205480"
  },
  {
    "ID Number": "13226185"
  },
  {
    "ID Number": "13200550"
  },
  {
    "ID Number": "13201190"
  },
  {
    "ID Number": "13234706"
  },
  {
    "ID Number": "13224530"
  },
  {
    "ID Number": "13232355"
  },
  {
    "ID Number": "13211382"
  },
  {
    "ID Number": "13201379"
  },
  {
    "ID Number": "13221140"
  },
  {
    "ID Number": "13202820"
  },
  {
    "ID Number": "13206079"
  },
  {
    "ID Number": "13211790"
  },
  {
    "ID Number": "13219928"
  },
  {
    "ID Number": "13215175"
  },
  {
    "ID Number": "4908538"
  },
  {
    "ID Number": "13217267"
  },
  {
    "ID Number": "55686737"
  },
  {
    "ID Number": "13200232"
  },
  {
    "ID Number": "13205501"
  },
  {
    "ID Number": "13213741"
  },
  {
    "ID Number": "13206702"
  },
  {
    "ID Number": "13209795"
  },
  {
    "ID Number": "13213687"
  },
  {
    "ID Number": "13212702"
  },
  {
    "ID Number": "13205250"
  },
  {
    "ID Number": "13209590"
  },
  {
    "ID Number": "13203193"
  },
  {
    "ID Number": "13227475"
  },
  {
    "ID Number": "13200534"
  },
  {
    "ID Number": "13233114"
  },
  {
    "ID Number": "13224875"
  },
  {
    "ID Number": "13224220"
  },
  {
    "ID Number": "13204955"
  },
  {
    "ID Number": "13216520"
  },
  {
    "ID Number": "13218875"
  },
  {
    "ID Number": "13216538"
  },
  {
    "ID Number": "13216023"
  },
  {
    "ID Number": "13234013"
  },
  {
    "ID Number": "13215205"
  },
  {
    "ID Number": "13213202"
  },
  {
    "ID Number": "13207954"
  },
  {
    "ID Number": "13212710"
  },
  {
    "ID Number": "13203762"
  },
  {
    "ID Number": "13200194"
  },
  {
    "ID Number": "13201980"
  },
  {
    "ID Number": "13205706"
  },
  {
    "ID Number": "13201727"
  },
  {
    "ID Number": "13227564"
  },
  {
    "ID Number": "24173860"
  },
  {
    "ID Number": "13224921"
  },
  {
    "ID Number": "4129776"
  },
  {
    "ID Number": "13751794"
  },
  {
    "ID Number": "13225189"
  },
  {
    "ID Number": "13204572"
  },
  {
    "ID Number": "34117234"
  },
  {
    "ID Number": "13205200"
  },
  {
    "ID Number": "13212842"
  },
  {
    "ID Number": "13214420"
  },
  {
    "ID Number": "13215280"
  },
  {
    "ID Number": "13224654"
  },
  {
    "ID Number": "13223569"
  },
  {
    "ID Number": "13218905"
  },
  {
    "ID Number": "13207245"
  },
  {
    "ID Number": "13209736"
  },
  {
    "ID Number": "13206699"
  },
  {
    "ID Number": "13231936"
  },
  {
    "ID Number": "13219790"
  },
  {
    "ID Number": "13230158"
  },
  {
    "ID Number": "13227467"
  },
  {
    "ID Number": "13202405"
  },
  {
    "ID Number": "13219774"
  },
  {
    "ID Number": "13214462"
  },
  {
    "ID Number": "382104398"
  },
  {
    "ID Number": "13211447"
  },
  {
    "ID Number": "13217895"
  },
  {
    "ID Number": "13209000"
  },
  {
    "ID Number": "13225740"
  },
  {
    "ID Number": "13230603"
  },
  {
    "ID Number": "13212885"
  },
  {
    "ID Number": "13233459"
  },
  {
    "ID Number": "13213580"
  },
  {
    "ID Number": "13229630"
  },
  {
    "ID Number": "13215183"
  },
  {
    "ID Number": "13224794"
  },
  {
    "ID Number": "13222872"
  },
  {
    "ID Number": "13215477"
  },
  {
    "ID Number": "13209744"
  },
  {
    "ID Number": "13223682"
  },
  {
    "ID Number": "13214454"
  },
  {
    "ID Number": "13207288"
  },
  {
    "ID Number": "13227432"
  },
  {
    "ID Number": "13204386"
  },
  {
    "ID Number": "13215132"
  },
  {
    "ID Number": "13219022"
  },
  {
    "ID Number": "13215760"
  },
  {
    "ID Number": "13233335"
  },
  {
    "ID Number": "13220020"
  },
  {
    "ID Number": "13202316"
  },
  {
    "ID Number": "13221256"
  },
  {
    "ID Number": "13220977"
  },
  {
    "ID Number": "13203088"
  },
  {
    "ID Number": "13202022"
  },
  {
    "ID Number": "13212664"
  },
  {
    "ID Number": "13220110"
  },
  {
    "ID Number": "13234080"
  },
  {
    "ID Number": "34117277"
  },
  {
    "ID Number": "13222953"
  },
  {
    "ID Number": "13232266"
  },
  {
    "ID Number": "13220632"
  },
  {
    "ID Number": "13224883"
  },
  {
    "ID Number": "13229605"
  },
  {
    "ID Number": "13209299"
  },
  {
    "ID Number": "13209280"
  },
  {
    "ID Number": "13213776"
  },
  {
    "ID Number": "13224433"
  },
  {
    "ID Number": "13212877"
  },
  {
    "ID Number": "13212435"
  },
  {
    "ID Number": "13202340"
  },
  {
    "ID Number": "13225960"
  },
  {
    "ID Number": "13205048"
  },
  {
    "ID Number": "13202154"
  },
  {
    "ID Number": "13222805"
  },
  {
    "ID Number": "13208586"
  },
  {
    "ID Number": "13200011"
  },
  {
    "ID Number": "13201212"
  },
  {
    "ID Number": "13231847"
  },
  {
    "ID Number": "13225480"
  },
  {
    "ID Number": "13220586"
  },
  {
    "ID Number": "13207946"
  },
  {
    "ID Number": "13222899"
  },
  {
    "ID Number": "34422587"
  },
  {
    "ID Number": "13224620"
  },
  {
    "ID Number": "13203312"
  },
  {
    "ID Number": "13221159"
  },
  {
    "ID Number": "13218930"
  },
  {
    "ID Number": "13233084"
  },
  {
    "ID Number": "13230611"
  },
  {
    "ID Number": "366109475"
  },
  {
    "ID Number": "88128288"
  },
  {
    "ID Number": "13203584"
  },
  {
    "ID Number": "13226347"
  },
  {
    "ID Number": "13203240"
  },
  {
    "ID Number": "13208810"
  },
  {
    "ID Number": "13215329"
  },
  {
    "ID Number": "13211307"
  },
  {
    "ID Number": "13220861"
  },
  {
    "ID Number": "13731998"
  },
  {
    "ID Number": "13214500"
  },
  {
    "ID Number": "13201239"
  },
  {
    "ID Number": "13216112"
  },
  {
    "ID Number": "13225227"
  },
  {
    "ID Number": "13221086"
  },
  {
    "ID Number": "13227238"
  },
  {
    "ID Number": "13226789"
  },
  {
    "ID Number": "34170936"
  },
  {
    "ID Number": "4907485"
  },
  {
    "ID Number": "13205994"
  },
  {
    "ID Number": "13200992"
  },
  {
    "ID Number": "13219413"
  },
  {
    "ID Number": "13212052"
  },
  {
    "ID Number": "13215450"
  },
  {
    "ID Number": "13222864"
  },
  {
    "ID Number": "13209833"
  },
  {
    "ID Number": "13205293"
  },
  {
    "ID Number": "13208136"
  },
  {
    "ID Number": "13216139"
  },
  {
    "ID Number": "13205056"
  },
  {
    "ID Number": "13213768"
  },
  {
    "ID Number": "13220578"
  },
  {
    "ID Number": "13203320"
  },
  {
    "ID Number": "13203835"
  },
  {
    "ID Number": "13218239"
  },
  {
    "ID Number": "4901320"
  },
  {
    "ID Number": "5029015"
  },
  {
    "ID Number": "13208004"
  },
  {
    "ID Number": "13216597"
  },
  {
    "ID Number": "13216058"
  },
  {
    "ID Number": "13220900"
  },
  {
    "ID Number": "13224352"
  },
  {
    "ID Number": "13209230"
  },
  {
    "ID Number": "329218666"
  },
  {
    "ID Number": "13215698"
  },
  {
    "ID Number": "13219057"
  },
  {
    "ID Number": "413003"
  },
  {
    "ID Number": "13211617"
  },
  {
    "ID Number": "23766506"
  },
  {
    "ID Number": "13231855"
  },
  {
    "ID Number": "34205985"
  },
  {
    "ID Number": "13205145"
  },
  {
    "ID Number": "13221841"
  },
  {
    "ID Number": "13219901"
  },
  {
    "ID Number": "13225316"
  },
  {
    "ID Number": "13216554"
  },
  {
    "ID Number": "13219014"
  },
  {
    "ID Number": "13203266"
  },
  {
    "ID Number": "13204513"
  },
  {
    "ID Number": "2062020"
  },
  {
    "ID Number": "13216244"
  },
  {
    "ID Number": "13201484"
  },
  {
    "ID Number": "13206923"
  },
  {
    "ID Number": "13216457"
  },
  {
    "ID Number": "13223437"
  },
  {
    "ID Number": "13210670"
  },
  {
    "ID Number": "13215663"
  }
]