[
  {
    "ID Number": "13201492",
    "Name": "Ahn, Hongjin",
    "Fed": "KOR",
    "Sex": "M",
    "Title": "IM",
    "WTit": "",
    "OTit": "",
    "FOA": "2182",
    "Rating": "AUG25",
    "Gms": "0",
    "K": "20",
    "B-day": "1999",
    "Flag": "i"
  },
  {
    "ID Number": "13201034",
    "Name": "Ahn, Sungmin",
    "Fed": "KOR",
    "Sex": "M",
    "Title": "",
    "WTit": "",
    "OTit": "",
    "FOA": "1854",
    "Rating": "AUG25",
    "Gms": "0",
    "K": "20",
    "B-day": "1985",
    "Flag": "i"
  },
  {
    "ID Number": "13227220",
    "Name": "Alimbekov, Umar",
    "Fed": "KOR",
    "Sex": "M",
    "Title": "",
    "WTit": "",
    "OTit": "",
    "FOA": "1466",
    "Rating": "AUG25",
    "Gms": "0",
    "K": "40",
    "B-day": "2014",
    "Flag": ""
  },
  {
    "ID Number": "13227211",
    "Name": "Alimbekova, Aibiike",
    "Fed": "KOR",
    "Sex": "F",
    "Title": "",
    "WTit": "",
    "OTit": "",
    "FOA": "1518",
    "Rating": "AUG25",
    "Gms": "0",
    "K": "40",
    "B-day": "2010",
    "Flag": "w"
  },
  {
    "ID Number": "13222228",
    "Name": "Bae, Jaemin",
    "Fed": "KOR",
    "Sex": "M",
    "Title": "",
    "WTit": "",
    "OTit": "",
    "FOA": "1605",
    "Rating": "AUG25",
    "Gms": "12",
    "K": "40",
    "B-day": "2015",
    "Flag": ""
  },
  {
    "ID Number": "13203436",
    "Name": "Bae, Sungwoo",
    "Fed": "KOR",
    "Sex": "M",
    "Title": "",
    "WTit": "",
    "OTit": "",
    "FOA": "1754",
    "Rating": "AUG25",
    "Gms": "0",
    "K": "20",
    "B-day": "1999",
    "Flag": "i"
  },
  {
    "ID Number": "13200186",
    "Name": "Baek, Wongi",
    "Fed": "KOR",
    "Sex": "M",
    "Title": "",
    "WTit": "FI",
    "OTit": "",
    "FOA": "1753",
    "Rating": "AUG25",
    "Gms": "0",
    "K": "20",
    "B-day": "1982",
    "Flag": ""
  },
  {
    "ID Number": "13207091",
    "Name": "Bin Nasrin, Nayyef Ashyraf",
    "Fed": "KOR",
    "Sex": "M",
    "Title": "",
    "WTit": "",
    "OTit": "",
    "FOA": "AFM",
    "Rating": "AUG25",
    "Gms": "1765",
    "K": "0",
    "B-day": "1993",
    "Flag": "i"
  },
  {
    "ID Number": "13205480",
    "Name": "Cheon, Sehyuk",
    "Fed": "KOR",
    "Sex": "M",
    "Title": "CM",
    "WTit": "",
    "OTit": "",
    "FOA": "1804",
    "Rating": "AUG25",
    "Gms": "0",
    "K": "40",
    "B-day": "2008",
    "Flag": "i"
  },
  {
    "ID Number": "13226185",
    "Name": "Cho, Eunjun",
    "Fed": "KOR",
    "Sex": "M",
    "Title": "",
    "WTit": "",
    "OTit": "",
    "FOA": "1692",
    "Rating": "AUG25",
    "Gms": "0",
    "K": "40",
    "B-day": "2016",
    "Flag": ""
  },
  {
    "ID Number": "13200550",
    "Name": "Cho, Seongho",
    "Fed": "KOR",
    "Sex": "M",
    "Title": "",
    "WTit": "NI",
    "OTit": "",
    "FOA": "1908",
    "Rating": "AUG25",
    "Gms": "0",
    "K": "20",
    "B-day": "1990",
    "Flag": "i"
  },
  {
    "ID Number": "13201190",
    "Name": "Cho, Yeonhee",
    "Fed": "KOR",
    "Sex": "F",
    "Title": "WCM",
    "WTit": "WCM",
    "OTit": "NI,NA",
    "FOA": "1743",
    "Rating": "AUG25",
    "Gms": "0",
    "K": "20",
    "B-day": "2001",
    "Flag": "wi"
  },
  {
    "ID Number": "13234706",
    "Name": "Choe, Matthew Hajoon",
    "Fed": "KOR",
    "Sex": "M",
    "Title": "",
    "WTit": "",
    "OTit": "",
    "FOA": "1677",
    "Rating": "AUG25",
    "Gms": "8",
    "K": "40",
    "B-day": "2015",
    "Flag": ""
  },
  {
    "ID Number": "13224530",
    "Name": "Choi, Chanuk",
    "Fed": "KOR",
    "Sex": "M",
    "Title": "",
    "WTit": "",
    "OTit": "",
    "FOA": "AFM",
    "Rating": "AUG25",
    "Gms": "1674",
    "K": "4",
    "B-day": "2009",
    "Flag": ""
  },
  {
    "ID Number": "13232355",
    "Name": "Choi, Hoyeon",
    "Fed": "KOR",
    "Sex": "M",
    "Title": "",
    "WTit": "",
    "OTit": "",
    "FOA": "1618",
    "Rating": "AUG25",
    "Gms": "6",
    "K": "40",
    "B-day": "2005",
    "Flag": ""
  },
  {
    "ID Number": "13211382",
    "Name": "Choi, Hyunbin",
    "Fed": "KOR",
    "Sex": "M",
    "Title": "",
    "WTit": "",
    "OTit": "",
    "FOA": "1587",
    "Rating": "AUG25",
    "Gms": "0",
    "K": "20",
    "B-day": "2006",
    "Flag": "i"
  },
  {
    "ID Number": "13201379",
    "Name": "Choi, Ian",
    "Fed": "KOR",
    "Sex": "M",
    "Title": "",
    "WTit": "",
    "OTit": "",
    "FOA": "1788",
    "Rating": "AUG25",
    "Gms": "0",
    "K": "20",
    "B-day": "1998",
    "Flag": "i"
  },
  {
    "ID Number": "13221140",
    "Name": "Choi, Jungwoon",
    "Fed": "KOR",
    "Sex": "M",
    "Title": "",
    "WTit": "",
    "OTit": "",
    "FOA": "1466",
    "Rating": "AUG25",
    "Gms": "9",
    "K": "40",
    "B-day": "2017",
    "Flag": ""
  },
  {
    "ID Number": "13202820",
    "Name": "Chon, Yongjoon",
    "Fed": "KOR",
    "Sex": "M",
    "Title": "",
    "WTit": "",
    "OTit": "",
    "FOA": "1837",
    "Rating": "AUG25",
    "Gms": "0",
    "K": "20",
    "B-day": "2001",
    "Flag": "i"
  },
  {
    "ID Number": "13206079",
    "Name": "Chun, Junhyun",
    "Fed": "KOR",
    "Sex": "M",
    "Title": "",
    "WTit": "",
    "OTit": "",
    "FOA": "AIM",
    "Rating": "AUG25",
    "Gms": "1540",
    "K": "8",
    "B-day": "2009",
    "Flag": ""
  },
  {
    "ID Number": "13211790",
    "Name": "Chung, Junhyeon",
    "Fed": "KOR",
    "Sex": "M",
    "Title": "",
    "WTit": "",
    "OTit": "",
    "FOA": "1597",
    "Rating": "AUG25",
    "Gms": "0",
    "K": "40",
    "B-day": "2010",
    "Flag": ""
  },
  {
    "ID Number": "13219928",
    "Name": "Feigin, Benjamin",
    "Fed": "KOR",
    "Sex": "M",
    "Title": "",
    "WTit": "",
    "OTit": "",
    "FOA": "1447",
    "Rating": "AUG25",
    "Gms": "0",
    "K": "40",
    "B-day": "2015",
    "Flag": ""
  },
  {
    "ID Number": "13215175",
    "Name": "Feigin, Daniel",
    "Fed": "KOR",
    "Sex": "M",
    "Title": "",
    "WTit": "",
    "OTit": "",
    "FOA": "1798",
    "Rating": "AUG25",
    "Gms": "0",
    "K": "40",
    "B-day": "2012",
    "Flag": ""
  },
  {
    "ID Number": "4908538",
    "Name": "Gerelt-Od Boldbaatar",
    "Fed": "KOR",
    "Sex": "M",
    "Title": "",
    "WTit": "",
    "OTit": "",
    "FOA": "1653",
    "Rating": "AUG25",
    "Gms": "0",
    "K": "40",
    "B-day": "2010",
    "Flag": "i"
  },
  {
    "ID Number": "13217267",
    "Name": "Gim, Hajin",
    "Fed": "KOR",
    "Sex": "M",
    "Title": "",
    "WTit": "",
    "OTit": "",
    "FOA": "AFM",
    "Rating": "AUG25",
    "Gms": "1571",
    "K": "0",
    "B-day": "2014",
    "Flag": ""
  },
  {
    "ID Number": "55686737",
    "Name": "Gon, Andrei",
    "Fed": "KOR",
    "Sex": "M",
    "Title": "",
    "WTit": "",
    "OTit": "",
    "FOA": "AFM",
    "Rating": "AUG25",
    "Gms": "1804",
    "K": "0",
    "B-day": "1985",
    "Flag": ""
  },
  {
    "ID Number": "13200232",
    "Name": "Gu In-Jung",
    "Fed": "KOR",
    "Sex": "M",
    "Title": "",
    "WTit": "",
    "OTit": "",
    "FOA": "1874",
    "Rating": "AUG25",
    "Gms": "0",
    "K": "20",
    "B-day": "1995",
    "Flag": "i"
  },
  {
    "ID Number": "13205501",
    "Name": "Ha, Jaebeen",
    "Fed": "KOR",
    "Sex": "M",
    "Title": "",
    "WTit": "",
    "OTit": "",
    "FOA": "1687",
    "Rating": "AUG25",
    "Gms": "0",
    "K": "20",
    "B-day": "2002",
    "Flag": "i"
  },
  {
    "ID Number": "13213741",
    "Name": "Han, Eunkyeol",
    "Fed": "KOR",
    "Sex": "M",
    "Title": "",
    "WTit": "",
    "OTit": "",
    "FOA": "1415",
    "Rating": "AUG25",
    "Gms": "0",
    "K": "40",
    "B-day": "2013",
    "Flag": "i"
  },
  {
    "ID Number": "13206702",
    "Name": "Ho, Joonsoo",
    "Fed": "KOR",
    "Sex": "M",
    "Title": "",
    "WTit": "",
    "OTit": "",
    "FOA": "1650",
    "Rating": "AUG25",
    "Gms": "0",
    "K": "20",
    "B-day": "2006",
    "Flag": "i"
  },
  {
    "ID Number": "13209795",
    "Name": "Hong, Ian",
    "Fed": "KOR",
    "Sex": "M",
    "Title": "",
    "WTit": "",
    "OTit": "",
    "FOA": "1992",
    "Rating": "AUG25",
    "Gms": "0",
    "K": "40",
    "B-day": "2008",
    "Flag": ""
  },
  {
    "ID Number": "13213687",
    "Name": "Hong, Joohyuk",
    "Fed": "KOR",
    "Sex": "M",
    "Title": "",
    "WTit": "",
    "OTit": "",
    "FOA": "AFM",
    "Rating": "AUG25",
    "Gms": "1657",
    "K": "0",
    "B-day": "2013",
    "Flag": ""
  },
  {
    "ID Number": "13212702",
    "Name": "Hong, Jueun",
    "Fed": "KOR",
    "Sex": "F",
    "Title": "",
    "WTit": "",
    "OTit": "",
    "FOA": "1498",
    "Rating": "AUG25",
    "Gms": "0",
    "K": "40",
    "B-day": "2010",
    "Flag": "w"
  },
  {
    "ID Number": "13205250",
    "Name": "Hong, Sungha",
    "Fed": "KOR",
    "Sex": "M",
    "Title": "",
    "WTit": "",
    "OTit": "",
    "FOA": "1639",
    "Rating": "AUG25",
    "Gms": "0",
    "K": "40",
    "B-day": "2007",
    "Flag": "i"
  },
  {
    "ID Number": "13209590",
    "Name": "Huh, Isaak",
    "Fed": "KOR",
    "Sex": "M",
    "Title": "CM",
    "WTit": "",
    "OTit": "",
    "FOA": "1983",
    "Rating": "AUG25",
    "Gms": "0",
    "K": "40",
    "B-day": "2011",
    "Flag": ""
  },
  {
    "ID Number": "13203193",
    "Name": "Huh, Maximilian Romeo Eunhong",
    "Fed": "KOR",
    "Sex": "M",
    "Title": "",
    "WTit": "",
    "OTit": "",
    "FOA": "1590",
    "Rating": "AUG25",
    "Gms": "0",
    "K": "20",
    "B-day": "2005",
    "Flag": "i"
  },
  {
    "ID Number": "13227475",
    "Name": "Hur, Jiyu",
    "Fed": "KOR",
    "Sex": "M",
    "Title": "",
    "WTit": "",
    "OTit": "",
    "FOA": "1552",
    "Rating": "AUG25",
    "Gms": "6",
    "K": "40",
    "B-day": "2015",
    "Flag": ""
  },
  {
    "ID Number": "13200534",
    "Name": "Hwang, Jinuk",
    "Fed": "KOR",
    "Sex": "M",
    "Title": "",
    "WTit": "",
    "OTit": "",
    "FOA": "1874",
    "Rating": "AUG25",
    "Gms": "0",
    "K": "20",
    "B-day": "1985",
    "Flag": "i"
  },
  {
    "ID Number": "13233114",
    "Name": "Hwang, Noel",
    "Fed": "KOR",
    "Sex": "F",
    "Title": "",
    "WTit": "",
    "OTit": "",
    "FOA": "1645",
    "Rating": "AUG25",
    "Gms": "0",
    "K": "40",
    "B-day": "2012",
    "Flag": "w"
  },
  {
    "ID Number": "13224875",
    "Name": "Hwang, Seungha",
    "Fed": "KOR",
    "Sex": "M",
    "Title": "",
    "WTit": "",
    "OTit": "",
    "FOA": "1554",
    "Rating": "AUG25",
    "Gms": "0",
    "K": "40",
    "B-day": "2011",
    "Flag": "i"
  },
  {
    "ID Number": "13224220",
    "Name": "I, Mark",
    "Fed": "KOR",
    "Sex": "M",
    "Title": "",
    "WTit": "",
    "OTit": "",
    "FOA": "1618",
    "Rating": "AUG25",
    "Gms": "0",
    "K": "40",
    "B-day": "2012",
    "Flag": ""
  },
  {
    "ID Number": "13204955",
    "Name": "Jang, Hyeonho",
    "Fed": "KOR",
    "Sex": "M",
    "Title": "",
    "WTit": "",
    "OTit": "",
    "FOA": "1737",
    "Rating": "AUG25",
    "Gms": "0",
    "K": "20",
    "B-day": "2001",
    "Flag": "i"
  },
  {
    "ID Number": "13216520",
    "Name": "Jang, Seojun",
    "Fed": "KOR",
    "Sex": "M",
    "Title": "",
    "WTit": "",
    "OTit": "",
    "FOA": "AFM",
    "Rating": "AUG25",
    "Gms": "1754",
    "K": "5",
    "B-day": "2014",
    "Flag": ""
  },
  {
    "ID Number": "13218875",
    "Name": "Jang, Seungwoo",
    "Fed": "KOR",
    "Sex": "M",
    "Title": "",
    "WTit": "",
    "OTit": "",
    "FOA": "1454",
    "Rating": "AUG25",
    "Gms": "0",
    "K": "20",
    "B-day": "1980",
    "Flag": "i"
  },
  {
    "ID Number": "13216538",
    "Name": "Jang, Yunseo",
    "Fed": "KOR",
    "Sex": "F",
    "Title": "",
    "WTit": "",
    "OTit": "",
    "FOA": "1452",
    "Rating": "AUG25",
    "Gms": "5",
    "K": "40",
    "B-day": "2011",
    "Flag": "w"
  },
  {
    "ID Number": "13216023",
    "Name": "Je, Jiwoo",
    "Fed": "KOR",
    "Sex": "M",
    "Title": "",
    "WTit": "",
    "OTit": "",
    "FOA": "1665",
    "Rating": "AUG25",
    "Gms": "0",
    "K": "20",
    "B-day": "1999",
    "Flag": ""
  },
  {
    "ID Number": "13234013",
    "Name": "Jeong, Hajun",
    "Fed": "KOR",
    "Sex": "M",
    "Title": "",
    "WTit": "",
    "OTit": "",
    "FOA": "1810",
    "Rating": "AUG25",
    "Gms": "9",
    "K": "40",
    "B-day": "2010",
    "Flag": ""
  },
  {
    "ID Number": "13215205",
    "Name": "Joo, Eram",
    "Fed": "KOR",
    "Sex": "M",
    "Title": "",
    "WTit": "",
    "OTit": "",
    "FOA": "1510",
    "Rating": "AUG25",
    "Gms": "0",
    "K": "40",
    "B-day": "2012",
    "Flag": ""
  },
  {
    "ID Number": "13213202",
    "Name": "Joo, Hyunwoo",
    "Fed": "KOR",
    "Sex": "M",
    "Title": "",
    "WTit": "",
    "OTit": "",
    "FOA": "1660",
    "Rating": "AUG25",
    "Gms": "0",
    "K": "20",
    "B-day": "1995",
    "Flag": "i"
  },
  {
    "ID Number": "13207954",
    "Name": "Jung, Jinuk",
    "Fed": "KOR",
    "Sex": "M",
    "Title": "",
    "WTit": "",
    "OTit": "",
    "FOA": "1677",
    "Rating": "AUG25",
    "Gms": "0",
    "K": "20",
    "B-day": "2006",
    "Flag": "i"
  },
  {
    "ID Number": "13212710",
    "Name": "Jung, Minju",
    "Fed": "KOR",
    "Sex": "F",
    "Title": "",
    "WTit": "",
    "OTit": "",
    "FOA": "1413",
    "Rating": "AUG25",
    "Gms": "0",
    "K": "40",
    "B-day": "2012",
    "Flag": "w"
  },
  {
    "ID Number": "13203762",
    "Name": "Jung, Yoonseo",
    "Fed": "KOR",
    "Sex": "M",
    "Title": "",
    "WTit": "",
    "OTit": "",
    "FOA": "1614",
    "Rating": "AUG25",
    "Gms": "0",
    "K": "20",
    "B-day": "2005",
    "Flag": "i"
  },
  {
    "ID Number": "13200194",
    "Name": "Jung, Young Hoon",
    "Fed": "KOR",
    "Sex": "M",
    "Title": "CM",
    "WTit": "",
    "OTit": "",
    "FOA": "1959",
    "Rating": "AUG25",
    "Gms": "0",
    "K": "20",
    "B-day": "1996",
    "Flag": "i"
  },
  {
    "ID Number": "13201980",
    "Name": "Kang, Jiin",
    "Fed": "KOR",
    "Sex": "F",
    "Title": "",
    "WTit": "",
    "OTit": "",
    "FOA": "1585",
    "Rating": "AUG25",
    "Gms": "0",
    "K": "20",
    "B-day": "2002",
    "Flag": "wi"
  },
  {
    "ID Number": "13205706",
    "Name": "Kang, Sohyun",
    "Fed": "KOR",
    "Sex": "F",
    "Title": "WCM",
    "WTit": "WCM",
    "OTit": "",
    "FOA": "1681",
    "Rating": "AUG25",
    "Gms": "0",
    "K": "40",
    "B-day": "2007",
    "Flag": "wi"
  },
  {
    "ID Number": "13201727",
    "Name": "Kang, Taehyung",
    "Fed": "KOR",
    "Sex": "M",
    "Title": "CM",
    "WTit": "",
    "OTit": "",
    "FOA": "1953",
    "Rating": "AUG25",
    "Gms": "0",
    "K": "20",
    "B-day": "2003",
    "Flag": "i"
  },
  {
    "ID Number": "13227564",
    "Name": "Kha, Unkho",
    "Fed": "KOR",
    "Sex": "M",
    "Title": "",
    "WTit": "",
    "OTit": "",
    "FOA": "1705",
    "Rating": "AUG25",
    "Gms": "0",
    "K": "20",
    "B-day": "1963",
    "Flag": ""
  },
  {
    "ID Number": "24173860",
    "Name": "Khan, Anastasiia",
    "Fed": "KOR",
    "Sex": "F",
    "Title": "WCM",
    "WTit": "WCM",
    "OTit": "NA",
    "FOA": "1917",
    "Rating": "AUG25",
    "Gms": "0",
    "K": "20",
    "B-day": "2001",
    "Flag": "wi"
  },
  {
    "ID Number": "13224921",
    "Name": "Khegai, Denis",
    "Fed": "KOR",
    "Sex": "M",
    "Title": "",
    "WTit": "",
    "OTit": "",
    "FOA": "1511",
    "Rating": "AUG25",
    "Gms": "0",
    "K": "20",
    "B-day": "1977",
    "Flag": ""
  },
  {
    "ID Number": "4129776",
    "Name": "Kim, Alexey",
    "Fed": "KOR",
    "Sex": "M",
    "Title": "GM",
    "WTit": "",
    "OTit": "",
    "FOA": "2517",
    "Rating": "AUG25",
    "Gms": "0",
    "K": "10",
    "B-day": "1986",
    "Flag": "i"
  },
  {
    "ID Number": "13751794",
    "Name": "Kim, Andrey",
    "Fed": "KOR",
    "Sex": "M",
    "Title": "",
    "WTit": "",
    "OTit": "",
    "FOA": "ACM",
    "Rating": "AUG25",
    "Gms": "1829",
    "K": "9",
    "B-day": "2008",
    "Flag": ""
  },
  {
    "ID Number": "13225189",
    "Name": "Kim, Artem D",
    "Fed": "KOR",
    "Sex": "M",
    "Title": "",
    "WTit": "",
    "OTit": "",
    "FOA": "1532",
    "Rating": "AUG25",
    "Gms": "0",
    "K": "40",
    "B-day": "2013",
    "Flag": ""
  },
  {
    "ID Number": "13204572",
    "Name": "Kim, Bokeon",
    "Fed": "KOR",
    "Sex": "M",
    "Title": "",
    "WTit": "",
    "OTit": "",
    "FOA": "1718",
    "Rating": "AUG25",
    "Gms": "0",
    "K": "20",
    "B-day": "1991",
    "Flag": "i"
  },
  {
    "ID Number": "34117234",
    "Name": "Kim, Changhoon",
    "Fed": "KOR",
    "Sex": "M",
    "Title": "CM",
    "WTit": "",
    "OTit": "",
    "FOA": "1896",
    "Rating": "AUG25",
    "Gms": "0",
    "K": "20",
    "B-day": "1985",
    "Flag": "i"
  },
  {
    "ID Number": "13205200",
    "Name": "Kim, Changhyung",
    "Fed": "KOR",
    "Sex": "M",
    "Title": "",
    "WTit": "",
    "OTit": "",
    "FOA": "AIM",
    "Rating": "AUG25",
    "Gms": "1812",
    "K": "0",
    "B-day": "2004",
    "Flag": "i"
  },
  {
    "ID Number": "13212842",
    "Name": "Kim, Donghan",
    "Fed": "KOR",
    "Sex": "M",
    "Title": "",
    "WTit": "",
    "OTit": "",
    "FOA": "1656",
    "Rating": "AUG25",
    "Gms": "0",
    "K": "40",
    "B-day": "2013",
    "Flag": "i"
  },
  {
    "ID Number": "13214420",
    "Name": "Kim, Doyeon B",
    "Fed": "KOR",
    "Sex": "F",
    "Title": "",
    "WTit": "",
    "OTit": "",
    "FOA": "1505",
    "Rating": "AUG25",
    "Gms": "0",
    "K": "40",
    "B-day": "2013",
    "Flag": "w"
  },
  {
    "ID Number": "13215280",
    "Name": "Kim, Echae",
    "Fed": "KOR",
    "Sex": "M",
    "Title": "",
    "WTit": "",
    "OTit": "",
    "FOA": "1709",
    "Rating": "AUG25",
    "Gms": "0",
    "K": "40",
    "B-day": "2014",
    "Flag": ""
  },
  {
    "ID Number": "13224654",
    "Name": "Kim, Evgenii Vlad",
    "Fed": "KOR",
    "Sex": "M",
    "Title": "",
    "WTit": "",
    "OTit": "",
    "FOA": "1506",
    "Rating": "AUG25",
    "Gms": "0",
    "K": "40",
    "B-day": "2010",
    "Flag": ""
  },
  {
    "ID Number": "13223569",
    "Name": "Kim, Gyubeen",
    "Fed": "KOR",
    "Sex": "M",
    "Title": "",
    "WTit": "",
    "OTit": "",
    "FOA": "1592",
    "Rating": "AUG25",
    "Gms": "7",
    "K": "40",
    "B-day": "2014",
    "Flag": ""
  },
  {
    "ID Number": "13218905",
    "Name": "Kim, Hajoon",
    "Fed": "KOR",
    "Sex": "M",
    "Title": "",
    "WTit": "",
    "OTit": "",
    "FOA": "1630",
    "Rating": "AUG25",
    "Gms": "5",
    "K": "40",
    "B-day": "2012",
    "Flag": ""
  },
  {
    "ID Number": "13207245",
    "Name": "Kim, Hannah",
    "Fed": "KOR",
    "Sex": "F",
    "Title": "",
    "WTit": "DI",
    "OTit": "",
    "FOA": "1591",
    "Rating": "AUG25",
    "Gms": "0",
    "K": "20",
    "B-day": "2003",
    "Flag": "wi"
  },
  {
    "ID Number": "13209736",
    "Name": "Kim, Heeyou",
    "Fed": "KOR",
    "Sex": "M",
    "Title": "",
    "WTit": "",
    "OTit": "",
    "FOA": "1520",
    "Rating": "AUG25",
    "Gms": "7",
    "K": "40",
    "B-day": "2010",
    "Flag": ""
  },
  {
    "ID Number": "13206699",
    "Name": "Kim, Heonwoo",
    "Fed": "KOR",
    "Sex": "M",
    "Title": "",
    "WTit": "",
    "OTit": "",
    "FOA": "1528",
    "Rating": "AUG25",
    "Gms": "0",
    "K": "40",
    "B-day": "2009",
    "Flag": "i"
  },
  {
    "ID Number": "13231936",
    "Name": "Kim, Hyowon",
    "Fed": "KOR",
    "Sex": "F",
    "Title": "",
    "WTit": "",
    "OTit": "",
    "FOA": "1582",
    "Rating": "AUG25",
    "Gms": "2",
    "K": "40",
    "B-day": "2012",
    "Flag": "w"
  },
  {
    "ID Number": "13219790",
    "Name": "Kim, Jaeha",
    "Fed": "KOR",
    "Sex": "M",
    "Title": "",
    "WTit": "",
    "OTit": "",
    "FOA": "1580",
    "Rating": "AUG25",
    "Gms": "0",
    "K": "40",
    "B-day": "2017",
    "Flag": ""
  },
  {
    "ID Number": "13230158",
    "Name": "Kim, Jiho A",
    "Fed": "KOR",
    "Sex": "M",
    "Title": "",
    "WTit": "",
    "OTit": "",
    "FOA": "1440",
    "Rating": "AUG25",
    "Gms": "0",
    "K": "40",
    "B-day": "2015",
    "Flag": ""
  },
  {
    "ID Number": "13227467",
    "Name": "Kim, Jihun",
    "Fed": "KOR",
    "Sex": "M",
    "Title": "",
    "WTit": "",
    "OTit": "",
    "FOA": "1475",
    "Rating": "AUG25",
    "Gms": "0",
    "K": "40",
    "B-day": "2015",
    "Flag": ""
  },
  {
    "ID Number": "13202405",
    "Name": "Kim, Jinsoo",
    "Fed": "KOR",
    "Sex": "M",
    "Title": "CM",
    "WTit": "",
    "OTit": "",
    "FOA": "2105",
    "Rating": "AUG25",
    "Gms": "0",
    "K": "20",
    "B-day": "1991",
    "Flag": "i"
  },
  {
    "ID Number": "13219774",
    "Name": "Kim, Jonghun",
    "Fed": "KOR",
    "Sex": "M",
    "Title": "",
    "WTit": "",
    "OTit": "",
    "FOA": "1531",
    "Rating": "AUG25",
    "Gms": "0",
    "K": "20",
    "B-day": "2006",
    "Flag": ""
  },
  {
    "ID Number": "13214462",
    "Name": "Kim, Jooyeon",
    "Fed": "KOR",
    "Sex": "F",
    "Title": "",
    "WTit": "",
    "OTit": "",
    "FOA": "1640",
    "Rating": "AUG25",
    "Gms": "0",
    "K": "40",
    "B-day": "2015",
    "Flag": "w"
  },
  {
    "ID Number": "382104398",
    "Name": "Kim, Junho C",
    "Fed": "KOR",
    "Sex": "M",
    "Title": "",
    "WTit": "",
    "OTit": "",
    "FOA": "1622",
    "Rating": "AUG25",
    "Gms": "0",
    "K": "40",
    "B-day": "2010",
    "Flag": "i"
  },
  {
    "ID Number": "13211447",
    "Name": "Kim, Junhwan",
    "Fed": "KOR",
    "Sex": "M",
    "Title": "",
    "WTit": "",
    "OTit": "",
    "FOA": "1545",
    "Rating": "AUG25",
    "Gms": "0",
    "K": "20",
    "B-day": "1975",
    "Flag": "i"
  },
  {
    "ID Number": "13217895",
    "Name": "Kim, Keonwoo",
    "Fed": "KOR",
    "Sex": "M",
    "Title": "",
    "WTit": "",
    "OTit": "",
    "FOA": "1475",
    "Rating": "AUG25",
    "Gms": "0",
    "K": "40",
    "B-day": "2014",
    "Flag": ""
  },
  {
    "ID Number": "13209000",
    "Name": "Kim, Kunhoo Alexander",
    "Fed": "KOR",
    "Sex": "M",
    "Title": "",
    "WTit": "",
    "OTit": "",
    "FOA": "1725",
    "Rating": "AUG25",
    "Gms": "0",
    "K": "40",
    "B-day": "2011",
    "Flag": ""
  },
  {
    "ID Number": "13225740",
    "Name": "Kim, Lucas Jiwon",
    "Fed": "KOR",
    "Sex": "M",
    "Title": "",
    "WTit": "",
    "OTit": "",
    "FOA": "1434",
    "Rating": "AUG25",
    "Gms": "0",
    "K": "40",
    "B-day": "2014",
    "Flag": ""
  },
  {
    "ID Number": "13230603",
    "Name": "Kim, Mikhail Den",
    "Fed": "KOR",
    "Sex": "M",
    "Title": "",
    "WTit": "",
    "OTit": "",
    "FOA": "1400",
    "Rating": "AUG25",
    "Gms": "0",
    "K": "40",
    "B-day": "2013",
    "Flag": ""
  },
  {
    "ID Number": "13212885",
    "Name": "Kim, Minjun D",
    "Fed": "KOR",
    "Sex": "M",
    "Title": "",
    "WTit": "",
    "OTit": "",
    "FOA": "1623",
    "Rating": "AUG25",
    "Gms": "0",
    "K": "40",
    "B-day": "2012",
    "Flag": "i"
  },
  {
    "ID Number": "13233459",
    "Name": "Kim, Minseung",
    "Fed": "KOR",
    "Sex": "M",
    "Title": "",
    "WTit": "",
    "OTit": "",
    "FOA": "AFM",
    "Rating": "AUG25",
    "Gms": "1660",
    "K": "8",
    "B-day": "2011",
    "Flag": ""
  },
  {
    "ID Number": "13213580",
    "Name": "Kim, Minwoo",
    "Fed": "KOR",
    "Sex": "M",
    "Title": "",
    "WTit": "",
    "OTit": "",
    "FOA": "1434",
    "Rating": "AUG25",
    "Gms": "0",
    "K": "40",
    "B-day": "2012",
    "Flag": ""
  },
  {
    "ID Number": "13229630",
    "Name": "Kim, Myoungsang",
    "Fed": "KOR",
    "Sex": "M",
    "Title": "",
    "WTit": "",
    "OTit": "",
    "FOA": "1672",
    "Rating": "AUG25",
    "Gms": "6",
    "K": "20",
    "B-day": "2000",
    "Flag": ""
  },
  {
    "ID Number": "13215183",
    "Name": "Kim, Nayoon B",
    "Fed": "KOR",
    "Sex": "F",
    "Title": "",
    "WTit": "",
    "OTit": "",
    "FOA": "1516",
    "Rating": "AUG25",
    "Gms": "0",
    "K": "40",
    "B-day": "2014",
    "Flag": "wi"
  },
  {
    "ID Number": "13224794",
    "Name": "Kim, Oleg Al",
    "Fed": "KOR",
    "Sex": "M",
    "Title": "",
    "WTit": "",
    "OTit": "",
    "FOA": "1539",
    "Rating": "AUG25",
    "Gms": "0",
    "K": "20",
    "B-day": "1999",
    "Flag": ""
  },
  {
    "ID Number": "13222872",
    "Name": "Kim, Rian",
    "Fed": "KOR",
    "Sex": "M",
    "Title": "",
    "WTit": "",
    "OTit": "",
    "FOA": "ACM",
    "Rating": "AUG25",
    "Gms": "1465",
    "K": "8",
    "B-day": "2016",
    "Flag": ""
  },
  {
    "ID Number": "13215477",
    "Name": "Kim, Ryan Joonwoo",
    "Fed": "KOR",
    "Sex": "M",
    "Title": "",
    "WTit": "",
    "OTit": "",
    "FOA": "1609",
    "Rating": "AUG25",
    "Gms": "0",
    "K": "40",
    "B-day": "2010",
    "Flag": "i"
  },
  {
    "ID Number": "13209744",
    "Name": "Kim, Sangmin",
    "Fed": "KOR",
    "Sex": "M",
    "Title": "",
    "WTit": "",
    "OTit": "",
    "FOA": "1465",
    "Rating": "AUG25",
    "Gms": "0",
    "K": "40",
    "B-day": "2011",
    "Flag": "i"
  },
  {
    "ID Number": "13223682",
    "Name": "Kim, Siwon",
    "Fed": "KOR",
    "Sex": "M",
    "Title": "",
    "WTit": "",
    "OTit": "",
    "FOA": "1563",
    "Rating": "AUG25",
    "Gms": "9",
    "K": "40",
    "B-day": "2016",
    "Flag": ""
  },
  {
    "ID Number": "13214454",
    "Name": "Kim, Sumin",
    "Fed": "KOR",
    "Sex": "F",
    "Title": "",
    "WTit": "",
    "OTit": "",
    "FOA": "1512",
    "Rating": "AUG25",
    "Gms": "0",
    "K": "20",
    "B-day": "2001",
    "Flag": "wi"
  },
  {
    "ID Number": "13207288",
    "Name": "Kim, Taehun A",
    "Fed": "KOR",
    "Sex": "M",
    "Title": "",
    "WTit": "",
    "OTit": "",
    "FOA": "1522",
    "Rating": "AUG25",
    "Gms": "0",
    "K": "40",
    "B-day": "2009",
    "Flag": "i"
  },
  {
    "ID Number": "13227432",
    "Name": "Kim, Taei A",
    "Fed": "KOR",
    "Sex": "M",
    "Title": "",
    "WTit": "",
    "OTit": "",
    "FOA": "1474",
    "Rating": "AUG25",
    "Gms": "0",
    "K": "40",
    "B-day": "2017",
    "Flag": ""
  },
  {
    "ID Number": "13204386",
    "Name": "Kim, Taewoo A",
    "Fed": "KOR",
    "Sex": "M",
    "Title": "",
    "WTit": "",
    "OTit": "",
    "FOA": "1747",
    "Rating": "AUG25",
    "Gms": "0",
    "K": "20",
    "B-day": "2002",
    "Flag": ""
  },
  {
    "ID Number": "13215132",
    "Name": "Kim, Taewoo C",
    "Fed": "KOR",
    "Sex": "M",
    "Title": "",
    "WTit": "",
    "OTit": "",
    "FOA": "1491",
    "Rating": "AUG25",
    "Gms": "0",
    "K": "40",
    "B-day": "2014",
    "Flag": "i"
  },
  {
    "ID Number": "13219022",
    "Name": "Kim, Yegeon",
    "Fed": "KOR",
    "Sex": "M",
    "Title": "",
    "WTit": "",
    "OTit": "",
    "FOA": "1854",
    "Rating": "AUG25",
    "Gms": "0",
    "K": "40",
    "B-day": "2010",
    "Flag": ""
  },
  {
    "ID Number": "13215760",
    "Name": "Kim, Yejun",
    "Fed": "KOR",
    "Sex": "M",
    "Title": "",
    "WTit": "",
    "OTit": "",
    "FOA": "1741",
    "Rating": "AUG25",
    "Gms": "0",
    "K": "40",
    "B-day": "2010",
    "Flag": ""
  },
  {
    "ID Number": "13233335",
    "Name": "Kim, Yejun A",
    "Fed": "KOR",
    "Sex": "M",
    "Title": "",
    "WTit": "",
    "OTit": "",
    "FOA": "1441",
    "Rating": "AUG25",
    "Gms": "6",
    "K": "40",
    "B-day": "2014",
    "Flag": ""
  },
  {
    "ID Number": "13220020",
    "Name": "Kim, Yeonseo",
    "Fed": "KOR",
    "Sex": "F",
    "Title": "",
    "WTit": "",
    "OTit": "",
    "FOA": "ACM",
    "Rating": "AUG25",
    "Gms": "1475",
    "K": "1",
    "B-day": "2017",
    "Flag": "w"
  },
  {
    "ID Number": "13202316",
    "Name": "Kim, Yubin",
    "Fed": "KOR",
    "Sex": "F",
    "Title": "WCM",
    "WTit": "WCM",
    "OTit": "",
    "FOA": "1760",
    "Rating": "AUG25",
    "Gms": "0",
    "K": "20",
    "B-day": "2004",
    "Flag": "wi"
  },
  {
    "ID Number": "13221256",
    "Name": "Kim, Yubin",
    "Fed": "KOR",
    "Sex": "M",
    "Title": "",
    "WTit": "",
    "OTit": "",
    "FOA": "1660",
    "Rating": "AUG25",
    "Gms": "7",
    "K": "40",
    "B-day": "2008",
    "Flag": ""
  },
  {
    "ID Number": "13220977",
    "Name": "Kwak, Joohwan",
    "Fed": "KOR",
    "Sex": "M",
    "Title": "",
    "WTit": "",
    "OTit": "",
    "FOA": "1494",
    "Rating": "AUG25",
    "Gms": "0",
    "K": "40",
    "B-day": "2016",
    "Flag": "i"
  },
  {
    "ID Number": "13203088",
    "Name": "Kwon, Sehyun",
    "Fed": "KOR",
    "Sex": "M",
    "Title": "FM",
    "WTit": "",
    "OTit": "",
    "FOA": "2154",
    "Rating": "AUG25",
    "Gms": "0",
    "K": "20",
    "B-day": "1998",
    "Flag": ""
  },
  {
    "ID Number": "13202022",
    "Name": "Kwun, Minhyeok",
    "Fed": "KOR",
    "Sex": "M",
    "Title": "",
    "WTit": "",
    "OTit": "",
    "FOA": "1675",
    "Rating": "AUG25",
    "Gms": "0",
    "K": "20",
    "B-day": "1999",
    "Flag": "i"
  },
  {
    "ID Number": "13212664",
    "Name": "Layam, Danny Lardizabal",
    "Fed": "KOR",
    "Sex": "M",
    "Title": "",
    "WTit": "",
    "OTit": "",
    "FOA": "1757",
    "Rating": "AUG25",
    "Gms": "0",
    "K": "20",
    "B-day": "1979",
    "Flag": ""
  },
  {
    "ID Number": "13220110",
    "Name": "Lee, Ain",
    "Fed": "KOR",
    "Sex": "M",
    "Title": "",
    "WTit": "",
    "OTit": "",
    "FOA": "1543",
    "Rating": "AUG25",
    "Gms": "0",
    "K": "40",
    "B-day": "2013",
    "Flag": ""
  },
  {
    "ID Number": "13234080",
    "Name": "Lee, Boram",
    "Fed": "KOR",
    "Sex": "M",
    "Title": "",
    "WTit": "",
    "OTit": "",
    "FOA": "1913",
    "Rating": "AUG25",
    "Gms": "9",
    "K": "40",
    "B-day": "1984",
    "Flag": ""
  },
  {
    "ID Number": "34117277",
    "Name": "Lee, Chulwoo",
    "Fed": "KOR",
    "Sex": "M",
    "Title": "",
    "WTit": "FI",
    "OTit": "",
    "FOA": "1745",
    "Rating": "AUG25",
    "Gms": "0",
    "K": "20",
    "B-day": "1971",
    "Flag": "i"
  },
  {
    "ID Number": "13222953",
    "Name": "Lee, Donggeon",
    "Fed": "KOR",
    "Sex": "M",
    "Title": "",
    "WTit": "",
    "OTit": "",
    "FOA": "1454",
    "Rating": "AUG25",
    "Gms": "0",
    "K": "40",
    "B-day": "2014",
    "Flag": "i"
  },
  {
    "ID Number": "13232266",
    "Name": "Lee, Donghoon A",
    "Fed": "KOR",
    "Sex": "M",
    "Title": "",
    "WTit": "",
    "OTit": "",
    "FOA": "1601",
    "Rating": "AUG25",
    "Gms": "0",
    "K": "20",
    "B-day": "1994",
    "Flag": ""
  },
  {
    "ID Number": "13220632",
    "Name": "Lee, Donghyun C",
    "Fed": "KOR",
    "Sex": "M",
    "Title": "",
    "WTit": "DI",
    "OTit": "",
    "FOA": "1653",
    "Rating": "AUG25",
    "Gms": "0",
    "K": "20",
    "B-day": "2000",
    "Flag": ""
  },
  {
    "ID Number": "13224883",
    "Name": "Lee, Eunhak",
    "Fed": "KOR",
    "Sex": "M",
    "Title": "",
    "WTit": "",
    "OTit": "",
    "FOA": "1545",
    "Rating": "AUG25",
    "Gms": "0",
    "K": "40",
    "B-day": "2015",
    "Flag": "i"
  },
  {
    "ID Number": "13229605",
    "Name": "Lee, Gyuyeon",
    "Fed": "KOR",
    "Sex": "M",
    "Title": "",
    "WTit": "",
    "OTit": "",
    "FOA": "1466",
    "Rating": "AUG25",
    "Gms": "0",
    "K": "40",
    "B-day": "2012",
    "Flag": ""
  },
  {
    "ID Number": "13209299",
    "Name": "Lee, Hyo",
    "Fed": "KOR",
    "Sex": "M",
    "Title": "",
    "WTit": "",
    "OTit": "",
    "FOA": "2131",
    "Rating": "AUG25",
    "Gms": "11",
    "K": "40",
    "B-day": "2007",
    "Flag": ""
  },
  {
    "ID Number": "13209280",
    "Name": "Lee, Hyuk",
    "Fed": "KOR",
    "Sex": "M",
    "Title": "",
    "WTit": "",
    "OTit": "",
    "FOA": "1862",
    "Rating": "AUG25",
    "Gms": "0",
    "K": "20",
    "B-day": "2000",
    "Flag": ""
  },
  {
    "ID Number": "13213776",
    "Name": "Lee, Jihoon",
    "Fed": "KOR",
    "Sex": "M",
    "Title": "",
    "WTit": "",
    "OTit": "",
    "FOA": "1463",
    "Rating": "AUG25",
    "Gms": "0",
    "K": "40",
    "B-day": "2010",
    "Flag": ""
  },
  {
    "ID Number": "13224433",
    "Name": "Lee, Jinwoo A",
    "Fed": "KOR",
    "Sex": "M",
    "Title": "",
    "WTit": "",
    "OTit": "",
    "FOA": "1587",
    "Rating": "AUG25",
    "Gms": "7",
    "K": "40",
    "B-day": "2016",
    "Flag": ""
  },
  {
    "ID Number": "13212877",
    "Name": "Lee, Jiwoo A",
    "Fed": "KOR",
    "Sex": "M",
    "Title": "",
    "WTit": "",
    "OTit": "",
    "FOA": "AIM",
    "Rating": "AUG25",
    "Gms": "1749",
    "K": "6",
    "B-day": "2012",
    "Flag": ""
  },
  {
    "ID Number": "13212435",
    "Name": "Lee, Jonghyun",
    "Fed": "KOR",
    "Sex": "M",
    "Title": "",
    "WTit": "",
    "OTit": "",
    "FOA": "1650",
    "Rating": "AUG25",
    "Gms": "0",
    "K": "40",
    "B-day": "2011",
    "Flag": "i"
  },
  {
    "ID Number": "13202340",
    "Name": "Lee, Junhyeok",
    "Fed": "KOR",
    "Sex": "M",
    "Title": "IM",
    "WTit": "",
    "OTit": "",
    "FOA": "2305",
    "Rating": "AUG25",
    "Gms": "0",
    "K": "20",
    "B-day": "1999",
    "Flag": ""
  },
  {
    "ID Number": "13225960",
    "Name": "Lee, Junwoo A",
    "Fed": "KOR",
    "Sex": "M",
    "Title": "",
    "WTit": "",
    "OTit": "",
    "FOA": "1507",
    "Rating": "AUG25",
    "Gms": "7",
    "K": "40",
    "B-day": "2016",
    "Flag": ""
  },
  {
    "ID Number": "13205048",
    "Name": "Lee, Kyung Chan",
    "Fed": "KOR",
    "Sex": "M",
    "Title": "",
    "WTit": "",
    "OTit": "",
    "FOA": "1691",
    "Rating": "AUG25",
    "Gms": "0",
    "K": "20",
    "B-day": "1998",
    "Flag": "i"
  },
  {
    "ID Number": "13202154",
    "Name": "Lee, Kyungseok",
    "Fed": "KOR",
    "Sex": "M",
    "Title": "CM",
    "WTit": "",
    "OTit": "",
    "FOA": "2029",
    "Rating": "AUG25",
    "Gms": "0",
    "K": "20",
    "B-day": "1992",
    "Flag": "i"
  },
  {
    "ID Number": "13222805",
    "Name": "Lee, Minjoon C",
    "Fed": "KOR",
    "Sex": "M",
    "Title": "",
    "WTit": "",
    "OTit": "",
    "FOA": "1557",
    "Rating": "AUG25",
    "Gms": "0",
    "K": "40",
    "B-day": "2011",
    "Flag": ""
  },
  {
    "ID Number": "13208586",
    "Name": "Lee, Onbin",
    "Fed": "KOR",
    "Sex": "M",
    "Title": "",
    "WTit": "NI",
    "OTit": "",
    "FOA": "1655",
    "Rating": "AUG25",
    "Gms": "0",
    "K": "20",
    "B-day": "1998",
    "Flag": ""
  },
  {
    "ID Number": "13200011",
    "Name": "Lee, Sanghoon",
    "Fed": "KOR",
    "Sex": "M",
    "Title": "FM",
    "WTit": "NI",
    "OTit": "",
    "FOA": "2085",
    "Rating": "AUG25",
    "Gms": "0",
    "K": "20",
    "B-day": "1981",
    "Flag": "i"
  },
  {
    "ID Number": "13201212",
    "Name": "Lee, Seho",
    "Fed": "KOR",
    "Sex": "M",
    "Title": "",
    "WTit": "",
    "OTit": "",
    "FOA": "1740",
    "Rating": "AUG25",
    "Gms": "0",
    "K": "20",
    "B-day": "1989",
    "Flag": ""
  },
  {
    "ID Number": "13231847",
    "Name": "Lee, Seoha",
    "Fed": "KOR",
    "Sex": "F",
    "Title": "",
    "WTit": "",
    "OTit": "",
    "FOA": "1452",
    "Rating": "AUG25",
    "Gms": "0",
    "K": "40",
    "B-day": "2013",
    "Flag": "w"
  },
  {
    "ID Number": "13225480",
    "Name": "Lee, Seohan",
    "Fed": "KOR",
    "Sex": "M",
    "Title": "",
    "WTit": "",
    "OTit": "",
    "FOA": "1563",
    "Rating": "AUG25",
    "Gms": "2",
    "K": "40",
    "B-day": "2015",
    "Flag": ""
  },
  {
    "ID Number": "13220586",
    "Name": "Lee, Sungjun",
    "Fed": "KOR",
    "Sex": "M",
    "Title": "",
    "WTit": "",
    "OTit": "",
    "FOA": "1848",
    "Rating": "AUG25",
    "Gms": "0",
    "K": "40",
    "B-day": "2008",
    "Flag": "i"
  },
  {
    "ID Number": "13207946",
    "Name": "Lee, Woosung",
    "Fed": "KOR",
    "Sex": "M",
    "Title": "",
    "WTit": "",
    "OTit": "",
    "FOA": "AIM",
    "Rating": "AUG25",
    "Gms": "1746",
    "K": "0",
    "B-day": "2008",
    "Flag": "i"
  },
  {
    "ID Number": "13222899",
    "Name": "Lee, Yoonsoo",
    "Fed": "KOR",
    "Sex": "M",
    "Title": "",
    "WTit": "",
    "OTit": "",
    "FOA": "1461",
    "Rating": "AUG25",
    "Gms": "2",
    "K": "40",
    "B-day": "2011",
    "Flag": ""
  },
  {
    "ID Number": "34422587",
    "Name": "Li, Anna",
    "Fed": "KOR",
    "Sex": "F",
    "Title": "",
    "WTit": "",
    "OTit": "",
    "FOA": "1605",
    "Rating": "AUG25",
    "Gms": "0",
    "K": "40",
    "B-day": "2007",
    "Flag": "w"
  },
  {
    "ID Number": "13224620",
    "Name": "Lim, Dmitry",
    "Fed": "KOR",
    "Sex": "M",
    "Title": "",
    "WTit": "",
    "OTit": "",
    "FOA": "1802",
    "Rating": "AUG25",
    "Gms": "0",
    "K": "20",
    "B-day": "1974",
    "Flag": ""
  },
  {
    "ID Number": "13203312",
    "Name": "Lim, Hyeyoon",
    "Fed": "KOR",
    "Sex": "F",
    "Title": "",
    "WTit": "",
    "OTit": "",
    "FOA": "1555",
    "Rating": "AUG25",
    "Gms": "0",
    "K": "20",
    "B-day": "2005",
    "Flag": "wi"
  },
  {
    "ID Number": "13221159",
    "Name": "Lim, Jihyuk",
    "Fed": "KOR",
    "Sex": "M",
    "Title": "",
    "WTit": "",
    "OTit": "",
    "FOA": "1480",
    "Rating": "AUG25",
    "Gms": "0",
    "K": "40",
    "B-day": "2014",
    "Flag": "i"
  },
  {
    "ID Number": "13218930",
    "Name": "Lim, Jiseong",
    "Fed": "KOR",
    "Sex": "M",
    "Title": "",
    "WTit": "",
    "OTit": "",
    "FOA": "1548",
    "Rating": "AUG25",
    "Gms": "0",
    "K": "20",
    "B-day": "2006",
    "Flag": "i"
  },
  {
    "ID Number": "13233084",
    "Name": "Lim, Seungmin",
    "Fed": "KOR",
    "Sex": "M",
    "Title": "",
    "WTit": "",
    "OTit": "",
    "FOA": "1626",
    "Rating": "AUG25",
    "Gms": "7",
    "K": "40",
    "B-day": "2011",
    "Flag": ""
  },
  {
    "ID Number": "13230611",
    "Name": "Lim, Vladislav",
    "Fed": "KOR",
    "Sex": "M",
    "Title": "",
    "WTit": "",
    "OTit": "",
    "FOA": "1438",
    "Rating": "AUG25",
    "Gms": "0",
    "K": "20",
    "B-day": "1971",
    "Flag": ""
  },
  {
    "ID Number": "366109475",
    "Name": "Meiyazhagan, Kaviinayan",
    "Fed": "KOR",
    "Sex": "M",
    "Title": "",
    "WTit": "",
    "OTit": "",
    "FOA": "AFM",
    "Rating": "AUG25",
    "Gms": "1672",
    "K": "6",
    "B-day": "2016",
    "Flag": ""
  },
  {
    "ID Number": "88128288",
    "Name": "Meiyazhagan, Ruvedha",
    "Fed": "KOR",
    "Sex": "F",
    "Title": "",
    "WTit": "",
    "OTit": "",
    "FOA": "ACM",
    "Rating": "AUG25",
    "Gms": "1453",
    "K": "0",
    "B-day": "2009",
    "Flag": "wi"
  },
  {
    "ID Number": "13203584",
    "Name": "Mikulik, Dmitry",
    "Fed": "KOR",
    "Sex": "M",
    "Title": "",
    "WTit": "",
    "OTit": "",
    "FOA": "1856",
    "Rating": "AUG25",
    "Gms": "0",
    "K": "20",
    "B-day": "1980",
    "Flag": "i"
  },
  {
    "ID Number": "13226347",
    "Name": "Moon, Sunwoong",
    "Fed": "KOR",
    "Sex": "M",
    "Title": "",
    "WTit": "",
    "OTit": "",
    "FOA": "1823",
    "Rating": "AUG25",
    "Gms": "0",
    "K": "40",
    "B-day": "2010",
    "Flag": "i"
  },
  {
    "ID Number": "13203240",
    "Name": "Nam, Ju Won",
    "Fed": "KOR",
    "Sex": "M",
    "Title": "",
    "WTit": "",
    "OTit": "",
    "FOA": "1733",
    "Rating": "AUG25",
    "Gms": "0",
    "K": "20",
    "B-day": "2003",
    "Flag": "i"
  },
  {
    "ID Number": "13208810",
    "Name": "Nam, Kanghyeon",
    "Fed": "KOR",
    "Sex": "M",
    "Title": "",
    "WTit": "",
    "OTit": "",
    "FOA": "1784",
    "Rating": "AUG25",
    "Gms": "9",
    "K": "20",
    "B-day": "2001",
    "Flag": ""
  },
  {
    "ID Number": "13215329",
    "Name": "Nam, Wonwoo",
    "Fed": "KOR",
    "Sex": "M",
    "Title": "",
    "WTit": "",
    "OTit": "",
    "FOA": "1561",
    "Rating": "AUG25",
    "Gms": "0",
    "K": "20",
    "B-day": "2003",
    "Flag": ""
  },
  {
    "ID Number": "13211307",
    "Name": "Noh, Jinwoo",
    "Fed": "KOR",
    "Sex": "M",
    "Title": "",
    "WTit": "",
    "OTit": "",
    "FOA": "AIM",
    "Rating": "AUG25",
    "Gms": "1887",
    "K": "0",
    "B-day": "2007",
    "Flag": ""
  },
  {
    "ID Number": "13220861",
    "Name": "Ock, Seungheon",
    "Fed": "KOR",
    "Sex": "M",
    "Title": "",
    "WTit": "",
    "OTit": "",
    "FOA": "1467",
    "Rating": "AUG25",
    "Gms": "0",
    "K": "40",
    "B-day": "2013",
    "Flag": "i"
  },
  {
    "ID Number": "13731998",
    "Name": "Ogay, Anastassiya",
    "Fed": "KOR",
    "Sex": "F",
    "Title": "",
    "WTit": "",
    "OTit": "",
    "FOA": "1628",
    "Rating": "AUG25",
    "Gms": "8",
    "K": "40",
    "B-day": "2008",
    "Flag": "w"
  },
  {
    "ID Number": "13214500",
    "Name": "Oh, Jeongyun",
    "Fed": "KOR",
    "Sex": "M",
    "Title": "",
    "WTit": "",
    "OTit": "",
    "FOA": "1448",
    "Rating": "AUG25",
    "Gms": "0",
    "K": "40",
    "B-day": "2013",
    "Flag": "i"
  },
  {
    "ID Number": "13201239",
    "Name": "Oh, Minah",
    "Fed": "KOR",
    "Sex": "F",
    "Title": "WCM",
    "WTit": "WCM",
    "OTit": "",
    "FOA": "1723",
    "Rating": "AUG25",
    "Gms": "0",
    "K": "20",
    "B-day": "1997",
    "Flag": "wi"
  },
  {
    "ID Number": "13216112",
    "Name": "Oh, Sejun",
    "Fed": "KOR",
    "Sex": "M",
    "Title": "",
    "WTit": "",
    "OTit": "",
    "FOA": "1692",
    "Rating": "AUG25",
    "Gms": "0",
    "K": "40",
    "B-day": "2014",
    "Flag": "i"
  },
  {
    "ID Number": "13225227",
    "Name": "Osipenko, Arina",
    "Fed": "KOR",
    "Sex": "F",
    "Title": "",
    "WTit": "",
    "OTit": "",
    "FOA": "1441",
    "Rating": "AUG25",
    "Gms": "0",
    "K": "40",
    "B-day": "2012",
    "Flag": "w"
  },
  {
    "ID Number": "13221086",
    "Name": "Pak, Daniil",
    "Fed": "KOR",
    "Sex": "M",
    "Title": "",
    "WTit": "",
    "OTit": "",
    "FOA": "1543",
    "Rating": "AUG25",
    "Gms": "0",
    "K": "20",
    "B-day": "2003",
    "Flag": ""
  },
  {
    "ID Number": "13227238",
    "Name": "Pak, Maksim",
    "Fed": "KOR",
    "Sex": "M",
    "Title": "",
    "WTit": "",
    "OTit": "",
    "FOA": "1615",
    "Rating": "AUG25",
    "Gms": "0",
    "K": "40",
    "B-day": "2012",
    "Flag": ""
  },
  {
    "ID Number": "13226789",
    "Name": "Pak, Vadim Al",
    "Fed": "KOR",
    "Sex": "M",
    "Title": "",
    "WTit": "",
    "OTit": "",
    "FOA": "1433",
    "Rating": "AUG25",
    "Gms": "0",
    "K": "40",
    "B-day": "2012",
    "Flag": ""
  },
  {
    "ID Number": "34170936",
    "Name": "Palamar, Alina",
    "Fed": "KOR",
    "Sex": "F",
    "Title": "",
    "WTit": "",
    "OTit": "",
    "FOA": "1494",
    "Rating": "AUG25",
    "Gms": "0",
    "K": "40",
    "B-day": "2008",
    "Flag": "wi"
  },
  {
    "ID Number": "4907485",
    "Name": "Park, Haneul",
    "Fed": "KOR",
    "Sex": "F",
    "Title": "WCM",
    "WTit": "WCM",
    "OTit": "",
    "FOA": "1703",
    "Rating": "AUG25",
    "Gms": "3",
    "K": "40",
    "B-day": "2008",
    "Flag": "w"
  },
  {
    "ID Number": "13205994",
    "Name": "Park, Hongkyu",
    "Fed": "KOR",
    "Sex": "M",
    "Title": "",
    "WTit": "",
    "OTit": "",
    "FOA": "1674",
    "Rating": "AUG25",
    "Gms": "0",
    "K": "20",
    "B-day": "2006",
    "Flag": "i"
  },
  {
    "ID Number": "13200992",
    "Name": "Park, Hyuckmin",
    "Fed": "KOR",
    "Sex": "M",
    "Title": "",
    "WTit": "NI",
    "OTit": "",
    "FOA": "1699",
    "Rating": "AUG25",
    "Gms": "0",
    "K": "20",
    "B-day": "1997",
    "Flag": "i"
  },
  {
    "ID Number": "13219413",
    "Name": "Park, Ian Yu",
    "Fed": "KOR",
    "Sex": "M",
    "Title": "",
    "WTit": "",
    "OTit": "",
    "FOA": "1416",
    "Rating": "AUG25",
    "Gms": "0",
    "K": "40",
    "B-day": "2011",
    "Flag": "i"
  },
  {
    "ID Number": "13212052",
    "Name": "Park, Inchan",
    "Fed": "KOR",
    "Sex": "M",
    "Title": "",
    "WTit": "",
    "OTit": "",
    "FOA": "1931",
    "Rating": "AUG25",
    "Gms": "0",
    "K": "40",
    "B-day": "2009",
    "Flag": ""
  },
  {
    "ID Number": "13215450",
    "Name": "Park, Jaeik",
    "Fed": "KOR",
    "Sex": "M",
    "Title": "",
    "WTit": "",
    "OTit": "",
    "FOA": "1483",
    "Rating": "AUG25",
    "Gms": "0",
    "K": "40",
    "B-day": "2014",
    "Flag": "i"
  },
  {
    "ID Number": "13222864",
    "Name": "Park, Kokun",
    "Fed": "KOR",
    "Sex": "M",
    "Title": "",
    "WTit": "",
    "OTit": "",
    "FOA": "1554",
    "Rating": "AUG25",
    "Gms": "0",
    "K": "40",
    "B-day": "2009",
    "Flag": "i"
  },
  {
    "ID Number": "13209833",
    "Name": "Park, Kun",
    "Fed": "KOR",
    "Sex": "M",
    "Title": "",
    "WTit": "",
    "OTit": "",
    "FOA": "1789",
    "Rating": "AUG25",
    "Gms": "0",
    "K": "20",
    "B-day": "1991",
    "Flag": ""
  },
  {
    "ID Number": "13205293",
    "Name": "Park, Minwoo",
    "Fed": "KOR",
    "Sex": "M",
    "Title": "",
    "WTit": "",
    "OTit": "",
    "FOA": "1527",
    "Rating": "AUG25",
    "Gms": "0",
    "K": "20",
    "B-day": "2006",
    "Flag": "i"
  },
  {
    "ID Number": "13208136",
    "Name": "Park, Minwoo B",
    "Fed": "KOR",
    "Sex": "M",
    "Title": "",
    "WTit": "",
    "OTit": "",
    "FOA": "1723",
    "Rating": "AUG25",
    "Gms": "0",
    "K": "20",
    "B-day": "2005",
    "Flag": "i"
  },
  {
    "ID Number": "13216139",
    "Name": "Park, Onyoo",
    "Fed": "KOR",
    "Sex": "M",
    "Title": "",
    "WTit": "",
    "OTit": "",
    "FOA": "AFM",
    "Rating": "AUG25",
    "Gms": "1783",
    "K": "0",
    "B-day": "2012",
    "Flag": ""
  },
  {
    "ID Number": "13205056",
    "Name": "Park, Seonghyeon",
    "Fed": "KOR",
    "Sex": "M",
    "Title": "",
    "WTit": "",
    "OTit": "",
    "FOA": "1654",
    "Rating": "AUG25",
    "Gms": "0",
    "K": "20",
    "B-day": "2006",
    "Flag": "i"
  },
  {
    "ID Number": "13213768",
    "Name": "Park, Seonjae",
    "Fed": "KOR",
    "Sex": "M",
    "Title": "",
    "WTit": "",
    "OTit": "",
    "FOA": "1881",
    "Rating": "AUG25",
    "Gms": "0",
    "K": "40",
    "B-day": "2008",
    "Flag": ""
  },
  {
    "ID Number": "13220578",
    "Name": "Park, Sihoo",
    "Fed": "KOR",
    "Sex": "M",
    "Title": "",
    "WTit": "",
    "OTit": "",
    "FOA": "1728",
    "Rating": "AUG25",
    "Gms": "7",
    "K": "40",
    "B-day": "2009",
    "Flag": ""
  },
  {
    "ID Number": "13203320",
    "Name": "Park, Sunwoo",
    "Fed": "KOR",
    "Sex": "F",
    "Title": "WFM",
    "WTit": "WFM",
    "OTit": "",
    "FOA": "1822",
    "Rating": "AUG25",
    "Gms": "0",
    "K": "20",
    "B-day": "2003",
    "Flag": "wi"
  },
  {
    "ID Number": "13203835",
    "Name": "Park, Yerim",
    "Fed": "KOR",
    "Sex": "F",
    "Title": "",
    "WTit": "DI",
    "OTit": "",
    "FOA": "1446",
    "Rating": "AUG25",
    "Gms": "0",
    "K": "20",
    "B-day": "2004",
    "Flag": "w"
  },
  {
    "ID Number": "13218239",
    "Name": "Quirk, Duk Hunter",
    "Fed": "KOR",
    "Sex": "M",
    "Title": "",
    "WTit": "",
    "OTit": "",
    "FOA": "1612",
    "Rating": "AUG25",
    "Gms": "0",
    "K": "40",
    "B-day": "2010",
    "Flag": "i"
  },
  {
    "ID Number": "4901320",
    "Name": "Rentsen, Erdenetulga",
    "Fed": "KOR",
    "Sex": "M",
    "Title": "",
    "WTit": "",
    "OTit": "",
    "FOA": "2140",
    "Rating": "AUG25",
    "Gms": "0",
    "K": "20",
    "B-day": "1992",
    "Flag": ""
  },
  {
    "ID Number": "5029015",
    "Name": "RV, Adith",
    "Fed": "KOR",
    "Sex": "M",
    "Title": "",
    "WTit": "",
    "OTit": "",
    "FOA": "1843",
    "Rating": "AUG25",
    "Gms": "0",
    "K": "20",
    "B-day": "1998",
    "Flag": "i"
  },
  {
    "ID Number": "13208004",
    "Name": "Ryu, Joon",
    "Fed": "KOR",
    "Sex": "M",
    "Title": "",
    "WTit": "",
    "OTit": "",
    "FOA": "1615",
    "Rating": "AUG25",
    "Gms": "0",
    "K": "20",
    "B-day": "2004",
    "Flag": "i"
  },
  {
    "ID Number": "13216597",
    "Name": "Seo, Juwon",
    "Fed": "KOR",
    "Sex": "M",
    "Title": "",
    "WTit": "",
    "OTit": "",
    "FOA": "AFM",
    "Rating": "AUG25",
    "Gms": "1757",
    "K": "0",
    "B-day": "2014",
    "Flag": ""
  },
  {
    "ID Number": "13216058",
    "Name": "Seo, Minwook",
    "Fed": "KOR",
    "Sex": "M",
    "Title": "",
    "WTit": "",
    "OTit": "",
    "FOA": "1860",
    "Rating": "AUG25",
    "Gms": "0",
    "K": "40",
    "B-day": "2008",
    "Flag": "i"
  },
  {
    "ID Number": "13220900",
    "Name": "Seo, Pureum",
    "Fed": "KOR",
    "Sex": "M",
    "Title": "",
    "WTit": "",
    "OTit": "",
    "FOA": "1635",
    "Rating": "AUG25",
    "Gms": "0",
    "K": "40",
    "B-day": "2016",
    "Flag": ""
  },
  {
    "ID Number": "13224352",
    "Name": "Shim, Hyunjoon",
    "Fed": "KOR",
    "Sex": "M",
    "Title": "",
    "WTit": "",
    "OTit": "",
    "FOA": "1518",
    "Rating": "AUG25",
    "Gms": "0",
    "K": "40",
    "B-day": "2011",
    "Flag": "i"
  },
  {
    "ID Number": "13209230",
    "Name": "Shin, Minchan",
    "Fed": "KOR",
    "Sex": "M",
    "Title": "",
    "WTit": "",
    "OTit": "",
    "FOA": "1619",
    "Rating": "AUG25",
    "Gms": "0",
    "K": "20",
    "B-day": "2006",
    "Flag": "i"
  },
  {
    "ID Number": "329218666",
    "Name": "Shinn, Jungmin",
    "Fed": "KOR",
    "Sex": "M",
    "Title": "",
    "WTit": "",
    "OTit": "",
    "FOA": "AGM",
    "Rating": "AUG25",
    "Gms": "1905",
    "K": "0",
    "B-day": "2004",
    "Flag": "i"
  },
  {
    "ID Number": "13215698",
    "Name": "Son, Juwon",
    "Fed": "KOR",
    "Sex": "M",
    "Title": "",
    "WTit": "",
    "OTit": "",
    "FOA": "AGM",
    "Rating": "AUG25",
    "Gms": "1594",
    "K": "9",
    "B-day": "2012",
    "Flag": ""
  },
  {
    "ID Number": "13219057",
    "Name": "Song, Jihu",
    "Fed": "KOR",
    "Sex": "M",
    "Title": "",
    "WTit": "",
    "OTit": "",
    "FOA": "1824",
    "Rating": "AUG25",
    "Gms": "9",
    "K": "40",
    "B-day": "2013",
    "Flag": ""
  },
  {
    "ID Number": "413003",
    "Name": "Song, Jinwoo",
    "Fed": "KOR",
    "Sex": "M",
    "Title": "FM",
    "WTit": "FI",
    "OTit": "",
    "FOA": "1894",
    "Rating": "AUG25",
    "Gms": "0",
    "K": "20",
    "B-day": "1973",
    "Flag": ""
  },
  {
    "ID Number": "13211617",
    "Name": "Song, Mingeun",
    "Fed": "KOR",
    "Sex": "M",
    "Title": "",
    "WTit": "",
    "OTit": "",
    "FOA": "1704",
    "Rating": "AUG25",
    "Gms": "0",
    "K": "40",
    "B-day": "2011",
    "Flag": "i"
  },
  {
    "ID Number": "23766506",
    "Name": "Song, Yul",
    "Fed": "KOR",
    "Sex": "M",
    "Title": "",
    "WTit": "",
    "OTit": "",
    "FOA": "1473",
    "Rating": "AUG25",
    "Gms": "0",
    "K": "40",
    "B-day": "2012",
    "Flag": "i"
  },
  {
    "ID Number": "13231855",
    "Name": "Ten, Dmitriy Val",
    "Fed": "KOR",
    "Sex": "M",
    "Title": "",
    "WTit": "",
    "OTit": "",
    "FOA": "1446",
    "Rating": "AUG25",
    "Gms": "0",
    "K": "40",
    "B-day": "2011",
    "Flag": ""
  },
  {
    "ID Number": "34205985",
    "Name": "Ten, Polina",
    "Fed": "KOR",
    "Sex": "F",
    "Title": "",
    "WTit": "",
    "OTit": "",
    "FOA": "1591",
    "Rating": "AUG25",
    "Gms": "0",
    "K": "40",
    "B-day": "2009",
    "Flag": "wi"
  },
  {
    "ID Number": "13205145",
    "Name": "Wong, Hayoung",
    "Fed": "KOR",
    "Sex": "M",
    "Title": "",
    "WTit": "",
    "OTit": "",
    "FOA": "1715",
    "Rating": "AUG25",
    "Gms": "0",
    "K": "20",
    "B-day": "1985",
    "Flag": ""
  },
  {
    "ID Number": "13221841",
    "Name": "Yang, Dongwoo",
    "Fed": "KOR",
    "Sex": "M",
    "Title": "",
    "WTit": "",
    "OTit": "",
    "FOA": "1656",
    "Rating": "AUG25",
    "Gms": "15",
    "K": "40",
    "B-day": "2008",
    "Flag": ""
  },
  {
    "ID Number": "13219901",
    "Name": "Yang, Haeun",
    "Fed": "KOR",
    "Sex": "F",
    "Title": "",
    "WTit": "",
    "OTit": "",
    "FOA": "1447",
    "Rating": "AUG25",
    "Gms": "0",
    "K": "40",
    "B-day": "2015",
    "Flag": "w"
  },
  {
    "ID Number": "13225316",
    "Name": "Yang, Hayeon",
    "Fed": "KOR",
    "Sex": "F",
    "Title": "",
    "WTit": "",
    "OTit": "",
    "FOA": "1504",
    "Rating": "AUG25",
    "Gms": "0",
    "K": "40",
    "B-day": "2012",
    "Flag": "w"
  },
  {
    "ID Number": "13216554",
    "Name": "Yang, Jin",
    "Fed": "KOR",
    "Sex": "M",
    "Title": "",
    "WTit": "",
    "OTit": "",
    "FOA": "1484",
    "Rating": "AUG25",
    "Gms": "0",
    "K": "40",
    "B-day": "2013",
    "Flag": "i"
  },
  {
    "ID Number": "13219014",
    "Name": "Yang, Joowon",
    "Fed": "KOR",
    "Sex": "M",
    "Title": "",
    "WTit": "",
    "OTit": "",
    "FOA": "1631",
    "Rating": "AUG25",
    "Gms": "0",
    "K": "40",
    "B-day": "2011",
    "Flag": "i"
  },
  {
    "ID Number": "13203266",
    "Name": "Yi, Sejin",
    "Fed": "KOR",
    "Sex": "M",
    "Title": "",
    "WTit": "",
    "OTit": "",
    "FOA": "1661",
    "Rating": "AUG25",
    "Gms": "0",
    "K": "20",
    "B-day": "2002",
    "Flag": "i"
  },
  {
    "ID Number": "13204513",
    "Name": "Yim, Jay",
    "Fed": "KOR",
    "Sex": "F",
    "Title": "",
    "WTit": "",
    "OTit": "",
    "FOA": "1464",
    "Rating": "AUG25",
    "Gms": "0",
    "K": "40",
    "B-day": "2007",
    "Flag": "wi"
  },
  {
    "ID Number": "2062020",
    "Name": "Yim, Sung Ho",
    "Fed": "KOR",
    "Sex": "M",
    "Title": "FM",
    "WTit": "",
    "OTit": "",
    "FOA": "2233",
    "Rating": "AUG25",
    "Gms": "0",
    "K": "20",
    "B-day": "1999",
    "Flag": "i"
  },
  {
    "ID Number": "13216244",
    "Name": "Yoon, Jiwan",
    "Fed": "KOR",
    "Sex": "M",
    "Title": "",
    "WTit": "",
    "OTit": "",
    "FOA": "1459",
    "Rating": "AUG25",
    "Gms": "0",
    "K": "40",
    "B-day": "2007",
    "Flag": ""
  },
  {
    "ID Number": "13201484",
    "Name": "You, Haneul",
    "Fed": "KOR",
    "Sex": "M",
    "Title": "",
    "WTit": "",
    "OTit": "",
    "FOA": "1858",
    "Rating": "AUG25",
    "Gms": "0",
    "K": "20",
    "B-day": "1999",
    "Flag": "i"
  },
  {
    "ID Number": "13206923",
    "Name": "You, Jiho",
    "Fed": "KOR",
    "Sex": "M",
    "Title": "",
    "WTit": "",
    "OTit": "",
    "FOA": "1705",
    "Rating": "AUG25",
    "Gms": "0",
    "K": "20",
    "B-day": "2005",
    "Flag": "i"
  },
  {
    "ID Number": "13216457",
    "Name": "Youn, Laeho",
    "Fed": "KOR",
    "Sex": "M",
    "Title": "",
    "WTit": "",
    "OTit": "",
    "FOA": "AFM",
    "Rating": "AUG25",
    "Gms": "1663",
    "K": "0",
    "B-day": "2015",
    "Flag": ""
  },
  {
    "ID Number": "13223437",
    "Name": "Yu, Shiwoon",
    "Fed": "KOR",
    "Sex": "M",
    "Title": "",
    "WTit": "",
    "OTit": "",
    "FOA": "ACM",
    "Rating": "AUG25",
    "Gms": "1514",
    "K": "0",
    "B-day": "2011",
    "Flag": ""
  },
  {
    "ID Number": "13210670",
    "Name": "Yun, Hungi",
    "Fed": "KOR",
    "Sex": "M",
    "Title": "CM",
    "WTit": "",
    "OTit": "",
    "FOA": "2245",
    "Rating": "AUG25",
    "Gms": "9",
    "K": "40",
    "B-day": "2010",
    "Flag": ""
  },
  {
    "ID Number": "13215663",
    "Name": "Zee, Hyeonjeong",
    "Fed": "KOR",
    "Sex": "F",
    "Title": "",
    "WTit": "",
    "OTit": "",
    "FOA": "1480",
    "Rating": "AUG25",
    "Gms": "6",
    "K": "40",
    "B-day": "2011",
    "Flag": "w"
  }
]