ID Number,Name,Fed,Sex,Title,WTit,OTit,Rating,Gms,K,RatingMonth,B-day,Flag
6610820,"Abrego Tugri, Adaina Michell",PAN,F,,,,1433,0,40,SEP25,2007,wi
6607373,"Abrego, Laura Victoria",PAN,F,,,,1532,0,40,SEP25,2006,w
6608469,"Acevedo Herrera, Jonathan Ricardo",PAN,M,,NA,,1765,0,20,SEP25,1992,
6610846,"Acosta Cotes, Jose Daniel",PAN,M,,,,1645,0,40,SEP25,2008,i
6629474,"Acuna Mardones, Diego Ignacio",PAN,M,,,,1531,0,40,SEP25,2009,
6605427,"Agames Perez, Marta Magali",PAN,F,,,,1497,0,40,SEP25,2005,wi
6603238,"Aguila Batista, Jose Angel",PAN,M,,NA,,AIM,1902,0,SEP25,1996,i
6600719,"Aguilar Sanchez, Edward Javier",PAN,M,,,,1886,0,20,SEP25,1982,i
6600522,"Aizpurua, Patrick Emilio",PAN,M,FM,,,2202,0,20,SEP25,1994,i
6629342,"Alaniz Foyo, Luis Onesimo",PAN,M,,,,1741,0,40,SEP25,1991,i
6615821,"Albornoz Lugo, Carlos Guillermo",PAN,M,,,,1533,0,40,SEP25,2010,
6612121,"Alfaro, Geiler Jostin",PAN,M,,,,1549,0,40,SEP25,2007,i
6612741,"Almengor De Gracia, Danahe Renee",PAN,F,,,,1531,0,40,SEP25,2009,w
6604374,"Alvarez Chang, Claudia Mercedes",PAN,F,,,,1681,0,20,SEP25,2004,wi
6601219,"Alvarez, Walter Danilo",PAN,M,,,,1966,0,20,SEP25,1967,i
6635113,"Amado Quelquejeu, Juan Jose",PAN,M,,,,1607,0,40,SEP25,1999,
6623140,"Amaya Ortega, Romeo Alexander",PAN,M,,,,1593,2,40,SEP25,2013,
6608248,"Amelunge Ruiz, Oscar Marcos",PAN,M,,,,1413,0,40,SEP25,1983,
6623000,"Antinori Rodriguez, Giuseppe Umberto",PAN,M,,,,1533,0,40,SEP25,2014,
6616739,"Arauz Aizpurua, Edwin Ulises",PAN,M,,,,1465,0,20,SEP25,1994,i
6608140,"Archibold, Winston",PAN,M,,,,1605,0,20,SEP25,1963,i
6615112,"Arcia Aparicio, Ariel Antonio",PAN,M,,,,1443,0,20,SEP25,1994,i
6600743,"Ardines, Luis",PAN,M,,,,1912,0,20,SEP25,1990,i
6612458,"Arevalo Guerra, Danna Isabella",PAN,F,,,,1459,0,40,SEP25,2011,wi
6603548,"Arjona, Jorge Horacio",PAN,M,,,,1812,0,20,SEP25,1969,i
6600140,"Arosemena Torrijos, Jorge Luis",PAN,M,FM,,,2093,0,20,SEP25,1968,i
6601227,"Arosemena, Franklin Alberto",PAN,M,,,,1908,0,20,SEP25,1963,i
6607403,"Assis Dayan, Abraham Samuel",PAN,M,,,,1716,0,40,SEP25,2010,
6622135,"Atencio Fagundes, Arthur Enrique",PAN,M,,,,1451,0,40,SEP25,2007,i
6627331,"Atencio Perez, Gabriela Sofia",PAN,F,,,,1468,0,40,SEP25,2014,w
6627340,"Atencio Perez, Randy Nelson",PAN,M,,,,1657,0,40,SEP25,2011,
6616321,"Attie Dayan, Alberto",PAN,M,,,,1528,0,40,SEP25,2016,
6624251,"Avendano Icaza, Alessia Rebeca",PAN,F,,,,1511,0,40,SEP25,2012,w
6604943,"Aviles Quiroz, Ramon",PAN,M,,,,1642,0,20,SEP25,1976,i
6624448,"Azcarraga Lam, Joaquin Enrique",PAN,M,,,,1460,0,40,SEP25,2014,
6602827,"Baker Quintero, Isaac",PAN,M,,,,1647,0,20,SEP25,2002,i
6612580,"Barcia Dominguez, Andrea Alejandra",PAN,F,,,,1473,0,40,SEP25,2008,wi
6627641,"Barletta, Miguel Antonio",PAN,M,,,,1570,0,40,SEP25,2008,i
6614701,"Barragan Diaz, Rafael Antonio",PAN,M,,,,1640,0,40,SEP25,1998,
6600336,"Barria Baker, Raisa Melissa",PAN,F,WFM,WFM,,1999,0,20,SEP25,1987,wi
6604390,"Barria Castillo, Andres Eduardo",PAN,M,,,,1705,0,20,SEP25,1953,i
6600069,"Barria Valdez, Blass Ernesto",PAN,M,CM,,,1924,0,20,SEP25,1954,i
6607918,"Batista Rosas, Nicolas Arturo",PAN,M,FM,,,2048,0,40,SEP25,2007,i
6600530,"Battikh, Jose Miguel",PAN,M,,,,2036,0,20,SEP25,1995,i
6600247,"Baules Rodriguez, Jorge Luis",PAN,M,IM,,,2346,0,20,SEP25,1983,
6629822,"Beckles Waithe, Andrew Jonathan",PAN,M,,,,1713,0,40,SEP25,2009,i
6631266,"Bejerano Rodriguez, Anel",PAN,M,,,,1818,0,40,SEP25,2006,
6607381,"Bogdanov, Daniel Vitaly",PAN,M,,,,1716,0,40,SEP25,2007,i
6607675,"Boniche Alvarez, Mario Enrique",PAN,M,,,,1710,0,40,SEP25,2007,i
6624758,"Bonilla Castro, Sebastian Gabriel",PAN,M,,,,1469,0,40,SEP25,2016,
6600433,"Bonilla Torrero, Felix Antonio",PAN,M,,,,1954,0,20,SEP25,1971,i
6615490,"Bosquez Dominguez, Johan Giovanny",PAN,M,,,,1429,0,40,SEP25,2010,
6601359,"Bosquez Mendieta, Abraham Alberto",PAN,M,,,,1875,0,20,SEP25,1990,i
6622780,"Braun Tenorio, Marianna Claris",PAN,F,,,,1581,0,40,SEP25,2008,w
6614248,"Brito Donis, Barbara Nicole",PAN,F,,,,1450,0,40,SEP25,2014,w
6621945,"Brown Camano, Andres Camilo",PAN,M,,,,1773,15,40,SEP25,2009,
6604757,"Caballero Guevara, Luis Carlos",PAN,M,,,,1614,0,20,SEP25,1965,i
6609279,"Caicedo Rios, Layla Yasmira",PAN,F,,,,1680,0,40,SEP25,2007,w
6612954,"Calderon Atencio, Heidly Hellen",PAN,F,,,,1558,0,40,SEP25,2010,wi
6619843,"Calderon Bolanos, Matias Emanuel",PAN,M,,,,1666,6,40,SEP25,2010,
6619932,"Calderon Bustillos, Agustin Andres",PAN,M,,,,1591,0,40,SEP25,2008,
6602509,"Calvo Lasso, Ernesto Carlos",PAN,M,,,,1803,0,40,SEP25,1989,i
6627129,"Camara Lucas, Allen",PAN,M,,,,1445,0,40,SEP25,2012,
6611320,"Camargo Silva, Samir",PAN,M,,,,1787,9,40,SEP25,2009,
6617883,"Campos Mendieta, Luis Fernando",PAN,M,,,,1522,0,40,SEP25,2013,
6526454,"Candanedo Venegas, Eichel Adanis",PAN,F,,,,1563,0,20,SEP25,2004,wi
6600794,"Cantilo-Paz, Agustin",PAN,M,CM,,,1964,0,20,SEP25,1962,i
6605400,"Carrasco Chong, Ian Pierre",PAN,M,,,,1586,0,40,SEP25,2009,i
6600620,"Carrasco, Brandon",PAN,M,CM,,,1833,0,20,SEP25,2000,i
6600549,"Carrera Du Bois, Alhan E.",PAN,M,,,,1884,0,20,SEP25,1994,i
6600611,"Carrera Ortega, Alhan Enock",PAN,M,,,,1908,0,20,SEP25,1967,i
6606369,"Carrera Saldana, Rommel Abdiel",PAN,M,,FA,,1628,0,20,SEP25,2003,i
3911853,"Carrillo Marval, Maria Angelica",PAN,F,WCM,WCM,"NI,FI,SI,FA",1804,0,20,SEP25,1991,w
6600476,"Carrillo, Jose Antonio",PAN,M,,,,1886,0,20,SEP25,1975,i
6615457,"Castiblanco Cardenas, Camilo",PAN,M,,,,1433,0,40,SEP25,2012,
6617468,"Castiblanco Castano, Emerson",PAN,M,,,,1588,0,40,SEP25,1984,i
6606687,"Castillo Beitia, Ashley Alexandra",PAN,F,FM,WFM,,2047,9,40,SEP25,2009,w
6624898,"Castillo Castillo, Julia Julieth",PAN,F,,,,1419,0,40,SEP25,2014,w
6613306,"Castillo Cruz, Jorge Isaac",PAN,M,,,,1496,0,20,SEP25,1996,
6605664,"Castillo Jimenez, Giancarlo",PAN,M,,,,1542,0,40,SEP25,2007,
6608213,"Castillo Mendoza, Carlos Antonio",PAN,M,,,,1611,1,20,SEP25,2001,
6606318,"Castillo Miranda, Anelys Marie",PAN,F,,,,1527,0,40,SEP25,2008,wi
6606300,"Castillo Miranda, Mariel Eilyn",PAN,F,,,,1450,0,40,SEP25,2009,wi
6606296,"Castillo Miranda, Mario Anel",PAN,M,,,,1871,0,40,SEP25,2009,
6627285,"Castillo Munoz, Eduardo Ahamed",PAN,M,,,,1669,0,20,SEP25,1979,
6600484,"Castillo Osorio, Hetzerth",PAN,M,,,,1915,0,20,SEP25,1987,i
6607420,"Castillo Samudio, Alejandro Daniel",PAN,M,,,,1737,0,40,SEP25,2002,i
6624286,"Cebrian Castillo, Justo Gabriel",PAN,M,,,,1410,0,40,SEP25,2017,
6617379,"Cebrian Kant, Justo Jose",PAN,M,,,,1444,0,20,SEP25,1989,
6609309,"Cedeno del Cid, Arturo Alejandro",PAN,M,,,,1450,2,40,SEP25,2006,
6600166,"Cedeno Tempone, Amhed Antonio",PAN,M,FM,,,1906,0,20,SEP25,1956,i
6621090,"Cesar Sanjur, Camilo",PAN,M,,,,1731,0,20,SEP25,1960,i
6619380,"Chacon Downs, Moises Daniel",PAN,M,,,,1655,0,40,SEP25,1999,
6600565,"Chaluja Garcia Prieto, Jose Antonio",PAN,M,CM,,,1916,0,20,SEP25,2000,
6608345,"Chavarria Troya, Keytleen Denis",PAN,F,WCM,WCM,,1739,0,40,SEP25,2011,w
6600808,"Chavez Polo, Ramses",PAN,M,,,,2069,0,20,SEP25,1993,i
6619215,"Checa Calvo, Jana Valeria",PAN,F,,,,1434,0,40,SEP25,2009,wi
6600816,"Chen Austin, Felipe Gabriel",PAN,M,,,,1856,0,20,SEP25,1992,i
6628133,"Chen, Ziyu",PAN,M,,,,1524,0,40,SEP25,2009,
6630073,"Cherigo Valdes, Israel",PAN,M,,,,1565,0,40,SEP25,2000,
6633200,"Chica Valencia, Samuel",PAN,M,,,,1448,0,40,SEP25,2012,
6600603,"Chung Hurtado, Yaleika",PAN,F,WFM,WFM,FA,1824,0,20,SEP25,1988,w
6602533,"Coma, Dorian",PAN,M,,,,1864,0,20,SEP25,1985,i
6619100,"Concepcion, Ariel",PAN,M,,,,1654,0,40,SEP25,1986,i
6612695,"Cordoba Castillo, Carlos Joaquin",PAN,M,,,,1633,0,20,SEP25,1965,i
6600646,"Corrales, Mario",PAN,M,,,,1758,0,20,SEP25,1985,i
6600298,"Correa Arjona, Marco Antonio",PAN,M,,,,1816,0,20,SEP25,1952,i
6603246,"Cortada Cabot, Josep Maria",PAN,M,,,,1741,0,20,SEP25,1969,i
6612342,"Cortes Franco, Adrian Ignacio",PAN,M,,,,1793,0,40,SEP25,2011,
6622623,"Cortes Franco, Sebastian Andres",PAN,M,,,,1407,0,40,SEP25,2010,
6607705,"Cortes Luk, Jose Alejandro",PAN,M,,,,1470,0,40,SEP25,2008,i
6614124,"Cortez Magallon, Christian Jose",PAN,M,,,,1778,0,20,SEP25,1995,i
6616208,"Cruz Quintanilla, Marianela",PAN,F,,,,1632,0,40,SEP25,2010,w
3535916,"Cueto Fernandez, Manuel Alejandro",PAN,M,,,,1777,0,40,SEP25,2012,
6626599,"Cuevas Morgan, Jorge Enrique",PAN,M,,,,1470,0,40,SEP25,2015,
6617875,"Culff Mendieta, Shay Shirel",PAN,F,,,,1451,0,40,SEP25,2013,w
6625150,"Dayan Altman, David",PAN,M,,,,1497,0,40,SEP25,2005,
6603050,"De Gracia, David Alfonso",PAN,M,,,,1776,0,20,SEP25,1991,i
6613616,"De Hermoso Jovane, Juan Pablo",PAN,M,,,,1482,0,40,SEP25,2012,
6623727,"De Las Casas Saenz, Diego Alejandro",PAN,M,,,,1557,0,40,SEP25,2011,
6622771,"De Leon Munoz, Liz Victoria",PAN,F,,,,1413,0,40,SEP25,2011,w
6600107,"De Leon Palacios, Javier",PAN,M,CM,,,2080,0,20,SEP25,1960,i
6602541,"De Leon, Ismael Antonio",PAN,M,,,,1867,0,20,SEP25,1952,i
6604439,"De Lima, Nelson",PAN,M,,,,1558,0,40,SEP25,1961,
6613349,"Del Cid Grajales, Joel Ivan",PAN,M,,,,1480,0,40,SEP25,1996,i
6605010,"Del Cid Guevara, Ana Edisa",PAN,F,,NA,,1530,0,20,SEP25,1979,w
6613357,"Del Cid Romero, Bienvenido",PAN,M,,,,1441,0,20,SEP25,1974,
6603904,"Del Rosario, Osvaldo",PAN,M,,,,1501,0,20,SEP25,1956,i
6600832,"Delgado Ortega, Aris Osvaldo",PAN,M,,,,1855,0,20,SEP25,1990,i
6602150,"Delgado Rosas, Alex Antonio",PAN,M,CM,,,2079,0,20,SEP25,1996,
6603963,"Delgado Rosas, Fatima Alexandra",PAN,F,,,,1638,0,20,SEP25,2001,w
6606750,"Delgado Rosas, Jose Antonio",PAN,M,,,,2005,0,20,SEP25,2004,
6601634,"Delgado, Fidel",PAN,M,,,,1683,0,20,SEP25,0,i
6600441,"Diaz Caballero, Hector Ovidio",PAN,M,,,,2026,0,20,SEP25,1978,i
6603068,"Diaz Guevara, Isidro",PAN,M,,,,1626,0,20,SEP25,1972,i
6600840,"Dominguez, Angel",PAN,M,,,,1861,0,20,SEP25,0,i
6625169,"Du, Han",PAN,M,,,,1697,0,40,SEP25,2005,
6615244,"Duarte Gonzalez, Edgar Said",PAN,M,,,,1428,0,40,SEP25,2014,
6604854,"Escobar De Gracia, Alex Jafet",PAN,M,,,,1774,0,40,SEP25,2005,i
6600174,"Esquivel Golcher, Luis Enrique",PAN,M,FM,,,2103,0,20,SEP25,1983,
6604218,Ethan Ferreira De Souza Burillo,PAN,M,,,,1630,0,40,SEP25,2007,i
6614809,"Fabrega Gonzalez, Florencia Virginia",PAN,F,,,,1558,0,40,SEP25,2013,wi
6609686,"Fabrega Van Der Laat, Jose Bernardo",PAN,M,,,,1827,16,40,SEP25,2011,
6610862,"Fascio Outerbridge, Arno Augusto",PAN,M,CM,,,1933,0,20,SEP25,2006,
6621937,"Fernandez Altamirano, Alfonso Enrique",PAN,M,,,,1446,0,40,SEP25,2008,
6605206,"Ferreira Araujo, Aldair Antonio",PAN,M,,,,1908,0,20,SEP25,2000,
6605222,"Ferreira De Gracia, Luis Daniel",PAN,M,,,,1467,0,40,SEP25,1971,i
6606490,"Ferrin, Pedro",PAN,M,,,,1691,0,20,SEP25,1949,i
6613047,"Figueira Fernandez, Samuel Alonso",PAN,M,,,,1650,0,40,SEP25,2011,
6619720,"Foote, Andrew Aaron",PAN,M,,,,1524,0,40,SEP25,2001,
6613152,"Frias Acosta, Adrian Alexander",PAN,M,,,,1780,0,40,SEP25,2008,
6600875,"Fuentes Manrique, Adrian Alonso",PAN,M,FM,FA,,2051,0,20,SEP25,1998,i
6606202,"Galagarza, Jose",PAN,M,,,,1743,0,20,SEP25,1985,i
6613284,"Galindo De Leon, Ethel Arileth",PAN,F,,,,1485,0,40,SEP25,2007,wi
6603076,"Garcia Abrego, Boris Omar",PAN,M,,,,1735,0,20,SEP25,1995,
6635130,"Garcia de Paredes, Gaspar Manuel",PAN,M,,,,1487,0,40,SEP25,1989,
6623549,"Garcia Frias, Alejandro Enrique",PAN,M,,,,1528,0,40,SEP25,2007,
6612075,"Garcia Gonzalez, Theisly Mariel",PAN,F,,,,1451,0,40,SEP25,2007,w
6617069,"Garcia Marroquin, Aldo Mateo",PAN,M,,,,1491,0,40,SEP25,2015,
6614094,"Garcia Marroquin, Lily Adriana",PAN,F,,,,1494,0,40,SEP25,2012,w
6609333,"Garcia, Jose Javier",PAN,M,,,,1662,0,40,SEP25,2005,
6602568,"Garcia, Ramon",PAN,M,,,,1623,0,20,SEP25,1961,i
6614434,"Genera, Felipe",PAN,M,,,,1573,0,40,SEP25,2013,
6613217,"Georg Kinell, Andreas Erik",PAN,M,,,,1730,0,20,SEP25,1979,i
6627498,"Gestoso Ruiz, Juan",PAN,M,,,,1724,0,40,SEP25,1988,i
6633951,"Gil Ruiz, Daniel Esteban",PAN,M,,,,1493,0,40,SEP25,2007,
6607500,"Gomes Barranco, Isabela Sofia",PAN,F,,,,1453,0,40,SEP25,2009,w
6607519,"Gomes Barranco, Manuel Ignacio",PAN,M,,,,1830,8,40,SEP25,2011,
6603084,"Gomez Chacon, Edgar Raul",PAN,M,,,,1536,0,20,SEP25,1999,i
6608230,"Gomez Pilozo,Guillermo Alejandro",PAN,M,,,,1612,0,20,SEP25,2002,i
6606334,"Gonzalez Almengor, Alex Lujan",PAN,M,,,,1423,0,40,SEP25,2007,i
6618987,"Gonzalez Arauz, Bryan Nogeth",PAN,M,,,,1454,0,40,SEP25,2009,i
6618863,"Gonzalez Barria, Jaasiel Alexander",PAN,M,,,,1621,0,40,SEP25,2010,
6628443,"Gonzalez Cerrud, Juan Roman",PAN,M,,,,1452,0,40,SEP25,2009,
6603831,"Gonzalez De La Guardia, Luis Emilio",PAN,M,,,,1698,0,40,SEP25,2005,i
6603840,"Gonzalez Del Pino, Luis Emilio",PAN,M,,,,1846,0,20,SEP25,1973,i
6620388,"Gonzalez Frewa, Elie Abraham",PAN,M,,,,1425,0,40,SEP25,2010,
6607942,"Gonzalez Palacio, Olmedo",PAN,M,,,,1738,0,20,SEP25,1989,i
6600344,"Gonzalez Ramirez, Yaribeth",PAN,F,WCM,WCM,FA,1819,0,20,SEP25,1986,wi
6608612,"Gonzalez Rodriguez, Ernesto",PAN,M,,,,1485,0,40,SEP25,1999,i
6608620,"Gonzalez Rodriguez, Genesis",PAN,F,,,,1444,0,40,SEP25,2008,w
3910288,"Gonzalez Soto, Pedro Jose",PAN,M,,"NI,FA",,1871,0,20,SEP25,1988,
6613144,"Gonzalez Weliz, Elias Jose",PAN,M,,,,1621,0,20,SEP25,2000,i
6611087,"Gonzalez Weliz, Ivan",PAN,M,,,,1702,0,20,SEP25,2003,i
6603599,"Gonzalez, Emilys",PAN,F,,,,1571,0,20,SEP25,1994,w
6612512,"Grenald, Carlos",PAN,M,,,,1463,0,20,SEP25,1994,i
6606903,"Guerra Ramirez, Jorge Enrique",PAN,M,,NA,,AFM,1524,0,SEP25,2005,
6613926,"Guerra Serrano, Johan Kalil",PAN,M,,,,1641,0,40,SEP25,2007,i
6614043,"Guillen, Marco Tulio",PAN,M,,,,1670,0,40,SEP25,1952,i
6603602,"Guiraud Castillo, Eduardo Andres",PAN,M,,,,1951,0,20,SEP25,1998,i
6623468,"Gutierrez Espinosa, Juan David",PAN,M,,,,1446,0,40,SEP25,2007,i
6603092,"Gutierrez Gonzalez, Rafael",PAN,M,,,,AFM,1855,0,SEP25,1997,
6603858,"Hardy Robinson, Yeisi Mileika",PAN,F,,,,1492,0,40,SEP25,2002,wi
6600042,"Haskins Atehortua, Marco Antonio",PAN,M,,,,2024,0,20,SEP25,1951,i
6600123,"Hay Concepcion, Mario",PAN,M,,,,2101,0,20,SEP25,1954,i
6614760,"Hernandez Bethancourt, Humberto",PAN,M,,,,1721,0,40,SEP25,1970,i
6616127,"Hernandez Cedeno, Aaron",PAN,M,,,,1546,0,40,SEP25,2008,i
6612199,"Hernandez Perez, Edwin Francisco",PAN,M,,,,1649,0,40,SEP25,2006,i
6623034,"Hernandez Reyes, Juan Diego",PAN,M,,,,1690,0,20,SEP25,2002,i
6604617,"Hernandez Rodriguez, Didier Alexa",PAN,M,,,,1887,0,20,SEP25,1998,i
6617212,"Hernandez Sanchez, Cristopher Saul",PAN,M,,,,1551,0,40,SEP25,2008,
6633030,"Hernandez Tovar, Yonathan Humberto",PAN,M,,,,1633,0,40,SEP25,2006,
6605419,"Hernandez, Grace",PAN,F,,,,1456,0,40,SEP25,2005,w
6622810,"Herranz Paz, Ronald",PAN,M,,,,1466,0,40,SEP25,2008,
6613683,"Herrera Gomez, Ivan Said",PAN,M,,,,1513,0,40,SEP25,2013,i
6601170,"Herrera Rowley, Diego Francisco",PAN,M,,,,1898,0,20,SEP25,2000,i
6606075,"Hoyos Bedoya, Nevardo",PAN,M,,,,1789,0,20,SEP25,1958,
6621902,"Huang Lee, Yi Ping",PAN,M,,,,1584,0,40,SEP25,2007,
6604838,"Hurtado, Samuel Alexander",PAN,M,,NA,,1763,0,20,SEP25,2002,i
6604625,"Ibanez Zanetti, Diego Arturo",PAN,M,,,,1626,0,20,SEP25,2004,i
6604633,"Ibanez Zanetti, Sebastian Andres",PAN,M,,,,1727,0,40,SEP25,2009,
6610455,"Ibarra, Adonis",PAN,M,,,,1561,0,20,SEP25,2004,i
6615767,"Inocente Covaleda, Luis Gabriel",PAN,M,,,,1615,0,40,SEP25,2004,i
6607233,"Jaramillo Andrade, Ezequiel Enoc",PAN,M,,,,1594,0,20,SEP25,2000,i
6633293,"Jarrin Zhang, Dominick Yong Heng",PAN,M,,,,1486,4,40,SEP25,2015,
6601723,"Jenkins Bonilla, Esteban Antonio",PAN,M,,NI,,1905,0,20,SEP25,1991,
6613977,"Jimenez Giron, Alexander Abraham",PAN,M,,,,1744,0,40,SEP25,2006,i
6602410,"Jimenez Molina, Pedro",PAN,M,,NA,,1887,0,20,SEP25,1999,
6621104,"Joaquinez Monzon, Lilibeth Thais",PAN,F,,,,1430,0,20,SEP25,1982,wi
6624367,"Johnson Fuentes, Ian David",PAN,M,,,,1427,0,40,SEP25,2013,i
6601260,"Jordan P., Rafael David",PAN,M,,,,1854,0,20,SEP25,1995,i
6604331,Juan Manuel Hincapie Eusse,PAN,M,,,,1593,0,20,SEP25,2003,i
6616445,"Kitaeff Mattison, Andres Constantin",PAN,M,,,,1527,6,40,SEP25,2013,
6627862,"Kuang Qiu, Oliver Alexander",PAN,M,,,,1476,0,40,SEP25,2009,
6619029,"Kushinakajo, Elio",PAN,M,,,,1521,0,40,SEP25,1973,i
6613993,"Kushinakajo, Theo",PAN,M,,,,1614,0,40,SEP25,2007,
6601731,"Lam, Angel",PAN,M,,,,1806,0,20,SEP25,0,i
6612784,"Landires Nunez, Fatima",PAN,F,,,,1680,0,40,SEP25,2011,w
6612792,"Landires Nunez, Ivan Eustaquio",PAN,M,,,,1431,0,40,SEP25,2012,
6612962,"Lasso Camargo, Jose Clemente",PAN,M,,,,1558,0,40,SEP25,2008,i
6611672,"Lasso Mollick, Luis Daniel",PAN,M,,,,1465,0,40,SEP25,2009,i
6613489,"Laurencena Lopez, Gustavo Adrian",PAN,M,,,,1457,0,40,SEP25,2012,
6611125,"Layton Henao, Cesar Tulio",PAN,M,,,,1879,0,20,SEP25,1981,
6600913,"Leon Archibaldo, Orlando Andres",PAN,M,FM,FA,,2123,0,20,SEP25,1992,
6608531,"Leon Man, Julio Enrique",PAN,M,,,,1530,0,40,SEP25,2008,
6602894,"Leon Saldana, Sergio Roberto",PAN,M,,,,2002,0,20,SEP25,1977,i
6615678,"Lezcano Nunez, Joaquin Aquiles",PAN,M,,,,1455,0,40,SEP25,2008,
6611850,"Liu Qiu, Angie Loraine",PAN,F,,,,1400,0,40,SEP25,2010,wi
6611770,"Liu Qiu, Jhonny Bryan",PAN,M,,,,1498,0,40,SEP25,2012,
6605516,"Lobo Jimenez, Mariana Esther",PAN,F,WCM,WCM,,1722,0,40,SEP25,2008,w
6605508,"Lobo Jimenez, Marielys Judith",PAN,F,,,,1555,0,40,SEP25,2007,w
6602002,"Lobo Vasquez, Antonio",PAN,M,,SI,,1788,0,20,SEP25,1982,
6614019,"Lombana Franceschi, Diego Enrique",PAN,M,,,,1525,0,20,SEP25,1985,i
6600921,"Lombardo Batista, Elias",PAN,M,,,,1888,0,20,SEP25,1980,i
6617077,"Loo Garcia, Jorge Adalberto",PAN,M,,,,1537,0,40,SEP25,2009,
6613128,"Lopez Fraiz, Ruben",PAN,M,,,,1584,0,40,SEP25,1985,i
6625487,"Lopez Rodriguez, Jeremy Daniel",PAN,M,,,,1548,0,40,SEP25,2005,i
6621554,"Lopez Santos, Diego Alejandro",PAN,M,,,,1524,0,40,SEP25,2011,
6608639,"Lopez Villarreal, Jezrrel Eliecer",PAN,M,,,,1495,0,40,SEP25,2013,i
6604986,"Lorenzo Velasquez, Azel Albeni",PAN,M,,,,1892,0,20,SEP25,1981,i
6602916,"Lozano Marquez, Carlos Jose",PAN,M,,FA,,1768,0,20,SEP25,1980,i
6615627,"Madrid Serrano, Alan Isac",PAN,M,,,,1593,0,40,SEP25,2007,
6613837,"Marcelino Otero, Lia Thays",PAN,F,,,,1420,0,40,SEP25,2011,wi
6614108,"Marin Garcia, Emiliano Alonzo",PAN,M,,,,1623,0,40,SEP25,2010,i
6627757,"Marquez Perez, Matias Andres",PAN,M,,,,1499,0,40,SEP25,2013,
6612547,"Martin, Ian Ahmed",PAN,M,,,,1575,0,40,SEP25,2007,i
6628516,"Martinez Chong, Isaac Manuel",PAN,M,,,,1528,0,40,SEP25,2015,
6600360,"Mathews Romero, Cesar",PAN,M,CM,IO,,2066,0,20,SEP25,1984,
6605982,"Medina Jaen, Jorge",PAN,M,,,,1581,0,20,SEP25,1977,i
6601774,"Medina Perez, Ulises",PAN,M,,NA,,1907,0,20,SEP25,1966,i
6625681,"Melendez Gordon, Dylan Orlando",PAN,M,,,,1502,0,40,SEP25,2006,i
6630014,"Mendez Carrera, Joseph Endrich",PAN,M,,,,1412,0,40,SEP25,2007,
6603793,"Mendez Machado, Andre",PAN,M,FM,,,2112,0,40,SEP25,2008,
6606970,"Mendez Machado, Fatima",PAN,F,,,,1478,0,40,SEP25,2011,w
6611664,"Mendoza Sanchez, Ruben Miguel",PAN,M,,,,1680,0,20,SEP25,2001,i
6611273,"Minera Salazar, Javier",PAN,M,,,,1774,0,20,SEP25,1973,i
6624006,"Miranda Arrocha, Basilio Andres",PAN,M,,,,1420,0,40,SEP25,1997,i
6600212,"Miranda D Ettore, Adrian",PAN,M,,,,1864,0,20,SEP25,1954,i
6626700,"Miranda Rios Duggan, Eduardo Gabriel",PAN,M,,,,1536,0,40,SEP25,2006,
6611044,"Miranda Samudio, Adrian Jafeth",PAN,M,CM,,,1798,0,40,SEP25,2008,
6616712,"Miranda Torres, Humberto Josue",PAN,M,,,,1512,0,20,SEP25,1993,i
6606377,"Miranda, Mynor Enrique",PAN,M,,NA,,1518,0,20,SEP25,2005,
6611060,"Montezuma Camarena, Dayana Cristel",PAN,F,,,,1572,0,40,SEP25,2009,w
6630871,"Montufar Porcell, Juan Raul",PAN,M,,,,1733,0,40,SEP25,2012,
6627234,"Morales Castillo, Hector David",PAN,M,,,,1411,0,40,SEP25,2016,
6600930,"Morales Gonzalez, Anel Humberto",PAN,M,,,,1858,0,20,SEP25,1979,i
6606237,"Morales Marin, Jose Manuel",PAN,M,,"SI,DI,IA",,1403,0,40,SEP25,1972,i
6604048,"Morales, Danesh",PAN,M,,,,1773,0,20,SEP25,2000,i
6603807,"Moreno Gonzalez, Pedro Ivan",PAN,M,,,,1547,0,20,SEP25,1962,i
6613462,"Moreno Pitti, Raul Belisario",PAN,M,,,,1609,0,40,SEP25,2008,i
6605281,"Morgado Bencomo, Guillermo Enrique",PAN,M,,,,1842,0,20,SEP25,1980,i
6613780,"Mow Gracia, Alejandro Antonio",PAN,M,,,,1543,0,20,SEP25,2003,
6600514,"Munoz Henriquez, Alba Esther",PAN,F,WCM,WCM,FA,1708,0,20,SEP25,1991,w
6615759,"Munoz Hurtado, Gean Gabriel",PAN,M,,,,1516,0,40,SEP25,2007,i
6601790,"Munoz Misselis, Nelson Carlos",PAN,M,CM,FA,,1868,0,20,SEP25,1980,i
6601286,"Munoz, Alberto Noel",PAN,M,,,,1924,0,20,SEP25,1983,
6602932,"Murillo Gonzalez, Florentino",PAN,M,,,,1899,0,20,SEP25,1984,
6632688,"Murillo Ramirez, Florent Isaac",PAN,M,,,,1540,0,40,SEP25,2012,
6601154,"Murillo Subia, Agustin",PAN,M,,IA,,1781,0,20,SEP25,1969,i
6614116,"Navarro Barrios, Andres Daniel",PAN,M,,,,1605,0,40,SEP25,2013,
6619568,"Navarro Barrios, Eduardo Javier",PAN,M,,,,1464,0,40,SEP25,2008,
6625665,"Navarro Munoz, Tulio Rogelio",PAN,M,,,,1540,0,40,SEP25,2009,
6608353,"Navarro Valdes, Mariana del Carmen",PAN,F,,,,1674,0,40,SEP25,2007,w
6610188,"Neira Espinosa, Isabella Marie",PAN,F,,,,1436,0,40,SEP25,2011,wi
6600948,"Neira Rodriguez, Carlos Fernando",PAN,M,CM,,,1948,0,20,SEP25,1987,
6608442,"Ng Chong, Henry Matthew",PAN,M,,,,1596,0,40,SEP25,2008,i
6624049,"Ng Luo, Jimmy Lawrence",PAN,M,,,,1440,0,40,SEP25,2010,
6619509,"Nie Chen, Kelvin",PAN,M,,,,1750,0,40,SEP25,2007,
6611842,"Nieto Villamil, Daniel Alberto",PAN,M,,,,1746,7,40,SEP25,2011,
6618650,"Noriega Rodriguez, Matias Alberto",PAN,M,,,,1524,0,40,SEP25,2010,
6624723,"Noriega Rodriguez, Sofia Victoria",PAN,F,,,,1598,0,40,SEP25,2012,w
6605303,"Obaldia Salazar, Sebastian Augusto",PAN,M,,,,1477,0,40,SEP25,2008,i
6631177,"Obaldia Solis, Juan Carlos",PAN,M,,,,1626,0,40,SEP25,2009,
6611737,"Ojo Torres, Josue Daniel",PAN,M,,,,1463,0,40,SEP25,2013,
6608256,"Olivares Tejeira, Abraham Isaac",PAN,M,,,,1799,0,20,SEP25,2001,i
6602681,"Oquendo Jimenez, Abel",PAN,M,CM,,,1976,0,20,SEP25,1977,i
4413369,"Oquendo, Eder",PAN,M,,,,1937,0,20,SEP25,1985,
6600077,"Ortiz Calderon, Elio Rafael",PAN,M,CM,,,2127,0,20,SEP25,1958,i
6619274,"Oses Gonzalez, Luis David",PAN,M,,,,1624,0,40,SEP25,2011,i
6613071,"Outten Bermudez, Carlos Arturo",PAN,M,,,,1546,0,40,SEP25,2007,
6600387,"Padilla Morales, Alvaro Isaac",PAN,M,CM,NI,,1993,0,20,SEP25,1968,
6631452,"Palacio Rodriguez, Calixto",PAN,M,,,,1640,0,40,SEP25,2010,
6631398,"Palacio Rodriguez, Lucas",PAN,M,,,,1686,0,40,SEP25,2012,
6626750,"Palacios Ng, Alexis",PAN,M,,,,1453,0,40,SEP25,2008,i
6626769,"Palacios Ng, Carlos",PAN,M,,,,1670,0,40,SEP25,2006,i
6617204,"Palacios Vasquez, Sara Camila",PAN,F,,,,1472,0,40,SEP25,2010,w
6616895,"Paredes Porcell, Ana Sofia",PAN,F,,,,1566,0,40,SEP25,2007,wi
6626882,"Penna Palacios, Mateo Fernando",PAN,M,,,,1448,0,40,SEP25,2010,
6617387,"Perez Castillo, Yavier Jesus",PAN,M,,,,1602,0,40,SEP25,2010,
6615155,"Perez Gomez, Elaine Marie",PAN,F,,,,1518,0,40,SEP25,2007,wi
6610439,"Perez, Carlos Antonio",PAN,M,,,,1650,0,20,SEP25,1988,
6602380,"Pina Rosas, Marcos Arturo",PAN,M,CM,,,1888,0,20,SEP25,1970,i
6621848,"Pineda Aguirre, Jenner Antonio",PAN,M,,,,1516,0,40,SEP25,2014,
6605737,"Pineda Iriarte, Max Jose",PAN,M,,,,1530,0,40,SEP25,2008,
6604765,"Pineda, Aldaly",PAN,M,,,,1663,0,20,SEP25,1998,i
6602339,"Pinzon, Nataniel",PAN,M,,NA,,1890,0,20,SEP25,1983,
6600972,"Pitti Suarez, Jose",PAN,M,,,,1886,0,20,SEP25,1991,i
6622160,"Pitti Torres, Dastan Aaron",PAN,M,,,,1528,0,40,SEP25,2012,
6615406,"Pitty Rodriguez, Lucas Antonio",PAN,M,,,,1586,0,40,SEP25,2010,
6613705,"Polischuk, Ayan",PAN,M,,,,1418,0,40,SEP25,2013,
6604773,"Poveda, Natbel",PAN,M,,,,1713,0,20,SEP25,1998,i
6615341,"Pun Chong, Carlos Alberto",PAN,M,,,,1428,0,40,SEP25,2013,i
6609899,"Qiu, Oscar",PAN,M,,,,1685,0,40,SEP25,2007,i
6606253,"Quezada Quezada, Leonardo Fabio",PAN,M,,,,1598,0,40,SEP25,1986,
6602959,"Quiel, Ricardo",PAN,M,,,,1609,0,20,SEP25,2001,i
6620078,"Quintero Nunez, Rogelio Isaac",PAN,M,,,,1601,0,20,SEP25,2004,i
6614540,"Quintero, Jose Ignacio",PAN,M,,,,1544,0,40,SEP25,2007,i
6622291,"Quiroz Palacios, Eliezer Francisco",PAN,M,,,,1690,0,40,SEP25,1982,i
6600999,"Quiroz Palacios, Michael Adelso",PAN,M,,,,1903,0,20,SEP25,1984,
6615252,"Quiroz Santamaria, Victoria Isabel",PAN,F,,,,1440,0,40,SEP25,2013,wi
6614442,"Quiroz Tarazona, Thiago Felipe",PAN,M,,,,1494,0,40,SEP25,2013,i
6608027,"Railey Garay, Ricardo Rey",PAN,M,,,,1585,0,40,SEP25,2005,i
6618880,"Ramirez Gonzalez, Angelina Cristel",PAN,F,,,,1453,0,40,SEP25,2009,wi
6615619,"Ramos Ceballos, Gabriel Andres",PAN,M,,,,1470,0,40,SEP25,2016,
6615600,"Ramos Ceballos, Jose Andres",PAN,M,,,,1534,0,40,SEP25,2011,
6619444,"Ramos Chung, Ian Andres",PAN,M,,,,1476,0,40,SEP25,2015,
6100538,"Ramos Espinoza, Efren Andres",PAN,M,FM,FA,,2186,0,20,SEP25,1979,
6617620,"Regalado Chong, Jose Alberto",PAN,M,,,,1628,0,40,SEP25,2007,
6613799,"Requena Acosta, Jose Angel",PAN,M,,,,1422,0,40,SEP25,2011,
6602703,"Restrepo, Alejandro",PAN,M,,,,1960,0,20,SEP25,1991,i
6615953,"Reyes Martinez, Zara Leticia",PAN,F,,,,1428,0,40,SEP25,2007,wi
6617336,"Reyes Moreno, Abraham Enrique",PAN,M,,,,1590,0,40,SEP25,2006,i
6601006,"Riera Santos, Jose Manuel",PAN,M,,,,1824,0,20,SEP25,1969,i
6627765,"Rincon Mayorga, Juan Diego",PAN,M,,,,1534,0,40,SEP25,2014,
6634630,"Rincon Monroy, Juan Andres",PAN,M,,,,1403,0,40,SEP25,2009,
6602088,"Rivera, Carlos",PAN,M,,,,1849,0,20,SEP25,1980,i
6617093,"Roa Lugo, Enmanuel de Jesus",PAN,M,,,,1445,0,40,SEP25,2014,
6635032,"Robles Cruz, Troy Edward",PAN,M,,,,1444,0,40,SEP25,2003,
6627595,"Rocha Ruiz, Luciana Sofia",PAN,F,,,,1452,0,40,SEP25,2013,w
6621880,"Rochester, Eugenio Caballero",PAN,M,,,,1592,0,20,SEP25,1970,
6626033,"Rodrigues Onofre, Caterina",PAN,F,,,,1471,0,40,SEP25,2015,w
6622240,"Rodriguez Diaz, Cristhian David",PAN,M,,,,1655,3,40,SEP25,2011,
6614795,"Rodriguez Gonzalez, Marlenis Beatriz",PAN,F,,,,1508,0,40,SEP25,2008,wi
6602096,"Rodriguez Lascano, Eliut Booz",PAN,M,,,,1854,0,20,SEP25,1971,i
6618790,"Rodriguez Lopez, Jose Ivan",PAN,M,,,,1588,0,40,SEP25,2011,
6627188,"Rodriguez Pinate, Jose David",PAN,M,,,,1495,0,40,SEP25,2016,
6608264,"Rodriguez Rodriguez, Jose",PAN,M,,FA,,1527,0,20,SEP25,1982,i
6604889,"Rodriguez, Bruno Andre",PAN,M,,,,1675,0,40,SEP25,2010,i
6601901,"Rodriguez, Carlos Danilo",PAN,M,,,,1892,0,20,SEP25,1958,
6617115,"Romero Escamilla, Gabriel David",PAN,M,,,,1422,0,40,SEP25,2009,
6621791,"Romero Marcucci, Angel Arturo",PAN,M,,,,1542,0,20,SEP25,1993,
3903508,"Rondon Chacon, Yolys Desiree",PAN,F,WCM,WCM,"FI,IA",1873,0,20,SEP25,1986,wi
6609147,"Rosas Valdes, Javier Alfonso",PAN,M,,,,1663,0,40,SEP25,2011,
6610463,"Rovira Concepcion, Josua",PAN,M,,,,1655,0,20,SEP25,2003,
6610471,"Saldana Estribi, Ailianis Mixian",PAN,F,,,,1498,0,40,SEP25,2005,wi
6611311,"Salina Reyes, Naelly Alejandra",PAN,F,,,,1526,0,40,SEP25,2010,wi
6606709,"Sam Williams, Estiven",PAN,M,,,,1550,0,40,SEP25,2006,i
6629431,"Sanchez Alonzo, Maikol Abraham",PAN,M,,,,1504,0,40,SEP25,2007,i
6604684,"Sanchez Alvarenga, Justo Caleb",PAN,M,,,,1515,0,40,SEP25,2006,i
3508684,"Sanchez Alvarez, Roberto Carlos",PAN,M,IM,,,2391,0,10,SEP25,1987,i
6633978,"Sanchez Avila, Luis Alberto",PAN,M,,,,1502,0,40,SEP25,2007,
6601030,"Sanchez Bermudez, Rogelio Oscar",PAN,M,CM,,,1893,0,20,SEP25,1987,
6600280,"Sanchez Manzanares, Jorge Luis",PAN,M,FM,"FI,FT",,2037,0,20,SEP25,1982,
6604706,"Sanchez Ochoa, Justo Emilio",PAN,M,,SI,,1611,0,40,SEP25,1971,i
6600417,"Sanjur Ruiz, Crescencio de los Reyes",PAN,M,,,,1782,0,20,SEP25,1967,i
6606695,"Sanz, Joel",PAN,M,,"SI,NI,NA",,1789,0,20,SEP25,1982,i
6600131,"Saucedo Miranda, Ivan Manuel",PAN,M,,,,1976,0,20,SEP25,1950,i
6605290,"Schnell, Sebastian Narayana",PAN,M,CM,,,1950,0,20,SEP25,2006,
6615546,"Serrano, Hillary Nicole",PAN,F,,,,1540,0,40,SEP25,2012,wi
6602401,"Shaul Zebede, Eden Jaim",PAN,M,,,,1593,0,40,SEP25,2005,i
6614051,"Shayegan Fernandez, Yeisie Behroo",PAN,F,,,,1498,0,20,SEP25,1990,wi
6615171,"Sheffer Ledesma, Aldair Thomas",PAN,M,,,,1554,0,40,SEP25,2009,
6631517,"Simpson Miranda, Ian Andre",PAN,M,,,,1579,0,40,SEP25,2011,
6627625,"Sohan Sumesh, Makhija Pohumal",PAN,M,,,,1509,0,40,SEP25,2005,i
6605648,"Suarez Arauz, Carlos",PAN,M,,,,1662,0,20,SEP25,2003,i
6601294,"Sun Chin, Robert Patrick",PAN,M,CM,,,1981,0,20,SEP25,2001,i
6612130,"Sutherland, Patrick",PAN,M,,,,1459,0,40,SEP25,2007,i
6619681,"Tam Hou, Ricardo",PAN,M,,,,1714,0,40,SEP25,2007,i
6606199,"Tanaka, Gustavo",PAN,M,,,,1653,0,20,SEP25,1979,i
6600581,"Tapia Ostolaza, Alexei",PAN,M,FM,,,2171,0,20,SEP25,1997,
6609180,"Tapia Varela, Luany Anabel",PAN,F,,,,1498,0,40,SEP25,2007,w
6610447,"Tenorio Batista, Felix",PAN,M,,,,1622,0,20,SEP25,1989,
6601448,"Thompson Ceballos, James",PAN,M,,,,1795,0,20,SEP25,1990,i
6611222,"Torres Chavarria, Mario Adrian",PAN,M,,,,1509,0,40,SEP25,2011,i
6608426,"Trigas Martinez, Nicolas",PAN,M,,,,1600,0,40,SEP25,2011,
6621325,"Tunon Guerrero, Alex",PAN,M,,,,1427,0,40,SEP25,2008,i
6621317,"Tunon Guerrero, Francisco",PAN,M,,,,1483,0,40,SEP25,2010,i
6613381,"Tweed Diaz, Hector Manuel",PAN,M,,,,1476,0,20,SEP25,1988,i
6602762,"Ugarte, Reinaldo",PAN,M,CM,,,1958,0,20,SEP25,1964,i
6601243,"Ulloa Castillo, Ruben Abraham",PAN,M,CM,,,2148,0,20,SEP25,1995,
6612717,"Urena Santana, Robin Raul",PAN,M,,,,1622,0,20,SEP25,1999,i
6602770,"Urena, Oliver",PAN,M,,,,1711,0,20,SEP25,1958,i
6614787,"Urriola Torres, Valentina",PAN,F,,,,1585,0,40,SEP25,2010,w
6604781,"Valderrama, Fernando",PAN,M,,,,1764,0,20,SEP25,2004,i
6629857,"Valdes Gonzalez, Abinadab Ernesto",PAN,M,,,,1409,0,40,SEP25,2013,
6601308,"Valdes, Bernardo",PAN,M,,,,1857,0,20,SEP25,1982,i
6603130,"Valencia Rodriguez, Juan",PAN,M,,,,1568,0,20,SEP25,1959,i
6614388,"Vallarino Guizado, Ernesto Jose",PAN,M,,,,1505,0,40,SEP25,2014,
6614450,"Vallarino Guizado, Lucas Enrique",PAN,M,,,,1510,0,40,SEP25,2012,
6608191,"Valoy Gittens, David Antonio",PAN,M,,,,1621,0,20,SEP25,2000,i
6601049,"Vander Hans, Carlos",PAN,M,,,,1948,0,20,SEP25,1944,i
6600492,"Vargas Ramos, Rogelio Alberto",PAN,M,CM,,,1788,0,20,SEP25,1963,i
6613756,"Vargas Vergara, David Alejandro",PAN,M,,,,1501,0,40,SEP25,2013,
6604722,"Vasquez De Frias, Alexis Aaron",PAN,M,,,,1794,0,20,SEP25,1997,i
6618553,"Vasquez Hernandez, Juan Carlos",PAN,M,,,,1463,0,40,SEP25,2014,
6605567,"Vasquez Jaen, David Eduardo",PAN,M,,,,1639,0,40,SEP25,2006,i
6605559,"Vasquez Jaen, Lourdes Lorena",PAN,F,WCM,WCM,NA,1719,0,20,SEP25,2003,w
6614469,"Vasquez Mejia, Luis Isaac",PAN,M,,,,1518,0,40,SEP25,2013,i
6621341,"Vasquez, Jonathan Abdiel",PAN,M,,,,1488,0,40,SEP25,2005,i
6604056,"Vasquez, Vicente",PAN,M,,,,1798,0,20,SEP25,1999,i
6603149,"Vega Nunez, Benjamin",PAN,M,,,,1732,0,20,SEP25,1982,
6628460,"Velazquez Diaz, Alejandro Ire",PAN,M,,,,1402,0,40,SEP25,2013,
6601332,"Vergara, Demostenes",PAN,M,,,,1871,0,20,SEP25,1948,i
6603289,"Vigil Montes, Dakmar",PAN,M,,NA,,1656,0,40,SEP25,1996,i
6629830,"Villarreal Castillo, Dylan Absalon",PAN,M,,,,1454,0,40,SEP25,2016,
6607730,"Villarreal, Bryan",PAN,M,,,,1843,0,20,SEP25,1987,i
6611451,"Walker Arauz, Ethan Joseph",PAN,M,,,,1498,0,40,SEP25,2008,i
6624120,"Wensveen, Juan-Maarten",PAN,M,,,,1443,0,40,SEP25,2015,
6614914,"Woods Diaz, Rodrigo Alberto",PAN,M,,,,1660,0,40,SEP25,2012,
6607241,"Yau De Leon, Oscar Adin",PAN,M,,,,1701,0,20,SEP25,2001,i
6604099,"Young Montero, Kathryn Shuyin",PAN,F,,,,1581,0,20,SEP25,1997,wi
6608159,"Zambrano Berdugo, Hadid Rafael",PAN,M,,,,1616,0,20,SEP25,1998,i
6612822,"Zapata Dixon, Gabriel Alberto",PAN,M,,,,1449,0,40,SEP25,2009,i
6612830,"Zapata Dixon, Victor Enmanuel",PAN,M,,,,1516,0,40,SEP25,2008,
6618448,"Zylberberg, Kalev",PAN,M,,,,1741,0,40,SEP25,2005,i