[
  {
    "ID Number": "20800436",
    "Name": "Adje, Tanoh Arsene",
    "Fed": "CIV",
    "Sex": "M",
    "Title": "",
    "WTit": "",
    "OTit": "",
    "Rating": "1861",
    "Gms": "0",
    "K": "40",
    "RatingMonth": "AUG25",
    "B-day": "1984",
    "Flag": "i"
  },
  {
    "ID Number": "20800193",
    "Name": "Aka, Justin Jean-Robert Koumi",
    "Fed": "CIV",
    "Sex": "M",
    "Title": "",
    "WTit": "",
    "OTit": "",
    "Rating": "1821",
    "Gms": "0",
    "K": "40",
    "RatingMonth": "AUG25",
    "B-day": "1987",
    "Flag": "i"
  },
  {
    "ID Number": "20800487",
    "Name": "Akpa, Amari Innocents Marius",
    "Fed": "CIV",
    "Sex": "M",
    "Title": "",
    "WTit": "",
    "OTit": "",
    "Rating": "1792",
    "Gms": "0",
    "K": "40",
    "RatingMonth": "AUG25",
    "B-day": "1976",
    "Flag": "i"
  },
  {
    "ID Number": "20802676",
    "Name": "Amako, Marc Arnold",
    "Fed": "CIV",
    "Sex": "M",
    "Title": "",
    "WTit": "",
    "OTit": "",
    "Rating": "1856",
    "Gms": "0",
    "K": "20",
    "RatingMonth": "AUG25",
    "B-day": "1989",
    "Flag": ""
  },
  {
    "ID Number": "20800908",
    "Name": "Aman, Eugene",
    "Fed": "CIV",
    "Sex": "M",
    "Title": "",
    "WTit": "",
    "OTit": "",
    "Rating": "1857",
    "Gms": "0",
    "K": "40",
    "RatingMonth": "AUG25",
    "B-day": "1980",
    "Flag": "i"
  },
  {
    "ID Number": "20803265",
    "Name": "Amon, Jean Joel",
    "Fed": "CIV",
    "Sex": "M",
    "Title": "",
    "WTit": "",
    "OTit": "",
    "Rating": "1783",
    "Gms": "0",
    "K": "40",
    "RatingMonth": "AUG25",
    "B-day": "1979",
    "Flag": "i"
  },
  {
    "ID Number": "20804687",
    "Name": "Anogbre, Yao Georges Toda",
    "Fed": "CIV",
    "Sex": "M",
    "Title": "",
    "WTit": "",
    "OTit": "",
    "Rating": "1606",
    "Gms": "0",
    "K": "40",
    "RatingMonth": "AUG25",
    "B-day": "2002",
    "Flag": ""
  },
  {
    "ID Number": "20800207",
    "Name": "Assemien, Koutou Elvis Nicolas",
    "Fed": "CIV",
    "Sex": "M",
    "Title": "",
    "WTit": "",
    "OTit": "",
    "Rating": "1752",
    "Gms": "0",
    "K": "40",
    "RatingMonth": "AUG25",
    "B-day": "1978",
    "Flag": "i"
  },
  {
    "ID Number": "20802889",
    "Name": "Assemien, Yoann Philippe",
    "Fed": "CIV",
    "Sex": "M",
    "Title": "",
    "WTit": "",
    "OTit": "",
    "Rating": "1759",
    "Gms": "0",
    "K": "20",
    "RatingMonth": "AUG25",
    "B-day": "2003",
    "Flag": ""
  },
  {
    "ID Number": "20803044",
    "Name": "Ayemou, Akissi Victoire Sinchie",
    "Fed": "CIV",
    "Sex": "F",
    "Title": "",
    "WTit": "",
    "OTit": "",
    "Rating": "1546",
    "Gms": "0",
    "K": "40",
    "RatingMonth": "AUG25",
    "B-day": "2013",
    "Flag": "w"
  },
  {
    "ID Number": "20803036",
    "Name": "Ayemou, Mazan Emmanuela Esther",
    "Fed": "CIV",
    "Sex": "F",
    "Title": "WFM",
    "WTit": "WFM",
    "OTit": "",
    "Rating": "1859",
    "Gms": "0",
    "K": "40",
    "RatingMonth": "AUG25",
    "B-day": "2008",
    "Flag": "w"
  },
  {
    "ID Number": "620017",
    "Name": "Babo, Michel",
    "Fed": "CIV",
    "Sex": "M",
    "Title": "",
    "WTit": "",
    "OTit": "",
    "Rating": "2035",
    "Gms": "0",
    "K": "20",
    "RatingMonth": "AUG25",
    "B-day": "1958",
    "Flag": "i"
  },
  {
    "ID Number": "20800533",
    "Name": "Bakayoko, Mamadou",
    "Fed": "CIV",
    "Sex": "M",
    "Title": "",
    "WTit": "",
    "OTit": "",
    "Rating": "1783",
    "Gms": "0",
    "K": "40",
    "RatingMonth": "AUG25",
    "B-day": "1986",
    "Flag": "i"
  },
  {
    "ID Number": "20801220",
    "Name": "Ballou, Kpakpa Herve Joel",
    "Fed": "CIV",
    "Sex": "M",
    "Title": "",
    "WTit": "NA",
    "OTit": "",
    "Rating": "1750",
    "Gms": "0",
    "K": "40",
    "RatingMonth": "AUG25",
    "B-day": "1979",
    "Flag": "i"
  },
  {
    "ID Number": "20805250",
    "Name": "Beydoun, Hadi",
    "Fed": "CIV",
    "Sex": "M",
    "Title": "",
    "WTit": "",
    "OTit": "",
    "Rating": "1627",
    "Gms": "0",
    "K": "40",
    "RatingMonth": "AUG25",
    "B-day": "1991",
    "Flag": ""
  },
  {
    "ID Number": "20800088",
    "Name": "Ble, Kouko Hubert",
    "Fed": "CIV",
    "Sex": "M",
    "Title": "",
    "WTit": "",
    "OTit": "",
    "Rating": "1872",
    "Gms": "0",
    "K": "20",
    "RatingMonth": "AUG25",
    "B-day": "1959",
    "Flag": "i"
  },
  {
    "ID Number": "20800215",
    "Name": "Boua, Remi",
    "Fed": "CIV",
    "Sex": "M",
    "Title": "",
    "WTit": "",
    "OTit": "",
    "Rating": "1818",
    "Gms": "0",
    "K": "40",
    "RatingMonth": "AUG25",
    "B-day": "1958",
    "Flag": "i"
  },
  {
    "ID Number": "20803982",
    "Name": "Camara, Ruth Liliane",
    "Fed": "CIV",
    "Sex": "F",
    "Title": "",
    "WTit": "",
    "OTit": "",
    "Rating": "1411",
    "Gms": "0",
    "K": "40",
    "RatingMonth": "AUG25",
    "B-day": "2014",
    "Flag": "w"
  },
  {
    "ID Number": "679356",
    "Name": "Cogan, Nicolas",
    "Fed": "CIV",
    "Sex": "M",
    "Title": "CM",
    "WTit": "SI",
    "OTit": "",
    "Rating": "2062",
    "Gms": "0",
    "K": "20",
    "RatingMonth": "AUG25",
    "B-day": "1997",
    "Flag": ""
  },
  {
    "ID Number": "14306310",
    "Name": "De Gondo, Simplice Armel",
    "Fed": "CIV",
    "Sex": "M",
    "Title": "FM",
    "WTit": "",
    "OTit": "",
    "Rating": "2039",
    "Gms": "0",
    "K": "20",
    "RatingMonth": "AUG25",
    "B-day": "1985",
    "Flag": ""
  },
  {
    "ID Number": "20801351",
    "Name": "Doue, Bertin",
    "Fed": "CIV",
    "Sex": "M",
    "Title": "",
    "WTit": "",
    "OTit": "",
    "Rating": "1698",
    "Gms": "0",
    "K": "40",
    "RatingMonth": "AUG25",
    "B-day": "1962",
    "Flag": ""
  },
  {
    "ID Number": "20803818",
    "Name": "Doue, Guinahi Aurore Divine",
    "Fed": "CIV",
    "Sex": "F",
    "Title": "",
    "WTit": "",
    "OTit": "",
    "Rating": "1483",
    "Gms": "0",
    "K": "40",
    "RatingMonth": "AUG25",
    "B-day": "2008",
    "Flag": "w"
  },
  {
    "ID Number": "20801378",
    "Name": "Doue, Melaine",
    "Fed": "CIV",
    "Sex": "F",
    "Title": "",
    "WTit": "",
    "OTit": "",
    "Rating": "1584",
    "Gms": "0",
    "K": "40",
    "RatingMonth": "AUG25",
    "B-day": "2001",
    "Flag": "w"
  },
  {
    "ID Number": "20800096",
    "Name": "Edoukou, Ernest",
    "Fed": "CIV",
    "Sex": "M",
    "Title": "",
    "WTit": "",
    "OTit": "",
    "Rating": "1750",
    "Gms": "0",
    "K": "40",
    "RatingMonth": "AUG25",
    "B-day": "1962",
    "Flag": "i"
  },
  {
    "ID Number": "20803354",
    "Name": "Enilorac, Julien",
    "Fed": "CIV",
    "Sex": "M",
    "Title": "",
    "WTit": "",
    "OTit": "",
    "Rating": "1797",
    "Gms": "0",
    "K": "40",
    "RatingMonth": "AUG25",
    "B-day": "1986",
    "Flag": "i"
  },
  {
    "ID Number": "20800010",
    "Name": "Essis, Essoh Jean Mathieu Claude",
    "Fed": "CIV",
    "Sex": "M",
    "Title": "",
    "WTit": "",
    "OTit": "",
    "Rating": "1663",
    "Gms": "0",
    "K": "40",
    "RatingMonth": "AUG25",
    "B-day": "0",
    "Flag": "i"
  },
  {
    "ID Number": "20800746",
    "Name": "Esso, Ulrich Wilfried",
    "Fed": "CIV",
    "Sex": "M",
    "Title": "",
    "WTit": "SI,NA",
    "OTit": "",
    "Rating": "1714",
    "Gms": "0",
    "K": "40",
    "RatingMonth": "AUG25",
    "B-day": "1989",
    "Flag": "i"
  },
  {
    "ID Number": "20801319",
    "Name": "Foua, Aroll Junior",
    "Fed": "CIV",
    "Sex": "M",
    "Title": "",
    "WTit": "",
    "OTit": "",
    "Rating": "1791",
    "Gms": "0",
    "K": "40",
    "RatingMonth": "AUG25",
    "B-day": "2000",
    "Flag": "i"
  },
  {
    "ID Number": "20800185",
    "Name": "Gnahoua, Mahi Guy Roland",
    "Fed": "CIV",
    "Sex": "M",
    "Title": "",
    "WTit": "",
    "OTit": "",
    "Rating": "1779",
    "Gms": "0",
    "K": "40",
    "RatingMonth": "AUG25",
    "B-day": "1962",
    "Flag": "i"
  },
  {
    "ID Number": "20800274",
    "Name": "Gonto, Peled",
    "Fed": "CIV",
    "Sex": "M",
    "Title": "",
    "WTit": "",
    "OTit": "",
    "Rating": "1906",
    "Gms": "0",
    "K": "40",
    "RatingMonth": "AUG25",
    "B-day": "1984",
    "Flag": "i"
  },
  {
    "ID Number": "20803095",
    "Name": "Hapali, Axel Moaye Ponou Angoula",
    "Fed": "CIV",
    "Sex": "M",
    "Title": "",
    "WTit": "",
    "OTit": "",
    "Rating": "1806",
    "Gms": "0",
    "K": "40",
    "RatingMonth": "AUG25",
    "B-day": "1999",
    "Flag": ""
  },
  {
    "ID Number": "20806540",
    "Name": "Kakou, Allare Kassi Jean",
    "Fed": "CIV",
    "Sex": "M",
    "Title": "",
    "WTit": "",
    "OTit": "",
    "Rating": "1734",
    "Gms": "0",
    "K": "40",
    "RatingMonth": "AUG25",
    "B-day": "2003",
    "Flag": ""
  },
  {
    "ID Number": "20802250",
    "Name": "Kassy, Eyele Albert N",
    "Fed": "CIV",
    "Sex": "M",
    "Title": "",
    "WTit": "",
    "OTit": "",
    "Rating": "1606",
    "Gms": "0",
    "K": "40",
    "RatingMonth": "AUG25",
    "B-day": "1972",
    "Flag": "i"
  },
  {
    "ID Number": "20800444",
    "Name": "Koffi, Kouassi Jean Joel",
    "Fed": "CIV",
    "Sex": "M",
    "Title": "",
    "WTit": "",
    "OTit": "",
    "Rating": "1816",
    "Gms": "0",
    "K": "40",
    "RatingMonth": "AUG25",
    "B-day": "1994",
    "Flag": ""
  },
  {
    "ID Number": "20803958",
    "Name": "Kolie, Odilon",
    "Fed": "CIV",
    "Sex": "M",
    "Title": "",
    "WTit": "",
    "OTit": "",
    "Rating": "1691",
    "Gms": "0",
    "K": "40",
    "RatingMonth": "AUG25",
    "B-day": "1992",
    "Flag": ""
  },
  {
    "ID Number": "20800169",
    "Name": "Konan, Kouassi Augustin",
    "Fed": "CIV",
    "Sex": "M",
    "Title": "",
    "WTit": "",
    "OTit": "",
    "Rating": "1830",
    "Gms": "0",
    "K": "20",
    "RatingMonth": "AUG25",
    "B-day": "1972",
    "Flag": ""
  },
  {
    "ID Number": "20803320",
    "Name": "Konan, Yao Francisco Dieudonne",
    "Fed": "CIV",
    "Sex": "M",
    "Title": "",
    "WTit": "",
    "OTit": "",
    "Rating": "1793",
    "Gms": "0",
    "K": "40",
    "RatingMonth": "AUG25",
    "B-day": "1996",
    "Flag": "i"
  },
  {
    "ID Number": "20802650",
    "Name": "Kone, Daouda",
    "Fed": "CIV",
    "Sex": "M",
    "Title": "",
    "WTit": "",
    "OTit": "",
    "Rating": "1727",
    "Gms": "0",
    "K": "40",
    "RatingMonth": "AUG25",
    "B-day": "1971",
    "Flag": ""
  },
  {
    "ID Number": "20800320",
    "Name": "Kouakou, Kouame Jean Louis Cyrile",
    "Fed": "CIV",
    "Sex": "M",
    "Title": "",
    "WTit": "",
    "OTit": "",
    "Rating": "1637",
    "Gms": "0",
    "K": "40",
    "RatingMonth": "AUG25",
    "B-day": "1974",
    "Flag": "i"
  },
  {
    "ID Number": "20803400",
    "Name": "Kouassi, Edichy Berenice",
    "Fed": "CIV",
    "Sex": "F",
    "Title": "WCM",
    "WTit": "WCM",
    "OTit": "",
    "Rating": "1544",
    "Gms": "0",
    "K": "40",
    "RatingMonth": "AUG25",
    "B-day": "2008",
    "Flag": "w"
  },
  {
    "ID Number": "20800177",
    "Name": "Kouassi, Raoul Golly",
    "Fed": "CIV",
    "Sex": "M",
    "Title": "",
    "WTit": "",
    "OTit": "",
    "Rating": "1773",
    "Gms": "0",
    "K": "40",
    "RatingMonth": "AUG25",
    "B-day": "1970",
    "Flag": "i"
  },
  {
    "ID Number": "20803397",
    "Name": "Kouassi, Yao Samuel",
    "Fed": "CIV",
    "Sex": "M",
    "Title": "",
    "WTit": "",
    "OTit": "",
    "Rating": "1536",
    "Gms": "0",
    "K": "40",
    "RatingMonth": "AUG25",
    "B-day": "2012",
    "Flag": ""
  },
  {
    "ID Number": "20800398",
    "Name": "Kouman, Didier",
    "Fed": "CIV",
    "Sex": "M",
    "Title": "",
    "WTit": "",
    "OTit": "",
    "Rating": "1782",
    "Gms": "0",
    "K": "40",
    "RatingMonth": "AUG25",
    "B-day": "1988",
    "Flag": "i"
  },
  {
    "ID Number": "21200203",
    "Name": "Kouya, Tyeoulou Bernadin Franklin",
    "Fed": "CIV",
    "Sex": "M",
    "Title": "",
    "WTit": "",
    "OTit": "",
    "Rating": "1822",
    "Gms": "0",
    "K": "20",
    "RatingMonth": "AUG25",
    "B-day": "1972",
    "Flag": "i"
  },
  {
    "ID Number": "20800339",
    "Name": "Kpan, Mario",
    "Fed": "CIV",
    "Sex": "M",
    "Title": "",
    "WTit": "SI,IA",
    "OTit": "",
    "Rating": "1768",
    "Gms": "0",
    "K": "40",
    "RatingMonth": "AUG25",
    "B-day": "1974",
    "Flag": "i"
  },
  {
    "ID Number": "20802668",
    "Name": "Lago, Guede Hermas",
    "Fed": "CIV",
    "Sex": "M",
    "Title": "",
    "WTit": "",
    "OTit": "",
    "Rating": "1789",
    "Gms": "0",
    "K": "40",
    "RatingMonth": "AUG25",
    "B-day": "1973",
    "Flag": "i"
  },
  {
    "ID Number": "20802528",
    "Name": "Lago, Michel",
    "Fed": "CIV",
    "Sex": "M",
    "Title": "",
    "WTit": "",
    "OTit": "",
    "Rating": "1705",
    "Gms": "0",
    "K": "40",
    "RatingMonth": "AUG25",
    "B-day": "1977",
    "Flag": "i"
  },
  {
    "ID Number": "20803214",
    "Name": "Le Roux, Loann Michel",
    "Fed": "CIV",
    "Sex": "M",
    "Title": "",
    "WTit": "",
    "OTit": "",
    "Rating": "1577",
    "Gms": "0",
    "K": "40",
    "RatingMonth": "AUG25",
    "B-day": "2012",
    "Flag": ""
  },
  {
    "ID Number": "20803222",
    "Name": "Le Roux, Nicolas",
    "Fed": "CIV",
    "Sex": "M",
    "Title": "",
    "WTit": "",
    "OTit": "",
    "Rating": "1667",
    "Gms": "0",
    "K": "40",
    "RatingMonth": "AUG25",
    "B-day": "1974",
    "Flag": ""
  },
  {
    "ID Number": "13100505",
    "Name": "Letsara, Nirina Harijaona",
    "Fed": "CIV",
    "Sex": "M",
    "Title": "",
    "WTit": "",
    "OTit": "",
    "Rating": "1874",
    "Gms": "0",
    "K": "40",
    "RatingMonth": "AUG25",
    "B-day": "1968",
    "Flag": "i"
  },
  {
    "ID Number": "20801548",
    "Name": "Lorng, Yowel Madeleine",
    "Fed": "CIV",
    "Sex": "F",
    "Title": "",
    "WTit": "",
    "OTit": "",
    "Rating": "1426",
    "Gms": "0",
    "K": "40",
    "RatingMonth": "AUG25",
    "B-day": "2002",
    "Flag": "wi"
  },
  {
    "ID Number": "20803192",
    "Name": "Maby, Eric",
    "Fed": "CIV",
    "Sex": "M",
    "Title": "",
    "WTit": "",
    "OTit": "",
    "Rating": "1689",
    "Gms": "0",
    "K": "40",
    "RatingMonth": "AUG25",
    "B-day": "1981",
    "Flag": "i"
  },
  {
    "ID Number": "20800070",
    "Name": "Mambe, Lobognon Anderson Olivier",
    "Fed": "CIV",
    "Sex": "M",
    "Title": "CM",
    "WTit": "",
    "OTit": "",
    "Rating": "1882",
    "Gms": "0",
    "K": "20",
    "RatingMonth": "AUG25",
    "B-day": "1967",
    "Flag": ""
  },
  {
    "ID Number": "20800061",
    "Name": "Manan, Yoboue Hermann",
    "Fed": "CIV",
    "Sex": "M",
    "Title": "CM",
    "WTit": "SI",
    "OTit": "",
    "Rating": "2086",
    "Gms": "0",
    "K": "20",
    "RatingMonth": "AUG25",
    "B-day": "1977",
    "Flag": ""
  },
  {
    "ID Number": "20800738",
    "Name": "Menan, Kouame Caleb Junior",
    "Fed": "CIV",
    "Sex": "M",
    "Title": "",
    "WTit": "",
    "OTit": "",
    "Rating": "1627",
    "Gms": "0",
    "K": "40",
    "RatingMonth": "AUG25",
    "B-day": "1995",
    "Flag": "i"
  },
  {
    "ID Number": "20800371",
    "Name": "Monney, Ockie Jean Michel",
    "Fed": "CIV",
    "Sex": "M",
    "Title": "",
    "WTit": "",
    "OTit": "",
    "Rating": "1859",
    "Gms": "0",
    "K": "40",
    "RatingMonth": "AUG25",
    "B-day": "1974",
    "Flag": "i"
  },
  {
    "ID Number": "20804512",
    "Name": "Nde, Atse Carine Noelly Marie",
    "Fed": "CIV",
    "Sex": "F",
    "Title": "",
    "WTit": "",
    "OTit": "",
    "Rating": "1685",
    "Gms": "0",
    "K": "40",
    "RatingMonth": "AUG25",
    "B-day": "2005",
    "Flag": "w"
  },
  {
    "ID Number": "20802617",
    "Name": "Nean, Franck Anderson",
    "Fed": "CIV",
    "Sex": "M",
    "Title": "CM",
    "WTit": "",
    "OTit": "",
    "Rating": "1978",
    "Gms": "0",
    "K": "20",
    "RatingMonth": "AUG25",
    "B-day": "1978",
    "Flag": ""
  },
  {
    "ID Number": "20804458",
    "Name": "Nganza, Jean Jacques",
    "Fed": "CIV",
    "Sex": "M",
    "Title": "",
    "WTit": "",
    "OTit": "",
    "Rating": "1704",
    "Gms": "0",
    "K": "40",
    "RatingMonth": "AUG25",
    "B-day": "1953",
    "Flag": ""
  },
  {
    "ID Number": "20803940",
    "Name": "Ngoran, Yao Fabrice",
    "Fed": "CIV",
    "Sex": "M",
    "Title": "",
    "WTit": "",
    "OTit": "",
    "Rating": "1655",
    "Gms": "0",
    "K": "40",
    "RatingMonth": "AUG25",
    "B-day": "2000",
    "Flag": ""
  },
  {
    "ID Number": "20800223",
    "Name": "Niamkey, Elijah Pharell",
    "Fed": "CIV",
    "Sex": "M",
    "Title": "",
    "WTit": "",
    "OTit": "",
    "Rating": "1709",
    "Gms": "0",
    "K": "40",
    "RatingMonth": "AUG25",
    "B-day": "2007",
    "Flag": "i"
  },
  {
    "ID Number": "20800347",
    "Name": "Niangoran, Yao",
    "Fed": "CIV",
    "Sex": "M",
    "Title": "",
    "WTit": "",
    "OTit": "",
    "Rating": "1878",
    "Gms": "0",
    "K": "40",
    "RatingMonth": "AUG25",
    "B-day": "1970",
    "Flag": "i"
  },
  {
    "ID Number": "20804580",
    "Name": "Obrou, Zue Marie Maximilien Emmanuel",
    "Fed": "CIV",
    "Sex": "M",
    "Title": "",
    "WTit": "",
    "OTit": "",
    "Rating": "1586",
    "Gms": "0",
    "K": "40",
    "RatingMonth": "AUG25",
    "B-day": "2000",
    "Flag": "i"
  },
  {
    "ID Number": "20803788",
    "Name": "Ouaga, Adje Yohan Sagui Philippe",
    "Fed": "CIV",
    "Sex": "M",
    "Title": "",
    "WTit": "",
    "OTit": "",
    "Rating": "1831",
    "Gms": "0",
    "K": "40",
    "RatingMonth": "AUG25",
    "B-day": "2011",
    "Flag": ""
  },
  {
    "ID Number": "20803583",
    "Name": "Ouaga, Madou Marc Heli Fortunat",
    "Fed": "CIV",
    "Sex": "M",
    "Title": "",
    "WTit": "",
    "OTit": "",
    "Rating": "1570",
    "Gms": "0",
    "K": "40",
    "RatingMonth": "AUG25",
    "B-day": "2006",
    "Flag": ""
  },
  {
    "ID Number": "20803575",
    "Name": "Ouaga, Ouanyou Jean David Nathan",
    "Fed": "CIV",
    "Sex": "M",
    "Title": "",
    "WTit": "",
    "OTit": "",
    "Rating": "1935",
    "Gms": "0",
    "K": "40",
    "RatingMonth": "AUG25",
    "B-day": "1999",
    "Flag": ""
  },
  {
    "ID Number": "20800355",
    "Name": "Pity, Barthelemie",
    "Fed": "CIV",
    "Sex": "M",
    "Title": "",
    "WTit": "",
    "OTit": "",
    "Rating": "1727",
    "Gms": "0",
    "K": "40",
    "RatingMonth": "AUG25",
    "B-day": "1976",
    "Flag": "i"
  },
  {
    "ID Number": "20804849",
    "Name": "Randriamialisoa, Rantoniaina Herizo",
    "Fed": "CIV",
    "Sex": "M",
    "Title": "",
    "WTit": "",
    "OTit": "",
    "Rating": "1773",
    "Gms": "0",
    "K": "40",
    "RatingMonth": "AUG25",
    "B-day": "1998",
    "Flag": ""
  },
  {
    "ID Number": "20802722",
    "Name": "Rao, Shaurya",
    "Fed": "CIV",
    "Sex": "M",
    "Title": "",
    "WTit": "",
    "OTit": "",
    "Rating": "1414",
    "Gms": "0",
    "K": "40",
    "RatingMonth": "AUG25",
    "B-day": "2010",
    "Flag": ""
  },
  {
    "ID Number": "20806744",
    "Name": "Sakr, Samy",
    "Fed": "CIV",
    "Sex": "M",
    "Title": "",
    "WTit": "",
    "OTit": "",
    "Rating": "1763",
    "Gms": "5",
    "K": "40",
    "RatingMonth": "AUG25",
    "B-day": "2001",
    "Flag": ""
  },
  {
    "ID Number": "20803524",
    "Name": "Sam Ezan, Sam Palm Olivier",
    "Fed": "CIV",
    "Sex": "M",
    "Title": "",
    "WTit": "",
    "OTit": "",
    "Rating": "1678",
    "Gms": "0",
    "K": "40",
    "RatingMonth": "AUG25",
    "B-day": "1996",
    "Flag": "i"
  },
  {
    "ID Number": "20801190",
    "Name": "Sassi, Ben Mohamed",
    "Fed": "CIV",
    "Sex": "M",
    "Title": "",
    "WTit": "",
    "OTit": "",
    "Rating": "1631",
    "Gms": "0",
    "K": "40",
    "RatingMonth": "AUG25",
    "B-day": "1988",
    "Flag": "i"
  },
  {
    "ID Number": "20800363",
    "Name": "Segoulin, Christian Bernard",
    "Fed": "CIV",
    "Sex": "M",
    "Title": "",
    "WTit": "",
    "OTit": "",
    "Rating": "1824",
    "Gms": "0",
    "K": "40",
    "RatingMonth": "AUG25",
    "B-day": "1988",
    "Flag": "i"
  },
  {
    "ID Number": "20804202",
    "Name": "Seka, Brou Joseph Yannick",
    "Fed": "CIV",
    "Sex": "M",
    "Title": "",
    "WTit": "",
    "OTit": "",
    "Rating": "1782",
    "Gms": "0",
    "K": "40",
    "RatingMonth": "AUG25",
    "B-day": "2000",
    "Flag": ""
  },
  {
    "ID Number": "20802927",
    "Name": "Tanoe, Yao Aubin Maximilien",
    "Fed": "CIV",
    "Sex": "M",
    "Title": "",
    "WTit": "",
    "OTit": "",
    "Rating": "2020",
    "Gms": "0",
    "K": "20",
    "RatingMonth": "AUG25",
    "B-day": "2001",
    "Flag": ""
  },
  {
    "ID Number": "21200734",
    "Name": "Toure, Yves",
    "Fed": "CIV",
    "Sex": "M",
    "Title": "",
    "WTit": "",
    "OTit": "",
    "Rating": "1868",
    "Gms": "0",
    "K": "20",
    "RatingMonth": "AUG25",
    "B-day": "1986",
    "Flag": ""
  },
  {
    "ID Number": "20800410",
    "Name": "Trah, Jocelin Charles Goore",
    "Fed": "CIV",
    "Sex": "M",
    "Title": "",
    "WTit": "",
    "OTit": "",
    "Rating": "1817",
    "Gms": "0",
    "K": "40",
    "RatingMonth": "AUG25",
    "B-day": "1973",
    "Flag": "i"
  },
  {
    "ID Number": "20804571",
    "Name": "Traore, Isaac Meshac",
    "Fed": "CIV",
    "Sex": "M",
    "Title": "",
    "WTit": "",
    "OTit": "",
    "Rating": "1752",
    "Gms": "0",
    "K": "40",
    "RatingMonth": "AUG25",
    "B-day": "1992",
    "Flag": "i"
  },
  {
    "ID Number": "20804660",
    "Name": "Yao, Hamed Stephane",
    "Fed": "CIV",
    "Sex": "M",
    "Title": "",
    "WTit": "",
    "OTit": "",
    "Rating": "1466",
    "Gms": "0",
    "K": "40",
    "RatingMonth": "AUG25",
    "B-day": "2009",
    "Flag": ""
  },
  {
    "ID Number": "20806582",
    "Name": "Yavo, Boni Marc-Ivan",
    "Fed": "CIV",
    "Sex": "M",
    "Title": "",
    "WTit": "",
    "OTit": "",
    "Rating": "1688",
    "Gms": "0",
    "K": "40",
    "RatingMonth": "AUG25",
    "B-day": "2004",
    "Flag": ""
  },
  {
    "ID Number": "20800266",
    "Name": "Yavo, Tchetche Marie",
    "Fed": "CIV",
    "Sex": "F",
    "Title": "WCM",
    "WTit": "WCM",
    "OTit": "",
    "Rating": "1704",
    "Gms": "0",
    "K": "20",
    "RatingMonth": "AUG25",
    "B-day": "2005",
    "Flag": "w"
  },
  {
    "ID Number": "20800150",
    "Name": "Zirimba, Paul",
    "Fed": "CIV",
    "Sex": "M",
    "Title": "",
    "WTit": "",
    "OTit": "",
    "Rating": "1813",
    "Gms": "0",
    "K": "40",
    "RatingMonth": "AUG25",
    "B-day": "1973",
    "Flag": ""
  }
]