ID Number,Name,Fed,Sex,Title,WTit,OTit,FOA,Rating,Gms,K,B-day,Flag
10021124,Abdourahman Aboubker Abdourahman,UGA,M,,,,1822,AUG25,0,40,1995,
10014411,Abdullahi Garba Haruna,UGA,M,,,,1915,AUG25,0,20,1998,
10038078,Abola Lawrence,UGA,M,,,,1582,AUG25,0,20,1988,
10022066,Abwaimo Francis,UGA,M,,,,1548,AUG25,0,40,2006,
10046291,Acut Robson Emmanuel,UGA,M,,,,1549,AUG25,0,40,2009,
10037799,Adikau Amis,UGA,M,,,,1588,AUG25,0,40,2013,
10049185,Adoko Ceaser,UGA,M,,,,1538,AUG25,0,40,1990,
10010084,Agaba Davis,UGA,M,,,,1887,AUG25,0,40,1987,
10060227,Agaba Marvin,UGA,M,,,,1715,AUG25,0,40,2010,
10022082,Ahabwe Cornelius Turyahikayo,UGA,M,,,,1651,AUG25,0,40,2009,
10018220,Ahereza Joan,UGA,F,,,,1729,AUG25,0,20,2000,w
10031405,Ahereza Mark,UGA,M,,,,ACM,AUG25,1464,0,2006,
10034005,Ahishakiye Lucky,UGA,M,,,,1440,AUG25,0,40,2007,i
10033793,Ahumuza Apollo,UGA,M,,,,1698,AUG25,0,40,2013,
10033050,Aijuka Elvin,UGA,M,,,,1593,AUG25,0,40,2007,i
10015442,Aine Atubet,UGA,F,,,,1431,AUG25,0,40,2013,w
10021388,Ainebyonya Hellen,UGA,F,,,,1530,AUG25,0,40,2010,w
10022104,Ainembabazi Promise Siarah,UGA,F,,,,1436,AUG25,0,40,2008,w
10022112,Ainomugisha Joel,UGA,M,,,,1515,AUG25,0,40,2004,i
10013920,Ajak Mach Duany,UGA,M,,,,1941,AUG25,0,40,1994,i
10024239,Ajilia Lydia Mary,UGA,F,,,,1425,AUG25,0,40,1997,wi
10013385,Ajiri Benjamin Netanyahu,UGA,M,,,,1939,AUG25,0,20,2006,
10014420,Ajiri Nygaard,UGA,M,,,,1809,AUG25,0,40,2008,
10000453,"Akabo, Mike",UGA,M,,,,1975,AUG25,0,20,1985,
10012222,Akampulira Derrick Duncan,UGA,M,,,,1753,AUG25,0,40,1997,i
10028056,Akampumuza Blair,UGA,M,,,,1665,AUG25,0,40,2005,
10059199,Akandwanako Kevin,UGA,M,,,,1700,AUG25,0,40,2006,
10003835,Akena Patrick,UGA,M,,,,1824,AUG25,0,40,1985,i
10021841,Akot Emmanuella,UGA,F,,,,1492,AUG25,0,40,2009,w
10024441,Alex Wasswa Lubega,UGA,M,,,,1723,AUG25,0,40,2001,
10022988,Alfred Brian Agaba,UGA,M,,,,1603,AUG25,0,40,1980,i
10025260,Alinda Collins,UGA,M,,,,1883,AUG25,0,20,2003,
10033564,Alinda Velma Miranda,UGA,F,,,,1480,AUG25,0,40,2010,wi
10033807,Amanya Jerome,UGA,M,,,,1472,AUG25,0,40,2007,
10042164,Amanya Louis Henry,UGA,M,,,,1549,AUG25,0,40,2008,
10000291,"Amoko, Ivy Claire",UGA,F,WFM,WFM,,1817,AUG25,0,20,1987,w
10016767,Ampaire Brenan,UGA,M,,,,1801,AUG25,0,20,2000,
10029109,Ampaire Catherine,UGA,F,,,,1492,AUG25,0,40,2004,w
10002782,Ampaire Shakira,UGA,F,WCM,WCM,,1776,AUG25,0,20,1991,w
10059873,Ampumuza Adrian,UGA,M,,,,1562,AUG25,0,40,1991,
10029591,Ampumuza Lenah,UGA,F,,,,1537,AUG25,0,40,2011,w
10059881,Amutuhire Joshua,UGA,M,,,,1469,AUG25,0,40,2007,
10024778,Angel Luggya,UGA,F,,,,1560,AUG25,0,40,2004,w
10000429,"Angolikin, Goretti",UGA,F,WFM,WFM,,1747,AUG25,0,20,1986,wi
10055509,Anguyo Joshua,UGA,M,,,,1513,AUG25,0,40,2000,
10000070,"Anuari, Julius",UGA,M,,,,1833,AUG25,0,40,1982,i
10000461,"Apuuli, Davis",UGA,M,,,,1780,AUG25,0,40,0,i
10014357,Arinaitwe Collins,UGA,M,,,,1717,AUG25,0,40,2000,i
10035443,Arinaitwe Juliet,UGA,F,,,,1472,AUG25,0,40,2009,w
10023925,Asaba Juliet,UGA,F,,,,1833,AUG25,3,40,2012,w
10028617,Asano Sylvia Betty,UGA,F,,,,1526,AUG25,0,40,2005,w
10048600,Ashaba Eric,UGA,M,,,,1688,AUG25,0,40,2004,
10024514,Asiimwe Angel Patricia,UGA,F,,,,1444,AUG25,0,40,2010,w
10035451,Asiimwe Olivia,UGA,F,,,,1626,AUG25,0,40,2011,w
10046780,Asingwire Albert,UGA,M,,,,1533,AUG25,0,40,2007,
10023933,Atella Patience Angel,UGA,F,,,,1629,AUG25,0,40,2008,w
10029087,Atuhaire Fiona,UGA,F,,,,1535,AUG25,0,40,2005,w
10031367,Atuhairwe Charles,UGA,M,,,,ACM,AUG25,1529,0,2006,
10034390,Atuhe Anselm,UGA,M,,,,1514,AUG25,0,40,2007,
10013946,Ayebazibwe Emmanuel,UGA,M,,,,1626,AUG25,0,40,1993,i
10042920,Ayemba James,UGA,M,,,,1485,AUG25,0,40,2008,
10011706,Ayikoru Hannah Mariam,UGA,F,,,,1569,AUG25,0,40,2008,w
10000917,"Baagande, Daniel Kasujja",UGA,M,CM,,,1984,AUG25,0,20,1989,i
10025499,Babirye Christine Audrey,UGA,F,,,,1575,AUG25,0,20,2006,w
10000828,"Babirye, Stella",UGA,F,,,,1533,AUG25,0,20,1999,wi
10005595,Bagonza Atuhaire Marvin,UGA,M,,,,1865,AUG25,0,40,2002,i
10033815,Baguma Innocent,UGA,M,,,,1788,AUG25,3,40,2011,
10029940,Bahati John Henry,UGA,M,,,,1646,AUG25,0,40,2008,
10013148,Bakasibye Nicholas,UGA,M,,,,1734,AUG25,0,40,1999,i
10020462,Bakira Andrew Ruyondo,UGA,M,,,,1711,AUG25,0,40,1999,i
10005820,Bakka Drake,UGA,M,,,,1517,AUG25,0,40,2005,
10014594,Balewa Jimmy,UGA,M,,,,1889,AUG25,0,20,1996,
10031618,Bamuwamye Melvin T,UGA,M,,,,1840,AUG25,0,40,2006,
10022953,Bang Daniel Deng,UGA,M,,,,1756,AUG25,0,40,2001,i
10003649,"Barihamwe, Douglas",UGA,M,,,,1857,AUG25,0,40,1993,i
10000470,"Baryeija, Simon",UGA,M,,,,1777,AUG25,0,40,0,i
10006958,Basangwa Johnson Michael,UGA,M,,,,1874,AUG25,0,20,1999,
10007857,Batambuze Amisi,UGA,M,,,,1828,AUG25,0,40,2003,i
10048669,Bavekuno Trevor,UGA,M,,,,1602,AUG25,0,40,2007,
10052593,Bendera Ravy,UGA,M,,,,1609,AUG25,0,40,2012,
10008934,Benhur Mehari,UGA,M,,,,1928,AUG25,0,40,1998,i
10018964,Benjamin Daniel Mwesigwa Serwadda,UGA,M,,,,1462,AUG25,0,40,2012,
10009191,Bewayo Emmanuel,UGA,M,,,,1869,AUG25,0,40,1995,i
10000240,"Bibasa, Bob",UGA,M,FM,,,1963,AUG25,0,20,1977,
10009000,Bior Samuel Yuor,UGA,M,,,,1977,AUG25,0,40,1993,i
10042873,Birungi Shekinah Adnah,UGA,F,,,,1587,AUG25,0,40,2010,w
10010718,Bisaso Angello,UGA,M,,,,1707,AUG25,0,40,1979,
10000208,Bisereko Pafura Godfrey,UGA,M,,,,1977,AUG25,0,20,1976,i
10007709,Bitarinsa Arthur,UGA,M,,,,1835,AUG25,1,20,2000,
10005617,Biyinzika Pauline,UGA,F,,,,1659,AUG25,0,40,2001,w
10037829,Boiga Godfrey,UGA,M,,,,1622,AUG25,0,40,2004,
10006427,Bukenya Henry,UGA,M,,,,1685,AUG25,0,40,1995,i
10021850,Bulindi Cliford Emma,UGA,M,,,,1677,AUG25,0,40,2003,i
10040765,Busingye Deron,UGA,M,,,,1602,AUG25,0,40,2011,
10001336,"Buti, Raphael",UGA,M,FM,,,2065,AUG25,0,20,1973,i
10005625,Butungi Denise Veronica,UGA,F,,,,1450,AUG25,0,40,2001,wi
10000488,"Buule, Innocent",UGA,M,,,,1836,AUG25,0,40,0,
10004394,"Buwule, Vincent",UGA,M,,,,1527,AUG25,0,40,2007,i
10000933,"Buyinza, Richard",UGA,M,,,,1921,AUG25,0,40,1997,i
10059890,Bwambale Didier,UGA,M,,,,1480,AUG25,0,40,2004,
10001646,"Bwanika, Daniel",UGA,M,,,,1831,AUG25,0,40,0,i
10023950,Bwengye Alicia,UGA,F,,,,1534,AUG25,0,40,2003,wi
10020497,Byamukama Sean,UGA,M,,,,1587,AUG25,0,40,2008,
10049924,Byantuyo Rahim,UGA,M,,,,1486,AUG25,0,40,2007,
10004785,Byaruhanga Jonah,UGA,M,,,,1754,AUG25,0,20,1987,
10019464,Byawaka Alvin Herbert,UGA,M,,,,1795,AUG25,0,40,2003,
10000941,"Chabo, Lenard",UGA,M,,,,1891,AUG25,0,40,1982,
10007814,Chemutai Oscar Kwalya,UGA,M,,,,1718,AUG25,0,40,2000,i
10009469,Chor Gabriel,UGA,M,,,,1961,AUG25,0,40,1976,i
10002758,Daahir Bashir Yusuf,UGA,M,,,,1786,AUG25,0,20,1984,
10018921,Dara Tendereza,UGA,M,,,,1518,AUG25,0,40,2012,
10018204,Dasha Zalwango Kibuule,UGA,F,,,,1530,AUG25,0,40,2010,w
10040676,Ddamulira Titus Lugemwa,UGA,M,,,,1646,AUG25,0,40,2005,
10010041,Dend Panchol,UGA,M,,,,1879,AUG25,0,40,1999,i
10020330,Deng Biar Deng,UGA,M,,,,1798,AUG25,0,40,2008,
10022201,Devansh Sachin Trivedi,UGA,M,,,,1470,AUG25,1,40,2012,
10016791,Diiro Mudde James,UGA,M,,,,1651,AUG25,0,40,1960,i
10011234,DOKORIA DANIEL,UGA,M,,,,1464,AUG25,0,40,2007,
10016473,Dut Majier Agol,UGA,M,,,,1882,AUG25,0,20,2002,i
10013954,Echeru Charles,UGA,M,,,,1539,AUG25,0,40,1999,
10014632,Eculo Isaac,UGA,M,,,,1859,AUG25,0,20,1998,
10051325,Edel Edwin,UGA,M,,,,1671,AUG25,0,40,2012,
10009019,Egesa emmanuel,UGA,M,CM,,,2119,AUG25,0,20,1996,
10031464,Egweru Ezekiel,UGA,M,,,,1503,AUG25,0,40,2006,
10008322,Ejulu Wilson,UGA,M,,,,1779,AUG25,0,40,1999,i
10037632,Emeu Masterd,UGA,M,,,,1583,AUG25,0,40,2005,
10018930,Emmanuel Atukirize,UGA,M,,,,1428,AUG25,0,40,2012,
10000402,"Emojong, Elijah",UGA,M,IM,,,2098,AUG25,4,20,1992,
10001654,"Emojong, Joel",UGA,M,,,,1913,AUG25,0,20,1994,
10000950,"Epuku, Enoch",UGA,M,,,,1483,AUG25,0,40,1966,
10000518,"Etoru, Amos",UGA,M,,,,1981,AUG25,0,20,1990,i
10018140,"Eyaku, Alfred",UGA,M,,,,1690,AUG25,0,40,2000,
10058389,Eyoku Titus,UGA,M,,,,1472,AUG25,0,40,2007,
10000534,"Frobisha, Katula Paul",UGA,M,,,,1833,AUG25,0,20,1987,
10017780,Gahima Fred,UGA,M,,,,1527,AUG25,0,40,2009,i
10036873,Galabuzi Joshua,UGA,M,,,,1587,AUG25,0,40,2007,
10024590,Gayyi William,UGA,M,,,,1531,AUG25,0,40,2007,i
10022252,Ggayi William Kieran,UGA,M,,,,1641,AUG25,0,40,2006,
10014365,Godana Emiru,UGA,M,,,,1675,AUG25,0,40,1999,i
10025898,Gonza Ismael,UGA,M,,,,1665,AUG25,0,40,1996,i
10000550,"Gonza, Simon",UGA,M,,NA,,1997,AUG25,0,20,1984,
10018069,Haggai Mawejje Israel,UGA,M,,,,1625,AUG25,0,40,2008,
10021876,Hailey Nio Mitchelle,UGA,F,,,,1560,AUG25,0,40,2009,w
10013415,Hajji Musa Hassan Adam,UGA,M,,,,1744,AUG25,0,40,1979,i
10024581,Hakwa Herbert,UGA,M,,,,1610,AUG25,0,40,1993,i
10010130,Hamssadhwane Sivakumar,UGA,F,,,,1522,AUG25,0,40,2004,wi
10018077,Hannah Zion Mawejje,UGA,F,,,,1563,AUG25,0,20,2006,w
10019294,Haris Ahabwe,UGA,M,,,,1531,AUG25,0,40,2011,
10014497,Hersi Mohamed Farah,UGA,M,,,,1742,AUG25,0,40,2007,i
10016988,Ian Smith Nabuguzi,UGA,M,,,,1874,AUG25,0,20,1997,
10032061,Iculet Chanelle Manuela Okurut,UGA,F,,,,1540,AUG25,0,40,2014,w
10005331,Ikonde Nekemiah Arnold,UGA,M,,,,1696,AUG25,0,20,1998,
10019421,Isaac Tendo Serwadda,UGA,M,,,,1617,AUG25,0,40,2010,
10021655,Isabirye Difus,UGA,M,,,,1719,AUG25,0,40,1999,i
10037586,Isabirye Simon Peter,UGA,M,,,,1721,AUG25,0,40,2002,i
10023968,Ishimwe Denzel Christian,UGA,M,,,,1503,AUG25,0,40,2009,i
10005528,Isiiko Mohammed,UGA,M,,,,1872,AUG25,0,20,1994,i
10005374,Isiko Patrick Simon,UGA,M,,,,1913,AUG25,0,40,1989,i
10018034,Jacques kennedy  Ringtho Mugisa,UGA,M,,,,1534,AUG25,0,40,2011,
10065407,JASON SHUSTER,UGA,M,,,,1639,AUG25,0,40,1983,
10018050,Jethro Mawejje Mulungi,UGA,M,,,,1450,AUG25,0,40,2013,
10018085,Joseph Kizito,UGA,M,,,,1628,AUG25,0,20,1983,
10019308,Joseph Prince Muhanguzi,UGA,M,,,,1416,AUG25,0,40,2010,
10022341,Josephine Najjemba,UGA,F,,,,1572,AUG25,0,40,2010,w
10013423,Kaamu Brian,UGA,M,,,,1540,AUG25,0,40,1999,
10000348,"Kaamu, Joseph",UGA,M,,,,1710,AUG25,0,20,1950,
10021892,Kabanda Elvin Bogere,UGA,M,,,,1666,AUG25,0,40,2007,
10000836,"Kabengano, Joyce",UGA,F,,,,1728,AUG25,0,20,1990,w
10018760,Kabuye Charity Raphael,UGA,M,,,,1785,AUG25,0,20,2001,
10000011,"Kabuye, Emmanuel",UGA,M,,,,2243,AUG25,0,20,0,i
10029397,Kadama Jeromah Mellane,UGA,F,,,,1450,AUG25,0,40,2007,w
10008390,Kaddu Daniel,UGA,M,,,,1668,AUG25,0,40,1988,
10015353,Kaddu Ivan,UGA,M,,,,1981,AUG25,0,40,1984,
10017801,Kaddu Mukasa Fred,UGA,M,,,,1760,AUG25,0,40,1976,i
10001689,"Kafuko, Paul",UGA,M,,,,2010,AUG25,0,20,1993,i
10020519,Kagame Paul,UGA,M,,,,1732,AUG25,0,40,1999,
10016848,Kageni Julius ceaser,UGA,M,,,,1786,AUG25,0,40,1997,
10023690,Kaggwa Brian,UGA,M,,,,1704,AUG25,0,40,1999,
10007490,Kaggwa Christopher,UGA,M,,,,1726,AUG25,0,40,1999,i
10021434,Kagulire Farouk,UGA,M,,,,1683,AUG25,0,20,2002,
10011226,KAIRU JACOB,UGA,M,,,,1813,AUG25,0,20,2005,
10065326,KAJOBA HUMPREY,UGA,M,,,,1589,AUG25,0,40,2013,
10000178,"Kakooza, Kenneth",UGA,M,,,,2037,AUG25,0,20,1972,i
10000151,"Kakumba, Umar",UGA,M,,,,2170,AUG25,0,40,0,i
10013970,Kalambuzi Paul,UGA,M,,,,1721,AUG25,0,40,1990,i
10016619,Kalanzi Jude,UGA,M,,SI,,1764,AUG25,0,40,1997,i
10016856,Kalema Henry Titus,UGA,M,,,,1583,AUG25,0,40,1999,i
10005390,Kalema Rogers,UGA,M,,,,1860,AUG25,0,20,1994,i
10003576,"Kalugo, George William",UGA,M,,,,1833,AUG25,0,20,1996,
10004327,Kalule Charle Norbert,UGA,M,,,,1453,AUG25,0,40,1980,
10022368,Kalule Mukasa Kagimu,UGA,M,,,,1589,AUG25,0,40,2007,
10001360,"Kalule, Caxton",UGA,M,,,,1822,AUG25,0,20,1983,
10023976,Kalumba Samuel,UGA,M,,,,1674,AUG25,0,20,1998,
10031375,Kalungi Cyril Sebastian,UGA,M,,,,1649,AUG25,0,40,2006,
10059067,KALUNGI HENRY,UGA,M,,,,1538,AUG25,0,40,2011,
10000593,"Kamoga, Rajab",UGA,M,,,,2088,AUG25,0,20,1984,
10000046,"Kamuhangire, Silver",UGA,M,,,,2190,AUG25,0,20,0,i
10015361,Kamya Albert,UGA,M,,,,1730,AUG25,0,40,1989,
10013440,Kamya Daniel,UGA,M,,,,1690,AUG25,0,20,1984,
10001727,"Kanaabi, Arlone",UGA,M,,,,1920,AUG25,0,20,1980,
10033670,Kansiime Veritah Blessed,UGA,F,,,,1457,AUG25,0,40,2008,w
10000259,"Kantinti, Shadrack",UGA,M,,,,2029,AUG25,0,20,1977,i
10004378,Kanyike Victor,UGA,M,,,,1742,AUG25,0,20,2004,
10041109,Karekona Muhairwe Cole,UGA,M,,,,1445,AUG25,0,40,1999,
10035486,Karl Kwezi Katongole,UGA,M,,,,1509,AUG25,0,40,2013,
10039473,Kasajja Isaac Kayimbazi,UGA,M,,,,1427,AUG25,0,40,2005,
10046550,Kasiirivu Ezra,UGA,M,,,,1630,AUG25,0,40,2012,
10036334,Kasozi Bukenya Ryan,UGA,M,,,,1600,AUG25,0,40,2005,
10017313,Kasozi Jovan,UGA,M,,,,1759,AUG25,0,40,2007,
10017542,Kasozi Taufic,UGA,M,,,,1506,AUG25,0,40,2007,
10004777,katairo Thomas,UGA,M,,,,1990,AUG25,0,20,1991,i
10046275,Katende Emmanuel,UGA,M,,,,1508,AUG25,0,40,2007,
10009892,Katende Hudson,UGA,M,,,,1661,AUG25,0,20,1996,
10011250,Katende Reynard Nigel,UGA,M,,,,1567,AUG25,0,40,2007,
10037870,KATETE MARTIN,UGA,M,,,,1429,AUG25,0,40,2012,
10000984,"Katimbo, Frank",UGA,M,,,,1740,AUG25,0,20,1976,
10020560,Kato Elisha,UGA,M,,,,1659,AUG25,0,40,2005,
10017550,Kato Ivan,UGA,M,,,,1536,AUG25,0,40,2007,
10037772,Kato Shafic,UGA,M,,,,1557,AUG25,0,40,2004,
10000992,"Kato, Richard",UGA,M,,,,1928,AUG25,0,20,1999,
10004254,"Katumba, Joshua",UGA,M,,,,1785,AUG25,0,20,1990,
10038094,Kawase Emmanuel,UGA,M,,,,1746,AUG25,0,40,1998,i
10008926,Kawooya Joseph,UGA,M,,,,1881,AUG25,0,20,1995,
10015094,Kawooya Swaleh,UGA,M,,,,1704,AUG25,0,20,2003,
10012486,Kawuma Patricia,UGA,F,WCM,WCM,,1884,AUG25,0,20,2006,w
10000321,"Kawuma, Moses",UGA,M,FM,,,2180,AUG25,0,20,1978,i
10000127,"Kawuma, Patrick",UGA,M,FM,,,2231,AUG25,0,20,1990,
10000224,"Kawuma, Steven Male",UGA,M,FM,,,2184,AUG25,5,20,1981,
10020586,Kayanja John,UGA,M,,,,1710,AUG25,0,20,2005,
10016902,Kayenga Derrick,UGA,M,,,,1563,AUG25,0,40,1999,i
10005650,Kayesu Ivy,UGA,F,,,,1658,AUG25,0,40,1994,wi
10011676,Kayiru Sarah Eunice,UGA,F,,,,1587,AUG25,0,40,2010,w
10033963,Kazibwe Arafat,UGA,M,,,,1611,AUG25,0,40,2007,
10031448,Kazibwe Collins,UGA,M,,,,1538,AUG25,0,40,2006,
10042938,Kazibwe Jovan,UGA,M,,,,1732,AUG25,0,40,2008,
10016376,Kazibwe Trevor,UGA,M,,,,1558,AUG25,0,40,2004,
10006443,Kazini Leon,UGA,M,,,,1711,AUG25,0,40,2000,i
10038809,Keije Keith,UGA,M,,,,1443,AUG25,0,40,2013,
10010092,Khatukhira Bernard,UGA,M,,,,1710,AUG25,0,20,1982,i
10019170,Khush Unadkat,UGA,M,,,,1503,AUG25,0,40,2009,
10004998,"Kiberu, Peter Anthony",UGA,M,,,,1700,AUG25,0,20,1982,
10038043,Kibowa Ramathan,UGA,M,,,,1505,AUG25,0,40,2008,
10023500,Kibuuka Eria,UGA,M,,,,1610,AUG25,0,40,2008,
10006460,Kibuuka Michael,UGA,M,,,,1797,AUG25,0,40,1997,i
10013270,Kibuuka Micheal Owen,UGA,M,,,,1719,AUG25,0,40,1990,i
10000615,"Kibuuka, Dennis",UGA,M,,,,AFM,AUG25,1731,0,1978,
10021329,Kibuule Hussam,UGA,M,,,,1706,AUG25,0,20,2002,
10000313,"Kigeni, Grace",UGA,F,WFM,WFM,,1783,AUG25,0,20,1988,wi
10002626,"Kigenyi, Wilfred",UGA,M,,,,1724,AUG25,0,40,1992,i
10001760,"Kigobi, Hyginus",UGA,M,,,,1816,AUG25,0,40,1986,i
10023984,Kigozi Calvin,UGA,M,,,,1576,AUG25,0,40,2004,i
10018778,Kigundu Ethan,UGA,M,,,,1786,AUG25,0,40,2007,
10028722,Kigundu Frank,UGA,M,,,,1511,AUG25,0,40,2005,
10033068,Kiiza Joshua,UGA,M,,,,1610,AUG25,0,40,2007,
10000623,"Kikabi, Jeffrey",UGA,M,,,,1762,AUG25,0,20,1967,
10009140,Kikonyogo John,UGA,M,,,,1927,AUG25,0,20,1968,i
10006249,Kimala Martin,UGA,M,,,,1771,AUG25,0,20,2000,
10019022,Kimara Odong Lovelle,UGA,M,,,,1638,AUG25,0,40,2005,
10001778,"Kimbowa, Henry",UGA,M,,,,1801,AUG25,0,20,1999,i
10000631,"Kimera, Innocent",UGA,M,,"AO,IO,IA",,AFM,AUG25,1887,0,1984,i
10032380,Kimuli Alpha,UGA,M,,,,1667,AUG25,0,40,2008,
10033432,Kimuli Rauf Settenda,UGA,M,,,,1405,AUG25,0,40,2015,
10038868,Kinobe Henry,UGA,M,,,,1604,AUG25,0,40,2008,
10011471,Kirabo Abigail,UGA,F,,,,1686,AUG25,0,40,2008,w
10027556,Kirabo Anabel Mawerere,UGA,F,,,,1476,AUG25,0,40,2013,w
10037896,KIRABO ANGEL,UGA,F,,,,1523,AUG25,0,40,2011,w
10010882,Kirabo Daniel Chessman,UGA,M,,,,1411,AUG25,0,40,2012,
10031383,Kirabo Ethan Lutaaya,UGA,M,,,,1581,AUG25,0,40,2008,
10005722,Kirabo Gabriel Bodman,UGA,M,,,,1424,AUG25,0,40,2009,
10010386,Kiryowa Moses,UGA,M,,,,1536,AUG25,0,40,2009,i
10031715,Kisakye Enock Kiyingi,UGA,M,,,,1549,AUG25,0,40,2006,
10028153,Kisero Wasswa Samuel,UGA,M,,,,1512,AUG25,0,40,2005,
10040293,Kisitu Alex Mathew,UGA,M,,,,1828,AUG25,0,40,2002,
10040307,Kisitu Arnold,UGA,M,,,,1485,AUG25,0,40,1994,
10028757,Kisolo Mashate Pius,UGA,M,,,,1752,AUG25,0,40,2004,
10006354,Kissa Leon,UGA,M,,,,1782,AUG25,0,40,2001,
10006419,Kisuule Gordon,UGA,M,,,,1840,AUG25,0,20,1996,
10000186,"Kisuze, Stephen Ssemmango",UGA,M,FM,,,2048,AUG25,0,40,1972,i
10028668,Kitumba Elvis,UGA,M,,,,1533,AUG25,0,40,2007,
10037527,Kiwanuka Alex,UGA,M,,,,1629,AUG25,0,40,2003,i
10005730,Kiwanuka Ssubi,UGA,M,,,,1594,AUG25,0,40,2010,i
10024220,Kiyaga Imran,UGA,M,,,,1642,AUG25,0,20,2005,
10004165,"Kiyaga, Samuel",UGA,M,,,,1884,AUG25,0,20,1998,i
10020217,Kiyan Alpesh Hirani,UGA,M,,,,1515,AUG25,0,40,2013,
10024646,Kiyimba Herbert,UGA,M,,,,1648,AUG25,0,40,2003,
10017747,Kiyimba Marcelino,UGA,M,,,,1550,AUG25,0,40,2007,
10024212,Kizito Daniel,UGA,M,,,,1493,AUG25,0,40,2008,
10015345,Kizito Jayden Mubiru,UGA,M,,,,1546,AUG25,0,40,2013,
10009639,Kizito Kangave,UGA,M,,,,1692,AUG25,0,20,1995,
10000526,"Kizza, Faruk Fauza Karim",UGA,M,CM,,,1898,AUG25,0,20,1987,
10016309,Kobugabe Michelle,UGA,F,,,,1460,AUG25,0,40,2010,w
10024891,Kugonza Keith Morris,UGA,M,,,,1465,AUG25,0,40,2009,
10029966,Kukiriza Emmanuel,UGA,M,,,,1600,AUG25,0,40,2007,i
10032096,Kukunda Austin Babukiika,UGA,M,,,,1418,AUG25,0,40,2015,
10036342,Kur Akut Deng,UGA,M,,,,1945,AUG25,0,40,2008,
10024913,Kusiima Oscar,UGA,M,,,,1582,AUG25,0,20,2005,
10016287,Kuteesa Bright Bukulu,UGA,M,,,,1614,AUG25,0,40,2001,i
10072071,Kwesiga Enoch Treasure,UGA,M,,,,1634,AUG25,6,40,2004,
10016635,Kwesiga Isaac,UGA,M,,,,1629,AUG25,0,40,2000,i
10031952,Kyagambiddwa Abel,UGA,M,,,,1706,AUG25,0,40,2007,
10012508,Kyalisima Fazirah Zahara,UGA,F,,,,1467,AUG25,0,40,2008,w
10011650,Kyambadde James,UGA,M,,,,1723,AUG25,0,40,1984,i
10059547,Kyaterekera Jonathan,UGA,M,,,,1412,AUG25,0,40,2006,
10004726,"Kyaterekera, Brendah",UGA,F,,,,1539,AUG25,0,40,1994,w
10028552,Kyembasa Ivan,UGA,M,,,,1636,AUG25,0,40,2007,
10037608,Laban Sabila Cherop,UGA,M,,,,1606,AUG25,0,40,2002,
10013504,Lakica Elna Mercy,UGA,F,,,,1423,AUG25,0,40,2011,w
10007911,Lanyero Caroline,UGA,F,,,,1570,AUG25,0,40,2002,wi
10022422,Leona Marylouise Bamurumba,UGA,F,,,,1548,AUG25,0,40,2009,wi
10001794,"Looda, Patrick",UGA,M,,,,1512,AUG25,0,40,0,
10031669,Lotimong Joseph,UGA,M,,,,1686,AUG25,0,40,2007,
10033165,Lowot Brian,UGA,M,,,,1514,AUG25,0,40,2007,i
10036369,Lual Deng Lual,UGA,M,,,,1861,AUG25,0,40,2005,i
10009205,Lubaale Peter,UGA,M,,,,1936,AUG25,0,40,1986,i
10059938,Lubangakene D. Emmanuel,UGA,M,,,,1491,AUG25,0,40,2002,
10008527,Lubega Michael,UGA,M,,,,1758,AUG25,0,40,1993,i
10010513,Lubega Mike,UGA,M,,,,1790,AUG25,0,20,1993,
10033157,Lubega Nelson,UGA,M,,,,1432,AUG25,0,40,2006,i
10008381,Luberenga Godfrey,UGA,M,,,,1926,AUG25,0,20,1996,i
10031650,Lubogo Prince Charles,UGA,M,,,,1755,AUG25,0,40,2005,
10020632,Luganda Ronald,UGA,M,,,,1924,AUG25,0,40,2003,
10000410,"Luggya, Vianney",UGA,M,,,,1837,AUG25,0,20,1976,
10026142,Lukwago Drake,UGA,M,,,,1707,AUG25,0,40,2010,
10059555,Lukyamuzi Ibrahim,UGA,M,,,,1434,AUG25,0,40,2010,
10002812,Lumala Tendo William,UGA,M,,,,1652,AUG25,0,40,2005,i
10065342,LUTAAYA BENON STEPHEN,UGA,M,,,,1638,AUG25,0,40,2003,
10002570,"Luwemba, Charles",UGA,M,,,,1909,AUG25,0,40,1988,i
10010106,Lwanga Arthur Christopher,UGA,M,,,,1822,AUG25,0,40,1983,i
10035818,Lwanga Charles,UGA,M,,,,1427,AUG25,0,40,2009,
10049029,Lwanga Edmond,UGA,M,,,,1786,AUG25,0,40,2008,
10014209,Lwasa Ronald,UGA,M,,,,1825,AUG25,0,40,1997,i
10014217,Maali Marvin,UGA,M,,,,1714,AUG25,0,40,1992,i
10024433,Magino Norman,UGA,M,,,,1975,AUG25,0,20,2002,
10032045,Magoba Mark,UGA,M,,,,1609,AUG25,0,40,2006,
10000658,"Maguzi, Peter",UGA,M,,,,1767,AUG25,0,20,1978,
10023720,Majak Deng Majak,UGA,M,,,,1906,AUG25,0,40,1992,
10020640,Majok Akol,UGA,M,,,,1675,AUG25,0,40,2000,i
10001816,"Makhombe, Francis",UGA,M,,,,1813,AUG25,0,40,0,i
10000143,"Makumbi, Geoffrey",UGA,M,,,,2112,AUG25,0,40,0,i
10020659,Male Reagan Kawuma,UGA,M,,,,1649,AUG25,0,40,2011,
10005013,"Mande, Allan Benjamin",UGA,M,,,,1936,AUG25,0,20,1993,
10009620,Mangeni Andrew,UGA,M,,,,1884,AUG25,0,20,1995,i
10005420,Masiko Ezekiel,UGA,M,,NA,,ACM,AUG25,1844,0,1991,i
10028650,Matovu Abdul,UGA,M,,,,1533,AUG25,0,40,2007,
10007768,Matovu Abel,UGA,M,,,,2034,AUG25,0,20,2000,
10012575,Matovu Musa,UGA,M,,,,1730,AUG25,0,20,1978,
10010068,Matovu Robert,UGA,M,,,,1726,AUG25,0,40,1991,i
10000038,"Matovu, George",UGA,M,,,,2225,AUG25,0,20,0,i
10001417,"Mawanda, Michael",UGA,M,,,,1901,AUG25,0,20,1978,
10024654,Mayanja Meddie,UGA,M,,,,1560,AUG25,0,40,2001,i
10005293,Mbabani Allan,UGA,M,,,,1639,AUG25,0,40,1994,
10020306,Mbabazi Johnson,UGA,M,,,,1692,AUG25,0,40,1991,i
10058460,Mbaho Eleazer,UGA,M,,,,1401,AUG25,0,40,2016,
10041800,Mbaho Matthew,UGA,M,,,,1610,AUG25,0,40,2008,
10016929,Mbalire Shawal,UGA,M,,,,1699,AUG25,0,40,2002,i
10027335,Mbanza Conrad,UGA,M,,,,1412,AUG25,0,40,2007,i
10007962,Mbaziira Wasswa Sharif,UGA,M,,,,1646,AUG25,0,20,2001,
10004459,Mboizi Eric,UGA,M,,,,1922,AUG25,0,40,1999,i
10032983,Mboowa Shadick,UGA,M,,,,1679,AUG25,0,20,2004,
10025634,Mbuga Nisha,UGA,F,,,,1450,AUG25,0,40,2007,wi
10025782,Melisizwe Rugunda,UGA,M,,,,1423,AUG25,0,40,2009,i
10049088,Menya Ian Gracious,UGA,M,,,,1676,AUG25,0,40,2006,
10004513,"Meri, Ivan",UGA,M,,,,1750,AUG25,0,40,1990,i
10009396,Migabo Fred,UGA,M,,,,1802,AUG25,0,40,2006,i
10010181,Migadde Davis,UGA,M,,,,1701,AUG25,0,40,1986,i
10019197,Mirembe Caroline,UGA,F,,,,1419,AUG25,0,40,2008,w
10001832,"Mirembe, Derrick",UGA,M,,NA,,1807,AUG25,0,20,1994,
10031421,Mitala Allan,UGA,M,,,,1558,AUG25,0,40,2006,
10009345,Miti Sham,UGA,M,,,,1871,AUG25,0,40,1995,i
10036784,Mohamed Abdullahi,UGA,M,,,,1432,AUG25,0,40,2008,i
10031359,Morro Elijah,UGA,M,,,,1543,AUG25,0,40,2006,
10029958,Mpandi Garry Dickson,UGA,M,,,,1576,AUG25,0,40,2006,
10036385,Mpanga Kevin,UGA,M,,,,1477,AUG25,0,40,2008,
10037918,MPEMBE SUDAIS,UGA,M,,,,1473,AUG25,0,40,2011,i
10020683,Mubiru Abaasi,UGA,M,,,,1603,AUG25,0,40,2000,
10049100,Mubiru Emmanuel Rodney,UGA,M,,,,1562,AUG25,0,40,2005,i
10037764,Mubiru Josephmary,UGA,M,,,,1495,AUG25,0,40,2006,
10015000,Mubiru Peter Celestine,UGA,M,,,,1449,AUG25,0,40,2009,
10001069,"Mubiru, Kizito",UGA,M,,NA,,1839,AUG25,0,40,1984,
10008179,Mudangi Isaac,UGA,M,,,,1860,AUG25,0,20,1996,
10033025,Mugabe Shane,UGA,M,,,,1552,AUG25,0,40,2006,i
10019634,Mugabe Shaphan Friday,UGA,M,,,,1736,AUG25,0,40,1999,i
10001077,"Mugabe, Ivan",UGA,M,,,,1844,AUG25,0,20,1992,i
10051406,Mugabi Edwin,UGA,M,,,,1596,AUG25,0,40,1997,
10028013,Mugabi Shane,UGA,M,,,,1603,AUG25,0,40,2006,
10001085,"Mugabi, Brian",UGA,M,,,,1850,AUG25,0,40,1992,i
10002596,"Mugabi, Eric",UGA,M,,,,1834,AUG25,0,20,1992,i
10007580,Mugabo Hatim,UGA,M,,,,1813,AUG25,0,40,1996,i
10016210,Mugagga Allan,UGA,M,,,,AFM,AUG25,1916,0,1999,
10010190,Mugagga Kaddu,UGA,M,,,,1776,AUG25,0,40,1987,i
10022864,Muganzi Ruth Thelma Lukanga,UGA,F,,,,1606,AUG25,0,40,2012,w
10008667,Mugasa Solomon,UGA,M,,,,1486,AUG25,0,40,2008,i
10034056,Mugenyi Mathias,UGA,M,,,,1434,AUG25,0,40,2014,
10016201,Mugerwa Ronnie,UGA,M,,,,1777,AUG25,0,20,1987,i
10005188,"Mugide, Safinah",UGA,F,,"SI,NA",,1647,AUG25,0,20,1996,wi
10013059,Mugisha Elvis,UGA,M,,,,1781,AUG25,0,20,2005,i
10049258,Mugisha Vincent,UGA,M,,,,1608,AUG25,0,40,1993,i
10005030,"Mugisha, David",UGA,M,,,,1935,AUG25,0,20,1979,
10003738,"Mugisha, Ivan Jalagatha",UGA,M,,,,1896,AUG25,0,20,1996,
10005048,"Mugoda, Solomon",UGA,M,,,,1953,AUG25,0,20,1998,
10068880,Mugumbu Abdul,UGA,M,,,,1506,AUG25,0,40,2009,
10020691,Mugume Alex,UGA,M,,,,1474,AUG25,0,40,2001,i
10001093,"Mugwanya, Wilson",UGA,M,,,,1781,AUG25,0,20,1995,
10011811,Muhebwa Shafik,UGA,M,,,,1824,AUG25,0,20,2006,
10024018,Muhirwa Alvin,UGA,M,,,,1916,AUG25,0,40,2011,
10017704,Muhumuza Elijah,UGA,M,,,,1600,AUG25,0,40,2009,
10021485,Mukaaya Samuel,UGA,M,,,,1580,AUG25,0,40,2010,
10003940,Mukalazi John Vianney,UGA,M,,,,1707,AUG25,0,20,1986,
10003851,Mukasa Patrick,UGA,M,,,,1721,AUG25,0,20,1968,i
10022520,Mukaya Olivia,UGA,F,,,,1427,AUG25,0,40,2011,wi
10004157,"Muke, David Bright",UGA,M,,NA,,1834,AUG25,0,20,1982,
10039678,Mukiibi John Ali,UGA,M,,,,1690,AUG25,0,40,2005,
10012761,Mukisa Blessing Shanitah,UGA,F,,,,1499,AUG25,0,40,2005,w
10012516,Mukisa Chrispus,UGA,M,,,,1708,AUG25,0,40,2004,i
10013628,Mukisa Dennis,UGA,M,,,,1596,AUG25,0,40,2003,i
10024026,Mukisa Elvin,UGA,M,,,,1602,AUG25,0,40,2014,
10010955,Mukisa Emmanuel,UGA,M,,,,1660,AUG25,0,20,1999,
10006125,Mukisa Glory Bbumba,UGA,F,,NA,,1480,AUG25,0,20,1999,wi
10049169,Mukisa Ian Waiswa,UGA,M,,,,1515,AUG25,0,40,2006,
10015388,Mukisa Joshua,UGA,M,,,,1783,AUG25,0,20,1999,
10024492,Mukisa Randy Jeremiah,UGA,M,,,,1438,AUG25,0,40,2009,
10005056,"Mukose, Emmanuel",UGA,M,,,,1862,AUG25,0,20,1981,
10009736,Mukule Denis,UGA,M,,,,1690,AUG25,0,40,1999,i
10001115,"Mukumbya, Benjamin",UGA,M,,SI,,1931,AUG25,0,20,1998,i
10031413,Mukundwa Daniel,UGA,M,,,,1541,AUG25,0,40,2006,
10004076,"Mukuye, Ivan",UGA,M,,,,1867,AUG25,0,20,1987,
10035559,Mulindwa Joseph,UGA,M,,,,1492,AUG25,0,40,2007,
10018158,"Mulindwa, Reagan",UGA,M,,,,1627,AUG25,0,40,2001,i
10031898,Mulondo Joshua Jordan,UGA,M,,,,1892,AUG25,0,20,2004,
10009973,Mulooki Patrick James,UGA,M,,,,1724,AUG25,0,20,1995,
10014012,Muluya sadat,UGA,M,,,,1800,AUG25,0,40,1998,i
10000267,"Munanira, Isaac",UGA,M,,,,2104,AUG25,0,20,1980,
10022562,Munanukye Hamya,UGA,M,,,,1402,AUG25,0,40,2012,
10019359,Munanukye Manzi,UGA,M,,,,1601,AUG25,0,40,2010,
10022570,Mungi Benjamin,UGA,M,,,,1551,AUG25,0,40,2004,i
10004092,"Mupuya, Emmanuel",UGA,M,,,,1929,AUG25,0,40,1990,i
10039767,Muramuzi Denis,UGA,M,,,,1482,AUG25,0,40,2005,
10022589,Muruhura Rick Andrew,UGA,M,,,,1676,AUG25,0,40,2005,
10046364,Murungi Daron Aaron,UGA,M,,,,1714,AUG25,0,40,2009,
10021680,Murungi Francis,UGA,M,,,,1557,AUG25,0,40,2003,i
10010963,Murungi Mbaaga Scarlett,UGA,F,,,,1482,AUG25,0,40,2009,w
10010971,Musa Adam,UGA,M,,,,1572,AUG25,0,40,1979,i
10011625,Musa Adams,UGA,M,,,,1806,AUG25,0,40,1978,i
10020101,Musaga Michael,UGA,M,,,,1652,AUG25,0,40,1979,i
10024980,Musasizi Paul Kiyingi,UGA,M,,,,1587,AUG25,0,40,2004,
10048049,Musasizi Timothy,UGA,M,,,,1691,AUG25,0,40,2002,
10013636,Musasizi Treasure,UGA,M,,,,1701,AUG25,0,40,2006,i
10004084,"Musasizi, Emmanuel",UGA,M,CM,,,2014,AUG25,0,20,1999,
10009752,Musavuli Noe,UGA,M,,,,1637,AUG25,0,20,2005,
10005684,Musenze Calton,UGA,M,,,,1434,AUG25,0,40,2008,
10005706,Musenze Christian,UGA,M,,,,1480,AUG25,0,40,2005,i
10001131,"Musiime, Martin",UGA,M,,,,1993,AUG25,0,40,1995,i
10019049,Musiimenta Kelvin Ian,UGA,M,,,,1636,AUG25,0,40,2004,
10039562,Musumba Joel,UGA,M,,,,1571,AUG25,0,40,2004,i
10013644,Mutabokho Tevin Peter,UGA,M,,,,1517,AUG25,0,40,2005,i
10010696,Mutangana William,UGA,M,,,,1576,AUG25,0,20,1982,
10018557,Mutesasira Abbu,UGA,M,,,,1540,AUG25,0,40,2006,
10001140,"Mutesasira, Ivan",UGA,M,,,,1743,AUG25,0,40,1991,i
10048189,Mutesi Catherine,UGA,F,,,,1609,AUG25,0,40,2009,w
10000399,"Mutesi, Phiona",UGA,F,WCM,WCM,,1774,AUG25,0,20,1996,wi
10033190,Muwanga Louis Malcom,UGA,M,,,,1447,AUG25,0,40,2006,
10010998,Muwanga Moses,UGA,M,,,,1613,AUG25,0,40,1985,i
10003959,"Muwanga, Joseph",UGA,M,,,,1553,AUG25,0,40,1987,i
10001450,"Muwanga, Patrick",UGA,M,,,,1744,AUG25,0,20,0,
10018549,Muwanguzi Alpha,UGA,M,,,,1619,AUG25,0,40,2013,
10052798,Muwanguzi Crescent,UGA,M,,,,1554,AUG25,0,40,2012,
10035583,Muwanguzi Jair Jason,UGA,M,,,,1561,AUG25,0,40,2008,
10034064,Muwanguzi Joel,UGA,M,,,,1416,AUG25,0,40,2009,i
10008136,Muwanguzi Patrick Elijah,UGA,M,,,,1485,AUG25,0,40,2008,i
10022619,Muwanguzi Treasure,UGA,M,,,,1453,AUG25,0,40,2012,
10001158,"Muwanguzi, David",UGA,M,,,,2075,AUG25,0,20,1991,
10000704,"Muwanguzi, Norman",UGA,M,,,,1893,AUG25,0,40,0,i
10010262,Muwanika Phillip,UGA,M,,,,1829,AUG25,0,20,1990,i
10016155,Muweesi Ismail,UGA,M,,,,1687,AUG25,0,40,1999,i
10022627,Muwonge Pius Rodney,UGA,M,,,,1459,AUG25,0,40,2010,
10028579,Muyanja Jonathan,UGA,M,,,,1441,AUG25,0,40,2010,i
10013679,Mwagale Angel Tiffany,UGA,F,,,,1489,AUG25,0,40,2004,w
10022635,Mwagalwa Benjamin Joram,UGA,M,,,,1440,AUG25,0,40,2010,i
10000712,"Mwaka, Emmanuel",UGA,M,,"AO,IA",,AIM,AUG25,1964,0,1979,
10070613,Mwanga George,UGA,M,,,,1658,AUG25,0,40,1969,
10018026,Mwanje Kathan Mickey,UGA,M,,,,1584,AUG25,0,40,2010,
10008144,Mwanje Wasswa Paul Kevin,UGA,M,,,,1505,AUG25,0,40,2006,i
10011200,Mwase Arthur,UGA,M,,,,1913,AUG25,0,40,2009,
10011005,Mwase Matthew,UGA,M,,,,1992,AUG25,0,40,2007,
10004572,"Mwebaza, Charity Mayanja",UGA,F,,,,1610,AUG25,0,40,2000,wi
10016112,Mwebembezi Osborn,UGA,M,,,,1621,AUG25,0,40,2001,i
10011870,Mwesigwa Amos,UGA,M,,,,1411,AUG25,0,40,2000,
10032037,Mwesigwa Daniel,UGA,M,,,,1674,AUG25,0,40,2008,
10040650,Mwesigwa Shardrach,UGA,M,,,,1435,AUG25,0,40,2006,
10011218,Mwesigye John Denise,UGA,M,,,,1611,AUG25,0,40,2000,i
10048200,Mwesigye Mary Rwigyema,UGA,F,,,,1446,AUG25,0,40,2007,w
10069046,Mwiiwa Benjamin,UGA,M,,,,1846,AUG25,0,40,2006,
10016970,Mwitiriri Jonathan,UGA,M,,,,1571,AUG25,0,40,1998,i
10010050,Nabaale Iryn,UGA,F,,,,1635,AUG25,0,40,1992,wi
10012257,Nabacwa Allen Kyolaba,UGA,F,,,,1652,AUG25,0,20,1999,w
10019111,Nabaggala Vanessa,UGA,F,,,,1522,AUG25,0,20,2006,w
10033700,Nabatte Rahmah,UGA,F,,,,1455,AUG25,0,40,2009,w
10024034,Nabeeta Malcom,UGA,M,,,,1542,AUG25,0,40,2007,
10016090,Nabirye Caroline,UGA,F,,,,1621,AUG25,0,40,2008,w
10020152,Nabisubi Joan,UGA,F,,,,1427,AUG25,0,40,2013,wi
10023852,Nabukeera Faridah,UGA,F,,,,1480,AUG25,0,40,2006,w
10012826,"Nabuuma, Rakhshanah",UGA,F,,,,1680,AUG25,0,40,1998,wi
10000089,"Naimanye, Andrew",UGA,M,FM,,,2360,AUG25,0,20,1972,i
10014373,Naisanga Sheba Valentine,UGA,F,,,,1617,AUG25,0,20,1995,w
10009566,Naisanga Valentine,UGA,F,,,,1511,AUG25,0,40,1996,wi
10004556,"Nakabo, Peninah",UGA,F,WFM,WFM,,1850,AUG25,0,20,1992,w
10013725,Nakalyowa Sarah,UGA,F,,,,1485,AUG25,0,20,2006,w
10018565,Nakamatte Agnes,UGA,F,,,,1493,AUG25,0,40,2008,w
10004386,"Nakanyike, Maria",UGA,F,WCM,WCM,,1677,AUG25,0,20,2006,wi
10009760,Nakato Lydia Nanono,UGA,F,,,,1491,AUG25,0,40,2006,wi
10033530,Nakatudde Mackline,UGA,F,,,,1606,AUG25,0,40,2008,w
10018298,Nakawunde Rebecca,UGA,F,,,,1443,AUG25,0,40,2009,w
10001980,"Nakayima, Vanessa",UGA,F,,,,1561,AUG25,0,40,1996,wi
10037942,NAKIBUULE IRENE,UGA,F,,,,1427,AUG25,0,40,2006,w
10009035,Nakiirya Victoria,UGA,F,,FA,,1598,AUG25,0,20,1993,w
10019120,Nakijjoba Ryann Kyla,UGA,F,,,,1487,AUG25,0,40,2007,w
10000860,"Nakimuli, Joanita",UGA,F,,,,1602,AUG25,0,20,1998,wi
10001581,Nakirwadde Victoria,UGA,F,,,,1660,AUG25,0,20,0,wi
10016058,Nakiyaga Lillian,UGA,F,,,,1495,AUG25,0,20,2003,w
10007644,Nalunga Sandra Esther,UGA,F,,,,1525,AUG25,0,20,1998,wi
10000445,"Namaganda, Christine",UGA,F,WFM,WFM,NA,1731,AUG25,0,20,1986,w
10002723,"Namaganda, Shanita",UGA,F,,,,1628,AUG25,0,20,1997,w
10004602,"Namaganda, Vivian",UGA,F,,,,1629,AUG25,0,20,1997,wi
10017852,Namanda Leopold,UGA,M,,,,1685,AUG25,0,40,1996,
10018107,Namangala Bonny,UGA,M,,,,1746,AUG25,0,40,2002,
10045791,Namatovu Felicity,UGA,F,,,,1503,AUG25,0,40,2006,w
10039465,Nambafu Fahad,UGA,M,,,,1416,AUG25,0,40,2006,
10007920,Nambasi Solomon,UGA,M,,,,1748,AUG25,0,20,2000,
10025030,Nambohe Arnold,UGA,M,,,,1671,AUG25,0,40,2005,
10007970,Namiiro Janice Mubiru,UGA,F,,,,1505,AUG25,0,40,2007,w
10006788,Namirembe Leila,UGA,F,,,,1438,AUG25,0,40,2002,wi
10048391,Namirembe Vanessa,UGA,F,,,,1573,AUG25,0,40,2007,w
10004793,Namirimu Happy Britney,UGA,F,,,,1459,AUG25,0,40,2005,wi
10037314,Nampiima Esther,UGA,F,,,,1479,AUG25,0,40,2002,w
10020837,Nampiima Valeria,UGA,F,,,,1495,AUG25,0,40,2009,w
10041478,Namuguzi Godfrey Mwesigwa,UGA,M,,,,1676,AUG25,0,40,1973,
10016007,Namujju Sharon,UGA,F,,,,1441,AUG25,0,40,2003,wi
10040684,Namukobe Suzan,UGA,F,,,,1446,AUG25,6,40,2010,w
10027394,Namuli Esther Getrude,UGA,F,,,,1583,AUG25,0,40,2007,wi
10065377,NAMULINDWA SHADIA ANOINTING,UGA,F,,,,1548,AUG25,0,40,2007,w
10011064,Namunyu Mitchel,UGA,M,,,,1794,AUG25,0,40,1996,i
10005676,Namutebi Mary Anne,UGA,F,,,,1546,AUG25,0,40,2010,w
10006583,Namwamba Marvin,UGA,M,,,,1759,AUG25,0,20,2002,i
10010300,Namwanja Roland Wakiibi,UGA,M,,,,1834,AUG25,0,40,1984,i
10000879,"Namwanje , Robinah Olga",UGA,F,,,,1626,AUG25,0,40,1979,wi
10005455,Namwanza Kennedy,UGA,M,,,,1960,AUG25,0,20,1995,
10028714,Namwiho Ibrahim,UGA,M,,,,1596,AUG25,0,40,2007,
10016686,Nanghaka Daniel Khauka,UGA,M,,,,1788,AUG25,0,40,1986,i
10020861,Nangonzi Rashimah,UGA,F,,,,1472,AUG25,0,40,2006,w
10015396,Nankunda Roberta Mwesigye,UGA,F,,,,1472,AUG25,0,40,2008,wi
10007989,Nankya Janelle Mubiru,UGA,F,,,,1466,AUG25,0,40,2009,wi
10004645,Nannozi Esther Peninah,UGA,F,,,,1566,AUG25,0,20,1993,wi
10000887,"Nansubuga , Gloria",UGA,F,WFM,WFM,,1677,AUG25,0,20,2001,w
10059130,NANSUBUGA MARIA,UGA,F,,,,1478,AUG25,0,40,2009,w
10020128,Nanteza Gabriella,UGA,F,,,,1422,AUG25,0,40,2011,wi
10024670,Nareeba Ali,UGA,M,,,,1526,AUG25,0,40,2004,
10019065,Nassiwa Margaret Musoke,UGA,F,,,,1470,AUG25,0,20,2002,w
10012265,Natembo Damalie,UGA,F,,,,1660,AUG25,0,40,1994,wi
10029095,Ndagire Elizabeth Fiona,UGA,F,,,,1477,AUG25,0,40,2007,w
10009361,Ndagire Mary Kevin,UGA,F,,,,1702,AUG25,0,40,2007,w
10019758,Ndawula Jonathan,UGA,M,,,,1597,AUG25,0,40,2010,
10051449,Ndawula Lawrence,UGA,M,,,,1570,AUG25,0,40,2002,
10026800,Nfukirani Arnold Joshua,UGA,M,,,,1681,AUG25,0,40,1996,
10004408,"Ngabijainitho, Peter Jaker",UGA,M,,,,1850,AUG25,0,40,1996,i
10002383,"Ngwije, Tito",UGA,M,,,,1509,AUG25,0,40,1993,i
10005200,"Nimaro, Agatha Agena",UGA,F,,,,1524,AUG25,0,40,2001,wi
10015930,Niragire Brian,UGA,M,,,,1686,AUG25,0,20,1996,
10001166,"Niyonzima , Alex",UGA,M,,,,1703,AUG25,0,40,1974,i
10001174,"Nkonge, Moses",UGA,M,,,,1802,AUG25,0,20,1976,
10005102,"Nkugwa, Mark William",UGA,M,,,,1840,AUG25,0,40,1993,i
10015620,Nkuutu Grace Gilbert,UGA,M,,,,1649,AUG25,0,40,2004,i
10014551,Nkwambo Jimmy Sserwadda,UGA,M,,,,1712,AUG25,0,40,1982,i
10005110,"Nkwambo, Jimmy",UGA,M,,,,1745,AUG25,0,40,1982,i
10025103,Nolan Alex Nio,UGA,M,,,,1406,AUG25,0,40,2013,
10043993,Nsereko Raihan,UGA,M,,,,1538,AUG25,0,40,1997,
10008950,Nsubuga Aldrine Snr,UGA,M,,,,1595,AUG25,0,20,1976,
10014047,Nsubuga Arthur,UGA,M,,,,1511,AUG25,0,40,1997,
10008942,Nsubuga Benard,UGA,M,,,,1723,AUG25,0,40,1980,i
10012915,Nsubuga Benard,UGA,M,,,,1643,AUG25,0,40,2002,i
10037985,NSUBUGA BENERD,UGA,M,,,,1643,AUG25,0,40,1997,i
10007997,Nsubuga Jayson Mubiru,UGA,M,,,,1474,AUG25,0,40,2010,
10046771,Nsubuga Joshua,UGA,M,,,,1719,AUG25,0,40,2007,
10000232,"Nsubuga, Grace Daniel",UGA,M,,,,1922,AUG25,0,20,1973,
10000569,"Nsubuga, Haruna",UGA,M,FM,,,2157,AUG25,0,20,1991,
10000097,"Nsubuga, Ritah N.",UGA,F,,,,1812,AUG25,0,40,1984,wi
10020918,Ntambi Peter Clever,UGA,M,,,,1509,AUG25,0,40,2010,
10020110,Ntambi Timothy,UGA,M,,,,1781,AUG25,0,40,2001,i
10005129,"Ntambi, Frakhan Isaac",UGA,M,,,,1738,AUG25,0,40,1993,i
10004262,"Ntambi, Rogers",UGA,M,,,,1920,AUG25,0,20,1987,
10004491,"Ntende, Edgar",UGA,M,,,,1989,AUG25,0,20,1990,
10015922,Ntume Ivan,UGA,M,,,,1675,AUG25,0,20,2005,
10015639,Ntumwa Calvin,UGA,M,,,,ACM,AUG25,1786,3,2002,
10033351,Nuwareeba Talent,UGA,F,,,,1595,AUG25,0,40,2009,w
10031740,Nuwe Nehemiah,UGA,M,,,,1635,AUG25,0,20,2005,
10022090,Nyatia Aimee Ahumuza,UGA,F,,,,1474,AUG25,0,40,2011,w
10008497,Nyeko Brian,UGA,M,,,,1726,AUG25,0,20,1993,i
10007652,Nyola Kato Mathias,UGA,M,,,,1887,AUG25,0,40,2000,
10007660,Nyola Wasswa Mark,UGA,M,,,,2117,AUG25,6,20,2000,
10005137,"Nyombi, Ibrahim Collins",UGA,M,,,,1795,AUG25,0,20,1993,
10021574,Obbo Fred,UGA,M,,,,1778,AUG25,0,40,1988,i
10002553,"Obita, Francis",UGA,M,,,,1766,AUG25,0,20,1965,
10014233,Oboth Joshua,UGA,M,,,,1654,AUG25,0,40,1997,i
10019219,Ocaya Mark,UGA,M,,,,1563,AUG25,0,40,2009,i
10005510,Ocen Travor Joachim,UGA,M,,,,1432,AUG25,0,40,1996,i
10034080,Odida Aaron,UGA,M,,,,1560,AUG25,0,40,2009,
10031260,Odokonyero Daniel,UGA,M,,,,1825,AUG25,2,40,2012,
10017046,Odong Robert Oryema,UGA,M,,,,1586,AUG25,0,40,1980,i
10059946,Odwera Ivan,UGA,M,,,,1657,AUG25,0,40,1989,
10005471,Ojede Paul Ogweng,UGA,M,,,,1920,AUG25,0,40,1994,i
10001492,"Ojok, Patrick",UGA,M,,"LSI,AO,IO",,1783,AUG25,0,20,1974,i
10049410,Okanya Victor,UGA,M,,,,1684,AUG25,0,40,2007,
10001204,"Okas, Walter",UGA,M,FM,NA,,2183,AUG25,0,20,1986,
10035036,Okidi Jacob,UGA,M,,,,1548,AUG25,0,40,1989,
10005641,Okiring Fred,UGA,M,,,,2000,AUG25,0,20,1984,
10021515,Okiror Solomon,UGA,M,,,,1479,AUG25,0,40,2010,
10000747,"Okoth, Arthur",UGA,M,,,,1817,AUG25,0,40,0,i
10000062,"Okoth, Joachim",UGA,M,,,,2171,AUG25,0,20,1950,i
10004270,"Okoth, Winnie",UGA,F,,,,1588,AUG25,0,40,1989,wi
10024506,Okurut Martin Kingsley,UGA,M,,,,1635,AUG25,0,40,2012,
10038019,OKWARE JORAM,UGA,M,,,,1473,AUG25,0,40,2006,
10010351,Omara Enock Obita,UGA,M,,,,1772,AUG25,0,40,2005,i
10007563,Omara Hamza Saviour,UGA,M,,,,1821,AUG25,0,40,1999,i
10019383,Omara Samora,UGA,M,,,,1678,AUG25,0,40,2011,
10007466,Onen-Can Bob,UGA,M,,,,1487,AUG25,0,40,1998,
10048081,Onyanga Ambrose,UGA,M,,,,1595,AUG25,0,40,2001,
10011161,Onyinyi Robert Magna,UGA,M,,,,1644,AUG25,0,20,2001,i
10011668,Opidri Aaron,UGA,M,,,,1530,AUG25,0,40,2012,
10003967,Opio Juventine,UGA,M,,,,1579,AUG25,0,40,1983,
10000119,"Opio, Steven",UGA,M,,,,2161,AUG25,0,20,0,i
10006346,Opoka Joshua,UGA,M,,,,1819,AUG25,0,20,1999,
10025413,Oshabe Alvin,UGA,M,,,,1660,AUG25,0,40,2004,
10008870,Otai Hillary,UGA,M,,,,1635,AUG25,0,40,1996,i
10001220,"Otella, Emmanuel",UGA,M,,,,2000,AUG25,0,20,1982,
10000763,"Otete, Albert",UGA,M,,,,1617,AUG25,0,40,1970,i
10017054,Otika Elvis Brian,UGA,M,,,,1663,AUG25,0,20,1999,
10020080,Otim Emmanuel,UGA,M,,,,1656,AUG25,0,40,2001,i
10003878,Otim Isaac Jonathan,UGA,M,,,,1856,AUG25,0,20,1985,
10022716,Otuma Brian,UGA,M,,,,1588,AUG25,0,40,2005,i
10003843,Owii Luke,UGA,M,,,,1881,AUG25,0,20,1993,i
10019006,Oyang Sankara,UGA,M,,,,1624,AUG25,0,40,2013,
10006834,Pero Derick Elvis,UGA,M,,,,AIM,AUG25,1714,5,1999,
10008152,Pido Edwin,UGA,M,,,,1895,AUG25,0,40,2007,
10028048,Pirwot Esli Opwoya,UGA,M,,,,1649,AUG25,0,40,2005,
10032622,Prince Jordan Musamali,UGA,M,,,,1544,AUG25,0,40,2007,
10017470,Ratibu Kasozi,UGA,M,,,,1527,AUG25,0,40,2000,i
10024182,Richard Watmon,UGA,M,,,,1608,AUG25,0,40,2001,i
10019391,Rickey Micheal Beinomugisha,UGA,M,,,,1643,AUG25,0,40,2011,
10052976,Rishan Sameer Nadaf,UGA,M,,,,1455,AUG25,0,40,2013,
10013911,Roon Costa,UGA,M,,,,1933,AUG25,0,40,1989,i
10033300,Rugunda Madiba,UGA,M,,,,1535,AUG25,0,40,2010,
10023445,Rukikaire Kamakira,UGA,M,,,,1573,AUG25,0,40,2001,i
10022732,Rukundo Frank,UGA,M,,,,1464,AUG25,0,40,2009,
10021507,Saasi Elizabeth,UGA,F,,,,1550,AUG25,0,40,2011,w
10021752,Sabano Hillary,UGA,F,,,,1414,AUG25,0,40,1999,wi
10021132,Sana Omprakash Kayyar,UGA,F,WFM,WFM,,1974,AUG25,0,40,2008,w
10003622,"Sangalo, Morris",UGA,M,,,,2067,AUG25,0,40,1993,i
10005250,"Sanya,Derrick",UGA,M,,,,1932,AUG25,0,20,1998,
10011838,Seguya Enock,UGA,M,,,,1414,AUG25,0,20,2002,
10004742,Sekiranda Isaac,UGA,M,,,,1677,AUG25,0,20,1997,
10024689,Semakula Kenneth,UGA,M,,,,1615,AUG25,0,40,1999,i
10007288,Semwanga Richard,UGA,M,,,,AFM,AUG25,1809,5,2001,
10020071,Semwanga Terry Tendo,UGA,M,,,,1593,AUG25,0,40,2009,i
10015868,Sendijja Gerald,UGA,M,,,,1587,AUG25,0,40,2006,
10001905,"Sengendo, Livingstone",UGA,M,,,,1612,AUG25,0,40,0,i
10038027,SEWAGUDDE SIRAGE,UGA,M,,,,1475,AUG25,0,40,2000,i
10045767,Shah Neej Bhavinkumar,UGA,M,,,,1493,AUG25,0,40,2009,
10022759,Shane Kensi Katongole,UGA,M,,,,1473,AUG25,0,40,2007,
10026746,Sharif Din Muhammad,UGA,M,,,,1476,AUG25,0,40,2004,i
10022767,Shaun Adriel Agaba,UGA,M,,,,1436,AUG25,0,40,2013,
10022775,Sherry Ariella Agaba,UGA,F,,,,1502,AUG25,0,40,2009,w
10021140,Shoubhith Omprakash Kayyar,UGA,M,,,,AFM,AUG25,1731,0,2010,
10018093,Siima Zion Kazoora,UGA,M,,,,1672,AUG25,0,40,2007,
10010114,Solomon Lwanga Lubega,UGA,M,,,,2046,AUG25,0,20,1977,i
10001263,"Ssali , Julius",UGA,M,,,,1963,AUG25,0,20,1989,
10021442,Ssebadda Edgar,UGA,M,,,,1644,AUG25,0,40,2007,i
10014080,Ssebadda Edgar,UGA,M,,,,1619,AUG25,0,40,2006,
10007938,Ssebagala Ashraf,UGA,M,,,,1789,AUG25,0,40,2000,i
10038990,Ssebakigye Maison,UGA,M,,,,1422,AUG25,0,40,2013,
10032410,Ssebakijje Israel Kuteesa,UGA,M,,,,1413,AUG25,0,40,2013,
10059679,Ssebina Titus Terry,UGA,M,,,,1696,AUG25,0,40,2009,
10049525,Ssebwana Kevin,UGA,M,,,,1751,AUG25,0,40,2009,
10055258,Ssegawa Pius,UGA,M,,,,1491,AUG25,0,40,2011,
10018018,Sseguya Enoch,UGA,M,,,,1544,AUG25,0,40,2006,i
10021256,Sseguya Ivan,UGA,M,,,,1714,AUG25,0,20,1979,
10021051,Sseguya John Bosco,UGA,M,,,,1491,AUG25,0,40,2010,i
10000100,"Ssegwanyi, Arthur",UGA,M,IM,,,2337,AUG25,0,10,1988,
10017062,Ssekabira Ezra,UGA,M,,,,1570,AUG25,0,40,2005,i
10017070,Ssekakande John Baptist,UGA,M,,,,1748,AUG25,0,40,1998,i
10031731,Ssekamanya Mulondo Daudi,UGA,M,,,,1813,AUG25,0,40,2008,
10017402,Ssekamatte Daniel,UGA,M,,,,1718,AUG25,0,40,1998,i
10023496,Ssekandi Razak,UGA,M,,,,1531,AUG25,0,40,1997,
10049533,Ssekitoleko Charles,UGA,M,,,,1518,AUG25,0,40,2006,
10015809,Ssekitoleko Steven,UGA,M,,,,1562,AUG25,0,40,2000,
10039414,Ssekyewa Rayan Diini,UGA,M,,,,1605,AUG25,0,40,2000,
10006753,Ssematimba John,UGA,M,,,,1708,AUG25,0,40,2002,
10039651,Ssemiyagi Jeremiah Louis,UGA,M,,,,1508,AUG25,0,40,2006,
10022821,Ssempijja Adrian,UGA,M,,,,1578,AUG25,0,40,2006,
10041281,Ssempijja George,UGA,M,,,,1532,AUG25,3,40,2012,
10012982,Ssemujju Richard,UGA,M,,,,1724,AUG25,0,40,1985,i
10019960,Ssemwanga Peter,UGA,M,,,,1439,AUG25,0,40,2011,i
10028692,Ssemyalo Geofrey,UGA,M,,,,1503,AUG25,0,40,2008,
10021060,Ssenabulya Collins,UGA,M,,,,1480,AUG25,0,40,2013,
10005501,Ssenabulya Sharif,UGA,M,,,,1799,AUG25,0,20,2003,
10065350,SSENDAGALA SOWEDI,UGA,M,,,,1778,AUG25,0,40,2010,
10021078,Ssendijja Gerald,UGA,M,,,,1561,AUG25,0,40,2006,i
10044655,Ssenfuka Raymond,UGA,M,,,,1588,AUG25,0,40,2008,
10022031,Ssenfuka Wilberforce Hannington,UGA,M,,,,1521,AUG25,0,40,1983,i
10010122,Ssenkoole Laurrice Talemwa,UGA,M,,,,1692,AUG25,0,40,2003,i
10004220,"Ssenkoole, Laurice",UGA,M,,,,1714,AUG25,0,20,2004,
10021086,Ssenkubuge Ivan,UGA,M,,,,1486,AUG25,0,40,1987,
10011897,Ssenkumba Sudais,UGA,M,,,,1601,AUG25,0,20,2003,
10028587,Ssenono Shaban,UGA,M,,,,1462,AUG25,0,40,2011,
10014241,Ssentongo Alex,UGA,M,,,,1838,AUG25,0,40,1996,i
10000054,"Ssentongo, Edward",UGA,M,,,,2250,AUG25,0,20,1957,i
10019090,Ssenyange Mahad,UGA,M,,,,1622,AUG25,0,40,2005,i
10021272,Ssenyomo George William,UGA,M,,,,1709,AUG25,0,20,1961,
10023780,Ssenyondo Gerald John,UGA,M,,,,1547,AUG25,0,40,2000,i
10018662,Ssenyonga Karim,UGA,M,,,,1463,AUG25,0,40,2007,
10060057,Ssenyonga Raymond Henry,UGA,M,,,,1514,AUG25,0,40,1979,
10049720,Ssenyonjo Dalton,UGA,M,,,,1554,AUG25,0,40,2012,
10007504,Sserunjogi Wilson,UGA,M,,,,1787,AUG25,0,20,1999,
10009868,Sserunjoji Wilson,UGA,M,,,,1786,AUG25,0,40,1999,i
10040153,Sseruwu Raymond,UGA,M,,,,1786,AUG25,0,40,1999,
10008721,Sserwadda Emmanuel,UGA,M,,,,1790,AUG25,0,40,1995,i
10011536,Sserwanda Emmanuel,UGA,M,,,,1845,AUG25,0,40,1992,i
10005226,"Sserwaniko, John",UGA,M,,,,1905,AUG25,0,20,1997,
10047131,Sserwanja Eric Aaron,UGA,M,,,,1566,AUG25,0,40,2008,
10024077,Ssesanga Imrankhan Jamadah,UGA,M,,,,1406,AUG25,0,40,2011,
10016708,Ssesimba Jolly,UGA,M,,,,1750,AUG25,0,40,1996,i
10019685,Ssetumba George William,UGA,M,,,,1624,AUG25,0,40,2005,
10003746,"Ssetyabule, Abdul Swabul",UGA,M,,,,1811,AUG25,0,40,1996,i
10006850,Ssonko Jacob,UGA,M,,,,1684,AUG25,0,40,2001,
10001301,"Ssonko, Mathias Allan",UGA,M,,FI,,2152,AUG25,0,20,1988,
10002600,"Ssonko, Musoke David",UGA,M,,,,1476,AUG25,0,40,1976,
10022848,Suhana Anil Yadav,UGA,F,,,,1616,AUG25,0,40,2013,w
10034897,Suterday Silver,UGA,M,,,,1570,AUG25,0,40,2011,
10010173,Takali Milly,UGA,F,WCM,WCM,NA,1668,AUG25,0,20,1994,w
10021027,Talemwa Elijah,UGA,M,,,,1496,AUG25,6,40,2004,
10007954,Talemwa Michael,UGA,M,,,,1797,AUG25,0,40,2001,i
10019677,Tali Josiah,UGA,M,,,,AFM,AUG25,1712,0,2005,
10004866,"Tamale, Innocent",UGA,M,,,,1801,AUG25,0,20,1996,
10011196,Tandeka Shiloh,UGA,M,,,,1758,AUG25,0,40,2008,
10015779,Tayebwa Naboth,UGA,M,,,,1728,AUG25,0,20,1999,i
10002057,Teeba Jordan,UGA,M,,NA,,1927,AUG25,0,40,1971,i
10004289,"Tembi Tendo, Brian",UGA,M,,,,1780,AUG25,0,40,1988,i
10039759,Tendo Terry,UGA,M,,,,1633,AUG25,0,40,2009,i
10015760,Tenywa David,UGA,M,,,,1737,AUG25,0,40,1994,i
10004858,"Tibamwenda, Anthony",UGA,M,,,,1448,AUG25,0,40,1995,i
10032070,Tim Caleb Francis,UGA,M,,,,1570,AUG25,0,40,2013,
10001271,"Tugume , Richard",UGA,M,,,,1917,AUG25,0,20,1992,
10031642,Tulinaye Osborn,UGA,M,,,,1833,AUG25,0,40,2007,
10034161,Tumuhimbise Mark Junior,UGA,M,,,,1453,AUG25,0,40,2008,
10037675,Tumukunde Trevor,UGA,M,,,,1596,AUG25,2,40,2013,
10033173,Tumusiime Adrian Baguma,UGA,M,,,,1441,AUG25,0,40,2007,
10035621,Tumusiime Elvis,UGA,M,,,,1568,AUG25,1,40,2016,
10031278,Tumusiime Francis,UGA,M,,,,1492,AUG25,2,40,2016,
10000801,"Tumusiime, Anthony",UGA,M,,,,1787,AUG25,0,20,1983,i
10046305,Tumwesigye Philbert Ian,UGA,M,,,,1667,AUG25,0,40,2007,
10058346,Turyagenda Caleb Musimenta,UGA,M,,,,1476,AUG25,0,40,2012,
10000810,"Turyahabwe, Christopher",UGA,M,,,,1793,AUG25,0,40,1971,
10033254,Turyasingura Victor,UGA,M,,,,1467,AUG25,0,40,2011,
10063595,Tusubira Zion,UGA,M,,,,1416,AUG25,0,40,2013,
10019979,Twahili Waiswa,UGA,M,,,,1497,AUG25,0,40,2010,i
10010629,Twebaze Solomon,UGA,M,,,,1634,AUG25,0,20,2004,
10019448,Twinamatsiko Marvin,UGA,M,,,,1713,AUG25,0,40,2001,i
10004467,"Wabuyi, Ronald",UGA,M,,,,1842,AUG25,0,40,1990,i
10040242,Wabwire Isaac,UGA,M,,,,1544,AUG25,0,40,2008,
10031251,Wabwire Ronald,UGA,M,,,,1874,AUG25,0,40,2014,
10003720,"Wadada, Gerald",UGA,M,,,,1848,AUG25,0,40,1965,i
10003673,"Wagodo, Abdul Shakuru",UGA,M,,,,AIM,AUG25,1978,0,1995,
10004831,"Waira, Ibrahim",UGA,M,,,,1912,AUG25,0,20,1993,i
10031677,Waiswa Joshua,UGA,M,,,,1594,AUG25,0,40,2006,
10008683,Wakabi Caleb,UGA,M,,,,1736,AUG25,0,40,1994,
10028811,Wakabi Sydney,UGA,M,,,,1727,AUG25,0,40,2006,
10015736,Wakasadha Fred,UGA,M,,,,1771,AUG25,0,40,1983,
10016716,Wamala Giovianni,UGA,M,,,,1686,AUG25,0,40,1978,i
10021540,Wamani Derrick,UGA,M,,,,1495,AUG25,0,20,2006,
10015728,Wana Lazarus,UGA,M,,,,1690,AUG25,0,20,1998,
10000372,"Wanderema, Ignatius Paul",UGA,M,,,,2047,AUG25,0,40,1980,
10000380,"Wanyama, Harold",UGA,M,FM,,,2143,AUG25,0,20,1981,
10000330,"Washaba, Fred",UGA,M,,,,1974,AUG25,0,20,1968,i
10018603,Wasswa Abraham,UGA,M,,,,1545,AUG25,0,40,2007,
10040366,Wasswa Daniel,UGA,M,,,,1471,AUG25,0,40,2001,i
10032797,Wasswa Duncan,UGA,M,,,,1471,AUG25,0,40,2006,
10021493,Wasswa Elijah,UGA,M,,,,1515,AUG25,0,40,2005,i
10012419,Wasswa Ezra,UGA,M,,,,1724,AUG25,0,40,1999,i
10028641,Wasswa Joseph,UGA,M,,,,1597,AUG25,0,40,2008,
10002634,"Wasswa, Douglas",UGA,M,,,,2031,AUG25,0,40,1990,i
10037616,Weere Jonathan,UGA,M,,,,1667,AUG25,0,40,2001,
10004106,"Wegoye, Joel",UGA,M,,,,2015,AUG25,0,40,1988,i
10024131,Wekesa Mark,UGA,M,,,,1535,AUG25,0,40,2003,
10004823,"Wekoye, Aaron",UGA,M,,,,1922,AUG25,0,40,1993,
10012150,Were Emmanuel,UGA,M,,,,1773,AUG25,0,40,2006,
10038108,Were Jonathan,UGA,M,,,,1560,AUG25,0,40,2001,i
10004653,Were Samuel,UGA,M,,,,1887,AUG25,4,20,1993,
10001298,"Wesonga, Michael",UGA,M,,,,1957,AUG25,0,40,0,i
10059954,William Deng Meen G,UGA,M,,,,1707,AUG25,0,40,1999,
10018190,Woira Esau,UGA,M,,,,1666,AUG25,0,40,1996,
10030522,Yiga Simon,UGA,M,,,,1491,AUG25,0,40,2004,
10036563,Zandya Baker,UGA,M,,,,1585,AUG25,0,40,1992,i
10011188,Zuri Tatiina,UGA,F,,,,1702,AUG25,0,40,2009,w