[
  {
    "ID Number": "12415260"
  },
  {
    "ID Number": "12439339"
  },
  {
    "ID Number": "12443107"
  },
  {
    "ID Number": "12408956"
  },
  {
    "ID Number": "12482340"
  },
  {
    "ID Number": "12424714"
  },
  {
    "ID Number": "12454346"
  },
  {
    "ID Number": "12401501"
  },
  {
    "ID Number": "12419257"
  },
  {
    "ID Number": "12476366"
  },
  {
    "ID Number": "12443417"
  },
  {
    "ID Number": "12448990"
  },
  {
    "ID Number": "12450561"
  },
  {
    "ID Number": "12430900"
  },
  {
    "ID Number": "12442186"
  },
  {
    "ID Number": "12453587"
  },
  {
    "ID Number": "12476820"
  },
  {
    "ID Number": "12443808"
  },
  {
    "ID Number": "12446700"
  },
  {
    "ID Number": "12489905"
  },
  {
    "ID Number": "12449865"
  },
  {
    "ID Number": "12432059"
  },
  {
    "ID Number": "12454982"
  },
  {
    "ID Number": "12430226"
  },
  {
    "ID Number": "12446599"
  },
  {
    "ID Number": "12468096"
  },
  {
    "ID Number": "12432580"
  },
  {
    "ID Number": "12460095"
  },
  {
    "ID Number": "12431583"
  },
  {
    "ID Number": "12431265"
  },
  {
    "ID Number": "12492027"
  },
  {
    "ID Number": "12457310"
  },
  {
    "ID Number": "12435163"
  },
  {
    "ID Number": "12468606"
  },
  {
    "ID Number": "12424153"
  },
  {
    "ID Number": "12407437"
  },
  {
    "ID Number": "12475920"
  },
  {
    "ID Number": "12401609"
  },
  {
    "ID Number": "12435961"
  },
  {
    "ID Number": "12430234"
  },
  {
    "ID Number": "12470040"
  },
  {
    "ID Number": "12400726"
  },
  {
    "ID Number": "12410870"
  },
  {
    "ID Number": "12429600"
  },
  {
    "ID Number": "12417297"
  },
  {
    "ID Number": "12403610"
  },
  {
    "ID Number": "12418692"
  },
  {
    "ID Number": "12415251"
  },
  {
    "ID Number": "12424382"
  },
  {
    "ID Number": "12400874"
  },
  {
    "ID Number": "12404934"
  },
  {
    "ID Number": "12426547"
  },
  {
    "ID Number": "12411710"
  },
  {
    "ID Number": "12407488"
  },
  {
    "ID Number": "12408000"
  },
  {
    "ID Number": "12426555"
  },
  {
    "ID Number": "12420930"
  },
  {
    "ID Number": "12403962"
  },
  {
    "ID Number": "12418706"
  },
  {
    "ID Number": "12407011"
  },
  {
    "ID Number": "12418579"
  },
  {
    "ID Number": "12415456"
  },
  {
    "ID Number": "12413194"
  },
  {
    "ID Number": "12417351"
  },
  {
    "ID Number": "12404900"
  },
  {
    "ID Number": "12420131"
  },
  {
    "ID Number": "12432768"
  },
  {
    "ID Number": "12452475"
  },
  {
    "ID Number": "12476722"
  },
  {
    "ID Number": "12431508"
  },
  {
    "ID Number": "12429791"
  },
  {
    "ID Number": "12453714"
  },
  {
    "ID Number": "12453722"
  },
  {
    "ID Number": "12437999"
  },
  {
    "ID Number": "12448788"
  },
  {
    "ID Number": "12498785"
  },
  {
    "ID Number": "12432148"
  },
  {
    "ID Number": "12426180"
  },
  {
    "ID Number": "12440710"
  },
  {
    "ID Number": "12403016"
  },
  {
    "ID Number": "725056"
  },
  {
    "ID Number": "12412856"
  },
  {
    "ID Number": "12429678"
  },
  {
    "ID Number": "12443956"
  },
  {
    "ID Number": "12444642"
  },
  {
    "ID Number": "12446327"
  },
  {
    "ID Number": "12404110"
  },
  {
    "ID Number": "12434914"
  },
  {
    "ID Number": "12418773"
  },
  {
    "ID Number": "12400580"
  },
  {
    "ID Number": "12400904"
  },
  {
    "ID Number": "12477877"
  },
  {
    "ID Number": "12482781"
  },
  {
    "ID Number": "12482382"
  },
  {
    "ID Number": "12425281"
  },
  {
    "ID Number": "12428949"
  },
  {
    "ID Number": "12427780"
  },
  {
    "ID Number": "12419052"
  },
  {
    "ID Number": "12406023"
  },
  {
    "ID Number": "12429805"
  },
  {
    "ID Number": "12482978"
  },
  {
    "ID Number": "12450286"
  },
  {
    "ID Number": "12485071"
  },
  {
    "ID Number": "12434647"
  },
  {
    "ID Number": "12423491"
  },
  {
    "ID Number": "12423645"
  },
  {
    "ID Number": "12415472"
  },
  {
    "ID Number": "12411426"
  },
  {
    "ID Number": "12453323"
  },
  {
    "ID Number": "12443182"
  },
  {
    "ID Number": "12479888"
  },
  {
    "ID Number": "12453684"
  },
  {
    "ID Number": "12464597"
  },
  {
    "ID Number": "12464600"
  },
  {
    "ID Number": "12432245"
  },
  {
    "ID Number": "12487490"
  },
  {
    "ID Number": "12434078"
  },
  {
    "ID Number": "12402435"
  },
  {
    "ID Number": "12437670"
  },
  {
    "ID Number": "12429210"
  },
  {
    "ID Number": "12441279"
  },
  {
    "ID Number": "12415278"
  },
  {
    "ID Number": "12443590"
  },
  {
    "ID Number": "12486566"
  },
  {
    "ID Number": "12471798"
  },
  {
    "ID Number": "12432695"
  },
  {
    "ID Number": "12452696"
  },
  {
    "ID Number": "12442046"
  },
  {
    "ID Number": "12466565"
  },
  {
    "ID Number": "12490628"
  },
  {
    "ID Number": "12442674"
  },
  {
    "ID Number": "12430285"
  },
  {
    "ID Number": "12442437"
  },
  {
    "ID Number": "12459003"
  },
  {
    "ID Number": "12400653"
  },
  {
    "ID Number": "12425192"
  },
  {
    "ID Number": "12402427"
  },
  {
    "ID Number": "12429732"
  },
  {
    "ID Number": "12420514"
  },
  {
    "ID Number": "12408654"
  },
  {
    "ID Number": "12427330"
  },
  {
    "ID Number": "12415235"
  },
  {
    "ID Number": "12429228"
  },
  {
    "ID Number": "12429716"
  },
  {
    "ID Number": "12424447"
  },
  {
    "ID Number": "12400092"
  },
  {
    "ID Number": "12407577"
  },
  {
    "ID Number": "12400017"
  },
  {
    "ID Number": "12485918"
  },
  {
    "ID Number": "12436895"
  },
  {
    "ID Number": "12447145"
  },
  {
    "ID Number": "12445975"
  },
  {
    "ID Number": "12435465"
  },
  {
    "ID Number": "12474533"
  },
  {
    "ID Number": "12429821"
  },
  {
    "ID Number": "12492515"
  },
  {
    "ID Number": "12444308"
  },
  {
    "ID Number": "12425290"
  },
  {
    "ID Number": "12444294"
  },
  {
    "ID Number": "12468363"
  },
  {
    "ID Number": "12403032"
  },
  {
    "ID Number": "12461814"
  },
  {
    "ID Number": "12420158"
  },
  {
    "ID Number": "12412279"
  },
  {
    "ID Number": "12400610"
  },
  {
    "ID Number": "12400084"
  },
  {
    "ID Number": "12476188"
  },
  {
    "ID Number": "12424722"
  },
  {
    "ID Number": "12480452"
  },
  {
    "ID Number": "12448664"
  },
  {
    "ID Number": "12453935"
  },
  {
    "ID Number": "12439363"
  },
  {
    "ID Number": "12473235"
  },
  {
    "ID Number": "12445118"
  },
  {
    "ID Number": "12469416"
  },
  {
    "ID Number": "12445150"
  },
  {
    "ID Number": "12448729"
  },
  {
    "ID Number": "12433012"
  },
  {
    "ID Number": "12437247"
  },
  {
    "ID Number": "12449415"
  },
  {
    "ID Number": "12437034"
  },
  {
    "ID Number": "12424730"
  },
  {
    "ID Number": "12480703"
  },
  {
    "ID Number": "12473774"
  },
  {
    "ID Number": "12479470"
  },
  {
    "ID Number": "12432520"
  },
  {
    "ID Number": "12443255"
  },
  {
    "ID Number": "12475882"
  },
  {
    "ID Number": "12427691"
  },
  {
    "ID Number": "12413410"
  },
  {
    "ID Number": "12426911"
  },
  {
    "ID Number": "12482498"
  },
  {
    "ID Number": "12412198"
  },
  {
    "ID Number": "12490644"
  },
  {
    "ID Number": "12469939"
  },
  {
    "ID Number": "12439452"
  },
  {
    "ID Number": "12452556"
  },
  {
    "ID Number": "12491551"
  },
  {
    "ID Number": "12483877"
  },
  {
    "ID Number": "12454729"
  },
  {
    "ID Number": "12431621"
  },
  {
    "ID Number": "12431630"
  },
  {
    "ID Number": "12465070"
  },
  {
    "ID Number": "12434639"
  },
  {
    "ID Number": "12420883"
  },
  {
    "ID Number": "12482170"
  },
  {
    "ID Number": "12471283"
  },
  {
    "ID Number": "12494054"
  },
  {
    "ID Number": "12417750"
  },
  {
    "ID Number": "12475475"
  },
  {
    "ID Number": "12459160"
  },
  {
    "ID Number": "12457728"
  },
  {
    "ID Number": "12456705"
  },
  {
    "ID Number": "12447714"
  },
  {
    "ID Number": "12436666"
  },
  {
    "ID Number": "12433683"
  },
  {
    "ID Number": "12474657"
  },
  {
    "ID Number": "12415499"
  },
  {
    "ID Number": "12424080"
  },
  {
    "ID Number": "12408670"
  },
  {
    "ID Number": "12402630"
  },
  {
    "ID Number": "12424250"
  },
  {
    "ID Number": "12404276"
  },
  {
    "ID Number": "12400955"
  },
  {
    "ID Number": "12418412"
  },
  {
    "ID Number": "12426580"
  },
  {
    "ID Number": "12428779"
  },
  {
    "ID Number": "12428663"
  },
  {
    "ID Number": "12413704"
  },
  {
    "ID Number": "12417424"
  },
  {
    "ID Number": "12428655"
  },
  {
    "ID Number": "12424170"
  },
  {
    "ID Number": "12428647"
  },
  {
    "ID Number": "12416770"
  },
  {
    "ID Number": "12432458"
  },
  {
    "ID Number": "12433764"
  },
  {
    "ID Number": "12485900"
  },
  {
    "ID Number": "12447129"
  },
  {
    "ID Number": "12452670"
  },
  {
    "ID Number": "12440108"
  },
  {
    "ID Number": "12423564"
  },
  {
    "ID Number": "12449229"
  },
  {
    "ID Number": "12421049"
  },
  {
    "ID Number": "12441767"
  },
  {
    "ID Number": "12419915"
  },
  {
    "ID Number": "12415170"
  },
  {
    "ID Number": "12419214"
  },
  {
    "ID Number": "12403547"
  },
  {
    "ID Number": "12400491"
  },
  {
    "ID Number": "12411736"
  },
  {
    "ID Number": "12400335"
  },
  {
    "ID Number": "12443522"
  },
  {
    "ID Number": "12403040"
  },
  {
    "ID Number": "12469700"
  },
  {
    "ID Number": "12400343"
  },
  {
    "ID Number": "12471836"
  },
  {
    "ID Number": "12433276"
  },
  {
    "ID Number": "12432040"
  },
  {
    "ID Number": "12429473"
  },
  {
    "ID Number": "12443239"
  },
  {
    "ID Number": "12437115"
  },
  {
    "ID Number": "12468479"
  },
  {
    "ID Number": "12429252"
  },
  {
    "ID Number": "12475572"
  },
  {
    "ID Number": "12430935"
  },
  {
    "ID Number": "12425494"
  },
  {
    "ID Number": "12496120"
  },
  {
    "ID Number": "12424803"
  },
  {
    "ID Number": "12427225"
  },
  {
    "ID Number": "12416967"
  },
  {
    "ID Number": "12423688"
  },
  {
    "ID Number": "12418030"
  },
  {
    "ID Number": "12404543"
  },
  {
    "ID Number": "12427004"
  },
  {
    "ID Number": "12429635"
  },
  {
    "ID Number": "12401277"
  },
  {
    "ID Number": "12410799"
  },
  {
    "ID Number": "12402443"
  },
  {
    "ID Number": "12483974"
  },
  {
    "ID Number": "12459488"
  },
  {
    "ID Number": "12435821"
  },
  {
    "ID Number": "12450553"
  },
  {
    "ID Number": "12437387"
  },
  {
    "ID Number": "12457400"
  },
  {
    "ID Number": "12479390"
  },
  {
    "ID Number": "12479500"
  },
  {
    "ID Number": "12425133"
  },
  {
    "ID Number": "12467529"
  },
  {
    "ID Number": "12441694"
  },
  {
    "ID Number": "12430218"
  },
  {
    "ID Number": "12419320"
  },
  {
    "ID Number": "12424811"
  },
  {
    "ID Number": "12423270"
  },
  {
    "ID Number": "12406643"
  },
  {
    "ID Number": "12430331"
  },
  {
    "ID Number": "12415715"
  },
  {
    "ID Number": "12438022"
  },
  {
    "ID Number": "12428620"
  },
  {
    "ID Number": "12421197"
  },
  {
    "ID Number": "12477028"
  },
  {
    "ID Number": "12452661"
  },
  {
    "ID Number": "12415723"
  },
  {
    "ID Number": "12429481"
  },
  {
    "ID Number": "12479497"
  },
  {
    "ID Number": "12431079"
  },
  {
    "ID Number": "12432857"
  },
  {
    "ID Number": "12433578"
  },
  {
    "ID Number": "12478458"
  },
  {
    "ID Number": "12431141"
  },
  {
    "ID Number": "12477010"
  },
  {
    "ID Number": "12469505"
  },
  {
    "ID Number": "12449237"
  },
  {
    "ID Number": "12478075"
  },
  {
    "ID Number": "12450227"
  },
  {
    "ID Number": "12440094"
  },
  {
    "ID Number": "12443131"
  },
  {
    "ID Number": "12465534"
  },
  {
    "ID Number": "12416690"
  },
  {
    "ID Number": "12413070"
  },
  {
    "ID Number": "12429708"
  },
  {
    "ID Number": "12425206"
  },
  {
    "ID Number": "12420760"
  },
  {
    "ID Number": "12400068"
  },
  {
    "ID Number": "12417289"
  },
  {
    "ID Number": "12424820"
  },
  {
    "ID Number": "12434035"
  },
  {
    "ID Number": "12467510"
  },
  {
    "ID Number": "12437131"
  },
  {
    "ID Number": "12400599"
  },
  {
    "ID Number": "12479055"
  },
  {
    "ID Number": "12458660"
  },
  {
    "ID Number": "12464775"
  },
  {
    "ID Number": "12467871"
  },
  {
    "ID Number": "12444600"
  },
  {
    "ID Number": "12437140"
  },
  {
    "ID Number": "12471151"
  },
  {
    "ID Number": "12437018"
  },
  {
    "ID Number": "12432865"
  },
  {
    "ID Number": "12451207"
  },
  {
    "ID Number": "12494569"
  },
  {
    "ID Number": "12427527"
  },
  {
    "ID Number": "12430854"
  },
  {
    "ID Number": "12452360"
  },
  {
    "ID Number": "12461911"
  },
  {
    "ID Number": "12474452"
  },
  {
    "ID Number": "12441759"
  },
  {
    "ID Number": "12489832"
  },
  {
    "ID Number": "12431737"
  },
  {
    "ID Number": "12433519"
  },
  {
    "ID Number": "12459895"
  },
  {
    "ID Number": "12479381"
  },
  {
    "ID Number": "12436291"
  },
  {
    "ID Number": "12401293"
  },
  {
    "ID Number": "12490920"
  },
  {
    "ID Number": "12448753"
  },
  {
    "ID Number": "12426881"
  },
  {
    "ID Number": "12419354"
  },
  {
    "ID Number": "12418900"
  },
  {
    "ID Number": "12414344"
  },
  {
    "ID Number": "12413372"
  },
  {
    "ID Number": "12427705"
  },
  {
    "ID Number": "12414352"
  },
  {
    "ID Number": "12402664"
  },
  {
    "ID Number": "12401102"
  },
  {
    "ID Number": "12407135"
  },
  {
    "ID Number": "12401455"
  },
  {
    "ID Number": "12429279"
  },
  {
    "ID Number": "12404748"
  },
  {
    "ID Number": "12429503"
  },
  {
    "ID Number": "12401145"
  },
  {
    "ID Number": "12408034"
  },
  {
    "ID Number": "12441791"
  },
  {
    "ID Number": "12434507"
  },
  {
    "ID Number": "12446270"
  },
  {
    "ID Number": "12451754"
  },
  {
    "ID Number": "12480274"
  },
  {
    "ID Number": "12434515"
  },
  {
    "ID Number": "12469360"
  },
  {
    "ID Number": "12401633"
  },
  {
    "ID Number": "12436828"
  },
  {
    "ID Number": "12497908"
  },
  {
    "ID Number": "12457868"
  },
  {
    "ID Number": "12458481"
  },
  {
    "ID Number": "12417874"
  },
  {
    "ID Number": "12471682"
  },
  {
    "ID Number": "12409898"
  },
  {
    "ID Number": "12478954"
  },
  {
    "ID Number": "12420743"
  },
  {
    "ID Number": "12404993"
  },
  {
    "ID Number": "12418986"
  },
  {
    "ID Number": "12429287"
  },
  {
    "ID Number": "12419001"
  },
  {
    "ID Number": "12429015"
  },
  {
    "ID Number": "12405388"
  },
  {
    "ID Number": "12415111"
  },
  {
    "ID Number": "12411981"
  },
  {
    "ID Number": "12403334"
  },
  {
    "ID Number": "12403938"
  },
  {
    "ID Number": "12407607"
  },
  {
    "ID Number": "12429031"
  },
  {
    "ID Number": "12429023"
  },
  {
    "ID Number": "12409847"
  },
  {
    "ID Number": "12411485"
  },
  {
    "ID Number": "12421901"
  },
  {
    "ID Number": "12427560"
  },
  {
    "ID Number": "12486620"
  },
  {
    "ID Number": "12400157"
  },
  {
    "ID Number": "12411493"
  },
  {
    "ID Number": "12428809"
  },
  {
    "ID Number": "12431770"
  },
  {
    "ID Number": "12409910"
  },
  {
    "ID Number": "12460966"
  },
  {
    "ID Number": "12438219"
  },
  {
    "ID Number": "12420190"
  },
  {
    "ID Number": "12432008"
  },
  {
    "ID Number": "12453269"
  },
  {
    "ID Number": "12420387"
  },
  {
    "ID Number": "12424129"
  },
  {
    "ID Number": "12488984"
  },
  {
    "ID Number": "12460362"
  },
  {
    "ID Number": "12431320"
  },
  {
    "ID Number": "12435392"
  },
  {
    "ID Number": "12439878"
  },
  {
    "ID Number": "12475823"
  },
  {
    "ID Number": "12468649"
  },
  {
    "ID Number": "12402095"
  },
  {
    "ID Number": "12454044"
  },
  {
    "ID Number": "12492817"
  },
  {
    "ID Number": "12443425"
  },
  {
    "ID Number": "12419362"
  },
  {
    "ID Number": "12427217"
  },
  {
    "ID Number": "12417696"
  },
  {
    "ID Number": "12416169"
  },
  {
    "ID Number": "12404225"
  },
  {
    "ID Number": "12474690"
  },
  {
    "ID Number": "12449601"
  },
  {
    "ID Number": "12484342"
  },
  {
    "ID Number": "12443964"
  },
  {
    "ID Number": "12454869"
  },
  {
    "ID Number": "12481050"
  },
  {
    "ID Number": "12446742"
  },
  {
    "ID Number": "12444553"
  },
  {
    "ID Number": "12489387"
  },
  {
    "ID Number": "12415979"
  },
  {
    "ID Number": "12490962"
  },
  {
    "ID Number": "12481076"
  },
  {
    "ID Number": "12470155"
  },
  {
    "ID Number": "12445169"
  },
  {
    "ID Number": "12452432"
  },
  {
    "ID Number": "12464309"
  },
  {
    "ID Number": "12443654"
  },
  {
    "ID Number": "12488925"
  },
  {
    "ID Number": "12477907"
  },
  {
    "ID Number": "12483559"
  },
  {
    "ID Number": "12454478"
  },
  {
    "ID Number": "12433071"
  },
  {
    "ID Number": "12453072"
  },
  {
    "ID Number": "12473022"
  },
  {
    "ID Number": "12454354"
  },
  {
    "ID Number": "12474940"
  },
  {
    "ID Number": "12443115"
  },
  {
    "ID Number": "12427110"
  },
  {
    "ID Number": "12453730"
  },
  {
    "ID Number": "12416789"
  },
  {
    "ID Number": "12432229"
  },
  {
    "ID Number": "12490032"
  },
  {
    "ID Number": "12472468"
  },
  {
    "ID Number": "12457418"
  },
  {
    "ID Number": "12427349"
  },
  {
    "ID Number": "12439770"
  },
  {
    "ID Number": "12471917"
  },
  {
    "ID Number": "12427322"
  },
  {
    "ID Number": "12473847"
  },
  {
    "ID Number": "12446769"
  },
  {
    "ID Number": "12412007"
  },
  {
    "ID Number": "12439231"
  },
  {
    "ID Number": "12473383"
  },
  {
    "ID Number": "12473375"
  },
  {
    "ID Number": "12479578"
  },
  {
    "ID Number": "12460044"
  },
  {
    "ID Number": "12408077"
  },
  {
    "ID Number": "12443662"
  },
  {
    "ID Number": "12438030"
  },
  {
    "ID Number": "12432210"
  },
  {
    "ID Number": "12468614"
  },
  {
    "ID Number": "12469556"
  },
  {
    "ID Number": "12443212"
  },
  {
    "ID Number": "12457426"
  },
  {
    "ID Number": "12492256"
  },
  {
    "ID Number": "12453641"
  },
  {
    "ID Number": "12424374"
  },
  {
    "ID Number": "12443301"
  },
  {
    "ID Number": "12433535"
  },
  {
    "ID Number": "12431060"
  },
  {
    "ID Number": "12448214"
  },
  {
    "ID Number": "12489476"
  },
  {
    "ID Number": "12455270"
  },
  {
    "ID Number": "12459372"
  },
  {
    "ID Number": "12456632"
  },
  {
    "ID Number": "12442500"
  },
  {
    "ID Number": "12448443"
  },
  {
    "ID Number": "12463965"
  },
  {
    "ID Number": "12402680"
  },
  {
    "ID Number": "12470775"
  },
  {
    "ID Number": "12489581"
  },
  {
    "ID Number": "12450146"
  },
  {
    "ID Number": "12486744"
  },
  {
    "ID Number": "12480738"
  },
  {
    "ID Number": "12446823"
  },
  {
    "ID Number": "12451711"
  },
  {
    "ID Number": "12450120"
  },
  {
    "ID Number": "12467014"
  },
  {
    "ID Number": "12468819"
  },
  {
    "ID Number": "12493538"
  },
  {
    "ID Number": "12450111"
  },
  {
    "ID Number": "12476447"
  },
  {
    "ID Number": "12437611"
  },
  {
    "ID Number": "12453820"
  },
  {
    "ID Number": "12451592"
  },
  {
    "ID Number": "12443930"
  },
  {
    "ID Number": "12436313"
  },
  {
    "ID Number": "12458325"
  },
  {
    "ID Number": "12444120"
  },
  {
    "ID Number": "12446262"
  },
  {
    "ID Number": "12432881"
  },
  {
    "ID Number": "12458309"
  },
  {
    "ID Number": "12467979"
  },
  {
    "ID Number": "12432407"
  },
  {
    "ID Number": "12432415"
  },
  {
    "ID Number": "12405027"
  },
  {
    "ID Number": "12442747"
  },
  {
    "ID Number": "12431796"
  },
  {
    "ID Number": "12443530"
  },
  {
    "ID Number": "12454788"
  },
  {
    "ID Number": "12475190"
  },
  {
    "ID Number": "12407682"
  },
  {
    "ID Number": "12458899"
  },
  {
    "ID Number": "12440310"
  },
  {
    "ID Number": "12442429"
  },
  {
    "ID Number": "12434400"
  },
  {
    "ID Number": "12456560"
  },
  {
    "ID Number": "12445991"
  },
  {
    "ID Number": "12424617"
  },
  {
    "ID Number": "12475149"
  },
  {
    "ID Number": "12401005"
  },
  {
    "ID Number": "12465470"
  },
  {
    "ID Number": "12403970"
  },
  {
    "ID Number": "12480851"
  },
  {
    "ID Number": "12458295"
  },
  {
    "ID Number": "12474460"
  },
  {
    "ID Number": "12449245"
  },
  {
    "ID Number": "12403989"
  },
  {
    "ID Number": "12434752"
  },
  {
    "ID Number": "12442623"
  },
  {
    "ID Number": "12434086"
  },
  {
    "ID Number": "12403997"
  },
  {
    "ID Number": "12432890"
  },
  {
    "ID Number": "12411027"
  },
  {
    "ID Number": "12448176"
  },
  {
    "ID Number": "12492132"
  },
  {
    "ID Number": "12431710"
  },
  {
    "ID Number": "12495468"
  },
  {
    "ID Number": "12475556"
  },
  {
    "ID Number": "12460540"
  },
  {
    "ID Number": "12441856"
  },
  {
    "ID Number": "12422312"
  },
  {
    "ID Number": "12462209"
  },
  {
    "ID Number": "12442259"
  },
  {
    "ID Number": "12485020"
  },
  {
    "ID Number": "12486540"
  },
  {
    "ID Number": "12471755"
  },
  {
    "ID Number": "12424846"
  },
  {
    "ID Number": "12424358"
  },
  {
    "ID Number": "12420905"
  },
  {
    "ID Number": "12418714"
  },
  {
    "ID Number": "12419370"
  },
  {
    "ID Number": "12412449"
  },
  {
    "ID Number": "12400467"
  },
  {
    "ID Number": "12402460"
  },
  {
    "ID Number": "12410977"
  },
  {
    "ID Number": "12429520"
  },
  {
    "ID Number": "12409871"
  },
  {
    "ID Number": "12428710"
  },
  {
    "ID Number": "12400572"
  },
  {
    "ID Number": "12402478"
  },
  {
    "ID Number": "12404683"
  },
  {
    "ID Number": "12407038"
  },
  {
    "ID Number": "12416134"
  },
  {
    "ID Number": "12404888"
  },
  {
    "ID Number": "12410993"
  },
  {
    "ID Number": "12409863"
  },
  {
    "ID Number": "12413208"
  },
  {
    "ID Number": "12428825"
  },
  {
    "ID Number": "12417572"
  },
  {
    "ID Number": "12423580"
  },
  {
    "ID Number": "12418897"
  },
  {
    "ID Number": "12429619"
  },
  {
    "ID Number": "12402699"
  },
  {
    "ID Number": "12404438"
  },
  {
    "ID Number": "12426962"
  },
  {
    "ID Number": "12419427"
  },
  {
    "ID Number": "12413437"
  },
  {
    "ID Number": "12413429"
  },
  {
    "ID Number": "12401536"
  },
  {
    "ID Number": "12422436"
  },
  {
    "ID Number": "12407674"
  },
  {
    "ID Number": "12401137"
  },
  {
    "ID Number": "12425605"
  },
  {
    "ID Number": "12402702"
  },
  {
    "ID Number": "12409006"
  },
  {
    "ID Number": "12419443"
  },
  {
    "ID Number": "12402192"
  },
  {
    "ID Number": "12426210"
  },
  {
    "ID Number": "12413291"
  },
  {
    "ID Number": "12401994"
  },
  {
    "ID Number": "12402494"
  },
  {
    "ID Number": "12402389"
  },
  {
    "ID Number": "12418757"
  },
  {
    "ID Number": "12428680"
  },
  {
    "ID Number": "12401153"
  },
  {
    "ID Number": "12419460"
  },
  {
    "ID Number": "12429058"
  },
  {
    "ID Number": "12432202"
  },
  {
    "ID Number": "12435414"
  },
  {
    "ID Number": "12445789"
  },
  {
    "ID Number": "12402508"
  },
  {
    "ID Number": "12437174"
  },
  {
    "ID Number": "12481874"
  },
  {
    "ID Number": "12457388"
  },
  {
    "ID Number": "12454524"
  },
  {
    "ID Number": "12401013"
  },
  {
    "ID Number": "12436771"
  },
  {
    "ID Number": "12403652"
  },
  {
    "ID Number": "12408107"
  },
  {
    "ID Number": "12414697"
  },
  {
    "ID Number": "12420913"
  },
  {
    "ID Number": "12401722"
  },
  {
    "ID Number": "12438006"
  },
  {
    "ID Number": "12446211"
  },
  {
    "ID Number": "12430404"
  },
  {
    "ID Number": "12429309"
  },
  {
    "ID Number": "12413100"
  },
  {
    "ID Number": "12453676"
  },
  {
    "ID Number": "12457531"
  },
  {
    "ID Number": "12463620"
  },
  {
    "ID Number": "12412228"
  },
  {
    "ID Number": "12412821"
  },
  {
    "ID Number": "12418811"
  },
  {
    "ID Number": "12434183"
  },
  {
    "ID Number": "12442666"
  },
  {
    "ID Number": "12426237"
  },
  {
    "ID Number": "12414069"
  },
  {
    "ID Number": "12401463"
  },
  {
    "ID Number": "12444030"
  },
  {
    "ID Number": "12472662"
  },
  {
    "ID Number": "12437190"
  },
  {
    "ID Number": "12476781"
  },
  {
    "ID Number": "12472751"
  },
  {
    "ID Number": "12444510"
  },
  {
    "ID Number": "12473170"
  },
  {
    "ID Number": "12454656"
  },
  {
    "ID Number": "12446092"
  },
  {
    "ID Number": "12493031"
  },
  {
    "ID Number": "12472077"
  },
  {
    "ID Number": "12471674"
  },
  {
    "ID Number": "12437000"
  },
  {
    "ID Number": "12462942"
  },
  {
    "ID Number": "12466271"
  },
  {
    "ID Number": "12470449"
  },
  {
    "ID Number": "12494330"
  },
  {
    "ID Number": "12426903"
  },
  {
    "ID Number": "12423858"
  },
  {
    "ID Number": "12415740"
  },
  {
    "ID Number": "12411540"
  },
  {
    "ID Number": "12403350"
  },
  {
    "ID Number": "12400130"
  },
  {
    "ID Number": "12401846"
  },
  {
    "ID Number": "12419940"
  },
  {
    "ID Number": "12479462"
  },
  {
    "ID Number": "12428868"
  },
  {
    "ID Number": "12432903"
  },
  {
    "ID Number": "12406430"
  },
  {
    "ID Number": "12454036"
  },
  {
    "ID Number": "12488364"
  },
  {
    "ID Number": "12450472"
  },
  {
    "ID Number": "12472204"
  },
  {
    "ID Number": "12467936"
  },
  {
    "ID Number": "12445622"
  },
  {
    "ID Number": "12455938"
  },
  {
    "ID Number": "12470732"
  },
  {
    "ID Number": "12433926"
  },
  {
    "ID Number": "12444049"
  },
  {
    "ID Number": "12494950"
  },
  {
    "ID Number": "12442445"
  },
  {
    "ID Number": "12437875"
  },
  {
    "ID Number": "12430927"
  },
  {
    "ID Number": "12434965"
  },
  {
    "ID Number": "12431206"
  },
  {
    "ID Number": "12432504"
  },
  {
    "ID Number": "12461210"
  },
  {
    "ID Number": "12446378"
  },
  {
    "ID Number": "12426440"
  },
  {
    "ID Number": "12435430"
  },
  {
    "ID Number": "12498750"
  },
  {
    "ID Number": "12493350"
  },
  {
    "ID Number": "12444537"
  },
  {
    "ID Number": "12407062"
  },
  {
    "ID Number": "12436879"
  },
  {
    "ID Number": "12493570"
  },
  {
    "ID Number": "12441198"
  },
  {
    "ID Number": "12453153"
  },
  {
    "ID Number": "12415758"
  },
  {
    "ID Number": "12424870"
  },
  {
    "ID Number": "12405060"
  },
  {
    "ID Number": "12419958"
  },
  {
    "ID Number": "12426768"
  },
  {
    "ID Number": "12417319"
  },
  {
    "ID Number": "12418668"
  },
  {
    "ID Number": "12403768"
  },
  {
    "ID Number": "12420646"
  },
  {
    "ID Number": "12426776"
  },
  {
    "ID Number": "12429651"
  },
  {
    "ID Number": "12400890"
  },
  {
    "ID Number": "12400505"
  },
  {
    "ID Number": "12411760"
  },
  {
    "ID Number": "12455890"
  },
  {
    "ID Number": "12494143"
  },
  {
    "ID Number": "12430420"
  },
  {
    "ID Number": "12400025"
  },
  {
    "ID Number": "12454605"
  },
  {
    "ID Number": "12435309"
  },
  {
    "ID Number": "12464228"
  },
  {
    "ID Number": "12486000"
  },
  {
    "ID Number": "12465607"
  },
  {
    "ID Number": "12433284"
  },
  {
    "ID Number": "12457906"
  },
  {
    "ID Number": "12477753"
  },
  {
    "ID Number": "12437476"
  },
  {
    "ID Number": "12493163"
  },
  {
    "ID Number": "12441708"
  },
  {
    "ID Number": "12441538"
  },
  {
    "ID Number": "12487244"
  },
  {
    "ID Number": "12487708"
  },
  {
    "ID Number": "12451797"
  },
  {
    "ID Number": "12445134"
  },
  {
    "ID Number": "12476420"
  },
  {
    "ID Number": "12454567"
  },
  {
    "ID Number": "12453447"
  },
  {
    "ID Number": "12440523"
  },
  {
    "ID Number": "12467260"
  },
  {
    "ID Number": "12447269"
  },
  {
    "ID Number": "12447102"
  },
  {
    "ID Number": "12454419"
  },
  {
    "ID Number": "12440647"
  },
  {
    "ID Number": "12459348"
  },
  {
    "ID Number": "12434337"
  },
  {
    "ID Number": "12437271"
  },
  {
    "ID Number": "12465011"
  },
  {
    "ID Number": "12450391"
  },
  {
    "ID Number": "12452491"
  },
  {
    "ID Number": "12442992"
  },
  {
    "ID Number": "12461865"
  },
  {
    "ID Number": "12441120"
  },
  {
    "ID Number": "12460443"
  },
  {
    "ID Number": "12454575"
  },
  {
    "ID Number": "12446777"
  },
  {
    "ID Number": "12430897"
  },
  {
    "ID Number": "12454974"
  },
  {
    "ID Number": "12432725"
  },
  {
    "ID Number": "12442755"
  },
  {
    "ID Number": "12468428"
  },
  {
    "ID Number": "12445738"
  },
  {
    "ID Number": "12431214"
  },
  {
    "ID Number": "12479152"
  },
  {
    "ID Number": "12455288"
  },
  {
    "ID Number": "12468517"
  },
  {
    "ID Number": "12440043"
  },
  {
    "ID Number": "12432253"
  },
  {
    "ID Number": "12449539"
  },
  {
    "ID Number": "12412309"
  },
  {
    "ID Number": "12482617"
  },
  {
    "ID Number": "12467022"
  },
  {
    "ID Number": "12418501"
  },
  {
    "ID Number": "12442151"
  },
  {
    "ID Number": "12471704"
  },
  {
    "ID Number": "12436224"
  },
  {
    "ID Number": "12429090"
  },
  {
    "ID Number": "12442631"
  },
  {
    "ID Number": "12473189"
  },
  {
    "ID Number": "12449873"
  },
  {
    "ID Number": "12431826"
  },
  {
    "ID Number": "12439380"
  },
  {
    "ID Number": "12451487"
  },
  {
    "ID Number": "12490849"
  },
  {
    "ID Number": "12435600"
  },
  {
    "ID Number": "12432610"
  },
  {
    "ID Number": "12430080"
  },
  {
    "ID Number": "12454613"
  },
  {
    "ID Number": "12431834"
  },
  {
    "ID Number": "12469386"
  },
  {
    "ID Number": "12437239"
  },
  {
    "ID Number": "12431966"
  },
  {
    "ID Number": "12479314"
  },
  {
    "ID Number": "12485888"
  },
  {
    "ID Number": "12439940"
  },
  {
    "ID Number": "12433586"
  },
  {
    "ID Number": "12435473"
  },
  {
    "ID Number": "12469130"
  },
  {
    "ID Number": "12408743"
  },
  {
    "ID Number": "12458171"
  },
  {
    "ID Number": "12469521"
  },
  {
    "ID Number": "12430455"
  },
  {
    "ID Number": "12438383"
  },
  {
    "ID Number": "12430463"
  },
  {
    "ID Number": "12475670"
  },
  {
    "ID Number": "12458864"
  },
  {
    "ID Number": "12494747"
  },
  {
    "ID Number": "12459321"
  },
  {
    "ID Number": "12492701"
  },
  {
    "ID Number": "12470236"
  },
  {
    "ID Number": "12420468"
  },
  {
    "ID Number": "12489646"
  },
  {
    "ID Number": "12455695"
  },
  {
    "ID Number": "12496553"
  },
  {
    "ID Number": "12434434"
  },
  {
    "ID Number": "12405515"
  },
  {
    "ID Number": "12432750"
  },
  {
    "ID Number": "12440965"
  },
  {
    "ID Number": "12457582"
  },
  {
    "ID Number": "12434868"
  },
  {
    "ID Number": "12445630"
  },
  {
    "ID Number": "12498882"
  },
  {
    "ID Number": "12490474"
  },
  {
    "ID Number": "12460907"
  },
  {
    "ID Number": "12480746"
  },
  {
    "ID Number": "12443026"
  },
  {
    "ID Number": "12453471"
  },
  {
    "ID Number": "12447889"
  },
  {
    "ID Number": "12435449"
  },
  {
    "ID Number": "12438766"
  },
  {
    "ID Number": "12441066"
  },
  {
    "ID Number": "12468231"
  },
  {
    "ID Number": "12473731"
  },
  {
    "ID Number": "12423610"
  },
  {
    "ID Number": "12406732"
  },
  {
    "ID Number": "12412201"
  },
  {
    "ID Number": "12413798"
  },
  {
    "ID Number": "12441996"
  },
  {
    "ID Number": "12479551"
  },
  {
    "ID Number": "12412562"
  },
  {
    "ID Number": "12490695"
  },
  {
    "ID Number": "12480886"
  },
  {
    "ID Number": "12440957"
  },
  {
    "ID Number": "12470260"
  },
  {
    "ID Number": "12433977"
  },
  {
    "ID Number": "12474770"
  },
  {
    "ID Number": "12441686"
  },
  {
    "ID Number": "12439703"
  },
  {
    "ID Number": "12468657"
  },
  {
    "ID Number": "12467820"
  },
  {
    "ID Number": "12425621"
  },
  {
    "ID Number": "12446300"
  },
  {
    "ID Number": "12431907"
  },
  {
    "ID Number": "12415766"
  },
  {
    "ID Number": "12425257"
  },
  {
    "ID Number": "12420492"
  },
  {
    "ID Number": "12419621"
  },
  {
    "ID Number": "12443794"
  },
  {
    "ID Number": "12471992"
  },
  {
    "ID Number": "12458783"
  },
  {
    "ID Number": "12431990"
  },
  {
    "ID Number": "12454796"
  },
  {
    "ID Number": "12437255"
  },
  {
    "ID Number": "12491322"
  },
  {
    "ID Number": "12459283"
  },
  {
    "ID Number": "12489700"
  },
  {
    "ID Number": "12458368"
  },
  {
    "ID Number": "12492590"
  },
  {
    "ID Number": "12448613"
  },
  {
    "ID Number": "12451347"
  },
  {
    "ID Number": "12479438"
  },
  {
    "ID Number": "12455253"
  },
  {
    "ID Number": "12439827"
  },
  {
    "ID Number": "12473464"
  },
  {
    "ID Number": "12465593"
  },
  {
    "ID Number": "12426792"
  },
  {
    "ID Number": "12442925"
  },
  {
    "ID Number": "12435066"
  },
  {
    "ID Number": "12433470"
  },
  {
    "ID Number": "12495603"
  },
  {
    "ID Number": "12454400"
  },
  {
    "ID Number": "12431052"
  },
  {
    "ID Number": "12472131"
  },
  {
    "ID Number": "12495395"
  },
  {
    "ID Number": "12437417"
  },
  {
    "ID Number": "12440515"
  },
  {
    "ID Number": "12481947"
  },
  {
    "ID Number": "12432474"
  },
  {
    "ID Number": "12430480"
  },
  {
    "ID Number": "12442283"
  },
  {
    "ID Number": "12477664"
  },
  {
    "ID Number": "12424641"
  },
  {
    "ID Number": "12467502"
  },
  {
    "ID Number": "12431800"
  },
  {
    "ID Number": "12431192"
  },
  {
    "ID Number": "12446785"
  },
  {
    "ID Number": "12471909"
  },
  {
    "ID Number": "12433985"
  },
  {
    "ID Number": "12431184"
  },
  {
    "ID Number": "12435236"
  },
  {
    "ID Number": "12474444"
  },
  {
    "ID Number": "12480657"
  },
  {
    "ID Number": "12437557"
  },
  {
    "ID Number": "12438405"
  },
  {
    "ID Number": "12471259"
  },
  {
    "ID Number": "12431788"
  },
  {
    "ID Number": "12496855"
  },
  {
    "ID Number": "12465500"
  },
  {
    "ID Number": "12454958"
  },
  {
    "ID Number": "12454443"
  },
  {
    "ID Number": "12438413"
  },
  {
    "ID Number": "12471739"
  },
  {
    "ID Number": "12497622"
  },
  {
    "ID Number": "12454915"
  },
  {
    "ID Number": "12432237"
  },
  {
    "ID Number": "12404250"
  },
  {
    "ID Number": "12476552"
  },
  {
    "ID Number": "12447161"
  },
  {
    "ID Number": "12453145"
  },
  {
    "ID Number": "12448826"
  },
  {
    "ID Number": "12414727"
  },
  {
    "ID Number": "12443697"
  },
  {
    "ID Number": "12446874"
  },
  {
    "ID Number": "12458031"
  },
  {
    "ID Number": "12434795"
  },
  {
    "ID Number": "12454885"
  },
  {
    "ID Number": "12424765"
  },
  {
    "ID Number": "12445860"
  },
  {
    "ID Number": "12469343"
  },
  {
    "ID Number": "12497223"
  },
  {
    "ID Number": "12468223"
  },
  {
    "ID Number": "12489212"
  },
  {
    "ID Number": "12485870"
  },
  {
    "ID Number": "12400688"
  },
  {
    "ID Number": "12434876"
  },
  {
    "ID Number": "12471160"
  },
  {
    "ID Number": "12432652"
  },
  {
    "ID Number": "12454427"
  },
  {
    "ID Number": "12431656"
  },
  {
    "ID Number": "12469955"
  },
  {
    "ID Number": "12437549"
  },
  {
    "ID Number": "12431729"
  },
  {
    "ID Number": "12473340"
  },
  {
    "ID Number": "12432512"
  },
  {
    "ID Number": "12429139"
  },
  {
    "ID Number": "12470740"
  },
  {
    "ID Number": "12438430"
  },
  {
    "ID Number": "12442658"
  },
  {
    "ID Number": "12416738"
  },
  {
    "ID Number": "12434787"
  },
  {
    "ID Number": "12420018"
  },
  {
    "ID Number": "12429546"
  },
  {
    "ID Number": "12471640"
  },
  {
    "ID Number": "12481327"
  },
  {
    "ID Number": "12438987"
  },
  {
    "ID Number": "12483850"
  },
  {
    "ID Number": "12473740"
  },
  {
    "ID Number": "12441139"
  },
  {
    "ID Number": "12434523"
  },
  {
    "ID Number": "12498572"
  },
  {
    "ID Number": "12432660"
  },
  {
    "ID Number": "12431885"
  },
  {
    "ID Number": "12458287"
  },
  {
    "ID Number": "12433128"
  },
  {
    "ID Number": "12467030"
  },
  {
    "ID Number": "12435791"
  },
  {
    "ID Number": "12431460"
  },
  {
    "ID Number": "12478482"
  },
  {
    "ID Number": "12444790"
  },
  {
    "ID Number": "12451371"
  },
  {
    "ID Number": "12413232"
  },
  {
    "ID Number": "12488798"
  },
  {
    "ID Number": "12435872"
  },
  {
    "ID Number": "12490180"
  },
  {
    "ID Number": "12438553"
  },
  {
    "ID Number": "12454672"
  },
  {
    "ID Number": "12416339"
  },
  {
    "ID Number": "12439592"
  },
  {
    "ID Number": "12432377"
  },
  {
    "ID Number": "12472891"
  },
  {
    "ID Number": "12444073"
  },
  {
    "ID Number": "12419699"
  },
  {
    "ID Number": "12475173"
  },
  {
    "ID Number": "12483010"
  },
  {
    "ID Number": "12429147"
  },
  {
    "ID Number": "12483354"
  },
  {
    "ID Number": "12443271"
  },
  {
    "ID Number": "12433497"
  },
  {
    "ID Number": "12449253"
  },
  {
    "ID Number": "12484180"
  },
  {
    "ID Number": "12483494"
  },
  {
    "ID Number": "12429961"
  },
  {
    "ID Number": "12435325"
  },
  {
    "ID Number": "12484504"
  },
  {
    "ID Number": "12443280"
  },
  {
    "ID Number": "12489204"
  },
  {
    "ID Number": "12445126"
  },
  {
    "ID Number": "12459623"
  },
  {
    "ID Number": "12459798"
  },
  {
    "ID Number": "12471364"
  },
  {
    "ID Number": "12401374"
  },
  {
    "ID Number": "12474576"
  },
  {
    "ID Number": "12446726"
  },
  {
    "ID Number": "12448672"
  },
  {
    "ID Number": "12452920"
  },
  {
    "ID Number": "12450499"
  },
  {
    "ID Number": "12458589"
  },
  {
    "ID Number": "12435376"
  },
  {
    "ID Number": "12425702"
  },
  {
    "ID Number": "12463655"
  },
  {
    "ID Number": "12469963"
  },
  {
    "ID Number": "12440426"
  },
  {
    "ID Number": "12459062"
  },
  {
    "ID Number": "12478245"
  },
  {
    "ID Number": "12459143"
  },
  {
    "ID Number": "12497185"
  },
  {
    "ID Number": "12438316"
  },
  {
    "ID Number": "12431982"
  },
  {
    "ID Number": "12451517"
  },
  {
    "ID Number": "12455156"
  },
  {
    "ID Number": "12442453"
  },
  {
    "ID Number": "12431974"
  },
  {
    "ID Number": "12487848"
  },
  {
    "ID Number": "12429970"
  },
  {
    "ID Number": "12427241"
  },
  {
    "ID Number": "12460630"
  },
  {
    "ID Number": "12400998"
  },
  {
    "ID Number": "12468681"
  },
  {
    "ID Number": "12443891"
  },
  {
    "ID Number": "12451509"
  },
  {
    "ID Number": "12496707"
  },
  {
    "ID Number": "12437581"
  },
  {
    "ID Number": "12466735"
  },
  {
    "ID Number": "12424056"
  },
  {
    "ID Number": "12424064"
  },
  {
    "ID Number": "12485586"
  },
  {
    "ID Number": "12401676"
  },
  {
    "ID Number": "12404080"
  },
  {
    "ID Number": "12431699"
  },
  {
    "ID Number": "12492841"
  },
  {
    "ID Number": "12433861"
  },
  {
    "ID Number": "12442143"
  },
  {
    "ID Number": "12433390"
  },
  {
    "ID Number": "12427730"
  },
  {
    "ID Number": "12467154"
  },
  {
    "ID Number": "12435538"
  },
  {
    "ID Number": "12400300"
  },
  {
    "ID Number": "12430986"
  },
  {
    "ID Number": "12431370"
  },
  {
    "ID Number": "12451681"
  },
  {
    "ID Number": "12451053"
  },
  {
    "ID Number": "12474983"
  },
  {
    "ID Number": "12427497"
  },
  {
    "ID Number": "12414816"
  },
  {
    "ID Number": "12472190"
  },
  {
    "ID Number": "12431761"
  },
  {
    "ID Number": "12455717"
  },
  {
    "ID Number": "12490660"
  },
  {
    "ID Number": "12452998"
  },
  {
    "ID Number": "12475998"
  },
  {
    "ID Number": "12443247"
  },
  {
    "ID Number": "12442488"
  },
  {
    "ID Number": "12461695"
  },
  {
    "ID Number": "12420379"
  },
  {
    "ID Number": "12431435"
  },
  {
    "ID Number": "12470767"
  },
  {
    "ID Number": "12483133"
  },
  {
    "ID Number": "12489573"
  },
  {
    "ID Number": "12489719"
  },
  {
    "ID Number": "12451738"
  },
  {
    "ID Number": "12445614"
  },
  {
    "ID Number": "12431958"
  },
  {
    "ID Number": "12431923"
  },
  {
    "ID Number": "12489115"
  },
  {
    "ID Number": "12434744"
  },
  {
    "ID Number": "12467715"
  },
  {
    "ID Number": "12492639"
  },
  {
    "ID Number": "12406368"
  },
  {
    "ID Number": "12469483"
  },
  {
    "ID Number": "12451320"
  },
  {
    "ID Number": "12474061"
  },
  {
    "ID Number": "12445479"
  },
  {
    "ID Number": "12427616"
  },
  {
    "ID Number": "12425613"
  },
  {
    "ID Number": "12434710"
  },
  {
    "ID Number": "12431591"
  },
  {
    "ID Number": "12485578"
  },
  {
    "ID Number": "12483540"
  },
  {
    "ID Number": "12441481"
  },
  {
    "ID Number": "12469254"
  },
  {
    "ID Number": "12473103"
  },
  {
    "ID Number": "12472794"
  },
  {
    "ID Number": "12405167"
  },
  {
    "ID Number": "12420026"
  },
  {
    "ID Number": "12430528"
  },
  {
    "ID Number": "12430536"
  },
  {
    "ID Number": "12432067"
  },
  {
    "ID Number": "12453110"
  },
  {
    "ID Number": "12469548"
  },
  {
    "ID Number": "12442810"
  },
  {
    "ID Number": "12469831"
  },
  {
    "ID Number": "12437603"
  },
  {
    "ID Number": "12437298"
  },
  {
    "ID Number": "12446335"
  },
  {
    "ID Number": "12400122"
  },
  {
    "ID Number": "12401064"
  },
  {
    "ID Number": "12428574"
  },
  {
    "ID Number": "12488623"
  },
  {
    "ID Number": "12440418"
  },
  {
    "ID Number": "12475157"
  },
  {
    "ID Number": "12433900"
  },
  {
    "ID Number": "12441228"
  },
  {
    "ID Number": "12431680"
  },
  {
    "ID Number": "12437522"
  },
  {
    "ID Number": "12430552"
  },
  {
    "ID Number": "12459186"
  },
  {
    "ID Number": "12449032"
  },
  {
    "ID Number": "12432113"
  },
  {
    "ID Number": "12432105"
  },
  {
    "ID Number": "12458651"
  },
  {
    "ID Number": "12450855"
  },
  {
    "ID Number": "12452858"
  },
  {
    "ID Number": "12476412"
  },
  {
    "ID Number": "12445240"
  },
  {
    "ID Number": "12432822"
  },
  {
    "ID Number": "12444014"
  },
  {
    "ID Number": "12467910"
  },
  {
    "ID Number": "12481475"
  },
  {
    "ID Number": "12455768"
  },
  {
    "ID Number": "12476749"
  },
  {
    "ID Number": "12496871"
  },
  {
    "ID Number": "12404012"
  },
  {
    "ID Number": "12444588"
  },
  {
    "ID Number": "12439975"
  },
  {
    "ID Number": "12442208"
  },
  {
    "ID Number": "12427039"
  },
  {
    "ID Number": "12418684"
  },
  {
    "ID Number": "12418889"
  },
  {
    "ID Number": "12404675"
  },
  {
    "ID Number": "12427098"
  },
  {
    "ID Number": "12425303"
  },
  {
    "ID Number": "12419966"
  },
  {
    "ID Number": "12412910"
  },
  {
    "ID Number": "12420697"
  },
  {
    "ID Number": "12427373"
  },
  {
    "ID Number": "12402753"
  },
  {
    "ID Number": "12424340"
  },
  {
    "ID Number": "12421847"
  },
  {
    "ID Number": "12402761"
  },
  {
    "ID Number": "12410284"
  },
  {
    "ID Number": "12405825"
  },
  {
    "ID Number": "12426636"
  },
  {
    "ID Number": "12429643"
  },
  {
    "ID Number": "12415944"
  },
  {
    "ID Number": "12415561"
  },
  {
    "ID Number": "12418498"
  },
  {
    "ID Number": "12401358"
  },
  {
    "ID Number": "12426199"
  },
  {
    "ID Number": "12485713"
  },
  {
    "ID Number": "12449881"
  },
  {
    "ID Number": "12419559"
  },
  {
    "ID Number": "12407747"
  },
  {
    "ID Number": "12427012"
  },
  {
    "ID Number": "12426644"
  },
  {
    "ID Number": "12402060"
  },
  {
    "ID Number": "12406201"
  },
  {
    "ID Number": "12416150"
  },
  {
    "ID Number": "12419982"
  },
  {
    "ID Number": "12400440"
  },
  {
    "ID Number": "12406457"
  },
  {
    "ID Number": "12423572"
  },
  {
    "ID Number": "12480878"
  },
  {
    "ID Number": "12427578"
  },
  {
    "ID Number": "12419567"
  },
  {
    "ID Number": "12412023"
  },
  {
    "ID Number": "12425249"
  },
  {
    "ID Number": "12420778"
  },
  {
    "ID Number": "12415880"
  },
  {
    "ID Number": "12401382"
  },
  {
    "ID Number": "12419583"
  },
  {
    "ID Number": "12411078"
  },
  {
    "ID Number": "12403865"
  },
  {
    "ID Number": "12424900"
  },
  {
    "ID Number": "12404624"
  },
  {
    "ID Number": "12424919"
  },
  {
    "ID Number": "12426687"
  },
  {
    "ID Number": "12424668"
  },
  {
    "ID Number": "12402133"
  },
  {
    "ID Number": "12419079"
  },
  {
    "ID Number": "12415340"
  },
  {
    "ID Number": "12409022"
  },
  {
    "ID Number": "12427721"
  },
  {
    "ID Number": "12403083"
  },
  {
    "ID Number": "12402010"
  },
  {
    "ID Number": "12414450"
  },
  {
    "ID Number": "12494771"
  },
  {
    "ID Number": "12401269"
  },
  {
    "ID Number": "12403431"
  },
  {
    "ID Number": "12402206"
  },
  {
    "ID Number": "12402923"
  },
  {
    "ID Number": "12420484"
  },
  {
    "ID Number": "12424102"
  },
  {
    "ID Number": "12416924"
  },
  {
    "ID Number": "12417513"
  },
  {
    "ID Number": "12428884"
  },
  {
    "ID Number": "12419613"
  },
  {
    "ID Number": "12414093"
  },
  {
    "ID Number": "12411094"
  },
  {
    "ID Number": "12415359"
  },
  {
    "ID Number": "12412040"
  },
  {
    "ID Number": "12413577"
  },
  {
    "ID Number": "12415618"
  },
  {
    "ID Number": "12418765"
  },
  {
    "ID Number": "12415375"
  },
  {
    "ID Number": "12429740"
  },
  {
    "ID Number": "12425125"
  },
  {
    "ID Number": "12419648"
  },
  {
    "ID Number": "12402028"
  },
  {
    "ID Number": "12403245"
  },
  {
    "ID Number": "12424706"
  },
  {
    "ID Number": "12429929"
  },
  {
    "ID Number": "12411116"
  },
  {
    "ID Number": "153110983"
  },
  {
    "ID Number": "12429449"
  },
  {
    "ID Number": "12408166"
  },
  {
    "ID Number": "12415634"
  },
  {
    "ID Number": "12477710"
  },
  {
    "ID Number": "12404489"
  },
  {
    "ID Number": "12405124"
  },
  {
    "ID Number": "12413259"
  },
  {
    "ID Number": "12415030"
  },
  {
    "ID Number": "12421162"
  },
  {
    "ID Number": "12425346"
  },
  {
    "ID Number": "12411779"
  },
  {
    "ID Number": "12416355"
  },
  {
    "ID Number": "12417548"
  },
  {
    "ID Number": "12414735"
  },
  {
    "ID Number": "12418528"
  },
  {
    "ID Number": "12427535"
  },
  {
    "ID Number": "12418722"
  },
  {
    "ID Number": "12412813"
  },
  {
    "ID Number": "12402931"
  },
  {
    "ID Number": "12418072"
  },
  {
    "ID Number": "12423521"
  },
  {
    "ID Number": "12408786"
  },
  {
    "ID Number": "12423661"
  },
  {
    "ID Number": "12401110"
  },
  {
    "ID Number": "12411787"
  },
  {
    "ID Number": "12404780"
  },
  {
    "ID Number": "12454990"
  },
  {
    "ID Number": "12459631"
  },
  {
    "ID Number": "12407771"
  },
  {
    "ID Number": "12426695"
  },
  {
    "ID Number": "12482927"
  },
  {
    "ID Number": "12428957"
  },
  {
    "ID Number": "12407798"
  },
  {
    "ID Number": "12454265"
  },
  {
    "ID Number": "12420654"
  },
  {
    "ID Number": "12419222"
  },
  {
    "ID Number": "12402109"
  },
  {
    "ID Number": "12413658"
  },
  {
    "ID Number": "12402524"
  },
  {
    "ID Number": "12478962"
  },
  {
    "ID Number": "12424609"
  },
  {
    "ID Number": "12408190"
  },
  {
    "ID Number": "12410039"
  },
  {
    "ID Number": "12410853"
  },
  {
    "ID Number": "12405582"
  },
  {
    "ID Number": "12405140"
  },
  {
    "ID Number": "12418820"
  },
  {
    "ID Number": "12402036"
  },
  {
    "ID Number": "12427543"
  },
  {
    "ID Number": "12401072"
  },
  {
    "ID Number": "12429554"
  },
  {
    "ID Number": "12403458"
  },
  {
    "ID Number": "12400408"
  },
  {
    "ID Number": "12402796"
  },
  {
    "ID Number": "12419206"
  },
  {
    "ID Number": "12415642"
  },
  {
    "ID Number": "12402621"
  },
  {
    "ID Number": "12487830"
  },
  {
    "ID Number": "12420956"
  },
  {
    "ID Number": "12405159"
  },
  {
    "ID Number": "12413461"
  },
  {
    "ID Number": "12420921"
  },
  {
    "ID Number": "12401870"
  },
  {
    "ID Number": "12418218"
  },
  {
    "ID Number": "12401714"
  },
  {
    "ID Number": "12414786"
  },
  {
    "ID Number": "12430056"
  },
  {
    "ID Number": "12415782"
  },
  {
    "ID Number": "12414794"
  },
  {
    "ID Number": "12419125"
  },
  {
    "ID Number": "12418536"
  },
  {
    "ID Number": "12406929"
  },
  {
    "ID Number": "12412082"
  },
  {
    "ID Number": "12406503"
  },
  {
    "ID Number": "12404349"
  },
  {
    "ID Number": "12406791"
  },
  {
    "ID Number": "12404365"
  },
  {
    "ID Number": "12401889"
  },
  {
    "ID Number": "12400564"
  },
  {
    "ID Number": "12408794"
  },
  {
    "ID Number": "12404179"
  },
  {
    "ID Number": "12400270"
  },
  {
    "ID Number": "12418790"
  },
  {
    "ID Number": "12412627"
  },
  {
    "ID Number": "12421090"
  },
  {
    "ID Number": "12417327"
  },
  {
    "ID Number": "12405590"
  },
  {
    "ID Number": "12411620"
  },
  {
    "ID Number": "12403130"
  },
  {
    "ID Number": "12420794"
  },
  {
    "ID Number": "12428914"
  },
  {
    "ID Number": "12424951"
  },
  {
    "ID Number": "12417718"
  },
  {
    "ID Number": "12400661"
  },
  {
    "ID Number": "12403520"
  },
  {
    "ID Number": "12423670"
  },
  {
    "ID Number": "12425362"
  },
  {
    "ID Number": "12402958"
  },
  {
    "ID Number": "12412473"
  },
  {
    "ID Number": "12426709"
  },
  {
    "ID Number": "12409820"
  },
  {
    "ID Number": "12426806"
  },
  {
    "ID Number": "12402311"
  },
  {
    "ID Number": "12415936"
  },
  {
    "ID Number": "12422355"
  },
  {
    "ID Number": "12426717"
  },
  {
    "ID Number": "12476200"
  },
  {
    "ID Number": "12420271"
  },
  {
    "ID Number": "12424072"
  },
  {
    "ID Number": "12418943"
  },
  {
    "ID Number": "12402532"
  },
  {
    "ID Number": "12400475"
  },
  {
    "ID Number": "12405884"
  },
  {
    "ID Number": "12411213"
  },
  {
    "ID Number": "12429368"
  },
  {
    "ID Number": "12421588"
  },
  {
    "ID Number": "12406813"
  },
  {
    "ID Number": "12429899"
  },
  {
    "ID Number": "12417440"
  },
  {
    "ID Number": "12424994"
  },
  {
    "ID Number": "12421189"
  },
  {
    "ID Number": "12427624"
  },
  {
    "ID Number": "12412392"
  },
  {
    "ID Number": "12415804"
  },
  {
    "ID Number": "12414999"
  },
  {
    "ID Number": "12424188"
  },
  {
    "ID Number": "12490300"
  },
  {
    "ID Number": "12442828"
  },
  {
    "ID Number": "12445096"
  },
  {
    "ID Number": "12439088"
  },
  {
    "ID Number": "12415871"
  },
  {
    "ID Number": "12468622"
  },
  {
    "ID Number": "12441350"
  },
  {
    "ID Number": "12441341"
  },
  {
    "ID Number": "12444570"
  },
  {
    "ID Number": "12468150"
  },
  {
    "ID Number": "12462314"
  },
  {
    "ID Number": "12424218"
  },
  {
    "ID Number": "12474851"
  },
  {
    "ID Number": "12478164"
  },
  {
    "ID Number": "12459968"
  },
  {
    "ID Number": "12488267"
  },
  {
    "ID Number": "12434590"
  },
  {
    "ID Number": "12438561"
  },
  {
    "ID Number": "12401420"
  },
  {
    "ID Number": "12468347"
  },
  {
    "ID Number": "12434566"
  },
  {
    "ID Number": "12458937"
  },
  {
    "ID Number": "12413089"
  },
  {
    "ID Number": "12454060"
  },
  {
    "ID Number": "12455059"
  },
  {
    "ID Number": "12451002"
  },
  {
    "ID Number": "12430951"
  },
  {
    "ID Number": "12471585"
  },
  {
    "ID Number": "12445711"
  },
  {
    "ID Number": "12454540"
  },
  {
    "ID Number": "12427160"
  },
  {
    "ID Number": "12480444"
  },
  {
    "ID Number": "12434485"
  },
  {
    "ID Number": "12433420"
  },
  {
    "ID Number": "12433756"
  },
  {
    "ID Number": "12439924"
  },
  {
    "ID Number": "12475726"
  },
  {
    "ID Number": "12483508"
  },
  {
    "ID Number": "12466980"
  },
  {
    "ID Number": "12446297"
  },
  {
    "ID Number": "12480924"
  },
  {
    "ID Number": "12406112"
  },
  {
    "ID Number": "12479934"
  },
  {
    "ID Number": "12434582"
  },
  {
    "ID Number": "12479403"
  },
  {
    "ID Number": "12431095"
  },
  {
    "ID Number": "12468398"
  },
  {
    "ID Number": "12485853"
  },
  {
    "ID Number": "12430617"
  },
  {
    "ID Number": "12453005"
  },
  {
    "ID Number": "12463841"
  },
  {
    "ID Number": "12439835"
  },
  {
    "ID Number": "12431273"
  },
  {
    "ID Number": "12455830"
  },
  {
    "ID Number": "12468495"
  },
  {
    "ID Number": "12445363"
  },
  {
    "ID Number": "12447757"
  },
  {
    "ID Number": "12474975"
  },
  {
    "ID Number": "12469092"
  },
  {
    "ID Number": "12430633"
  },
  {
    "ID Number": "12479489"
  },
  {
    "ID Number": "12459011"
  },
  {
    "ID Number": "12411256"
  },
  {
    "ID Number": "12430943"
  },
  {
    "ID Number": "12435074"
  },
  {
    "ID Number": "12434949"
  },
  {
    "ID Number": "12436917"
  },
  {
    "ID Number": "12452963"
  },
  {
    "ID Number": "12454630"
  },
  {
    "ID Number": "12491330"
  },
  {
    "ID Number": "12433969"
  },
  {
    "ID Number": "12458465"
  },
  {
    "ID Number": "12430641"
  },
  {
    "ID Number": "12418960"
  },
  {
    "ID Number": "12427748"
  },
  {
    "ID Number": "12472085"
  },
  {
    "ID Number": "12402575"
  },
  {
    "ID Number": "12425311"
  },
  {
    "ID Number": "12497304"
  },
  {
    "ID Number": "12415669"
  },
  {
    "ID Number": "12432709"
  },
  {
    "ID Number": "12468240"
  },
  {
    "ID Number": "12469742"
  },
  {
    "ID Number": "12454770"
  },
  {
    "ID Number": "12447471"
  },
  {
    "ID Number": "12442496"
  },
  {
    "ID Number": "12419010"
  },
  {
    "ID Number": "12460656"
  },
  {
    "ID Number": "12461750"
  },
  {
    "ID Number": "12412465"
  },
  {
    "ID Number": "12402966"
  },
  {
    "ID Number": "12429376"
  },
  {
    "ID Number": "12401218"
  },
  {
    "ID Number": "12411248"
  },
  {
    "ID Number": "12416304"
  },
  {
    "ID Number": "12416398"
  },
  {
    "ID Number": "12428736"
  },
  {
    "ID Number": "12419729"
  },
  {
    "ID Number": "12427020"
  },
  {
    "ID Number": "12427055"
  },
  {
    "ID Number": "12403148"
  },
  {
    "ID Number": "12400211"
  },
  {
    "ID Number": "12425001"
  },
  {
    "ID Number": "12429570"
  },
  {
    "ID Number": "12401226"
  },
  {
    "ID Number": "12417726"
  },
  {
    "ID Number": "12400246"
  },
  {
    "ID Number": "12420050"
  },
  {
    "ID Number": "12424145"
  },
  {
    "ID Number": "12412791"
  },
  {
    "ID Number": "12405191"
  },
  {
    "ID Number": "12409766"
  },
  {
    "ID Number": "12424196"
  },
  {
    "ID Number": "12403270"
  },
  {
    "ID Number": "12401935"
  },
  {
    "ID Number": "12404802"
  },
  {
    "ID Number": "12419761"
  },
  {
    "ID Number": "12424030"
  },
  {
    "ID Number": "12401307"
  },
  {
    "ID Number": "12467880"
  },
  {
    "ID Number": "12454923"
  },
  {
    "ID Number": "12436968"
  },
  {
    "ID Number": "12442330"
  },
  {
    "ID Number": "12447099"
  },
  {
    "ID Number": "12487724"
  },
  {
    "ID Number": "12441724"
  },
  {
    "ID Number": "12448257"
  },
  {
    "ID Number": "12471330"
  },
  {
    "ID Number": "12450626"
  },
  {
    "ID Number": "12432741"
  },
  {
    "ID Number": "12478369"
  },
  {
    "ID Number": "12475165"
  },
  {
    "ID Number": "12442100"
  },
  {
    "ID Number": "12445215"
  },
  {
    "ID Number": "12402982"
  },
  {
    "ID Number": "12432270"
  },
  {
    "ID Number": "12480533"
  },
  {
    "ID Number": "12453528"
  },
  {
    "ID Number": "12430994"
  },
  {
    "ID Number": "12454850"
  },
  {
    "ID Number": "12431842"
  },
  {
    "ID Number": "12441236"
  },
  {
    "ID Number": "12405221"
  },
  {
    "ID Number": "12403156"
  },
  {
    "ID Number": "12437026"
  },
  {
    "ID Number": "12469319"
  },
  {
    "ID Number": "12434809"
  },
  {
    "ID Number": "12473081"
  },
  {
    "ID Number": "12468789"
  },
  {
    "ID Number": "12472379"
  },
  {
    "ID Number": "12450375"
  },
  {
    "ID Number": "12467952"
  },
  {
    "ID Number": "12486108"
  },
  {
    "ID Number": "12437204"
  },
  {
    "ID Number": "12429406"
  },
  {
    "ID Number": "12425990"
  },
  {
    "ID Number": "12438103"
  },
  {
    "ID Number": "12443492"
  },
  {
    "ID Number": "12462330"
  },
  {
    "ID Number": "12473421"
  },
  {
    "ID Number": "12453846"
  },
  {
    "ID Number": "12479446"
  },
  {
    "ID Number": "12494151"
  },
  {
    "ID Number": "12402974"
  },
  {
    "ID Number": "12402826"
  },
  {
    "ID Number": "12401242"
  },
  {
    "ID Number": "12401595"
  },
  {
    "ID Number": "12416533"
  },
  {
    "ID Number": "12429180"
  },
  {
    "ID Number": "12424676"
  },
  {
    "ID Number": "12416614"
  },
  {
    "ID Number": "12417157"
  },
  {
    "ID Number": "12407100"
  },
  {
    "ID Number": "12420433"
  },
  {
    "ID Number": "12406511"
  },
  {
    "ID Number": "12409944"
  },
  {
    "ID Number": "12418005"
  },
  {
    "ID Number": "12400840"
  },
  {
    "ID Number": "12429198"
  },
  {
    "ID Number": "12431940"
  },
  {
    "ID Number": "12427640"
  },
  {
    "ID Number": "12443433"
  },
  {
    "ID Number": "12442194"
  },
  {
    "ID Number": "12450642"
  },
  {
    "ID Number": "12430668"
  },
  {
    "ID Number": "12446246"
  },
  {
    "ID Number": "12456934"
  },
  {
    "ID Number": "12435716"
  },
  {
    "ID Number": "12406236"
  },
  {
    "ID Number": "12411841"
  },
  {
    "ID Number": "12427853"
  },
  {
    "ID Number": "12421111"
  },
  {
    "ID Number": "12428582"
  },
  {
    "ID Number": "12428590"
  },
  {
    "ID Number": "12433918"
  },
  {
    "ID Number": "12433080"
  },
  {
    "ID Number": "12444596"
  },
  {
    "ID Number": "12470007"
  },
  {
    "ID Number": "12436283"
  },
  {
    "ID Number": "12414255"
  },
  {
    "ID Number": "12424633"
  },
  {
    "ID Number": "7005768"
  },
  {
    "ID Number": "12412120"
  },
  {
    "ID Number": "12450103"
  },
  {
    "ID Number": "12482374"
  },
  {
    "ID Number": "12426733"
  },
  {
    "ID Number": "12411868"
  },
  {
    "ID Number": "12432300"
  },
  {
    "ID Number": "12416215"
  },
  {
    "ID Number": "12421766"
  },
  {
    "ID Number": "12425230"
  },
  {
    "ID Number": "12420808"
  },
  {
    "ID Number": "12437123"
  },
  {
    "ID Number": "12457450"
  },
  {
    "ID Number": "12438138"
  },
  {
    "ID Number": "12430692"
  },
  {
    "ID Number": "12425400"
  },
  {
    "ID Number": "12418560"
  },
  {
    "ID Number": "12411876"
  },
  {
    "ID Number": "12450197"
  },
  {
    "ID Number": "12424242"
  },
  {
    "ID Number": "12490113"
  },
  {
    "ID Number": "12439681"
  },
  {
    "ID Number": "12458813"
  },
  {
    "ID Number": "12401803"
  },
  {
    "ID Number": "12401439"
  },
  {
    "ID Number": "12415847"
  },
  {
    "ID Number": "12412805"
  },
  {
    "ID Number": "12476285"
  },
  {
    "ID Number": "12426253"
  },
  {
    "ID Number": "12419230"
  },
  {
    "ID Number": "12403555"
  },
  {
    "ID Number": "12415855"
  },
  {
    "ID Number": "12465640"
  },
  {
    "ID Number": "12484407"
  },
  {
    "ID Number": "12444189"
  },
  {
    "ID Number": "12472310"
  },
  {
    "ID Number": "12462322"
  },
  {
    "ID Number": "12430706"
  },
  {
    "ID Number": "12453862"
  },
  {
    "ID Number": "12469947"
  },
  {
    "ID Number": "12452947"
  },
  {
    "ID Number": "12491543"
  },
  {
    "ID Number": "12455164"
  },
  {
    "ID Number": "12441970"
  },
  {
    "ID Number": "12415693"
  },
  {
    "ID Number": "12481360"
  },
  {
    "ID Number": "12457680"
  },
  {
    "ID Number": "12441406"
  },
  {
    "ID Number": "12405957"
  },
  {
    "ID Number": "12492221"
  },
  {
    "ID Number": "12468355"
  },
  {
    "ID Number": "12422380"
  },
  {
    "ID Number": "12441163"
  },
  {
    "ID Number": "12450782"
  },
  {
    "ID Number": "12459828"
  },
  {
    "ID Number": "12464406"
  },
  {
    "ID Number": "12483311"
  },
  {
    "ID Number": "12431249"
  },
  {
    "ID Number": "12484466"
  },
  {
    "ID Number": "12433500"
  },
  {
    "ID Number": "12433357"
  },
  {
    "ID Number": "12432342"
  },
  {
    "ID Number": "12454680"
  },
  {
    "ID Number": "12453455"
  },
  {
    "ID Number": "12452602"
  },
  {
    "ID Number": "12468843"
  },
  {
    "ID Number": "12472484"
  },
  {
    "ID Number": "12444090"
  },
  {
    "ID Number": "12433829"
  },
  {
    "ID Number": "12439720"
  },
  {
    "ID Number": "12486469"
  },
  {
    "ID Number": "12456047"
  },
  {
    "ID Number": "12461423"
  },
  {
    "ID Number": "12432172"
  },
  {
    "ID Number": "12454842"
  },
  {
    "ID Number": "12469629"
  },
  {
    "ID Number": "12423599"
  },
  {
    "ID Number": "12440019"
  },
  {
    "ID Number": "12424471"
  },
  {
    "ID Number": "12401897"
  },
  {
    "ID Number": "12466360"
  },
  {
    "ID Number": "12458970"
  },
  {
    "ID Number": "12480258"
  },
  {
    "ID Number": "12433438"
  },
  {
    "ID Number": "12401080"
  },
  {
    "ID Number": "12497541"
  },
  {
    "ID Number": "12475114"
  },
  {
    "ID Number": "12450545"
  },
  {
    "ID Number": "12431575"
  },
  {
    "ID Number": "12416207"
  },
  {
    "ID Number": "12453692"
  },
  {
    "ID Number": "12431664"
  },
  {
    "ID Number": "12472832"
  },
  {
    "ID Number": "12430978"
  },
  {
    "ID Number": "12484350"
  },
  {
    "ID Number": "12436194"
  },
  {
    "ID Number": "12419087"
  },
  {
    "ID Number": "12466409"
  },
  {
    "ID Number": "12442933"
  },
  {
    "ID Number": "12416657"
  },
  {
    "ID Number": "12454001"
  },
  {
    "ID Number": "12446360"
  },
  {
    "ID Number": "12434990"
  },
  {
    "ID Number": "12432385"
  },
  {
    "ID Number": "12409782"
  },
  {
    "ID Number": "12487538"
  },
  {
    "ID Number": "12472107"
  },
  {
    "ID Number": "12458201"
  },
  {
    "ID Number": "12479187"
  },
  {
    "ID Number": "12433810"
  },
  {
    "ID Number": "12434540"
  },
  {
    "ID Number": "12468630"
  },
  {
    "ID Number": "12447200"
  },
  {
    "ID Number": "12479705"
  },
  {
    "ID Number": "12434850"
  },
  {
    "ID Number": "12473430"
  },
  {
    "ID Number": "12458988"
  },
  {
    "ID Number": "12454737"
  },
  {
    "ID Number": "12451665"
  },
  {
    "ID Number": "12475629"
  },
  {
    "ID Number": "12480550"
  },
  {
    "ID Number": "12431893"
  },
  {
    "ID Number": "12462934"
  },
  {
    "ID Number": "12479721"
  },
  {
    "ID Number": "12457841"
  },
  {
    "ID Number": "12432261"
  },
  {
    "ID Number": "12430722"
  },
  {
    "ID Number": "12434124"
  },
  {
    "ID Number": "12444693"
  },
  {
    "ID Number": "12406848"
  },
  {
    "ID Number": "12435198"
  },
  {
    "ID Number": "12451061"
  },
  {
    "ID Number": "12435457"
  },
  {
    "ID Number": "12400360"
  },
  {
    "ID Number": "12404144"
  },
  {
    "ID Number": "12410659"
  },
  {
    "ID Number": "12415987"
  },
  {
    "ID Number": "12433152"
  },
  {
    "ID Number": "12445444"
  },
  {
    "ID Number": "12432784"
  },
  {
    "ID Number": "12402990"
  },
  {
    "ID Number": "12437107"
  },
  {
    "ID Number": "12471720"
  },
  {
    "ID Number": "12425222"
  },
  {
    "ID Number": "12492850"
  },
  {
    "ID Number": "12492574"
  },
  {
    "ID Number": "12453617"
  },
  {
    "ID Number": "12481033"
  },
  {
    "ID Number": "12443174"
  },
  {
    "ID Number": "12452777"
  },
  {
    "ID Number": "12431672"
  },
  {
    "ID Number": "12468037"
  },
  {
    "ID Number": "12492264"
  },
  {
    "ID Number": "12480720"
  },
  {
    "ID Number": "12452742"
  },
  {
    "ID Number": "12430889"
  },
  {
    "ID Number": "12413445"
  },
  {
    "ID Number": "12425214"
  },
  {
    "ID Number": "12427861"
  },
  {
    "ID Number": "12427659"
  },
  {
    "ID Number": "12407925"
  },
  {
    "ID Number": "12429422"
  },
  {
    "ID Number": "12420328"
  },
  {
    "ID Number": "12421154"
  },
  {
    "ID Number": "12426997"
  },
  {
    "ID Number": "12424200"
  },
  {
    "ID Number": "12424021"
  },
  {
    "ID Number": "12427233"
  },
  {
    "ID Number": "12424099"
  },
  {
    "ID Number": "12410462"
  },
  {
    "ID Number": "12403407"
  },
  {
    "ID Number": "12417645"
  },
  {
    "ID Number": "12416118"
  },
  {
    "ID Number": "12420069"
  },
  {
    "ID Number": "12417270"
  },
  {
    "ID Number": "12429155"
  },
  {
    "ID Number": "12425079"
  },
  {
    "ID Number": "12404772"
  },
  {
    "ID Number": "12417866"
  },
  {
    "ID Number": "12406830"
  },
  {
    "ID Number": "12420077"
  },
  {
    "ID Number": "12401811"
  },
  {
    "ID Number": "12403164"
  },
  {
    "ID Number": "12424692"
  },
  {
    "ID Number": "12417076"
  },
  {
    "ID Number": "12407380"
  },
  {
    "ID Number": "12419095"
  },
  {
    "ID Number": "12404039"
  },
  {
    "ID Number": "12424390"
  },
  {
    "ID Number": "12407127"
  },
  {
    "ID Number": "12406988"
  },
  {
    "ID Number": "12424110"
  },
  {
    "ID Number": "12420824"
  },
  {
    "ID Number": "12402591"
  },
  {
    "ID Number": "12427667"
  },
  {
    "ID Number": "12400645"
  },
  {
    "ID Number": "12411353"
  },
  {
    "ID Number": "12421022"
  },
  {
    "ID Number": "12400823"
  },
  {
    "ID Number": "12418552"
  },
  {
    "ID Number": "12412147"
  },
  {
    "ID Number": "12403415"
  },
  {
    "ID Number": "12406864"
  },
  {
    "ID Number": "12420832"
  },
  {
    "ID Number": "12428922"
  },
  {
    "ID Number": "12401820"
  },
  {
    "ID Number": "12415421"
  },
  {
    "ID Number": "12429163"
  },
  {
    "ID Number": "12424684"
  },
  {
    "ID Number": "12427675"
  },
  {
    "ID Number": "12425184"
  },
  {
    "ID Number": "12404829"
  },
  {
    "ID Number": "12409294"
  },
  {
    "ID Number": "12437182"
  },
  {
    "ID Number": "12425109"
  },
  {
    "ID Number": "12496332"
  },
  {
    "ID Number": "12469637"
  },
  {
    "ID Number": "12469572"
  },
  {
    "ID Number": "12468053"
  },
  {
    "ID Number": "12438499"
  },
  {
    "ID Number": "12452866"
  },
  {
    "ID Number": "12436950"
  },
  {
    "ID Number": "12437883"
  },
  {
    "ID Number": "12443603"
  },
  {
    "ID Number": "12484164"
  },
  {
    "ID Number": "12486825"
  },
  {
    "ID Number": "12465410"
  },
  {
    "ID Number": "12427462"
  },
  {
    "ID Number": "12479845"
  },
  {
    "ID Number": "12437590"
  },
  {
    "ID Number": "12439886"
  },
  {
    "ID Number": "12477257"
  },
  {
    "ID Number": "12489409"
  },
  {
    "ID Number": "12448621"
  },
  {
    "ID Number": "12452912"
  },
  {
    "ID Number": "12449717"
  },
  {
    "ID Number": "12442402"
  },
  {
    "ID Number": "12447315"
  },
  {
    "ID Number": "12452459"
  },
  {
    "ID Number": "12420352"
  },
  {
    "ID Number": "12443069"
  },
  {
    "ID Number": "12455539"
  },
  {
    "ID Number": "12474371"
  },
  {
    "ID Number": "12451266"
  },
  {
    "ID Number": "12485977"
  },
  {
    "ID Number": "12403733"
  },
  {
    "ID Number": "12405710"
  },
  {
    "ID Number": "12460958"
  },
  {
    "ID Number": "12487198"
  },
  {
    "ID Number": "12432350"
  },
  {
    "ID Number": "12474363"
  },
  {
    "ID Number": "12450480"
  },
  {
    "ID Number": "12433543"
  },
  {
    "ID Number": "12478970"
  },
  {
    "ID Number": "12448737"
  },
  {
    "ID Number": "12445916"
  },
  {
    "ID Number": "12454648"
  },
  {
    "ID Number": "12432962"
  },
  {
    "ID Number": "12431486"
  },
  {
    "ID Number": "12441171"
  },
  {
    "ID Number": "12417181"
  },
  {
    "ID Number": "12484326"
  },
  {
    "ID Number": "12473227"
  },
  {
    "ID Number": "12438774"
  },
  {
    "ID Number": "12431478"
  },
  {
    "ID Number": "12405990"
  },
  {
    "ID Number": "12426814"
  },
  {
    "ID Number": "12420107"
  },
  {
    "ID Number": "12403008"
  },
  {
    "ID Number": "12400351"
  },
  {
    "ID Number": "12400076"
  },
  {
    "ID Number": "12431303"
  },
  {
    "ID Number": "12459771"
  },
  {
    "ID Number": "12401412"
  },
  {
    "ID Number": "12439894"
  },
  {
    "ID Number": "12469467"
  },
  {
    "ID Number": "12474932"
  },
  {
    "ID Number": "12467383"
  },
  {
    "ID Number": "12437700"
  },
  {
    "ID Number": "12430765"
  },
  {
    "ID Number": "12470716"
  },
  {
    "ID Number": "12483907"
  },
  {
    "ID Number": "12412350"
  },
  {
    "ID Number": "12453374"
  },
  {
    "ID Number": "12429201"
  },
  {
    "ID Number": "12403474"
  },
  {
    "ID Number": "12431443"
  },
  {
    "ID Number": "12443611"
  },
  {
    "ID Number": "12483230"
  },
  {
    "ID Number": "12431524"
  },
  {
    "ID Number": "12491187"
  },
  {
    "ID Number": "12436305"
  },
  {
    "ID Number": "12466573"
  },
  {
    "ID Number": "12485047"
  },
  {
    "ID Number": "12476994"
  },
  {
    "ID Number": "12431540"
  },
  {
    "ID Number": "12451690"
  },
  {
    "ID Number": "12410667"
  },
  {
    "ID Number": "12453749"
  },
  {
    "ID Number": "12493805"
  },
  {
    "ID Number": "12496820"
  },
  {
    "ID Number": "12435082"
  },
  {
    "ID Number": "12470945"
  },
  {
    "ID Number": "12417262"
  },
  {
    "ID Number": "12402605"
  },
  {
    "ID Number": "12405736"
  },
  {
    "ID Number": "12411396"
  },
  {
    "ID Number": "12402141"
  },
  {
    "ID Number": "12401838"
  },
  {
    "ID Number": "12411400"
  },
  {
    "ID Number": "12408913"
  },
  {
    "ID Number": "12458260"
  },
  {
    "ID Number": "12473502"
  },
  {
    "ID Number": "12443034"
  },
  {
    "ID Number": "12469530"
  },
  {
    "ID Number": "12452955"
  },
  {
    "ID Number": "12447420"
  },
  {
    "ID Number": "12473324"
  },
  {
    "ID Number": "12468266"
  },
  {
    "ID Number": "12496448"
  },
  {
    "ID Number": "12458279"
  },
  {
    "ID Number": "12432024"
  },
  {
    "ID Number": "12424161"
  },
  {
    "ID Number": "12436992"
  },
  {
    "ID Number": "12469033"
  },
  {
    "ID Number": "12482153"
  },
  {
    "ID Number": "12481300"
  },
  {
    "ID Number": "12468860"
  },
  {
    "ID Number": "12403172"
  },
  {
    "ID Number": "12495697"
  },
  {
    "ID Number": "12474665"
  },
  {
    "ID Number": "12432318"
  },
  {
    "ID Number": "12453960"
  },
  {
    "ID Number": "12448648"
  },
  {
    "ID Number": "12496600"
  },
  {
    "ID Number": "12459070"
  },
  {
    "ID Number": "12495875"
  },
  {
    "ID Number": "12468711"
  },
  {
    "ID Number": "12441872"
  },
  {
    "ID Number": "12402168"
  },
  {
    "ID Number": "12436836"
  },
  {
    "ID Number": "12439797"
  },
  {
    "ID Number": "12400629"
  },
  {
    "ID Number": "12417106"
  },
  {
    "ID Number": "12442305"
  },
  {
    "ID Number": "12493554"
  },
  {
    "ID Number": "12483842"
  },
  {
    "ID Number": "12492485"
  },
  {
    "ID Number": "12454192"
  },
  {
    "ID Number": "12442399"
  },
  {
    "ID Number": "12472808"
  },
  {
    "ID Number": "12417254"
  },
  {
    "ID Number": "12408921"
  },
  {
    "ID Number": "12427519"
  },
  {
    "ID Number": "12424579"
  },
  {
    "ID Number": "12407984"
  },
  {
    "ID Number": "12403296"
  },
  {
    "ID Number": "12414611"
  },
  {
    "ID Number": "12413267"
  },
  {
    "ID Number": "12427764"
  },
  {
    "ID Number": "12404527"
  },
  {
    "ID Number": "12403180"
  },
  {
    "ID Number": "12420360"
  },
  {
    "ID Number": "12416843"
  },
  {
    "ID Number": "12432989"
  },
  {
    "ID Number": "12460494"
  },
  {
    "ID Number": "12443921"
  },
  {
    "ID Number": "12453013"
  },
  {
    "ID Number": "12445312"
  },
  {
    "ID Number": "12408948"
  },
  {
    "ID Number": "12425117"
  },
  {
    "ID Number": "12403750"
  },
  {
    "ID Number": "12402613"
  }
]