[
  {
    "ID Number": "7308213"
  },
  {
    "ID Number": "7306881"
  },
  {
    "ID Number": "7300964"
  },
  {
    "ID Number": "7301340"
  },
  {
    "ID Number": "7300395"
  },
  {
    "ID Number": "7300662"
  },
  {
    "ID Number": "7308752"
  },
  {
    "ID Number": "7308744"
  },
  {
    "ID Number": "7307640"
  },
  {
    "ID Number": "7308868"
  },
  {
    "ID Number": "7301383"
  },
  {
    "ID Number": "7305621"
  },
  {
    "ID Number": "7300310"
  },
  {
    "ID Number": "7300549"
  },
  {
    "ID Number": "7305338"
  },
  {
    "ID Number": "7300697"
  },
  {
    "ID Number": "7306016"
  },
  {
    "ID Number": "7301359"
  },
  {
    "ID Number": "7302541"
  },
  {
    "ID Number": "7300735"
  },
  {
    "ID Number": "7305532"
  },
  {
    "ID Number": "7305524"
  },
  {
    "ID Number": "7304340"
  },
  {
    "ID Number": "7300018"
  },
  {
    "ID Number": "7300034"
  },
  {
    "ID Number": "7302703"
  },
  {
    "ID Number": "7304528"
  },
  {
    "ID Number": "7304307"
  },
  {
    "ID Number": "7306946"
  },
  {
    "ID Number": "7301502"
  },
  {
    "ID Number": "359105000"
  },
  {
    "ID Number": "7309082"
  },
  {
    "ID Number": "7300239"
  },
  {
    "ID Number": "7307098"
  },
  {
    "ID Number": "7305591"
  },
  {
    "ID Number": "7302533"
  },
  {
    "ID Number": "7307292"
  },
  {
    "ID Number": "7307284"
  },
  {
    "ID Number": "7308922"
  },
  {
    "ID Number": "7300352"
  },
  {
    "ID Number": "7307659"
  },
  {
    "ID Number": "7300883"
  },
  {
    "ID Number": "7301324"
  },
  {
    "ID Number": "7307012"
  },
  {
    "ID Number": "7308027"
  },
  {
    "ID Number": "7305346"
  },
  {
    "ID Number": "7307918"
  },
  {
    "ID Number": "7307616"
  },
  {
    "ID Number": "7307810"
  },
  {
    "ID Number": "7305184"
  },
  {
    "ID Number": "7306989"
  },
  {
    "ID Number": "7306970"
  },
  {
    "ID Number": "7306997"
  },
  {
    "ID Number": "7302770"
  },
  {
    "ID Number": "7304145"
  },
  {
    "ID Number": "7307900"
  },
  {
    "ID Number": "7301367"
  },
  {
    "ID Number": "7302592"
  },
  {
    "ID Number": "7305850"
  }
]