[
  {
    "ID Number": "7306687",
    "Name": "Aguilar de Leon, Dayana Jasmin",
    "Fed": "GUA",
    "Sex": "F",
    "Title": "",
    "WTit": "",
    "OTit": "",
    "Rating": "1550",
    "Gms": "7",
    "K": "40",
    "RatingMonth": "SEP25",
    "B-day": "2009",
    "Flag": "w"
  },
  {
    "ID Number": "7309180",
    "Name": "Aguilar Tubac, Adriana Valeria",
    "Fed": "GUA",
    "Sex": "F",
    "Title": "",
    "WTit": "",
    "OTit": "",
    "Rating": "1510",
    "Gms": "5",
    "K": "40",
    "RatingMonth": "SEP25",
    "B-day": "2014",
    "Flag": "w"
  },
  {
    "ID Number": "7308213",
    "Name": "Arias Salazar, Karen Alejandra",
    "Fed": "GUA",
    "Sex": "F",
    "Title": "",
    "WTit": "",
    "OTit": "",
    "Rating": "1537",
    "Gms": "1",
    "K": "40",
    "RatingMonth": "SEP25",
    "B-day": "2012",
    "Flag": "w"
  },
  {
    "ID Number": "7306881",
    "Name": "Ayerdi Hurtado, Cynthia Maria",
    "Fed": "GUA",
    "Sex": "F",
    "Title": "",
    "WTit": "",
    "OTit": "",
    "Rating": "1754",
    "Gms": "3",
    "K": "40",
    "RatingMonth": "SEP25",
    "B-day": "2008",
    "Flag": "w"
  },
  {
    "ID Number": "7300964",
    "Name": "Bol, Barbara",
    "Fed": "GUA",
    "Sex": "F",
    "Title": "",
    "WTit": "",
    "OTit": "",
    "Rating": "1671",
    "Gms": "0",
    "K": "20",
    "RatingMonth": "SEP25",
    "B-day": "0",
    "Flag": "wi"
  },
  {
    "ID Number": "7307357",
    "Name": "Cabrera Alvarado, Hugo Carlos Josue",
    "Fed": "GUA",
    "Sex": "M",
    "Title": "",
    "WTit": "",
    "OTit": "",
    "Rating": "1725",
    "Gms": "2",
    "K": "40",
    "RatingMonth": "SEP25",
    "B-day": "2013",
    "Flag": ""
  },
  {
    "ID Number": "7306270",
    "Name": "Chocojay Chacach, Armando Rodrigo",
    "Fed": "GUA",
    "Sex": "M",
    "Title": "",
    "WTit": "",
    "OTit": "",
    "Rating": "1734",
    "Gms": "5",
    "K": "40",
    "RatingMonth": "SEP25",
    "B-day": "1987",
    "Flag": ""
  },
  {
    "ID Number": "7306288",
    "Name": "Chocojay Otzoy, Baltazar Catarino",
    "Fed": "GUA",
    "Sex": "M",
    "Title": "",
    "WTit": "",
    "OTit": "",
    "Rating": "1624",
    "Gms": "6",
    "K": "40",
    "RatingMonth": "SEP25",
    "B-day": "2011",
    "Flag": ""
  },
  {
    "ID Number": "7308272",
    "Name": "Coroxon Aguilar, Andre Emanuel",
    "Fed": "GUA",
    "Sex": "M",
    "Title": "",
    "WTit": "",
    "OTit": "",
    "Rating": "1809",
    "Gms": "5",
    "K": "40",
    "RatingMonth": "SEP25",
    "B-day": "2006",
    "Flag": ""
  },
  {
    "ID Number": "7301340",
    "Name": "Cotto Mux, Hector Vinicio",
    "Fed": "GUA",
    "Sex": "M",
    "Title": "",
    "WTit": "",
    "OTit": "",
    "Rating": "AIM",
    "Gms": "1905",
    "K": "0",
    "RatingMonth": "SEP25",
    "B-day": "0",
    "Flag": "i"
  },
  {
    "ID Number": "7300395",
    "Name": "Cruz, Jacobo",
    "Fed": "GUA",
    "Sex": "M",
    "Title": "",
    "WTit": "",
    "OTit": "",
    "Rating": "2070",
    "Gms": "0",
    "K": "20",
    "RatingMonth": "SEP25",
    "B-day": "1984",
    "Flag": "i"
  },
  {
    "ID Number": "7300662",
    "Name": "Cu Hor, Winston Darwin",
    "Fed": "GUA",
    "Sex": "M",
    "Title": "FM",
    "WTit": "FT",
    "OTit": "",
    "Rating": "2316",
    "Gms": "0",
    "K": "20",
    "RatingMonth": "SEP25",
    "B-day": "1990",
    "Flag": ""
  },
  {
    "ID Number": "7308752",
    "Name": "Cuc Sapon, Brandon Geovanny",
    "Fed": "GUA",
    "Sex": "M",
    "Title": "",
    "WTit": "",
    "OTit": "",
    "Rating": "1552",
    "Gms": "1",
    "K": "40",
    "RatingMonth": "SEP25",
    "B-day": "2010",
    "Flag": ""
  },
  {
    "ID Number": "7308744",
    "Name": "Cuc Sapon, Javier Emmanuel",
    "Fed": "GUA",
    "Sex": "M",
    "Title": "",
    "WTit": "",
    "OTit": "",
    "Rating": "1595",
    "Gms": "2",
    "K": "40",
    "RatingMonth": "SEP25",
    "B-day": "2016",
    "Flag": ""
  },
  {
    "ID Number": "7307640",
    "Name": "Enriquez Obregon, Javier Antonio",
    "Fed": "GUA",
    "Sex": "M",
    "Title": "",
    "WTit": "",
    "OTit": "",
    "Rating": "1473",
    "Gms": "0",
    "K": "40",
    "RatingMonth": "SEP25",
    "B-day": "2013",
    "Flag": ""
  },
  {
    "ID Number": "7308868",
    "Name": "Esquivel Noriega, Emilio Alejandro",
    "Fed": "GUA",
    "Sex": "M",
    "Title": "",
    "WTit": "",
    "OTit": "",
    "Rating": "1604",
    "Gms": "0",
    "K": "40",
    "RatingMonth": "SEP25",
    "B-day": "2009",
    "Flag": ""
  },
  {
    "ID Number": "7301383",
    "Name": "Figueroa Gonzalez, Karen Luvia",
    "Fed": "GUA",
    "Sex": "F",
    "Title": "",
    "WTit": "",
    "OTit": "",
    "Rating": "1861",
    "Gms": "0",
    "K": "20",
    "RatingMonth": "SEP25",
    "B-day": "1998",
    "Flag": "wi"
  },
  {
    "ID Number": "7305621",
    "Name": "Gabriel Tirado, Eduardo Josue",
    "Fed": "GUA",
    "Sex": "M",
    "Title": "",
    "WTit": "",
    "OTit": "",
    "Rating": "1827",
    "Gms": "0",
    "K": "40",
    "RatingMonth": "SEP25",
    "B-day": "2008",
    "Flag": ""
  },
  {
    "ID Number": "7300310",
    "Name": "Galvez Dastin, Eduardo",
    "Fed": "GUA",
    "Sex": "M",
    "Title": "FM",
    "WTit": "",
    "OTit": "",
    "Rating": "2131",
    "Gms": "0",
    "K": "20",
    "RatingMonth": "SEP25",
    "B-day": "1978",
    "Flag": "i"
  },
  {
    "ID Number": "7300549",
    "Name": "Garcia Fuentes, Sergio Miguel",
    "Fed": "GUA",
    "Sex": "M",
    "Title": "FM",
    "WTit": "",
    "OTit": "",
    "Rating": "2141",
    "Gms": "0",
    "K": "20",
    "RatingMonth": "SEP25",
    "B-day": "1989",
    "Flag": "i"
  },
  {
    "ID Number": "7305338",
    "Name": "Garcia Medina, Fiorella Jasmine",
    "Fed": "GUA",
    "Sex": "F",
    "Title": "",
    "WTit": "",
    "OTit": "",
    "Rating": "1631",
    "Gms": "3",
    "K": "40",
    "RatingMonth": "SEP25",
    "B-day": "2008",
    "Flag": "w"
  },
  {
    "ID Number": "7303041",
    "Name": "Garcia Y., Brayan Alexis",
    "Fed": "GUA",
    "Sex": "M",
    "Title": "CM",
    "WTit": "",
    "OTit": "",
    "Rating": "2030",
    "Gms": "7",
    "K": "20",
    "RatingMonth": "SEP25",
    "B-day": "2001",
    "Flag": ""
  },
  {
    "ID Number": "7300697",
    "Name": "Giron Chavez, David Emanuel",
    "Fed": "GUA",
    "Sex": "M",
    "Title": "FM",
    "WTit": "",
    "OTit": "",
    "Rating": "2081",
    "Gms": "0",
    "K": "20",
    "RatingMonth": "SEP25",
    "B-day": "1993",
    "Flag": ""
  },
  {
    "ID Number": "7306016",
    "Name": "Gutierrez Choguaj, Josue Emanuel",
    "Fed": "GUA",
    "Sex": "M",
    "Title": "",
    "WTit": "",
    "OTit": "",
    "Rating": "1826",
    "Gms": "0",
    "K": "40",
    "RatingMonth": "SEP25",
    "B-day": "2008",
    "Flag": ""
  },
  {
    "ID Number": "7301359",
    "Name": "Gutierrez Suarez, Marcos Antonio",
    "Fed": "GUA",
    "Sex": "M",
    "Title": "",
    "WTit": "",
    "OTit": "",
    "Rating": "1842",
    "Gms": "0",
    "K": "20",
    "RatingMonth": "SEP25",
    "B-day": "1997",
    "Flag": "i"
  },
  {
    "ID Number": "7302541",
    "Name": "Guzman M., Kevin Oswaldo",
    "Fed": "GUA",
    "Sex": "M",
    "Title": "",
    "WTit": "",
    "OTit": "",
    "Rating": "1784",
    "Gms": "0",
    "K": "40",
    "RatingMonth": "SEP25",
    "B-day": "1995",
    "Flag": "i"
  },
  {
    "ID Number": "7300735",
    "Name": "Guzman, Jimmy",
    "Fed": "GUA",
    "Sex": "M",
    "Title": "",
    "WTit": "",
    "OTit": "",
    "Rating": "AIM",
    "Gms": "1804",
    "K": "0",
    "RatingMonth": "SEP25",
    "B-day": "1978",
    "Flag": ""
  },
  {
    "ID Number": "7306679",
    "Name": "Hernandez Samayoa, Dilan Alexander",
    "Fed": "GUA",
    "Sex": "M",
    "Title": "CM",
    "WTit": "",
    "OTit": "",
    "Rating": "1970",
    "Gms": "5",
    "K": "40",
    "RatingMonth": "SEP25",
    "B-day": "2007",
    "Flag": ""
  },
  {
    "ID Number": "7305532",
    "Name": "Hidalgo Avila, Yefry",
    "Fed": "GUA",
    "Sex": "M",
    "Title": "CM",
    "WTit": "",
    "OTit": "",
    "Rating": "1924",
    "Gms": "0",
    "K": "40",
    "RatingMonth": "SEP25",
    "B-day": "2007",
    "Flag": ""
  },
  {
    "ID Number": "7305524",
    "Name": "Hidalgo Avila, Yervyn",
    "Fed": "GUA",
    "Sex": "M",
    "Title": "",
    "WTit": "",
    "OTit": "",
    "Rating": "1751",
    "Gms": "0",
    "K": "40",
    "RatingMonth": "SEP25",
    "B-day": "2007",
    "Flag": ""
  },
  {
    "ID Number": "7304340",
    "Name": "Jop A., Laura Elizabeth",
    "Fed": "GUA",
    "Sex": "F",
    "Title": "",
    "WTit": "",
    "OTit": "",
    "Rating": "AFM",
    "Gms": "1706",
    "K": "0",
    "RatingMonth": "SEP25",
    "B-day": "1996",
    "Flag": "w"
  },
  {
    "ID Number": "7300018",
    "Name": "Juarez Flores, Carlos A.",
    "Fed": "GUA",
    "Sex": "M",
    "Title": "IM",
    "WTit": "",
    "OTit": "",
    "Rating": "2283",
    "Gms": "0",
    "K": "20",
    "RatingMonth": "SEP25",
    "B-day": "1963",
    "Flag": ""
  },
  {
    "ID Number": "7300034",
    "Name": "Juarez Flores, Gustavo E.",
    "Fed": "GUA",
    "Sex": "M",
    "Title": "FM",
    "WTit": "",
    "OTit": "",
    "Rating": "1976",
    "Gms": "0",
    "K": "20",
    "RatingMonth": "SEP25",
    "B-day": "1958",
    "Flag": "i"
  },
  {
    "ID Number": "7302703",
    "Name": "Juarez Garcia, Daniela",
    "Fed": "GUA",
    "Sex": "F",
    "Title": "",
    "WTit": "",
    "OTit": "",
    "Rating": "1827",
    "Gms": "0",
    "K": "40",
    "RatingMonth": "SEP25",
    "B-day": "2006",
    "Flag": "w"
  },
  {
    "ID Number": "7304528",
    "Name": "Letona V., Javier Alejandro",
    "Fed": "GUA",
    "Sex": "M",
    "Title": "",
    "WTit": "",
    "OTit": "",
    "Rating": "1940",
    "Gms": "0",
    "K": "40",
    "RatingMonth": "SEP25",
    "B-day": "2008",
    "Flag": ""
  },
  {
    "ID Number": "7304307",
    "Name": "Linares Orellana, Hector Jose",
    "Fed": "GUA",
    "Sex": "M",
    "Title": "FM",
    "WTit": "",
    "OTit": "",
    "Rating": "1927",
    "Gms": "9",
    "K": "40",
    "RatingMonth": "SEP25",
    "B-day": "2009",
    "Flag": ""
  },
  {
    "ID Number": "7306946",
    "Name": "Lopez Chamale, Mynor Augusto",
    "Fed": "GUA",
    "Sex": "M",
    "Title": "",
    "WTit": "",
    "OTit": "",
    "Rating": "AFM",
    "Gms": "1563",
    "K": "0",
    "RatingMonth": "SEP25",
    "B-day": "1977",
    "Flag": ""
  },
  {
    "ID Number": "7304862",
    "Name": "Lopez Escobar, Jose David",
    "Fed": "GUA",
    "Sex": "M",
    "Title": "",
    "WTit": "",
    "OTit": "",
    "Rating": "1867",
    "Gms": "9",
    "K": "40",
    "RatingMonth": "SEP25",
    "B-day": "2010",
    "Flag": ""
  },
  {
    "ID Number": "7301502",
    "Name": "Lopez L., Dairyn D.",
    "Fed": "GUA",
    "Sex": "F",
    "Title": "WCM",
    "WTit": "WCM",
    "OTit": "",
    "Rating": "1729",
    "Gms": "0",
    "K": "20",
    "RatingMonth": "SEP25",
    "B-day": "2000",
    "Flag": "wi"
  },
  {
    "ID Number": "359105000",
    "Name": "Lopez Montenegro, Hansel Andre",
    "Fed": "GUA",
    "Sex": "M",
    "Title": "",
    "WTit": "",
    "OTit": "",
    "Rating": "ACM",
    "Gms": "1586",
    "K": "0",
    "RatingMonth": "SEP25",
    "B-day": "1999",
    "Flag": ""
  },
  {
    "ID Number": "7309082",
    "Name": "Lopez Ventura, Alex Fernando",
    "Fed": "GUA",
    "Sex": "M",
    "Title": "",
    "WTit": "",
    "OTit": "",
    "Rating": "1682",
    "Gms": "3",
    "K": "40",
    "RatingMonth": "SEP25",
    "B-day": "2011",
    "Flag": ""
  },
  {
    "ID Number": "7300239",
    "Name": "Lorenzana, Wilson Estuardo",
    "Fed": "GUA",
    "Sex": "M",
    "Title": "IM",
    "WTit": "",
    "OTit": "",
    "Rating": "2049",
    "Gms": "0",
    "K": "20",
    "RatingMonth": "SEP25",
    "B-day": "1978",
    "Flag": "i"
  },
  {
    "ID Number": "7307098",
    "Name": "Lorenzo Mateo, Jennyfer Marisol",
    "Fed": "GUA",
    "Sex": "F",
    "Title": "",
    "WTit": "",
    "OTit": "",
    "Rating": "1583",
    "Gms": "0",
    "K": "40",
    "RatingMonth": "SEP25",
    "B-day": "2007",
    "Flag": "w"
  },
  {
    "ID Number": "7305508",
    "Name": "Martinez H., Stefany Pamela",
    "Fed": "GUA",
    "Sex": "F",
    "Title": "",
    "WTit": "",
    "OTit": "",
    "Rating": "1519",
    "Gms": "3",
    "K": "40",
    "RatingMonth": "SEP25",
    "B-day": "2009",
    "Flag": "w"
  },
  {
    "ID Number": "7305591",
    "Name": "Mendoza Cacoj, Yolanda",
    "Fed": "GUA",
    "Sex": "F",
    "Title": "",
    "WTit": "",
    "OTit": "",
    "Rating": "1674",
    "Gms": "0",
    "K": "40",
    "RatingMonth": "SEP25",
    "B-day": "2007",
    "Flag": "w"
  },
  {
    "ID Number": "7302533",
    "Name": "Mendoza, Jonathan",
    "Fed": "GUA",
    "Sex": "M",
    "Title": "",
    "WTit": "",
    "OTit": "",
    "Rating": "1717",
    "Gms": "0",
    "K": "20",
    "RatingMonth": "SEP25",
    "B-day": "1988",
    "Flag": "i"
  },
  {
    "ID Number": "7307292",
    "Name": "Merida Calderon, Juan Diego",
    "Fed": "GUA",
    "Sex": "M",
    "Title": "",
    "WTit": "",
    "OTit": "",
    "Rating": "1477",
    "Gms": "0",
    "K": "40",
    "RatingMonth": "SEP25",
    "B-day": "2015",
    "Flag": ""
  },
  {
    "ID Number": "7307284",
    "Name": "Merida Calderon, Saisha Jimena",
    "Fed": "GUA",
    "Sex": "F",
    "Title": "",
    "WTit": "",
    "OTit": "",
    "Rating": "1461",
    "Gms": "0",
    "K": "40",
    "RatingMonth": "SEP25",
    "B-day": "2015",
    "Flag": "w"
  },
  {
    "ID Number": "7308183",
    "Name": "Merida Monterroso, Oscar Daniel",
    "Fed": "GUA",
    "Sex": "M",
    "Title": "",
    "WTit": "",
    "OTit": "",
    "Rating": "1600",
    "Gms": "2",
    "K": "40",
    "RatingMonth": "SEP25",
    "B-day": "2014",
    "Flag": ""
  },
  {
    "ID Number": "7306431",
    "Name": "Monroy Lopez, Gustavo Adolfo",
    "Fed": "GUA",
    "Sex": "M",
    "Title": "",
    "WTit": "",
    "OTit": "",
    "Rating": "1913",
    "Gms": "9",
    "K": "40",
    "RatingMonth": "SEP25",
    "B-day": "2010",
    "Flag": ""
  },
  {
    "ID Number": "7308922",
    "Name": "Montenegro Godoy, Santiago",
    "Fed": "GUA",
    "Sex": "M",
    "Title": "",
    "WTit": "",
    "OTit": "",
    "Rating": "1562",
    "Gms": "0",
    "K": "40",
    "RatingMonth": "SEP25",
    "B-day": "2004",
    "Flag": ""
  },
  {
    "ID Number": "7300352",
    "Name": "Monterroso, Karla",
    "Fed": "GUA",
    "Sex": "F",
    "Title": "WFM",
    "WTit": "WFM",
    "OTit": "",
    "Rating": "1792",
    "Gms": "1",
    "K": "20",
    "RatingMonth": "SEP25",
    "B-day": "1973",
    "Flag": "w"
  },
  {
    "ID Number": "7308779",
    "Name": "Montufar Bernal, Hamilton Giancarlo",
    "Fed": "GUA",
    "Sex": "M",
    "Title": "",
    "WTit": "",
    "OTit": "",
    "Rating": "1722",
    "Gms": "4",
    "K": "40",
    "RatingMonth": "SEP25",
    "B-day": "2010",
    "Flag": ""
  },
  {
    "ID Number": "7307659",
    "Name": "Ordonez Bonilla, Ricardo Andres",
    "Fed": "GUA",
    "Sex": "M",
    "Title": "CM",
    "WTit": "",
    "OTit": "",
    "Rating": "2057",
    "Gms": "0",
    "K": "40",
    "RatingMonth": "SEP25",
    "B-day": "2014",
    "Flag": ""
  },
  {
    "ID Number": "7306083",
    "Name": "Ordonez, Jhony Anderson",
    "Fed": "GUA",
    "Sex": "M",
    "Title": "",
    "WTit": "",
    "OTit": "",
    "Rating": "ACM",
    "Gms": "1641",
    "K": "7",
    "RatingMonth": "SEP25",
    "B-day": "1992",
    "Flag": ""
  },
  {
    "ID Number": "7300883",
    "Name": "Ortiz Perez, Carlos",
    "Fed": "GUA",
    "Sex": "M",
    "Title": "",
    "WTit": "",
    "OTit": "",
    "Rating": "1965",
    "Gms": "0",
    "K": "20",
    "RatingMonth": "SEP25",
    "B-day": "0",
    "Flag": "i"
  },
  {
    "ID Number": "7301324",
    "Name": "Oxom, Jeriza Maria",
    "Fed": "GUA",
    "Sex": "M",
    "Title": "",
    "WTit": "",
    "OTit": "",
    "Rating": "1689",
    "Gms": "0",
    "K": "20",
    "RatingMonth": "SEP25",
    "B-day": "0",
    "Flag": "i"
  },
  {
    "ID Number": "7309201",
    "Name": "Pajarito Salazar, Cristian Yonatan",
    "Fed": "GUA",
    "Sex": "M",
    "Title": "",
    "WTit": "",
    "OTit": "",
    "Rating": "1776",
    "Gms": "5",
    "K": "40",
    "RatingMonth": "SEP25",
    "B-day": "1996",
    "Flag": ""
  },
  {
    "ID Number": "7307012",
    "Name": "Paxtor Chiguichon, Rodolfo Enrique",
    "Fed": "GUA",
    "Sex": "M",
    "Title": "CM",
    "WTit": "",
    "OTit": "",
    "Rating": "2035",
    "Gms": "0",
    "K": "40",
    "RatingMonth": "SEP25",
    "B-day": "2010",
    "Flag": ""
  },
  {
    "ID Number": "7308027",
    "Name": "Perez Lopez, Esdras Aaron",
    "Fed": "GUA",
    "Sex": "M",
    "Title": "",
    "WTit": "",
    "OTit": "",
    "Rating": "1438",
    "Gms": "0",
    "K": "40",
    "RatingMonth": "SEP25",
    "B-day": "2015",
    "Flag": ""
  },
  {
    "ID Number": "7305346",
    "Name": "Pineda D., Raul Anibal",
    "Fed": "GUA",
    "Sex": "M",
    "Title": "",
    "WTit": "",
    "OTit": "",
    "Rating": "1734",
    "Gms": "0",
    "K": "20",
    "RatingMonth": "SEP25",
    "B-day": "2003",
    "Flag": ""
  },
  {
    "ID Number": "7307918",
    "Name": "Pinzon Balan, Jose Gael",
    "Fed": "GUA",
    "Sex": "M",
    "Title": "",
    "WTit": "",
    "OTit": "",
    "Rating": "1494",
    "Gms": "4",
    "K": "40",
    "RatingMonth": "SEP25",
    "B-day": "2013",
    "Flag": ""
  },
  {
    "ID Number": "7307616",
    "Name": "Pinzon Balan, Jose Jeyk",
    "Fed": "GUA",
    "Sex": "M",
    "Title": "",
    "WTit": "",
    "OTit": "",
    "Rating": "1898",
    "Gms": "5",
    "K": "40",
    "RatingMonth": "SEP25",
    "B-day": "2007",
    "Flag": ""
  },
  {
    "ID Number": "7307810",
    "Name": "Quijivix Sanchez, Jose Antonio",
    "Fed": "GUA",
    "Sex": "M",
    "Title": "",
    "WTit": "",
    "OTit": "",
    "Rating": "1640",
    "Gms": "0",
    "K": "40",
    "RatingMonth": "SEP25",
    "B-day": "2008",
    "Flag": ""
  },
  {
    "ID Number": "7305184",
    "Name": "Raymundo, Deycy Daniela",
    "Fed": "GUA",
    "Sex": "F",
    "Title": "WFM",
    "WTit": "WFM",
    "OTit": "",
    "Rating": "1766",
    "Gms": "0",
    "K": "40",
    "RatingMonth": "SEP25",
    "B-day": "2008",
    "Flag": "w"
  },
  {
    "ID Number": "7306989",
    "Name": "Reinhard Moller, Friedrich Stefan",
    "Fed": "GUA",
    "Sex": "M",
    "Title": "",
    "WTit": "",
    "OTit": "",
    "Rating": "1531",
    "Gms": "0",
    "K": "40",
    "RatingMonth": "SEP25",
    "B-day": "2014",
    "Flag": "i"
  },
  {
    "ID Number": "7306970",
    "Name": "Reinhard Moller, Gustavo",
    "Fed": "GUA",
    "Sex": "M",
    "Title": "",
    "WTit": "",
    "OTit": "",
    "Rating": "1669",
    "Gms": "0",
    "K": "40",
    "RatingMonth": "SEP25",
    "B-day": "2008",
    "Flag": "i"
  },
  {
    "ID Number": "7306997",
    "Name": "Reinhard Moller, Kerstin Danielle",
    "Fed": "GUA",
    "Sex": "F",
    "Title": "WCM",
    "WTit": "WCM",
    "OTit": "",
    "Rating": "1613",
    "Gms": "0",
    "K": "40",
    "RatingMonth": "SEP25",
    "B-day": "2013",
    "Flag": "w"
  },
  {
    "ID Number": "7302770",
    "Name": "Reinhard Pinto, Dietmar",
    "Fed": "GUA",
    "Sex": "M",
    "Title": "",
    "WTit": "SI,FI",
    "OTit": "",
    "Rating": "1755",
    "Gms": "0",
    "K": "20",
    "RatingMonth": "SEP25",
    "B-day": "1986",
    "Flag": "i"
  },
  {
    "ID Number": "7304145",
    "Name": "Revolorio, Joselyn",
    "Fed": "GUA",
    "Sex": "F",
    "Title": "",
    "WTit": "",
    "OTit": "",
    "Rating": "1483",
    "Gms": "2",
    "K": "40",
    "RatingMonth": "SEP25",
    "B-day": "2010",
    "Flag": "w"
  },
  {
    "ID Number": "7307900",
    "Name": "Rivera Medina, Abraham",
    "Fed": "GUA",
    "Sex": "M",
    "Title": "",
    "WTit": "",
    "OTit": "",
    "Rating": "1634",
    "Gms": "2",
    "K": "40",
    "RatingMonth": "SEP25",
    "B-day": "1990",
    "Flag": ""
  },
  {
    "ID Number": "7301367",
    "Name": "Robles, Bryan",
    "Fed": "GUA",
    "Sex": "M",
    "Title": "",
    "WTit": "",
    "OTit": "",
    "Rating": "1770",
    "Gms": "0",
    "K": "20",
    "RatingMonth": "SEP25",
    "B-day": "1985",
    "Flag": ""
  },
  {
    "ID Number": "7308264",
    "Name": "Sagastume Estrada, Carlos Raul",
    "Fed": "GUA",
    "Sex": "M",
    "Title": "",
    "WTit": "",
    "OTit": "",
    "Rating": "AFM",
    "Gms": "1542",
    "K": "4",
    "RatingMonth": "SEP25",
    "B-day": "1986",
    "Flag": ""
  },
  {
    "ID Number": "7302592",
    "Name": "Sagastume S., Mariam Jose",
    "Fed": "GUA",
    "Sex": "F",
    "Title": "",
    "WTit": "",
    "OTit": "",
    "Rating": "1709",
    "Gms": "0",
    "K": "20",
    "RatingMonth": "SEP25",
    "B-day": "2001",
    "Flag": "wi"
  },
  {
    "ID Number": "7305850",
    "Name": "Solares Godoy, Pablo Andres",
    "Fed": "GUA",
    "Sex": "M",
    "Title": "",
    "WTit": "",
    "OTit": "",
    "Rating": "1688",
    "Gms": "2",
    "K": "20",
    "RatingMonth": "SEP25",
    "B-day": "1998",
    "Flag": ""
  },
  {
    "ID Number": "7309040",
    "Name": "Tepaz Tian, Marvin Alejandro",
    "Fed": "GUA",
    "Sex": "M",
    "Title": "",
    "WTit": "",
    "OTit": "",
    "Rating": "1746",
    "Gms": "5",
    "K": "40",
    "RatingMonth": "SEP25",
    "B-day": "2011",
    "Flag": ""
  },
  {
    "ID Number": "7306784",
    "Name": "Tiguila Sutuc, Moller Jonas",
    "Fed": "GUA",
    "Sex": "M",
    "Title": "",
    "WTit": "",
    "OTit": "",
    "Rating": "AFM",
    "Gms": "1940",
    "K": "6",
    "RatingMonth": "SEP25",
    "B-day": "2003",
    "Flag": ""
  },
  {
    "ID Number": "7306563",
    "Name": "Voisard, Dominic",
    "Fed": "GUA",
    "Sex": "M",
    "Title": "",
    "WTit": "",
    "OTit": "",
    "Rating": "1837",
    "Gms": "4",
    "K": "20",
    "RatingMonth": "SEP25",
    "B-day": "1986",
    "Flag": ""
  }
]