[
  {
    "ID Number": "16400240",
    "Name": "Amba Oyon Marius Claude",
    "Fed": "CMR",
    "Sex": "M",
    "Title": "IM",
    "WTit": "",
    "OTit": "",
    "FOA": "1980",
    "Rating": "AUG25",
    "Gms": "0",
    "K": "20",
    "B-day": "1987",
    "Flag": "i"
  },
  {
    "ID Number": "15800059",
    "Name": "Banlock Benjamin Didier",
    "Fed": "CMR",
    "Sex": "M",
    "Title": "",
    "WTit": "",
    "OTit": "",
    "FOA": "2058",
    "Rating": "AUG25",
    "Gms": "0",
    "K": "20",
    "B-day": "1979",
    "Flag": "i"
  },
  {
    "ID Number": "16400291",
    "Name": "Ebosse Kingue Victor Patrick",
    "Fed": "CMR",
    "Sex": "M",
    "Title": "FM",
    "WTit": "",
    "OTit": "",
    "FOA": "2003",
    "Rating": "AUG25",
    "Gms": "0",
    "K": "20",
    "B-day": "1982",
    "Flag": "i"
  },
  {
    "ID Number": "16401620",
    "Name": "Fouda Nathanael",
    "Fed": "CMR",
    "Sex": "M",
    "Title": "",
    "WTit": "",
    "OTit": "",
    "FOA": "1524",
    "Rating": "AUG25",
    "Gms": "0",
    "K": "40",
    "B-day": "2012",
    "Flag": "i"
  },
  {
    "ID Number": "16400801",
    "Name": "Fouda Tocko Paul Aristide",
    "Fed": "CMR",
    "Sex": "M",
    "Title": "",
    "WTit": "NI",
    "OTit": "",
    "FOA": "1791",
    "Rating": "AUG25",
    "Gms": "0",
    "K": "40",
    "B-day": "1976",
    "Flag": "i"
  },
  {
    "ID Number": "16400356",
    "Name": "Gnounewou Fopa Seraphin",
    "Fed": "CMR",
    "Sex": "M",
    "Title": "",
    "WTit": "",
    "OTit": "",
    "FOA": "1764",
    "Rating": "AUG25",
    "Gms": "0",
    "K": "40",
    "B-day": "1985",
    "Flag": ""
  },
  {
    "ID Number": "16400364",
    "Name": "Ikouti Elie",
    "Fed": "CMR",
    "Sex": "M",
    "Title": "",
    "WTit": "",
    "OTit": "",
    "FOA": "1819",
    "Rating": "AUG25",
    "Gms": "0",
    "K": "20",
    "B-day": "1976",
    "Flag": "i"
  },
  {
    "ID Number": "16400402",
    "Name": "Magne Kouokam Sylviane",
    "Fed": "CMR",
    "Sex": "F",
    "Title": "WCM",
    "WTit": "WCM",
    "OTit": "",
    "FOA": "1609",
    "Rating": "AUG25",
    "Gms": "0",
    "K": "20",
    "B-day": "1986",
    "Flag": "wi"
  },
  {
    "ID Number": "11000805",
    "Name": "Makem Pierre",
    "Fed": "CMR",
    "Sex": "M",
    "Title": "CM",
    "WTit": "IA",
    "OTit": "",
    "FOA": "1904",
    "Rating": "AUG25",
    "Gms": "0",
    "K": "20",
    "B-day": "1975",
    "Flag": "i"
  },
  {
    "ID Number": "15800067",
    "Name": "Mbusnoum Henri Celestin",
    "Fed": "CMR",
    "Sex": "M",
    "Title": "",
    "WTit": "",
    "OTit": "",
    "FOA": "1834",
    "Rating": "AUG25",
    "Gms": "0",
    "K": "20",
    "B-day": "1963",
    "Flag": "i"
  },
  {
    "ID Number": "16401565",
    "Name": "Noumbissie Leungoue, Kevin Costner",
    "Fed": "CMR",
    "Sex": "M",
    "Title": "",
    "WTit": "",
    "OTit": "",
    "FOA": "1547",
    "Rating": "AUG25",
    "Gms": "0",
    "K": "20",
    "B-day": "1995",
    "Flag": ""
  },
  {
    "ID Number": "16401174",
    "Name": "Tchouli, Djouanang Frederic Marcel",
    "Fed": "CMR",
    "Sex": "M",
    "Title": "",
    "WTit": "",
    "OTit": "",
    "FOA": "1858",
    "Rating": "AUG25",
    "Gms": "2",
    "K": "20",
    "B-day": "2000",
    "Flag": ""
  },
  {
    "ID Number": "16400704",
    "Name": "Tchuenbou Michael",
    "Fed": "CMR",
    "Sex": "M",
    "Title": "",
    "WTit": "",
    "OTit": "",
    "FOA": "1890",
    "Rating": "AUG25",
    "Gms": "0",
    "K": "40",
    "B-day": "1973",
    "Flag": "i"
  },
  {
    "ID Number": "16401247",
    "Name": "Youwou Pedhom, Grace Christie",
    "Fed": "CMR",
    "Sex": "F",
    "Title": "",
    "WTit": "",
    "OTit": "",
    "FOA": "1616",
    "Rating": "AUG25",
    "Gms": "0",
    "K": "20",
    "B-day": "2002",
    "Flag": "wi"
  }
]