[
  {
    "ID Number": "16400240"
  },
  {
    "ID Number": "15800059"
  },
  {
    "ID Number": "16400291"
  },
  {
    "ID Number": "16401620"
  },
  {
    "ID Number": "16400801"
  },
  {
    "ID Number": "16400356"
  },
  {
    "ID Number": "16400364"
  },
  {
    "ID Number": "16400402"
  },
  {
    "ID Number": "11000805"
  },
  {
    "ID Number": "15800067"
  },
  {
    "ID Number": "16401565"
  },
  {
    "ID Number": "16401174"
  },
  {
    "ID Number": "16400704"
  },
  {
    "ID Number": "16401247"
  }
]