[
  {
    "ID Number": "329112433"
  },
  {
    "ID Number": "21512957"
  },
  {
    "ID Number": "21512671"
  },
  {
    "ID Number": "55658539"
  },
  {
    "ID Number": "55697887"
  },
  {
    "ID Number": "124108011"
  },
  {
    "ID Number": "124136491"
  },
  {
    "ID Number": "379112469"
  },
  {
    "ID Number": "351104472"
  },
  {
    "ID Number": "342093772"
  },
  {
    "ID Number": "13526669"
  },
  {
    "ID Number": "24104655"
  },
  {
    "ID Number": "385105002"
  },
  {
    "ID Number": "115112472"
  },
  {
    "ID Number": "13511122"
  },
  {
    "ID Number": "34371885"
  },
  {
    "ID Number": "24266337"
  },
  {
    "ID Number": "54120110"
  },
  {
    "ID Number": "371093779"
  },
  {
    "ID Number": "34104426"
  },
  {
    "ID Number": "124280468"
  },
  {
    "ID Number": "11203692"
  },
  {
    "ID Number": "301105014"
  },
  {
    "ID Number": "55897819"
  },
  {
    "ID Number": "540025624"
  },
  {
    "ID Number": "34368973"
  },
  {
    "ID Number": "34400508"
  },
  {
    "ID Number": "21512698"
  },
  {
    "ID Number": "146105277"
  },
  {
    "ID Number": "21512965"
  },
  {
    "ID Number": "215105381"
  },
  {
    "ID Number": "138188892"
  },
  {
    "ID Number": "21527415"
  },
  {
    "ID Number": "4133650"
  },
  {
    "ID Number": "44172729"
  },
  {
    "ID Number": "34171069"
  },
  {
    "ID Number": "44179910"
  },
  {
    "ID Number": "324227161"
  },
  {
    "ID Number": "138096576"
  },
  {
    "ID Number": "373107962"
  },
  {
    "ID Number": "22099883"
  },
  {
    "ID Number": "146243710"
  },
  {
    "ID Number": "138105020"
  },
  {
    "ID Number": "209110279"
  },
  {
    "ID Number": "6373810"
  },
  {
    "ID Number": "6337082"
  },
  {
    "ID Number": "146111612"
  },
  {
    "ID Number": "345104646"
  },
  {
    "ID Number": "396215951"
  },
  {
    "ID Number": "10302735"
  },
  {
    "ID Number": "21512213"
  },
  {
    "ID Number": "55723977"
  },
  {
    "ID Number": "55784895"
  },
  {
    "ID Number": "34462929"
  },
  {
    "ID Number": "21511500"
  },
  {
    "ID Number": "34304096"
  },
  {
    "ID Number": "4158814"
  },
  {
    "ID Number": "148105427"
  },
  {
    "ID Number": "1248987"
  },
  {
    "ID Number": "4197461"
  },
  {
    "ID Number": "368105475"
  },
  {
    "ID Number": "357093760"
  },
  {
    "ID Number": "34339876"
  },
  {
    "ID Number": "55610439"
  },
  {
    "ID Number": "124111231"
  },
  {
    "ID Number": "11202033"
  },
  {
    "ID Number": "366095772"
  },
  {
    "ID Number": "62400703"
  },
  {
    "ID Number": "21510490"
  },
  {
    "ID Number": "396104602"
  },
  {
    "ID Number": "34345752"
  },
  {
    "ID Number": "10302670"
  },
  {
    "ID Number": "108105333"
  },
  {
    "ID Number": "115203370"
  },
  {
    "ID Number": "342110523"
  },
  {
    "ID Number": "115108228"
  },
  {
    "ID Number": "4174534"
  },
  {
    "ID Number": "522065350"
  },
  {
    "ID Number": "115097311"
  },
  {
    "ID Number": "379105301"
  },
  {
    "ID Number": "153105419"
  },
  {
    "ID Number": "320105429"
  },
  {
    "ID Number": "24250473"
  },
  {
    "ID Number": "522075100"
  },
  {
    "ID Number": "13501470"
  },
  {
    "ID Number": "34164569"
  },
  {
    "ID Number": "24117412"
  },
  {
    "ID Number": "13527428"
  },
  {
    "ID Number": "55700055"
  },
  {
    "ID Number": "34214054"
  },
  {
    "ID Number": "55861911"
  },
  {
    "ID Number": "24115762"
  },
  {
    "ID Number": "34232443"
  },
  {
    "ID Number": "342107850"
  },
  {
    "ID Number": "366128345"
  },
  {
    "ID Number": "13530275"
  },
  {
    "ID Number": "540038939"
  },
  {
    "ID Number": "374101382"
  },
  {
    "ID Number": "4192060"
  },
  {
    "ID Number": "4163117"
  },
  {
    "ID Number": "11203765"
  },
  {
    "ID Number": "364110388"
  },
  {
    "ID Number": "55669794"
  },
  {
    "ID Number": "55760236"
  },
  {
    "ID Number": "24144924"
  },
  {
    "ID Number": "324226880"
  },
  {
    "ID Number": "115111368"
  },
  {
    "ID Number": "124111545"
  },
  {
    "ID Number": "34334491"
  },
  {
    "ID Number": "215105390"
  },
  {
    "ID Number": "115108012"
  },
  {
    "ID Number": "21512949"
  },
  {
    "ID Number": "55745741"
  },
  {
    "ID Number": "356097343"
  },
  {
    "ID Number": "115110431"
  },
  {
    "ID Number": "115203755"
  },
  {
    "ID Number": "522052569"
  },
  {
    "ID Number": "24130990"
  },
  {
    "ID Number": "4132394"
  },
  {
    "ID Number": "24112623"
  },
  {
    "ID Number": "351105344"
  },
  {
    "ID Number": "392104328"
  },
  {
    "ID Number": "13518534"
  },
  {
    "ID Number": "21511586"
  },
  {
    "ID Number": "316104990"
  },
  {
    "ID Number": "55679030"
  },
  {
    "ID Number": "148105374"
  },
  {
    "ID Number": "73013595"
  },
  {
    "ID Number": "24137669"
  },
  {
    "ID Number": "124107927"
  },
  {
    "ID Number": "374095632"
  },
  {
    "ID Number": "10303065"
  },
  {
    "ID Number": "366108020"
  },
  {
    "ID Number": "146242445"
  },
  {
    "ID Number": "34401610"
  },
  {
    "ID Number": "327105369"
  },
  {
    "ID Number": "4100123"
  },
  {
    "ID Number": "34275541"
  },
  {
    "ID Number": "13532820"
  },
  {
    "ID Number": "13532839"
  },
  {
    "ID Number": "115112294"
  },
  {
    "ID Number": "150100651"
  },
  {
    "ID Number": "34177865"
  },
  {
    "ID Number": "34171212"
  },
  {
    "ID Number": "4102576"
  },
  {
    "ID Number": "351105353"
  },
  {
    "ID Number": "115105389"
  },
  {
    "ID Number": "13517473"
  },
  {
    "ID Number": "13500830"
  },
  {
    "ID Number": "55784666"
  },
  {
    "ID Number": "3510557"
  },
  {
    "ID Number": "24155624"
  },
  {
    "ID Number": "13539175"
  },
  {
    "ID Number": "34384600"
  },
  {
    "ID Number": "149105379"
  },
  {
    "ID Number": "4178033"
  },
  {
    "ID Number": "13528882"
  },
  {
    "ID Number": "13532812"
  },
  {
    "ID Number": "55687261"
  },
  {
    "ID Number": "55711081"
  },
  {
    "ID Number": "54600642"
  },
  {
    "ID Number": "34115290"
  },
  {
    "ID Number": "11203218"
  },
  {
    "ID Number": "356102130"
  },
  {
    "ID Number": "90101928"
  },
  {
    "ID Number": "337105380"
  },
  {
    "ID Number": "351104525"
  },
  {
    "ID Number": "115110861"
  },
  {
    "ID Number": "11203226"
  },
  {
    "ID Number": "115108291"
  },
  {
    "ID Number": "21511942"
  },
  {
    "ID Number": "167105009"
  },
  {
    "ID Number": "3504964"
  },
  {
    "ID Number": "396105332"
  },
  {
    "ID Number": "24292176"
  },
  {
    "ID Number": "362104434"
  },
  {
    "ID Number": "4118901"
  },
  {
    "ID Number": "4106784"
  },
  {
    "ID Number": "11202068"
  },
  {
    "ID Number": "54176140"
  },
  {
    "ID Number": "118110239"
  },
  {
    "ID Number": "395105006"
  },
  {
    "ID Number": "115109744"
  },
  {
    "ID Number": "115110763"
  },
  {
    "ID Number": "115110164"
  },
  {
    "ID Number": "341200081"
  },
  {
    "ID Number": "396216153"
  },
  {
    "ID Number": "330111920"
  },
  {
    "ID Number": "13512528"
  },
  {
    "ID Number": "55770720"
  },
  {
    "ID Number": "351105470"
  },
  {
    "ID Number": "34209816"
  },
  {
    "ID Number": "55813569"
  },
  {
    "ID Number": "68600046"
  },
  {
    "ID Number": "24257656"
  },
  {
    "ID Number": "13526600"
  },
  {
    "ID Number": "379105016"
  },
  {
    "ID Number": "341105028"
  },
  {
    "ID Number": "12101508"
  },
  {
    "ID Number": "21512744"
  },
  {
    "ID Number": "21512752"
  },
  {
    "ID Number": "324225390"
  },
  {
    "ID Number": "119297849"
  },
  {
    "ID Number": "107210890"
  },
  {
    "ID Number": "146104995"
  },
  {
    "ID Number": "55601286"
  },
  {
    "ID Number": "115112051"
  },
  {
    "ID Number": "21510792"
  },
  {
    "ID Number": "388166754"
  },
  {
    "ID Number": "4197143"
  },
  {
    "ID Number": "146105188"
  },
  {
    "ID Number": "24131563"
  },
  {
    "ID Number": "13511297"
  },
  {
    "ID Number": "4151836"
  },
  {
    "ID Number": "4154169"
  },
  {
    "ID Number": "373198081"
  },
  {
    "ID Number": "342104508"
  },
  {
    "ID Number": "24173371"
  },
  {
    "ID Number": "24110949"
  },
  {
    "ID Number": "34290915"
  },
  {
    "ID Number": "55711413"
  },
  {
    "ID Number": "13526162"
  },
  {
    "ID Number": "34429883"
  },
  {
    "ID Number": "55867090"
  },
  {
    "ID Number": "13526359"
  },
  {
    "ID Number": "44172966"
  },
  {
    "ID Number": "148061921"
  },
  {
    "ID Number": "327105206"
  },
  {
    "ID Number": "129112358"
  },
  {
    "ID Number": "4124413"
  },
  {
    "ID Number": "55656200"
  },
  {
    "ID Number": "115111831"
  },
  {
    "ID Number": "351112492"
  },
  {
    "ID Number": "55694373"
  },
  {
    "ID Number": "4192516"
  },
  {
    "ID Number": "55776965"
  },
  {
    "ID Number": "55793924"
  },
  {
    "ID Number": "55759076"
  },
  {
    "ID Number": "379105197"
  },
  {
    "ID Number": "13533215"
  },
  {
    "ID Number": "13524836"
  },
  {
    "ID Number": "34337547"
  },
  {
    "ID Number": "522067248"
  },
  {
    "ID Number": "55711871"
  },
  {
    "ID Number": "10302140"
  },
  {
    "ID Number": "11202378"
  },
  {
    "ID Number": "21511578"
  },
  {
    "ID Number": "55734120"
  },
  {
    "ID Number": "54165725"
  },
  {
    "ID Number": "24278351"
  },
  {
    "ID Number": "44159935"
  },
  {
    "ID Number": "146242570"
  },
  {
    "ID Number": "7929692"
  },
  {
    "ID Number": "11203714"
  },
  {
    "ID Number": "342104562"
  },
  {
    "ID Number": "4186826"
  },
  {
    "ID Number": "342107911"
  },
  {
    "ID Number": "55696724"
  },
  {
    "ID Number": "35006290"
  },
  {
    "ID Number": "388110276"
  },
  {
    "ID Number": "115096600"
  },
  {
    "ID Number": "115203684"
  },
  {
    "ID Number": "130110632"
  },
  {
    "ID Number": "34310541"
  },
  {
    "ID Number": "115094525"
  },
  {
    "ID Number": "324227090"
  },
  {
    "ID Number": "115097385"
  },
  {
    "ID Number": "3500349"
  },
  {
    "ID Number": "115203728"
  },
  {
    "ID Number": "115111045"
  },
  {
    "ID Number": "374094653"
  },
  {
    "ID Number": "34339523"
  },
  {
    "ID Number": "115108630"
  },
  {
    "ID Number": "24103209"
  },
  {
    "ID Number": "13515756"
  },
  {
    "ID Number": "373196917"
  },
  {
    "ID Number": "21510946"
  },
  {
    "ID Number": "342110499"
  },
  {
    "ID Number": "34223568"
  },
  {
    "ID Number": "342060234"
  },
  {
    "ID Number": "522022570"
  },
  {
    "ID Number": "21511888"
  },
  {
    "ID Number": "34314970"
  },
  {
    "ID Number": "34288082"
  },
  {
    "ID Number": "345279491"
  },
  {
    "ID Number": "150098642"
  },
  {
    "ID Number": "3502562"
  },
  {
    "ID Number": "13528092"
  },
  {
    "ID Number": "34371486"
  },
  {
    "ID Number": "124277337"
  },
  {
    "ID Number": "55706320"
  },
  {
    "ID Number": "342110720"
  },
  {
    "ID Number": "342059879"
  },
  {
    "ID Number": "24166952"
  },
  {
    "ID Number": "34106500"
  },
  {
    "ID Number": "4151976"
  },
  {
    "ID Number": "3521192"
  },
  {
    "ID Number": "345104673"
  },
  {
    "ID Number": "4107187"
  },
  {
    "ID Number": "342093781"
  },
  {
    "ID Number": "55790640"
  },
  {
    "ID Number": "55671926"
  },
  {
    "ID Number": "55651569"
  },
  {
    "ID Number": "55709451"
  },
  {
    "ID Number": "24175480"
  },
  {
    "ID Number": "115109913"
  },
  {
    "ID Number": "55755127"
  },
  {
    "ID Number": "13518135"
  },
  {
    "ID Number": "124277382"
  },
  {
    "ID Number": "396217615"
  },
  {
    "ID Number": "343098595"
  },
  {
    "ID Number": "34127035"
  },
  {
    "ID Number": "54125928"
  },
  {
    "ID Number": "34130621"
  },
  {
    "ID Number": "13404423"
  },
  {
    "ID Number": "115201877"
  },
  {
    "ID Number": "10303243"
  },
  {
    "ID Number": "4145968"
  },
  {
    "ID Number": "55608086"
  },
  {
    "ID Number": "134109700"
  },
  {
    "ID Number": "55769535"
  },
  {
    "ID Number": "34166146"
  },
  {
    "ID Number": "115108925"
  },
  {
    "ID Number": "146111390"
  },
  {
    "ID Number": "366194897"
  },
  {
    "ID Number": "122110370"
  },
  {
    "ID Number": "5240395"
  },
  {
    "ID Number": "11203501"
  },
  {
    "ID Number": "34372164"
  },
  {
    "ID Number": "358111746"
  },
  {
    "ID Number": "24212849"
  },
  {
    "ID Number": "24165514"
  },
  {
    "ID Number": "10303308"
  },
  {
    "ID Number": "34115428"
  },
  {
    "ID Number": "366099243"
  },
  {
    "ID Number": "34394176"
  },
  {
    "ID Number": "10301550"
  },
  {
    "ID Number": "13511858"
  },
  {
    "ID Number": "44162359"
  },
  {
    "ID Number": "331105300"
  },
  {
    "ID Number": "329105321"
  },
  {
    "ID Number": "34115070"
  },
  {
    "ID Number": "34203214"
  },
  {
    "ID Number": "54111668"
  },
  {
    "ID Number": "34400095"
  },
  {
    "ID Number": "4147103"
  },
  {
    "ID Number": "44153449"
  },
  {
    "ID Number": "55769942"
  },
  {
    "ID Number": "351104605"
  },
  {
    "ID Number": "73009849"
  },
  {
    "ID Number": "4121988"
  },
  {
    "ID Number": "34189030"
  },
  {
    "ID Number": "13516272"
  },
  {
    "ID Number": "34446133"
  },
  {
    "ID Number": "34181676"
  },
  {
    "ID Number": "55889549"
  },
  {
    "ID Number": "24240699"
  },
  {
    "ID Number": "54600090"
  },
  {
    "ID Number": "351104614"
  },
  {
    "ID Number": "373108997"
  },
  {
    "ID Number": "146105310"
  },
  {
    "ID Number": "34401687"
  },
  {
    "ID Number": "150108060"
  },
  {
    "ID Number": "4167570"
  },
  {
    "ID Number": "331059629"
  },
  {
    "ID Number": "54176336"
  },
  {
    "ID Number": "4196767"
  },
  {
    "ID Number": "54190193"
  },
  {
    "ID Number": "4195540"
  },
  {
    "ID Number": "115109010"
  },
  {
    "ID Number": "55774717"
  },
  {
    "ID Number": "343095065"
  },
  {
    "ID Number": "138105414"
  },
  {
    "ID Number": "146243424"
  },
  {
    "ID Number": "174096035"
  },
  {
    "ID Number": "356285423"
  },
  {
    "ID Number": "209104997"
  },
  {
    "ID Number": "13519590"
  },
  {
    "ID Number": "355105351"
  },
  {
    "ID Number": "13521209"
  },
  {
    "ID Number": "12101400"
  },
  {
    "ID Number": "337294789"
  },
  {
    "ID Number": "13523899"
  },
  {
    "ID Number": "44124520"
  },
  {
    "ID Number": "24107514"
  },
  {
    "ID Number": "3502937"
  },
  {
    "ID Number": "215223385"
  },
  {
    "ID Number": "342060243"
  },
  {
    "ID Number": "342105345"
  },
  {
    "ID Number": "151112450"
  },
  {
    "ID Number": "21510865"
  },
  {
    "ID Number": "24105074"
  },
  {
    "ID Number": "352111990"
  },
  {
    "ID Number": "11203404"
  },
  {
    "ID Number": "34221956"
  },
  {
    "ID Number": "55781071"
  },
  {
    "ID Number": "34275339"
  },
  {
    "ID Number": "13502751"
  },
  {
    "ID Number": "24170003"
  },
  {
    "ID Number": "44134444"
  },
  {
    "ID Number": "55675549"
  },
  {
    "ID Number": "34331050"
  },
  {
    "ID Number": "4189140"
  },
  {
    "ID Number": "10302840"
  },
  {
    "ID Number": "34565469"
  },
  {
    "ID Number": "115104837"
  },
  {
    "ID Number": "366127713"
  },
  {
    "ID Number": "396217428"
  },
  {
    "ID Number": "366127553"
  },
  {
    "ID Number": "366109813"
  },
  {
    "ID Number": "10303294"
  },
  {
    "ID Number": "115203568"
  },
  {
    "ID Number": "10303030"
  },
  {
    "ID Number": "73006785"
  },
  {
    "ID Number": "373108398"
  },
  {
    "ID Number": "366130218"
  },
  {
    "ID Number": "329193736"
  },
  {
    "ID Number": "54104416"
  },
  {
    "ID Number": "68600143"
  },
  {
    "ID Number": "55799370"
  },
  {
    "ID Number": "14101173"
  },
  {
    "ID Number": "55860320"
  },
  {
    "ID Number": "34233512"
  },
  {
    "ID Number": "366126930"
  },
  {
    "ID Number": "34229396"
  },
  {
    "ID Number": "13528041"
  },
  {
    "ID Number": "13528050"
  },
  {
    "ID Number": "55769764"
  },
  {
    "ID Number": "10302611"
  },
  {
    "ID Number": "34241426"
  },
  {
    "ID Number": "358104625"
  },
  {
    "ID Number": "34385517"
  },
  {
    "ID Number": "4135997"
  },
  {
    "ID Number": "374101542"
  },
  {
    "ID Number": "44179243"
  },
  {
    "ID Number": "24215333"
  },
  {
    "ID Number": "146104467"
  },
  {
    "ID Number": "4145402"
  },
  {
    "ID Number": "4148827"
  },
  {
    "ID Number": "13525042"
  },
  {
    "ID Number": "13522710"
  },
  {
    "ID Number": "34374353"
  },
  {
    "ID Number": "4195868"
  },
  {
    "ID Number": "13500481"
  },
  {
    "ID Number": "13501453"
  },
  {
    "ID Number": "34220194"
  },
  {
    "ID Number": "140104610"
  },
  {
    "ID Number": "4107837"
  },
  {
    "ID Number": "24299561"
  },
  {
    "ID Number": "55695060"
  },
  {
    "ID Number": "13526510"
  },
  {
    "ID Number": "366196828"
  },
  {
    "ID Number": "34281886"
  },
  {
    "ID Number": "34126861"
  },
  {
    "ID Number": "34378049"
  },
  {
    "ID Number": "377093776"
  },
  {
    "ID Number": "34372296"
  },
  {
    "ID Number": "4100115"
  },
  {
    "ID Number": "34147869"
  },
  {
    "ID Number": "34235574"
  },
  {
    "ID Number": "146105400"
  },
  {
    "ID Number": "4111990"
  },
  {
    "ID Number": "34272542"
  },
  {
    "ID Number": "34354310"
  },
  {
    "ID Number": "4144694"
  },
  {
    "ID Number": "24246131"
  },
  {
    "ID Number": "34357831"
  },
  {
    "ID Number": "55752020"
  },
  {
    "ID Number": "34316701"
  },
  {
    "ID Number": "13510614"
  },
  {
    "ID Number": "24182729"
  },
  {
    "ID Number": "4148100"
  },
  {
    "ID Number": "55654096"
  },
  {
    "ID Number": "13522060"
  },
  {
    "ID Number": "54184975"
  },
  {
    "ID Number": "54114527"
  },
  {
    "ID Number": "540001199"
  },
  {
    "ID Number": "55854559"
  },
  {
    "ID Number": "115203862"
  },
  {
    "ID Number": "54186005"
  },
  {
    "ID Number": "13531328"
  },
  {
    "ID Number": "4119231"
  },
  {
    "ID Number": "13526421"
  },
  {
    "ID Number": "4155009"
  },
  {
    "ID Number": "24248185"
  },
  {
    "ID Number": "34414223"
  },
  {
    "ID Number": "55677282"
  },
  {
    "ID Number": "34290702"
  },
  {
    "ID Number": "124112121"
  },
  {
    "ID Number": "13507362"
  },
  {
    "ID Number": "13519514"
  },
  {
    "ID Number": "55785492"
  },
  {
    "ID Number": "73000485"
  },
  {
    "ID Number": "4119150"
  },
  {
    "ID Number": "13519352"
  },
  {
    "ID Number": "55770037"
  },
  {
    "ID Number": "34147222"
  },
  {
    "ID Number": "124105010"
  },
  {
    "ID Number": "24173959"
  },
  {
    "ID Number": "34464204"
  },
  {
    "ID Number": "540021998"
  },
  {
    "ID Number": "55660207"
  },
  {
    "ID Number": "55663540"
  },
  {
    "ID Number": "4164857"
  },
  {
    "ID Number": "54164265"
  },
  {
    "ID Number": "24131750"
  },
  {
    "ID Number": "34329064"
  },
  {
    "ID Number": "343096278"
  },
  {
    "ID Number": "44181205"
  },
  {
    "ID Number": "55690130"
  },
  {
    "ID Number": "34274715"
  },
  {
    "ID Number": "54600634"
  },
  {
    "ID Number": "4120990"
  },
  {
    "ID Number": "55706550"
  },
  {
    "ID Number": "55706568"
  },
  {
    "ID Number": "55657150"
  },
  {
    "ID Number": "13504398"
  },
  {
    "ID Number": "13508598"
  },
  {
    "ID Number": "55629512"
  },
  {
    "ID Number": "13527282"
  },
  {
    "ID Number": "55652891"
  },
  {
    "ID Number": "13511815"
  },
  {
    "ID Number": "73009865"
  },
  {
    "ID Number": "73012866"
  },
  {
    "ID Number": "44126727"
  },
  {
    "ID Number": "55700624"
  },
  {
    "ID Number": "24178314"
  },
  {
    "ID Number": "55733948"
  },
  {
    "ID Number": "356096014"
  },
  {
    "ID Number": "24220728"
  },
  {
    "ID Number": "24208213"
  },
  {
    "ID Number": "24258253"
  },
  {
    "ID Number": "55677363"
  },
  {
    "ID Number": "13525018"
  },
  {
    "ID Number": "34458581"
  },
  {
    "ID Number": "34284133"
  },
  {
    "ID Number": "24108260"
  },
  {
    "ID Number": "13536648"
  },
  {
    "ID Number": "13504207"
  },
  {
    "ID Number": "13513680"
  },
  {
    "ID Number": "54157544"
  },
  {
    "ID Number": "13504100"
  },
  {
    "ID Number": "74602144"
  },
  {
    "ID Number": "146105197"
  },
  {
    "ID Number": "55722792"
  },
  {
    "ID Number": "44157819"
  },
  {
    "ID Number": "115109637"
  },
  {
    "ID Number": "55655211"
  },
  {
    "ID Number": "34403272"
  },
  {
    "ID Number": "4105168"
  },
  {
    "ID Number": "24131776"
  },
  {
    "ID Number": "24276103"
  },
  {
    "ID Number": "34127655"
  },
  {
    "ID Number": "124137354"
  },
  {
    "ID Number": "34390553"
  },
  {
    "ID Number": "55656536"
  },
  {
    "ID Number": "4141342"
  },
  {
    "ID Number": "351105406"
  },
  {
    "ID Number": "522063439"
  },
  {
    "ID Number": "44173270"
  },
  {
    "ID Number": "115111878"
  },
  {
    "ID Number": "115112249"
  },
  {
    "ID Number": "115110422"
  },
  {
    "ID Number": "24132144"
  },
  {
    "ID Number": "34160059"
  },
  {
    "ID Number": "4198166"
  },
  {
    "ID Number": "13519468"
  },
  {
    "ID Number": "13503782"
  },
  {
    "ID Number": "24113182"
  },
  {
    "ID Number": "54126274"
  },
  {
    "ID Number": "21511950"
  },
  {
    "ID Number": "55672779"
  },
  {
    "ID Number": "4143981"
  },
  {
    "ID Number": "4163966"
  },
  {
    "ID Number": "13505017"
  },
  {
    "ID Number": "13900714"
  },
  {
    "ID Number": "34487131"
  },
  {
    "ID Number": "55693490"
  },
  {
    "ID Number": "115203343"
  },
  {
    "ID Number": "389104685"
  },
  {
    "ID Number": "5800242"
  },
  {
    "ID Number": "13503316"
  },
  {
    "ID Number": "55870848"
  },
  {
    "ID Number": "13518658"
  },
  {
    "ID Number": "13524178"
  },
  {
    "ID Number": "11203420"
  },
  {
    "ID Number": "55788335"
  },
  {
    "ID Number": "55672728"
  },
  {
    "ID Number": "54113245"
  },
  {
    "ID Number": "34264183"
  },
  {
    "ID Number": "174094110"
  },
  {
    "ID Number": "115108854"
  },
  {
    "ID Number": "24183750"
  },
  {
    "ID Number": "55872085"
  },
  {
    "ID Number": "3500900"
  },
  {
    "ID Number": "13518143"
  },
  {
    "ID Number": "33200130"
  },
  {
    "ID Number": "4193750"
  },
  {
    "ID Number": "4150120"
  },
  {
    "ID Number": "55754562"
  },
  {
    "ID Number": "34425969"
  },
  {
    "ID Number": "366194592"
  },
  {
    "ID Number": "11203480"
  },
  {
    "ID Number": "311211549"
  },
  {
    "ID Number": "10302409"
  },
  {
    "ID Number": "132104330"
  },
  {
    "ID Number": "10301887"
  },
  {
    "ID Number": "34372490"
  },
  {
    "ID Number": "11203609"
  },
  {
    "ID Number": "115096978"
  },
  {
    "ID Number": "138188883"
  },
  {
    "ID Number": "13512676"
  },
  {
    "ID Number": "34254757"
  },
  {
    "ID Number": "44105681"
  },
  {
    "ID Number": "21303517"
  },
  {
    "ID Number": "55825621"
  },
  {
    "ID Number": "34155748"
  },
  {
    "ID Number": "4120787"
  },
  {
    "ID Number": "55774440"
  },
  {
    "ID Number": "13524461"
  },
  {
    "ID Number": "55613993"
  },
  {
    "ID Number": "146243380"
  },
  {
    "ID Number": "21510512"
  },
  {
    "ID Number": "74000187"
  },
  {
    "ID Number": "383266720"
  },
  {
    "ID Number": "315105203"
  },
  {
    "ID Number": "148105258"
  },
  {
    "ID Number": "115112113"
  },
  {
    "ID Number": "138105352"
  },
  {
    "ID Number": "366196514"
  },
  {
    "ID Number": "115201939"
  },
  {
    "ID Number": "34368213"
  },
  {
    "ID Number": "24121622"
  },
  {
    "ID Number": "55826962"
  },
  {
    "ID Number": "320105349"
  },
  {
    "ID Number": "150095622"
  },
  {
    "ID Number": "11203498"
  },
  {
    "ID Number": "115111869"
  },
  {
    "ID Number": "13513699"
  },
  {
    "ID Number": "13511947"
  },
  {
    "ID Number": "124098710"
  },
  {
    "ID Number": "13511661"
  },
  {
    "ID Number": "21510520"
  },
  {
    "ID Number": "13527550"
  },
  {
    "ID Number": "13521420"
  },
  {
    "ID Number": "55685587"
  },
  {
    "ID Number": "24178772"
  },
  {
    "ID Number": "24273546"
  },
  {
    "ID Number": "396104809"
  },
  {
    "ID Number": "146105428"
  },
  {
    "ID Number": "24129100"
  },
  {
    "ID Number": "4172892"
  },
  {
    "ID Number": "4170083"
  },
  {
    "ID Number": "388105187"
  },
  {
    "ID Number": "73009873"
  },
  {
    "ID Number": "13525352"
  },
  {
    "ID Number": "24110825"
  },
  {
    "ID Number": "54117089"
  },
  {
    "ID Number": "34266984"
  },
  {
    "ID Number": "3504280"
  },
  {
    "ID Number": "332243796"
  },
  {
    "ID Number": "24227757"
  },
  {
    "ID Number": "4116887"
  },
  {
    "ID Number": "342105283"
  },
  {
    "ID Number": "115096987"
  },
  {
    "ID Number": "44191995"
  },
  {
    "ID Number": "55815510"
  },
  {
    "ID Number": "44108320"
  },
  {
    "ID Number": "13506854"
  },
  {
    "ID Number": "34397833"
  },
  {
    "ID Number": "24188468"
  },
  {
    "ID Number": "44115423"
  },
  {
    "ID Number": "4188659"
  },
  {
    "ID Number": "34127698"
  },
  {
    "ID Number": "44179634"
  },
  {
    "ID Number": "146104396"
  },
  {
    "ID Number": "342110739"
  },
  {
    "ID Number": "342110550"
  },
  {
    "ID Number": "366104405"
  },
  {
    "ID Number": "10302280"
  },
  {
    "ID Number": "34435271"
  },
  {
    "ID Number": "10302794"
  },
  {
    "ID Number": "324104887"
  },
  {
    "ID Number": "115098140"
  },
  {
    "ID Number": "55657206"
  },
  {
    "ID Number": "55785654"
  },
  {
    "ID Number": "55833292"
  },
  {
    "ID Number": "24199990"
  },
  {
    "ID Number": "34271457"
  },
  {
    "ID Number": "342060299"
  },
  {
    "ID Number": "4171772"
  },
  {
    "ID Number": "55657559"
  },
  {
    "ID Number": "55682499"
  },
  {
    "ID Number": "55698344"
  },
  {
    "ID Number": "115109243"
  },
  {
    "ID Number": "150093940"
  },
  {
    "ID Number": "124111410"
  },
  {
    "ID Number": "55780075"
  },
  {
    "ID Number": "379105230"
  },
  {
    "ID Number": "44155573"
  },
  {
    "ID Number": "103111187"
  },
  {
    "ID Number": "325120393"
  },
  {
    "ID Number": "10301925"
  },
  {
    "ID Number": "366095404"
  },
  {
    "ID Number": "4118987"
  },
  {
    "ID Number": "115110253"
  },
  {
    "ID Number": "325120400"
  },
  {
    "ID Number": "10301860"
  },
  {
    "ID Number": "55870937"
  },
  {
    "ID Number": "66200083"
  },
  {
    "ID Number": "366098175"
  },
  {
    "ID Number": "3512240"
  },
  {
    "ID Number": "13514075"
  },
  {
    "ID Number": "24198455"
  },
  {
    "ID Number": "351104392"
  },
  {
    "ID Number": "34420029"
  },
  {
    "ID Number": "24102474"
  },
  {
    "ID Number": "115202954"
  },
  {
    "ID Number": "329112139"
  },
  {
    "ID Number": "55707149"
  },
  {
    "ID Number": "24107069"
  },
  {
    "ID Number": "13518780"
  },
  {
    "ID Number": "329218826"
  },
  {
    "ID Number": "55700969"
  },
  {
    "ID Number": "34477047"
  },
  {
    "ID Number": "123104724"
  },
  {
    "ID Number": "3500640"
  },
  {
    "ID Number": "4114310"
  },
  {
    "ID Number": "55770134"
  },
  {
    "ID Number": "4122488"
  },
  {
    "ID Number": "34341072"
  },
  {
    "ID Number": "148105006"
  },
  {
    "ID Number": "13507397"
  },
  {
    "ID Number": "4125282"
  },
  {
    "ID Number": "4166612"
  },
  {
    "ID Number": "34154563"
  },
  {
    "ID Number": "345104860"
  },
  {
    "ID Number": "133104998"
  },
  {
    "ID Number": "55647235"
  },
  {
    "ID Number": "34122483"
  },
  {
    "ID Number": "55824277"
  },
  {
    "ID Number": "24280216"
  },
  {
    "ID Number": "4131827"
  },
  {
    "ID Number": "115111260"
  },
  {
    "ID Number": "146241420"
  },
  {
    "ID Number": "21512728"
  },
  {
    "ID Number": "24122165"
  },
  {
    "ID Number": "115111161"
  },
  {
    "ID Number": "4172736"
  },
  {
    "ID Number": "358093817"
  },
  {
    "ID Number": "13510770"
  },
  {
    "ID Number": "4165012"
  },
  {
    "ID Number": "4194985"
  },
  {
    "ID Number": "308105320"
  },
  {
    "ID Number": "13502328"
  },
  {
    "ID Number": "34281576"
  },
  {
    "ID Number": "115203773"
  },
  {
    "ID Number": "332111250"
  },
  {
    "ID Number": "13536656"
  },
  {
    "ID Number": "24236047"
  },
  {
    "ID Number": "34126594"
  },
  {
    "ID Number": "399112493"
  },
  {
    "ID Number": "522045457"
  },
  {
    "ID Number": "54600162"
  },
  {
    "ID Number": "396104738"
  },
  {
    "ID Number": "351043920"
  },
  {
    "ID Number": "55620264"
  },
  {
    "ID Number": "329105448"
  },
  {
    "ID Number": "351105308"
  },
  {
    "ID Number": "34315497"
  },
  {
    "ID Number": "24216836"
  },
  {
    "ID Number": "13506897"
  },
  {
    "ID Number": "115111386"
  },
  {
    "ID Number": "3500497"
  },
  {
    "ID Number": "371112275"
  },
  {
    "ID Number": "55771483"
  },
  {
    "ID Number": "34169099"
  },
  {
    "ID Number": "13506927"
  },
  {
    "ID Number": "34106917"
  },
  {
    "ID Number": "34340637"
  },
  {
    "ID Number": "24151327"
  },
  {
    "ID Number": "54600480"
  },
  {
    "ID Number": "34446230"
  },
  {
    "ID Number": "13500090"
  },
  {
    "ID Number": "13518313"
  },
  {
    "ID Number": "337294840"
  },
  {
    "ID Number": "34411003"
  },
  {
    "ID Number": "55658466"
  },
  {
    "ID Number": "124280477"
  },
  {
    "ID Number": "55691110"
  },
  {
    "ID Number": "34137910"
  },
  {
    "ID Number": "55665519"
  },
  {
    "ID Number": "34450734"
  },
  {
    "ID Number": "13500295"
  },
  {
    "ID Number": "24269115"
  },
  {
    "ID Number": "55731279"
  },
  {
    "ID Number": "13532529"
  },
  {
    "ID Number": "4168968"
  },
  {
    "ID Number": "34449515"
  },
  {
    "ID Number": "132105417"
  },
  {
    "ID Number": "34270566"
  },
  {
    "ID Number": "342105229"
  },
  {
    "ID Number": "522014187"
  },
  {
    "ID Number": "55685498"
  },
  {
    "ID Number": "34394273"
  },
  {
    "ID Number": "24105589"
  },
  {
    "ID Number": "34465928"
  },
  {
    "ID Number": "24257885"
  },
  {
    "ID Number": "4125487"
  },
  {
    "ID Number": "21511829"
  },
  {
    "ID Number": "137105447"
  },
  {
    "ID Number": "24292443"
  },
  {
    "ID Number": "44148402"
  },
  {
    "ID Number": "11203684"
  },
  {
    "ID Number": "331104555"
  },
  {
    "ID Number": "115104757"
  },
  {
    "ID Number": "4192362"
  },
  {
    "ID Number": "34209026"
  },
  {
    "ID Number": "4103203"
  },
  {
    "ID Number": "10302417"
  },
  {
    "ID Number": "10302220"
  },
  {
    "ID Number": "4173708"
  },
  {
    "ID Number": "327104700"
  },
  {
    "ID Number": "146104663"
  },
  {
    "ID Number": "21512973"
  },
  {
    "ID Number": "129057855"
  },
  {
    "ID Number": "115097492"
  },
  {
    "ID Number": "44144504"
  },
  {
    "ID Number": "146105375"
  },
  {
    "ID Number": "21510873"
  },
  {
    "ID Number": "13513940"
  },
  {
    "ID Number": "13513052"
  },
  {
    "ID Number": "13530119"
  },
  {
    "ID Number": "13536567"
  },
  {
    "ID Number": "13534831"
  },
  {
    "ID Number": "55673260"
  },
  {
    "ID Number": "10303120"
  },
  {
    "ID Number": "11203277"
  },
  {
    "ID Number": "393199872"
  },
  {
    "ID Number": "55722733"
  },
  {
    "ID Number": "21512710"
  },
  {
    "ID Number": "34371710"
  },
  {
    "ID Number": "3500390"
  },
  {
    "ID Number": "341105340"
  },
  {
    "ID Number": "396215933"
  },
  {
    "ID Number": "55701124"
  },
  {
    "ID Number": "345280877"
  },
  {
    "ID Number": "115105226"
  },
  {
    "ID Number": "73001074"
  },
  {
    "ID Number": "13519778"
  },
  {
    "ID Number": "345111570"
  },
  {
    "ID Number": "34273050"
  },
  {
    "ID Number": "13536303"
  },
  {
    "ID Number": "366130568"
  },
  {
    "ID Number": "324104804"
  },
  {
    "ID Number": "215223616"
  },
  {
    "ID Number": "150098580"
  },
  {
    "ID Number": "304226720"
  },
  {
    "ID Number": "4155840"
  },
  {
    "ID Number": "24113590"
  },
  {
    "ID Number": "6364802"
  },
  {
    "ID Number": "24148253"
  },
  {
    "ID Number": "24253146"
  },
  {
    "ID Number": "13519204"
  },
  {
    "ID Number": "366108342"
  },
  {
    "ID Number": "141105013"
  },
  {
    "ID Number": "13516337"
  },
  {
    "ID Number": "34168670"
  },
  {
    "ID Number": "13527444"
  },
  {
    "ID Number": "13527827"
  },
  {
    "ID Number": "115096833"
  },
  {
    "ID Number": "115110235"
  },
  {
    "ID Number": "55621252"
  },
  {
    "ID Number": "364104531"
  },
  {
    "ID Number": "129057837"
  },
  {
    "ID Number": "373200448"
  },
  {
    "ID Number": "13523058"
  },
  {
    "ID Number": "388105202"
  },
  {
    "ID Number": "7002688"
  },
  {
    "ID Number": "138105192"
  },
  {
    "ID Number": "134179026"
  },
  {
    "ID Number": "55675077"
  },
  {
    "ID Number": "55683770"
  },
  {
    "ID Number": "343103096"
  },
  {
    "ID Number": "115109735"
  },
  {
    "ID Number": "34356266"
  },
  {
    "ID Number": "24177830"
  },
  {
    "ID Number": "34419497"
  },
  {
    "ID Number": "55718868"
  },
  {
    "ID Number": "306101573"
  },
  {
    "ID Number": "115110988"
  },
  {
    "ID Number": "55683649"
  },
  {
    "ID Number": "54126738"
  },
  {
    "ID Number": "34127388"
  },
  {
    "ID Number": "366096045"
  },
  {
    "ID Number": "55889034"
  },
  {
    "ID Number": "44150660"
  },
  {
    "ID Number": "308105339"
  },
  {
    "ID Number": "34493921"
  },
  {
    "ID Number": "13526634"
  },
  {
    "ID Number": "4156781"
  },
  {
    "ID Number": "21511969"
  },
  {
    "ID Number": "13517082"
  },
  {
    "ID Number": "55686311"
  },
  {
    "ID Number": "13520245"
  },
  {
    "ID Number": "327137012"
  },
  {
    "ID Number": "34260102"
  },
  {
    "ID Number": "146104860"
  },
  {
    "ID Number": "13519212"
  },
  {
    "ID Number": "34310452"
  },
  {
    "ID Number": "13530917"
  },
  {
    "ID Number": "522018581"
  },
  {
    "ID Number": "366131108"
  },
  {
    "ID Number": "10302646"
  },
  {
    "ID Number": "11203846"
  },
  {
    "ID Number": "74600257"
  },
  {
    "ID Number": "124138100"
  },
  {
    "ID Number": "34103055"
  },
  {
    "ID Number": "343099458"
  },
  {
    "ID Number": "215223812"
  },
  {
    "ID Number": "24106160"
  },
  {
    "ID Number": "55744125"
  },
  {
    "ID Number": "124107990"
  },
  {
    "ID Number": "342110292"
  },
  {
    "ID Number": "34166383"
  },
  {
    "ID Number": "13521918"
  },
  {
    "ID Number": "34473580"
  },
  {
    "ID Number": "34489274"
  },
  {
    "ID Number": "150098517"
  },
  {
    "ID Number": "4151933"
  },
  {
    "ID Number": "55653537"
  },
  {
    "ID Number": "34167061"
  },
  {
    "ID Number": "522024263"
  },
  {
    "ID Number": "13531182"
  },
  {
    "ID Number": "4135326"
  },
  {
    "ID Number": "34275797"
  },
  {
    "ID Number": "44124040"
  },
  {
    "ID Number": "34119962"
  },
  {
    "ID Number": "54180058"
  },
  {
    "ID Number": "4187237"
  },
  {
    "ID Number": "24171760"
  },
  {
    "ID Number": "13527100"
  },
  {
    "ID Number": "24141771"
  },
  {
    "ID Number": "392104453"
  },
  {
    "ID Number": "13535994"
  },
  {
    "ID Number": "167109797"
  },
  {
    "ID Number": "146242454"
  },
  {
    "ID Number": "66605377"
  },
  {
    "ID Number": "13512269"
  },
  {
    "ID Number": "34488928"
  },
  {
    "ID Number": "13520989"
  },
  {
    "ID Number": "13531719"
  },
  {
    "ID Number": "55784453"
  },
  {
    "ID Number": "13520580"
  },
  {
    "ID Number": "55730230"
  },
  {
    "ID Number": "55738613"
  },
  {
    "ID Number": "34429646"
  },
  {
    "ID Number": "34142913"
  },
  {
    "ID Number": "123105220"
  },
  {
    "ID Number": "55834760"
  },
  {
    "ID Number": "4110943"
  },
  {
    "ID Number": "55698476"
  },
  {
    "ID Number": "34414983"
  },
  {
    "ID Number": "34492496"
  },
  {
    "ID Number": "13515802"
  },
  {
    "ID Number": "55768008"
  },
  {
    "ID Number": "34180580"
  },
  {
    "ID Number": "124096841"
  },
  {
    "ID Number": "336112415"
  },
  {
    "ID Number": "55726461"
  },
  {
    "ID Number": "55833349"
  },
  {
    "ID Number": "522042164"
  },
  {
    "ID Number": "73001007"
  },
  {
    "ID Number": "54600936"
  },
  {
    "ID Number": "396108657"
  },
  {
    "ID Number": "356094575"
  },
  {
    "ID Number": "13515659"
  },
  {
    "ID Number": "115097465"
  },
  {
    "ID Number": "366130254"
  },
  {
    "ID Number": "74600460"
  },
  {
    "ID Number": "336176548"
  },
  {
    "ID Number": "34394907"
  },
  {
    "ID Number": "150101480"
  },
  {
    "ID Number": "34334114"
  },
  {
    "ID Number": "24102610"
  },
  {
    "ID Number": "4102142"
  },
  {
    "ID Number": "115108890"
  },
  {
    "ID Number": "4114060"
  },
  {
    "ID Number": "13514628"
  },
  {
    "ID Number": "118104394"
  },
  {
    "ID Number": "54163625"
  },
  {
    "ID Number": "115108424"
  },
  {
    "ID Number": "392105020"
  },
  {
    "ID Number": "66201292"
  },
  {
    "ID Number": "34272690"
  },
  {
    "ID Number": "374094724"
  },
  {
    "ID Number": "115105360"
  },
  {
    "ID Number": "34356231"
  },
  {
    "ID Number": "124108880"
  },
  {
    "ID Number": "169270431"
  },
  {
    "ID Number": "324226315"
  },
  {
    "ID Number": "73001279"
  },
  {
    "ID Number": "4199731"
  },
  {
    "ID Number": "34357904"
  },
  {
    "ID Number": "6338526"
  },
  {
    "ID Number": "343110680"
  },
  {
    "ID Number": "34279202"
  },
  {
    "ID Number": "129064081"
  },
  {
    "ID Number": "55626580"
  },
  {
    "ID Number": "34389890"
  },
  {
    "ID Number": "34389903"
  },
  {
    "ID Number": "13505076"
  },
  {
    "ID Number": "132105373"
  },
  {
    "ID Number": "366095182"
  },
  {
    "ID Number": "146243390"
  },
  {
    "ID Number": "379112440"
  },
  {
    "ID Number": "10302786"
  },
  {
    "ID Number": "55834337"
  },
  {
    "ID Number": "13530224"
  },
  {
    "ID Number": "24249238"
  },
  {
    "ID Number": "55859313"
  },
  {
    "ID Number": "24267376"
  },
  {
    "ID Number": "329193674"
  },
  {
    "ID Number": "3505014"
  },
  {
    "ID Number": "13532847"
  },
  {
    "ID Number": "34358978"
  },
  {
    "ID Number": "55701469"
  },
  {
    "ID Number": "55683592"
  },
  {
    "ID Number": "11203412"
  },
  {
    "ID Number": "6342043"
  },
  {
    "ID Number": "24158038"
  },
  {
    "ID Number": "4107071"
  },
  {
    "ID Number": "13511173"
  },
  {
    "ID Number": "4153901"
  },
  {
    "ID Number": "55771998"
  },
  {
    "ID Number": "13513672"
  },
  {
    "ID Number": "24194697"
  },
  {
    "ID Number": "54108802"
  },
  {
    "ID Number": "34139360"
  },
  {
    "ID Number": "24104515"
  },
  {
    "ID Number": "4192745"
  },
  {
    "ID Number": "44130112"
  },
  {
    "ID Number": "108105191"
  },
  {
    "ID Number": "13505629"
  },
  {
    "ID Number": "55819826"
  },
  {
    "ID Number": "34119741"
  },
  {
    "ID Number": "138105361"
  },
  {
    "ID Number": "34254854"
  },
  {
    "ID Number": "379112431"
  },
  {
    "ID Number": "24140848"
  },
  {
    "ID Number": "124104620"
  },
  {
    "ID Number": "177104990"
  },
  {
    "ID Number": "55740111"
  },
  {
    "ID Number": "11617675"
  },
  {
    "ID Number": "10303251"
  },
  {
    "ID Number": "13508873"
  },
  {
    "ID Number": "148111086"
  },
  {
    "ID Number": "146242392"
  },
  {
    "ID Number": "44114745"
  },
  {
    "ID Number": "55819800"
  },
  {
    "ID Number": "327105304"
  },
  {
    "ID Number": "34283510"
  },
  {
    "ID Number": "55604048"
  },
  {
    "ID Number": "24254746"
  },
  {
    "ID Number": "13516620"
  },
  {
    "ID Number": "906832"
  },
  {
    "ID Number": "3503542"
  },
  {
    "ID Number": "13523503"
  },
  {
    "ID Number": "11203811"
  },
  {
    "ID Number": "34268677"
  },
  {
    "ID Number": "44144474"
  },
  {
    "ID Number": "10302328"
  },
  {
    "ID Number": "55812791"
  },
  {
    "ID Number": "34473025"
  },
  {
    "ID Number": "11203706"
  },
  {
    "ID Number": "13531204"
  },
  {
    "ID Number": "13528998"
  },
  {
    "ID Number": "34384529"
  },
  {
    "ID Number": "34384510"
  },
  {
    "ID Number": "34370730"
  },
  {
    "ID Number": "54113067"
  },
  {
    "ID Number": "4103360"
  },
  {
    "ID Number": "148105418"
  },
  {
    "ID Number": "351104481"
  },
  {
    "ID Number": "73007846"
  },
  {
    "ID Number": "54104408"
  },
  {
    "ID Number": "55698581"
  },
  {
    "ID Number": "522018883"
  },
  {
    "ID Number": "24239607"
  },
  {
    "ID Number": "34254978"
  },
  {
    "ID Number": "124136339"
  },
  {
    "ID Number": "24130613"
  },
  {
    "ID Number": "34461663"
  },
  {
    "ID Number": "522006338"
  },
  {
    "ID Number": "334111025"
  },
  {
    "ID Number": "148111148"
  },
  {
    "ID Number": "342110597"
  },
  {
    "ID Number": "362200092"
  },
  {
    "ID Number": "407380"
  },
  {
    "ID Number": "137105320"
  },
  {
    "ID Number": "356094931"
  },
  {
    "ID Number": "34356657"
  },
  {
    "ID Number": "34196070"
  },
  {
    "ID Number": "24141917"
  },
  {
    "ID Number": "34188859"
  },
  {
    "ID Number": "55740200"
  },
  {
    "ID Number": "55786383"
  },
  {
    "ID Number": "55872670"
  },
  {
    "ID Number": "55708684"
  },
  {
    "ID Number": "4157826"
  },
  {
    "ID Number": "11203528"
  },
  {
    "ID Number": "13504983"
  },
  {
    "ID Number": "10303090"
  },
  {
    "ID Number": "55861679"
  },
  {
    "ID Number": "55714650"
  },
  {
    "ID Number": "55643175"
  },
  {
    "ID Number": "4142640"
  },
  {
    "ID Number": "129057739"
  },
  {
    "ID Number": "55724353"
  },
  {
    "ID Number": "55786286"
  },
  {
    "ID Number": "55617603"
  },
  {
    "ID Number": "55722849"
  },
  {
    "ID Number": "115094356"
  },
  {
    "ID Number": "34337091"
  },
  {
    "ID Number": "44194943"
  },
  {
    "ID Number": "14121018"
  },
  {
    "ID Number": "4115333"
  },
  {
    "ID Number": "115108335"
  },
  {
    "ID Number": "115095774"
  },
  {
    "ID Number": "34351906"
  },
  {
    "ID Number": "34351914"
  },
  {
    "ID Number": "3503224"
  },
  {
    "ID Number": "13512617"
  },
  {
    "ID Number": "343100049"
  },
  {
    "ID Number": "55694381"
  },
  {
    "ID Number": "24278670"
  },
  {
    "ID Number": "55783562"
  },
  {
    "ID Number": "24105929"
  },
  {
    "ID Number": "170105029"
  },
  {
    "ID Number": "55678300"
  },
  {
    "ID Number": "24157503"
  },
  {
    "ID Number": "399112288"
  },
  {
    "ID Number": "13508334"
  },
  {
    "ID Number": "13508342"
  },
  {
    "ID Number": "13535579"
  },
  {
    "ID Number": "34187534"
  },
  {
    "ID Number": "13527690"
  },
  {
    "ID Number": "13540548"
  },
  {
    "ID Number": "522036130"
  },
  {
    "ID Number": "54113075"
  },
  {
    "ID Number": "55762670"
  },
  {
    "ID Number": "24114944"
  },
  {
    "ID Number": "54199239"
  },
  {
    "ID Number": "319111450"
  },
  {
    "ID Number": "34372962"
  },
  {
    "ID Number": "351104534"
  },
  {
    "ID Number": "13519310"
  },
  {
    "ID Number": "4181247"
  },
  {
    "ID Number": "146243353"
  },
  {
    "ID Number": "24250775"
  },
  {
    "ID Number": "36088773"
  },
  {
    "ID Number": "34177741"
  }
]