[
  {
    "ID Number": "14401509"
  },
  {
    "ID Number": "14410001"
  },
  {
    "ID Number": "14402394"
  },
  {
    "ID Number": "14402769"
  },
  {
    "ID Number": "14410788"
  },
  {
    "ID Number": "14431432"
  },
  {
    "ID Number": "14437139"
  },
  {
    "ID Number": "14407094"
  },
  {
    "ID Number": "14408970"
  },
  {
    "ID Number": "14441403"
  },
  {
    "ID Number": "14425661"
  },
  {
    "ID Number": "14434717"
  },
  {
    "ID Number": "14412500"
  },
  {
    "ID Number": "14408651"
  },
  {
    "ID Number": "14421704"
  },
  {
    "ID Number": "14422239"
  },
  {
    "ID Number": "14408023"
  },
  {
    "ID Number": "14405466"
  },
  {
    "ID Number": "14400685"
  },
  {
    "ID Number": "14415917"
  },
  {
    "ID Number": "14428822"
  },
  {
    "ID Number": "14406608"
  },
  {
    "ID Number": "14418320"
  },
  {
    "ID Number": "14411806"
  },
  {
    "ID Number": "14424398"
  },
  {
    "ID Number": "14401614"
  },
  {
    "ID Number": "14403498"
  },
  {
    "ID Number": "14410370"
  },
  {
    "ID Number": "14406357"
  },
  {
    "ID Number": "14405113"
  },
  {
    "ID Number": "14403358"
  },
  {
    "ID Number": "14423138"
  },
  {
    "ID Number": "14422328"
  },
  {
    "ID Number": "14403501"
  },
  {
    "ID Number": "14403137"
  },
  {
    "ID Number": "14413922"
  },
  {
    "ID Number": "14440938"
  },
  {
    "ID Number": "14422140"
  },
  {
    "ID Number": "14430819"
  },
  {
    "ID Number": "14415445"
  },
  {
    "ID Number": "14415437"
  },
  {
    "ID Number": "14422247"
  },
  {
    "ID Number": "14440954"
  },
  {
    "ID Number": "14420694"
  },
  {
    "ID Number": "14423596"
  },
  {
    "ID Number": "14408163"
  },
  {
    "ID Number": "14414635"
  },
  {
    "ID Number": "904422"
  },
  {
    "ID Number": "14423600"
  },
  {
    "ID Number": "14440806"
  },
  {
    "ID Number": "14414937"
  },
  {
    "ID Number": "14414945"
  },
  {
    "ID Number": "14439310"
  },
  {
    "ID Number": "14411121"
  },
  {
    "ID Number": "14406888"
  },
  {
    "ID Number": "14421119"
  },
  {
    "ID Number": "14417618"
  },
  {
    "ID Number": "14426536"
  },
  {
    "ID Number": "14409410"
  },
  {
    "ID Number": "14429187"
  },
  {
    "ID Number": "14401215"
  },
  {
    "ID Number": "14428393"
  },
  {
    "ID Number": "14429551"
  },
  {
    "ID Number": "14405474"
  },
  {
    "ID Number": "14405679"
  },
  {
    "ID Number": "14407175"
  },
  {
    "ID Number": "14442329"
  },
  {
    "ID Number": "14435403"
  },
  {
    "ID Number": "14407760"
  },
  {
    "ID Number": "14441411"
  },
  {
    "ID Number": "14426552"
  },
  {
    "ID Number": "14400987"
  },
  {
    "ID Number": "14430118"
  },
  {
    "ID Number": "14419270"
  },
  {
    "ID Number": "14422760"
  },
  {
    "ID Number": "14412110"
  },
  {
    "ID Number": "14402904"
  },
  {
    "ID Number": "14420066"
  },
  {
    "ID Number": "14411156"
  },
  {
    "ID Number": "14406748"
  },
  {
    "ID Number": "14402912"
  },
  {
    "ID Number": "14435306"
  },
  {
    "ID Number": "14425327"
  },
  {
    "ID Number": "14437023"
  },
  {
    "ID Number": "14417138"
  },
  {
    "ID Number": "14409666"
  },
  {
    "ID Number": "14431076"
  },
  {
    "ID Number": "14406870"
  },
  {
    "ID Number": "14418606"
  },
  {
    "ID Number": "14442124"
  },
  {
    "ID Number": "14417510"
  },
  {
    "ID Number": "14429071"
  },
  {
    "ID Number": "14421992"
  },
  {
    "ID Number": "14441276"
  },
  {
    "ID Number": "14405482"
  },
  {
    "ID Number": "14433648"
  },
  {
    "ID Number": "14440962"
  },
  {
    "ID Number": "14426323"
  },
  {
    "ID Number": "14424614"
  },
  {
    "ID Number": "14428563"
  },
  {
    "ID Number": "14420309"
  },
  {
    "ID Number": "14430827"
  },
  {
    "ID Number": "14400472"
  },
  {
    "ID Number": "14407779"
  },
  {
    "ID Number": "14440911"
  },
  {
    "ID Number": "14409100"
  },
  {
    "ID Number": "14431661"
  },
  {
    "ID Number": "14430916"
  },
  {
    "ID Number": "14434725"
  },
  {
    "ID Number": "14426609"
  },
  {
    "ID Number": "14411164"
  },
  {
    "ID Number": "14422158"
  },
  {
    "ID Number": "14440202"
  },
  {
    "ID Number": "14405270"
  },
  {
    "ID Number": "14422409"
  },
  {
    "ID Number": "14413612"
  },
  {
    "ID Number": "14413604"
  },
  {
    "ID Number": "14435314"
  },
  {
    "ID Number": "14405130"
  },
  {
    "ID Number": "14409801"
  },
  {
    "ID Number": "927252"
  },
  {
    "ID Number": "14422000"
  },
  {
    "ID Number": "14419033"
  },
  {
    "ID Number": "14423413"
  },
  {
    "ID Number": "14440717"
  },
  {
    "ID Number": "14436108"
  },
  {
    "ID Number": "14400294"
  },
  {
    "ID Number": "14440830"
  },
  {
    "ID Number": "14402700"
  },
  {
    "ID Number": "14400782"
  },
  {
    "ID Number": "14417146"
  },
  {
    "ID Number": "14416476"
  },
  {
    "ID Number": "14418509"
  },
  {
    "ID Number": "14407248"
  },
  {
    "ID Number": "14505207"
  },
  {
    "ID Number": "14409089"
  },
  {
    "ID Number": "14414791"
  },
  {
    "ID Number": "14432463"
  },
  {
    "ID Number": "14400839"
  },
  {
    "ID Number": "14400235"
  },
  {
    "ID Number": "14427630"
  },
  {
    "ID Number": "14407108"
  },
  {
    "ID Number": "14440067"
  },
  {
    "ID Number": "14413930"
  },
  {
    "ID Number": "14433125"
  },
  {
    "ID Number": "14401495"
  },
  {
    "ID Number": "14404370"
  },
  {
    "ID Number": "14432331"
  },
  {
    "ID Number": "14424916"
  },
  {
    "ID Number": "14427176"
  },
  {
    "ID Number": "14409674"
  },
  {
    "ID Number": "14436370"
  },
  {
    "ID Number": "14430517"
  },
  {
    "ID Number": "14430339"
  },
  {
    "ID Number": "14418720"
  },
  {
    "ID Number": "14404427"
  },
  {
    "ID Number": "14402106"
  },
  {
    "ID Number": "14416875"
  },
  {
    "ID Number": "14422905"
  },
  {
    "ID Number": "14404885"
  },
  {
    "ID Number": "14404001"
  },
  {
    "ID Number": "14411180"
  },
  {
    "ID Number": "14401380"
  },
  {
    "ID Number": "14429586"
  },
  {
    "ID Number": "14427508"
  },
  {
    "ID Number": "14416506"
  },
  {
    "ID Number": "14416883"
  },
  {
    "ID Number": "14421542"
  },
  {
    "ID Number": "14400790"
  },
  {
    "ID Number": "14408520"
  },
  {
    "ID Number": "14410419"
  },
  {
    "ID Number": "14416514"
  },
  {
    "ID Number": "14420155"
  },
  {
    "ID Number": "14431963"
  },
  {
    "ID Number": "14423480"
  },
  {
    "ID Number": "14400219"
  },
  {
    "ID Number": "14407701"
  },
  {
    "ID Number": "14413450"
  },
  {
    "ID Number": "14428830"
  },
  {
    "ID Number": "14439590"
  },
  {
    "ID Number": "14400910"
  },
  {
    "ID Number": "14422590"
  },
  {
    "ID Number": "14403250"
  },
  {
    "ID Number": "14430843"
  },
  {
    "ID Number": "14432145"
  },
  {
    "ID Number": "14417170"
  },
  {
    "ID Number": "14403935"
  },
  {
    "ID Number": "14425335"
  },
  {
    "ID Number": "14431734"
  },
  {
    "ID Number": "14428571"
  },
  {
    "ID Number": "14418266"
  },
  {
    "ID Number": "14414953"
  },
  {
    "ID Number": "14434733"
  },
  {
    "ID Number": "14422778"
  },
  {
    "ID Number": "14412071"
  },
  {
    "ID Number": "14434245"
  },
  {
    "ID Number": "14434091"
  },
  {
    "ID Number": "14437732"
  },
  {
    "ID Number": "14413949"
  },
  {
    "ID Number": "14413469"
  },
  {
    "ID Number": "14403293"
  },
  {
    "ID Number": "14403510"
  },
  {
    "ID Number": "14420619"
  },
  {
    "ID Number": "14421895"
  },
  {
    "ID Number": "14405660"
  },
  {
    "ID Number": "14410877"
  },
  {
    "ID Number": "14425343"
  },
  {
    "ID Number": "14411628"
  },
  {
    "ID Number": "14424983"
  },
  {
    "ID Number": "14407710"
  },
  {
    "ID Number": "14402483"
  },
  {
    "ID Number": "14428482"
  },
  {
    "ID Number": "14430932"
  },
  {
    "ID Number": "14418339"
  },
  {
    "ID Number": "14425670"
  },
  {
    "ID Number": "14417219"
  },
  {
    "ID Number": "14430665"
  },
  {
    "ID Number": "14409496"
  },
  {
    "ID Number": "14442388"
  },
  {
    "ID Number": "14442426"
  },
  {
    "ID Number": "14419173"
  },
  {
    "ID Number": "14403528"
  },
  {
    "ID Number": "14402408"
  },
  {
    "ID Number": "14413841"
  },
  {
    "ID Number": "14411636"
  },
  {
    "ID Number": "14411644"
  },
  {
    "ID Number": "14411652"
  },
  {
    "ID Number": "14402440"
  },
  {
    "ID Number": "14404834"
  },
  {
    "ID Number": "14417626"
  },
  {
    "ID Number": "14418274"
  },
  {
    "ID Number": "14430371"
  },
  {
    "ID Number": "14429160"
  },
  {
    "ID Number": "14401800"
  },
  {
    "ID Number": "14421747"
  },
  {
    "ID Number": "14429926"
  },
  {
    "ID Number": "14405180"
  },
  {
    "ID Number": "14411849"
  },
  {
    "ID Number": "14427761"
  },
  {
    "ID Number": "14411199"
  },
  {
    "ID Number": "14434261"
  },
  {
    "ID Number": "14427770"
  },
  {
    "ID Number": "14407299"
  },
  {
    "ID Number": "14418045"
  },
  {
    "ID Number": "14420937"
  },
  {
    "ID Number": "14410710"
  },
  {
    "ID Number": "14409313"
  },
  {
    "ID Number": "14432153"
  },
  {
    "ID Number": "14430533"
  },
  {
    "ID Number": "14424606"
  },
  {
    "ID Number": "14442469"
  },
  {
    "ID Number": "14428490"
  },
  {
    "ID Number": "14438305"
  },
  {
    "ID Number": "14410427"
  },
  {
    "ID Number": "14406373"
  },
  {
    "ID Number": "14407957"
  },
  {
    "ID Number": "14436760"
  },
  {
    "ID Number": "14442361"
  },
  {
    "ID Number": "14403161"
  },
  {
    "ID Number": "14400979"
  },
  {
    "ID Number": "14424991"
  },
  {
    "ID Number": "14408031"
  },
  {
    "ID Number": "14414864"
  },
  {
    "ID Number": "14430851"
  },
  {
    "ID Number": "14404656"
  },
  {
    "ID Number": "14420074"
  },
  {
    "ID Number": "14414180"
  },
  {
    "ID Number": "14443694"
  },
  {
    "ID Number": "14408996"
  },
  {
    "ID Number": "14423162"
  },
  {
    "ID Number": "14414961"
  },
  {
    "ID Number": "920274"
  },
  {
    "ID Number": "14400081"
  },
  {
    "ID Number": "14438798"
  },
  {
    "ID Number": "14413655"
  },
  {
    "ID Number": "14414244"
  },
  {
    "ID Number": "14430975"
  },
  {
    "ID Number": "14402785"
  },
  {
    "ID Number": "14426277"
  },
  {
    "ID Number": "14400693"
  },
  {
    "ID Number": "14405296"
  },
  {
    "ID Number": "14427133"
  },
  {
    "ID Number": "14421151"
  },
  {
    "ID Number": "14407787"
  },
  {
    "ID Number": "14411660"
  },
  {
    "ID Number": "14437147"
  },
  {
    "ID Number": "14427044"
  },
  {
    "ID Number": "14412128"
  },
  {
    "ID Number": "14440920"
  },
  {
    "ID Number": "14408660"
  },
  {
    "ID Number": "929646"
  },
  {
    "ID Number": "14416344"
  },
  {
    "ID Number": "14423839"
  },
  {
    "ID Number": "14429144"
  },
  {
    "ID Number": "14414252"
  },
  {
    "ID Number": "14417855"
  },
  {
    "ID Number": "14413477"
  },
  {
    "ID Number": "14418347"
  },
  {
    "ID Number": "14424444"
  },
  {
    "ID Number": "14434504"
  },
  {
    "ID Number": "14418126"
  },
  {
    "ID Number": "14406969"
  },
  {
    "ID Number": "14435268"
  },
  {
    "ID Number": "14423537"
  },
  {
    "ID Number": "14419939"
  },
  {
    "ID Number": "14433702"
  },
  {
    "ID Number": "14442337"
  },
  {
    "ID Number": "14435055"
  },
  {
    "ID Number": "14436868"
  },
  {
    "ID Number": "14417200"
  },
  {
    "ID Number": "14411547"
  },
  {
    "ID Number": "14422948"
  },
  {
    "ID Number": "14410958"
  },
  {
    "ID Number": "14412551"
  },
  {
    "ID Number": "14442728"
  },
  {
    "ID Number": "14406551"
  },
  {
    "ID Number": "14415925"
  },
  {
    "ID Number": "14412420"
  },
  {
    "ID Number": "916072"
  },
  {
    "ID Number": "14400570"
  },
  {
    "ID Number": "14418282"
  },
  {
    "ID Number": "14401894"
  },
  {
    "ID Number": "14403897"
  },
  {
    "ID Number": "14417820"
  },
  {
    "ID Number": "14410869"
  },
  {
    "ID Number": "14440083"
  },
  {
    "ID Number": "14440091"
  },
  {
    "ID Number": "14441446"
  },
  {
    "ID Number": "14435330"
  },
  {
    "ID Number": "14404729"
  },
  {
    "ID Number": "14436442"
  },
  {
    "ID Number": "14416352"
  },
  {
    "ID Number": "14416360"
  },
  {
    "ID Number": "14404893"
  },
  {
    "ID Number": "14415763"
  },
  {
    "ID Number": "14415771"
  },
  {
    "ID Number": "14401002"
  },
  {
    "ID Number": "14413825"
  },
  {
    "ID Number": "14427320"
  },
  {
    "ID Number": "14409615"
  },
  {
    "ID Number": "14408546"
  },
  {
    "ID Number": "14417197"
  },
  {
    "ID Number": "14420325"
  },
  {
    "ID Number": "933643"
  },
  {
    "ID Number": "14429764"
  },
  {
    "ID Number": "14409143"
  },
  {
    "ID Number": "14424452"
  },
  {
    "ID Number": "14424460"
  },
  {
    "ID Number": "14413914"
  },
  {
    "ID Number": "14407795"
  },
  {
    "ID Number": "14435276"
  },
  {
    "ID Number": "14413957"
  },
  {
    "ID Number": "14418428"
  },
  {
    "ID Number": "14431319"
  },
  {
    "ID Number": "14427524"
  },
  {
    "ID Number": "14440105"
  },
  {
    "ID Number": "14440113"
  },
  {
    "ID Number": "14410729"
  },
  {
    "ID Number": "14412195"
  },
  {
    "ID Number": "14427990"
  },
  {
    "ID Number": "923869"
  },
  {
    "ID Number": "14404907"
  },
  {
    "ID Number": "14411210"
  },
  {
    "ID Number": "14424169"
  },
  {
    "ID Number": "14412136"
  },
  {
    "ID Number": "14430380"
  },
  {
    "ID Number": "14400227"
  },
  {
    "ID Number": "14413850"
  },
  {
    "ID Number": "14403544"
  },
  {
    "ID Number": "14427885"
  },
  {
    "ID Number": "14409151"
  },
  {
    "ID Number": "14427788"
  },
  {
    "ID Number": "14405792"
  },
  {
    "ID Number": "902268"
  },
  {
    "ID Number": "14426463"
  },
  {
    "ID Number": "14430177"
  },
  {
    "ID Number": "14430185"
  },
  {
    "ID Number": "14441608"
  },
  {
    "ID Number": "14420082"
  },
  {
    "ID Number": "14433770"
  },
  {
    "ID Number": "14425114"
  },
  {
    "ID Number": "14422166"
  },
  {
    "ID Number": "14439336"
  },
  {
    "ID Number": "14414708"
  },
  {
    "ID Number": "14423278"
  },
  {
    "ID Number": "14418290"
  },
  {
    "ID Number": "14403552"
  },
  {
    "ID Number": "14423499"
  },
  {
    "ID Number": "14418355"
  },
  {
    "ID Number": "14422174"
  },
  {
    "ID Number": "14437155"
  },
  {
    "ID Number": "14415933"
  },
  {
    "ID Number": "14413680"
  },
  {
    "ID Number": "14418363"
  },
  {
    "ID Number": "14424401"
  },
  {
    "ID Number": "14405504"
  },
  {
    "ID Number": "14410966"
  },
  {
    "ID Number": "14410800"
  },
  {
    "ID Number": "14429667"
  },
  {
    "ID Number": "14429659"
  },
  {
    "ID Number": "14407345"
  },
  {
    "ID Number": "14403188"
  },
  {
    "ID Number": "14410206"
  },
  {
    "ID Number": "14439980"
  },
  {
    "ID Number": "14420449"
  },
  {
    "ID Number": "14409348"
  },
  {
    "ID Number": "14402475"
  },
  {
    "ID Number": "14404613"
  },
  {
    "ID Number": "14412802"
  },
  {
    "ID Number": "14441020"
  },
  {
    "ID Number": "14438313"
  },
  {
    "ID Number": "14415941"
  },
  {
    "ID Number": "14402521"
  },
  {
    "ID Number": "14425041"
  },
  {
    "ID Number": "14409445"
  },
  {
    "ID Number": "14406624"
  },
  {
    "ID Number": "14422298"
  },
  {
    "ID Number": "14409003"
  },
  {
    "ID Number": "14403455"
  },
  {
    "ID Number": "14402300"
  },
  {
    "ID Number": "14427338"
  },
  {
    "ID Number": "14406004"
  },
  {
    "ID Number": "14420430"
  },
  {
    "ID Number": "14404737"
  },
  {
    "ID Number": "14407353"
  },
  {
    "ID Number": "14422182"
  },
  {
    "ID Number": "14420953"
  },
  {
    "ID Number": "14404923"
  },
  {
    "ID Number": "14432234"
  },
  {
    "ID Number": "14404842"
  },
  {
    "ID Number": "14432366"
  },
  {
    "ID Number": "14406020"
  },
  {
    "ID Number": "14443902"
  },
  {
    "ID Number": "14401320"
  },
  {
    "ID Number": "14410478"
  },
  {
    "ID Number": "14423782"
  },
  {
    "ID Number": "14404273"
  },
  {
    "ID Number": "14403315"
  },
  {
    "ID Number": "14407965"
  },
  {
    "ID Number": "14405342"
  },
  {
    "ID Number": "14404281"
  },
  {
    "ID Number": "14420961"
  },
  {
    "ID Number": "14418258"
  },
  {
    "ID Number": "14403951"
  },
  {
    "ID Number": "14428865"
  },
  {
    "ID Number": "14428873"
  },
  {
    "ID Number": "14430860"
  },
  {
    "ID Number": "14415798"
  },
  {
    "ID Number": "14401231"
  },
  {
    "ID Number": "14440121"
  },
  {
    "ID Number": "14405768"
  },
  {
    "ID Number": "14440130"
  },
  {
    "ID Number": "14403900"
  },
  {
    "ID Number": "14431572"
  },
  {
    "ID Number": "14428202"
  },
  {
    "ID Number": "14401240"
  },
  {
    "ID Number": "14422352"
  },
  {
    "ID Number": "14411687"
  },
  {
    "ID Number": "14409518"
  },
  {
    "ID Number": "14427168"
  },
  {
    "ID Number": "14423626"
  },
  {
    "ID Number": "14428156"
  },
  {
    "ID Number": "14438801"
  },
  {
    "ID Number": "14402041"
  },
  {
    "ID Number": "14413442"
  },
  {
    "ID Number": "14422190"
  },
  {
    "ID Number": "14418371"
  },
  {
    "ID Number": "14411695"
  },
  {
    "ID Number": "14440210"
  },
  {
    "ID Number": "14421046"
  },
  {
    "ID Number": "14429721"
  },
  {
    "ID Number": "14440016"
  },
  {
    "ID Number": "14440024"
  },
  {
    "ID Number": "14411490"
  },
  {
    "ID Number": "14417880"
  },
  {
    "ID Number": "14406799"
  },
  {
    "ID Number": "14415011"
  },
  {
    "ID Number": "14415020"
  },
  {
    "ID Number": "14415038"
  },
  {
    "ID Number": "14415046"
  },
  {
    "ID Number": "14418380"
  },
  {
    "ID Number": "14428784"
  },
  {
    "ID Number": "14412020"
  },
  {
    "ID Number": "14406632"
  },
  {
    "ID Number": "14440970"
  },
  {
    "ID Number": "14404044"
  },
  {
    "ID Number": "14420090"
  },
  {
    "ID Number": "14403226"
  },
  {
    "ID Number": "14431580"
  },
  {
    "ID Number": "14424339"
  },
  {
    "ID Number": "14414015"
  },
  {
    "ID Number": "14441179"
  },
  {
    "ID Number": "14435349"
  },
  {
    "ID Number": "14404290"
  },
  {
    "ID Number": "14417898"
  },
  {
    "ID Number": "14425483"
  },
  {
    "ID Number": "14430878"
  },
  {
    "ID Number": "14415127"
  },
  {
    "ID Number": "14410486"
  },
  {
    "ID Number": "14435357"
  },
  {
    "ID Number": "14420015"
  },
  {
    "ID Number": "14407833"
  },
  {
    "ID Number": "14404303"
  },
  {
    "ID Number": "14405970"
  },
  {
    "ID Number": "14437082"
  },
  {
    "ID Number": "14410494"
  },
  {
    "ID Number": "14440946"
  },
  {
    "ID Number": "14422204"
  },
  {
    "ID Number": "14416557"
  },
  {
    "ID Number": "14420163"
  },
  {
    "ID Number": "14425882"
  },
  {
    "ID Number": "14415950"
  },
  {
    "ID Number": "14425890"
  },
  {
    "ID Number": "14422530"
  },
  {
    "ID Number": "14412845"
  },
  {
    "ID Number": "14427966"
  },
  {
    "ID Number": "14402572"
  },
  {
    "ID Number": "14407035"
  },
  {
    "ID Number": "14409690"
  },
  {
    "ID Number": "14401266"
  },
  {
    "ID Number": "14403668"
  },
  {
    "ID Number": "14415968"
  },
  {
    "ID Number": "14426366"
  },
  {
    "ID Number": "14426285"
  },
  {
    "ID Number": "14419947"
  },
  {
    "ID Number": "916080"
  },
  {
    "ID Number": "14402068"
  },
  {
    "ID Number": "14409453"
  },
  {
    "ID Number": "14423146"
  },
  {
    "ID Number": "14429179"
  },
  {
    "ID Number": "14434539"
  },
  {
    "ID Number": "14425696"
  },
  {
    "ID Number": "14424711"
  },
  {
    "ID Number": "14403080"
  },
  {
    "ID Number": "14418398"
  },
  {
    "ID Number": "14419041"
  },
  {
    "ID Number": "14406489"
  },
  {
    "ID Number": "14403790"
  },
  {
    "ID Number": "14428008"
  },
  {
    "ID Number": "14428016"
  },
  {
    "ID Number": "14402165"
  },
  {
    "ID Number": "14441560"
  },
  {
    "ID Number": "14422255"
  },
  {
    "ID Number": "14413086"
  },
  {
    "ID Number": "14424479"
  },
  {
    "ID Number": "14423561"
  },
  {
    "ID Number": "14406411"
  },
  {
    "ID Number": "14405695"
  },
  {
    "ID Number": "14412918"
  },
  {
    "ID Number": "14419866"
  },
  {
    "ID Number": "14417464"
  },
  {
    "ID Number": "14427001"
  },
  {
    "ID Number": "14439344"
  },
  {
    "ID Number": "915319"
  },
  {
    "ID Number": "14414031"
  },
  {
    "ID Number": "14427010"
  },
  {
    "ID Number": "14402297"
  },
  {
    "ID Number": "14409704"
  },
  {
    "ID Number": "14431351"
  },
  {
    "ID Number": "14435080"
  },
  {
    "ID Number": "14408040"
  },
  {
    "ID Number": "14410311"
  },
  {
    "ID Number": "14419050"
  },
  {
    "ID Number": "14419955"
  },
  {
    "ID Number": "14437465"
  },
  {
    "ID Number": "14411245"
  },
  {
    "ID Number": "14423570"
  },
  {
    "ID Number": "14423340"
  },
  {
    "ID Number": "14406560"
  },
  {
    "ID Number": "14428644"
  },
  {
    "ID Number": "14401444"
  },
  {
    "ID Number": "14419289"
  },
  {
    "ID Number": "14405776"
  },
  {
    "ID Number": "14416581"
  },
  {
    "ID Number": "14404931"
  },
  {
    "ID Number": "14425033"
  },
  {
    "ID Number": "14409224"
  },
  {
    "ID Number": "14428539"
  },
  {
    "ID Number": "14400812"
  },
  {
    "ID Number": "14404060"
  },
  {
    "ID Number": "14418592"
  },
  {
    "ID Number": "14433800"
  },
  {
    "ID Number": "14405873"
  },
  {
    "ID Number": "14411563"
  },
  {
    "ID Number": "14428407"
  },
  {
    "ID Number": "14411717"
  },
  {
    "ID Number": "14433206"
  },
  {
    "ID Number": "14433214"
  },
  {
    "ID Number": "14418053"
  },
  {
    "ID Number": "14416590"
  },
  {
    "ID Number": "14409836"
  },
  {
    "ID Number": "14401673"
  },
  {
    "ID Number": "14417391"
  },
  {
    "ID Number": "14404079"
  },
  {
    "ID Number": "14412780"
  },
  {
    "ID Number": "14417227"
  },
  {
    "ID Number": "14424010"
  },
  {
    "ID Number": "14433605"
  },
  {
    "ID Number": "14409844"
  },
  {
    "ID Number": "14401851"
  },
  {
    "ID Number": "14427303"
  },
  {
    "ID Number": "14432609"
  },
  {
    "ID Number": "14432617"
  },
  {
    "ID Number": "14409283"
  },
  {
    "ID Number": "14416271"
  },
  {
    "ID Number": "14432480"
  },
  {
    "ID Number": "14411725"
  },
  {
    "ID Number": "14429780"
  },
  {
    "ID Number": "14422123"
  },
  {
    "ID Number": "14401274"
  },
  {
    "ID Number": "14422115"
  },
  {
    "ID Number": "14401452"
  },
  {
    "ID Number": "14418630"
  },
  {
    "ID Number": "14425122"
  },
  {
    "ID Number": "14417677"
  },
  {
    "ID Number": "14413132"
  },
  {
    "ID Number": "14428504"
  },
  {
    "ID Number": "14409232"
  },
  {
    "ID Number": "14403013"
  },
  {
    "ID Number": "14422603"
  },
  {
    "ID Number": "14420635"
  },
  {
    "ID Number": "14407850"
  },
  {
    "ID Number": "14442434"
  },
  {
    "ID Number": "14442353"
  },
  {
    "ID Number": "14439883"
  },
  {
    "ID Number": "14435373"
  },
  {
    "ID Number": "14440695"
  },
  {
    "ID Number": "14437643"
  },
  {
    "ID Number": "14408228"
  },
  {
    "ID Number": "14400340"
  },
  {
    "ID Number": "14411024"
  },
  {
    "ID Number": "14414198"
  },
  {
    "ID Number": "14436345"
  },
  {
    "ID Number": "14427079"
  },
  {
    "ID Number": "14400952"
  },
  {
    "ID Number": "14407132"
  },
  {
    "ID Number": "14404230"
  },
  {
    "ID Number": "14402980"
  },
  {
    "ID Number": "14442612"
  },
  {
    "ID Number": "14442400"
  },
  {
    "ID Number": "14401312"
  },
  {
    "ID Number": "14441373"
  },
  {
    "ID Number": "14411040"
  },
  {
    "ID Number": "14424592"
  },
  {
    "ID Number": "14427427"
  },
  {
    "ID Number": "14402343"
  },
  {
    "ID Number": "14408490"
  },
  {
    "ID Number": "14402360"
  },
  {
    "ID Number": "14418401"
  },
  {
    "ID Number": "14428210"
  },
  {
    "ID Number": "14428229"
  },
  {
    "ID Number": "14412390"
  },
  {
    "ID Number": "14414368"
  },
  {
    "ID Number": "14423332"
  },
  {
    "ID Number": "14402084"
  },
  {
    "ID Number": "14419076"
  },
  {
    "ID Number": "14411890"
  },
  {
    "ID Number": "14430703"
  },
  {
    "ID Number": "14443910"
  },
  {
    "ID Number": "14425262"
  },
  {
    "ID Number": "14424649"
  },
  {
    "ID Number": "14439840"
  },
  {
    "ID Number": "14420996"
  },
  {
    "ID Number": "14407744"
  },
  {
    "ID Number": "14411903"
  },
  {
    "ID Number": "14417928"
  },
  {
    "ID Number": "14410524"
  },
  {
    "ID Number": "14410532"
  },
  {
    "ID Number": "14425505"
  },
  {
    "ID Number": "14418568"
  },
  {
    "ID Number": "14428652"
  },
  {
    "ID Number": "14428237"
  },
  {
    "ID Number": "14417944"
  },
  {
    "ID Number": "14424355"
  },
  {
    "ID Number": "14436280"
  },
  {
    "ID Number": "14420724"
  },
  {
    "ID Number": "14415143"
  },
  {
    "ID Number": "14429195"
  },
  {
    "ID Number": "14427532"
  },
  {
    "ID Number": "14427478"
  },
  {
    "ID Number": "14408252"
  },
  {
    "ID Number": "14435128"
  },
  {
    "ID Number": "14423707"
  },
  {
    "ID Number": "14428296"
  },
  {
    "ID Number": "14433230"
  },
  {
    "ID Number": "14414414"
  },
  {
    "ID Number": "14404940"
  },
  {
    "ID Number": "14409500"
  },
  {
    "ID Number": "14417162"
  },
  {
    "ID Number": "14409585"
  },
  {
    "ID Number": "14428890"
  },
  {
    "ID Number": "14517990"
  },
  {
    "ID Number": "14420279"
  },
  {
    "ID Number": "14412039"
  },
  {
    "ID Number": "14405237"
  },
  {
    "ID Number": "14423260"
  },
  {
    "ID Number": "14422441"
  },
  {
    "ID Number": "14404176"
  },
  {
    "ID Number": "14412586"
  },
  {
    "ID Number": "14407892"
  },
  {
    "ID Number": "14431378"
  },
  {
    "ID Number": "14407981"
  },
  {
    "ID Number": "14418088"
  },
  {
    "ID Number": "14412594"
  },
  {
    "ID Number": "14416999"
  },
  {
    "ID Number": "14419084"
  },
  {
    "ID Number": "14416328"
  },
  {
    "ID Number": "14430100"
  },
  {
    "ID Number": "14423472"
  },
  {
    "ID Number": "14403323"
  },
  {
    "ID Number": "14423367"
  },
  {
    "ID Number": "14417685"
  },
  {
    "ID Number": "14409631"
  },
  {
    "ID Number": "14409178"
  },
  {
    "ID Number": "14432579"
  },
  {
    "ID Number": "14443643"
  },
  {
    "ID Number": "14443678"
  },
  {
    "ID Number": "14401720"
  },
  {
    "ID Number": "14409593"
  },
  {
    "ID Number": "14433940"
  },
  {
    "ID Number": "14442060"
  },
  {
    "ID Number": "14441772"
  },
  {
    "ID Number": "14410540"
  },
  {
    "ID Number": "14420104"
  },
  {
    "ID Number": "14422549"
  },
  {
    "ID Number": "14421186"
  },
  {
    "ID Number": "14425769"
  },
  {
    "ID Number": "14412250"
  },
  {
    "ID Number": "14420732"
  },
  {
    "ID Number": "14401550"
  },
  {
    "ID Number": "14402416"
  },
  {
    "ID Number": "14406322"
  },
  {
    "ID Number": "14403811"
  },
  {
    "ID Number": "14428903"
  },
  {
    "ID Number": "14415003"
  },
  {
    "ID Number": "14413698"
  },
  {
    "ID Number": "14422557"
  },
  {
    "ID Number": "14411059"
  },
  {
    "ID Number": "14426129"
  },
  {
    "ID Number": "14408120"
  },
  {
    "ID Number": "14408902"
  },
  {
    "ID Number": "14424738"
  },
  {
    "ID Number": "14429942"
  },
  {
    "ID Number": "14411938"
  },
  {
    "ID Number": "14404869"
  },
  {
    "ID Number": "14418215"
  },
  {
    "ID Number": "14414449"
  },
  {
    "ID Number": "14430290"
  },
  {
    "ID Number": "14424053"
  },
  {
    "ID Number": "14419203"
  },
  {
    "ID Number": "14408066"
  },
  {
    "ID Number": "14414066"
  },
  {
    "ID Number": "14422611"
  },
  {
    "ID Number": "14401835"
  },
  {
    "ID Number": "14412268"
  },
  {
    "ID Number": "14434431"
  },
  {
    "ID Number": "14406179"
  },
  {
    "ID Number": "14402661"
  },
  {
    "ID Number": "14403820"
  },
  {
    "ID Number": "14416425"
  },
  {
    "ID Number": "14415151"
  },
  {
    "ID Number": "14414473"
  },
  {
    "ID Number": "14407140"
  },
  {
    "ID Number": "14406314"
  },
  {
    "ID Number": "14402874"
  },
  {
    "ID Number": "14442418"
  },
  {
    "ID Number": "907723"
  },
  {
    "ID Number": "14415631"
  },
  {
    "ID Number": "14409461"
  },
  {
    "ID Number": "14407477"
  },
  {
    "ID Number": "14417707"
  },
  {
    "ID Number": "14400197"
  },
  {
    "ID Number": "14420538"
  },
  {
    "ID Number": "14406896"
  },
  {
    "ID Number": "14415267"
  },
  {
    "ID Number": "14404702"
  },
  {
    "ID Number": "14423693"
  },
  {
    "ID Number": "14427826"
  },
  {
    "ID Number": "14420031"
  },
  {
    "ID Number": "14405245"
  },
  {
    "ID Number": "14413752"
  },
  {
    "ID Number": "14420740"
  },
  {
    "ID Number": "14441284"
  },
  {
    "ID Number": "14413329"
  },
  {
    "ID Number": "14425793"
  },
  {
    "ID Number": "14441209"
  },
  {
    "ID Number": "14431742"
  },
  {
    "ID Number": "14420546"
  },
  {
    "ID Number": "14422921"
  },
  {
    "ID Number": "14431084"
  },
  {
    "ID Number": "14426412"
  },
  {
    "ID Number": "14411105"
  },
  {
    "ID Number": "14415801"
  },
  {
    "ID Number": "14404320"
  },
  {
    "ID Number": "14411512"
  },
  {
    "ID Number": "14434571"
  },
  {
    "ID Number": "14432846"
  },
  {
    "ID Number": "908045"
  },
  {
    "ID Number": "14422565"
  },
  {
    "ID Number": "14436060"
  },
  {
    "ID Number": "14442370"
  },
  {
    "ID Number": "14418819"
  },
  {
    "ID Number": "14438569"
  },
  {
    "ID Number": "904228"
  },
  {
    "ID Number": "14402645"
  },
  {
    "ID Number": "14545080"
  },
  {
    "ID Number": "14414481"
  },
  {
    "ID Number": "14442442"
  },
  {
    "ID Number": "14425351"
  },
  {
    "ID Number": "14424509"
  },
  {
    "ID Number": "934160"
  },
  {
    "ID Number": "14406420"
  },
  {
    "ID Number": "14404648"
  },
  {
    "ID Number": "14419424"
  },
  {
    "ID Number": "14428610"
  },
  {
    "ID Number": "14407159"
  },
  {
    "ID Number": "14410583"
  },
  {
    "ID Number": "14411954"
  },
  {
    "ID Number": "14401819"
  },
  {
    "ID Number": "14417006"
  },
  {
    "ID Number": "14413817"
  },
  {
    "ID Number": "14423979"
  },
  {
    "ID Number": "14437775"
  },
  {
    "ID Number": "14417235"
  },
  {
    "ID Number": "14405954"
  },
  {
    "ID Number": "14425912"
  },
  {
    "ID Number": "14425920"
  },
  {
    "ID Number": "14419130"
  },
  {
    "ID Number": "14413302"
  },
  {
    "ID Number": "14402939"
  },
  {
    "ID Number": "14433427"
  },
  {
    "ID Number": "14428512"
  },
  {
    "ID Number": "921130"
  },
  {
    "ID Number": "14433729"
  },
  {
    "ID Number": "14432595"
  },
  {
    "ID Number": "14440482"
  },
  {
    "ID Number": "14431220"
  },
  {
    "ID Number": "14415240"
  },
  {
    "ID Number": "14408414"
  },
  {
    "ID Number": "14436809"
  },
  {
    "ID Number": "14434830"
  },
  {
    "ID Number": "14437317"
  },
  {
    "ID Number": "14418843"
  },
  {
    "ID Number": "14402114"
  },
  {
    "ID Number": "14440857"
  },
  {
    "ID Number": "14413884"
  },
  {
    "ID Number": "14401568"
  },
  {
    "ID Number": "14415054"
  },
  {
    "ID Number": "14401584"
  },
  {
    "ID Number": "14425718"
  },
  {
    "ID Number": "14604434"
  },
  {
    "ID Number": "14425726"
  },
  {
    "ID Number": "14408139"
  },
  {
    "ID Number": "14404338"
  },
  {
    "ID Number": "14412098"
  },
  {
    "ID Number": "14406837"
  },
  {
    "ID Number": "14433290"
  },
  {
    "ID Number": "14406527"
  },
  {
    "ID Number": "14430886"
  },
  {
    "ID Number": "14422212"
  },
  {
    "ID Number": "14415976"
  },
  {
    "ID Number": "14435284"
  },
  {
    "ID Number": "14405105"
  },
  {
    "ID Number": "14412047"
  },
  {
    "ID Number": "14423111"
  },
  {
    "ID Number": "14428547"
  },
  {
    "ID Number": "14423642"
  },
  {
    "ID Number": "14430894"
  },
  {
    "ID Number": "14401649"
  },
  {
    "ID Number": "14406276"
  },
  {
    "ID Number": "14405369"
  },
  {
    "ID Number": "14421160"
  },
  {
    "ID Number": "14417340"
  },
  {
    "ID Number": "14401169"
  },
  {
    "ID Number": "14401363"
  },
  {
    "ID Number": "14428911"
  },
  {
    "ID Number": "14406438"
  },
  {
    "ID Number": "14421518"
  },
  {
    "ID Number": "14423812"
  },
  {
    "ID Number": "14432005"
  },
  {
    "ID Number": "14427125"
  },
  {
    "ID Number": "14401657"
  },
  {
    "ID Number": "14441063"
  },
  {
    "ID Number": "14416409"
  },
  {
    "ID Number": "14413760"
  },
  {
    "ID Number": "14427443"
  },
  {
    "ID Number": "14410591"
  },
  {
    "ID Number": "14436620"
  },
  {
    "ID Number": "14429799"
  },
  {
    "ID Number": "14432170"
  },
  {
    "ID Number": "14412101"
  },
  {
    "ID Number": "14412063"
  },
  {
    "ID Number": "901512"
  },
  {
    "ID Number": "14434768"
  },
  {
    "ID Number": "14429950"
  },
  {
    "ID Number": "14422964"
  },
  {
    "ID Number": "14428334"
  },
  {
    "ID Number": "14403200"
  },
  {
    "ID Number": "14431688"
  },
  {
    "ID Number": "2606160"
  },
  {
    "ID Number": "14409259"
  },
  {
    "ID Number": "14431823"
  },
  {
    "ID Number": "14412896"
  },
  {
    "ID Number": "14432161"
  },
  {
    "ID Number": "14400014"
  },
  {
    "ID Number": "14419440"
  },
  {
    "ID Number": "14408716"
  },
  {
    "ID Number": "14408724"
  },
  {
    "ID Number": "14441624"
  },
  {
    "ID Number": "14414902"
  },
  {
    "ID Number": "14436639"
  },
  {
    "ID Number": "14409291"
  },
  {
    "ID Number": "14409038"
  },
  {
    "ID Number": "14410249"
  },
  {
    "ID Number": "14412276"
  },
  {
    "ID Number": "14415178"
  },
  {
    "ID Number": "14402149"
  },
  {
    "ID Number": "14413507"
  },
  {
    "ID Number": "14418860"
  },
  {
    "ID Number": "14413337"
  },
  {
    "ID Number": "14421003"
  },
  {
    "ID Number": "14404974"
  },
  {
    "ID Number": "14432250"
  },
  {
    "ID Number": "14420643"
  },
  {
    "ID Number": "14401797"
  },
  {
    "ID Number": "14416654"
  },
  {
    "ID Number": "14401886"
  },
  {
    "ID Number": "14407906"
  },
  {
    "ID Number": "14429900"
  },
  {
    "ID Number": "14429462"
  },
  {
    "ID Number": "14413779"
  },
  {
    "ID Number": "14425130"
  },
  {
    "ID Number": "14404982"
  },
  {
    "ID Number": "14422972"
  },
  {
    "ID Number": "14422930"
  },
  {
    "ID Number": "14407531"
  },
  {
    "ID Number": "14425521"
  },
  {
    "ID Number": "14422956"
  },
  {
    "ID Number": "14401908"
  },
  {
    "ID Number": "14435292"
  },
  {
    "ID Number": "14413078"
  },
  {
    "ID Number": "14423650"
  },
  {
    "ID Number": "14427141"
  },
  {
    "ID Number": "14439859"
  },
  {
    "ID Number": "14433630"
  },
  {
    "ID Number": "14433524"
  },
  {
    "ID Number": "14430053"
  },
  {
    "ID Number": "14414848"
  },
  {
    "ID Number": "14422263"
  },
  {
    "ID Number": "14416662"
  },
  {
    "ID Number": "14418894"
  },
  {
    "ID Number": "14416670"
  },
  {
    "ID Number": "14406284"
  },
  {
    "ID Number": "14422050"
  },
  {
    "ID Number": "14422069"
  },
  {
    "ID Number": "14443651"
  },
  {
    "ID Number": "14421178"
  },
  {
    "ID Number": "14405121"
  },
  {
    "ID Number": "14405075"
  },
  {
    "ID Number": "14431645"
  },
  {
    "ID Number": "14422450"
  },
  {
    "ID Number": "14406390"
  },
  {
    "ID Number": "14406446"
  },
  {
    "ID Number": "14402467"
  },
  {
    "ID Number": "14403269"
  },
  {
    "ID Number": "14404877"
  },
  {
    "ID Number": "14428253"
  },
  {
    "ID Number": "14430908"
  },
  {
    "ID Number": "14402718"
  },
  {
    "ID Number": "14405571"
  },
  {
    "ID Number": "14419343"
  },
  {
    "ID Number": "14406209"
  },
  {
    "ID Number": "14429624"
  },
  {
    "ID Number": "14413868"
  },
  {
    "ID Number": "14422620"
  },
  {
    "ID Number": "14408619"
  },
  {
    "ID Number": "14416700"
  },
  {
    "ID Number": "14420333"
  },
  {
    "ID Number": "14407086"
  },
  {
    "ID Number": "14420813"
  },
  {
    "ID Number": "14420112"
  },
  {
    "ID Number": "14406497"
  },
  {
    "ID Number": "14412616"
  },
  {
    "ID Number": "14411962"
  },
  {
    "ID Number": "14415186"
  },
  {
    "ID Number": "14409267"
  },
  {
    "ID Number": "14417715"
  },
  {
    "ID Number": "14407540"
  },
  {
    "ID Number": "14440822"
  },
  {
    "ID Number": "14436728"
  },
  {
    "ID Number": "14412888"
  },
  {
    "ID Number": "9217902"
  },
  {
    "ID Number": "14414503"
  },
  {
    "ID Number": "14411334"
  },
  {
    "ID Number": "14405717"
  },
  {
    "ID Number": "14418452"
  },
  {
    "ID Number": "14428300"
  },
  {
    "ID Number": "14421194"
  },
  {
    "ID Number": "14405008"
  },
  {
    "ID Number": "14401479"
  },
  {
    "ID Number": "14416441"
  },
  {
    "ID Number": "14410257"
  },
  {
    "ID Number": "14420457"
  },
  {
    "ID Number": "14423120"
  },
  {
    "ID Number": "14408287"
  },
  {
    "ID Number": "924750"
  },
  {
    "ID Number": "14400510"
  },
  {
    "ID Number": "14425084"
  },
  {
    "ID Number": "14402580"
  },
  {
    "ID Number": "14404400"
  },
  {
    "ID Number": "14550202"
  },
  {
    "ID Number": "14432285"
  },
  {
    "ID Number": "14421208"
  },
  {
    "ID Number": "14405016"
  },
  {
    "ID Number": "14415712"
  },
  {
    "ID Number": "14412144"
  },
  {
    "ID Number": "14440032"
  },
  {
    "ID Number": "14435586"
  },
  {
    "ID Number": "14410168"
  },
  {
    "ID Number": "14404664"
  },
  {
    "ID Number": "14410176"
  },
  {
    "ID Number": "14410184"
  },
  {
    "ID Number": "14403030"
  },
  {
    "ID Number": "14405024"
  },
  {
    "ID Number": "14421216"
  },
  {
    "ID Number": "14410095"
  },
  {
    "ID Number": "909017"
  },
  {
    "ID Number": "14441950"
  },
  {
    "ID Number": "14443210"
  },
  {
    "ID Number": "14438844"
  },
  {
    "ID Number": "14414929"
  },
  {
    "ID Number": "14410265"
  },
  {
    "ID Number": "14414074"
  },
  {
    "ID Number": "14440814"
  },
  {
    "ID Number": "924164"
  },
  {
    "ID Number": "930849"
  },
  {
    "ID Number": "14441632"
  },
  {
    "ID Number": "14419114"
  },
  {
    "ID Number": "14416735"
  },
  {
    "ID Number": "14407914"
  },
  {
    "ID Number": "14406160"
  },
  {
    "ID Number": "905445"
  },
  {
    "ID Number": "14429136"
  },
  {
    "ID Number": "14438720"
  },
  {
    "ID Number": "14427931"
  },
  {
    "ID Number": "14443007"
  },
  {
    "ID Number": "14414520"
  },
  {
    "ID Number": "14437783"
  },
  {
    "ID Number": "14411369"
  },
  {
    "ID Number": "14425190"
  },
  {
    "ID Number": "14401770"
  },
  {
    "ID Number": "14425360"
  },
  {
    "ID Number": "14429063"
  },
  {
    "ID Number": "14417723"
  },
  {
    "ID Number": "14414112"
  },
  {
    "ID Number": "921157"
  },
  {
    "ID Number": "14402335"
  },
  {
    "ID Number": "14417731"
  },
  {
    "ID Number": "14444178"
  },
  {
    "ID Number": "14413167"
  },
  {
    "ID Number": "14444186"
  },
  {
    "ID Number": "14411377"
  },
  {
    "ID Number": "14424525"
  },
  {
    "ID Number": "14413639"
  },
  {
    "ID Number": "14402432"
  },
  {
    "ID Number": "14407922"
  },
  {
    "ID Number": "14416204"
  },
  {
    "ID Number": "14411393"
  },
  {
    "ID Number": "14420651"
  },
  {
    "ID Number": "14411768"
  },
  {
    "ID Number": "14405032"
  },
  {
    "ID Number": "14407728"
  },
  {
    "ID Number": "14419513"
  },
  {
    "ID Number": "14416310"
  },
  {
    "ID Number": "14423359"
  },
  {
    "ID Number": "14400766"
  },
  {
    "ID Number": "14424789"
  },
  {
    "ID Number": "14417740"
  },
  {
    "ID Number": "14415984"
  },
  {
    "ID Number": "14404524"
  },
  {
    "ID Number": "14442183"
  },
  {
    "ID Number": "14413175"
  },
  {
    "ID Number": "14401983"
  },
  {
    "ID Number": "14402602"
  },
  {
    "ID Number": "14421224"
  },
  {
    "ID Number": "14444500"
  },
  {
    "ID Number": "14402289"
  },
  {
    "ID Number": "922927"
  },
  {
    "ID Number": "14436914"
  },
  {
    "ID Number": "14423154"
  },
  {
    "ID Number": "14444216"
  },
  {
    "ID Number": "14401410"
  },
  {
    "ID Number": "14429683"
  },
  {
    "ID Number": "14433176"
  },
  {
    "ID Number": "14406667"
  },
  {
    "ID Number": "14411067"
  },
  {
    "ID Number": "14428946"
  },
  {
    "ID Number": "14431092"
  },
  {
    "ID Number": "14411776"
  },
  {
    "ID Number": "14403838"
  },
  {
    "ID Number": "14422077"
  },
  {
    "ID Number": "14402173"
  },
  {
    "ID Number": "14431416"
  },
  {
    "ID Number": "14438364"
  },
  {
    "ID Number": "14413523"
  },
  {
    "ID Number": "14433095"
  },
  {
    "ID Number": "14417421"
  },
  {
    "ID Number": "14433788"
  },
  {
    "ID Number": "14412870"
  },
  {
    "ID Number": "14409747"
  },
  {
    "ID Number": "14406675"
  },
  {
    "ID Number": "14413566"
  },
  {
    "ID Number": "14406535"
  },
  {
    "ID Number": "14406292"
  },
  {
    "ID Number": "14443201"
  },
  {
    "ID Number": "14439719"
  },
  {
    "ID Number": "14433931"
  },
  {
    "ID Number": "14415810"
  },
  {
    "ID Number": "14424959"
  },
  {
    "ID Number": "14422085"
  },
  {
    "ID Number": "14401959"
  },
  {
    "ID Number": "14408945"
  },
  {
    "ID Number": "14442132"
  },
  {
    "ID Number": "14424436"
  },
  {
    "ID Number": "14415720"
  },
  {
    "ID Number": "14420660"
  },
  {
    "ID Number": "14408333"
  },
  {
    "ID Number": "14422638"
  },
  {
    "ID Number": "14430649"
  },
  {
    "ID Number": "14437171"
  },
  {
    "ID Number": "14412624"
  },
  {
    "ID Number": "14437503"
  },
  {
    "ID Number": "14436493"
  },
  {
    "ID Number": "14409194"
  },
  {
    "ID Number": "14401290"
  },
  {
    "ID Number": "14425742"
  },
  {
    "ID Number": "914932"
  },
  {
    "ID Number": "14415313"
  },
  {
    "ID Number": "14417758"
  },
  {
    "ID Number": "14422581"
  },
  {
    "ID Number": "14425017"
  },
  {
    "ID Number": "14419521"
  },
  {
    "ID Number": "14401967"
  },
  {
    "ID Number": "14418231"
  },
  {
    "ID Number": "14411520"
  },
  {
    "ID Number": "9215543"
  },
  {
    "ID Number": "904317"
  },
  {
    "ID Number": "14407949"
  },
  {
    "ID Number": "14442302"
  },
  {
    "ID Number": "14404133"
  },
  {
    "ID Number": "14405989"
  },
  {
    "ID Number": "14416212"
  },
  {
    "ID Number": "14441250"
  },
  {
    "ID Number": "14407590"
  },
  {
    "ID Number": "14407604"
  },
  {
    "ID Number": "14402505"
  },
  {
    "ID Number": "14415682"
  },
  {
    "ID Number": "14405458"
  },
  {
    "ID Number": "14431696"
  },
  {
    "ID Number": "14413272"
  },
  {
    "ID Number": "14431424"
  },
  {
    "ID Number": "14409372"
  },
  {
    "ID Number": "14417987"
  },
  {
    "ID Number": "14418932"
  },
  {
    "ID Number": "14421062"
  },
  {
    "ID Number": "14410648"
  },
  {
    "ID Number": "14406403"
  },
  {
    "ID Number": "14413094"
  },
  {
    "ID Number": "14415887"
  },
  {
    "ID Number": "14409070"
  },
  {
    "ID Number": "929328"
  },
  {
    "ID Number": "14401690"
  },
  {
    "ID Number": "14417570"
  },
  {
    "ID Number": "14408953"
  },
  {
    "ID Number": "14401975"
  },
  {
    "ID Number": "14412632"
  },
  {
    "ID Number": "14409305"
  },
  {
    "ID Number": "14417243"
  },
  {
    "ID Number": "14419530"
  },
  {
    "ID Number": "14428962"
  },
  {
    "ID Number": "14403854"
  },
  {
    "ID Number": "14403862"
  },
  {
    "ID Number": "14441101"
  },
  {
    "ID Number": "14419882"
  },
  {
    "ID Number": "14444852"
  },
  {
    "ID Number": "14418940"
  },
  {
    "ID Number": "14429233"
  },
  {
    "ID Number": "14422913"
  },
  {
    "ID Number": "941581"
  },
  {
    "ID Number": "14407639"
  },
  {
    "ID Number": "14439433"
  },
  {
    "ID Number": "14439441"
  },
  {
    "ID Number": "14439301"
  },
  {
    "ID Number": "14440180"
  },
  {
    "ID Number": "14421100"
  },
  {
    "ID Number": "14440059"
  },
  {
    "ID Number": "14441470"
  },
  {
    "ID Number": "14402009"
  },
  {
    "ID Number": "14410664"
  },
  {
    "ID Number": "14410737"
  },
  {
    "ID Number": "14438135"
  },
  {
    "ID Number": "14438143"
  },
  {
    "ID Number": "14429861"
  },
  {
    "ID Number": "14404753"
  },
  {
    "ID Number": "14409275"
  },
  {
    "ID Number": "14402351"
  },
  {
    "ID Number": "14418622"
  },
  {
    "ID Number": "14420368"
  },
  {
    "ID Number": "14439786"
  },
  {
    "ID Number": "14434024"
  },
  {
    "ID Number": "14402378"
  },
  {
    "ID Number": "14407647"
  },
  {
    "ID Number": "14431700"
  },
  {
    "ID Number": "14403870"
  },
  {
    "ID Number": "934356"
  },
  {
    "ID Number": "14421011"
  },
  {
    "ID Number": "14417790"
  },
  {
    "ID Number": "14415194"
  },
  {
    "ID Number": "14410745"
  },
  {
    "ID Number": "14433656"
  },
  {
    "ID Number": "14433001"
  },
  {
    "ID Number": "14433010"
  },
  {
    "ID Number": "14413183"
  },
  {
    "ID Number": "14414562"
  },
  {
    "ID Number": "14403889"
  },
  {
    "ID Number": "14433249"
  },
  {
    "ID Number": "14409763"
  },
  {
    "ID Number": "14411997"
  },
  {
    "ID Number": "14425610"
  },
  {
    "ID Number": "14408740"
  },
  {
    "ID Number": "14420570"
  },
  {
    "ID Number": "14400707"
  },
  {
    "ID Number": "14405253"
  },
  {
    "ID Number": "932027"
  },
  {
    "ID Number": "14411431"
  },
  {
    "ID Number": "14402610"
  },
  {
    "ID Number": "922692"
  },
  {
    "ID Number": "902969"
  },
  {
    "ID Number": "921190"
  },
  {
    "ID Number": "14403757"
  },
  {
    "ID Number": "14434466"
  },
  {
    "ID Number": "14414171"
  },
  {
    "ID Number": "14429152"
  },
  {
    "ID Number": "14433680"
  },
  {
    "ID Number": "14402513"
  },
  {
    "ID Number": "14412284"
  },
  {
    "ID Number": "14407655"
  },
  {
    "ID Number": "14427567"
  },
  {
    "ID Number": "14423669"
  },
  {
    "ID Number": "14426242"
  },
  {
    "ID Number": "14414554"
  },
  {
    "ID Number": "14429560"
  },
  {
    "ID Number": "14429578"
  },
  {
    "ID Number": "14435187"
  },
  {
    "ID Number": "14441268"
  },
  {
    "ID Number": "14415461"
  },
  {
    "ID Number": "14441489"
  },
  {
    "ID Number": "14433958"
  },
  {
    "ID Number": "14437481"
  },
  {
    "ID Number": "14404354"
  },
  {
    "ID Number": "14441640"
  },
  {
    "ID Number": "14402203"
  },
  {
    "ID Number": "14400820"
  },
  {
    "ID Number": "14416450"
  },
  {
    "ID Number": "14436086"
  },
  {
    "ID Number": "14413795"
  },
  {
    "ID Number": "14433621"
  },
  {
    "ID Number": "14409380"
  },
  {
    "ID Number": "14404532"
  },
  {
    "ID Number": "14425831"
  },
  {
    "ID Number": "14414996"
  },
  {
    "ID Number": "14431106"
  },
  {
    "ID Number": "14440199"
  },
  {
    "ID Number": "14412861"
  },
  {
    "ID Number": "14441667"
  },
  {
    "ID Number": "14419467"
  },
  {
    "ID Number": "14425068"
  },
  {
    "ID Number": "14400359"
  },
  {
    "ID Number": "14432625"
  },
  {
    "ID Number": "14433745"
  },
  {
    "ID Number": "14434954"
  },
  {
    "ID Number": "14444526"
  },
  {
    "ID Number": "14444534"
  },
  {
    "ID Number": "14412187"
  },
  {
    "ID Number": "14410680"
  },
  {
    "ID Number": "14417065"
  },
  {
    "ID Number": "14423855"
  },
  {
    "ID Number": "14401401"
  },
  {
    "ID Number": "14406330"
  },
  {
    "ID Number": "14412942"
  },
  {
    "ID Number": "14438038"
  },
  {
    "ID Number": "14405725"
  },
  {
    "ID Number": "14406926"
  },
  {
    "ID Number": "14428660"
  },
  {
    "ID Number": "14428679"
  },
  {
    "ID Number": "14426064"
  },
  {
    "ID Number": "921718"
  },
  {
    "ID Number": "14427249"
  },
  {
    "ID Number": "921173"
  },
  {
    "ID Number": "14418240"
  },
  {
    "ID Number": "14431750"
  },
  {
    "ID Number": "14437392"
  },
  {
    "ID Number": "14439042"
  },
  {
    "ID Number": "14407663"
  },
  {
    "ID Number": "14408422"
  },
  {
    "ID Number": "14440989"
  },
  {
    "ID Number": "14406217"
  },
  {
    "ID Number": "14428261"
  },
  {
    "ID Number": "14401053"
  },
  {
    "ID Number": "14411458"
  },
  {
    "ID Number": "14401070"
  },
  {
    "ID Number": "14403110"
  },
  {
    "ID Number": "14404761"
  },
  {
    "ID Number": "14423677"
  },
  {
    "ID Number": "14403773"
  },
  {
    "ID Number": "14416794"
  },
  {
    "ID Number": "14410362"
  },
  {
    "ID Number": "14400871"
  },
  {
    "ID Number": "14410281"
  },
  {
    "ID Number": "14402750"
  },
  {
    "ID Number": "14417413"
  },
  {
    "ID Number": "14402890"
  },
  {
    "ID Number": "14406349"
  },
  {
    "ID Number": "14433435"
  },
  {
    "ID Number": "14438046"
  },
  {
    "ID Number": "14440881"
  },
  {
    "ID Number": "14416808"
  },
  {
    "ID Number": "14406225"
  },
  {
    "ID Number": "14412241"
  },
  {
    "ID Number": "14420600"
  },
  {
    "ID Number": "14418002"
  },
  {
    "ID Number": "14420473"
  },
  {
    "ID Number": "14414600"
  },
  {
    "ID Number": "14403021"
  },
  {
    "ID Number": "14419122"
  },
  {
    "ID Number": "14417103"
  },
  {
    "ID Number": "14420589"
  },
  {
    "ID Number": "14442191"
  },
  {
    "ID Number": "14444194"
  },
  {
    "ID Number": "14422310"
  },
  {
    "ID Number": "14420597"
  },
  {
    "ID Number": "14427877"
  },
  {
    "ID Number": "14443120"
  },
  {
    "ID Number": "14420830"
  },
  {
    "ID Number": "14434636"
  },
  {
    "ID Number": "14410699"
  },
  {
    "ID Number": "14417294"
  },
  {
    "ID Number": "14412691"
  },
  {
    "ID Number": "14412705"
  },
  {
    "ID Number": "14406462"
  },
  {
    "ID Number": "14407671"
  },
  {
    "ID Number": "14407680"
  },
  {
    "ID Number": "14427028"
  },
  {
    "ID Number": "14416840"
  },
  {
    "ID Number": "900273"
  },
  {
    "ID Number": "14430037"
  },
  {
    "ID Number": "14422476"
  },
  {
    "ID Number": "14417588"
  },
  {
    "ID Number": "14415321"
  },
  {
    "ID Number": "14420287"
  },
  {
    "ID Number": "14443139"
  },
  {
    "ID Number": "14418010"
  },
  {
    "ID Number": "14420848"
  },
  {
    "ID Number": "14429934"
  },
  {
    "ID Number": "14400669"
  },
  {
    "ID Number": "14441241"
  },
  {
    "ID Number": "14415372"
  },
  {
    "ID Number": "14436515"
  },
  {
    "ID Number": "14404583"
  },
  {
    "ID Number": "14417596"
  },
  {
    "ID Number": "14409526"
  },
  {
    "ID Number": "14405610"
  },
  {
    "ID Number": "14408392"
  },
  {
    "ID Number": "14403196"
  },
  {
    "ID Number": "14432030"
  },
  {
    "ID Number": "14433265"
  },
  {
    "ID Number": "14409208"
  },
  {
    "ID Number": "4701631"
  },
  {
    "ID Number": "14413809"
  },
  {
    "ID Number": "14403447"
  },
  {
    "ID Number": "14420856"
  },
  {
    "ID Number": "14420864"
  },
  {
    "ID Number": "14439077"
  },
  {
    "ID Number": "14436523"
  },
  {
    "ID Number": "14419300"
  },
  {
    "ID Number": "14412373"
  },
  {
    "ID Number": "14434644"
  },
  {
    "ID Number": "14421720"
  },
  {
    "ID Number": "14412233"
  },
  {
    "ID Number": "14413280"
  },
  {
    "ID Number": "14412713"
  },
  {
    "ID Number": "14416859"
  },
  {
    "ID Number": "14413876"
  },
  {
    "ID Number": "14402998"
  },
  {
    "ID Number": "14421097"
  },
  {
    "ID Number": "14428423"
  },
  {
    "ID Number": "14402629"
  },
  {
    "ID Number": "14407752"
  }
]