ID Number,Name,Fed,Sex,Title,WTit,OTit,FOA,Rating,Gms,K,B-day,Flag
13804472,"Abaeva, Aiana",KGZ,F,WCM,WCM,,1716,AUG25,8,40,2009,w
13824554,"Abbasov, Abdurashit",KGZ,M,,,,1649,AUG25,0,20,1946,i
13854690,"Abdalov, Tilek",KGZ,M,,,,1409,AUG25,0,40,2011,
13853139,"Abdiev, Malik",KGZ,M,,,,1498,AUG25,0,40,1963,
13840460,"Abdiev, Sultan",KGZ,M,,,,1444,AUG25,0,20,1976,
13834738,"Abdimitalipov, Abai",KGZ,M,,,,1790,AUG25,0,40,2008,
13845179,"Abdimitalipov, Bakai",KGZ,M,,,,1541,AUG25,0,40,2013,i
13811991,"Abdimuktarov, Alihan",KGZ,M,,,,1491,AUG25,0,40,2011,i
13816179,"Abdirazakova, Erkeaiym",KGZ,F,,,,1476,AUG25,0,20,2003,wi
13805819,"Abdivaliev, Baktyiar",KGZ,M,,,,1492,AUG25,0,20,1999,i
13804413,"Abdivaliev, Daniial",KGZ,M,,,,1698,AUG25,0,20,1994,i
13836633,"Abdizhalilov, Iliyaz",KGZ,M,,,,1613,AUG25,7,40,2008,
13802364,"Abdrahmanov, Abduvali",KGZ,M,,,,1769,AUG25,0,20,1968,i
13824295,"Abdraimov, Aibek",KGZ,M,,,,1511,AUG25,0,20,2003,i
13823469,"Abdraimov, Aidarbek",KGZ,M,,,,1800,AUG25,0,20,2000,i
13847589,"Abdrashidov, Ramazan",KGZ,M,,,,1420,AUG25,0,40,2010,i
13821385,"Abdullaev, Ysmayil",KGZ,M,,,,1686,AUG25,0,20,1995,i
13800256,"Abdurahmanov, Kamil",KGZ,M,,NA,,1684,AUG25,0,20,1954,
13814044,"Abdurahmanova, Dilyara",KGZ,M,,,,1435,AUG25,0,20,1990,i
13807374,"Abdurahmanova, Ramina",KGZ,F,,,,1551,AUG25,0,40,2008,wi
13802925,"Abdurasulov, Maksat",KGZ,M,,,,1705,AUG25,0,20,2003,i
13843575,"Abduvaliev, Abubakir",KGZ,M,,,,1584,AUG25,0,40,2011,
13814559,"Abdygulov, Akbar",KGZ,M,,,,1676,AUG25,0,40,2008,i
13820672,"Abdykadyrov, Baiel",KGZ,M,,,,1404,AUG25,0,40,2008,i
13820680,"Abdykadyrov, Baitemir",KGZ,M,,,,1471,AUG25,0,40,2006,i
13830066,"Abdykadyrov, Suban",KGZ,M,,,,1595,AUG25,0,20,1979,i
13838083,"Abdykalykov, Zhamgyrchy",KGZ,M,,,,1716,AUG25,0,40,1985,i
13806840,"Abdyldaev, Aziret",KGZ,M,,,,1559,AUG25,0,20,2004,i
13840207,"Abdyldaev, Bakyt",KGZ,M,,,,1636,AUG25,0,20,1990,i
13803476,"Abdyldaev, Nurislam",KGZ,M,,,,AFM,AUG25,1653,0,2007,i
13818007,"Abdyldaev, Nurzhigit",KGZ,M,,,,1619,AUG25,0,40,2009,i
13806220,"Abdyldaeva, Safiya",KGZ,F,,,,1492,AUG25,0,40,2010,wi
13804669,"Abdyrahmanov, Akylbek",KGZ,M,,,,1584,AUG25,0,20,1982,
13824597,"Abdyrahmanov, Osmonbek",KGZ,M,,,,1506,AUG25,0,40,2008,i
13820702,"Abdyrahmanov, Rysbek",KGZ,M,,,,1575,AUG25,0,20,2003,i
13852388,"Abdyraiimov, Imarbek",KGZ,M,,,,1452,AUG25,0,40,2007,
13803700,"Abdyraimov, Smail",KGZ,M,,,,1688,AUG25,5,20,1956,
13833227,"Abdyzhapar Uulu, Suiun",KGZ,M,,,,1692,AUG25,0,20,1993,i
13800337,"Abdyzhapar, Asylbek",KGZ,M,IM,,,2322,AUG25,9,10,1988,
13800361,"Abdyzhaparov, Aidar",KGZ,M,,,,1948,AUG25,0,20,1978,
13803395,"Abdyzhaparov, Sultan",KGZ,M,,,,1644,AUG25,0,20,2004,i
13809784,"Abdyzhaparov, Tynchtyk",KGZ,M,,,,1654,AUG25,0,20,1988,
13805770,"Abibulaev, Erlan",KGZ,M,,,,1598,AUG25,0,20,1992,i
13800973,"Abidov, Sabirdzhan",KGZ,M,,,,1905,AUG25,0,20,1951,i
13818708,"Abykeev, Taalaibek",KGZ,M,,,,1525,AUG25,0,40,2008,i
13812009,"Abylaev, Ahmed",KGZ,M,,,,1562,AUG25,0,40,2008,i
13812017,"Abylaev, Aktilek",KGZ,M,,,,1492,AUG25,0,40,2010,i
13818716,"Abylgaziev, Adis",KGZ,M,,,,1578,AUG25,0,40,2007,i
13840991,"Abylkasymov, Almaz",KGZ,M,,,,1596,AUG25,0,20,1962,i
13803263,"Abylkasymov, Kairatbek",KGZ,M,,FA,,1984,AUG25,0,20,2001,
13840070,"Abylov, Akylbek",KGZ,M,,,,1525,AUG25,0,20,1969,
13823485,"Adebaev, Zhandos",KGZ,M,,,,1794,AUG25,0,20,2000,i
13806424,"Adylov, Esendiiar",KGZ,M,,,,1886,AUG25,0,20,1998,i
13824589,"Adzhibekov, Azamat",KGZ,M,,,,1614,AUG25,0,40,2010,i
13809571,"Agalykova, Angelina",KGZ,F,,,,1567,AUG25,0,40,2009,wi
13833235,"Ahmadov, Muhtoridin",KGZ,M,,,,1735,AUG25,0,20,1990,i
13844482,"Ahmedov, Muhtoriddin",KGZ,M,,,,1801,AUG25,0,20,1959,i
13817728,"Aibashev, Talai",KGZ,M,,,,1772,AUG25,0,20,1977,
13832824,"Aibashov, Taalai",KGZ,M,,,,1776,AUG25,0,20,1977,i
13839195,"Aidarbekov, Atai",KGZ,M,,,,1473,AUG25,0,40,2009,i
13817540,"Aidraliev, Oruzbai",KGZ,M,,,,1509,AUG25,0,20,1938,i
13840215,"Aitaliev, Alim",KGZ,M,,,,1669,AUG25,0,20,1961,
13840509,"Aitiev, Munarbek",KGZ,M,,,,1494,AUG25,0,20,2001,i
13840088,"Aitiev, Taalai",KGZ,M,,,,1666,AUG25,0,20,1969,i
13832832,"Aitiev, Talant",KGZ,M,,,,1623,AUG25,0,20,1959,i
13802372,"Aitmyrzaev, Kalybek",KGZ,M,,,,1713,AUG25,0,20,1984,i
13851128,"Aituganov, Dzhuma",KGZ,M,,,,1443,AUG25,0,40,1956,
13809660,"Aitymbetov, Esen",KGZ,M,,,,1628,AUG25,0,20,1987,i
13814257,"Akashev, Zhanuzak",KGZ,M,,,,1746,AUG25,0,20,1990,i
13806343,"Akbarkanov, Nurbai",KGZ,M,,,,1885,AUG25,0,20,2005,i
13800663,"Akerov, Dan",KGZ,M,,NA,,1875,AUG25,9,20,1992,
13832522,"Akimbekov, Mamat",KGZ,M,,,,1449,AUG25,0,20,1960,i
13800264,"Akimov, Israil",KGZ,M,,,,1800,AUG25,0,20,1963,i
13838539,"Akmataliev, Nurlan",KGZ,M,,,,1596,AUG25,0,20,1973,
13806882,"Akmatbekov, Aitegin",KGZ,M,,,,1768,AUG25,0,20,2003,i
13842803,"Akmatbekov, Chyngyz",KGZ,M,,,,1453,AUG25,0,20,1979,i
13841300,"Akmatov, Abdimitalip",KGZ,M,,,,1483,AUG25,0,20,1955,
13801600,"Akmatov, Altay",KGZ,M,,NA,,1783,AUG25,0,20,2003,i
13813668,"Akmatov, Askat",KGZ,M,,,,1527,AUG25,0,20,1987,i
13809210,"Akmatov, Zhoomart",KGZ,M,,,,AGM,AUG25,2063,15,2008,
13827022,"Akunov, Abdykadyr",KGZ,M,,,,1545,AUG25,0,40,1957,
13813471,"Akunov, Talant",KGZ,M,,,,1480,AUG25,0,20,1978,
13808095,"Akylbekov, Bekzhan",KGZ,M,,,,1420,AUG25,0,40,2010,i
13800353,"Akylbekov, Nasyr",KGZ,M,FM,,,2245,AUG25,0,20,1984,i
13828827,"Akynov, Azamat",KGZ,M,,,,1589,AUG25,0,40,2006,i
13811231,"Alaev, Abubakir",KGZ,M,,,,1888,AUG25,0,20,1953,i
13833243,"Alaichiev, Osmonbek",KGZ,M,,,,1664,AUG25,0,20,1993,
13802380,"Alaiev, Ababakir",KGZ,M,,,,1788,AUG25,0,20,1953,i
13800990,"Aldashukurov, Yrysbek",KGZ,M,,,,1865,AUG25,0,20,1977,
13813250,"Aleev, Eldar",KGZ,M,,,,1597,AUG25,0,40,2005,i
13826921,"Aliaskarov, Sanzhar",KGZ,M,,,,1641,AUG25,0,20,1995,i
13841688,"Aliev, Kubanbek",KGZ,M,,,,1512,AUG25,0,40,1954,
13836196,"Aliev, Kuvan",KGZ,M,,,,1736,AUG25,0,20,1954,i
13848798,"Alikov, Shabdan",KGZ,M,,,,AFM,AUG25,1493,0,2012,
13806181,"Alikova, Azhar",KGZ,F,,,,1518,AUG25,0,40,2011,wi
13845039,"Alimbekov, Adahan",KGZ,M,,,,1677,AUG25,0,40,2010,
13850830,"Alimbekov, Alinur",KGZ,M,,,,1435,AUG25,0,40,2013,
13807170,"Alisherov, Abdulla",KGZ,M,,,,1789,AUG25,0,20,1948,i
13802909,"Alisherov, Alikhan",KGZ,M,,,,1618,AUG25,0,40,2008,i
13851187,"Alisherov, Altai",KGZ,M,,,,1634,AUG25,0,40,2017,
13813544,"Alishev, Tokon",KGZ,M,,,,1500,AUG25,7,20,1958,
13844830,"Alkadyrov, Kadyr",KGZ,M,,,,1443,AUG25,0,20,1997,i
13804090,"Almanbetov, Kubanych",KGZ,M,,,,1840,AUG25,9,20,1985,
13822250,"Almazbek Uulu, Bakyt",KGZ,M,,,,1723,AUG25,0,20,2000,i
13830279,"Almazbekov, Alinur",KGZ,M,,,,1500,AUG25,0,40,2013,i
13847546,"Almazbekov, Bekzhan",KGZ,M,,,,1668,AUG25,7,40,2009,
13829947,"Almazbekov, Shabdan",KGZ,M,,,,1514,AUG25,0,20,1995,
13807676,"Altynbek kyzy, Asel",KGZ,F,,,,1632,AUG25,0,20,2004,wi
13801899,"Alybaev, Bolot",KGZ,M,,,,1707,AUG25,0,20,1955,
13702670,"Alybaev, Djekshenbek",KGZ,M,,,,1752,AUG25,9,20,1955,
13807765,"Alybakov, Nail",KGZ,M,,,,1633,AUG25,0,40,2011,
13800043,"Alymbai kyzy, Aizhan",KGZ,F,,,,1889,AUG25,0,20,1995,wi
13819372,"Alymbekov, Arslan",KGZ,M,,,,1627,AUG25,0,20,2006,i
13836200,"Amanbaev, Ishen",KGZ,M,,,,1651,AUG25,0,20,1942,i
13856162,"Amanbekov, Aman",KGZ,M,,,,1551,AUG25,0,40,2006,
13833499,"Amanbekova, Rozel",KGZ,F,,,,1478,AUG25,0,40,2011,wi
13804693,"Amangeldiev, Zalkar",KGZ,M,,,,1470,AUG25,0,40,2009,i
13808796,"Amankozhoev, Kerim",KGZ,M,,,,1442,AUG25,0,40,2008,i
13807773,"Amanov, Asad",KGZ,M,,,,1528,AUG25,0,40,2012,i
13823493,"Amanov, Dzanybek",KGZ,M,,,,1591,AUG25,0,20,1956,i
13803751,"Amanov, Nurdan",KGZ,M,,,,1620,AUG25,0,40,2006,i
13834100,"Amanova, Adiya",KGZ,F,,,,1503,AUG25,0,40,2013,wi
13806360,"Ametov, Nurdin",KGZ,M,,,,1492,AUG25,0,40,2006,i
13818732,"Amirazhanov, Bekbol",KGZ,M,,,,1881,AUG25,9,40,2008,
13808931,"Amirjan, Bekbolot",KGZ,M,,,,1594,AUG25,0,40,2008,i
13810456,"Anarbekov, Arstanbek",KGZ,M,,,,1524,AUG25,0,40,2010,i
13804154,"Anarkasov, Aidar",KGZ,M,,,,1736,AUG25,0,20,1999,i
13828207,"Anarkulov, Keremet",KGZ,M,,,,1681,AUG25,8,40,2007,
13804162,"Andasheva, Akylai",KGZ,F,,,,1665,AUG25,0,40,2007,wi
13805657,"Andasheva, Altynai",KGZ,F,,,,1648,AUG25,0,20,2001,wi
13833251,"Andykadyrov, Asan",KGZ,M,,,,1737,AUG25,0,20,1993,i
13849948,"Arapbaev, Islam",KGZ,M,,,,1483,AUG25,0,40,2014,
13800191,"Arishin, Sergei",KGZ,M,,,,2158,AUG25,0,20,1962,i
13801007,"Arstanbekov, Dzhanysh",KGZ,M,,,,1723,AUG25,0,20,1953,
13827839,"Arstanbekov, Nazaret",KGZ,M,,NA,,1596,AUG25,0,40,2006,
13816993,"Arynov, Ayar",KGZ,M,,,,1499,AUG25,0,40,2007,i
13814524,"Arzykulov, Taalaybek",KGZ,M,,,,1444,AUG25,0,20,1993,i
13819968,"Arzymatov, Dastan",KGZ,M,,,,1585,AUG25,0,40,2011,i
13802585,"Arzymatov, Rysbek",KGZ,M,,,,1785,AUG25,0,20,1958,i
13823361,"Asadov, Asad",KGZ,M,,,,1637,AUG25,0,20,1957,i
13800167,"Asanakunov, Zhumagazy",KGZ,M,,,,2010,AUG25,0,20,1988,i
13816926,"Asanbaev, Khanbolot",KGZ,M,,,,1662,AUG25,0,40,2011,i
13848305,"Asanbekov, Beksultan",KGZ,M,,,,1589,AUG25,7,40,2011,
13825437,"Asanbekov, Kanybek",KGZ,M,,,,1590,AUG25,0,40,2005,i
13834304,"Asanbekov, Urmatbek",KGZ,M,,,,1994,AUG25,0,20,1974,
13808621,"Asangariev, Nurel",KGZ,M,,,,1505,AUG25,0,40,2010,i
13841319,"Asankalyev, Makhmud",KGZ,M,,,,1523,AUG25,0,40,2014,
13846035,"Asankulov, Kambar",KGZ,M,,,,1480,AUG25,0,40,2016,i
13845454,"Asanov, Akylbek",KGZ,M,,,,1605,AUG25,0,40,1989,
13840452,"Asanov, Argen",KGZ,M,,,,1523,AUG25,0,20,1996,i
13801228,"Asanov, Erbol",KGZ,M,,,,1824,AUG25,0,20,1984,i
13800370,"Asanov, Turgun",KGZ,M,,,,1950,AUG25,0,20,1963,i
13811240,"Asanov, Zhakshibai",KGZ,M,,,,1767,AUG25,0,20,1951,i
13802984,"Asanova, Arina",KGZ,F,,,,1497,AUG25,0,40,2007,wi
13813480,"Ashimbekov, Ulukbek",KGZ,M,,,,1654,AUG25,0,20,1980,i
13823655,"Ashirahunova, Diana",KGZ,M,,,,1469,AUG25,0,40,2010,i
13827120,"Ashirbaev, Emir",KGZ,M,,,,1549,AUG25,0,40,2010,i
13809776,"Asylbekov, Baktybek",KGZ,M,,,,1858,AUG25,0,20,1978,i
13836218,"Asylbekov, Boris",KGZ,M,,,,1585,AUG25,0,20,1959,i
13804731,"Asylbekov, Ulan",KGZ,M,,,,1456,AUG25,0,40,2009,i
13856146,"Atabekov, Turgunbek",KGZ,M,,,,1780,AUG25,0,40,1957,
13807803,"Ataibekov, Adilet",KGZ,M,,,,1533,AUG25,0,40,2011,i
13804138,"Ataibekov, Aibek",KGZ,M,,,,1623,AUG25,0,20,2006,i
13807196,"Ataibekova, Aisuluu",KGZ,F,,,,1426,AUG25,0,40,2012,wi
13802399,"Atakanov, Adil",KGZ,M,,,,1941,AUG25,0,20,2001,i
13806084,"Atambaev, Selim",KGZ,M,,,,ACM,AUG25,1581,0,2008,i
13836030,"Atashova, Zhanyl",KGZ,F,,,,1420,AUG25,0,20,2000,wi
13800418,"Attokurov, Adilet",KGZ,M,,NA,,1973,AUG25,0,20,1986,
13841661,"Attokurov, Zhumabek",KGZ,M,,,,1714,AUG25,0,20,2004,i
13836722,"Avazbekov, Elkhan",KGZ,M,,,,1551,AUG25,0,40,2013,i
13851519,"Ayilchiev, Chyngyz",KGZ,M,,,,1632,AUG25,0,40,1980,i
13811789,"Ayupov, Mulladzhan",KGZ,M,,,,1693,AUG25,0,20,2004,i
13808770,"Azarov, Alim",KGZ,M,,NA,,1470,AUG25,0,40,2007,i
13808761,"Azarov, Azim",KGZ,M,,NA,,1536,AUG25,0,40,2007,i
13805150,"Azhibaev, Keneshbek",KGZ,M,,,,1595,AUG25,14,20,1947,
13845861,"Azhibekov, Orol",KGZ,M,,,,1470,AUG25,0,40,1954,i
13801970,"Azhigulov, Nurmat",KGZ,M,,,,1789,AUG25,0,20,2002,i
13821032,"Azhykabylov, Sultangazy",KGZ,M,,,,1426,AUG25,0,20,1983,i
13818090,"Azimov, Aslan",KGZ,M,,,,AIM,AUG25,1773,9,2009,
13818082,"Azimov, Islam",KGZ,M,,,,1828,AUG25,9,40,2009,
13818104,"Azimov, Umar",KGZ,M,,,,1507,AUG25,0,40,2010,i
13818112,"Azimov, Usman",KGZ,M,,,,1440,AUG25,0,40,2010,i
13816934,"Azizova, Adilia",KGZ,F,,,,1550,AUG25,0,40,2011,wi
13816888,"Azizova, Nazilya",KGZ,F,,,,1569,AUG25,0,40,2009,wi
13833529,"Azybaev, Aydar",KGZ,M,,,,1549,AUG25,0,40,2011,i
13819976,"Azyrankulov, Aktilek",KGZ,M,,,,1645,AUG25,8,40,2012,
13815962,"Bagyshanov, Argen",KGZ,M,,,,1629,AUG25,0,20,2004,i
13829637,Bahramov Abdulaziz,KGZ,M,,,,1720,AUG25,0,20,2002,i
13848674,"Baisalov, Azamat",KGZ,M,,,,1543,AUG25,0,40,1981,
13800841,"Baisynov, Islambek",KGZ,M,,NA,,1876,AUG25,0,20,1980,
13831402,"Baitashov, Omuraly",KGZ,M,,,,1447,AUG25,0,20,1958,i
13842617,"Baiyshev, Iliyaz",KGZ,M,,,,1601,AUG25,0,40,2002,i
13808885,"Baizbekov, Nursaid",KGZ,M,,,,1495,AUG25,0,40,2008,i
13808842,"Bakaev, Hanmyrza",KGZ,M,,,,1625,AUG25,0,40,2007,i
13826263,"Bakhtiyar, Amirkhan",KGZ,M,,,,1413,AUG25,0,20,2000,i
13841327,"Baktybek Kyzy, Alika",KGZ,F,,,,1597,AUG25,0,40,2015,w
13826603,"Baktybekov, Dastan",KGZ,M,,,,1551,AUG25,0,40,2006,i
13819194,"Bakyt Kyzy, Kamila",KGZ,F,,,,1483,AUG25,0,40,2007,w
13809598,"Bakytbekov, Tilek",KGZ,M,,,,1696,AUG25,0,20,1992,i
13812467,"Bakytova, Altynai",KGZ,F,,,,1460,AUG25,0,40,2010,wi
13813404,"Bakytova, Begimay",KGZ,F,,,,1588,AUG25,0,20,2004,wi
13832425,"Baltabaev, Mamyt",KGZ,M,,,,1613,AUG25,0,20,1974,
13830112,"Baltabaeva, Keremet",KGZ,F,,,,1507,AUG25,0,40,2014,w
13814621,"Bapaev, Amir",KGZ,M,,,,1663,AUG25,0,40,2009,i
13832840,"Barktabasov, Kasymbek",KGZ,M,,,,1600,AUG25,0,20,1941,
13800850,"Batabaev, Mirgalim",KGZ,M,,,,1818,AUG25,0,20,1959,i
13826050,"Batyrbekov, Abdrahman",KGZ,M,,,,1684,AUG25,0,20,1959,i
13832530,"Batyrbekov, Kanatbek",KGZ,M,,,,1471,AUG25,0,40,1970,
13815024,"Batyrbekova, Miraida",KGZ,M,,,,1437,AUG25,0,20,2003,i
13850547,"Baysalov, Ruslan",KGZ,M,,,,1618,AUG25,0,40,2008,
13838369,"Bazakechev, Tugelbai",KGZ,M,,,,1482,AUG25,0,20,1955,i
13807560,"Bazarbaeva, Saadat",KGZ,F,,,,1632,AUG25,0,20,2005,wi
13848917,"Bazarkulov, Kairat",KGZ,M,,,,1592,AUG25,0,40,2006,
13801694,"Beisheev, Kanat",KGZ,M,,,,1810,AUG25,0,20,1967,
13802127,"Beishembaev, Beksultan",KGZ,M,,,,1798,AUG25,0,20,1998,i
13802135,"Beishembaev, Zhusup",KGZ,M,,,,1639,AUG25,0,20,1998,i
13803387,"Beishembiev, U",KGZ,M,,,,1729,AUG25,0,20,1961,i
13826468,"Beishenbekov, Kambar",KGZ,M,,,,1438,AUG25,0,40,2009,i
13816942,"Bekbasarova, Nurnisa",KGZ,F,,,,1636,AUG25,0,40,2007,wi
13823507,"Bekbauov, Marat",KGZ,M,,,,1717,AUG25,0,20,2000,i
13828851,"Bekboev, Iskender",KGZ,M,,,,1578,AUG25,0,40,2005,i
13834320,"Bekeshev, Marip",KGZ,M,,,,1522,AUG25,0,20,1962,i
13816063,"Beknazarov, Emir",KGZ,M,,,,AIM,AUG25,1935,9,2010,
13835483,"Beknazarov, Rahim",KGZ,M,,,,1563,AUG25,0,40,2015,
13842927,"Bekov, Rysbai",KGZ,M,,,,1479,AUG25,0,20,1979,
13828959,"Bekova, Urnisa",KGZ,M,,,,1713,AUG25,0,40,2010,i
13832557,"Bektemir uulu, Kairatbek",KGZ,M,,NA,,AIM,AUG25,1904,0,2005,
13835041,"Bektemirov, Bekzhan",KGZ,M,,,,1486,AUG25,0,40,2012,i
13847562,"Bekturganov, Tynchtykbek",KGZ,M,,,,1478,AUG25,0,40,2003,
13841335,"Bekturov, Atai",KGZ,M,,,,1515,AUG25,0,40,2014,i
13802801,"Bektursunov, Nursultan",KGZ,M,,FA,,AFM,AUG25,1720,0,2002,i
13854658,"Bekzhanova, Anipa",KGZ,F,,,,1463,AUG25,0,40,2011,w
13835726,"Belekov, Samidin",KGZ,M,,,,1663,AUG25,0,20,1965,i
13816870,"Berdibaeva, Edisa",KGZ,F,,,,1627,AUG25,0,40,2010,w
13832433,"Beshenov, Bekbol",KGZ,M,,,,1532,AUG25,0,40,2006,i
13803670,"Beshimov, Mikhail",KGZ,M,,,,1819,AUG25,0,20,2002,i
13840223,"Beshkempirov, Ilijaz",KGZ,M,,,,1636,AUG25,0,20,1990,i
13801708,"Bespalov, Alexandr",KGZ,M,,,,1786,AUG25,0,20,1947,i
13832719,"Bigeldiev, Ali",KGZ,M,,,,1487,AUG25,0,40,2015,
13845888,"Bijaliev, Maksat",KGZ,M,,,,1608,AUG25,0,40,1995,i
13814346,"Bikirov, Kubanychbek",KGZ,M,,,,1643,AUG25,0,20,1959,
13823035,"Birimkulov, Ruslan",KGZ,M,,,,1540,AUG25,0,40,2006,i
13821059,"Bolotbek Uulu, Zhumabek",KGZ,M,,,,1627,AUG25,0,20,1997,i
13822640,"Bolotbekov, Beksultan",KGZ,M,,,,1720,AUG25,0,40,2011,
13817426,"Bolotbekov, Sher-Mukhamed",KGZ,M,,,,1521,AUG25,0,40,2011,i
13823043,"Bolotov, Islam",KGZ,M,,,,1542,AUG25,0,40,2006,i
13804189,"Bolotov, Toktobek",KGZ,M,,,,1601,AUG25,0,20,1954,
13817876,"Bondarenko, Sergey",KGZ,M,,,,1595,AUG25,0,20,1959,i
13838130,"Boronbaev, Koshbai",KGZ,M,,NA,,1691,AUG25,0,20,1961,
13823515,"Botokanov, Kanat",KGZ,M,,,,1610,AUG25,0,20,2000,i
13814354,"Bugubaeva, Aiperi",KGZ,M,,,,1558,AUG25,0,20,2000,i
13832441,"Chakirov, Zamirbek",KGZ,M,,,,1765,AUG25,0,20,1973,
13852914,"Chalbaev, Asan",KGZ,M,,,,1534,AUG25,5,40,1970,
13815032,"Chatak Kyzy, Nurisa",KGZ,M,,,,1611,AUG25,0,20,2004,i
13832999,"Chelobaev, Rashit",KGZ,M,,,,1499,AUG25,0,20,1953,i
13850881,"Chengelov, Altynbek",KGZ,M,,,,1507,AUG25,0,20,1972,
13856022,"Chernetsov, Nikolai",KGZ,M,,,,1410,AUG25,0,40,1947,
13835475,"Choposhova, Inabat",KGZ,F,,,,1483,AUG25,0,40,1962,w
13803468,"Chubakov, Sultan",KGZ,M,FM,,,2091,AUG25,0,40,2007,i
13803158,"Chyngyz, Sultai",KGZ,M,CM,,,1722,AUG25,0,40,2010,i
13835270,"Chynybaev, Nuramir",KGZ,M,,,,1475,AUG25,0,40,2012,i
13846760,"Dabaev, Ermek",KGZ,M,,,,1481,AUG25,0,40,2017,
13801236,"Dadabaev, Zhanybek",KGZ,M,,,,1841,AUG25,0,20,1989,
13819909,"Daiyrbekov, Nursultan",KGZ,M,,,,1736,AUG25,9,20,2004,
381043108,"Damir, Talapker",KGZ,M,,"NI,IO,IA",,1761,AUG25,0,20,1995,i
13816071,"Daniarov, Eldar",KGZ,M,,,,1540,AUG25,0,40,2009,i
7817070,Daniyaal Lukhesar,KGZ,M,,,,1768,AUG25,12,40,2010,
13826271,"Daniyarov, Eldar",KGZ,M,,,,1428,AUG25,0,20,2000,i
13849697,"Daudov, Timur",KGZ,M,,,,1823,AUG25,8,40,2009,
13845691,"Dautov, Salman",KGZ,M,,,,1435,AUG25,0,40,2015,i
13833006,"Davletbaev, Bekzhan",KGZ,M,,,,1483,AUG25,0,40,2012,i
13849417,"Davletbaev, Rasul",KGZ,M,,,,1439,AUG25,0,40,1965,i
13802640,"Degenbaev, Aziz",KGZ,M,FM,,,2248,AUG25,0,20,2005,
13823965,"Denisakov, Murat",KGZ,M,,,,1564,AUG25,0,40,2007,i
13800442,"Derkembaev, Samatbek",KGZ,M,,,,1778,AUG25,9,20,1980,
13852604,"Divazov, Marsu",KGZ,M,,,,1697,AUG25,8,20,1949,
13840592,"Djumaliev, Talantbek",KGZ,M,,,,1788,AUG25,9,20,1983,
13829807,"Dogdurbaev, Bael",KGZ,M,,,,1446,AUG25,0,40,2013,
13841009,"Doolotaliev, Eraly",KGZ,M,,,,1535,AUG25,0,20,1980,
13818783,"Duhanin, Egor",KGZ,M,,,,1413,AUG25,0,40,2008,i
13850890,"Duisheev, Altyn",KGZ,M,,,,1658,AUG25,0,40,1982,i
13857614,"Duishenaliev, Akbar",KGZ,M,,,,1484,AUG25,5,40,2000,
13818155,"Duishenaliev, Dastan",KGZ,M,,,,1468,AUG25,8,40,2010,
13829734,"Duishenaliev, Eldar",KGZ,M,,,,1618,AUG25,0,40,2012,
13810812,"Duishenbekov, Elhan",KGZ,M,,,,1560,AUG25,0,40,2008,i
13803409,Dulatov Batyrbek,KGZ,M,,,,1947,AUG25,0,20,1961,i
13802780,"Dulatova, Aliia",KGZ,F,,,,1575,AUG25,0,20,1998,wi
13823078,"Dzhakypova, Chinara",KGZ,M,,,,1634,AUG25,0,40,1966,i
13813978,"Dzhansakov, Muratbek",KGZ,M,,,,1681,AUG25,0,20,1953,
13807030,"Dzhanyshbekov, Nursultan",KGZ,M,,,,1683,AUG25,0,20,2004,i
13830074,"Dzhanyzakov, Zamirbek",KGZ,M,,,,1607,AUG25,0,20,1963,
13836226,"Dzhaparaliev, Nurdin",KGZ,M,,,,1650,AUG25,0,20,1966,i
13803689,"Dzhaparov, Medet",KGZ,M,,NA,,1783,AUG25,0,20,1975,i
13836773,"Dzhaparova, Tatyna",KGZ,F,,,,1522,AUG25,0,40,2013,w
13839403,"Dzhasybaev, Zamir",KGZ,M,,,,1639,AUG25,0,20,1975,i
13835904,"Dzheenchoroev, Kubanychbek",KGZ,M,,,,1696,AUG25,0,20,1968,
13832263,"Dzhekshebaev, Nurali",KGZ,M,,,,1700,AUG25,0,40,2013,
13802470,"Dzhenaliev, Azamat",KGZ,M,,,,1901,AUG25,0,20,1986,
13806378,"Dzhetimishov, Batyrhan",KGZ,M,,,,1437,AUG25,0,40,2006,i
13832670,"Dzhilkybaev, Cholponbek",KGZ,M,,,,1554,AUG25,0,40,1956,
13846361,"Dzhumabekov, Azamat",KGZ,M,,,,1722,AUG25,0,40,2009,
13803298,"Dzhumaev, Taalaibek",KGZ,M,,,,1823,AUG25,0,20,1982,i
13804529,"Dzhumagulov, Almanbet",KGZ,M,,,,1722,AUG25,0,20,1952,i
13817604,"Dzhunusov, Abdylda",KGZ,M,,,,1687,AUG25,0,40,1946,i
13813986,"Dzhuraev, Baktiiar",KGZ,M,,,,1879,AUG25,0,20,1988,i
13801244,"Egemberdiev, Zulumbek",KGZ,M,,,,1713,AUG25,0,20,1992,i
13833820,"Elbrusov, Agil",KGZ,M,,,,1459,AUG25,0,40,2010,i
13808737,"Eldarov, Daniil",KGZ,M,,,,1448,AUG25,0,40,2008,i
13815075,"Eldiyar Uulu, Dilhan",KGZ,M,,,,1431,AUG25,0,20,2004,i
13813994,"Elebesov, Salavat",KGZ,M,,,,AFM,AUG25,1671,0,1996,i
13814273,"Engalychev, Evgeniy",KGZ,M,,,,1710,AUG25,0,20,1990,
13845993,"Erbaev, Zhalil",KGZ,M,,,,1545,AUG25,0,40,1965,i
13825143,"Ergeshev, Abduvasy",KGZ,M,,,,1644,AUG25,0,20,1961,
13805886,"Erkesariev, Cholponbek",KGZ,M,,,,1822,AUG25,0,20,1989,i
13826077,"Erkinbaev, Maksatbek",KGZ,M,,,,1500,AUG25,0,20,1959,i
13835920,"Erkinbek Kyzy, Nuraiym",KGZ,F,,,,1483,AUG25,0,20,2001,wi
13839411,"Ermamatov, Abdysh",KGZ,M,,,,1593,AUG25,0,20,1967,i
13835289,"Ermekov, Aaly",KGZ,M,,,,AIM,AUG25,1827,0,2011,
13845241,"Ermekov, Davles",KGZ,M,,,,1413,AUG25,0,40,2013,
13845250,"Ermekov, Davlet",KGZ,M,,,,1466,AUG25,0,40,2013,
13819704,"Ernisov, Nurdoolot",KGZ,M,,,,1506,AUG25,0,20,2004,i
13842005,"Esenaliev, Tabyshbek",KGZ,M,,,,1829,AUG25,17,20,1961,
13840231,"Esenaly Uulu, Azat",KGZ,M,,,,1761,AUG25,0,20,1990,
13836234,"Esenbaev, Azis",KGZ,M,,,,1476,AUG25,0,20,1988,i
13803573,"Esenbek kyzy, Aizhyldyz",KGZ,F,,,,1493,AUG25,0,40,2007,wi
13800736,"Esenbek Uulu, Bakai",KGZ,M,,NA,,1961,AUG25,9,20,1995,
13800680,"Esenbek Uulu, Ilimbek",KGZ,M,,"FI,IA",,AFM,AUG25,2054,0,1989,i
13824686,"Esengulov, Yryskeldi",KGZ,M,,,,1480,AUG25,0,40,2009,
13803727,"Eshbekov, Kattabek",KGZ,M,,,,2026,AUG25,0,20,1973,i
13832859,"Eshenaliev, Uzak",KGZ,M,,,,1830,AUG25,0,20,1973,
13835491,"Eshenkulov, Nurmat",KGZ,M,,,,1638,AUG25,0,20,1988,i
13836250,"Fossat, Maksim",KGZ,M,,,,1551,AUG25,0,20,1988,i
13845900,"Gainutdinova, Nargiza",KGZ,M,,,,1448,AUG25,0,40,1989,i
13818546,"Galyuk, Evelina",KGZ,F,,,,1433,AUG25,0,40,2009,w
13805800,"Gaparov, Shaimurza",KGZ,M,,,,1839,AUG25,0,20,1993,
13844601,"Gaziev, Iskandar",KGZ,M,,,,1729,AUG25,0,20,1964,i
13821130,"Gaziev, Iskhak",KGZ,M,,,,1745,AUG25,0,20,2000,i
13833278,"Gaziev, Rovshan",KGZ,M,,,,1709,AUG25,0,20,1993,i
13800388,"Giljazitdinov, Eduard",KGZ,M,,,,2083,AUG25,0,20,1967,i
13804634,"Halnazarov, Sabyr",KGZ,M,,,,1797,AUG25,0,20,1980,i
13836269,"Hamzamulin, Temirbek",KGZ,M,,,,1556,AUG25,0,20,1980,i
13855743,"Hannazarov, Alinur",KGZ,M,,,,1556,AUG25,0,40,2013,
13849166,"Hodzhaev, Abdulloh",KGZ,M,,,,1509,AUG25,0,40,2012,
13813838,"Iarmukhambetov, Dilmurat",KGZ,M,,,,1693,AUG25,0,20,1958,i
13813331,"Ibraev, Koshoi",KGZ,M,,,,1409,AUG25,0,40,2005,i
13844989,"Ibragimov, Aidar",KGZ,M,,,,1476,AUG25,0,40,2009,
13845390,"Ibragimova, Aidana",KGZ,F,,,,1493,AUG25,0,40,2013,w
13806777,"Ibraimov, Baiel",KGZ,M,,,,1927,AUG25,0,20,2005,
13814362,"Ibraimov, Begaly",KGZ,M,,,,1600,AUG25,7,20,1964,
13815164,"Ibraimov, Dastan",KGZ,M,,,,1760,AUG25,0,40,2012,
13821555,"Ibraimov, Iman",KGZ,M,,,,1585,AUG25,0,40,2011,i
13834347,"Ibraimov, Kaidu",KGZ,M,,,,1747,AUG25,0,40,2005,i
13845489,"Ibraimov, Kaidy",KGZ,M,,,,1594,AUG25,0,40,2005,i
13824562,"Ibraimov, Kubanychbek",KGZ,M,,,,1862,AUG25,17,20,1968,
13819259,"Ibraimova, Aruuke",KGZ,F,,,,1489,AUG25,0,40,2008,wi
13820788,"Idirisov, Amir",KGZ,M,,,,1446,AUG25,0,40,2007,i
13806947,"Idrisov, Nazib",KGZ,M,,,,1617,AUG25,0,20,2004,i
13800051,"Ilinsky, Vladimir",KGZ,M,IM,,,2246,AUG25,0,20,1956,i
13847279,"Imamidinov, Alinur",KGZ,M,,,,1416,AUG25,0,40,2015,
13833286,"Imamov, Bolot",KGZ,M,,,,1752,AUG25,0,20,1993,i
13800086,"Imanaliev, Taalaibek",KGZ,M,FM,,,2141,AUG25,9,20,1965,
13811657,"Imanaliev, Tanatar",KGZ,M,,,,1616,AUG25,0,20,1995,
13815890,"Imanov, Alisher",KGZ,M,,,,1622,AUG25,0,40,2007,i
13834436,"Imanov, Tahir",KGZ,M,,,,1573,AUG25,0,20,1990,i
13833294,"Imarbekov, Bael",KGZ,M,,,,1880,AUG25,0,20,2006,
13838172,"Imarbekov, Burkut",KGZ,M,,,,1478,AUG25,0,40,1950,i
13817078,"Imashev, Islam",KGZ,M,,,,1560,AUG25,0,40,2009,i
13829777,"Imashev, Islan",KGZ,M,,,,1431,AUG25,0,40,2008,i
13827685,"Imashov, Akyl",KGZ,M,,,,1496,AUG25,0,20,2004,i
13835297,"Iminov, Sanjar",KGZ,M,,,,1543,AUG25,0,40,2012,i
13854135,"Imirkhanov, Kurban",KGZ,M,,,,1560,AUG25,0,40,2011,
13802828,"Inarkiev, Ortsi",KGZ,M,,,,1552,AUG25,0,20,2004,i
13811274,"Isabaev, Baishbek",KGZ,M,,,,1694,AUG25,0,20,1959,i
13801660,"Isaev, Chyngyz",KGZ,M,,,,1991,AUG25,9,20,1999,
13806157,"Isaeva, Ainura",KGZ,F,,,,1474,AUG25,0,40,2011,wi
13830325,"Isakov, Amin",KGZ,M,,,,1756,AUG25,0,40,2012,
13827898,"Isakov, Artem",KGZ,M,,,,1513,AUG25,0,40,2007,i
13808079,"Isakov, Mukhammad",KGZ,M,,FA,,1675,AUG25,0,20,1990,
13827987,"Isakova, Elina",KGZ,F,,,,1520,AUG25,0,40,2009,w
13802542,"Isakzhanov, Aibek",KGZ,M,,,,1875,AUG25,0,20,1999,i
13800710,"Isakzhanov, Kelsinbek",KGZ,M,,,,1968,AUG25,0,20,1997,i
13803638,"Ishenov, Bakay",KGZ,M,,,,1803,AUG25,0,20,1998,i
13802402,"Isirailov, Nurgazy",KGZ,M,,,,1806,AUG25,0,20,1985,
13800868,"Isirailov, Tynar",KGZ,M,,,,1733,AUG25,0,20,1972,
13839152,"Isirailov, Yrysbek",KGZ,M,,,,1632,AUG25,0,20,1979,i
13813129,"Iskakov, Abdurahim",KGZ,M,,,,1585,AUG25,0,40,2008,i
13806556,"Iskenderbekov, Erbol",KGZ,M,,,,1530,AUG25,0,40,2005,i
13844695,"Ismaev, Chyngyz",KGZ,M,,,,1444,AUG25,0,40,1995,
13840401,"Ismailov, Abu-Bakr",KGZ,M,,,,1641,AUG25,0,40,2014,
13831909,"Ismailov, Akyl",KGZ,M,,,,1469,AUG25,0,40,2009,i
13855050,"Ismailov, Alinur",KGZ,M,,,,1460,AUG25,0,40,2016,
13802550,"Ismailov, Erkinbek",KGZ,M,,,,1827,AUG25,0,20,1967,i
13848089,"Ismaiylov, Kanybek",KGZ,M,,,,1473,AUG25,0,40,1987,i
13803646,"Ismoilov, Khayrulla",KGZ,M,,,,1553,AUG25,8,20,1978,
13834355,"Israilov, Nurgazy",KGZ,M,,,,1852,AUG25,0,20,1985,i
13828550,"Israilov, Radmir",KGZ,M,,,,1438,AUG25,0,40,2010,i
13804219,"Iuldashev, Akmataly",KGZ,M,,,,1788,AUG25,0,20,1981,
13803026,"Iunusov, Nuriddin",KGZ,M,CM,,,2067,AUG25,9,40,2008,
13834681,"Iusupov, Salman",KGZ,M,,,,1471,AUG25,0,40,2010,i
13841980,"Iusupov, Smankul",KGZ,M,,,,1567,AUG25,0,20,1955,i
13840746,"Izabekov, Shanysh",KGZ,M,,,,1705,AUG25,0,20,1955,i
13802577,"Jakypov, E",KGZ,M,,,,1600,AUG25,0,20,1990,i
146241813,"Jamankulov, Chyngyz",KGZ,M,,,,ACM,AUG25,1562,0,1980,i
13839390,"Janybekov, Elhan",KGZ,M,,,,1882,AUG25,0,40,2008,
13850318,"Joseph, Timothy Murewa",KGZ,M,,,,1575,AUG25,0,40,1984,i
13814427,"Jumaliev, Kurman",KGZ,M,,,,1671,AUG25,0,20,1958,i
13800671,"Kachiev, Eldar",KGZ,M,,,,2088,AUG25,0,20,1993,i
13804227,"Kachkymbaev, Kyiazbek",KGZ,M,,,,1595,AUG25,0,20,1985,
13831917,"Kadyrbekov, Annur",KGZ,M,,,,1545,AUG25,0,40,2008,i
13835793,"Kadyrbekov, Nurlan",KGZ,M,,,,1600,AUG25,0,20,1961,i
13832395,"Kadyrkulov, , Taalaibek",KGZ,M,,,,1623,AUG25,0,20,1978,i
13805401,"Kadyrkulov, Saiid",KGZ,M,,NA,,1689,AUG25,0,20,2004,i
13832867,"Kadyrkulov, Taalaibek",KGZ,M,,,,1616,AUG25,0,20,1978,i
13802496,"Kadyrov, Adil",KGZ,M,,,,1653,AUG25,9,40,1960,
13800655,"Kadyrova, Begimai",KGZ,F,,,,1999,AUG25,0,20,1989,wi
13828967,"Kadyrzhanova, Samara",KGZ,F,,,,1746,AUG25,0,40,2009,wi
13823388,"Kahalamkhan, Ongarbek",KGZ,M,,,,1492,AUG25,0,20,1999,i
13823523,"Kalbaev, Muhamed",KGZ,M,,,,1624,AUG25,0,20,2000,i
13802259,"Kalkanov, Kaidu",KGZ,M,,NA,,1830,AUG25,0,20,2003,i
13803069,"Kalkanova, Tomiris",KGZ,F,,,,1522,AUG25,0,40,2007,wi
13807463,"Kalkanova, Zarina",KGZ,F,,,,1431,AUG25,0,40,2007,wi
13845918,"Kalmuratov, Nurlan",KGZ,M,,,,1773,AUG25,0,40,1974,i
13849905,"Kalybaev, Muhamed",KGZ,M,,,,1570,AUG25,0,40,1950,i
13823256,"Kalybekov, Agzam",KGZ,M,,,,1491,AUG25,0,20,2000,i
13855972,"Kalygulov, Nursultan",KGZ,M,,,,1506,AUG25,0,40,2007,
13845802,"Kalykov, Amanbek",KGZ,M,,,,AFM,AUG25,1665,0,2009,
13822551,"Kamchybekov, Altai",KGZ,M,,,,1511,AUG25,0,40,2012,
13839365,"Kamchybekov, Bakai",KGZ,M,,,,1553,AUG25,0,40,2017,
13804715,"Kanatbek, Amir",KGZ,M,,,,1595,AUG25,8,40,2010,
13830724,"Kanatbekov, Amir",KGZ,M,,,,1456,AUG25,0,40,2012,
13853236,"Kanatbekov, Bayastan",KGZ,M,,,,1417,AUG25,0,40,2012,
13830732,"Kanatbekov, Chyngyz",KGZ,M,,,,1704,AUG25,0,40,2011,
13840177,"Kanatbekov, Usman",KGZ,M,,,,1456,AUG25,0,40,2015,i
13846922,"Kanatbekova, Asema",KGZ,F,,,,1450,AUG25,0,40,2012,w
13803654,"Kanatov, Mars",KGZ,M,,,,1786,AUG25,0,20,1992,i
13830350,"Kanybekov, Ayar",KGZ,M,,,,1523,AUG25,0,40,2012,
13835300,"Kanybekov, Tariyel",KGZ,M,,,,1470,AUG25,0,40,2012,
13814370,"Kanymkulov, E",KGZ,M,,,,1615,AUG25,0,20,1970,i
13836870,"Kanyshev, A",KGZ,M,,,,1659,AUG25,0,20,1998,i
13811304,"Karabaev, Artyk",KGZ,M,,,,1586,AUG25,0,20,1973,
13833308,"Karabaev, Mahmud",KGZ,M,,,,1807,AUG25,0,20,1987,i
13822292,"Karachalov, Keneshbek",KGZ,M,,,,1577,AUG25,0,20,1948,
13803883,"Karamurzaev, Aslan",KGZ,M,,,,1903,AUG25,0,20,1984,i
13836285,"Karazhiev, Iznula",KGZ,M,,,,1437,AUG25,0,40,2010,i
13814281,"Kardibaev, Rahimberdi",KGZ,M,,,,1498,AUG25,0,20,1970,i
13814443,"Karimjanov, Bakyt",KGZ,M,,,,1721,AUG25,0,20,1987,i
13801287,"Karimov, Ismail",KGZ,M,,,,1646,AUG25,0,20,1965,
13848003,"Karimov, Kutmanali",KGZ,M,,,,1544,AUG25,0,40,1998,i
13807544,"Karimova, Dariia",KGZ,F,,,,1497,AUG25,0,40,2005,wi
13817620,"Karmyshev, Suban",KGZ,M,,,,1621,AUG25,0,20,1950,
13807234,"Kartasheva, Iana",KGZ,F,,,,1415,AUG25,0,40,2010,wi
13851764,"Karybek uulu, Mirlan",KGZ,M,,,,1585,AUG25,0,40,1975,
13834690,"Karybekov, Zhakshylyk",KGZ,M,,,,1472,AUG25,0,40,2009,
13802410,"Karymshakov, Meder",KGZ,M,,,,1670,AUG25,0,20,1964,i
13804235,"Karymshakov, Rahman",KGZ,M,,,,1843,AUG25,0,20,2004,i
13804243,"Karypbaev, Almaz",KGZ,M,,,,1705,AUG25,0,20,1977,
13836048,"Kasabaev, Timur",KGZ,M,,,,1665,AUG25,0,20,1984,
13834770,"Kasabaeva, Zhanel",KGZ,F,,,,1549,AUG25,7,40,2011,w
13851020,"Kashapov, Roman",KGZ,M,,,,1537,AUG25,0,40,2016,i
13811967,"Kasymbek uulu, Azat",KGZ,M,,,,1710,AUG25,0,20,1979,i
13826964,"Kasymbekov, Toktor",KGZ,M,,,,1551,AUG25,0,20,1939,i
13806688,"Kasymkulov, Omurbek",KGZ,M,,,,1665,AUG25,0,40,2005,i
13838750,"Kasymov, Aktan",KGZ,M,,,,1449,AUG25,0,40,2011,i
13838679,"Kasymov, Aktan",KGZ,M,,,,1458,AUG25,0,20,1972,i
13808516,"Kasymov, Alinur",KGZ,M,,,,1511,AUG25,0,40,2010,
13816012,"Kasymova, Eliza",KGZ,F,,,,1533,AUG25,0,20,2003,w
13801716,"Kazakbaev, Sezdbek",KGZ,M,,,,1766,AUG25,0,20,1961,
13819267,"Kazieva, Alina",KGZ,F,,,,1552,AUG25,0,40,2008,wi
13815822,"Kazieva, Asema",KGZ,F,,,,1523,AUG25,0,40,2006,wi
13803328,"Kazizov, Ydrys",KGZ,M,,,,1661,AUG25,0,20,1951,
13804537,"Kazybekov, Syimyk",KGZ,M,,,,1599,AUG25,0,20,1997,i
13801058,"Keldibaev, Daniiar",KGZ,M,,,,1570,AUG25,5,20,1973,
13837176,"Keldibek Uulu, Aktilek",KGZ,M,,,,1578,AUG25,0,20,2002,i
13852574,"Keldibekov, Arystanbek",KGZ,M,,,,1633,AUG25,0,40,1971,
13807536,"Kelgenbaeva, Adelya",KGZ,F,,,,1561,AUG25,0,40,2006,w
13829181,"Kemelov, Dastan",KGZ,M,,,,1578,AUG25,5,40,2011,
13847724,"Kendirbaev, Bekzhan",KGZ,M,,,,1821,AUG25,0,20,1988,
13847376,"Kendirbaev, Samyibek",KGZ,M,,,,1587,AUG25,0,20,1966,
13838547,"Kendirbaev, Talant",KGZ,M,,,,1563,AUG25,0,20,1962,
13847678,"Kendirbaev, Talantbek",KGZ,M,,,,1437,AUG25,0,40,1962,
13850962,"Kendirbaev, Timurlan",KGZ,M,,,,1664,AUG25,0,40,1987,
13801180,"Kenenbaev, Aidar",KGZ,M,,,,1977,AUG25,0,20,1999,i
13816772,"Keneshbekov, Elim",KGZ,M,CM,,,1986,AUG25,0,40,2011,
13810901,"Keneshbekov, Uzar",KGZ,M,,,,1590,AUG25,0,40,2008,i
13822241,"Kenzhebaev, Ulan",KGZ,M,,,,1443,AUG25,0,20,1972,i
13807684,"Kenzhebaeva, Ademi",KGZ,F,,,,1522,AUG25,0,20,2004,wi
13803336,"Kerimaliev, Talant",KGZ,M,,,,1813,AUG25,0,20,1974,i
13831569,"Kerimbaev, Akan",KGZ,M,,,,1708,AUG25,5,40,2000,
13801295,"Kerimbaev, Nurlan",KGZ,M,,,,1902,AUG25,0,20,1984,i
13802968,"Kerimkulov, Omurbek",KGZ,M,,,,1850,AUG25,0,20,2004,i
13826972,"Kerimov, Duishekul",KGZ,M,,,,1450,AUG25,0,20,1943,i
13803760,"Kerimzhanov, Azamat",KGZ,M,,FA,,1861,AUG25,0,20,1994,
13849891,"Khakhaza, Ramza",KGZ,M,,,,1617,AUG25,15,20,1953,
13817736,"Khalbaiev, Torobek",KGZ,M,,,,1550,AUG25,0,20,1967,
13828592,"Khalmurzaeva, Saniya",KGZ,F,,,,1562,AUG25,0,40,2008,wi
13851047,"Khilou, Salman",KGZ,M,,,,1441,AUG25,0,40,2016,i
14200287,"Khoroshev, Nikita",KGZ,M,IM,,,2275,AUG25,9,20,1992,
13801554,"Kim, Eduard",KGZ,M,,,,1754,AUG25,0,20,1960,
13804553,"Kim, Sergey",KGZ,M,,,,1572,AUG25,0,20,1975,i
13838377,"Kim, Vitalii",KGZ,M,,,,1499,AUG25,0,20,1957,i
13840754,"Kishenbaev, Torobek",KGZ,M,,,,1707,AUG25,0,20,1944,i
13800884,"Kitikov, Oleg",KGZ,M,,,,1738,AUG25,0,20,1949,
13801309,"Kobonov, Omurbek",KGZ,M,,,,1690,AUG25,0,20,1955,
13835750,"Koibagarov, Djergalbek",KGZ,M,,,,1483,AUG25,0,20,1952,
13841998,"Koidagarov, Zhirgal",KGZ,M,,,,1692,AUG25,0,20,1952,i
13811312,"Kokoev, Zamirbek",KGZ,M,,,,1704,AUG25,0,20,1982,i
13817884,"Konulkulov, Edil",KGZ,M,,,,1530,AUG25,0,20,1947,i
13827073,"Konuratov, Zhoomart",KGZ,M,,,,1511,AUG25,0,20,1959,
13838555,"Konushbaev, Toktosun",KGZ,M,,,,1447,AUG25,0,20,1961,
13810910,"Korlanov, Ashat",KGZ,M,,,,1466,AUG25,0,40,2008,i
13831593,"Koshoev, Beishenbek",KGZ,M,,,,1568,AUG25,0,20,1951,i
13813633,"Kozhonaliev, Samat",KGZ,M,,,,1617,AUG25,0,20,1988,i
13800205,"Kozubay Uulu, Azamat",KGZ,M,,,,2093,AUG25,0,20,1990,i
13815105,"Krasnikov, Anton",KGZ,M,,,,1669,AUG25,0,20,1997,i
13835963,"Kubanychbek uulu, Azamat",KGZ,M,,,,1429,AUG25,0,20,1988,i
13813340,"Kubanychbekov, Asyltay",KGZ,M,,,,1752,AUG25,0,20,2006,i
13829963,"Kubanychbekov, Eldar",KGZ,M,,,,1426,AUG25,0,40,2009,i
13804839,"Kubanychbekov, Eldiar",KGZ,M,,,,1646,AUG25,0,40,2006,i
13813137,"Kubanychbekov, Ulukbek",KGZ,M,,,,1572,AUG25,0,40,2007,
13841114,"Kubanychbekov, Zalkar",KGZ,M,,,,1657,AUG25,0,40,2014,
13830660,"Kubanychbekova, Alina",KGZ,F,,,,1523,AUG25,0,40,2008,w
13803166,"Kubatbek kyzy, Perizat",KGZ,F,,,,1594,AUG25,0,20,1997,wi
13850482,"Kubatbekov, Arsen",KGZ,M,,,,1611,AUG25,0,40,2010,
13817469,"Kubatbekov, Umar",KGZ,M,,,,1591,AUG25,0,40,2010,i
13802836,"Kubatbekova, Bermet",KGZ,F,,,,1484,AUG25,0,40,2005,wi
13842013,"Kudaiarov, Zhanybai",KGZ,M,,,,1544,AUG25,0,20,1965,i
13848925,"Kudaibergenov, Umaradil",KGZ,M,,,,1468,AUG25,0,40,2007,
13805541,"Kudainazarova, Daira",KGZ,F,,,,1514,AUG25,0,40,2007,wi
13804863,"Kulmanov, Adil",KGZ,M,,,,1436,AUG25,0,40,2008,i
13839942,"Kulmyrsaeva, Aidana",KGZ,F,,,,1430,AUG25,0,40,2010,w
13844806,"Kulumbetov, Zhamshitbek",KGZ,M,,,,1576,AUG25,0,20,1961,i
13831275,"Kulzhanbekov, Emir",KGZ,M,,,,1419,AUG25,0,40,2010,i
13825755,"Kurbanaliev, Duishenaly",KGZ,M,,,,1781,AUG25,0,20,1965,
13808524,"Kurbanbaev, Zalkar",KGZ,M,,,,2057,AUG25,9,40,2009,
13834940,"Kurman Uulu, Mairambek",KGZ,M,,,,1614,AUG25,0,40,2007,i
13801830,"Kurmanbek uulu, Dooronbek",KGZ,M,,,,1695,AUG25,0,20,1999,i
13811797,"Kurmanbekov, Akimaly",KGZ,M,,,,1585,AUG25,0,40,2005,i
13817000,"Kurmanbekov, Aktan",KGZ,M,,,,1581,AUG25,0,40,2011,
13830376,"Kurmanbekov, Alinur",KGZ,M,,,,1435,AUG25,0,40,2012,
13829378,"Kurmanbekov, Arlen",KGZ,M,,,,1488,AUG25,0,40,2009,i
13843745,"Kurmanbekov, Baiel",KGZ,M,,,,1476,AUG25,0,40,2009,i
13819453,"Kurmankaliev, Daniyar",KGZ,M,,,,1523,AUG25,0,40,2006,i
13818252,"Kurumbekov, Marat",KGZ,M,,,,1599,AUG25,0,40,2010,
13810103,"Kush, Agniya",KGZ,F,,,,1682,AUG25,0,40,2010,w
13812181,"Kushbakov, Isan",KGZ,M,,,,1473,AUG25,0,40,2013,
13805339,"Kushbakov, Uralbai",KGZ,M,,,,1669,AUG25,0,20,2003,i
13804561,"Kushubekov, Aibek",KGZ,M,,,,1662,AUG25,0,20,1984,i
13839160,"Kutunaev, Ilijaz",KGZ,M,,,,1627,AUG25,0,40,2005,i
13842811,"Kutunaev, Nuriaz",KGZ,M,,,,1809,AUG25,0,20,1986,
13804146,"Kuvan, Aigul",KGZ,F,,,,1734,AUG25,0,20,2003,wi
13817442,"Kuvanychbekov, Artur",KGZ,M,,,,1495,AUG25,0,40,2009,i
13845845,"Kydyraliev, Alisher",KGZ,M,,,,1455,AUG25,0,40,1964,i
13839420,"Kydyraliev, Beishen",KGZ,M,,,,1626,AUG25,0,20,1962,
13832409,"Kydyraliev, Taalai",KGZ,M,,,,1644,AUG25,0,20,1990,i
13832492,"Kydyraliev, Taalaibek",KGZ,M,,,,1614,AUG25,0,40,2009,
13801317,"Kydyraliev, Zamir",KGZ,M,,,,2023,AUG25,0,20,1964,i
13837931,"Kydyraliev, Zhumgal",KGZ,M,,,,1698,AUG25,0,20,2000,i
13819461,"Kydyrbekov, Kanimet",KGZ,M,,NA,,1571,AUG25,0,40,2006,
13808990,"Kylychbekov, Islam",KGZ,M,,,,1433,AUG25,0,40,2007,i
13819623,"Kylychbekova, Azema",KGZ,F,,,,1527,AUG25,0,40,2006,wi
13840126,"Kylychbekova, K",KGZ,M,,,,1507,AUG25,0,20,2000,i
13833677,"Kylymbekova, Kanykey",KGZ,F,,,,1491,AUG25,0,40,2012,w
13834908,"Layashukurova, Altynai",KGZ,F,,,,1513,AUG25,0,40,2007,wi
13804871,"Lee, Batyrkhan",KGZ,M,,,,1575,AUG25,0,40,2010,
13801651,"Lee, Dariya",KGZ,F,WCM,WCM,FA,1649,AUG25,0,20,2003,wi
13800280,"Lee, Igor",KGZ,M,,,,1968,AUG25,0,20,1970,i
13713248,"Lesbekova, Assel",KGZ,F,WCM,WCM,FA,2004,AUG25,9,20,2004,w
13842790,"Livazov, Daut",KGZ,M,,,,1575,AUG25,0,20,1975,i
13802321,"Loboda, Diana",KGZ,F,,,,1837,AUG25,0,20,1996,wi
13832875,"Lujamohodzhaev, Beker",KGZ,M,,,,1593,AUG25,0,20,1990,i
13819712,"Lysenkov, Aleksei",KGZ,M,,,,1458,AUG25,0,20,2003,i
13805983,"Maatkerimov, Nurbek",KGZ,M,,,,1620,AUG25,0,20,1966,i
13817809,"Madanbekov, Yrysbek",KGZ,M,,,,1622,AUG25,0,20,1957,i
13800124,"Magai, Vladimir",KGZ,M,IM,,,2526,AUG25,0,10,1971,i
13801511,"Mairambekova, Aiperi",KGZ,F,,,,1677,AUG25,0,20,2002,wi
13803867,"Makailov, Aibek",KGZ,M,,,,1777,AUG25,0,20,1978,
13837265,"Makambaev, Zamirbek",KGZ,M,,,,1728,AUG25,0,20,1979,i
13837273,"Makambaeva, Shirin",KGZ,F,,,,1462,AUG25,6,20,2005,w
13809687,"Makeev, Akylbek",KGZ,M,,,,1726,AUG25,0,20,1989,i
13825577,"Makeeva, Bermet",KGZ,F,,,,1450,AUG25,0,40,2011,wi
13836315,"Makenov, Timur",KGZ,M,,,,1607,AUG25,0,20,1985,i
13831410,"Makhmudhodzhaev, Saitkamil",KGZ,M,,,,1520,AUG25,0,20,1947,i
13819488,"Maksat Uulu, Eldos",KGZ,M,,,,1492,AUG25,0,40,2005,i
13806955,"Maksatbekov, Nurtegin",KGZ,M,,FA,,1639,AUG25,0,20,2003,i
13835955,"Malaikanov, Kuban",KGZ,M,,,,1445,AUG25,0,40,1959,
13832271,"Malikov, Arsen",KGZ,M,,,,1444,AUG25,0,40,2014,
13819305,"Malinova, Nurzana",KGZ,F,,,,1467,AUG25,0,40,2008,w
13817817,"Mamadaliev, S",KGZ,M,,,,1738,AUG25,0,20,1968,i
13813358,"Mamatisakova, Nargiza",KGZ,F,,,,1527,AUG25,0,40,2005,wi
13853163,"Mamatkasymov, Marlen",KGZ,M,,,,1448,AUG25,0,40,2007,
13845519,"Mamatov, Marat",KGZ,M,,,,1568,AUG25,0,40,1983,
13800027,"Mamatov, Melis",KGZ,M,FM,,,2319,AUG25,0,20,1996,i
13804588,"Mamatov, Nursultan",KGZ,M,,,,1811,AUG25,0,20,1994,i
13829661,"Mamatzhakypov, Izat",KGZ,M,,,,1678,AUG25,0,20,1999,i
13837320,"Mamazhanov, Tursunbai",KGZ,M,,,,1837,AUG25,0,20,1968,i
13822373,"Mamaziyaev, Sardal",KGZ,M,,,,1516,AUG25,0,20,1980,i
13804260,"Mambetaliev, Mukat",KGZ,M,,,,1629,AUG25,0,20,1958,i
13823140,"Mambetov, Kanybek",KGZ,M,,,,1682,AUG25,0,20,2000,i
13829505,"Mambetov, Nurel",KGZ,M,,,,1598,AUG25,0,40,2012,
13830759,"Mambetov, Urmat",KGZ,M,,,,1626,AUG25,0,40,2012,i
13824570,"Mambetov, Zhoomart",KGZ,M,,,,1850,AUG25,0,20,1988,
13800400,"Mamontov, Alexandr",KGZ,M,,,,1973,AUG25,0,20,1964,
13817990,"Mamyrazakov, Artur",KGZ,M,,,,1805,AUG25,0,20,1988,
13832883,"Mamyrbaev, Omur",KGZ,M,,,,1581,AUG25,0,20,2004,i
13851055,"Maratbekova, Ademi",KGZ,F,,,,1529,AUG25,0,40,2016,w
13814060,"Maratov, Arsen",KGZ,M,,,,1630,AUG25,0,20,2004,
13853988,"Maratov, Artur",KGZ,M,,,,1460,AUG25,0,40,2013,
13800698,"Markov, Mikhail",KGZ,M,IM,NA,,2243,AUG25,9,20,1989,
13817833,"Mashaev, Yanvarbek",KGZ,M,,,,1510,AUG25,0,20,1959,
13832450,"Matkabylov, Nurbek",KGZ,M,,,,1693,AUG25,0,20,1975,
13834371,"Mavlianov, Sagyndyk",KGZ,M,,,,1629,AUG25,0,20,1990,i
13831607,"Mazhitov, Abdymalik",KGZ,M,,,,1584,AUG25,0,40,1950,i
13800302,"Maznitsin, Andrei",KGZ,M,FM,NA,,2107,AUG25,0,20,1984,i
13818902,"Medetov, Adil",KGZ,M,,,,1516,AUG25,0,40,2007,i
34372539,"Medvedev, Fedor M",KGZ,M,,,,1780,AUG25,28,40,2011,
13816632,"Melisova, Seyil",KGZ,F,,,,1447,AUG25,0,40,2006,wi
13804456,"Melkozerov, Aleksei",KGZ,M,,,,1858,AUG25,0,40,1974,i
13804286,"Miasarov, Igor",KGZ,M,,,,1678,AUG25,0,20,1988,i
13840240,"Minbaev, Nurbek",KGZ,M,,,,1584,AUG25,0,20,1985,i
13801597,"Mirlan kyzy, Azaliia",KGZ,F,,,,1670,AUG25,0,20,2005,wi
13802160,"Mirlan uulu, Syimyk",KGZ,M,,NA,,1836,AUG25,0,20,2003,i
13846655,"Mirlanov, Rinat",KGZ,M,,,,1437,AUG25,0,40,2014,i
13811355,"Mirzaev, Gapirzhan",KGZ,M,,,,1771,AUG25,0,20,1959,i
13841971,"Miskembaev, Baktybek",KGZ,M,,,,1559,AUG25,0,20,1965,i
13829742,"Moldakunov, Nurel",KGZ,M,,,,1640,AUG25,0,40,2009,i
13822306,"Moldaliev, Kanat",KGZ,M,,,,1540,AUG25,0,20,1983,i
13801333,"Moldobaev, Erik",KGZ,M,,,,1853,AUG25,0,20,1961,
13848151,"Moldobaev, Iskander",KGZ,M,,,,1452,AUG25,0,40,2013,
13805398,"Moldobekov, Nasir",KGZ,M,,,,1699,AUG25,0,20,2002,i
13824775,"Moldoev, Zholdosh",KGZ,M,,,,1519,AUG25,0,20,1952,i
13812203,"Moldokulov, Alan",KGZ,M,,,,1504,AUG25,0,40,2011,i
13840762,"Moldokulov, Tynybek",KGZ,M,,,,1690,AUG25,0,20,1962,i
13837346,"Mombekov, Beren",KGZ,M,,,,1577,AUG25,0,20,1954,i
13837354,"Mombekova, Gulnaz",KGZ,F,,,,1524,AUG25,0,20,1978,wi
13845527,"Mominov, Mahammad",KGZ,M,,,,1590,AUG25,0,40,2005,i
13812211,"Momunaliev, Ruslan",KGZ,M,CM,,,2168,AUG25,9,40,2011,
13800760,"Momunalieva, Shaadat",KGZ,F,,,,1689,AUG25,0,20,1996,wi
13803131,"Momunkulova, Imannur",KGZ,F,,,,1574,AUG25,0,40,2007,wi
13829785,"Momunov, Anarbek",KGZ,M,,,,1551,AUG25,0,20,1972,i
13804294,"Monoldorov, Rashid",KGZ,M,,,,1690,AUG25,0,20,1972,
13821903,"Monoshov, Ulukbek",KGZ,M,,,,1596,AUG25,0,40,2005,i
13800906,"Morozov, Aleksandr",KGZ,M,,,,1682,AUG25,21,20,1953,
13845721,"Muhamedzhanov, Umar",KGZ,M,,,,1501,AUG25,0,40,2016,
13821571,"Mukaev, Nursultan",KGZ,M,,,,1454,AUG25,0,40,2011,i
13817370,"Mukambetov, Baiastan",KGZ,M,,,,1423,AUG25,0,40,2010,i
13823787,"Mukambetov, Myrza",KGZ,M,,,,1657,AUG25,0,40,2007,i
13836730,"Mukanbetalyeva, Alina",KGZ,F,,,,1518,AUG25,0,40,2012,wi
13818910,"Mukanbetov, Myrza",KGZ,M,,,,1477,AUG25,0,40,2007,i
13816578,"Mukanbetov, Samatbek",KGZ,M,,,,1454,AUG25,0,40,2008,i
13836498,"Mukanov, Ilnur",KGZ,M,,,,1484,AUG25,0,40,2013,i
13829599,"Mukanov, Iskender",KGZ,M,,,,1632,AUG25,0,40,2013,
13821075,"Mukanov, Talant",KGZ,M,,,,1694,AUG25,0,20,1976,i
13810170,"Mukanova, Rayana",KGZ,F,,,,1533,AUG25,0,40,2008,w
13804308,"Mukashev, Ermek",KGZ,M,,,,1550,AUG25,0,20,1979,i
13841246,"Mukhtarov, Umar",KGZ,M,,,,1472,AUG25,0,40,2013,i
13828991,"Muktarbekova, Altynai",KGZ,F,,,,1706,AUG25,0,40,2010,wi
13837370,"Mullazhanov, Dilshod",KGZ,M,,,,1663,AUG25,0,20,1979,i
13836323,"Muradeli Uulu, Myktybek",KGZ,M,,,,1696,AUG25,0,20,2000,
13821580,"Muradylov, Baiel",KGZ,M,,,,1822,AUG25,0,40,2011,
13825798,"Murataliev, Kaldybek",KGZ,M,,,,1629,AUG25,0,20,1951,i
13805878,"Muratov, Asan",KGZ,M,,,,1648,AUG25,0,20,1994,i
13830929,"Muratzhanov, Nurbol",KGZ,M,,,,1519,AUG25,0,40,2006,i
13804057,"Murzabekov, Bekbolot",KGZ,M,,,,1710,AUG25,0,20,2000,i
13840398,"Murzakimov, Zhenishbek",KGZ,M,,,,1643,AUG25,8,20,1960,
13829246,"Musabaeva, Sezim",KGZ,F,,,,1429,AUG25,0,40,2009,wi
13804120,"Musabekov, Nurtilek",KGZ,M,,,,1500,AUG25,0,40,2009,i
13852582,"Musaev, Abdibali",KGZ,M,,,,1452,AUG25,0,40,1958,
13801341,"Musaev, Usein",KGZ,M,,,,1770,AUG25,0,20,1952,i
13801643,"Musaeva, Shakhnazi",KGZ,F,,FA,,1717,AUG25,0,20,2000,wi
13808451,"Musahodzhaev, Sultan",KGZ,M,,,,1481,AUG25,0,40,2009,i
13818945,"Mutalipov, Zhoomart",KGZ,M,,,,1498,AUG25,0,40,2007,i
13832468,"Muteshov, Duyshek",KGZ,M,,,,1583,AUG25,15,20,1952,
13814290,"Myrzabekov, Asanbek",KGZ,M,,,,1594,AUG25,0,20,1940,
13838270,"Myrzaev, Aripzhan",KGZ,M,,,,1783,AUG25,0,20,1999,
13814168,"Namazaliev, Daniar",KGZ,M,,,,1836,AUG25,0,20,1978,i
13838563,"Namazov, Tynchtyk",KGZ,M,,,,1612,AUG25,0,20,1985,i
13803085,"Narbekov, Mamytbek",KGZ,M,,FA,,1822,AUG25,0,20,2000,i
13839500,"Narbutaev, Nizamiddin",KGZ,M,,,,1603,AUG25,0,40,2000,i
13813811,"Narynbaev, Alisher",KGZ,M,,,,1542,AUG25,0,20,1995,i
13834380,"Narynov, Manas",KGZ,M,,,,1671,AUG25,0,40,2005,i
13804944,"Naseredinov, Amantai",KGZ,M,,,,1607,AUG25,0,20,2006,i
13854259,"Nasirdinov, Nuradin",KGZ,M,,,,1416,AUG25,0,40,2010,
13845535,"Nasyrynbekov, Yzatbek",KGZ,M,,,,1680,AUG25,0,40,2005,i
13816950,"Nazarmukhamedov, Alisher",KGZ,M,,,,1600,AUG25,0,40,2005,i
13831615,"Nazarov, Tynychbek",KGZ,M,,,,1629,AUG25,6,40,1963,
13852345,"Neematov, Akzhol",KGZ,M,,,,1456,AUG25,0,40,2014,
13803662,"Nishanov, Mamirzhan",KGZ,M,,,,1714,AUG25,0,20,1982,
13839438,"Nizamiddinov, Saifuddin",KGZ,M,,,,1491,AUG25,0,20,1958,
13817477,"Nogoev, Daniiar",KGZ,M,,,,ACM,AUG25,1478,0,2006,i
13840703,"Nogoeva, Aibiike",KGZ,F,,,,1530,AUG25,0,40,2010,wi
13840690,"Nogoeva, Aiturgan",KGZ,F,,,,1498,AUG25,0,40,2015,w
13837745,"Nogoyev, Aidar",KGZ,M,,,,1441,AUG25,0,20,2000,i
13837753,"Nogoyev, Daniyar",KGZ,M,,,,1442,AUG25,0,20,1990,i
13800310,"Nolletov, Vladimir",KGZ,M,,,,1966,AUG25,0,20,1950,i
13857657,"Nos, Vitaliy",KGZ,M,,,,1553,AUG25,5,40,1979,
13836609,"Nurakhunov, Makhmud",KGZ,M,,,,1569,AUG25,0,40,2010,
13801848,"Nuraliev, Berdibek",KGZ,M,,,,1908,AUG25,0,20,1977,i
13841122,"Nurbekov, Ali Nur",KGZ,M,,,,1655,AUG25,7,40,2014,
13800183,"Nurdin Uulu, Sardarbek",KGZ,M,,"NI,IA",,AFM,AUG25,1792,0,1989,
13802011,"Nurdinov, Aibolot",KGZ,M,,,,1715,AUG25,0,20,1998,i
13806971,"Nurdinov, Azamat",KGZ,M,,NA,,1930,AUG25,0,20,2004,
13849816,"Nurkulov, Amantur",KGZ,M,,,,1436,AUG25,0,40,2013,
13831526,Nurlanbek uulu Talantbek,KGZ,M,,,,1624,AUG25,0,20,2000,i
13813870,"Nurlanbek, Aruuke",KGZ,F,,,,1417,AUG25,0,40,2008,wi
13804480,"Nurlanov, Nurmukhammad",KGZ,M,,,,1807,AUG25,0,20,2003,i
13801139,"Nurlanov, Zhakshylyk",KGZ,M,,,,2023,AUG25,0,20,1997,i
13804421,"Nurmahmatov, Abdurafyk",KGZ,M,,,,1559,AUG25,0,20,1956,
13835831,"Nurmamatov, Akbii",KGZ,M,,,,1612,AUG25,0,20,2002,i
13840770,"Nurmanbetov, Abdykerim",KGZ,M,,,,1690,AUG25,0,20,1954,i
13840258,"Nurmanbetov, Azamat",KGZ,M,,,,1741,AUG25,0,20,1990,i
13816705,"Nurmanbetov, Bekbolot",KGZ,M,,,,1674,AUG25,0,20,1999,i
13831283,"Nurov, Baizak",KGZ,M,,,,1876,AUG25,9,40,2010,
13841700,"Obozkanov, Abdykerim",KGZ,M,,,,1543,AUG25,0,40,1954,i
13822268,"Okenov, Kalembek",KGZ,M,,,,1477,AUG25,0,20,2000,i
13810677,"Okenov, Nursen",KGZ,M,,,,1486,AUG25,0,40,2005,i
13801953,"Olzhobai Kyzy, Alisa",KGZ,F,,,,1750,AUG25,0,20,1999,wi
13819518,"Olzhobolotov, Akzholtoi",KGZ,M,,,,1498,AUG25,0,40,2005,i
13803697,"Omuraliev, Kairat",KGZ,M,,,,1771,AUG25,0,20,1966,
13807498,"Omuralieva, Zhumagul",KGZ,F,,,,1495,AUG25,0,40,2007,w
13800752,"Omurbekova, Diana",KGZ,F,WCM,WCM,NA,1770,AUG25,9,20,1999,w
13856766,"Omurkulov, Tursunbai",KGZ,M,,,,1573,AUG25,0,40,1951,
13832891,"Omurov, Anarbek",KGZ,M,,,,1593,AUG25,0,20,2004,i
13808958,"Omurzakov, Bair",KGZ,M,,,,1529,AUG25,0,40,2008,
13802682,"Omurzakov, Sabyrbek",KGZ,M,,,,1570,AUG25,0,20,1957,i
13804596,"Onufrienko, Vladimir",KGZ,M,,,,1465,AUG25,0,40,2005,i
13804332,"Onufrienko, Vladislav",KGZ,M,,NA,,1959,AUG25,16,20,2004,
13843478,"Ormonbekov, Adilet",KGZ,M,,,,1534,AUG25,0,40,2014,
13823949,"Orozaliev, Chingis",KGZ,M,,,,1500,AUG25,0,20,2000,i
13803972,"Orozaliev, Talant",KGZ,M,,,,1586,AUG25,0,20,1986,i
13802240,"Orozbaev, Eldiyar",KGZ,M,IM,,,2415,AUG25,9,10,2006,
13817841,"Orozbaev, Zhursunbek",KGZ,M,,,,1527,AUG25,0,20,1950,
13804464,"Orozbekova, Aiiza",KGZ,F,,,,1644,AUG25,0,20,2006,w
13802437,"Orozobaev, Zamirbek",KGZ,M,,,,1792,AUG25,0,20,1985,i
13817400,"Orunbaev, Bael",KGZ,M,,,,1546,AUG25,0,40,2007,i
13806416,"Oruzbaev, Tagai",KGZ,M,,,,1532,AUG25,0,40,2005,i
13802526,"Osmonaliev, Erzhan",KGZ,M,,,,1624,AUG25,0,40,2005,i
13813579,"Osmonaliev, Sultan",KGZ,M,,,,1643,AUG25,0,20,1956,i
13817515,"Osmonov, Erkin",KGZ,M,,,,1573,AUG25,0,20,1988,i
13818317,"Osmonov, Umar",KGZ,M,,,,1435,AUG25,0,40,2010,i
13800060,"Ostry, Irina",KGZ,F,WIM,WIM,,2163,AUG25,0,20,1950,wi
13826654,"Otogonov, Kadyr",KGZ,M,,,,1558,AUG25,0,20,1963,i
13806904,"Ozgon, Ularbek",KGZ,M,,,,1586,AUG25,0,20,2004,i
13800914,"Pahomeev, Oleg",KGZ,M,,,,1832,AUG25,9,20,1952,
13808613,"Pak, Aaron",KGZ,M,,,,1810,AUG25,0,40,2009,
13801732,"Pak, Vadim",KGZ,M,,,,1807,AUG25,0,20,1990,
13812220,"Pak, Yaroslav",KGZ,M,,,,1459,AUG25,0,40,2011,i
13831623,"Pazylov, Topchubek",KGZ,M,,,,1620,AUG25,0,20,1963,
13840380,"Poliak, Margarita",KGZ,F,,,,1467,AUG25,0,40,2014,w
13840525,"Polin, Vasilii",KGZ,M,,,,1517,AUG25,0,20,1937,i
13810065,"Prikop, David",KGZ,M,,,,1605,AUG25,0,20,2000,i
13835858,"Rahatbekov, Nurumar",KGZ,M,,,,1473,AUG25,0,40,2016,
13816292,"Rahimzhanov, Adilet",KGZ,M,,,,1734,AUG25,0,20,2004,i
13838873,"Rahmanberdieva, Begaiim",KGZ,F,,,,1560,AUG25,0,40,2012,w
13821210,"Rahmanberdieva, Marzhana",KGZ,F,,,,1542,AUG25,0,20,1998,wi
13844814,"Rahmatov, Nurlanbek",KGZ,M,,,,1742,AUG25,0,20,1979,
13805894,"Rahmatulin, Bakyt",KGZ,M,,,,1860,AUG25,0,20,1983,
13816110,"Raiapov, Nursultan",KGZ,M,,,,1580,AUG25,0,40,2007,i
13846043,"Raiymbekov, Nurali",KGZ,M,,,,1448,AUG25,0,40,2016,i
13836501,"Raiymbekov, Nurel",KGZ,M,,,,1552,AUG25,0,40,2012,i
13811835,"Rakhatbekov, Tilegen",KGZ,M,,,,1868,AUG25,18,20,2004,
13831542,"Rakhmanov, Paizilla",KGZ,M,,,,1586,AUG25,0,40,1976,
13838393,"Rakmat Uulu, Talas",KGZ,M,,,,1704,AUG25,7,20,1985,
13815130,"Ramanov, Almanbet",KGZ,M,,,,1714,AUG25,0,20,1999,i
13829939,"Ramisova, Adelina",KGZ,F,,,,1720,AUG25,8,40,2013,w
13847813,"Rashitov, Mir",KGZ,M,,,,1759,AUG25,0,40,1956,i
13847988,"Razabaev, Imran",KGZ,M,,,,1419,AUG25,0,40,2013,
55748210,"Rodionov, Rodion",KGZ,M,,,,1553,AUG25,0,40,2013,i
13853120,"Romantsev, Anton",KGZ,M,,,,1613,AUG25,0,40,1996,
13853228,"Ruslanov, Aidarbek",KGZ,M,,,,1497,AUG25,0,40,1992,
13817159,"Rustambekova, Aigul",KGZ,F,,,,1639,AUG25,0,40,2009,wi
13847007,"Rustambekova, Asiya",KGZ,F,,,,1485,AUG25,0,40,2011,w
13817094,"Rustamov, Emir",KGZ,M,,,,1540,AUG25,0,20,2005,i
13853112,"Rysaliev, Astarbek",KGZ,M,,,,1659,AUG25,0,40,1950,
13824058,"Rysbaev, Nurel",KGZ,M,,,,1507,AUG25,0,40,2012,i
13813510,"Rysmatov, Azamat",KGZ,M,,,,1683,AUG25,0,20,1996,i
13831216,"Ryspaev, Nurel",KGZ,M,,,,1616,AUG25,0,40,2012,i
13820907,"Ryspaev, Yntymak",KGZ,M,,,,1430,AUG25,0,40,2007,i
13840371,"Ryspaeva, Alsu",KGZ,F,,,,1449,AUG25,0,40,2009,wi
13834401,"Saamaibek Kyzy, Asel",KGZ,F,,,,1430,AUG25,0,20,2002,wi
13848208,"Sabirov, Omar",KGZ,M,,,,1481,AUG25,0,40,2015,
13834975,"Sabitov, Yntymak",KGZ,M,,,,1581,AUG25,0,40,2007,i
13804952,"Sabyrbekov, Akim",KGZ,M,,,,1642,AUG25,0,40,2007,i
13810294,"Sabyrbekova, Aizhan",KGZ,F,,,,1694,AUG25,9,40,2012,w
13823175,"Sadygaliev, Sarylbek",KGZ,M,,,,1575,AUG25,0,20,1955,
13824759,"Sadykov, Zhakyp",KGZ,M,,,,1587,AUG25,0,20,1983,i
13811703,"Sagaliev, Beishen",KGZ,M,,,,1674,AUG25,0,20,1965,
13816896,"Sagynbekova, Alsu",KGZ,F,,,,1594,AUG25,0,40,2008,w
13820621,"Sagynbekova, Zhibek",KGZ,F,,,,1724,AUG25,0,40,2013,w
13809695,"Sagyndyk uulu, Maksat",KGZ,M,,,,1707,AUG25,0,20,1988,i
13801503,"Sagyndykov, Samat",KGZ,M,,,,1579,AUG25,0,20,1996,i
13833715,"Sagyndykova, Ayimbike",KGZ,M,,,,1503,AUG25,0,40,2012,
13819844,"Sagynova, Mahabat",KGZ,F,,,,1454,AUG25,0,20,2004,wi
13807153,"Saiakbaev, Bektemir",KGZ,M,,,,1642,AUG25,0,20,2003,i
13817108,"Saidova, Samira",KGZ,F,,,,1569,AUG25,0,40,2007,wi
13809105,"Saidzhoraev, Hozhiakbar",KGZ,M,,,,1524,AUG25,0,40,2007,
13805789,"Saiitkulov, Bektur",KGZ,M,,,,1722,AUG25,0,20,1993,i
13847732,"Saipidinov, Nazhmidin",KGZ,M,,,,1603,AUG25,8,40,1954,
13842510,"Saitmamat uulu, Nuradyl",KGZ,M,,,,AFM,AUG25,1525,0,2003,i
13835866,"Saizildaeva, Aimana",KGZ,F,,,,1476,AUG25,0,40,2014,w
13804340,"Sakibaev, Nursultan",KGZ,M,,,,1818,AUG25,0,20,2004,i
13820877,"Salieva, Azema",KGZ,F,,,,1430,AUG25,0,40,2011,wi
13823540,"Salimbai, Kanat",KGZ,M,,,,1756,AUG25,0,20,2000,i
13852205,"Salimov, Altynbek",KGZ,M,,,,1710,AUG25,0,40,1976,
13811460,"Salymbekov, Toktosun",KGZ,M,,,,1542,AUG25,0,20,1951,i
13800221,"Samaganova, Aleksandra",KGZ,F,WFM,WFM,FI,1922,AUG25,0,20,1986,w
13800345,"Samakov, Nurdin",KGZ,M,FM,,,2261,AUG25,0,20,1985,i
13801147,"Samudin, Elina",KGZ,F,,,,1821,AUG25,0,20,1998,wi
13855204,"Sandybaev, Jekshen",KGZ,M,,,,1681,AUG25,0,40,1990,
13841149,"Santashbekov, Emirlan",KGZ,M,,,,1418,AUG25,0,40,2014,
13845926,"Santashbekov, Rinat",KGZ,M,,,,1476,AUG25,0,40,1986,i
13844326,"Santashbekova, Eliyana",KGZ,F,,,,1508,AUG25,0,40,2010,w
13839900,"Santashbekova, Evelina",KGZ,F,,,,1453,AUG25,0,40,2012,w
13811479,"Sarnashev, Bekzhan",KGZ,M,,,,1616,AUG25,0,20,1952,i
13834410,"Sarykov, Kalysbek",KGZ,M,,,,1588,AUG25,0,20,1962,i
13803859,"Sarykov, Temiraly",KGZ,M,,,,1779,AUG25,0,20,1966,i
13818376,"Sarylbekov, Eldos",KGZ,M,,,,1455,AUG25,0,40,2010,i
13819003,"Sarylbekov, Ismail",KGZ,M,,,,1619,AUG25,0,40,2008,i
13804960,"Sarynzhiev, Sanzhar",KGZ,M,,,,1537,AUG25,0,40,2007,i
13843770,"Satanov, Baiel",KGZ,M,,,,1483,AUG25,0,40,2010,
13850202,"Satanov, Daniel",KGZ,M,,,,1413,AUG25,0,40,2013,
13844610,"Satarov, Innat",KGZ,M,,,,1758,AUG25,0,20,1964,i
13852256,"Satiev, Dzhakshylyk",KGZ,M,,,,1600,AUG25,0,20,1953,
13809733,"Sattarov, Inat",KGZ,M,,,,1643,AUG25,7,20,1964,
13803948,"Satybaev, Akylbek",KGZ,M,,,,1704,AUG25,0,20,2001,i
13804987,"Satybaldiev, Beknur",KGZ,M,,,,1518,AUG25,0,40,2007,i
13833073,"Satybaldiev, Eka",KGZ,M,,,,1675,AUG25,0,20,1972,i
13847023,"Satybaldiev, Sheishenbek",KGZ,M,,,,1434,AUG25,0,40,1950,
13827081,"Satylkanov, Abai",KGZ,M,,,,1557,AUG25,0,20,1959,
13832905,"Sayakbaev, Bolotbek",KGZ,M,,,,1547,AUG25,0,20,1961,i
13803816,"Scorikov, Viktor",KGZ,M,,,,1708,AUG25,0,20,1979,i
13824511,"Sdelnikov, Aleksandr",KGZ,M,,,,1565,AUG25,0,20,2000,i
13821156,"Segizbaev, Nurlan",KGZ,M,,,,1656,AUG25,0,20,1977,i
13813595,"Seidakiev, Altynbek",KGZ,M,,,,1857,AUG25,0,20,1985,i
13813498,"Seidaliev, Altynbek",KGZ,M,,,,1675,AUG25,0,20,1981,i
13813757,"Seidesimbaev, Kanybek",KGZ,M,,,,1422,AUG25,0,20,1950,i
13800582,"Seitaliev, Erlan",KGZ,M,,,,1885,AUG25,0,20,1995,i
13823396,"Seitaliev, Mamyrbek",KGZ,M,,,,1548,AUG25,0,20,1971,i
13814036,"Semizbaev, Bolotbek",KGZ,M,,,,1748,AUG25,0,20,1989,i
13845934,"Senirbaev, Akyl",KGZ,M,,,,1634,AUG25,0,20,1954,
13824473,"Serkebaev, Azamat",KGZ,M,,,,1558,AUG25,0,20,2004,i
13837788,"Serqaliyev, Bakyt",KGZ,M,,,,1578,AUG25,0,20,1990,i
13814400,"Seyitov, Myrza",KGZ,M,,,,1611,AUG25,0,20,1949,i
13801627,"Sezdbekov, Almaz",KGZ,M,,,,1784,AUG25,0,20,2004,i
13802046,"Sezdbekov, Arzybek",KGZ,M,,NA,,ACM,AUG25,1952,0,2001,
13808028,"Sezdbekov, Nursultan",KGZ,M,,,,1456,AUG25,0,40,2012,
13801856,"Sezdbekov, Ruslan",KGZ,M,FM,NA,,2166,AUG25,9,20,2002,
13826018,"Sezdbekova, Aida",KGZ,F,,,,1497,AUG25,0,40,2014,wi
13803590,"Sezdbekova, Aizhan",KGZ,F,WCM,WCM,,1885,AUG25,9,40,2010,w
13802739,"Sezdbekova, Nazira",KGZ,F,,,,1459,AUG25,0,20,2006,w
13851500,"Shabdanaliev, Negizbek",KGZ,M,,,,1806,AUG25,0,40,1980,i
13832590,"Shabdanbekova, Erkinai",KGZ,F,,,,1564,AUG25,0,20,1995,wi
13800930,"Shabdanov, Moldobek",KGZ,M,,,,1980,AUG25,0,20,1967,
13825275,"Shadykanov, Nurdin",KGZ,M,,,,1533,AUG25,0,20,1976,i
13840843,"Shafranov, Ilya",KGZ,M,,NA,,1538,AUG25,0,20,1966,i
13807790,"Shailoobekov, Aidin",KGZ,M,,,,1458,AUG25,0,40,2011,i
13831437,"Shakeev, Taalaibek",KGZ,M,,,,1698,AUG25,0,20,1988,i
13824732,"Shakenov, Turat",KGZ,M,,,,1564,AUG25,0,40,2010,i
13823582,"Shakirov, Adilet",KGZ,M,,,,1545,AUG25,0,20,2003,i
13814320,"Shakirov, Dyikan",KGZ,M,,,,1707,AUG25,0,20,1990,i
13827146,"Shakirova, Begimai",KGZ,F,,,,1433,AUG25,0,40,2009,wi
13805851,"Shakitov, Nursultan",KGZ,M,,,,1725,AUG25,0,20,1994,i
13809741,"Shaltakov, Shakir",KGZ,M,,,,1568,AUG25,0,20,1944,
13832689,"Shambetov, Atai",KGZ,M,,,,1437,AUG25,0,40,2014,i
13822020,"Shangitbaeva, Dariya",KGZ,F,,,,1469,AUG25,0,40,2010,wi
13829769,"Sharshebaev, Emir",KGZ,M,,,,1402,AUG25,0,40,2009,i
13832123,"Sharshebaeva, Railya",KGZ,F,,,,1429,AUG25,0,40,2015,w
13838580,"Sharsheev, Urmat",KGZ,M,,,,1525,AUG25,0,20,1978,
13804642,"Sharshembiev, Adil",KGZ,M,,,,1861,AUG25,0,20,2002,i
13810634,"Sharshenbekov, Emir",KGZ,M,CM,,,2210,AUG25,9,40,2010,
13815148,"Sharshenov, Osmon",KGZ,M,,,,1550,AUG25,0,40,1985,
13817760,"Shatmanaliev, Kapar",KGZ,M,,,,1740,AUG25,0,20,1979,i
13830465,"Shavketov, Alisultan",KGZ,M,,,,1465,AUG25,0,40,2011,i
13833200,"Shekekov, Kurmanbek",KGZ,M,,,,1677,AUG25,0,20,2000,
13834479,"Shergalieva, Amina",KGZ,F,,,,1436,AUG25,7,40,2017,w
13807013,"Shidlovskas, Romanas",KGZ,M,,,,1435,AUG25,0,20,2004,i
13804650,"Shokenov, Myktybek",KGZ,M,,,,1898,AUG25,9,20,1978,
13823558,"Sholpanbaev, Sauymbek",KGZ,M,,,,1656,AUG25,0,20,2000,i
13851780,"Shomatov, Bakhriddin",KGZ,M,,,,1571,AUG25,8,20,1974,
13800426,"Shukuraliev, Algis",KGZ,M,FM,,,2338,AUG25,0,20,1983,i
13805118,"Shukuraliev, Tengis",KGZ,M,,,,1650,AUG25,0,40,2010,i
13800531,"Shyngys Kyzy, Aizharkyn",KGZ,F,,,,1828,AUG25,0,20,1993,wi
13817302,"Si-Chi-Za, Sogdiana",KGZ,F,,,,1547,AUG25,0,40,2008,wi
13808494,"Sibgatulin, Artur",KGZ,M,,,,1516,AUG25,0,40,2010,i
13811509,"Skorikov, Viktor",KGZ,M,,,,1841,AUG25,0,20,1979,i
13832948,"Smagulova, Rayana",KGZ,F,,,,1545,AUG25,6,40,2010,w
13840169,"Smailov, Dastan",KGZ,M,,,,1516,AUG25,0,20,2003,i
13842935,"Smankulov, Askerbek",KGZ,M,,,,1520,AUG25,0,20,1988,i
13824210,"Smorodin, Aleksei",KGZ,M,,,,1687,AUG25,0,20,1986,i
13823183,"Smykov, Vladivir",KGZ,M,,,,1527,AUG25,0,20,1950,i
13801945,"Solomko, Artur",KGZ,M,,,,1624,AUG25,0,20,2006,
13833324,"Solovyov, Oleg",KGZ,M,,,,1702,AUG25,0,20,1966,i
13840185,"Sopiev, Tynchtyk",KGZ,M,,,,1500,AUG25,0,20,1960,i
13856731,"Sopuev, Tenizbai",KGZ,M,,,,1594,AUG25,0,40,1950,
13825372,"Souza, Juan",KGZ,M,,,,1514,AUG25,0,20,1989,i
13801910,"Sovetbekova, Nurai",KGZ,F,WFM,WFM,,1946,AUG25,25,20,2005,w
13844709,"Spiridonov, Kirill",KGZ,M,,,,1884,AUG25,0,20,1987,
13802917,"Stalbekov, Kantemir",KGZ,M,,,,1687,AUG25,0,40,2005,i
13804081,"Stankulov, Ilim",KGZ,M,,,,1566,AUG25,0,40,2007,i
13829726,"Subankulova, Kanykei",KGZ,F,,,,1405,AUG25,6,40,2012,w
13846795,"Subanov, Aytegin",KGZ,M,,,,1407,AUG25,0,40,2014,i
13811517,"Subanov, Kanat",KGZ,M,,,,1683,AUG25,0,20,1978,i
13846302,"Suerkulov, Baitemir",KGZ,M,,,,1669,AUG25,0,40,2006,
13852965,"Suiumbaeva, Bimarzhan",KGZ,F,,,,1487,AUG25,0,40,2011,w
13814249,"Sulaimanov, Abylmazhin",KGZ,M,,,,1542,AUG25,0,40,1968,
13817779,"Sulaimanov, Islam",KGZ,M,,,,1569,AUG25,0,20,2002,i
13804499,"Sulaimanov, Tilekmatali",KGZ,M,,,,1742,AUG25,0,40,2007,i
13801562,"Suldin, Aleksandr",KGZ,M,,,,1427,AUG25,0,20,1986,i
13811100,"Suleimanov, Baibolot",KGZ,M,,,,1468,AUG25,0,40,2008,i
13834070,"Suleymanov, Baybolot",KGZ,M,,,,1539,AUG25,0,40,2008,i
13814818,"Suloshiev, Amir",KGZ,M,,,,1454,AUG25,0,40,2009,i
13824007,"Sultanbekov, Adilbai",KGZ,M,,,,1549,AUG25,0,40,2007,i
13800493,"Sultanbekov, Kubat",KGZ,M,,,,1805,AUG25,0,20,1985,
13809121,"Sultangaziev, Amir",KGZ,M,,,,1876,AUG25,0,40,2008,
13826816,"Sultanov, Abdulaziz",KGZ,M,,,,1473,AUG25,0,40,2008,
13856170,"Sultanov, Almaz",KGZ,M,,,,1570,AUG25,0,40,1979,
13836056,"Sultanov, Atabek",KGZ,M,,,,1563,AUG25,0,40,2007,i
13852590,"Sultanov, Daniyar",KGZ,M,,,,1619,AUG25,0,20,1966,
13837494,"Sultanov, Kalyk",KGZ,M,,,,1670,AUG25,0,20,1971,i
13823191,"Sultanov, Kydyraly",KGZ,M,,,,1728,AUG25,0,20,1964,i
13825844,"Sultanov, Shuhrat",KGZ,M,,,,1548,AUG25,0,20,1966,i
13806831,"Sultanov, Tahir",KGZ,M,,,,1437,AUG25,0,40,2007,i
13807447,"Sultanova, Adelina",KGZ,F,,,,1504,AUG25,0,40,2008,wi
13802941,"Sultanova, Asel",KGZ,F,,,,1595,AUG25,0,20,1995,wi
13803433,"Surabaldieva, Kanyshai",KGZ,F,,,,1472,AUG25,0,40,2005,wi
13833952,"Surkeev, Shumkar",KGZ,M,,,,1851,AUG25,0,40,2009,
13847643,"Sutulov, Yaroslav",KGZ,M,,,,1424,AUG25,0,40,2007,
13802607,"Suvanbekov, Jahangir",KGZ,M,,,,1744,AUG25,0,20,2006,i
13806254,"Suyunbekova, Jannat",KGZ,F,,,,1431,AUG25,0,40,2010,wi
13837982,"Sydykbekov, Nurdin",KGZ,M,,,,1504,AUG25,8,40,2002,
13805916,"Sydykov, Almaz",KGZ,M,,,,1643,AUG25,0,20,1983,
13811738,"Sydykov, Bakyt",KGZ,M,,,,1690,AUG25,0,20,1965,
13829610,"Sydykov, Bayastan",KGZ,M,FM,,,2335,AUG25,7,20,2011,
13808109,"Sydykov, Chyngyz",KGZ,M,,,,1482,AUG25,0,40,2009,i
13840444,"Sydykov, Ernazar",KGZ,M,,,,1753,AUG25,0,20,2000,
13804618,"Sydykov, Nurtilek",KGZ,M,,,,1603,AUG25,0,40,2005,i
13802062,"Sydykova, Akylai",KGZ,F,,,,1684,AUG25,0,40,2007,wi
13800779,"Sydykova, Myrzagul",KGZ,F,,,,1855,AUG25,0,20,1995,wi
13801163,"Taalaibekov, Tagir",KGZ,M,,,,2087,AUG25,9,20,1998,
13823876,"Tabyldieva, Asema",KGZ,F,,,,1510,AUG25,0,40,2008,wi
13825380,"Tagirov, Asan",KGZ,M,,,,1570,AUG25,0,20,2000,i
13820133,"Tairova, Hamida",KGZ,F,,,,1752,AUG25,0,40,2011,wi
13800272,"Takyrbashev, Bolot",KGZ,M,,,,2038,AUG25,9,20,1983,
13800949,"Takyrbashev, Tilek",KGZ,M,FM,,,2006,AUG25,0,20,1956,
13816640,"Talant, Aruuke",KGZ,F,,,,1497,AUG25,0,40,2007,wi
13811843,"Talipov, Aziz",KGZ,M,,,,1602,AUG25,0,40,2005,i
13802356,"Tantabaeva, Mira",KGZ,F,,,,1452,AUG25,0,20,1972,w
13811959,"Tapaev, Totuhan",KGZ,M,,NA,,1858,AUG25,0,20,2006,
13845578,"Tashbolotov, Zamirbek",KGZ,M,,,,1684,AUG25,0,40,2005,i
13808036,"Tashmat uulu, Ariet",KGZ,M,,,,1512,AUG25,0,40,2011,i
13809113,"Tashmat uulu, Tariel",KGZ,M,,,,1537,AUG25,0,40,2008,i
13827090,"Tashtanbaev, Omurbek",KGZ,M,,,,1524,AUG25,0,40,1956,
13853260,"Tashtanbekov, Ulugbek",KGZ,M,,,,1762,AUG25,0,40,1974,
13802208,"Tashtanbekova, Elina",KGZ,F,,,,1548,AUG25,0,20,2004,wi
13813528,"Tashtemirov, Kenesh",KGZ,M,,,,1486,AUG25,0,20,1970,i
13834258,"Tavaldyeva, Alija",KGZ,F,,,,1416,AUG25,0,40,2007,w
13814133,"Tazhimyrzaev, Elzarbek",KGZ,M,,,,1799,AUG25,0,20,1981,
13801937,"Teiitbaev, Aktilek",KGZ,M,,,,1986,AUG25,0,20,2000,i
13802798,"Temir, Musa",KGZ,M,,,,1711,AUG25,0,20,2004,i
13805479,"Temiraliev, Umar",KGZ,M,,,,1515,AUG25,0,40,2007,i
13845853,"Temirbaev, Nurlan",KGZ,M,,,,1590,AUG25,0,20,1976,
13851039,"Temirbekov, Baiaman",KGZ,M,,,,1662,AUG25,8,40,2015,
13820060,"Temirbekov, Karim",KGZ,M,,,,1543,AUG25,0,40,2011,i
13817051,"Temirbekov, Umar",KGZ,M,,,,1474,AUG25,0,40,2008,i
13834630,"Temirbekova, Aliya",KGZ,F,,,,1439,AUG25,13,40,2015,w
13825518,"Tentemishev, Ruslan",KGZ,M,,,,1540,AUG25,0,40,2005,i
13824716,"Terehin, Danil",KGZ,M,,,,1479,AUG25,0,40,2008,i
13833340,"Teshebaev, Zhumabai",KGZ,M,,,,1564,AUG25,5,20,1981,
13814192,"Tezekbaev, Kubanychbek",KGZ,M,,,,1705,AUG25,7,20,1962,
13823566,"Tigai, Vilory",KGZ,M,,,,1577,AUG25,0,20,1945,i
13802089,"Tihonchuk, Nazar",KGZ,M,,,,1668,AUG25,0,20,1964,i
13805487,"Tilek uulu, Eldar",KGZ,M,,,,1588,AUG25,0,20,2004,i
13814150,"Tilekov, Eldar",KGZ,M,,NA,,1714,AUG25,0,20,2003,i
13803239,"Tilenbaev, Cholponbek",KGZ,M,,,,1771,AUG25,0,20,1955,
13800639,"Tilenbaeva, Baktygul",KGZ,F,,,,1900,AUG25,0,20,1961,wi
13800396,"Tilenbaeva, Janyl",KGZ,F,,,,2025,AUG25,0,20,1988,wi
13823604,"Tilevaldieva, Saikal",KGZ,F,,,,1519,AUG25,0,40,2007,wi
13843532,"Timurov, Emir",KGZ,M,,,,1484,AUG25,0,40,2014,
13819771,"Tobokelov, Akboto",KGZ,M,,,,1673,AUG25,0,20,2004,i
13839543,"Toichiev, Kubatbek",KGZ,M,,,,1594,AUG25,0,20,1989,
13839187,"Tokmergenov, Adil",KGZ,M,,,,1518,AUG25,0,40,2006,i
13839535,"Tokmergenov, Edil",KGZ,M,,,,1575,AUG25,0,40,2008,i
13819054,"Tokonov, Nazar",KGZ,M,,,,1536,AUG25,0,40,2007,i
13802623,"Toksombaev, Sanzhar",KGZ,M,,,,1600,AUG25,0,40,2005,i
13823400,"Toksonbaev, Sanjar",KGZ,M,,,,1548,AUG25,0,40,2005,i
13816489,"Toktaaliev, Namys",KGZ,M,,,,1760,AUG25,9,40,2013,
13832778,"Toktaalieva, Ayana",KGZ,F,,,,1544,AUG25,8,40,2014,w
13856723,"Toktobaev, Nurbek",KGZ,M,,,,1701,AUG25,0,40,1967,
13835653,"Toktobekov, Bekmat",KGZ,M,,,,1613,AUG25,6,40,2009,
13834991,"Toktobekov, Dastan",KGZ,M,,,,1492,AUG25,0,40,2007,i
13808044,"Toktobekov, Shabdan",KGZ,M,,,,1547,AUG25,0,40,2012,
13803778,"Toktobekova, Azema",KGZ,F,,,,1556,AUG25,0,40,2008,wi
13800299,"Toktogonov, Damil",KGZ,M,,,,2086,AUG25,0,20,1963,i
13842900,"Toktokozhoeva, Aiana",KGZ,F,,,,1404,AUG25,0,40,2015,w
13807420,"Toktokozhoeva, Altynai",KGZ,F,,,,1563,AUG25,0,40,2008,w
13802593,"Toktombaev, Arstan",KGZ,M,,,,1582,AUG25,0,20,1975,i
13831038,"Toktombaeva, Begaiym",KGZ,F,,,,1448,AUG25,0,40,2010,wi
13805045,"Toktomushev, Bek",KGZ,M,,,,1600,AUG25,0,20,2006,i
13814451,"Toktonaliev, Ernak",KGZ,M,,,,1784,AUG25,0,20,1980,
13803247,"Toktonazarov, Maniyaz",KGZ,M,,,,1793,AUG25,0,20,1982,i
13823590,"Toktosopiev, Nurlan",KGZ,M,,,,1698,AUG25,0,20,1957,i
13802852,"Toktosunov, Ismail",KGZ,M,,,,1534,AUG25,0,40,2008,i
13849018,"Toktosunova, Aruuke",KGZ,F,,,,1440,AUG25,0,40,2014,w
13855930,"Tokurov, Saparali",KGZ,M,,,,1613,AUG25,0,40,1968,
13816861,"Tolobaldiev, Alikhan",KGZ,M,,,,1603,AUG25,0,40,2012,i
13800574,"Tologon tegin, Semetei",KGZ,M,IM,NA,,2269,AUG25,9,20,1990,
13833111,"Tologonov, Bekkul",KGZ,M,,,,1575,AUG25,0,20,1962,i
13823884,"Tolomushev, Talgat",KGZ,M,,,,1438,AUG25,0,40,2007,i
13836528,"Tolonbaev, Muhammedumar",KGZ,M,,,,1583,AUG25,0,40,2013,
13838326,"Topchuev, Almaz",KGZ,M,,,,1522,AUG25,0,40,1993,i
13840533,"Torogeldiev, Erlan",KGZ,M,,,,1586,AUG25,0,20,1988,i
13840266,"Torogoldiev, Erzhan",KGZ,M,,,,1636,AUG25,0,20,1985,i
13803352,"Tsai, Dmitrii",KGZ,M,,,,1795,AUG25,0,20,1950,
13847929,"Tsoi, Sergei",KGZ,M,,,,1533,AUG25,0,40,1953,
13833359,"Tulenbaev, Adanbai",KGZ,M,,,,1497,AUG25,0,20,1972,i
13803514,"Tulendybaev, Muhammed-Salih",KGZ,M,,,,1575,AUG25,0,20,2003,i
13811525,"Tulkuev, Akbaraly",KGZ,M,,,,1716,AUG25,0,20,1950,i
13822217,"Turaliev, Zhanybek",KGZ,M,,,,1610,AUG25,0,20,1964,
13826425,"Turbatova, Nagima",KGZ,F,,,,1430,AUG25,0,40,2012,wi
13802453,"Turdahunov, Doolotbek",KGZ,M,,,,1668,AUG25,0,20,1953,i
13839527,"Turdubaev, Abdyrafik",KGZ,M,,,,1585,AUG25,0,20,2000,
13805517,"Turdubekov, Amantur",KGZ,M,,,,1638,AUG25,0,20,2004,i
13807188,"Turdumambetov, Maksat",KGZ,M,,,,1714,AUG25,0,20,1985,i
13831445,"Turgunbaev, Baktybek",KGZ,M,,,,1695,AUG25,0,20,1975,i
13808362,"Turgunbaev, Tilek",KGZ,M,,,,1444,AUG25,0,40,2009,i
13826905,"Turksoi, Zhanpolat",KGZ,M,,,,2002,AUG25,9,40,2008,
13839659,"Tursunaliev, Daniel",KGZ,M,,,,1602,AUG25,0,40,2009,i
13817310,"Tursunalieva, Nuraiym",KGZ,F,,,,1555,AUG25,8,40,2010,w
13817329,"Tursunalieva, Nurelina",KGZ,F,WCM,WCM,,1667,AUG25,9,40,2012,w
13832913,"Tursunbaev, Alisher",KGZ,M,,,,1653,AUG25,0,20,2004,i
13853147,"Tursunmamatov, Sagynbek",KGZ,M,,,,1413,AUG25,0,40,2007,
13838598,"Turumbekov, Meken",KGZ,M,,,,1608,AUG25,0,20,1958,
13814338,"Turunbekov, Kurmanbek",KGZ,M,,,,1462,AUG25,0,20,1980,i
13850687,"Turusbekova, Aliman",KGZ,F,,,,1502,AUG25,0,40,2014,w
13840495,"Tuuganbai Uulu, Nurdoolot",KGZ,M,,,,1575,AUG25,0,20,2001,i
13832301,"Tynchtykbekov, Aidar",KGZ,M,,,,1648,AUG25,0,40,2012,i
13836854,"Tynchybekova, Tansuluu",KGZ,F,,,,1443,AUG25,0,40,2010,w
13803360,"Tynybekov, Bakyt",KGZ,M,,,,1872,AUG25,0,20,2003,
13832506,"Tyurksoi, Zhanbolat",KGZ,M,,,,1483,AUG25,0,40,2009,i
13817680,"Tzoi, Sergei",KGZ,M,,,,1720,AUG25,0,20,1953,i
13826549,"Ulukbekova, Myrzaiym",KGZ,F,,,,1560,AUG25,0,40,2011,wi
13814893,"Ulukshaev, Abdurauf",KGZ,M,,,,1536,AUG25,0,40,2008,i
13814001,"Umaraliev, Kanat",KGZ,M,,,,1896,AUG25,0,20,1972,i
13800248,"Umarbekov, Aziz",KGZ,M,,IA,,2060,AUG25,9,20,1968,
13800965,"Umarbekov, Timurlan",KGZ,M,,,,1800,AUG25,0,20,1984,
13804383,"Umetaliev, Arsen",KGZ,M,,,,1749,AUG25,0,40,2008,i
13825860,"Umurzakov, Amantur",KGZ,M,,,,1667,AUG25,0,20,1971,i
13821105,"Uraiymov, Kylychbek",KGZ,M,,,,1618,AUG25,0,20,1989,i
13816853,"Urkadyrov, Syimyk",KGZ,M,,,,1521,AUG25,0,20,2006,
13817523,"Urkeev, Nursultan",KGZ,M,,,,1662,AUG25,9,40,2010,
13830090,"Urkumbaev, Aalybek",KGZ,M,,,,1651,AUG25,0,20,1964,i
13814419,"Urkunbaev, Aalybek",KGZ,M,,,,1686,AUG25,0,20,1964,
13819100,"Urmanbetov, Temirlan",KGZ,M,,,,AFM,AUG25,1641,0,2008,
13818449,"Usenbaev, Bek",KGZ,M,,,,1444,AUG25,0,40,2009,i
13833367,"Usenbaeva, Aizhamal",KGZ,M,,,,1660,AUG25,0,20,1993,i
13822489,"Usmanov, Radmir",KGZ,M,,,,1432,AUG25,0,40,2013,i
13802461,"Usmanov, Ulugbek",KGZ,M,,,,1743,AUG25,0,20,1985,
13832930,"Usmanova, Aisha",KGZ,F,,,,1488,AUG25,0,40,2012,w
13823264,"Usubaliev, Arlan",KGZ,M,,,,1560,AUG25,0,40,2013,i
13802569,"Usubaliev, Ermat",KGZ,M,,,,1645,AUG25,0,20,1935,
13819550,"Usubaliev, Sultan",KGZ,M,,,,1574,AUG25,0,40,2005,i
13856758,"Usupbaev, Baryktabas",KGZ,M,,,,1702,AUG25,0,40,1955,
13811746,"Usupbaev, Omor",KGZ,M,,,,1578,AUG25,0,20,1959,i
13803140,"Usupbekova, Zarina",KGZ,F,,"NI,FA",,1698,AUG25,0,20,2001,wi
13832620,"Usupov, Damirbek",KGZ,M,,,,1610,AUG25,0,40,1969,
13844822,"Utanov, Odil",KGZ,M,,,,1617,AUG25,8,20,1973,
13840479,"Utanov, Zhanybek",KGZ,M,,,,1620,AUG25,0,20,1988,i
13803808,"Uzakov, Turduahunbek",KGZ,M,,,,1926,AUG25,0,20,1976,i
13823957,"Uzbekov, Shakir",KGZ,M,,,,1437,AUG25,0,20,2000,i
13847597,"Uzgenbaev, Emirhan",KGZ,M,,,,1513,AUG25,0,40,2014,
13823418,"Verger Soze, Juan",KGZ,M,,,,1484,AUG25,0,20,1989,i
13824520,"Verger, Juan",KGZ,M,,,,1593,AUG25,0,20,2000,i
13800450,"Vilinsky, Vladimir",KGZ,M,,,,1807,AUG25,0,20,1941,i
13803174,"Vishentsev, Aleksandr",KGZ,M,,,,1866,AUG25,0,20,2001,i
13832417,"Vuglizov, Ramazan",KGZ,M,,,,1469,AUG25,0,20,1995,i
13804405,"Ydyrysov, Alihan",KGZ,M,,,,1743,AUG25,0,20,1985,i
13848259,"Ymanbaev, Alymbek",KGZ,M,,,,1501,AUG25,0,40,2015,
13835459,"Yrysov, Timur",KGZ,M,,,,1539,AUG25,0,40,2015,
13854275,"Ysakulov, Biytegin",KGZ,M,,,,1442,AUG25,0,40,2009,
13809652,"Zaikin, Vladimir",KGZ,M,,,,1767,AUG25,0,20,1960,i
13803603,"Zairbek kyzy, Begimai",KGZ,F,WFM,WFM,,1910,AUG25,0,20,2001,wi
13802518,"Zakirov, Asan",KGZ,M,,,,1774,AUG25,0,20,1959,i
13822926,"Zakirov, Elnur",KGZ,M,,,,1471,AUG25,0,40,2006,i
13809750,"Zakirov, Shainazar",KGZ,M,,,,1656,AUG25,0,20,1961,i
13814117,"Zamir Uulu, Zholdubek",KGZ,M,,,,1633,AUG25,0,20,1988,i
13805312,"Zamirbek uulu, Adilet",KGZ,M,,,,1701,AUG25,0,20,2004,i
13809644,"Zamirbek uulu, Zholdubai",KGZ,M,,,,1649,AUG25,0,20,2000,i
13825879,"Zamirbek Uulu, Zhoomart",KGZ,M,,,,1864,AUG25,0,20,1996,i
13848267,"Zarlykov, Emir",KGZ,M,,,,1541,AUG25,0,40,2016,
13816551,"Zarylykov, Erhan",KGZ,M,,,,1817,AUG25,0,40,2010,
13832131,"Zarylykova, Akmarzhana",KGZ,F,,,,1474,AUG25,0,40,2015,wi
13803034,"Zhainakov, Sagynych",KGZ,M,,,,1727,AUG25,0,20,2003,i
13803042,"Zhainakov, Talaibek",KGZ,M,,,,1879,AUG25,0,20,2006,i
13829629,Zhakov Aleksandr,KGZ,M,,,,1627,AUG25,0,20,1983,i
13821245,"Zhakshylykov, Bekzhan",KGZ,M,,,,1597,AUG25,0,20,1996,i
13804111,"Zhakshylykov, Erzhan",KGZ,M,IM,,,2309,AUG25,0,20,2007,
13800795,"Zhakypov, Artur",KGZ,M,,,,1812,AUG25,0,20,1998,i
13824538,"Zhakypov, Bekbol",KGZ,M,,,,1446,AUG25,0,40,2011,i
13814141,"Zhakypov, Ernist",KGZ,M,,,,1768,AUG25,0,20,1962,
13805673,"Zhakypova, Adelia",KGZ,M,,,,1433,AUG25,0,20,2002,
13816381,"Zhakypova, Nuraiym",KGZ,F,,,,1467,AUG25,0,40,2013,wi
13836404,"Zhantaev, Islam",KGZ,M,,,,1616,AUG25,0,20,2003,i
13817787,"Zhanybaev, Abubekir",KGZ,M,,,,1725,AUG25,0,20,1965,i
13835386,"Zhanybekov, Aktan",KGZ,M,,,,1597,AUG25,0,40,2012,
13805290,"Zhanybekov, Aktan",KGZ,M,,,,1651,AUG25,0,40,2005,i
13817892,"Zhanybekov, Kairat",KGZ,M,,,,1545,AUG25,0,20,1965,i
13817981,"Zhanybekov, Syimyk",KGZ,M,,,,1669,AUG25,0,20,2001,i
13819356,"Zhanybekova, Begimay",KGZ,F,WCM,WCM,,1656,AUG25,0,40,2007,w
13822624,"Zhaparov, Altynbek",KGZ,M,,,,1508,AUG25,0,40,2012,
13838601,"Zhasybaev, Nurzamat",KGZ,M,,,,1694,AUG25,0,20,1975,
13832921,"Zheenaliev, Azamat",KGZ,M,,,,1808,AUG25,0,20,1986,i
13800485,"Zheenbekov, Nurgazy",KGZ,M,,FI,,2097,AUG25,9,20,1986,
13819135,"Zhekshenbaev, Agil",KGZ,M,,,,1482,AUG25,0,40,2007,i
13803743,"Zhenishbekov, Alisher",KGZ,M,,,,1643,AUG25,0,40,2009,i
13805932,"Zholdoshbek kyzy, Adinai",KGZ,F,,,,1503,AUG25,0,20,2002,wi
13830902,"Zholdoshbekov, Nuradyl",KGZ,M,,,,1602,AUG25,0,40,2007,i
13817507,"Zholdoshbekova, Milana",KGZ,F,,,,1431,AUG25,0,40,2006,wi
13801635,"Zholdoshmamatov, Adilet",KGZ,M,,NA,,AIM,AUG25,1734,0,2003,
13829041,"Zholdoshov, Iskhak",KGZ,M,,,,1590,AUG25,0,40,2008,i
13833383,"Zhoraev, Adahamzhan",KGZ,M,,,,1621,AUG25,0,20,1967,
13838342,"Zhorobaev, Ochildin",KGZ,M,,,,1870,AUG25,0,40,2012,i
13825046,"Zhorobekov, Kalmamat",KGZ,M,,,,1830,AUG25,0,40,1961,i
13805592,"Zhorobekova, Khalima",KGZ,F,,,,1400,AUG25,0,40,2009,w
13802488,"Zhoroev, Adahan",KGZ,M,,,,2018,AUG25,0,20,1967,i
13811851,"Zhumabaev, Azat",KGZ,M,,,,1524,AUG25,0,20,2004,i
13832476,"Zhumabaev, Bakyt",KGZ,M,,,,1738,AUG25,0,20,1972,
13853155,"Zhumabekov, Azamat",KGZ,M,,,,1649,AUG25,0,40,1990,
13828754,"Zhumabekova, Darina",KGZ,F,,,,1469,AUG25,0,40,2012,wi
13828762,"Zhumaeva, Ademi",KGZ,F,,,,1458,AUG25,0,40,2012,wi
13819143,"Zhumakadyrov, Azim",KGZ,M,,,,1505,AUG25,0,40,2007,
13817795,"Zhumaliev, Batyrbek",KGZ,M,,,,1438,AUG25,0,20,1965,i
13814109,"Zhumaliev, Kurmankul",KGZ,M,,,,1728,AUG25,7,20,1958,
13832662,"Zhumanazar Uulu, Syimyk",KGZ,M,,,,1605,AUG25,0,20,1999,i
13833405,"Zhumashev, Ashirbek",KGZ,M,,,,1493,AUG25,0,20,1993,i
13809628,"Zhumataev, Erlan",KGZ,M,,,,1732,AUG25,0,20,2001,i
13819780,"Zhumataev, Nursultan",KGZ,M,,,,1636,AUG25,0,20,2003,i
13841190,"Zhumaturdu, Kutmanbek",KGZ,M,,,,1405,AUG25,0,40,2015,i
13821938,"Zhunusaliev, Islam",KGZ,M,,,,AFM,AUG25,1582,0,2005,
13815946,"Zhunusaliev, Sultan",KGZ,M,,,,1520,AUG25,0,40,2006,i
13810251,"Zhunusbekova, Aimonchok",KGZ,F,,,,1705,AUG25,7,40,2009,w
13824465,"Zhunushev, Atai",KGZ,M,,,,1700,AUG25,0,20,2006,i
13856103,"Zhunusov, Nurak",KGZ,M,,,,1655,AUG25,0,40,1970,
13817710,"Zhusubaliev, Orozmamat",KGZ,M,,,,1642,AUG25,0,20,1951,i
13839446,"Zhusupov, Kasymbek",KGZ,M,,,,1536,AUG25,0,20,1963,
13800876,"Zhusupov, Mairambek",KGZ,M,,,,1847,AUG25,9,20,1953,
13835688,"Zhuzumaliev, A",KGZ,M,,,,1501,AUG25,0,20,2002,i
13836897,"Zhuzumaliev, Temir",KGZ,M,,,,1752,AUG25,7,40,2009,
13813749,"Zhuzumov, Adilet",KGZ,M,,,,1632,AUG25,0,20,1982,i
13817868,"Zhylkeldiev, Tursunbai",KGZ,M,,,,1438,AUG25,0,20,1943,i
13827103,"Zhylkychiev, Turat",KGZ,M,,,,1487,AUG25,0,20,1958,
13856154,"Zikirov, Kutbidin",KGZ,M,,,,1423,AUG25,0,40,1995,
13800035,"Zilberman, Nathan R",KGZ,M,IM,,,2309,AUG25,0,20,1940,i
13844857,"Zubairov, Ilnur",KGZ,M,,,,1504,AUG25,0,20,2003,i