[
  {
    "ID Number": "4205707"
  },
  {
    "ID Number": "5907055"
  },
  {
    "ID Number": "5906059"
  },
  {
    "ID Number": "336104997"
  },
  {
    "ID Number": "5901030"
  },
  {
    "ID Number": "5904390"
  },
  {
    "ID Number": "5900468"
  },
  {
    "ID Number": "5904285"
  },
  {
    "ID Number": "5906563"
  },
  {
    "ID Number": "5903467"
  },
  {
    "ID Number": "5904463"
  },
  {
    "ID Number": "4120639"
  },
  {
    "ID Number": "5909546"
  },
  {
    "ID Number": "5913233"
  },
  {
    "ID Number": "5903556"
  },
  {
    "ID Number": "5901618"
  },
  {
    "ID Number": "5902193"
  },
  {
    "ID Number": "5900638"
  },
  {
    "ID Number": "5913241"
  },
  {
    "ID Number": "5903262"
  },
  {
    "ID Number": "5908884"
  },
  {
    "ID Number": "5900760"
  },
  {
    "ID Number": "5903564"
  },
  {
    "ID Number": "5905702"
  },
  {
    "ID Number": "5911060"
  },
  {
    "ID Number": "5907985"
  },
  {
    "ID Number": "5905150"
  },
  {
    "ID Number": "5906016"
  },
  {
    "ID Number": "5902576"
  },
  {
    "ID Number": "5905427"
  },
  {
    "ID Number": "5902070"
  },
  {
    "ID Number": "5902207"
  },
  {
    "ID Number": "5912849"
  },
  {
    "ID Number": "5900328"
  },
  {
    "ID Number": "5906229"
  },
  {
    "ID Number": "5902355"
  },
  {
    "ID Number": "5900336"
  },
  {
    "ID Number": "5906598"
  },
  {
    "ID Number": "5906768"
  },
  {
    "ID Number": "5902606"
  },
  {
    "ID Number": "5907446"
  },
  {
    "ID Number": "5900808"
  },
  {
    "ID Number": "5900352"
  },
  {
    "ID Number": "5900360"
  },
  {
    "ID Number": "5911761"
  },
  {
    "ID Number": "5903351"
  },
  {
    "ID Number": "5905109"
  },
  {
    "ID Number": "5903750"
  },
  {
    "ID Number": "5912822"
  },
  {
    "ID Number": "5903092"
  },
  {
    "ID Number": "5912091"
  },
  {
    "ID Number": "5909015"
  },
  {
    "ID Number": "5901839"
  },
  {
    "ID Number": "5901103"
  },
  {
    "ID Number": "5905133"
  },
  {
    "ID Number": "5905818"
  },
  {
    "ID Number": "5904374"
  },
  {
    "ID Number": "5904366"
  },
  {
    "ID Number": "5904404"
  },
  {
    "ID Number": "5912113"
  },
  {
    "ID Number": "5904692"
  },
  {
    "ID Number": "5901286"
  },
  {
    "ID Number": "5902657"
  },
  {
    "ID Number": "5903076"
  },
  {
    "ID Number": "5913039"
  },
  {
    "ID Number": "5911389"
  },
  {
    "ID Number": "5901790"
  },
  {
    "ID Number": "5909007"
  },
  {
    "ID Number": "5901022"
  },
  {
    "ID Number": "5901847"
  },
  {
    "ID Number": "5907802"
  },
  {
    "ID Number": "5907810"
  },
  {
    "ID Number": "5904218"
  },
  {
    "ID Number": "5901979"
  },
  {
    "ID Number": "5901120"
  },
  {
    "ID Number": "5911397"
  },
  {
    "ID Number": "5900158"
  },
  {
    "ID Number": "5911117"
  },
  {
    "ID Number": "5911427"
  },
  {
    "ID Number": "5903475"
  },
  {
    "ID Number": "5905729"
  },
  {
    "ID Number": "5908639"
  },
  {
    "ID Number": "4216199"
  },
  {
    "ID Number": "5911737"
  },
  {
    "ID Number": "5909147"
  },
  {
    "ID Number": "5910714"
  },
  {
    "ID Number": "5904269"
  },
  {
    "ID Number": "5904188"
  },
  {
    "ID Number": "5908370"
  },
  {
    "ID Number": "5900417"
  },
  {
    "ID Number": "5901235"
  },
  {
    "ID Number": "5905320"
  },
  {
    "ID Number": "5911354"
  },
  {
    "ID Number": "5905168"
  },
  {
    "ID Number": "34390146"
  },
  {
    "ID Number": "5900425"
  },
  {
    "ID Number": "5907047"
  },
  {
    "ID Number": "5905982"
  },
  {
    "ID Number": "5901154"
  },
  {
    "ID Number": "5901863"
  },
  {
    "ID Number": "5900433"
  },
  {
    "ID Number": "5900018"
  },
  {
    "ID Number": "5904633"
  },
  {
    "ID Number": "5900166"
  },
  {
    "ID Number": "5903360"
  },
  {
    "ID Number": "5901871"
  },
  {
    "ID Number": "5911133"
  },
  {
    "ID Number": "5909457"
  },
  {
    "ID Number": "5911656"
  },
  {
    "ID Number": "5902002"
  },
  {
    "ID Number": "5901898"
  },
  {
    "ID Number": "5910951"
  },
  {
    "ID Number": "5901162"
  },
  {
    "ID Number": "5902720"
  },
  {
    "ID Number": "5911745"
  },
  {
    "ID Number": "5906784"
  },
  {
    "ID Number": "5906008"
  },
  {
    "ID Number": "4218612"
  },
  {
    "ID Number": "5901170"
  },
  {
    "ID Number": "5907861"
  },
  {
    "ID Number": "5913403"
  },
  {
    "ID Number": "5910005"
  },
  {
    "ID Number": "5902134"
  },
  {
    "ID Number": "5902088"
  },
  {
    "ID Number": "5905710"
  },
  {
    "ID Number": "5904439"
  },
  {
    "ID Number": "5902860"
  },
  {
    "ID Number": "5901707"
  },
  {
    "ID Number": "5911532"
  },
  {
    "ID Number": "5905486"
  },
  {
    "ID Number": "5905770"
  },
  {
    "ID Number": "5905788"
  },
  {
    "ID Number": "4262344"
  },
  {
    "ID Number": "5900077"
  },
  {
    "ID Number": "5911729"
  },
  {
    "ID Number": "5912016"
  },
  {
    "ID Number": "5900670"
  },
  {
    "ID Number": "5908981"
  },
  {
    "ID Number": "5901936"
  },
  {
    "ID Number": "5903068"
  },
  {
    "ID Number": "5911303"
  },
  {
    "ID Number": "5906970"
  },
  {
    "ID Number": "5906989"
  },
  {
    "ID Number": "5903289"
  },
  {
    "ID Number": "5902339"
  },
  {
    "ID Number": "5901545"
  },
  {
    "ID Number": "5903130"
  },
  {
    "ID Number": "5905214"
  },
  {
    "ID Number": "5906202"
  },
  {
    "ID Number": "5914060"
  },
  {
    "ID Number": "25892932"
  },
  {
    "ID Number": "5901197"
  },
  {
    "ID Number": "5905346"
  },
  {
    "ID Number": "5906822"
  },
  {
    "ID Number": "5900514"
  },
  {
    "ID Number": "5909708"
  },
  {
    "ID Number": "5902177"
  },
  {
    "ID Number": "5912997"
  },
  {
    "ID Number": "5901219"
  },
  {
    "ID Number": "5902150"
  },
  {
    "ID Number": "5910803"
  },
  {
    "ID Number": "5902096"
  }
]