[
  {
    "ID Number": "3640400"
  },
  {
    "ID Number": "3650553"
  },
  {
    "ID Number": "3662837"
  },
  {
    "ID Number": "3616606"
  },
  {
    "ID Number": "3645347"
  },
  {
    "ID Number": "3646017"
  },
  {
    "ID Number": "3650820"
  },
  {
    "ID Number": "3600505"
  },
  {
    "ID Number": "3642836"
  },
  {
    "ID Number": "3643131"
  },
  {
    "ID Number": "3628906"
  },
  {
    "ID Number": "3638235"
  },
  {
    "ID Number": "3651193"
  },
  {
    "ID Number": "3646629"
  },
  {
    "ID Number": "3649938"
  },
  {
    "ID Number": "3601579"
  },
  {
    "ID Number": "3661660"
  },
  {
    "ID Number": "3612392"
  },
  {
    "ID Number": "3601358"
  },
  {
    "ID Number": "3649458"
  },
  {
    "ID Number": "3644235"
  },
  {
    "ID Number": "3637425"
  },
  {
    "ID Number": "3628671"
  },
  {
    "ID Number": "3633179"
  },
  {
    "ID Number": "3600351"
  },
  {
    "ID Number": "3654630"
  },
  {
    "ID Number": "3632881"
  },
  {
    "ID Number": "3649342"
  },
  {
    "ID Number": "3654974"
  },
  {
    "ID Number": "3630757"
  },
  {
    "ID Number": "3623351"
  },
  {
    "ID Number": "3601390"
  },
  {
    "ID Number": "3601315"
  },
  {
    "ID Number": "3648753"
  },
  {
    "ID Number": "3659569"
  },
  {
    "ID Number": "3641180"
  },
  {
    "ID Number": "3645517"
  },
  {
    "ID Number": "3635538"
  },
  {
    "ID Number": "3661210"
  },
  {
    "ID Number": "3650260"
  },
  {
    "ID Number": "3632237"
  },
  {
    "ID Number": "3655172"
  },
  {
    "ID Number": "3666190"
  },
  {
    "ID Number": "3636437"
  },
  {
    "ID Number": "3604640"
  },
  {
    "ID Number": "3652661"
  },
  {
    "ID Number": "3650863"
  },
  {
    "ID Number": "3653005"
  },
  {
    "ID Number": "3626865"
  },
  {
    "ID Number": "3665267"
  },
  {
    "ID Number": "3634841"
  },
  {
    "ID Number": "3670368"
  },
  {
    "ID Number": "3639711"
  },
  {
    "ID Number": "3621243"
  },
  {
    "ID Number": "3625125"
  },
  {
    "ID Number": "3654060"
  },
  {
    "ID Number": "3639908"
  },
  {
    "ID Number": "3640736"
  },
  {
    "ID Number": "3640590"
  },
  {
    "ID Number": "3600670"
  },
  {
    "ID Number": "3616649"
  },
  {
    "ID Number": "3618919"
  },
  {
    "ID Number": "3602770"
  },
  {
    "ID Number": "24526150"
  },
  {
    "ID Number": "3653161"
  },
  {
    "ID Number": "3646866"
  },
  {
    "ID Number": "3602850"
  },
  {
    "ID Number": "3658961"
  },
  {
    "ID Number": "3609677"
  },
  {
    "ID Number": "3625141"
  },
  {
    "ID Number": "3638014"
  },
  {
    "ID Number": "3634957"
  },
  {
    "ID Number": "3651924"
  },
  {
    "ID Number": "3600459"
  },
  {
    "ID Number": "3600564"
  },
  {
    "ID Number": "3649490"
  },
  {
    "ID Number": "3611914"
  },
  {
    "ID Number": "3657043"
  },
  {
    "ID Number": "3633810"
  },
  {
    "ID Number": "3612490"
  },
  {
    "ID Number": "3621286"
  },
  {
    "ID Number": "3649504"
  },
  {
    "ID Number": "3652130"
  },
  {
    "ID Number": "3662080"
  },
  {
    "ID Number": "3636984"
  },
  {
    "ID Number": "3600408"
  },
  {
    "ID Number": "3646874"
  },
  {
    "ID Number": "3655741"
  },
  {
    "ID Number": "3631710"
  },
  {
    "ID Number": "3634744"
  },
  {
    "ID Number": "3603873"
  },
  {
    "ID Number": "3614867"
  },
  {
    "ID Number": "3609499"
  },
  {
    "ID Number": "3640760"
  },
  {
    "ID Number": "3632962"
  },
  {
    "ID Number": "3658147"
  },
  {
    "ID Number": "3603075"
  },
  {
    "ID Number": "3631729"
  },
  {
    "ID Number": "3608212"
  },
  {
    "ID Number": "3638634"
  },
  {
    "ID Number": "3645215"
  },
  {
    "ID Number": "3639916"
  },
  {
    "ID Number": "3643158"
  },
  {
    "ID Number": "3661725"
  },
  {
    "ID Number": "3605680"
  },
  {
    "ID Number": "3650111"
  },
  {
    "ID Number": "3606180"
  },
  {
    "ID Number": "3644375"
  },
  {
    "ID Number": "3653030"
  },
  {
    "ID Number": "3600947"
  },
  {
    "ID Number": "3647579"
  },
  {
    "ID Number": "3621332"
  },
  {
    "ID Number": "3636364"
  },
  {
    "ID Number": "3616681"
  },
  {
    "ID Number": "3654125"
  },
  {
    "ID Number": "3626156"
  },
  {
    "ID Number": "3645932"
  },
  {
    "ID Number": "3658813"
  },
  {
    "ID Number": "3640159"
  },
  {
    "ID Number": "3655199"
  },
  {
    "ID Number": "3617122"
  },
  {
    "ID Number": "3602796"
  },
  {
    "ID Number": "3650880"
  },
  {
    "ID Number": "3634434"
  },
  {
    "ID Number": "3639924"
  },
  {
    "ID Number": "3640078"
  },
  {
    "ID Number": "3652696"
  },
  {
    "ID Number": "3618048"
  },
  {
    "ID Number": "3635252"
  },
  {
    "ID Number": "3646335"
  },
  {
    "ID Number": "3655415"
  },
  {
    "ID Number": "3634876"
  },
  {
    "ID Number": "3632415"
  },
  {
    "ID Number": "3636097"
  },
  {
    "ID Number": "3656799"
  },
  {
    "ID Number": "3668193"
  },
  {
    "ID Number": "3657396"
  },
  {
    "ID Number": "3640299"
  },
  {
    "ID Number": "3651304"
  },
  {
    "ID Number": "3649229"
  },
  {
    "ID Number": "3639932"
  },
  {
    "ID Number": "3644979"
  },
  {
    "ID Number": "3630307"
  },
  {
    "ID Number": "3658392"
  },
  {
    "ID Number": "3628035"
  },
  {
    "ID Number": "3632245"
  },
  {
    "ID Number": "3635260"
  },
  {
    "ID Number": "3636356"
  },
  {
    "ID Number": "3668207"
  },
  {
    "ID Number": "3657477"
  },
  {
    "ID Number": "3601188"
  },
  {
    "ID Number": "3618986"
  },
  {
    "ID Number": "3664120"
  },
  {
    "ID Number": "3604217"
  },
  {
    "ID Number": "3652726"
  },
  {
    "ID Number": "3618056"
  },
  {
    "ID Number": "3610454"
  },
  {
    "ID Number": "3668053"
  },
  {
    "ID Number": "3633837"
  },
  {
    "ID Number": "3609316"
  },
  {
    "ID Number": "3659860"
  },
  {
    "ID Number": "3638650"
  },
  {
    "ID Number": "3600149"
  },
  {
    "ID Number": "3633624"
  },
  {
    "ID Number": "3634930"
  },
  {
    "ID Number": "3646041"
  },
  {
    "ID Number": "3644243"
  },
  {
    "ID Number": "3644391"
  },
  {
    "ID Number": "3645665"
  },
  {
    "ID Number": "3648800"
  },
  {
    "ID Number": "3637484"
  },
  {
    "ID Number": "3606228"
  },
  {
    "ID Number": "3638669"
  },
  {
    "ID Number": "3653307"
  },
  {
    "ID Number": "3640167"
  },
  {
    "ID Number": "3639169"
  },
  {
    "ID Number": "3602494"
  },
  {
    "ID Number": "3660710"
  },
  {
    "ID Number": "3640809"
  },
  {
    "ID Number": "3652343"
  },
  {
    "ID Number": "3660370"
  },
  {
    "ID Number": "3649598"
  },
  {
    "ID Number": "3655431"
  },
  {
    "ID Number": "3633845"
  },
  {
    "ID Number": "3636534"
  },
  {
    "ID Number": "3652769"
  },
  {
    "ID Number": "3655024"
  },
  {
    "ID Number": "3632970"
  },
  {
    "ID Number": "3625842"
  },
  {
    "ID Number": "3614220"
  },
  {
    "ID Number": "3619478"
  },
  {
    "ID Number": "3650693"
  },
  {
    "ID Number": "3659283"
  },
  {
    "ID Number": "3649121"
  },
  {
    "ID Number": "3649601"
  },
  {
    "ID Number": "3649237"
  },
  {
    "ID Number": "3646904"
  },
  {
    "ID Number": "3645380"
  },
  {
    "ID Number": "3606864"
  },
  {
    "ID Number": "3650375"
  },
  {
    "ID Number": "3646769"
  },
  {
    "ID Number": "3646912"
  },
  {
    "ID Number": "3669513"
  },
  {
    "ID Number": "3663426"
  },
  {
    "ID Number": "3660982"
  },
  {
    "ID Number": "3667782"
  },
  {
    "ID Number": "3662098"
  },
  {
    "ID Number": "3610489"
  },
  {
    "ID Number": "3645673"
  },
  {
    "ID Number": "3642887"
  },
  {
    "ID Number": "3646920"
  },
  {
    "ID Number": "3601625"
  },
  {
    "ID Number": "3651339"
  },
  {
    "ID Number": "3656888"
  },
  {
    "ID Number": "3636119"
  },
  {
    "ID Number": "3641120"
  },
  {
    "ID Number": "3633853"
  },
  {
    "ID Number": "3649610"
  },
  {
    "ID Number": "3610187"
  },
  {
    "ID Number": "3648770"
  },
  {
    "ID Number": "3604969"
  },
  {
    "ID Number": "3643387"
  },
  {
    "ID Number": "3645479"
  },
  {
    "ID Number": "3654540"
  },
  {
    "ID Number": "3668223"
  },
  {
    "ID Number": "3654559"
  },
  {
    "ID Number": "3646939"
  },
  {
    "ID Number": "3630277"
  },
  {
    "ID Number": "3603636"
  },
  {
    "ID Number": "3620980"
  },
  {
    "ID Number": "3651363"
  },
  {
    "ID Number": "3653781"
  },
  {
    "ID Number": "3638294"
  },
  {
    "ID Number": "3637506"
  },
  {
    "ID Number": "3508765"
  },
  {
    "ID Number": "3637050"
  },
  {
    "ID Number": "3653234"
  },
  {
    "ID Number": "3643964"
  },
  {
    "ID Number": "3635287"
  },
  {
    "ID Number": "3622908"
  },
  {
    "ID Number": "3613640"
  },
  {
    "ID Number": "3616363"
  },
  {
    "ID Number": "3616371"
  },
  {
    "ID Number": "3660303"
  },
  {
    "ID Number": "3657485"
  },
  {
    "ID Number": "3669556"
  },
  {
    "ID Number": "3658597"
  },
  {
    "ID Number": "3655326"
  },
  {
    "ID Number": "3649130"
  },
  {
    "ID Number": "3630625"
  },
  {
    "ID Number": "3669564"
  },
  {
    "ID Number": "3634221"
  },
  {
    "ID Number": "3655156"
  },
  {
    "ID Number": "3635589"
  },
  {
    "ID Number": "3652475"
  },
  {
    "ID Number": "3654176"
  },
  {
    "ID Number": "3600270"
  },
  {
    "ID Number": "3631788"
  },
  {
    "ID Number": "3657949"
  },
  {
    "ID Number": "3644863"
  },
  {
    "ID Number": "3658465"
  },
  {
    "ID Number": "3606880"
  },
  {
    "ID Number": "3606899"
  },
  {
    "ID Number": "3665356"
  },
  {
    "ID Number": "3643417"
  },
  {
    "ID Number": "3643425"
  },
  {
    "ID Number": "3602710"
  },
  {
    "ID Number": "3602753"
  },
  {
    "ID Number": "3666662"
  },
  {
    "ID Number": "3614506"
  },
  {
    "ID Number": "3635597"
  },
  {
    "ID Number": "3644995"
  },
  {
    "ID Number": "3637778"
  },
  {
    "ID Number": "3640515"
  },
  {
    "ID Number": "3659887"
  },
  {
    "ID Number": "3645002"
  },
  {
    "ID Number": "3642909"
  },
  {
    "ID Number": "3653056"
  },
  {
    "ID Number": "3640817"
  },
  {
    "ID Number": "3668860"
  },
  {
    "ID Number": "3605922"
  },
  {
    "ID Number": "3612694"
  },
  {
    "ID Number": "3661172"
  },
  {
    "ID Number": "3627365"
  },
  {
    "ID Number": "3604012"
  },
  {
    "ID Number": "3634787"
  },
  {
    "ID Number": "3647986"
  },
  {
    "ID Number": "3634671"
  },
  {
    "ID Number": "3657523"
  },
  {
    "ID Number": "3605701"
  },
  {
    "ID Number": "3605710"
  },
  {
    "ID Number": "3661024"
  },
  {
    "ID Number": "3662101"
  },
  {
    "ID Number": "3662110"
  },
  {
    "ID Number": "3640183"
  },
  {
    "ID Number": "3633896"
  },
  {
    "ID Number": "3622363"
  },
  {
    "ID Number": "3643433"
  },
  {
    "ID Number": "3650073"
  },
  {
    "ID Number": "3613674"
  },
  {
    "ID Number": "3600823"
  },
  {
    "ID Number": "3655245"
  },
  {
    "ID Number": "3667685"
  },
  {
    "ID Number": "3657426"
  },
  {
    "ID Number": "3620212"
  },
  {
    "ID Number": "3645428"
  },
  {
    "ID Number": "3604985"
  },
  {
    "ID Number": "3645304"
  },
  {
    "ID Number": "3641074"
  },
  {
    "ID Number": "3644685"
  },
  {
    "ID Number": "3609200"
  },
  {
    "ID Number": "3612716"
  },
  {
    "ID Number": "3648150"
  },
  {
    "ID Number": "3649148"
  },
  {
    "ID Number": "3658759"
  },
  {
    "ID Number": "3645142"
  },
  {
    "ID Number": "3635732"
  },
  {
    "ID Number": "3634558"
  },
  {
    "ID Number": "3601382"
  },
  {
    "ID Number": "3628167"
  },
  {
    "ID Number": "3633667"
  },
  {
    "ID Number": "3635449"
  },
  {
    "ID Number": "1902156"
  },
  {
    "ID Number": "3617343"
  },
  {
    "ID Number": "3617351"
  },
  {
    "ID Number": "3627020"
  },
  {
    "ID Number": "3607917"
  },
  {
    "ID Number": "3664023"
  },
  {
    "ID Number": "3635112"
  },
  {
    "ID Number": "3649946"
  },
  {
    "ID Number": "3664031"
  },
  {
    "ID Number": "3653064"
  },
  {
    "ID Number": "3629171"
  },
  {
    "ID Number": "3638731"
  },
  {
    "ID Number": "3603687"
  },
  {
    "ID Number": "3654575"
  },
  {
    "ID Number": "3650278"
  },
  {
    "ID Number": "3605604"
  },
  {
    "ID Number": "3639630"
  },
  {
    "ID Number": "3635457"
  },
  {
    "ID Number": "3644448"
  },
  {
    "ID Number": "3634655"
  },
  {
    "ID Number": "3637590"
  },
  {
    "ID Number": "3638472"
  },
  {
    "ID Number": "3639223"
  },
  {
    "ID Number": "3639231"
  },
  {
    "ID Number": "3623939"
  },
  {
    "ID Number": "3621561"
  },
  {
    "ID Number": "3613275"
  },
  {
    "ID Number": "3613267"
  },
  {
    "ID Number": "3658473"
  },
  {
    "ID Number": "3601161"
  },
  {
    "ID Number": "3602559"
  },
  {
    "ID Number": "3654087"
  },
  {
    "ID Number": "3650839"
  },
  {
    "ID Number": "3665739"
  },
  {
    "ID Number": "3656810"
  },
  {
    "ID Number": "3657981"
  },
  {
    "ID Number": "3652394"
  },
  {
    "ID Number": "3600661"
  },
  {
    "ID Number": "3642330"
  },
  {
    "ID Number": "3628175"
  },
  {
    "ID Number": "3643182"
  },
  {
    "ID Number": "3615421"
  },
  {
    "ID Number": "3619168"
  },
  {
    "ID Number": "3622410"
  },
  {
    "ID Number": "3643190"
  },
  {
    "ID Number": "3605949"
  },
  {
    "ID Number": "3642470"
  },
  {
    "ID Number": "3613283"
  },
  {
    "ID Number": "3635295"
  },
  {
    "ID Number": "3663795"
  },
  {
    "ID Number": "3636640"
  },
  {
    "ID Number": "3636836"
  },
  {
    "ID Number": "3636224"
  },
  {
    "ID Number": "3636240"
  },
  {
    "ID Number": "3600688"
  },
  {
    "ID Number": "3605728"
  },
  {
    "ID Number": "3649660"
  },
  {
    "ID Number": "3649105"
  },
  {
    "ID Number": "3645231"
  },
  {
    "ID Number": "3600904"
  },
  {
    "ID Number": "3646963"
  },
  {
    "ID Number": "3653820"
  },
  {
    "ID Number": "3607011"
  },
  {
    "ID Number": "3652491"
  },
  {
    "ID Number": "3615456"
  },
  {
    "ID Number": "3603288"
  },
  {
    "ID Number": "3652009"
  },
  {
    "ID Number": "3607763"
  },
  {
    "ID Number": "3633926"
  },
  {
    "ID Number": "3639983"
  },
  {
    "ID Number": "3643280"
  },
  {
    "ID Number": "3650715"
  },
  {
    "ID Number": "3650391"
  },
  {
    "ID Number": "3650405"
  },
  {
    "ID Number": "3653854"
  },
  {
    "ID Number": "3650413"
  },
  {
    "ID Number": "3646106"
  },
  {
    "ID Number": "3616410"
  },
  {
    "ID Number": "3638812"
  },
  {
    "ID Number": "3641554"
  },
  {
    "ID Number": "3640523"
  },
  {
    "ID Number": "3654761"
  },
  {
    "ID Number": "3669874"
  },
  {
    "ID Number": "3668495"
  },
  {
    "ID Number": "3637131"
  },
  {
    "ID Number": "3633934"
  },
  {
    "ID Number": "3658848"
  },
  {
    "ID Number": "3652831"
  },
  {
    "ID Number": "3616428"
  },
  {
    "ID Number": "3602010"
  },
  {
    "ID Number": "3651967"
  },
  {
    "ID Number": "3616444"
  },
  {
    "ID Number": "3603490"
  },
  {
    "ID Number": "3607062"
  },
  {
    "ID Number": "3616460"
  },
  {
    "ID Number": "3633004"
  },
  {
    "ID Number": "3607941"
  },
  {
    "ID Number": "3657957"
  },
  {
    "ID Number": "3669890"
  },
  {
    "ID Number": "3637603"
  },
  {
    "ID Number": "3642356"
  },
  {
    "ID Number": "3650723"
  },
  {
    "ID Number": "3648826"
  },
  {
    "ID Number": "3661059"
  },
  {
    "ID Number": "3603296"
  },
  {
    "ID Number": "3604381"
  },
  {
    "ID Number": "3658279"
  },
  {
    "ID Number": "3606350"
  },
  {
    "ID Number": "3660338"
  },
  {
    "ID Number": "3638820"
  },
  {
    "ID Number": "3645240"
  },
  {
    "ID Number": "3658198"
  },
  {
    "ID Number": "3650600"
  },
  {
    "ID Number": "3650618"
  },
  {
    "ID Number": "3640337"
  },
  {
    "ID Number": "3644855"
  },
  {
    "ID Number": "3626601"
  },
  {
    "ID Number": "3611051"
  },
  {
    "ID Number": "3651010"
  },
  {
    "ID Number": "3629651"
  },
  {
    "ID Number": "3634566"
  },
  {
    "ID Number": "3600017"
  },
  {
    "ID Number": "3650944"
  },
  {
    "ID Number": "3657990"
  },
  {
    "ID Number": "3646971"
  },
  {
    "ID Number": "3615480"
  },
  {
    "ID Number": "3653862"
  },
  {
    "ID Number": "3666107"
  },
  {
    "ID Number": "3608263"
  },
  {
    "ID Number": "3666069"
  },
  {
    "ID Number": "3618129"
  },
  {
    "ID Number": "3636100"
  },
  {
    "ID Number": "3636178"
  },
  {
    "ID Number": "3636160"
  },
  {
    "ID Number": "3621642"
  },
  {
    "ID Number": "7300379"
  },
  {
    "ID Number": "3655075"
  },
  {
    "ID Number": "3659216"
  },
  {
    "ID Number": "3633020"
  },
  {
    "ID Number": "3645258"
  },
  {
    "ID Number": "3659410"
  },
  {
    "ID Number": "3646980"
  },
  {
    "ID Number": "3658406"
  },
  {
    "ID Number": "3650731"
  },
  {
    "ID Number": "3651100"
  },
  {
    "ID Number": "3646513"
  },
  {
    "ID Number": "3644480"
  },
  {
    "ID Number": "3646130"
  },
  {
    "ID Number": "3618323"
  },
  {
    "ID Number": "3600769"
  },
  {
    "ID Number": "3662675"
  },
  {
    "ID Number": "3644120"
  },
  {
    "ID Number": "3990745"
  },
  {
    "ID Number": "3602257"
  },
  {
    "ID Number": "3635619"
  },
  {
    "ID Number": "3657965"
  },
  {
    "ID Number": "3649709"
  },
  {
    "ID Number": "3623572"
  },
  {
    "ID Number": "3623580"
  },
  {
    "ID Number": "3666115"
  },
  {
    "ID Number": "3602419"
  },
  {
    "ID Number": "3603733"
  },
  {
    "ID Number": "3600467"
  },
  {
    "ID Number": "3646157"
  },
  {
    "ID Number": "3621685"
  },
  {
    "ID Number": "3612783"
  },
  {
    "ID Number": "3663760"
  },
  {
    "ID Number": "3643271"
  },
  {
    "ID Number": "3636267"
  },
  {
    "ID Number": "3653595"
  },
  {
    "ID Number": "3639541"
  },
  {
    "ID Number": "3640205"
  },
  {
    "ID Number": "3633942"
  },
  {
    "ID Number": "3617475"
  },
  {
    "ID Number": "3603520"
  },
  {
    "ID Number": "3638480"
  },
  {
    "ID Number": "3629589"
  },
  {
    "ID Number": "3631320"
  },
  {
    "ID Number": "3649890"
  },
  {
    "ID Number": "3643450"
  },
  {
    "ID Number": "3649261"
  },
  {
    "ID Number": "3653463"
  },
  {
    "ID Number": "3634663"
  },
  {
    "ID Number": "3600416"
  },
  {
    "ID Number": "3647005"
  },
  {
    "ID Number": "3632890"
  },
  {
    "ID Number": "3608794"
  },
  {
    "ID Number": "3639282"
  },
  {
    "ID Number": "3659011"
  },
  {
    "ID Number": "3640019"
  },
  {
    "ID Number": "3602389"
  },
  {
    "ID Number": "3670090"
  },
  {
    "ID Number": "3634850"
  },
  {
    "ID Number": "3660346"
  },
  {
    "ID Number": "3664732"
  },
  {
    "ID Number": "3600025"
  },
  {
    "ID Number": "3660834"
  },
  {
    "ID Number": "3643689"
  },
  {
    "ID Number": "3625419"
  },
  {
    "ID Number": "3649164"
  },
  {
    "ID Number": "3650430"
  },
  {
    "ID Number": "3634779"
  },
  {
    "ID Number": "3645274"
  },
  {
    "ID Number": "3661393"
  },
  {
    "ID Number": "3661075"
  },
  {
    "ID Number": "3659232"
  },
  {
    "ID Number": "3600629"
  },
  {
    "ID Number": "3600734"
  },
  {
    "ID Number": "3600203"
  },
  {
    "ID Number": "3655083"
  },
  {
    "ID Number": "3660133"
  },
  {
    "ID Number": "3631877"
  },
  {
    "ID Number": "3629767"
  },
  {
    "ID Number": "3639762"
  },
  {
    "ID Number": "3634582"
  },
  {
    "ID Number": "3636399"
  },
  {
    "ID Number": "3636690"
  },
  {
    "ID Number": "3636291"
  },
  {
    "ID Number": "3648842"
  },
  {
    "ID Number": "3600637"
  },
  {
    "ID Number": "3624773"
  },
  {
    "ID Number": "3642810"
  },
  {
    "ID Number": "3655091"
  },
  {
    "ID Number": "3603539"
  },
  {
    "ID Number": "3657442"
  },
  {
    "ID Number": "3656985"
  },
  {
    "ID Number": "3614565"
  },
  {
    "ID Number": "3640868"
  },
  {
    "ID Number": "3625931"
  },
  {
    "ID Number": "3632776"
  },
  {
    "ID Number": "3638898"
  },
  {
    "ID Number": "3638901"
  },
  {
    "ID Number": "3644782"
  },
  {
    "ID Number": "3651444"
  },
  {
    "ID Number": "3655954"
  },
  {
    "ID Number": "3618471"
  },
  {
    "ID Number": "3663370"
  },
  {
    "ID Number": "3620786"
  },
  {
    "ID Number": "3624803"
  },
  {
    "ID Number": "3638910"
  },
  {
    "ID Number": "3617491"
  },
  {
    "ID Number": "3649270"
  },
  {
    "ID Number": "3610268"
  },
  {
    "ID Number": "3636348"
  },
  {
    "ID Number": "3634868"
  },
  {
    "ID Number": "3647021"
  },
  {
    "ID Number": "3636917"
  },
  {
    "ID Number": "3623122"
  },
  {
    "ID Number": "3611710"
  },
  {
    "ID Number": "3612830"
  },
  {
    "ID Number": "3643719"
  },
  {
    "ID Number": "3600653"
  },
  {
    "ID Number": "3654869"
  },
  {
    "ID Number": "3634345"
  },
  {
    "ID Number": "3616851"
  },
  {
    "ID Number": "3648850"
  },
  {
    "ID Number": "3610667"
  },
  {
    "ID Number": "3641295"
  },
  {
    "ID Number": "3658287"
  },
  {
    "ID Number": "3653897"
  },
  {
    "ID Number": "3670112"
  },
  {
    "ID Number": "3635317"
  },
  {
    "ID Number": "3636330"
  },
  {
    "ID Number": "3669939"
  },
  {
    "ID Number": "3657868"
  },
  {
    "ID Number": "3604071"
  },
  {
    "ID Number": "3602656"
  },
  {
    "ID Number": "3635333"
  },
  {
    "ID Number": "3643735"
  },
  {
    "ID Number": "3653471"
  },
  {
    "ID Number": "3664821"
  },
  {
    "ID Number": "3649172"
  },
  {
    "ID Number": "3639304"
  },
  {
    "ID Number": "3618480"
  },
  {
    "ID Number": "3624021"
  },
  {
    "ID Number": "3653366"
  },
  {
    "ID Number": "3643751"
  },
  {
    "ID Number": "3614581"
  },
  {
    "ID Number": "3634477"
  },
  {
    "ID Number": "3638510"
  },
  {
    "ID Number": "3635490"
  },
  {
    "ID Number": "3605086"
  },
  {
    "ID Number": "3605795"
  },
  {
    "ID Number": "3619524"
  },
  {
    "ID Number": "3654877"
  },
  {
    "ID Number": "3640027"
  },
  {
    "ID Number": "3653374"
  },
  {
    "ID Number": "3662128"
  },
  {
    "ID Number": "3642984"
  },
  {
    "ID Number": "3636852"
  },
  {
    "ID Number": "3603555"
  },
  {
    "ID Number": "3642267"
  },
  {
    "ID Number": "3646831"
  },
  {
    "ID Number": "3604241"
  },
  {
    "ID Number": "3646823"
  },
  {
    "ID Number": "3608670"
  },
  {
    "ID Number": "3617963"
  },
  {
    "ID Number": "3662136"
  },
  {
    "ID Number": "3605094"
  },
  {
    "ID Number": "3618501"
  },
  {
    "ID Number": "3616886"
  },
  {
    "ID Number": "3643492"
  },
  {
    "ID Number": "3658503"
  },
  {
    "ID Number": "3659933"
  },
  {
    "ID Number": "3670449"
  },
  {
    "ID Number": "3632598"
  },
  {
    "ID Number": "3653900"
  },
  {
    "ID Number": "3658309"
  },
  {
    "ID Number": "3626857"
  },
  {
    "ID Number": "3600068"
  },
  {
    "ID Number": "3606473"
  },
  {
    "ID Number": "3625460"
  },
  {
    "ID Number": "3617556"
  },
  {
    "ID Number": "3618137"
  },
  {
    "ID Number": "3616908"
  },
  {
    "ID Number": "3614603"
  },
  {
    "ID Number": "3637905"
  },
  {
    "ID Number": "3658031"
  },
  {
    "ID Number": "3614310"
  },
  {
    "ID Number": "3614328"
  },
  {
    "ID Number": "3650308"
  },
  {
    "ID Number": "3660761"
  },
  {
    "ID Number": "3658414"
  },
  {
    "ID Number": "3634680"
  },
  {
    "ID Number": "3654680"
  },
  {
    "ID Number": "3633985"
  },
  {
    "ID Number": "3650758"
  },
  {
    "ID Number": "3605256"
  },
  {
    "ID Number": "3617599"
  },
  {
    "ID Number": "3642828"
  },
  {
    "ID Number": "3649768"
  },
  {
    "ID Number": "3664139"
  },
  {
    "ID Number": "3649776"
  },
  {
    "ID Number": "3649784"
  },
  {
    "ID Number": "3641961"
  },
  {
    "ID Number": "3629813"
  },
  {
    "ID Number": "3656420"
  },
  {
    "ID Number": "3638952"
  },
  {
    "ID Number": "3654451"
  },
  {
    "ID Number": "3643778"
  },
  {
    "ID Number": "3646190"
  },
  {
    "ID Number": "3660770"
  },
  {
    "ID Number": "3625478"
  },
  {
    "ID Number": "3659445"
  },
  {
    "ID Number": "3659453"
  },
  {
    "ID Number": "3637310"
  },
  {
    "ID Number": "3605116"
  },
  {
    "ID Number": "3623157"
  },
  {
    "ID Number": "3636712"
  },
  {
    "ID Number": "3634000"
  },
  {
    "ID Number": "3614174"
  },
  {
    "ID Number": "3630420"
  },
  {
    "ID Number": "3601650"
  },
  {
    "ID Number": "3645045"
  },
  {
    "ID Number": "3603016"
  },
  {
    "ID Number": "3612155"
  },
  {
    "ID Number": "3612163"
  },
  {
    "ID Number": "3643085"
  },
  {
    "ID Number": "3649300"
  },
  {
    "ID Number": "3635180"
  },
  {
    "ID Number": "3632490"
  },
  {
    "ID Number": "3638219"
  },
  {
    "ID Number": "3628752"
  },
  {
    "ID Number": "3641740"
  },
  {
    "ID Number": "3635341"
  },
  {
    "ID Number": "3634493"
  },
  {
    "ID Number": "3601790"
  },
  {
    "ID Number": "3631044"
  },
  {
    "ID Number": "3655300"
  },
  {
    "ID Number": "3661440"
  },
  {
    "ID Number": "3637328"
  },
  {
    "ID Number": "3636313"
  },
  {
    "ID Number": "3650480"
  },
  {
    "ID Number": "3655113"
  },
  {
    "ID Number": "3649180"
  },
  {
    "ID Number": "3650847"
  },
  {
    "ID Number": "3647749"
  },
  {
    "ID Number": "3611639"
  },
  {
    "ID Number": "3600327"
  },
  {
    "ID Number": "3658511"
  },
  {
    "ID Number": "3643000"
  },
  {
    "ID Number": "3649873"
  },
  {
    "ID Number": "3657884"
  },
  {
    "ID Number": "3644936"
  },
  {
    "ID Number": "3664058"
  },
  {
    "ID Number": "3651185"
  },
  {
    "ID Number": "3660010"
  },
  {
    "ID Number": "3634019"
  },
  {
    "ID Number": "3657132"
  },
  {
    "ID Number": "3652645"
  },
  {
    "ID Number": "3626962"
  },
  {
    "ID Number": "3632377"
  },
  {
    "ID Number": "3647048"
  },
  {
    "ID Number": "3653480"
  },
  {
    "ID Number": "3658767"
  },
  {
    "ID Number": "3650960"
  },
  {
    "ID Number": "3635244"
  },
  {
    "ID Number": "3613836"
  },
  {
    "ID Number": "3640345"
  },
  {
    "ID Number": "3606643"
  },
  {
    "ID Number": "3649814"
  },
  {
    "ID Number": "3613844"
  },
  {
    "ID Number": "3601706"
  },
  {
    "ID Number": "3604462"
  },
  {
    "ID Number": "3647072"
  },
  {
    "ID Number": "3632300"
  },
  {
    "ID Number": "3619370"
  },
  {
    "ID Number": "3645800"
  },
  {
    "ID Number": "3644308"
  },
  {
    "ID Number": "3658333"
  },
  {
    "ID Number": "3643522"
  },
  {
    "ID Number": "3604128"
  },
  {
    "ID Number": "3649903"
  },
  {
    "ID Number": "3615561"
  },
  {
    "ID Number": "3624072"
  },
  {
    "ID Number": "3644537"
  },
  {
    "ID Number": "3657345"
  },
  {
    "ID Number": "3631966"
  },
  {
    "ID Number": "3659046"
  },
  {
    "ID Number": "3662446"
  },
  {
    "ID Number": "3644545"
  },
  {
    "ID Number": "3661466"
  },
  {
    "ID Number": "3660869"
  },
  {
    "ID Number": "3638375"
  },
  {
    "ID Number": "3604136"
  },
  {
    "ID Number": "3636410"
  },
  {
    "ID Number": "3646572"
  },
  {
    "ID Number": "3627659"
  },
  {
    "ID Number": "3660788"
  },
  {
    "ID Number": "3627667"
  },
  {
    "ID Number": "3650979"
  },
  {
    "ID Number": "3647080"
  },
  {
    "ID Number": "3604594"
  },
  {
    "ID Number": "3602125"
  },
  {
    "ID Number": "3667316"
  },
  {
    "ID Number": "3670490"
  },
  {
    "ID Number": "3652920"
  },
  {
    "ID Number": "3645053"
  },
  {
    "ID Number": "3667820"
  },
  {
    "ID Number": "3664066"
  },
  {
    "ID Number": "3660796"
  },
  {
    "ID Number": "3648087"
  },
  {
    "ID Number": "3640353"
  },
  {
    "ID Number": "3643824"
  },
  {
    "ID Number": "3643018"
  },
  {
    "ID Number": "3611612"
  },
  {
    "ID Number": "3636232"
  },
  {
    "ID Number": "3651827"
  },
  {
    "ID Number": "3658538"
  },
  {
    "ID Number": "3642003"
  },
  {
    "ID Number": "3658716"
  },
  {
    "ID Number": "3643530"
  },
  {
    "ID Number": "3644561"
  },
  {
    "ID Number": "3653986"
  },
  {
    "ID Number": "3658350"
  },
  {
    "ID Number": "3643832"
  },
  {
    "ID Number": "3616070"
  },
  {
    "ID Number": "3601234"
  },
  {
    "ID Number": "3621928"
  },
  {
    "ID Number": "3643549"
  },
  {
    "ID Number": "3651533"
  },
  {
    "ID Number": "3665224"
  },
  {
    "ID Number": "3661849"
  },
  {
    "ID Number": "3648095"
  },
  {
    "ID Number": "3617980"
  },
  {
    "ID Number": "3618153"
  },
  {
    "ID Number": "3627730"
  },
  {
    "ID Number": "3645630"
  },
  {
    "ID Number": "3606066"
  },
  {
    "ID Number": "3651053"
  },
  {
    "ID Number": "3643557"
  },
  {
    "ID Number": "3637972"
  },
  {
    "ID Number": "3668037"
  },
  {
    "ID Number": "3660800"
  },
  {
    "ID Number": "3634612"
  },
  {
    "ID Number": "3657493"
  },
  {
    "ID Number": "3655822"
  },
  {
    "ID Number": "3645401"
  },
  {
    "ID Number": "3663060"
  },
  {
    "ID Number": "3654257"
  },
  {
    "ID Number": "3615626"
  },
  {
    "ID Number": "3638570"
  },
  {
    "ID Number": "3602621"
  },
  {
    "ID Number": "3642208"
  },
  {
    "ID Number": "3651070"
  },
  {
    "ID Number": "3604900"
  },
  {
    "ID Number": "3640051"
  },
  {
    "ID Number": "3644316"
  },
  {
    "ID Number": "3636186"
  },
  {
    "ID Number": "3650545"
  },
  {
    "ID Number": "3639037"
  },
  {
    "ID Number": "3647099"
  },
  {
    "ID Number": "3650987"
  },
  {
    "ID Number": "3664090"
  },
  {
    "ID Number": "3643107"
  },
  {
    "ID Number": "3643573"
  },
  {
    "ID Number": "3635864"
  },
  {
    "ID Number": "3634760"
  },
  {
    "ID Number": "3668630"
  },
  {
    "ID Number": "3643026"
  },
  {
    "ID Number": "3644324"
  },
  {
    "ID Number": "3652955"
  },
  {
    "ID Number": "3601811"
  },
  {
    "ID Number": "3604721"
  },
  {
    "ID Number": "3667928"
  },
  {
    "ID Number": "3607372"
  },
  {
    "ID Number": "3662454"
  },
  {
    "ID Number": "3622789"
  },
  {
    "ID Number": "3654109"
  },
  {
    "ID Number": "3640370"
  },
  {
    "ID Number": "3643603"
  },
  {
    "ID Number": "3662462"
  },
  {
    "ID Number": "3636402"
  },
  {
    "ID Number": "3652963"
  },
  {
    "ID Number": "3669653"
  },
  {
    "ID Number": "3636305"
  },
  {
    "ID Number": "3640388"
  },
  {
    "ID Number": "3632024"
  },
  {
    "ID Number": "3633071"
  },
  {
    "ID Number": "3634094"
  },
  {
    "ID Number": "3644618"
  },
  {
    "ID Number": "3607402"
  },
  {
    "ID Number": "3649199"
  },
  {
    "ID Number": "3659070"
  },
  {
    "ID Number": "3604527"
  },
  {
    "ID Number": "3658732"
  },
  {
    "ID Number": "3623220"
  },
  {
    "ID Number": "3623238"
  },
  {
    "ID Number": "3642640"
  },
  {
    "ID Number": "3601900"
  },
  {
    "ID Number": "3604535"
  },
  {
    "ID Number": "3637662"
  },
  {
    "ID Number": "3628841"
  },
  {
    "ID Number": "3645703"
  },
  {
    "ID Number": "3649113"
  },
  {
    "ID Number": "3649881"
  },
  {
    "ID Number": "3644189"
  },
  {
    "ID Number": "3663477"
  },
  {
    "ID Number": "3655385"
  },
  {
    "ID Number": "3646467"
  },
  {
    "ID Number": "3607747"
  },
  {
    "ID Number": "3625680"
  },
  {
    "ID Number": "3647161"
  },
  {
    "ID Number": "3604144"
  },
  {
    "ID Number": "3643042"
  },
  {
    "ID Number": "3667383"
  },
  {
    "ID Number": "3633543"
  },
  {
    "ID Number": "3636194"
  },
  {
    "ID Number": "3632938"
  },
  {
    "ID Number": "3662160"
  },
  {
    "ID Number": "3615200"
  },
  {
    "ID Number": "3631010"
  },
  {
    "ID Number": "3642100"
  },
  {
    "ID Number": "3633080"
  },
  {
    "ID Number": "3647170"
  },
  {
    "ID Number": "3634132"
  },
  {
    "ID Number": "3639088"
  },
  {
    "ID Number": "3647790"
  },
  {
    "ID Number": "3647390"
  },
  {
    "ID Number": "3650219"
  },
  {
    "ID Number": "3653269"
  },
  {
    "ID Number": "3600424"
  },
  {
    "ID Number": "3665801"
  },
  {
    "ID Number": "3606627"
  },
  {
    "ID Number": "3624501"
  },
  {
    "ID Number": "3640060"
  },
  {
    "ID Number": "3667391"
  },
  {
    "ID Number": "3654516"
  },
  {
    "ID Number": "3660451"
  },
  {
    "ID Number": "3659305"
  },
  {
    "ID Number": "3607453"
  },
  {
    "ID Number": "3662470"
  },
  {
    "ID Number": "3635007"
  },
  {
    "ID Number": "3604152"
  },
  {
    "ID Number": "3667413"
  },
  {
    "ID Number": "3600580"
  },
  {
    "ID Number": "3662608"
  },
  {
    "ID Number": "3670201"
  },
  {
    "ID Number": "3629910"
  },
  {
    "ID Number": "3645452"
  },
  {
    "ID Number": "3602052"
  },
  {
    "ID Number": "3606104"
  },
  {
    "ID Number": "3634159"
  },
  {
    "ID Number": "3647188"
  },
  {
    "ID Number": "3648885"
  },
  {
    "ID Number": "3666611"
  },
  {
    "ID Number": "3660958"
  },
  {
    "ID Number": "3664112"
  },
  {
    "ID Number": "3634647"
  },
  {
    "ID Number": "3643891"
  },
  {
    "ID Number": "3637689"
  },
  {
    "ID Number": "3639410"
  },
  {
    "ID Number": "3632954"
  },
  {
    "ID Number": "3634817"
  },
  {
    "ID Number": "3639800"
  }
]