[
  {
    "ID Number": "7204388",
    "Name": "Al-Jay, Zaid",
    "Fed": "FAI",
    "Sex": "M",
    "Title": "",
    "WTit": "",
    "OTit": "",
    "Rating": "1713",
    "Gms": "0",
    "K": "20",
    "RatingMonth": "AUG25",
    "B-day": "1990",
    "Flag": ""
  },
  {
    "ID Number": "7204434",
    "Name": "Anderssen, Leif",
    "Fed": "FAI",
    "Sex": "M",
    "Title": "",
    "WTit": "",
    "OTit": "",
    "Rating": "1577",
    "Gms": "0",
    "K": "40",
    "RatingMonth": "AUG25",
    "B-day": "1976",
    "Flag": ""
  },
  {
    "ID Number": "7200471",
    "Name": "Andreasen, Andreas",
    "Fed": "FAI",
    "Sex": "M",
    "Title": "",
    "WTit": "",
    "OTit": "",
    "Rating": "1854",
    "Gms": "0",
    "K": "20",
    "RatingMonth": "AUG25",
    "B-day": "1963",
    "Flag": ""
  },
  {
    "ID Number": "7203721",
    "Name": "Andreasen, Hjalmar",
    "Fed": "FAI",
    "Sex": "M",
    "Title": "",
    "WTit": "",
    "OTit": "",
    "Rating": "1569",
    "Gms": "0",
    "K": "40",
    "RatingMonth": "AUG25",
    "B-day": "1970",
    "Flag": "i"
  },
  {
    "ID Number": "7200528",
    "Name": "Andreasen, Jakup A.R.",
    "Fed": "FAI",
    "Sex": "M",
    "Title": "",
    "WTit": "",
    "OTit": "",
    "Rating": "1995",
    "Gms": "0",
    "K": "20",
    "RatingMonth": "AUG25",
    "B-day": "1980",
    "Flag": "i"
  },
  {
    "ID Number": "7200110",
    "Name": "Andreasen, Joan Hendrik",
    "Fed": "FAI",
    "Sex": "M",
    "Title": "",
    "WTit": "",
    "OTit": "",
    "Rating": "2194",
    "Gms": "0",
    "K": "20",
    "RatingMonth": "AUG25",
    "B-day": "1970",
    "Flag": ""
  },
  {
    "ID Number": "7201400",
    "Name": "Andreasen, Jon S.",
    "Fed": "FAI",
    "Sex": "M",
    "Title": "",
    "WTit": "",
    "OTit": "",
    "Rating": "1767",
    "Gms": "0",
    "K": "20",
    "RatingMonth": "AUG25",
    "B-day": "1965",
    "Flag": ""
  },
  {
    "ID Number": "7205376",
    "Name": "Andreasen, Paetur",
    "Fed": "FAI",
    "Sex": "M",
    "Title": "",
    "WTit": "",
    "OTit": "",
    "Rating": "1543",
    "Gms": "0",
    "K": "40",
    "RatingMonth": "AUG25",
    "B-day": "2012",
    "Flag": ""
  },
  {
    "ID Number": "7201249",
    "Name": "Anthoniussen, Mannbjorn",
    "Fed": "FAI",
    "Sex": "M",
    "Title": "",
    "WTit": "",
    "OTit": "",
    "Rating": "1667",
    "Gms": "0",
    "K": "20",
    "RatingMonth": "AUG25",
    "B-day": "1983",
    "Flag": ""
  },
  {
    "ID Number": "7200102",
    "Name": "Apol, Luitjen",
    "Fed": "FAI",
    "Sex": "M",
    "Title": "",
    "WTit": "",
    "OTit": "",
    "Rating": "2010",
    "Gms": "0",
    "K": "40",
    "RatingMonth": "AUG25",
    "B-day": "1952",
    "Flag": ""
  },
  {
    "ID Number": "7202466",
    "Name": "Apol, Luitjen Akselsson",
    "Fed": "FAI",
    "Sex": "M",
    "Title": "FM",
    "WTit": "",
    "OTit": "",
    "Rating": "2318",
    "Gms": "9",
    "K": "20",
    "RatingMonth": "AUG25",
    "B-day": "2006",
    "Flag": ""
  },
  {
    "ID Number": "7205805",
    "Name": "Aslakkson, Andrias Gothe",
    "Fed": "FAI",
    "Sex": "M",
    "Title": "",
    "WTit": "",
    "OTit": "",
    "Rating": "1493",
    "Gms": "0",
    "K": "40",
    "RatingMonth": "AUG25",
    "B-day": "2011",
    "Flag": ""
  },
  {
    "ID Number": "7200234",
    "Name": "Atlason, Jon",
    "Fed": "FAI",
    "Sex": "M",
    "Title": "",
    "WTit": "",
    "OTit": "",
    "Rating": "1932",
    "Gms": "0",
    "K": "20",
    "RatingMonth": "AUG25",
    "B-day": "1988",
    "Flag": ""
  },
  {
    "ID Number": "7200544",
    "Name": "Augustinussen, Bernhard",
    "Fed": "FAI",
    "Sex": "M",
    "Title": "",
    "WTit": "",
    "OTit": "",
    "Rating": "1937",
    "Gms": "0",
    "K": "20",
    "RatingMonth": "AUG25",
    "B-day": "1973",
    "Flag": ""
  },
  {
    "ID Number": "7205120",
    "Name": "Baldursson, Danny",
    "Fed": "FAI",
    "Sex": "M",
    "Title": "",
    "WTit": "",
    "OTit": "",
    "Rating": "1578",
    "Gms": "0",
    "K": "40",
    "RatingMonth": "AUG25",
    "B-day": "1990",
    "Flag": "i"
  },
  {
    "ID Number": "7200668",
    "Name": "Baldursson, Rani",
    "Fed": "FAI",
    "Sex": "M",
    "Title": "",
    "WTit": "",
    "OTit": "",
    "Rating": "2061",
    "Gms": "0",
    "K": "20",
    "RatingMonth": "AUG25",
    "B-day": "1986",
    "Flag": ""
  },
  {
    "ID Number": "7200021",
    "Name": "Berg, Margar M.",
    "Fed": "FAI",
    "Sex": "M",
    "Title": "",
    "WTit": "",
    "OTit": "",
    "Rating": "1896",
    "Gms": "0",
    "K": "20",
    "RatingMonth": "AUG25",
    "B-day": "1991",
    "Flag": ""
  },
  {
    "ID Number": "7200420",
    "Name": "Berg, Olaf",
    "Fed": "FAI",
    "Sex": "M",
    "Title": "FM",
    "WTit": "",
    "OTit": "",
    "Rating": "2172",
    "Gms": "0",
    "K": "20",
    "RatingMonth": "AUG25",
    "B-day": "1986",
    "Flag": ""
  },
  {
    "ID Number": "7206178",
    "Name": "Berglind, Noel Sunason",
    "Fed": "FAI",
    "Sex": "M",
    "Title": "",
    "WTit": "",
    "OTit": "",
    "Rating": "1614",
    "Gms": "0",
    "K": "40",
    "RatingMonth": "AUG25",
    "B-day": "2013",
    "Flag": ""
  },
  {
    "ID Number": "7201990",
    "Name": "Bertholdsen, Bjarki",
    "Fed": "FAI",
    "Sex": "M",
    "Title": "",
    "WTit": "",
    "OTit": "",
    "Rating": "1619",
    "Gms": "0",
    "K": "20",
    "RatingMonth": "AUG25",
    "B-day": "2000",
    "Flag": "i"
  },
  {
    "ID Number": "7203624",
    "Name": "Bjarnason, Bessi",
    "Fed": "FAI",
    "Sex": "M",
    "Title": "",
    "WTit": "",
    "OTit": "",
    "Rating": "1642",
    "Gms": "0",
    "K": "20",
    "RatingMonth": "AUG25",
    "B-day": "1963",
    "Flag": "i"
  },
  {
    "ID Number": "7204906",
    "Name": "Blaberg, Sigvaldur",
    "Fed": "FAI",
    "Sex": "M",
    "Title": "",
    "WTit": "",
    "OTit": "",
    "Rating": "1413",
    "Gms": "0",
    "K": "40",
    "RatingMonth": "AUG25",
    "B-day": "2008",
    "Flag": ""
  },
  {
    "ID Number": "7203225",
    "Name": "Bo, Rani I",
    "Fed": "FAI",
    "Sex": "M",
    "Title": "",
    "WTit": "",
    "OTit": "",
    "Rating": "1808",
    "Gms": "0",
    "K": "40",
    "RatingMonth": "AUG25",
    "B-day": "1998",
    "Flag": "i"
  },
  {
    "ID Number": "1407694",
    "Name": "Brekka, Hanus",
    "Fed": "FAI",
    "Sex": "M",
    "Title": "",
    "WTit": "",
    "OTit": "",
    "Rating": "2115",
    "Gms": "0",
    "K": "20",
    "RatingMonth": "AUG25",
    "B-day": "1965",
    "Flag": ""
  },
  {
    "ID Number": "7200129",
    "Name": "Brekka, Martin",
    "Fed": "FAI",
    "Sex": "M",
    "Title": "",
    "WTit": "",
    "OTit": "",
    "Rating": "2051",
    "Gms": "0",
    "K": "20",
    "RatingMonth": "AUG25",
    "B-day": "1962",
    "Flag": ""
  },
  {
    "ID Number": "7204655",
    "Name": "Chendela, Emmanuel",
    "Fed": "FAI",
    "Sex": "M",
    "Title": "",
    "WTit": "",
    "OTit": "",
    "Rating": "1538",
    "Gms": "0",
    "K": "40",
    "RatingMonth": "AUG25",
    "B-day": "1970",
    "Flag": ""
  },
  {
    "ID Number": "7200706",
    "Name": "Christiansen, Esbern",
    "Fed": "FAI",
    "Sex": "M",
    "Title": "",
    "WTit": "",
    "OTit": "",
    "Rating": "1900",
    "Gms": "0",
    "K": "20",
    "RatingMonth": "AUG25",
    "B-day": "1980",
    "Flag": ""
  },
  {
    "ID Number": "7202946",
    "Name": "Christiansen, Ragnar",
    "Fed": "FAI",
    "Sex": "M",
    "Title": "",
    "WTit": "",
    "OTit": "",
    "Rating": "1795",
    "Gms": "0",
    "K": "20",
    "RatingMonth": "AUG25",
    "B-day": "1992",
    "Flag": "i"
  },
  {
    "ID Number": "7200498",
    "Name": "Christiansen, Samal",
    "Fed": "FAI",
    "Sex": "M",
    "Title": "",
    "WTit": "",
    "OTit": "",
    "Rating": "1879",
    "Gms": "0",
    "K": "20",
    "RatingMonth": "AUG25",
    "B-day": "1957",
    "Flag": ""
  },
  {
    "ID Number": "7200790",
    "Name": "Christoffersen, Heri",
    "Fed": "FAI",
    "Sex": "M",
    "Title": "",
    "WTit": "",
    "OTit": "",
    "Rating": "1790",
    "Gms": "0",
    "K": "20",
    "RatingMonth": "AUG25",
    "B-day": "1972",
    "Flag": "i"
  },
  {
    "ID Number": "7201648",
    "Name": "Dahl, Karl M",
    "Fed": "FAI",
    "Sex": "M",
    "Title": "",
    "WTit": "",
    "OTit": "",
    "Rating": "1786",
    "Gms": "0",
    "K": "20",
    "RatingMonth": "AUG25",
    "B-day": "1994",
    "Flag": ""
  },
  {
    "ID Number": "7200803",
    "Name": "Dalsgard, Arnbjorn O",
    "Fed": "FAI",
    "Sex": "M",
    "Title": "",
    "WTit": "",
    "OTit": "",
    "Rating": "1874",
    "Gms": "0",
    "K": "20",
    "RatingMonth": "AUG25",
    "B-day": "1971",
    "Flag": ""
  },
  {
    "ID Number": "7201079",
    "Name": "Dam, Arni M.",
    "Fed": "FAI",
    "Sex": "M",
    "Title": "",
    "WTit": "",
    "OTit": "",
    "Rating": "1641",
    "Gms": "0",
    "K": "40",
    "RatingMonth": "AUG25",
    "B-day": "1961",
    "Flag": "i"
  },
  {
    "ID Number": "7200145",
    "Name": "Dam, Vagnur",
    "Fed": "FAI",
    "Sex": "M",
    "Title": "",
    "WTit": "",
    "OTit": "",
    "Rating": "1953",
    "Gms": "0",
    "K": "20",
    "RatingMonth": "AUG25",
    "B-day": "1991",
    "Flag": ""
  },
  {
    "ID Number": "7201893",
    "Name": "Danielsen, Andrias",
    "Fed": "FAI",
    "Sex": "M",
    "Title": "",
    "WTit": "",
    "OTit": "",
    "Rating": "1966",
    "Gms": "0",
    "K": "20",
    "RatingMonth": "AUG25",
    "B-day": "1991",
    "Flag": ""
  },
  {
    "ID Number": "7204760",
    "Name": "Danielsen, Eydbjartur",
    "Fed": "FAI",
    "Sex": "M",
    "Title": "",
    "WTit": "",
    "OTit": "",
    "Rating": "1446",
    "Gms": "0",
    "K": "40",
    "RatingMonth": "AUG25",
    "B-day": "2006",
    "Flag": "i"
  },
  {
    "ID Number": "7205716",
    "Name": "Danielsen, Eydun F",
    "Fed": "FAI",
    "Sex": "M",
    "Title": "",
    "WTit": "",
    "OTit": "",
    "Rating": "1916",
    "Gms": "0",
    "K": "40",
    "RatingMonth": "AUG25",
    "B-day": "2004",
    "Flag": ""
  },
  {
    "ID Number": "7200285",
    "Name": "Danielsen, Heini",
    "Fed": "FAI",
    "Sex": "M",
    "Title": "",
    "WTit": "",
    "OTit": "",
    "Rating": "2166",
    "Gms": "0",
    "K": "20",
    "RatingMonth": "AUG25",
    "B-day": "1968",
    "Flag": "i"
  },
  {
    "ID Number": "7202300",
    "Name": "Danielsen, Meinhard",
    "Fed": "FAI",
    "Sex": "M",
    "Title": "",
    "WTit": "",
    "OTit": "",
    "Rating": "1774",
    "Gms": "0",
    "K": "40",
    "RatingMonth": "AUG25",
    "B-day": "1970",
    "Flag": ""
  },
  {
    "ID Number": "7203233",
    "Name": "Davastovu, Eydalvur I",
    "Fed": "FAI",
    "Sex": "M",
    "Title": "",
    "WTit": "",
    "OTit": "",
    "Rating": "1656",
    "Gms": "0",
    "K": "40",
    "RatingMonth": "AUG25",
    "B-day": "1990",
    "Flag": "i"
  },
  {
    "ID Number": "7204914",
    "Name": "Davidsen, Andreas",
    "Fed": "FAI",
    "Sex": "M",
    "Title": "",
    "WTit": "",
    "OTit": "",
    "Rating": "1400",
    "Gms": "0",
    "K": "40",
    "RatingMonth": "AUG25",
    "B-day": "2008",
    "Flag": "i"
  },
  {
    "ID Number": "7203098",
    "Name": "Davidsen, Rokur",
    "Fed": "FAI",
    "Sex": "M",
    "Title": "",
    "WTit": "",
    "OTit": "",
    "Rating": "1828",
    "Gms": "0",
    "K": "40",
    "RatingMonth": "AUG25",
    "B-day": "2008",
    "Flag": ""
  },
  {
    "ID Number": "7201150",
    "Name": "Debes, Ingolf",
    "Fed": "FAI",
    "Sex": "M",
    "Title": "",
    "WTit": "",
    "OTit": "",
    "Rating": "1757",
    "Gms": "0",
    "K": "20",
    "RatingMonth": "AUG25",
    "B-day": "1968",
    "Flag": ""
  },
  {
    "ID Number": "7202091",
    "Name": "Dimun , Janus Ur",
    "Fed": "FAI",
    "Sex": "M",
    "Title": "",
    "WTit": "",
    "OTit": "",
    "Rating": "1486",
    "Gms": "0",
    "K": "40",
    "RatingMonth": "AUG25",
    "B-day": "1976",
    "Flag": "i"
  },
  {
    "ID Number": "7203160",
    "Name": "Djurhuus, Arant",
    "Fed": "FAI",
    "Sex": "M",
    "Title": "",
    "WTit": "",
    "OTit": "",
    "Rating": "1920",
    "Gms": "0",
    "K": "20",
    "RatingMonth": "AUG25",
    "B-day": "1986",
    "Flag": ""
  },
  {
    "ID Number": "7204396",
    "Name": "Djurhuus, Kim",
    "Fed": "FAI",
    "Sex": "M",
    "Title": "",
    "WTit": "",
    "OTit": "",
    "Rating": "1786",
    "Gms": "0",
    "K": "40",
    "RatingMonth": "AUG25",
    "B-day": "1970",
    "Flag": "i"
  },
  {
    "ID Number": "7200633",
    "Name": "Dragaberg, Rogvi",
    "Fed": "FAI",
    "Sex": "M",
    "Title": "",
    "WTit": "",
    "OTit": "",
    "Rating": "1920",
    "Gms": "0",
    "K": "20",
    "RatingMonth": "AUG25",
    "B-day": "1990",
    "Flag": "i"
  },
  {
    "ID Number": "7200749",
    "Name": "Dragaberg, Runi",
    "Fed": "FAI",
    "Sex": "M",
    "Title": "",
    "WTit": "",
    "OTit": "",
    "Rating": "1902",
    "Gms": "0",
    "K": "40",
    "RatingMonth": "AUG25",
    "B-day": "1983",
    "Flag": "i"
  },
  {
    "ID Number": "7201230",
    "Name": "Durhuus, Kari O.",
    "Fed": "FAI",
    "Sex": "M",
    "Title": "",
    "WTit": "",
    "OTit": "",
    "Rating": "1821",
    "Gms": "0",
    "K": "20",
    "RatingMonth": "AUG25",
    "B-day": "1954",
    "Flag": "i"
  },
  {
    "ID Number": "7202318",
    "Name": "Durhuus, Kim",
    "Fed": "FAI",
    "Sex": "M",
    "Title": "",
    "WTit": "",
    "OTit": "",
    "Rating": "1752",
    "Gms": "0",
    "K": "40",
    "RatingMonth": "AUG25",
    "B-day": "1967",
    "Flag": ""
  },
  {
    "ID Number": "7202474",
    "Name": "Egholm, Hans",
    "Fed": "FAI",
    "Sex": "M",
    "Title": "",
    "WTit": "",
    "OTit": "",
    "Rating": "1513",
    "Gms": "0",
    "K": "40",
    "RatingMonth": "AUG25",
    "B-day": "1966",
    "Flag": ""
  },
  {
    "ID Number": "1408283",
    "Name": "Egholm, Magnus",
    "Fed": "FAI",
    "Sex": "M",
    "Title": "",
    "WTit": "",
    "OTit": "",
    "Rating": "1912",
    "Gms": "0",
    "K": "20",
    "RatingMonth": "AUG25",
    "B-day": "1965",
    "Flag": ""
  },
  {
    "ID Number": "7200447",
    "Name": "Egilstoft, Rogvi",
    "Fed": "FAI",
    "Sex": "M",
    "Title": "FM",
    "WTit": "",
    "OTit": "",
    "Rating": "2309",
    "Gms": "0",
    "K": "20",
    "RatingMonth": "AUG25",
    "B-day": "1992",
    "Flag": ""
  },
  {
    "ID Number": "7200501",
    "Name": "Ellefsen, Johannes",
    "Fed": "FAI",
    "Sex": "M",
    "Title": "",
    "WTit": "",
    "OTit": "",
    "Rating": "1896",
    "Gms": "0",
    "K": "40",
    "RatingMonth": "AUG25",
    "B-day": "1957",
    "Flag": "i"
  },
  {
    "ID Number": "7204540",
    "Name": "Ellingsgaard, Brian",
    "Fed": "FAI",
    "Sex": "M",
    "Title": "",
    "WTit": "",
    "OTit": "",
    "Rating": "1498",
    "Gms": "0",
    "K": "40",
    "RatingMonth": "AUG25",
    "B-day": "2005",
    "Flag": "i"
  },
  {
    "ID Number": "7203683",
    "Name": "Ellingsgaard, Ingi",
    "Fed": "FAI",
    "Sex": "M",
    "Title": "",
    "WTit": "",
    "OTit": "",
    "Rating": "1734",
    "Gms": "0",
    "K": "20",
    "RatingMonth": "AUG25",
    "B-day": "1978",
    "Flag": ""
  },
  {
    "ID Number": "7201613",
    "Name": "Eskildsen, Henrik",
    "Fed": "FAI",
    "Sex": "M",
    "Title": "",
    "WTit": "",
    "OTit": "",
    "Rating": "1878",
    "Gms": "0",
    "K": "20",
    "RatingMonth": "AUG25",
    "B-day": "1967",
    "Flag": "i"
  },
  {
    "ID Number": "7201443",
    "Name": "Eydsteinsson, Silas",
    "Fed": "FAI",
    "Sex": "M",
    "Title": "",
    "WTit": "",
    "OTit": "",
    "Rating": "2061",
    "Gms": "0",
    "K": "20",
    "RatingMonth": "AUG25",
    "B-day": "1998",
    "Flag": ""
  },
  {
    "ID Number": "7204558",
    "Name": "Fagraklett, Virgar",
    "Fed": "FAI",
    "Sex": "M",
    "Title": "",
    "WTit": "",
    "OTit": "",
    "Rating": "1715",
    "Gms": "0",
    "K": "20",
    "RatingMonth": "AUG25",
    "B-day": "1970",
    "Flag": ""
  },
  {
    "ID Number": "7201451",
    "Name": "Finnsson, Eli W.",
    "Fed": "FAI",
    "Sex": "M",
    "Title": "",
    "WTit": "",
    "OTit": "",
    "Rating": "1829",
    "Gms": "0",
    "K": "20",
    "RatingMonth": "AUG25",
    "B-day": "1999",
    "Flag": "i"
  },
  {
    "ID Number": "7202008",
    "Name": "Fjallheim, Benjamin Reinert",
    "Fed": "FAI",
    "Sex": "M",
    "Title": "",
    "WTit": "",
    "OTit": "",
    "Rating": "1738",
    "Gms": "0",
    "K": "20",
    "RatingMonth": "AUG25",
    "B-day": "2005",
    "Flag": "i"
  },
  {
    "ID Number": "7201095",
    "Name": "Fjallheim, Elmar Reinert",
    "Fed": "FAI",
    "Sex": "M",
    "Title": "",
    "WTit": "",
    "OTit": "",
    "Rating": "1757",
    "Gms": "0",
    "K": "20",
    "RatingMonth": "AUG25",
    "B-day": "1974",
    "Flag": "i"
  },
  {
    "ID Number": "7201788",
    "Name": "Fjallheim, Leif Reinert",
    "Fed": "FAI",
    "Sex": "M",
    "Title": "",
    "WTit": "",
    "OTit": "",
    "Rating": "1955",
    "Gms": "0",
    "K": "20",
    "RatingMonth": "AUG25",
    "B-day": "2003",
    "Flag": "i"
  },
  {
    "ID Number": "7203578",
    "Name": "Foged, Janus Ferja",
    "Fed": "FAI",
    "Sex": "M",
    "Title": "",
    "WTit": "",
    "OTit": "",
    "Rating": "1476",
    "Gms": "0",
    "K": "40",
    "RatingMonth": "AUG25",
    "B-day": "2009",
    "Flag": "i"
  },
  {
    "ID Number": "7203365",
    "Name": "Funningstovu, Brandur I",
    "Fed": "FAI",
    "Sex": "M",
    "Title": "",
    "WTit": "",
    "OTit": "",
    "Rating": "1617",
    "Gms": "0",
    "K": "40",
    "RatingMonth": "AUG25",
    "B-day": "2000",
    "Flag": "i"
  },
  {
    "ID Number": "7200510",
    "Name": "Gaard, Ingolf",
    "Fed": "FAI",
    "Sex": "M",
    "Title": "",
    "WTit": "",
    "OTit": "",
    "Rating": "1958",
    "Gms": "0",
    "K": "20",
    "RatingMonth": "AUG25",
    "B-day": "1981",
    "Flag": ""
  },
  {
    "ID Number": "7200714",
    "Name": "Gaard, Jaspur T.",
    "Fed": "FAI",
    "Sex": "M",
    "Title": "",
    "WTit": "",
    "OTit": "",
    "Rating": "1788",
    "Gms": "0",
    "K": "20",
    "RatingMonth": "AUG25",
    "B-day": "1985",
    "Flag": ""
  },
  {
    "ID Number": "7200153",
    "Name": "Gregersen, Einar",
    "Fed": "FAI",
    "Sex": "M",
    "Title": "",
    "WTit": "",
    "OTit": "",
    "Rating": "1913",
    "Gms": "0",
    "K": "20",
    "RatingMonth": "AUG25",
    "B-day": "1995",
    "Flag": ""
  },
  {
    "ID Number": "7200226",
    "Name": "Gregersen, Hedin",
    "Fed": "FAI",
    "Sex": "M",
    "Title": "",
    "WTit": "",
    "OTit": "",
    "Rating": "1976",
    "Gms": "0",
    "K": "20",
    "RatingMonth": "AUG25",
    "B-day": "1996",
    "Flag": ""
  },
  {
    "ID Number": "7200820",
    "Name": "Gudmundsen, Torur",
    "Fed": "FAI",
    "Sex": "M",
    "Title": "",
    "WTit": "",
    "OTit": "",
    "Rating": "1729",
    "Gms": "0",
    "K": "20",
    "RatingMonth": "AUG25",
    "B-day": "1954",
    "Flag": ""
  },
  {
    "ID Number": "7206526",
    "Name": "Gullaksen, Jogvan",
    "Fed": "FAI",
    "Sex": "M",
    "Title": "",
    "WTit": "",
    "OTit": "",
    "Rating": "1512",
    "Gms": "0",
    "K": "40",
    "RatingMonth": "AUG25",
    "B-day": "2000",
    "Flag": ""
  },
  {
    "ID Number": "7201265",
    "Name": "Guttesen, Joannes",
    "Fed": "FAI",
    "Sex": "M",
    "Title": "",
    "WTit": "",
    "OTit": "",
    "Rating": "1839",
    "Gms": "0",
    "K": "20",
    "RatingMonth": "AUG25",
    "B-day": "1969",
    "Flag": ""
  },
  {
    "ID Number": "7203845",
    "Name": "Hannesarson, Silas G.",
    "Fed": "FAI",
    "Sex": "M",
    "Title": "",
    "WTit": "",
    "OTit": "",
    "Rating": "1816",
    "Gms": "0",
    "K": "40",
    "RatingMonth": "AUG25",
    "B-day": "2002",
    "Flag": "i"
  },
  {
    "ID Number": "7200765",
    "Name": "Hansen, Birgi",
    "Fed": "FAI",
    "Sex": "M",
    "Title": "",
    "WTit": "",
    "OTit": "",
    "Rating": "1898",
    "Gms": "0",
    "K": "40",
    "RatingMonth": "AUG25",
    "B-day": "1970",
    "Flag": ""
  },
  {
    "ID Number": "7204515",
    "Name": "Hansen, Hans Kari",
    "Fed": "FAI",
    "Sex": "M",
    "Title": "",
    "WTit": "",
    "OTit": "",
    "Rating": "1813",
    "Gms": "0",
    "K": "40",
    "RatingMonth": "AUG25",
    "B-day": "1984",
    "Flag": ""
  },
  {
    "ID Number": "7200838",
    "Name": "Hansen, Hanus I",
    "Fed": "FAI",
    "Sex": "M",
    "Title": "",
    "WTit": "",
    "OTit": "",
    "Rating": "1872",
    "Gms": "0",
    "K": "20",
    "RatingMonth": "AUG25",
    "B-day": "1980",
    "Flag": ""
  },
  {
    "ID Number": "7205325",
    "Name": "Hansen, Hardi",
    "Fed": "FAI",
    "Sex": "M",
    "Title": "",
    "WTit": "",
    "OTit": "",
    "Rating": "1761",
    "Gms": "0",
    "K": "40",
    "RatingMonth": "AUG25",
    "B-day": "1970",
    "Flag": ""
  },
  {
    "ID Number": "7200269",
    "Name": "Hansen, Herborg",
    "Fed": "FAI",
    "Sex": "F",
    "Title": "",
    "WTit": "",
    "OTit": "",
    "Rating": "1865",
    "Gms": "0",
    "K": "20",
    "RatingMonth": "AUG25",
    "B-day": "1990",
    "Flag": "w"
  },
  {
    "ID Number": "7200200",
    "Name": "Hansen, Herluf",
    "Fed": "FAI",
    "Sex": "M",
    "Title": "",
    "WTit": "",
    "OTit": "",
    "Rating": "1974",
    "Gms": "0",
    "K": "20",
    "RatingMonth": "AUG25",
    "B-day": "1973",
    "Flag": ""
  },
  {
    "ID Number": "7200048",
    "Name": "Hansen, Jens Kristian",
    "Fed": "FAI",
    "Sex": "M",
    "Title": "",
    "WTit": "",
    "OTit": "",
    "Rating": "2062",
    "Gms": "0",
    "K": "20",
    "RatingMonth": "AUG25",
    "B-day": "1961",
    "Flag": ""
  },
  {
    "ID Number": "7200307",
    "Name": "Hansen, Joannes V.",
    "Fed": "FAI",
    "Sex": "M",
    "Title": "",
    "WTit": "",
    "OTit": "",
    "Rating": "1881",
    "Gms": "0",
    "K": "20",
    "RatingMonth": "AUG25",
    "B-day": "1979",
    "Flag": ""
  },
  {
    "ID Number": "7202792",
    "Name": "Hansen, Jogvan I.",
    "Fed": "FAI",
    "Sex": "M",
    "Title": "",
    "WTit": "",
    "OTit": "",
    "Rating": "1715",
    "Gms": "0",
    "K": "20",
    "RatingMonth": "AUG25",
    "B-day": "1993",
    "Flag": ""
  },
  {
    "ID Number": "7201222",
    "Name": "Hansen, Johan E.",
    "Fed": "FAI",
    "Sex": "M",
    "Title": "",
    "WTit": "",
    "OTit": "",
    "Rating": "1728",
    "Gms": "0",
    "K": "20",
    "RatingMonth": "AUG25",
    "B-day": "1977",
    "Flag": ""
  },
  {
    "ID Number": "7200862",
    "Name": "Hansen, Rogvi K",
    "Fed": "FAI",
    "Sex": "M",
    "Title": "",
    "WTit": "",
    "OTit": "",
    "Rating": "1791",
    "Gms": "0",
    "K": "40",
    "RatingMonth": "AUG25",
    "B-day": "1984",
    "Flag": "i"
  },
  {
    "ID Number": "7203837",
    "Name": "Hattarstein, Jogvan Sigurd",
    "Fed": "FAI",
    "Sex": "M",
    "Title": "",
    "WTit": "",
    "OTit": "",
    "Rating": "1595",
    "Gms": "0",
    "K": "40",
    "RatingMonth": "AUG25",
    "B-day": "1970",
    "Flag": "i"
  },
  {
    "ID Number": "7206020",
    "Name": "Havardsson, Adrian",
    "Fed": "FAI",
    "Sex": "M",
    "Title": "",
    "WTit": "",
    "OTit": "",
    "Rating": "1488",
    "Gms": "0",
    "K": "40",
    "RatingMonth": "AUG25",
    "B-day": "1970",
    "Flag": ""
  },
  {
    "ID Number": "7200323",
    "Name": "Heldarskard, Vagn",
    "Fed": "FAI",
    "Sex": "M",
    "Title": "",
    "WTit": "",
    "OTit": "",
    "Rating": "1645",
    "Gms": "0",
    "K": "20",
    "RatingMonth": "AUG25",
    "B-day": "1947",
    "Flag": "i"
  },
  {
    "ID Number": "7201478",
    "Name": "Hojgaard, Brandur",
    "Fed": "FAI",
    "Sex": "M",
    "Title": "",
    "WTit": "",
    "OTit": "",
    "Rating": "1909",
    "Gms": "0",
    "K": "20",
    "RatingMonth": "AUG25",
    "B-day": "1969",
    "Flag": ""
  },
  {
    "ID Number": "7204787",
    "Name": "Hojgaard, Elian",
    "Fed": "FAI",
    "Sex": "M",
    "Title": "",
    "WTit": "",
    "OTit": "",
    "Rating": "1504",
    "Gms": "0",
    "K": "40",
    "RatingMonth": "AUG25",
    "B-day": "2010",
    "Flag": "i"
  },
  {
    "ID Number": "7200552",
    "Name": "Hojgaard, Samson",
    "Fed": "FAI",
    "Sex": "M",
    "Title": "",
    "WTit": "",
    "OTit": "",
    "Rating": "1937",
    "Gms": "0",
    "K": "20",
    "RatingMonth": "AUG25",
    "B-day": "1970",
    "Flag": ""
  },
  {
    "ID Number": "7200897",
    "Name": "Hojgaard, Wenzel",
    "Fed": "FAI",
    "Sex": "M",
    "Title": "",
    "WTit": "",
    "OTit": "",
    "Rating": "1896",
    "Gms": "0",
    "K": "20",
    "RatingMonth": "AUG25",
    "B-day": "1961",
    "Flag": "i"
  },
  {
    "ID Number": "7203241",
    "Name": "Hojsted, Ingi",
    "Fed": "FAI",
    "Sex": "M",
    "Title": "",
    "WTit": "",
    "OTit": "",
    "Rating": "1809",
    "Gms": "0",
    "K": "20",
    "RatingMonth": "AUG25",
    "B-day": "1985",
    "Flag": ""
  },
  {
    "ID Number": "7201907",
    "Name": "Holgarsson, Roi",
    "Fed": "FAI",
    "Sex": "M",
    "Title": "",
    "WTit": "",
    "OTit": "",
    "Rating": "1789",
    "Gms": "0",
    "K": "40",
    "RatingMonth": "AUG25",
    "B-day": "1992",
    "Flag": ""
  },
  {
    "ID Number": "7203195",
    "Name": "i RAVNAGJOGV",
    "Fed": "FAI",
    "Sex": "M",
    "Title": "",
    "WTit": "",
    "OTit": "",
    "Rating": "1710",
    "Gms": "0",
    "K": "40",
    "RatingMonth": "AUG25",
    "B-day": "1980",
    "Flag": "i"
  },
  {
    "ID Number": "7205023",
    "Name": "Ingason, Aki",
    "Fed": "FAI",
    "Sex": "M",
    "Title": "",
    "WTit": "",
    "OTit": "",
    "Rating": "1464",
    "Gms": "0",
    "K": "40",
    "RatingMonth": "AUG25",
    "B-day": "2006",
    "Flag": "i"
  },
  {
    "ID Number": "7288514",
    "Name": "Isaksen, Reinhold",
    "Fed": "FAI",
    "Sex": "M",
    "Title": "",
    "WTit": "",
    "OTit": "",
    "Rating": "1970",
    "Gms": "0",
    "K": "20",
    "RatingMonth": "AUG25",
    "B-day": "1959",
    "Flag": ""
  },
  {
    "ID Number": "7205740",
    "Name": "Jacobsen, Danial P",
    "Fed": "FAI",
    "Sex": "M",
    "Title": "",
    "WTit": "",
    "OTit": "",
    "Rating": "1665",
    "Gms": "0",
    "K": "40",
    "RatingMonth": "AUG25",
    "B-day": "1991",
    "Flag": ""
  },
  {
    "ID Number": "7202938",
    "Name": "Jacobsen, Eivind",
    "Fed": "FAI",
    "Sex": "M",
    "Title": "",
    "WTit": "",
    "OTit": "",
    "Rating": "1809",
    "Gms": "0",
    "K": "20",
    "RatingMonth": "AUG25",
    "B-day": "1968",
    "Flag": "i"
  },
  {
    "ID Number": "7204272",
    "Name": "Jacobsen, Harry",
    "Fed": "FAI",
    "Sex": "M",
    "Title": "",
    "WTit": "",
    "OTit": "",
    "Rating": "1498",
    "Gms": "0",
    "K": "40",
    "RatingMonth": "AUG25",
    "B-day": "1970",
    "Flag": ""
  },
  {
    "ID Number": "7200340",
    "Name": "Jacobsen, Heidrikur T.",
    "Fed": "FAI",
    "Sex": "M",
    "Title": "",
    "WTit": "",
    "OTit": "",
    "Rating": "1948",
    "Gms": "0",
    "K": "20",
    "RatingMonth": "AUG25",
    "B-day": "1993",
    "Flag": ""
  },
  {
    "ID Number": "7288522",
    "Name": "Jacobsen, John",
    "Fed": "FAI",
    "Sex": "M",
    "Title": "",
    "WTit": "",
    "OTit": "",
    "Rating": "1892",
    "Gms": "0",
    "K": "20",
    "RatingMonth": "AUG25",
    "B-day": "1957",
    "Flag": ""
  },
  {
    "ID Number": "7202989",
    "Name": "Jacobsen, Markus",
    "Fed": "FAI",
    "Sex": "M",
    "Title": "",
    "WTit": "",
    "OTit": "",
    "Rating": "1781",
    "Gms": "0",
    "K": "40",
    "RatingMonth": "AUG25",
    "B-day": "2007",
    "Flag": ""
  },
  {
    "ID Number": "7202865",
    "Name": "Jacobsen, Runi",
    "Fed": "FAI",
    "Sex": "M",
    "Title": "",
    "WTit": "",
    "OTit": "",
    "Rating": "1796",
    "Gms": "0",
    "K": "20",
    "RatingMonth": "AUG25",
    "B-day": "1965",
    "Flag": ""
  },
  {
    "ID Number": "7200358",
    "Name": "Jacobsen, Runi T.",
    "Fed": "FAI",
    "Sex": "M",
    "Title": "",
    "WTit": "",
    "OTit": "",
    "Rating": "1814",
    "Gms": "0",
    "K": "20",
    "RatingMonth": "AUG25",
    "B-day": "1996",
    "Flag": ""
  },
  {
    "ID Number": "7204639",
    "Name": "Jacobsen, Sakarias Markus",
    "Fed": "FAI",
    "Sex": "M",
    "Title": "",
    "WTit": "",
    "OTit": "",
    "Rating": "1530",
    "Gms": "0",
    "K": "40",
    "RatingMonth": "AUG25",
    "B-day": "2007",
    "Flag": "i"
  },
  {
    "ID Number": "7202890",
    "Name": "Jacobsen, Simun P.",
    "Fed": "FAI",
    "Sex": "M",
    "Title": "",
    "WTit": "",
    "OTit": "",
    "Rating": "1688",
    "Gms": "0",
    "K": "40",
    "RatingMonth": "AUG25",
    "B-day": "1975",
    "Flag": ""
  },
  {
    "ID Number": "7200919",
    "Name": "Jacobsen, Suni",
    "Fed": "FAI",
    "Sex": "M",
    "Title": "",
    "WTit": "",
    "OTit": "",
    "Rating": "1882",
    "Gms": "0",
    "K": "20",
    "RatingMonth": "AUG25",
    "B-day": "1967",
    "Flag": ""
  },
  {
    "ID Number": "7205287",
    "Name": "Jakobsen, Djoni F.C.",
    "Fed": "FAI",
    "Sex": "M",
    "Title": "",
    "WTit": "",
    "OTit": "",
    "Rating": "1652",
    "Gms": "0",
    "K": "40",
    "RatingMonth": "AUG25",
    "B-day": "2012",
    "Flag": ""
  },
  {
    "ID Number": "7204183",
    "Name": "Jamil, Emil Jacobsen",
    "Fed": "FAI",
    "Sex": "M",
    "Title": "",
    "WTit": "",
    "OTit": "",
    "Rating": "1676",
    "Gms": "0",
    "K": "40",
    "RatingMonth": "AUG25",
    "B-day": "2010",
    "Flag": ""
  },
  {
    "ID Number": "7204191",
    "Name": "Jamil, Oskar Jacobsen",
    "Fed": "FAI",
    "Sex": "M",
    "Title": "",
    "WTit": "",
    "OTit": "",
    "Rating": "1588",
    "Gms": "0",
    "K": "40",
    "RatingMonth": "AUG25",
    "B-day": "2011",
    "Flag": ""
  },
  {
    "ID Number": "7202440",
    "Name": "Joensen, Alvin",
    "Fed": "FAI",
    "Sex": "M",
    "Title": "",
    "WTit": "",
    "OTit": "",
    "Rating": "1892",
    "Gms": "0",
    "K": "40",
    "RatingMonth": "AUG25",
    "B-day": "1960",
    "Flag": ""
  },
  {
    "ID Number": "7288530",
    "Name": "Joensen, Gunnar",
    "Fed": "FAI",
    "Sex": "M",
    "Title": "",
    "WTit": "",
    "OTit": "",
    "Rating": "1804",
    "Gms": "0",
    "K": "20",
    "RatingMonth": "AUG25",
    "B-day": "1948",
    "Flag": ""
  },
  {
    "ID Number": "7201621",
    "Name": "Joensen, Hans Danjal",
    "Fed": "FAI",
    "Sex": "M",
    "Title": "",
    "WTit": "",
    "OTit": "",
    "Rating": "1731",
    "Gms": "0",
    "K": "20",
    "RatingMonth": "AUG25",
    "B-day": "1977",
    "Flag": ""
  },
  {
    "ID Number": "7288549",
    "Name": "Joensen, Hans Petur",
    "Fed": "FAI",
    "Sex": "M",
    "Title": "",
    "WTit": "",
    "OTit": "",
    "Rating": "1856",
    "Gms": "0",
    "K": "20",
    "RatingMonth": "AUG25",
    "B-day": "1973",
    "Flag": "i"
  },
  {
    "ID Number": "7201303",
    "Name": "Joensen, Hanus",
    "Fed": "FAI",
    "Sex": "M",
    "Title": "",
    "WTit": "",
    "OTit": "",
    "Rating": "1872",
    "Gms": "0",
    "K": "20",
    "RatingMonth": "AUG25",
    "B-day": "1950",
    "Flag": "i"
  },
  {
    "ID Number": "7200676",
    "Name": "Joensen, Helgi",
    "Fed": "FAI",
    "Sex": "M",
    "Title": "",
    "WTit": "",
    "OTit": "",
    "Rating": "1814",
    "Gms": "0",
    "K": "20",
    "RatingMonth": "AUG25",
    "B-day": "1946",
    "Flag": "i"
  },
  {
    "ID Number": "7203780",
    "Name": "Joensen, Henrik W.",
    "Fed": "FAI",
    "Sex": "M",
    "Title": "",
    "WTit": "",
    "OTit": "",
    "Rating": "1714",
    "Gms": "0",
    "K": "20",
    "RatingMonth": "AUG25",
    "B-day": "1970",
    "Flag": ""
  },
  {
    "ID Number": "7200366",
    "Name": "Joensen, Jakup F.",
    "Fed": "FAI",
    "Sex": "M",
    "Title": "",
    "WTit": "",
    "OTit": "",
    "Rating": "1791",
    "Gms": "0",
    "K": "20",
    "RatingMonth": "AUG25",
    "B-day": "1951",
    "Flag": ""
  },
  {
    "ID Number": "7288557",
    "Name": "Joensen, Jogvan",
    "Fed": "FAI",
    "Sex": "M",
    "Title": "",
    "WTit": "",
    "OTit": "",
    "Rating": "1947",
    "Gms": "0",
    "K": "20",
    "RatingMonth": "AUG25",
    "B-day": "1967",
    "Flag": "i"
  },
  {
    "ID Number": "7202814",
    "Name": "Joensen, Jogvan Martin",
    "Fed": "FAI",
    "Sex": "M",
    "Title": "",
    "WTit": "",
    "OTit": "",
    "Rating": "1862",
    "Gms": "0",
    "K": "20",
    "RatingMonth": "AUG25",
    "B-day": "1974",
    "Flag": "i"
  },
  {
    "ID Number": "7200684",
    "Name": "Joensen, John",
    "Fed": "FAI",
    "Sex": "M",
    "Title": "",
    "WTit": "",
    "OTit": "",
    "Rating": "1960",
    "Gms": "0",
    "K": "20",
    "RatingMonth": "AUG25",
    "B-day": "1978",
    "Flag": "i"
  },
  {
    "ID Number": "7201915",
    "Name": "Joensen, Jon Magnus",
    "Fed": "FAI",
    "Sex": "M",
    "Title": "",
    "WTit": "",
    "OTit": "",
    "Rating": "1677",
    "Gms": "0",
    "K": "20",
    "RatingMonth": "AUG25",
    "B-day": "1963",
    "Flag": ""
  },
  {
    "ID Number": "7203500",
    "Name": "Joensen, Oli",
    "Fed": "FAI",
    "Sex": "M",
    "Title": "",
    "WTit": "",
    "OTit": "",
    "Rating": "1816",
    "Gms": "0",
    "K": "20",
    "RatingMonth": "AUG25",
    "B-day": "1963",
    "Flag": ""
  },
  {
    "ID Number": "7202059",
    "Name": "Joensen, Ossur",
    "Fed": "FAI",
    "Sex": "M",
    "Title": "",
    "WTit": "",
    "OTit": "",
    "Rating": "1853",
    "Gms": "0",
    "K": "20",
    "RatingMonth": "AUG25",
    "B-day": "1976",
    "Flag": ""
  },
  {
    "ID Number": "7200935",
    "Name": "Joensen, Sigurd",
    "Fed": "FAI",
    "Sex": "M",
    "Title": "",
    "WTit": "",
    "OTit": "",
    "Rating": "1588",
    "Gms": "0",
    "K": "20",
    "RatingMonth": "AUG25",
    "B-day": "1954",
    "Flag": ""
  },
  {
    "ID Number": "7200374",
    "Name": "Jogvansson, Hjalti Toftum",
    "Fed": "FAI",
    "Sex": "M",
    "Title": "",
    "WTit": "",
    "OTit": "",
    "Rating": "2030",
    "Gms": "0",
    "K": "20",
    "RatingMonth": "AUG25",
    "B-day": "1992",
    "Flag": ""
  },
  {
    "ID Number": "7202822",
    "Name": "Johannesen, Bardur",
    "Fed": "FAI",
    "Sex": "M",
    "Title": "",
    "WTit": "",
    "OTit": "",
    "Rating": "1680",
    "Gms": "0",
    "K": "40",
    "RatingMonth": "AUG25",
    "B-day": "1982",
    "Flag": "i"
  },
  {
    "ID Number": "7200382",
    "Name": "Johannesen, Bergur",
    "Fed": "FAI",
    "Sex": "M",
    "Title": "",
    "WTit": "",
    "OTit": "",
    "Rating": "1627",
    "Gms": "0",
    "K": "20",
    "RatingMonth": "AUG25",
    "B-day": "1959",
    "Flag": ""
  },
  {
    "ID Number": "7204400",
    "Name": "Johannesen, Davur",
    "Fed": "FAI",
    "Sex": "M",
    "Title": "",
    "WTit": "",
    "OTit": "",
    "Rating": "1604",
    "Gms": "0",
    "K": "40",
    "RatingMonth": "AUG25",
    "B-day": "1970",
    "Flag": ""
  },
  {
    "ID Number": "7200560",
    "Name": "Johannesen, Eydalvur",
    "Fed": "FAI",
    "Sex": "M",
    "Title": "",
    "WTit": "",
    "OTit": "",
    "Rating": "1938",
    "Gms": "0",
    "K": "40",
    "RatingMonth": "AUG25",
    "B-day": "1984",
    "Flag": "i"
  },
  {
    "ID Number": "7204078",
    "Name": "Johannesen, Holgar",
    "Fed": "FAI",
    "Sex": "M",
    "Title": "",
    "WTit": "",
    "OTit": "",
    "Rating": "1741",
    "Gms": "0",
    "K": "40",
    "RatingMonth": "AUG25",
    "B-day": "1978",
    "Flag": ""
  },
  {
    "ID Number": "7200943",
    "Name": "Johannesen, Joen P",
    "Fed": "FAI",
    "Sex": "M",
    "Title": "",
    "WTit": "",
    "OTit": "",
    "Rating": "1795",
    "Gms": "0",
    "K": "40",
    "RatingMonth": "AUG25",
    "B-day": "1948",
    "Flag": ""
  },
  {
    "ID Number": "7205627",
    "Name": "Johannessen, Herbert Holm",
    "Fed": "FAI",
    "Sex": "M",
    "Title": "",
    "WTit": "",
    "OTit": "",
    "Rating": "1634",
    "Gms": "0",
    "K": "40",
    "RatingMonth": "AUG25",
    "B-day": "2009",
    "Flag": ""
  },
  {
    "ID Number": "7288425",
    "Name": "Johansen, Haldur Suni",
    "Fed": "FAI",
    "Sex": "M",
    "Title": "",
    "WTit": "",
    "OTit": "",
    "Rating": "2000",
    "Gms": "0",
    "K": "20",
    "RatingMonth": "AUG25",
    "B-day": "1963",
    "Flag": ""
  },
  {
    "ID Number": "7288573",
    "Name": "Johansen, Karl Louis",
    "Fed": "FAI",
    "Sex": "M",
    "Title": "",
    "WTit": "",
    "OTit": "",
    "Rating": "1604",
    "Gms": "0",
    "K": "20",
    "RatingMonth": "AUG25",
    "B-day": "1953",
    "Flag": ""
  },
  {
    "ID Number": "7203586",
    "Name": "Jonsson, Teitur",
    "Fed": "FAI",
    "Sex": "M",
    "Title": "",
    "WTit": "",
    "OTit": "",
    "Rating": "1452",
    "Gms": "0",
    "K": "40",
    "RatingMonth": "AUG25",
    "B-day": "2008",
    "Flag": "i"
  },
  {
    "ID Number": "7205317",
    "Name": "Jorgensen, Baldur Bjarnason",
    "Fed": "FAI",
    "Sex": "M",
    "Title": "",
    "WTit": "",
    "OTit": "",
    "Rating": "1640",
    "Gms": "0",
    "K": "40",
    "RatingMonth": "AUG25",
    "B-day": "2014",
    "Flag": ""
  },
  {
    "ID Number": "7201320",
    "Name": "Justinussen, Jeffri",
    "Fed": "FAI",
    "Sex": "M",
    "Title": "",
    "WTit": "",
    "OTit": "",
    "Rating": "1737",
    "Gms": "0",
    "K": "40",
    "RatingMonth": "AUG25",
    "B-day": "1938",
    "Flag": "i"
  },
  {
    "ID Number": "7200773",
    "Name": "Justinussen, Sigurd B.",
    "Fed": "FAI",
    "Sex": "M",
    "Title": "",
    "WTit": "",
    "OTit": "",
    "Rating": "1923",
    "Gms": "0",
    "K": "20",
    "RatingMonth": "AUG25",
    "B-day": "1967",
    "Flag": ""
  },
  {
    "ID Number": "7203250",
    "Name": "Kalso, Steffan",
    "Fed": "FAI",
    "Sex": "M",
    "Title": "",
    "WTit": "",
    "OTit": "",
    "Rating": "1743",
    "Gms": "0",
    "K": "40",
    "RatingMonth": "AUG25",
    "B-day": "1987",
    "Flag": "i"
  },
  {
    "ID Number": "7203950",
    "Name": "Kosini, Bogi a",
    "Fed": "FAI",
    "Sex": "M",
    "Title": "",
    "WTit": "",
    "OTit": "",
    "Rating": "1696",
    "Gms": "0",
    "K": "40",
    "RatingMonth": "AUG25",
    "B-day": "2007",
    "Flag": ""
  },
  {
    "ID Number": "7203420",
    "Name": "Kristiansen, Albin",
    "Fed": "FAI",
    "Sex": "M",
    "Title": "",
    "WTit": "",
    "OTit": "",
    "Rating": "1649",
    "Gms": "0",
    "K": "40",
    "RatingMonth": "AUG25",
    "B-day": "1984",
    "Flag": ""
  },
  {
    "ID Number": "7203381",
    "Name": "Kristiansen, Helgi",
    "Fed": "FAI",
    "Sex": "M",
    "Title": "",
    "WTit": "",
    "OTit": "",
    "Rating": "1747",
    "Gms": "0",
    "K": "20",
    "RatingMonth": "AUG25",
    "B-day": "1977",
    "Flag": ""
  },
  {
    "ID Number": "7205112",
    "Name": "Kristiansen, Signar",
    "Fed": "FAI",
    "Sex": "M",
    "Title": "",
    "WTit": "",
    "OTit": "",
    "Rating": "1797",
    "Gms": "0",
    "K": "40",
    "RatingMonth": "AUG25",
    "B-day": "1970",
    "Flag": ""
  },
  {
    "ID Number": "7201370",
    "Name": "Lamhauge, Eydun",
    "Fed": "FAI",
    "Sex": "M",
    "Title": "",
    "WTit": "",
    "OTit": "",
    "Rating": "1809",
    "Gms": "0",
    "K": "20",
    "RatingMonth": "AUG25",
    "B-day": "1973",
    "Flag": ""
  },
  {
    "ID Number": "7201559",
    "Name": "Larsen, Finn W.",
    "Fed": "FAI",
    "Sex": "M",
    "Title": "",
    "WTit": "",
    "OTit": "",
    "Rating": "1691",
    "Gms": "0",
    "K": "20",
    "RatingMonth": "AUG25",
    "B-day": "1965",
    "Flag": ""
  },
  {
    "ID Number": "7205163",
    "Name": "Larsen, Petur",
    "Fed": "FAI",
    "Sex": "M",
    "Title": "",
    "WTit": "",
    "OTit": "",
    "Rating": "1791",
    "Gms": "0",
    "K": "40",
    "RatingMonth": "AUG25",
    "B-day": "1970",
    "Flag": ""
  },
  {
    "ID Number": "7205678",
    "Name": "Lenvig, Bjorgvin",
    "Fed": "FAI",
    "Sex": "M",
    "Title": "",
    "WTit": "",
    "OTit": "",
    "Rating": "1486",
    "Gms": "0",
    "K": "40",
    "RatingMonth": "AUG25",
    "B-day": "1987",
    "Flag": ""
  },
  {
    "ID Number": "7203640",
    "Name": "Liknargotu, Jens a",
    "Fed": "FAI",
    "Sex": "M",
    "Title": "",
    "WTit": "",
    "OTit": "",
    "Rating": "1658",
    "Gms": "0",
    "K": "40",
    "RatingMonth": "AUG25",
    "B-day": "1989",
    "Flag": ""
  },
  {
    "ID Number": "7203292",
    "Name": "Loduni, Janus I",
    "Fed": "FAI",
    "Sex": "M",
    "Title": "",
    "WTit": "",
    "OTit": "",
    "Rating": "1732",
    "Gms": "0",
    "K": "40",
    "RatingMonth": "AUG25",
    "B-day": "1977",
    "Flag": "i"
  },
  {
    "ID Number": "7205180",
    "Name": "Logv, Hanus a",
    "Fed": "FAI",
    "Sex": "M",
    "Title": "",
    "WTit": "",
    "OTit": "",
    "Rating": "1744",
    "Gms": "0",
    "K": "20",
    "RatingMonth": "AUG25",
    "B-day": "1956",
    "Flag": ""
  },
  {
    "ID Number": "7205198",
    "Name": "Logv, Hanus a",
    "Fed": "FAI",
    "Sex": "M",
    "Title": "",
    "WTit": "",
    "OTit": "",
    "Rating": "1700",
    "Gms": "0",
    "K": "40",
    "RatingMonth": "AUG25",
    "B-day": "2009",
    "Flag": ""
  },
  {
    "ID Number": "7201591",
    "Name": "Lon, Ronny i",
    "Fed": "FAI",
    "Sex": "M",
    "Title": "",
    "WTit": "",
    "OTit": "",
    "Rating": "1636",
    "Gms": "0",
    "K": "20",
    "RatingMonth": "AUG25",
    "B-day": "1967",
    "Flag": ""
  },
  {
    "ID Number": "7205929",
    "Name": "Lutzen, David",
    "Fed": "FAI",
    "Sex": "M",
    "Title": "",
    "WTit": "",
    "OTit": "",
    "Rating": "1481",
    "Gms": "0",
    "K": "40",
    "RatingMonth": "AUG25",
    "B-day": "2013",
    "Flag": ""
  },
  {
    "ID Number": "7205589",
    "Name": "Lutzen, Jonas",
    "Fed": "FAI",
    "Sex": "M",
    "Title": "",
    "WTit": "",
    "OTit": "",
    "Rating": "1410",
    "Gms": "0",
    "K": "40",
    "RatingMonth": "AUG25",
    "B-day": "2008",
    "Flag": ""
  },
  {
    "ID Number": "7203802",
    "Name": "Magnussen, Petur Gardar",
    "Fed": "FAI",
    "Sex": "M",
    "Title": "",
    "WTit": "",
    "OTit": "",
    "Rating": "1920",
    "Gms": "0",
    "K": "40",
    "RatingMonth": "AUG25",
    "B-day": "2009",
    "Flag": ""
  },
  {
    "ID Number": "7202695",
    "Name": "Meier, Villiam",
    "Fed": "FAI",
    "Sex": "M",
    "Title": "",
    "WTit": "",
    "OTit": "",
    "Rating": "1536",
    "Gms": "0",
    "K": "40",
    "RatingMonth": "AUG25",
    "B-day": "1999",
    "Flag": ""
  },
  {
    "ID Number": "7200188",
    "Name": "Merkistein, Suni",
    "Fed": "FAI",
    "Sex": "M",
    "Title": "",
    "WTit": "",
    "OTit": "",
    "Rating": "1963",
    "Gms": "0",
    "K": "20",
    "RatingMonth": "AUG25",
    "B-day": "1965",
    "Flag": ""
  },
  {
    "ID Number": "7200080",
    "Name": "Midjord, Joan Paetur",
    "Fed": "FAI",
    "Sex": "M",
    "Title": "",
    "WTit": "",
    "OTit": "",
    "Rating": "2110",
    "Gms": "0",
    "K": "20",
    "RatingMonth": "AUG25",
    "B-day": "1945",
    "Flag": "i"
  },
  {
    "ID Number": "7200722",
    "Name": "Mikkelsen, Jon",
    "Fed": "FAI",
    "Sex": "M",
    "Title": "",
    "WTit": "",
    "OTit": "",
    "Rating": "1851",
    "Gms": "0",
    "K": "20",
    "RatingMonth": "AUG25",
    "B-day": "1966",
    "Flag": "i"
  },
  {
    "ID Number": "7202768",
    "Name": "Mikkelsen, Petur Pall",
    "Fed": "FAI",
    "Sex": "M",
    "Title": "",
    "WTit": "",
    "OTit": "",
    "Rating": "1788",
    "Gms": "0",
    "K": "20",
    "RatingMonth": "AUG25",
    "B-day": "1963",
    "Flag": ""
  },
  {
    "ID Number": "7202709",
    "Name": "Morkore, Joannes",
    "Fed": "FAI",
    "Sex": "M",
    "Title": "",
    "WTit": "",
    "OTit": "",
    "Rating": "1655",
    "Gms": "0",
    "K": "20",
    "RatingMonth": "AUG25",
    "B-day": "1959",
    "Flag": ""
  },
  {
    "ID Number": "7203748",
    "Name": "Morkore, Mortan",
    "Fed": "FAI",
    "Sex": "M",
    "Title": "",
    "WTit": "",
    "OTit": "",
    "Rating": "1681",
    "Gms": "0",
    "K": "20",
    "RatingMonth": "AUG25",
    "B-day": "1991",
    "Flag": ""
  },
  {
    "ID Number": "7202563",
    "Name": "Morkore, Rogvi",
    "Fed": "FAI",
    "Sex": "M",
    "Title": "",
    "WTit": "",
    "OTit": "",
    "Rating": "1856",
    "Gms": "0",
    "K": "20",
    "RatingMonth": "AUG25",
    "B-day": "2002",
    "Flag": ""
  },
  {
    "ID Number": "7200951",
    "Name": "Mortensen, Herluf",
    "Fed": "FAI",
    "Sex": "M",
    "Title": "",
    "WTit": "",
    "OTit": "",
    "Rating": "1857",
    "Gms": "0",
    "K": "40",
    "RatingMonth": "AUG25",
    "B-day": "1956",
    "Flag": "i"
  },
  {
    "ID Number": "7200390",
    "Name": "Mortensen, Johann Roi",
    "Fed": "FAI",
    "Sex": "M",
    "Title": "",
    "WTit": "",
    "OTit": "",
    "Rating": "1628",
    "Gms": "0",
    "K": "40",
    "RatingMonth": "AUG25",
    "B-day": "1991",
    "Flag": ""
  },
  {
    "ID Number": "7202369",
    "Name": "Mortensen, Rogvi",
    "Fed": "FAI",
    "Sex": "M",
    "Title": "",
    "WTit": "",
    "OTit": "",
    "Rating": "2001",
    "Gms": "0",
    "K": "20",
    "RatingMonth": "AUG25",
    "B-day": "1988",
    "Flag": "i"
  },
  {
    "ID Number": "7203390",
    "Name": "Muller, Magnus",
    "Fed": "FAI",
    "Sex": "M",
    "Title": "",
    "WTit": "",
    "OTit": "",
    "Rating": "1678",
    "Gms": "0",
    "K": "40",
    "RatingMonth": "AUG25",
    "B-day": "1978",
    "Flag": "i"
  },
  {
    "ID Number": "7200250",
    "Name": "Naes, Flovin Tor",
    "Fed": "FAI",
    "Sex": "M",
    "Title": "FM",
    "WTit": "",
    "OTit": "",
    "Rating": "2177",
    "Gms": "0",
    "K": "20",
    "RatingMonth": "AUG25",
    "B-day": "1978",
    "Flag": ""
  },
  {
    "ID Number": "7200579",
    "Name": "Naes, Jogvan",
    "Fed": "FAI",
    "Sex": "M",
    "Title": "",
    "WTit": "",
    "OTit": "",
    "Rating": "1812",
    "Gms": "0",
    "K": "20",
    "RatingMonth": "AUG25",
    "B-day": "1962",
    "Flag": ""
  },
  {
    "ID Number": "7202571",
    "Name": "Nattestad, Jonatan",
    "Fed": "FAI",
    "Sex": "M",
    "Title": "",
    "WTit": "",
    "OTit": "",
    "Rating": "1492",
    "Gms": "0",
    "K": "40",
    "RatingMonth": "AUG25",
    "B-day": "2006",
    "Flag": "i"
  },
  {
    "ID Number": "7205503",
    "Name": "Nesa, Samal Isfeldt",
    "Fed": "FAI",
    "Sex": "M",
    "Title": "",
    "WTit": "",
    "OTit": "",
    "Rating": "1584",
    "Gms": "0",
    "K": "40",
    "RatingMonth": "AUG25",
    "B-day": "2011",
    "Flag": ""
  },
  {
    "ID Number": "7202407",
    "Name": "Nielsen, Allan",
    "Fed": "FAI",
    "Sex": "M",
    "Title": "",
    "WTit": "",
    "OTit": "",
    "Rating": "1727",
    "Gms": "0",
    "K": "20",
    "RatingMonth": "AUG25",
    "B-day": "1965",
    "Flag": ""
  },
  {
    "ID Number": "7200404",
    "Name": "Nielsen, Hogni Egilstoft",
    "Fed": "FAI",
    "Sex": "M",
    "Title": "IM",
    "WTit": "",
    "OTit": "",
    "Rating": "2389",
    "Gms": "9",
    "K": "10",
    "RatingMonth": "AUG25",
    "B-day": "1997",
    "Flag": ""
  },
  {
    "ID Number": "7202105",
    "Name": "Nielsen, Jon I Horni",
    "Fed": "FAI",
    "Sex": "M",
    "Title": "",
    "WTit": "",
    "OTit": "",
    "Rating": "2104",
    "Gms": "0",
    "K": "20",
    "RatingMonth": "AUG25",
    "B-day": "2005",
    "Flag": ""
  },
  {
    "ID Number": "7202776",
    "Name": "Nielsen, Sonni",
    "Fed": "FAI",
    "Sex": "M",
    "Title": "",
    "WTit": "",
    "OTit": "",
    "Rating": "1798",
    "Gms": "0",
    "K": "20",
    "RatingMonth": "AUG25",
    "B-day": "1962",
    "Flag": ""
  },
  {
    "ID Number": "7202393",
    "Name": "Nielsen, Suni I Horni",
    "Fed": "FAI",
    "Sex": "M",
    "Title": "",
    "WTit": "",
    "OTit": "",
    "Rating": "1714",
    "Gms": "0",
    "K": "20",
    "RatingMonth": "AUG25",
    "B-day": "2003",
    "Flag": ""
  },
  {
    "ID Number": "7200242",
    "Name": "Nielsen, Torkil",
    "Fed": "FAI",
    "Sex": "M",
    "Title": "",
    "WTit": "",
    "OTit": "",
    "Rating": "2054",
    "Gms": "0",
    "K": "20",
    "RatingMonth": "AUG25",
    "B-day": "1964",
    "Flag": ""
  },
  {
    "ID Number": "7200137",
    "Name": "Nilssen, John Arni",
    "Fed": "FAI",
    "Sex": "M",
    "Title": "IM",
    "WTit": "",
    "OTit": "",
    "Rating": "2332",
    "Gms": "0",
    "K": "10",
    "RatingMonth": "AUG25",
    "B-day": "1974",
    "Flag": ""
  },
  {
    "ID Number": "7200218",
    "Name": "Nolsoe, Eydun",
    "Fed": "FAI",
    "Sex": "M",
    "Title": "",
    "WTit": "",
    "OTit": "",
    "Rating": "2159",
    "Gms": "0",
    "K": "20",
    "RatingMonth": "AUG25",
    "B-day": "1966",
    "Flag": ""
  },
  {
    "ID Number": "7200064",
    "Name": "Nolsoe, Rani",
    "Fed": "FAI",
    "Sex": "M",
    "Title": "",
    "WTit": "",
    "OTit": "",
    "Rating": "1903",
    "Gms": "0",
    "K": "20",
    "RatingMonth": "AUG25",
    "B-day": "1959",
    "Flag": ""
  },
  {
    "ID Number": "7205767",
    "Name": "Nolsoe, Sveinur M",
    "Fed": "FAI",
    "Sex": "M",
    "Title": "",
    "WTit": "",
    "OTit": "",
    "Rating": "1667",
    "Gms": "0",
    "K": "40",
    "RatingMonth": "AUG25",
    "B-day": "1997",
    "Flag": ""
  },
  {
    "ID Number": "7201761",
    "Name": "Olavsdottir, Hanna",
    "Fed": "FAI",
    "Sex": "F",
    "Title": "",
    "WTit": "",
    "OTit": "",
    "Rating": "1443",
    "Gms": "0",
    "K": "40",
    "RatingMonth": "AUG25",
    "B-day": "1999",
    "Flag": "wi"
  },
  {
    "ID Number": "7201206",
    "Name": "Olsen, Alfred A.",
    "Fed": "FAI",
    "Sex": "M",
    "Title": "",
    "WTit": "",
    "OTit": "",
    "Rating": "1860",
    "Gms": "0",
    "K": "20",
    "RatingMonth": "AUG25",
    "B-day": "1997",
    "Flag": ""
  },
  {
    "ID Number": "7205686",
    "Name": "Olsen, Fridi Stenberg",
    "Fed": "FAI",
    "Sex": "M",
    "Title": "",
    "WTit": "",
    "OTit": "",
    "Rating": "1783",
    "Gms": "0",
    "K": "20",
    "RatingMonth": "AUG25",
    "B-day": "1998",
    "Flag": ""
  },
  {
    "ID Number": "7205783",
    "Name": "Olsen, Jogvan Juul",
    "Fed": "FAI",
    "Sex": "M",
    "Title": "",
    "WTit": "",
    "OTit": "",
    "Rating": "1705",
    "Gms": "0",
    "K": "40",
    "RatingMonth": "AUG25",
    "B-day": "1988",
    "Flag": ""
  },
  {
    "ID Number": "7201346",
    "Name": "Olsen, Johannus",
    "Fed": "FAI",
    "Sex": "M",
    "Title": "",
    "WTit": "",
    "OTit": "",
    "Rating": "1764",
    "Gms": "0",
    "K": "40",
    "RatingMonth": "AUG25",
    "B-day": "1976",
    "Flag": "i"
  },
  {
    "ID Number": "7202490",
    "Name": "Olsen, Kaj",
    "Fed": "FAI",
    "Sex": "M",
    "Title": "",
    "WTit": "",
    "OTit": "",
    "Rating": "1697",
    "Gms": "0",
    "K": "20",
    "RatingMonth": "AUG25",
    "B-day": "2001",
    "Flag": ""
  },
  {
    "ID Number": "7204213",
    "Name": "Olsen, Rogvi Heinason",
    "Fed": "FAI",
    "Sex": "M",
    "Title": "",
    "WTit": "",
    "OTit": "",
    "Rating": "1837",
    "Gms": "0",
    "K": "20",
    "RatingMonth": "AUG25",
    "B-day": "2006",
    "Flag": ""
  },
  {
    "ID Number": "7201770",
    "Name": "Olsen, Rogvi M.",
    "Fed": "FAI",
    "Sex": "M",
    "Title": "",
    "WTit": "",
    "OTit": "",
    "Rating": "1875",
    "Gms": "0",
    "K": "20",
    "RatingMonth": "AUG25",
    "B-day": "1974",
    "Flag": ""
  },
  {
    "ID Number": "7204981",
    "Name": "Olsen, Runi H",
    "Fed": "FAI",
    "Sex": "M",
    "Title": "",
    "WTit": "",
    "OTit": "",
    "Rating": "1648",
    "Gms": "0",
    "K": "40",
    "RatingMonth": "AUG25",
    "B-day": "2001",
    "Flag": ""
  },
  {
    "ID Number": "7200536",
    "Name": "Olsen, Sara Traber",
    "Fed": "FAI",
    "Sex": "F",
    "Title": "",
    "WTit": "",
    "OTit": "",
    "Rating": "1720",
    "Gms": "0",
    "K": "40",
    "RatingMonth": "AUG25",
    "B-day": "1995",
    "Flag": "wi"
  },
  {
    "ID Number": "7201125",
    "Name": "Olsen, Sjurdur",
    "Fed": "FAI",
    "Sex": "M",
    "Title": "",
    "WTit": "",
    "OTit": "",
    "Rating": "1825",
    "Gms": "0",
    "K": "20",
    "RatingMonth": "AUG25",
    "B-day": "1997",
    "Flag": "i"
  },
  {
    "ID Number": "7200650",
    "Name": "Olsen, Wille",
    "Fed": "FAI",
    "Sex": "M",
    "Title": "",
    "WTit": "",
    "OTit": "",
    "Rating": "1958",
    "Gms": "0",
    "K": "20",
    "RatingMonth": "AUG25",
    "B-day": "1967",
    "Flag": ""
  },
  {
    "ID Number": "7202458",
    "Name": "Ortind, Joanes",
    "Fed": "FAI",
    "Sex": "M",
    "Title": "",
    "WTit": "",
    "OTit": "",
    "Rating": "1624",
    "Gms": "0",
    "K": "40",
    "RatingMonth": "AUG25",
    "B-day": "1963",
    "Flag": ""
  },
  {
    "ID Number": "7202725",
    "Name": "Petersen, Elias",
    "Fed": "FAI",
    "Sex": "M",
    "Title": "",
    "WTit": "",
    "OTit": "",
    "Rating": "2100",
    "Gms": "0",
    "K": "40",
    "RatingMonth": "AUG25",
    "B-day": "2007",
    "Flag": ""
  },
  {
    "ID Number": "7200730",
    "Name": "Petersen, Gutti",
    "Fed": "FAI",
    "Sex": "M",
    "Title": "",
    "WTit": "",
    "OTit": "",
    "Rating": "1701",
    "Gms": "0",
    "K": "20",
    "RatingMonth": "AUG25",
    "B-day": "1939",
    "Flag": ""
  },
  {
    "ID Number": "7202504",
    "Name": "Petersen, Helgi L.",
    "Fed": "FAI",
    "Sex": "M",
    "Title": "",
    "WTit": "",
    "OTit": "",
    "Rating": "1742",
    "Gms": "0",
    "K": "20",
    "RatingMonth": "AUG25",
    "B-day": "1978",
    "Flag": "i"
  },
  {
    "ID Number": "7201630",
    "Name": "Petersen, Hjalti",
    "Fed": "FAI",
    "Sex": "M",
    "Title": "",
    "WTit": "",
    "OTit": "",
    "Rating": "1737",
    "Gms": "0",
    "K": "20",
    "RatingMonth": "AUG25",
    "B-day": "1977",
    "Flag": ""
  },
  {
    "ID Number": "7203446",
    "Name": "Petersen, Joannis",
    "Fed": "FAI",
    "Sex": "M",
    "Title": "",
    "WTit": "",
    "OTit": "",
    "Rating": "1695",
    "Gms": "0",
    "K": "40",
    "RatingMonth": "AUG25",
    "B-day": "1971",
    "Flag": ""
  },
  {
    "ID Number": "7202687",
    "Name": "Petersen, Johnny",
    "Fed": "FAI",
    "Sex": "M",
    "Title": "",
    "WTit": "",
    "OTit": "",
    "Rating": "1873",
    "Gms": "0",
    "K": "40",
    "RatingMonth": "AUG25",
    "B-day": "1974",
    "Flag": ""
  },
  {
    "ID Number": "7202342",
    "Name": "Petersen, Kari",
    "Fed": "FAI",
    "Sex": "M",
    "Title": "",
    "WTit": "",
    "OTit": "",
    "Rating": "1909",
    "Gms": "0",
    "K": "20",
    "RatingMonth": "AUG25",
    "B-day": "1958",
    "Flag": "i"
  },
  {
    "ID Number": "7202741",
    "Name": "Petersen, Remi",
    "Fed": "FAI",
    "Sex": "M",
    "Title": "",
    "WTit": "",
    "OTit": "",
    "Rating": "1643",
    "Gms": "0",
    "K": "40",
    "RatingMonth": "AUG25",
    "B-day": "1968",
    "Flag": ""
  },
  {
    "ID Number": "7200293",
    "Name": "Petersen, Terji",
    "Fed": "FAI",
    "Sex": "M",
    "Title": "",
    "WTit": "",
    "OTit": "",
    "Rating": "1970",
    "Gms": "0",
    "K": "20",
    "RatingMonth": "AUG25",
    "B-day": "1978",
    "Flag": ""
  },
  {
    "ID Number": "7202075",
    "Name": "Petersen, Torkil",
    "Fed": "FAI",
    "Sex": "M",
    "Title": "",
    "WTit": "",
    "OTit": "",
    "Rating": "1702",
    "Gms": "0",
    "K": "20",
    "RatingMonth": "AUG25",
    "B-day": "1980",
    "Flag": ""
  },
  {
    "ID Number": "7200315",
    "Name": "Poulsen, Martin",
    "Fed": "FAI",
    "Sex": "M",
    "Title": "FM",
    "WTit": "",
    "OTit": "",
    "Rating": "2276",
    "Gms": "0",
    "K": "20",
    "RatingMonth": "AUG25",
    "B-day": "1984",
    "Flag": ""
  },
  {
    "ID Number": "7201354",
    "Name": "Poulsen, Petur Hans",
    "Fed": "FAI",
    "Sex": "M",
    "Title": "",
    "WTit": "",
    "OTit": "",
    "Rating": "1881",
    "Gms": "0",
    "K": "40",
    "RatingMonth": "AUG25",
    "B-day": "1949",
    "Flag": "i"
  },
  {
    "ID Number": "7201362",
    "Name": "Poulsen, Poul",
    "Fed": "FAI",
    "Sex": "M",
    "Title": "",
    "WTit": "",
    "OTit": "",
    "Rating": "1813",
    "Gms": "0",
    "K": "20",
    "RatingMonth": "AUG25",
    "B-day": "1961",
    "Flag": ""
  },
  {
    "ID Number": "7203632",
    "Name": "Rasmussen, Gunnleif",
    "Fed": "FAI",
    "Sex": "M",
    "Title": "",
    "WTit": "",
    "OTit": "",
    "Rating": "1478",
    "Gms": "0",
    "K": "20",
    "RatingMonth": "AUG25",
    "B-day": "1980",
    "Flag": ""
  },
  {
    "ID Number": "7200170",
    "Name": "Rasmussen, Rogvi W.",
    "Fed": "FAI",
    "Sex": "M",
    "Title": "",
    "WTit": "",
    "OTit": "",
    "Rating": "2159",
    "Gms": "0",
    "K": "20",
    "RatingMonth": "AUG25",
    "B-day": "1973",
    "Flag": ""
  },
  {
    "ID Number": "7200072",
    "Name": "Rasmussen, Steintor",
    "Fed": "FAI",
    "Sex": "M",
    "Title": "",
    "WTit": "",
    "OTit": "",
    "Rating": "1983",
    "Gms": "0",
    "K": "20",
    "RatingMonth": "AUG25",
    "B-day": "1960",
    "Flag": ""
  },
  {
    "ID Number": "7202539",
    "Name": "Ravnsfjall, Oddmar",
    "Fed": "FAI",
    "Sex": "M",
    "Title": "",
    "WTit": "",
    "OTit": "",
    "Rating": "1718",
    "Gms": "0",
    "K": "20",
    "RatingMonth": "AUG25",
    "B-day": "1956",
    "Flag": ""
  },
  {
    "ID Number": "7203756",
    "Name": "Rein, Daniel Djurhuus",
    "Fed": "FAI",
    "Sex": "M",
    "Title": "",
    "WTit": "",
    "OTit": "",
    "Rating": "1550",
    "Gms": "0",
    "K": "40",
    "RatingMonth": "AUG25",
    "B-day": "1970",
    "Flag": "i"
  },
  {
    "ID Number": "7200013",
    "Name": "Rodgaard, John",
    "Fed": "FAI",
    "Sex": "M",
    "Title": "IM",
    "WTit": "FI",
    "OTit": "",
    "Rating": "2260",
    "Gms": "0",
    "K": "20",
    "RatingMonth": "AUG25",
    "B-day": "1955",
    "Flag": ""
  },
  {
    "ID Number": "7203616",
    "Name": "Samuelsen, Brestir",
    "Fed": "FAI",
    "Sex": "M",
    "Title": "",
    "WTit": "",
    "OTit": "",
    "Rating": "1696",
    "Gms": "0",
    "K": "40",
    "RatingMonth": "AUG25",
    "B-day": "2009",
    "Flag": ""
  },
  {
    "ID Number": "7200277",
    "Name": "Samuelsen, Carl Eli Nolsoe",
    "Fed": "FAI",
    "Sex": "M",
    "Title": "FM",
    "WTit": "",
    "OTit": "",
    "Rating": "2167",
    "Gms": "0",
    "K": "20",
    "RatingMonth": "AUG25",
    "B-day": "1979",
    "Flag": ""
  },
  {
    "ID Number": "7204353",
    "Name": "Samuelsen, Markus",
    "Fed": "FAI",
    "Sex": "M",
    "Title": "",
    "WTit": "",
    "OTit": "",
    "Rating": "1430",
    "Gms": "0",
    "K": "40",
    "RatingMonth": "AUG25",
    "B-day": "2009",
    "Flag": ""
  },
  {
    "ID Number": "7200439",
    "Name": "Simonsen, Hans Kristian",
    "Fed": "FAI",
    "Sex": "M",
    "Title": "FM",
    "WTit": "",
    "OTit": "",
    "Rating": "2117",
    "Gms": "0",
    "K": "20",
    "RatingMonth": "AUG25",
    "B-day": "1983",
    "Flag": ""
  },
  {
    "ID Number": "7205791",
    "Name": "Simonsen, Johannes",
    "Fed": "FAI",
    "Sex": "M",
    "Title": "",
    "WTit": "",
    "OTit": "",
    "Rating": "1618",
    "Gms": "0",
    "K": "40",
    "RatingMonth": "AUG25",
    "B-day": "1994",
    "Flag": ""
  },
  {
    "ID Number": "7200196",
    "Name": "Simonsen, Olavur",
    "Fed": "FAI",
    "Sex": "M",
    "Title": "",
    "WTit": "",
    "OTit": "",
    "Rating": "2199",
    "Gms": "0",
    "K": "20",
    "RatingMonth": "AUG25",
    "B-day": "1977",
    "Flag": ""
  },
  {
    "ID Number": "7202750",
    "Name": "Simonsen, Signar",
    "Fed": "FAI",
    "Sex": "M",
    "Title": "",
    "WTit": "",
    "OTit": "",
    "Rating": "1579",
    "Gms": "0",
    "K": "40",
    "RatingMonth": "AUG25",
    "B-day": "1968",
    "Flag": "i"
  },
  {
    "ID Number": "7201575",
    "Name": "Skaale, Janus",
    "Fed": "FAI",
    "Sex": "M",
    "Title": "",
    "WTit": "",
    "OTit": "",
    "Rating": "1964",
    "Gms": "0",
    "K": "20",
    "RatingMonth": "AUG25",
    "B-day": "2001",
    "Flag": ""
  },
  {
    "ID Number": "7201583",
    "Name": "Skorastein, Simun",
    "Fed": "FAI",
    "Sex": "M",
    "Title": "",
    "WTit": "",
    "OTit": "",
    "Rating": "1800",
    "Gms": "0",
    "K": "40",
    "RatingMonth": "AUG25",
    "B-day": "1978",
    "Flag": "i"
  },
  {
    "ID Number": "7201869",
    "Name": "Skuvadal, Frodi",
    "Fed": "FAI",
    "Sex": "M",
    "Title": "",
    "WTit": "",
    "OTit": "",
    "Rating": "1662",
    "Gms": "0",
    "K": "20",
    "RatingMonth": "AUG25",
    "B-day": "1974",
    "Flag": ""
  },
  {
    "ID Number": "7204426",
    "Name": "Solsker, Hogni",
    "Fed": "FAI",
    "Sex": "M",
    "Title": "",
    "WTit": "",
    "OTit": "",
    "Rating": "1607",
    "Gms": "0",
    "K": "40",
    "RatingMonth": "AUG25",
    "B-day": "1970",
    "Flag": ""
  },
  {
    "ID Number": "7203764",
    "Name": "Solsker, Jogvan",
    "Fed": "FAI",
    "Sex": "M",
    "Title": "",
    "WTit": "",
    "OTit": "",
    "Rating": "1614",
    "Gms": "0",
    "K": "40",
    "RatingMonth": "AUG25",
    "B-day": "1970",
    "Flag": "i"
  },
  {
    "ID Number": "7204124",
    "Name": "Solsker, Jonas",
    "Fed": "FAI",
    "Sex": "M",
    "Title": "",
    "WTit": "",
    "OTit": "",
    "Rating": "1599",
    "Gms": "0",
    "K": "20",
    "RatingMonth": "AUG25",
    "B-day": "2006",
    "Flag": ""
  },
  {
    "ID Number": "7200480",
    "Name": "Solsker, Tummas M.",
    "Fed": "FAI",
    "Sex": "M",
    "Title": "",
    "WTit": "",
    "OTit": "",
    "Rating": "1930",
    "Gms": "0",
    "K": "20",
    "RatingMonth": "AUG25",
    "B-day": "1977",
    "Flag": ""
  },
  {
    "ID Number": "7203594",
    "Name": "Staksberg, Luca Eydun",
    "Fed": "FAI",
    "Sex": "M",
    "Title": "",
    "WTit": "",
    "OTit": "",
    "Rating": "1691",
    "Gms": "0",
    "K": "40",
    "RatingMonth": "AUG25",
    "B-day": "2009",
    "Flag": ""
  },
  {
    "ID Number": "7200986",
    "Name": "Stora, Borgar J",
    "Fed": "FAI",
    "Sex": "M",
    "Title": "",
    "WTit": "",
    "OTit": "",
    "Rating": "1708",
    "Gms": "0",
    "K": "40",
    "RatingMonth": "AUG25",
    "B-day": "1991",
    "Flag": "i"
  },
  {
    "ID Number": "7203071",
    "Name": "Thomassen, Benjamin",
    "Fed": "FAI",
    "Sex": "M",
    "Title": "",
    "WTit": "",
    "OTit": "",
    "Rating": "1585",
    "Gms": "0",
    "K": "20",
    "RatingMonth": "AUG25",
    "B-day": "1995",
    "Flag": "i"
  },
  {
    "ID Number": "7200099",
    "Name": "Thomsen, Bernhard",
    "Fed": "FAI",
    "Sex": "M",
    "Title": "",
    "WTit": "",
    "OTit": "",
    "Rating": "1963",
    "Gms": "0",
    "K": "20",
    "RatingMonth": "AUG25",
    "B-day": "1955",
    "Flag": ""
  },
  {
    "ID Number": "7203705",
    "Name": "Thomsen, Heri V",
    "Fed": "FAI",
    "Sex": "M",
    "Title": "",
    "WTit": "",
    "OTit": "",
    "Rating": "1737",
    "Gms": "0",
    "K": "40",
    "RatingMonth": "AUG25",
    "B-day": "1962",
    "Flag": "i"
  },
  {
    "ID Number": "7201001",
    "Name": "Thomsen, Jonfinn",
    "Fed": "FAI",
    "Sex": "M",
    "Title": "",
    "WTit": "",
    "OTit": "",
    "Rating": "1882",
    "Gms": "0",
    "K": "20",
    "RatingMonth": "AUG25",
    "B-day": "1959",
    "Flag": ""
  },
  {
    "ID Number": "7204027",
    "Name": "Thomsen, Poul",
    "Fed": "FAI",
    "Sex": "M",
    "Title": "",
    "WTit": "",
    "OTit": "",
    "Rating": "1572",
    "Gms": "0",
    "K": "40",
    "RatingMonth": "AUG25",
    "B-day": "2007",
    "Flag": "i"
  },
  {
    "ID Number": "7200030",
    "Name": "Thomsen, Torbjorn",
    "Fed": "FAI",
    "Sex": "M",
    "Title": "",
    "WTit": "",
    "OTit": "",
    "Rating": "2095",
    "Gms": "0",
    "K": "20",
    "RatingMonth": "AUG25",
    "B-day": "1961",
    "Flag": "i"
  },
  {
    "ID Number": "7204531",
    "Name": "Thorhauge, Kenneth",
    "Fed": "FAI",
    "Sex": "M",
    "Title": "",
    "WTit": "",
    "OTit": "",
    "Rating": "1705",
    "Gms": "0",
    "K": "40",
    "RatingMonth": "AUG25",
    "B-day": "1986",
    "Flag": "i"
  },
  {
    "ID Number": "7200641",
    "Name": "Thorsteinsson, Sjurdur",
    "Fed": "FAI",
    "Sex": "M",
    "Title": "",
    "WTit": "",
    "OTit": "",
    "Rating": "2152",
    "Gms": "0",
    "K": "20",
    "RatingMonth": "AUG25",
    "B-day": "1986",
    "Flag": ""
  },
  {
    "ID Number": "7202431",
    "Name": "Tummasarson, Flovin Matras",
    "Fed": "FAI",
    "Sex": "M",
    "Title": "",
    "WTit": "",
    "OTit": "",
    "Rating": "1903",
    "Gms": "9",
    "K": "20",
    "RatingMonth": "AUG25",
    "B-day": "2003",
    "Flag": ""
  },
  {
    "ID Number": "7201010",
    "Name": "Tuvuvolli, Jakup A av",
    "Fed": "FAI",
    "Sex": "M",
    "Title": "",
    "WTit": "",
    "OTit": "",
    "Rating": "1721",
    "Gms": "0",
    "K": "20",
    "RatingMonth": "AUG25",
    "B-day": "1948",
    "Flag": ""
  },
  {
    "ID Number": "7203829",
    "Name": "Tvorfoss, Benjamin",
    "Fed": "FAI",
    "Sex": "M",
    "Title": "",
    "WTit": "",
    "OTit": "",
    "Rating": "1497",
    "Gms": "0",
    "K": "40",
    "RatingMonth": "AUG25",
    "B-day": "2000",
    "Flag": ""
  },
  {
    "ID Number": "7200463",
    "Name": "Vang, Finnbjorn",
    "Fed": "FAI",
    "Sex": "M",
    "Title": "",
    "WTit": "",
    "OTit": "",
    "Rating": "1963",
    "Gms": "0",
    "K": "20",
    "RatingMonth": "AUG25",
    "B-day": "1978",
    "Flag": ""
  },
  {
    "ID Number": "7204990",
    "Name": "Vestergaard, Roi",
    "Fed": "FAI",
    "Sex": "M",
    "Title": "",
    "WTit": "",
    "OTit": "",
    "Rating": "1657",
    "Gms": "0",
    "K": "40",
    "RatingMonth": "AUG25",
    "B-day": "1989",
    "Flag": "i"
  },
  {
    "ID Number": "7201885",
    "Name": "Vormadal, Johan J.",
    "Fed": "FAI",
    "Sex": "M",
    "Title": "",
    "WTit": "",
    "OTit": "",
    "Rating": "1689",
    "Gms": "0",
    "K": "20",
    "RatingMonth": "AUG25",
    "B-day": "1970",
    "Flag": ""
  },
  {
    "ID Number": "7201036",
    "Name": "Vormadal, Runi",
    "Fed": "FAI",
    "Sex": "M",
    "Title": "",
    "WTit": "",
    "OTit": "",
    "Rating": "1807",
    "Gms": "0",
    "K": "40",
    "RatingMonth": "AUG25",
    "B-day": "1993",
    "Flag": "i"
  },
  {
    "ID Number": "7201982",
    "Name": "Weihe, Ragnar",
    "Fed": "FAI",
    "Sex": "M",
    "Title": "",
    "WTit": "",
    "OTit": "",
    "Rating": "1681",
    "Gms": "0",
    "K": "20",
    "RatingMonth": "AUG25",
    "B-day": "2001",
    "Flag": "i"
  },
  {
    "ID Number": "7201311",
    "Name": "Wiberg, Ingi",
    "Fed": "FAI",
    "Sex": "M",
    "Title": "",
    "WTit": "",
    "OTit": "",
    "Rating": "1899",
    "Gms": "0",
    "K": "20",
    "RatingMonth": "AUG25",
    "B-day": "1988",
    "Flag": ""
  },
  {
    "ID Number": "7204230",
    "Name": "Wiberg, Lukas Pall",
    "Fed": "FAI",
    "Sex": "M",
    "Title": "",
    "WTit": "",
    "OTit": "",
    "Rating": "1432",
    "Gms": "0",
    "K": "40",
    "RatingMonth": "AUG25",
    "B-day": "2010",
    "Flag": ""
  },
  {
    "ID Number": "7205309",
    "Name": "Xin, Andrew M.",
    "Fed": "FAI",
    "Sex": "M",
    "Title": "",
    "WTit": "",
    "OTit": "",
    "Rating": "1589",
    "Gms": "7",
    "K": "40",
    "RatingMonth": "AUG25",
    "B-day": "2016",
    "Flag": ""
  },
  {
    "ID Number": "7205295",
    "Name": "Xin, Lisa J.",
    "Fed": "FAI",
    "Sex": "F",
    "Title": "",
    "WTit": "",
    "OTit": "",
    "Rating": "1726",
    "Gms": "5",
    "K": "40",
    "RatingMonth": "AUG25",
    "B-day": "2014",
    "Flag": "w"
  },
  {
    "ID Number": "7288433",
    "Name": "Zachariassen, Finnbjorn",
    "Fed": "FAI",
    "Sex": "M",
    "Title": "",
    "WTit": "",
    "OTit": "",
    "Rating": "2114",
    "Gms": "0",
    "K": "40",
    "RatingMonth": "AUG25",
    "B-day": "1967",
    "Flag": ""
  },
  {
    "ID Number": "7200587",
    "Name": "Ziska, Andrias",
    "Fed": "FAI",
    "Sex": "M",
    "Title": "",
    "WTit": "",
    "OTit": "",
    "Rating": "1907",
    "Gms": "0",
    "K": "20",
    "RatingMonth": "AUG25",
    "B-day": "1949",
    "Flag": ""
  },
  {
    "ID Number": "7200161",
    "Name": "Ziska, Bogi",
    "Fed": "FAI",
    "Sex": "M",
    "Title": "",
    "WTit": "",
    "OTit": "",
    "Rating": "2148",
    "Gms": "0",
    "K": "20",
    "RatingMonth": "AUG25",
    "B-day": "1966",
    "Flag": ""
  },
  {
    "ID Number": "7200595",
    "Name": "Ziska, Helgi Dam",
    "Fed": "FAI",
    "Sex": "M",
    "Title": "GM",
    "WTit": "",
    "OTit": "",
    "Rating": "2543",
    "Gms": "0",
    "K": "10",
    "RatingMonth": "AUG25",
    "B-day": "1990",
    "Flag": ""
  }
]