[
  {
    "ID Number": "7204388"
  },
  {
    "ID Number": "7204434"
  },
  {
    "ID Number": "7200471"
  },
  {
    "ID Number": "7203721"
  },
  {
    "ID Number": "7200528"
  },
  {
    "ID Number": "7200110"
  },
  {
    "ID Number": "7201400"
  },
  {
    "ID Number": "7205376"
  },
  {
    "ID Number": "7201249"
  },
  {
    "ID Number": "7200102"
  },
  {
    "ID Number": "7202466"
  },
  {
    "ID Number": "7205805"
  },
  {
    "ID Number": "7200234"
  },
  {
    "ID Number": "7200544"
  },
  {
    "ID Number": "7205120"
  },
  {
    "ID Number": "7200668"
  },
  {
    "ID Number": "7200021"
  },
  {
    "ID Number": "7200420"
  },
  {
    "ID Number": "7206178"
  },
  {
    "ID Number": "7201990"
  },
  {
    "ID Number": "7203624"
  },
  {
    "ID Number": "7204906"
  },
  {
    "ID Number": "7203225"
  },
  {
    "ID Number": "1407694"
  },
  {
    "ID Number": "7200129"
  },
  {
    "ID Number": "7204655"
  },
  {
    "ID Number": "7200706"
  },
  {
    "ID Number": "7202946"
  },
  {
    "ID Number": "7200498"
  },
  {
    "ID Number": "7200790"
  },
  {
    "ID Number": "7201648"
  },
  {
    "ID Number": "7200803"
  },
  {
    "ID Number": "7201079"
  },
  {
    "ID Number": "7200145"
  },
  {
    "ID Number": "7201893"
  },
  {
    "ID Number": "7204760"
  },
  {
    "ID Number": "7205716"
  },
  {
    "ID Number": "7200285"
  },
  {
    "ID Number": "7202300"
  },
  {
    "ID Number": "7203233"
  },
  {
    "ID Number": "7204914"
  },
  {
    "ID Number": "7203098"
  },
  {
    "ID Number": "7201150"
  },
  {
    "ID Number": "7202091"
  },
  {
    "ID Number": "7203160"
  },
  {
    "ID Number": "7204396"
  },
  {
    "ID Number": "7200633"
  },
  {
    "ID Number": "7200749"
  },
  {
    "ID Number": "7201230"
  },
  {
    "ID Number": "7202318"
  },
  {
    "ID Number": "7202474"
  },
  {
    "ID Number": "1408283"
  },
  {
    "ID Number": "7200447"
  },
  {
    "ID Number": "7200501"
  },
  {
    "ID Number": "7204540"
  },
  {
    "ID Number": "7203683"
  },
  {
    "ID Number": "7201613"
  },
  {
    "ID Number": "7201443"
  },
  {
    "ID Number": "7204558"
  },
  {
    "ID Number": "7201451"
  },
  {
    "ID Number": "7202008"
  },
  {
    "ID Number": "7201095"
  },
  {
    "ID Number": "7201788"
  },
  {
    "ID Number": "7203578"
  },
  {
    "ID Number": "7203365"
  },
  {
    "ID Number": "7200510"
  },
  {
    "ID Number": "7200714"
  },
  {
    "ID Number": "7200153"
  },
  {
    "ID Number": "7200226"
  },
  {
    "ID Number": "7200820"
  },
  {
    "ID Number": "7206526"
  },
  {
    "ID Number": "7201265"
  },
  {
    "ID Number": "7203845"
  },
  {
    "ID Number": "7200765"
  },
  {
    "ID Number": "7204515"
  },
  {
    "ID Number": "7200838"
  },
  {
    "ID Number": "7205325"
  },
  {
    "ID Number": "7200269"
  },
  {
    "ID Number": "7200200"
  },
  {
    "ID Number": "7200048"
  },
  {
    "ID Number": "7200307"
  },
  {
    "ID Number": "7202792"
  },
  {
    "ID Number": "7201222"
  },
  {
    "ID Number": "7200862"
  },
  {
    "ID Number": "7203837"
  },
  {
    "ID Number": "7206020"
  },
  {
    "ID Number": "7200323"
  },
  {
    "ID Number": "7201478"
  },
  {
    "ID Number": "7204787"
  },
  {
    "ID Number": "7200552"
  },
  {
    "ID Number": "7200897"
  },
  {
    "ID Number": "7203241"
  },
  {
    "ID Number": "7201907"
  },
  {
    "ID Number": "7203195"
  },
  {
    "ID Number": "7205023"
  },
  {
    "ID Number": "7288514"
  },
  {
    "ID Number": "7205740"
  },
  {
    "ID Number": "7202938"
  },
  {
    "ID Number": "7204272"
  },
  {
    "ID Number": "7200340"
  },
  {
    "ID Number": "7288522"
  },
  {
    "ID Number": "7202989"
  },
  {
    "ID Number": "7202865"
  },
  {
    "ID Number": "7200358"
  },
  {
    "ID Number": "7204639"
  },
  {
    "ID Number": "7202890"
  },
  {
    "ID Number": "7200919"
  },
  {
    "ID Number": "7205287"
  },
  {
    "ID Number": "7204183"
  },
  {
    "ID Number": "7204191"
  },
  {
    "ID Number": "7202440"
  },
  {
    "ID Number": "7288530"
  },
  {
    "ID Number": "7201621"
  },
  {
    "ID Number": "7288549"
  },
  {
    "ID Number": "7201303"
  },
  {
    "ID Number": "7200676"
  },
  {
    "ID Number": "7203780"
  },
  {
    "ID Number": "7200366"
  },
  {
    "ID Number": "7288557"
  },
  {
    "ID Number": "7202814"
  },
  {
    "ID Number": "7200684"
  },
  {
    "ID Number": "7201915"
  },
  {
    "ID Number": "7203500"
  },
  {
    "ID Number": "7202059"
  },
  {
    "ID Number": "7200935"
  },
  {
    "ID Number": "7200374"
  },
  {
    "ID Number": "7202822"
  },
  {
    "ID Number": "7200382"
  },
  {
    "ID Number": "7204400"
  },
  {
    "ID Number": "7200560"
  },
  {
    "ID Number": "7204078"
  },
  {
    "ID Number": "7200943"
  },
  {
    "ID Number": "7205627"
  },
  {
    "ID Number": "7288425"
  },
  {
    "ID Number": "7288573"
  },
  {
    "ID Number": "7203586"
  },
  {
    "ID Number": "7205317"
  },
  {
    "ID Number": "7201320"
  },
  {
    "ID Number": "7200773"
  },
  {
    "ID Number": "7203250"
  },
  {
    "ID Number": "7203950"
  },
  {
    "ID Number": "7203420"
  },
  {
    "ID Number": "7203381"
  },
  {
    "ID Number": "7205112"
  },
  {
    "ID Number": "7201370"
  },
  {
    "ID Number": "7201559"
  },
  {
    "ID Number": "7205163"
  },
  {
    "ID Number": "7205678"
  },
  {
    "ID Number": "7203640"
  },
  {
    "ID Number": "7203292"
  },
  {
    "ID Number": "7205180"
  },
  {
    "ID Number": "7205198"
  },
  {
    "ID Number": "7201591"
  },
  {
    "ID Number": "7205929"
  },
  {
    "ID Number": "7205589"
  },
  {
    "ID Number": "7203802"
  },
  {
    "ID Number": "7202695"
  },
  {
    "ID Number": "7200188"
  },
  {
    "ID Number": "7200080"
  },
  {
    "ID Number": "7200722"
  },
  {
    "ID Number": "7202768"
  },
  {
    "ID Number": "7202709"
  },
  {
    "ID Number": "7203748"
  },
  {
    "ID Number": "7202563"
  },
  {
    "ID Number": "7200951"
  },
  {
    "ID Number": "7200390"
  },
  {
    "ID Number": "7202369"
  },
  {
    "ID Number": "7203390"
  },
  {
    "ID Number": "7200250"
  },
  {
    "ID Number": "7200579"
  },
  {
    "ID Number": "7202571"
  },
  {
    "ID Number": "7205503"
  },
  {
    "ID Number": "7202407"
  },
  {
    "ID Number": "7200404"
  },
  {
    "ID Number": "7202105"
  },
  {
    "ID Number": "7202776"
  },
  {
    "ID Number": "7202393"
  },
  {
    "ID Number": "7200242"
  },
  {
    "ID Number": "7200137"
  },
  {
    "ID Number": "7200218"
  },
  {
    "ID Number": "7200064"
  },
  {
    "ID Number": "7205767"
  },
  {
    "ID Number": "7201761"
  },
  {
    "ID Number": "7201206"
  },
  {
    "ID Number": "7205686"
  },
  {
    "ID Number": "7205783"
  },
  {
    "ID Number": "7201346"
  },
  {
    "ID Number": "7202490"
  },
  {
    "ID Number": "7204213"
  },
  {
    "ID Number": "7201770"
  },
  {
    "ID Number": "7204981"
  },
  {
    "ID Number": "7200536"
  },
  {
    "ID Number": "7201125"
  },
  {
    "ID Number": "7200650"
  },
  {
    "ID Number": "7202458"
  },
  {
    "ID Number": "7202725"
  },
  {
    "ID Number": "7200730"
  },
  {
    "ID Number": "7202504"
  },
  {
    "ID Number": "7201630"
  },
  {
    "ID Number": "7203446"
  },
  {
    "ID Number": "7202687"
  },
  {
    "ID Number": "7202342"
  },
  {
    "ID Number": "7202741"
  },
  {
    "ID Number": "7200293"
  },
  {
    "ID Number": "7202075"
  },
  {
    "ID Number": "7200315"
  },
  {
    "ID Number": "7201354"
  },
  {
    "ID Number": "7201362"
  },
  {
    "ID Number": "7203632"
  },
  {
    "ID Number": "7200170"
  },
  {
    "ID Number": "7200072"
  },
  {
    "ID Number": "7202539"
  },
  {
    "ID Number": "7203756"
  },
  {
    "ID Number": "7200013"
  },
  {
    "ID Number": "7203616"
  },
  {
    "ID Number": "7200277"
  },
  {
    "ID Number": "7204353"
  },
  {
    "ID Number": "7200439"
  },
  {
    "ID Number": "7205791"
  },
  {
    "ID Number": "7200196"
  },
  {
    "ID Number": "7202750"
  },
  {
    "ID Number": "7201575"
  },
  {
    "ID Number": "7201583"
  },
  {
    "ID Number": "7201869"
  },
  {
    "ID Number": "7204426"
  },
  {
    "ID Number": "7203764"
  },
  {
    "ID Number": "7204124"
  },
  {
    "ID Number": "7200480"
  },
  {
    "ID Number": "7203594"
  },
  {
    "ID Number": "7200986"
  },
  {
    "ID Number": "7203071"
  },
  {
    "ID Number": "7200099"
  },
  {
    "ID Number": "7203705"
  },
  {
    "ID Number": "7201001"
  },
  {
    "ID Number": "7204027"
  },
  {
    "ID Number": "7200030"
  },
  {
    "ID Number": "7204531"
  },
  {
    "ID Number": "7200641"
  },
  {
    "ID Number": "7202431"
  },
  {
    "ID Number": "7201010"
  },
  {
    "ID Number": "7203829"
  },
  {
    "ID Number": "7200463"
  },
  {
    "ID Number": "7204990"
  },
  {
    "ID Number": "7201885"
  },
  {
    "ID Number": "7201036"
  },
  {
    "ID Number": "7201982"
  },
  {
    "ID Number": "7201311"
  },
  {
    "ID Number": "7204230"
  },
  {
    "ID Number": "7205309"
  },
  {
    "ID Number": "7205295"
  },
  {
    "ID Number": "7288433"
  },
  {
    "ID Number": "7200587"
  },
  {
    "ID Number": "7200161"
  },
  {
    "ID Number": "7200595"
  }
]