ID Number,Name,Fed,Sex,Title,WTit,OTit,FOA,Rating,Gms,K,B-day,Flag
5603170,"Abbruscato, Salvatore",MLT,M,,,,1585,AUG25,0,20,1982,i
5605571,"Abdilla Castillo, Matthias",MLT,M,,,,1570,AUG25,1,40,2005,
5603749,"Abela, Andrea",MLT,M,,,,1692,AUG25,0,40,1998,i
5600251,"Abela, Daniel",MLT,M,CM,,,2082,AUG25,0,20,1984,i
5604940,"Abela, Jamie",MLT,M,,,,1413,AUG25,0,40,2010,i
5604834,"Ahmad Costa, Miguel",MLT,M,,,,1507,AUG25,0,40,2010,
5601509,"Alexa, Oviudu",MLT,M,,,,1758,AUG25,0,40,1969,i
5601134,"Ancilleri, Lawrence",MLT,M,,,,1578,AUG25,0,20,0,i
399104992,"Aquilina, Darrell",MLT,M,,,,1550,AUG25,0,40,1992,i
5604427,"Aquilina, Elias",MLT,M,,,,1689,AUG25,0,40,2010,
5602998,"Aquilina, Louis",MLT,M,,,,1740,AUG25,0,20,1964,i
5601410,"Aquilina, Sean",MLT,M,,,,1817,AUG25,0,20,0,i
5602602,"Attard Compagno, Kevin",MLT,M,,,,1602,AUG25,0,20,1971,i
5600383,"Attard, Ivan",MLT,M,,,,1797,AUG25,0,20,1963,i
26042380,"Attard, Leopold",MLT,M,,,,2114,AUG25,0,20,2001,i
5600766,"Attard, Stephen",MLT,M,,,,1440,AUG25,0,20,1963,i
5601703,"Axiaq, Ariana",MLT,F,,,,1597,AUG25,0,20,2001,wi
5600642,"Axiaq, Justin",MLT,M,,,,1758,AUG25,0,40,1983,i
5604346,"Azzopardi Frantz, Jonathan",MLT,M,,,,1609,AUG25,0,40,1983,i
5601142,"Azzopardi, Alfred",MLT,M,,,,1691,AUG25,0,20,0,i
5600138,"Azzopardi, Ray",MLT,M,,,,1671,AUG25,0,20,1961,
5601894,"Baker, John",MLT,M,,,,1766,AUG25,2,20,1948,
5601096,"Baldacchino, Joe",MLT,M,,,,1797,AUG25,0,20,0,i
5604664,"Bax, Randy",MLT,M,,,,1591,AUG25,0,40,1997,i
5601827,"Bednarz, Karol",MLT,M,,,,1783,AUG25,0,40,1985,i
5603323,"Berba, Ricky",MLT,M,,,,1756,AUG25,0,40,1985,i
5600740,"Beulertz, Stefan",MLT,M,,,,1952,AUG25,0,20,0,
5601967,"Bezzina Maltseva, Irina",MLT,F,,,,1647,AUG25,0,20,1972,wi
5602238,"Bilunov, Ignat",MLT,M,,,,1575,AUG25,0,40,2004,i
5602220,"Bilunov, Ivan",MLT,M,,,,1628,AUG25,0,40,2002,i
5602920,"Bonnici, Kyle",MLT,M,,,,1644,AUG25,0,20,1992,i
5605784,"Borda, Matthias",MLT,M,,,,1614,AUG25,2,40,2012,
5603870,"Borg Mercieca, Elena",MLT,F,,,,1481,AUG25,0,40,2015,w
5605490,"Borg Mercieca, George",MLT,M,,,,1464,AUG25,0,40,2017,
5600065,"Borg, Andrew",MLT,M,FM,FI,,2093,AUG25,0,20,1962,i
5600014,"Borg, Geoffrey",MLT,M,FM,FST,,2367,AUG25,0,20,1963,i
5605709,"Borg, Nikol",MLT,M,,,,1467,AUG25,1,40,2017,
5604737,"Briffa, Zachary",MLT,M,,,,1454,AUG25,5,40,2011,
5601487,"Buckle, Adam",MLT,M,,,,1705,AUG25,4,20,2000,
5601711,"Buhagiar, Luke",MLT,M,,,,1746,AUG25,0,40,1993,i
5603498,"Cachia, Andrew",MLT,M,,,,1698,AUG25,0,40,2000,i
5605733,"Calleja Falzon, Benjamin",MLT,M,,,,1535,AUG25,1,40,2012,
5602890,"Calleja Urry, Martin",MLT,M,,,,1539,AUG25,0,40,1990,i
5602769,"Calleja Urry, Nick",MLT,M,,,,1501,AUG25,0,40,2011,
5605792,"Callus, Matthew",MLT,M,,,,1451,AUG25,1,40,2012,
5602882,"Camilleri, Hans",MLT,M,,,,1627,AUG25,0,40,1975,i
5601657,"Camilleri, Marcel",MLT,M,,,,1582,AUG25,0,20,1951,
5605695,"Camilleri, Shamison",MLT,M,,,,1477,AUG25,0,40,2002,
5600162,"Camilleri, Stephan J.",MLT,M,CM,,,2094,AUG25,0,20,1968,i
5602262,"Camilleri, Tony Ray",MLT,M,,,,1664,AUG25,0,20,1994,i
5601886,"Camilleri, Walter",MLT,M,,,,1549,AUG25,0,20,1933,i
5600286,"Cardona, Mark",MLT,M,,,,1993,AUG25,0,20,1990,i
5600502,"Caruana Pulpan, Oana",MLT,F,WFM,WFM,FI,1931,AUG25,2,20,1978,w
5600570,"Caruana, George",MLT,M,,,,1803,AUG25,0,20,0,i
5602297,"Caruana, Samuel",MLT,M,,,,1503,AUG25,0,40,1996,i
5600227,"Cassar, Horace",MLT,M,,,,1967,AUG25,0,40,0,i
5603897,"Cassar, Kyle",MLT,M,,,,1424,AUG25,0,40,2009,i
5602017,"Cassar, Xylon",MLT,M,,,,1590,AUG25,0,40,1986,i
5604320,"Cassell, Paul",MLT,M,,,,1552,AUG25,0,40,1982,i
5606217,"Catania, Francesco",MLT,M,,,,1749,AUG25,5,40,2013,
5602351,"Catania, Jake",MLT,M,,,,1503,AUG25,0,40,2004,i
5604133,"Cauchi, Noah",MLT,M,,,,1760,AUG25,0,40,2008,i
5602025,"Chircop, Raymond",MLT,M,,,,1771,AUG25,0,20,1957,i
5600197,"Cilia Vincenti, David",MLT,M,CM,,,1994,AUG25,0,20,1977,
5600073,"Cilia Vincenti, Victor",MLT,M,CM,,,2191,AUG25,0,40,1948,i
5601673,"Conti, Christian",MLT,M,,,,1521,AUG25,0,40,2003,i
5600987,"Conti, Matthew",MLT,M,,,,1722,AUG25,0,20,1999,i
5605903,"Cordina, Aaron",MLT,M,,,,1732,AUG25,0,40,1994,
5600316,"Cuschieri, Michael",MLT,M,,,,1586,AUG25,0,20,1949,i
5604184,"Cutajar Lofaro, Manuel",MLT,M,,,,1421,AUG25,0,40,2011,i
444251,"Dahl, Baard",MLT,M,,,,2100,AUG25,2,20,1970,
5602831,"Dalli, Jake",MLT,M,,,,1582,AUG25,0,40,1992,i
912859,"Damnjanovic, Radovan",MLT,M,FM,,,2214,AUG25,0,20,1967,i
5601061,"Darmanin, Jake",MLT,M,CM,,,2052,AUG25,0,20,1994,
5602033,"Demanuele, Alfred",MLT,M,,,,1879,AUG25,0,20,1930,i
5603587,"Demanuele, Christian",MLT,M,,,,1698,AUG25,0,40,1994,i
5605156,"Demicoli, Jack",MLT,M,,,,1452,AUG25,0,40,2013,
914207,"Djokic, Dusan",MLT,M,,DI,,1869,AUG25,0,20,1996,i
5603684,"Djokic, Zoran",MLT,M,,,,1597,AUG25,0,40,1990,i
5603862,"Dobbin, Andrei",MLT,M,,,,1752,AUG25,0,20,2005,
5603390,"Dobrzanski, Tomasz",MLT,M,,,,1680,AUG25,0,40,1988,i
5602904,"Edouard, Antoine",MLT,M,,,,1668,AUG25,0,40,1989,i
5603838,"Falzon, Alexander",MLT,M,,,,1469,AUG25,0,40,2015,
5605008,"Falzon, Thomas",MLT,M,,,,1612,AUG25,0,40,2009,i
5605822,"Fan, Jiading",MLT,M,,,,1541,AUG25,0,40,2014,
2894942,"Farah, Alberto",MLT,M,,,,1886,AUG25,0,20,1985,
5601100,"Farrugia, Alex",MLT,M,,,,1694,AUG25,0,20,1967,
5600626,"Farrugia, Chris",MLT,M,,,,1869,AUG25,0,40,1990,i
5600707,"Farrugia, Eliot",MLT,M,,,,ACM,AUG25,1666,0,1988,i
5600898,"Farrugia, Jamie",MLT,F,WFM,WFM,,1718,AUG25,0,20,1999,w
5601258,"Farrugia, Michael",MLT,M,,,,1509,AUG25,0,40,0,i
5600472,"Farrugia, Stephen",MLT,M,,,,1930,AUG25,0,40,0,i
5604672,"Fenech Farrugia, Joseph",MLT,M,,,,1554,AUG25,0,40,2000,i
5602076,"Filipovic, Damjan",MLT,M,,,,1760,AUG25,0,20,2003,i
5601533,"Fisher, Dominic",MLT,M,,,,1834,AUG25,0,40,1974,i
5602173,"Fleri, Luke",MLT,M,,,,1743,AUG25,0,40,2007,i
5602530,"Fleri, Mark",MLT,M,,"DI,NI,SI",,1522,AUG25,0,20,1975,i
5602165,"Fleri, Matthew",MLT,M,,,,1886,AUG25,0,40,2007,i
5602955,"Gaffarena, Marco",MLT,M,,,,1539,AUG25,0,40,1982,i
5600758,"Gatt, Joseph",MLT,M,,,,1658,AUG25,0,20,1970,
5601452,"Gatt, Matthias",MLT,M,,NI,,1845,AUG25,2,20,2003,
5601819,"Gatt, Simon-Peter",MLT,M,,,,1671,AUG25,0,20,1990,i
5602777,"Gauci, Andre",MLT,M,,,,1555,AUG25,0,40,2010,
5600715,"Gauci, David",MLT,M,,,,ACM,AUG25,1445,0,1976,
5604680,"Gauci, Gabriel",MLT,M,,,,1563,AUG25,1,40,2011,
5600278,"Gauci, Joseph",MLT,M,CM,,,2139,AUG25,0,20,1959,i
5603315,"Ghitza, Elena",MLT,F,,SI,,ACM,AUG25,1835,6,1980,w
5600308,"Graf, Hans Peter",MLT,M,,,,1962,AUG25,0,40,1949,i
5603773,"Grech, Gabriel",MLT,M,,,,1552,AUG25,0,40,2009,
5600090,"Grech, Joseph",MLT,M,CM,,,2045,AUG25,0,40,1963,
5605563,"Grech, Marco",MLT,M,,,,1691,AUG25,0,40,1986,
5601762,"Grech, Matthew",MLT,M,,,,1708,AUG25,0,20,1990,i
5600693,"Grech, Michael",MLT,M,,,,1451,AUG25,0,20,0,
5604087,"Grima Bongailas, Isaac",MLT,M,,,,ACM,AUG25,1813,5,2010,
5600855,"Grima, Jurgen",MLT,M,,,,1612,AUG25,0,40,0,i
14906546,"Grima, Karolina",MLT,F,,,,2013,AUG25,0,20,1984,wi
5600588,"Grima, Noel",MLT,M,,"FI,IA",,1632,AUG25,0,40,1986,i
5604311,"Gusarov, Mark Mikhail",MLT,M,,,,1549,AUG25,0,40,2011,
5603650,"Haber, Mario",MLT,M,,,,1622,AUG25,0,40,1970,i
5602491,"Hagberg, Carl-Johan",MLT,M,,,,1677,AUG25,0,40,1981,i
5601681,"Hanselmann, Jurgen",MLT,M,,,,1966,AUG25,0,20,1963,i
5602068,"Hawk, William",MLT,M,,,,1621,AUG25,0,40,1996,i
5601380,"Herd, Samuel",MLT,M,,,,1675,AUG25,0,20,0,i
5600596,"Ibrahim, Ayman",MLT,M,,,,1695,AUG25,0,20,1966,
5602319,"Ihebulu, Jacob",MLT,M,,,,1413,AUG25,0,40,2005,i
5601720,"Jackson, Thomas",MLT,M,,,,1578,AUG25,0,40,1984,i
5602971,"Jancic, Nikola",MLT,M,,,,1611,AUG25,0,40,2002,i
5602360,"Jorgensen, Kristian Sylvest",MLT,M,,,,1735,AUG25,0,20,1973,i
5600421,"Jovanovic, Misa",MLT,M,,,,1816,AUG25,0,40,0,i
5604362,"Kang Di Benedetto, Leonardo Nils",MLT,M,,,,1592,AUG25,0,40,2010,
5602440,"Kondo, Haruaki",MLT,M,,,,1511,AUG25,0,40,2009,i
5602432,"Kondo, Yoshiyuki",MLT,M,,,,1490,AUG25,0,40,2006,i
783846,"Kosik, Vince",MLT,M,,,,1945,AUG25,14,40,2007,
5601541,"Lacaba Jr., Vincent",MLT,M,,,,1840,AUG25,0,20,1986,i
5600022,"Lauri, Joseph",MLT,M,CM,,,2068,AUG25,0,20,1955,i
5601746,"Licari, Claude",MLT,M,,,,1669,AUG25,0,20,1979,
5604982,"Lin, Ziyang",MLT,M,,,,1697,AUG25,5,40,2009,
5603072,"Lipskyi, Stanislav",MLT,M,,,,1454,AUG25,0,40,2007,i
5602386,"Lombard, Olivier",MLT,M,,,,1920,AUG25,0,20,1985,i
55607900,"Lukin, Vladimir",MLT,M,,,,1890,AUG25,2,40,1978,
5602475,"Malazarte, Maire Bernafe",MLT,F,,,,1480,AUG25,0,40,1986,wi
5602459,"Mallia Milanes, Mario",MLT,M,,,,1530,AUG25,1,40,1964,
5603463,"Mamo, Albert",MLT,M,,,,1595,AUG25,0,20,1945,
5601797,"Marinkovic, Milan",MLT,M,,,,1801,AUG25,0,20,1975,i
5603250,"Masmaliyev, Vahid",MLT,M,,,,1750,AUG25,0,20,1992,i
5605652,"McKellar, John",MLT,M,,,,1606,AUG25,6,20,1959,
5603285,"Miani, Adriano",MLT,M,,,,1427,AUG25,0,40,2010,i
5603005,"Micallef, Jacob Leigh",MLT,M,,,,1541,AUG25,0,40,2008,i
5605032,"Miceli-Farrugia, Ella",MLT,F,,,,1598,AUG25,1,20,1998,w
5600111,"Mifsud, Timothy",MLT,M,CM,,,2135,AUG25,0,20,1979,
5603722,"Milosevic, Branko",MLT,M,,,,1636,AUG25,0,40,1971,i
5602653,"Mizzi, Adrian",MLT,M,,,,1512,AUG25,0,40,1974,i
5602521,"Mizzi, Jack",MLT,M,CM,,,2129,AUG25,9,20,2006,
5600294,"Mizzi, Paul",MLT,M,,,,1955,AUG25,0,20,1960,i
5601878,"Mizzi, Steve",MLT,M,,,,1815,AUG25,0,20,2000,
5604168,"Momigliano, Nathan",MLT,M,,,,1523,AUG25,0,40,0,
5601568,"Muscat, Charles",MLT,M,,,,1641,AUG25,0,20,1950,i
5604540,"Muthukumar, Krishnan",MLT,M,,,,1764,AUG25,0,40,1975,
5600723,"Naumann, Jutta",MLT,F,,,,1663,AUG25,0,20,1949,wi
5601576,"Nettey, Kelen",MLT,M,,,,1525,AUG25,0,40,0,i
727067,"Novak, Attila Robert",MLT,M,CM,"SI,NA",,2144,AUG25,5,20,1984,
5600189,"Pace, Colin",MLT,M,CM,FI,,2163,AUG25,2,20,1979,
5605555,"Padron Gonzalez, Alexander Ariel",MLT,M,,,,1608,AUG25,0,40,1991,
6363318,"Pala, Onurcan",MLT,M,,,,1936,AUG25,2,20,1991,
5602327,"Pantovic, Ema Sintayu",MLT,F,,,,1512,AUG25,0,20,2004,wi
5602556,"Paris, Kieran",MLT,M,,,,1578,AUG25,0,40,2004,i
5602211,"Park, Young Ki",MLT,M,,,,1464,AUG25,0,40,2003,i
5600790,"Pascua, Philmore Gatchalian",MLT,M,,,,1776,AUG25,0,40,1978,i
5605059,"Pellicano, Joseph",MLT,M,,,,1562,AUG25,0,40,1976,
5603234,"Perfetto, Antonio",MLT,M,,,,1455,AUG25,0,40,1993,i
5600235,"Petterson, John",MLT,M,,,,1837,AUG25,0,20,1932,i
5601851,"Portelli, Martina",MLT,F,WCM,WCM,,1585,AUG25,0,20,2000,w
5604931,"Portelli, Matthew",MLT,M,,,,2101,AUG25,7,40,2011,
5601606,"Portelli, Timothy",MLT,M,,,,1717,AUG25,0,40,2000,i
5603269,"Priestley, Joseph",MLT,M,,,,1635,AUG25,0,40,1950,i
5600359,"Psaila, Clarence",MLT,M,FM,FA,,2038,AUG25,0,20,1984,
5600731,"Psaila, Mario",MLT,M,,,,ACM,AUG25,1838,4,1956,
5602130,"Psaila, Ocean",MLT,M,,,,1627,AUG25,0,40,2007,
5600804,"Psaila, Uranchimeg",MLT,F,WCM,WCM,NA,1575,AUG25,0,20,1978,w
5601428,"Psaila,Emanuel",MLT,M,,,,1447,AUG25,0,20,1955,i
5600901,"Pullicino, Christian",MLT,M,,,,1800,AUG25,0,40,0,i
5601118,"Refalo, Ian",MLT,M,,,,1724,AUG25,0,20,1965,
5605164,"Refalo, John",MLT,M,,,,1729,AUG25,5,40,2013,
5604109,"Reyansh, Keshav",MLT,M,,,,1723,AUG25,1,40,2015,
5600030,"Richards, John",MLT,M,,,,1783,AUG25,2,20,1966,
5604079,"Ristivojevic, Miroslav",MLT,M,,,,1580,AUG25,0,40,1978,
5603242,"Russo, Alberto",MLT,M,,,,1501,AUG25,0,40,1979,i
5602513,"Sablovskis, Linas",MLT,M,,,,1542,AUG25,0,40,1987,i
5603803,"Sacco, Isaac",MLT,M,,,,1515,AUG25,0,40,2010,
5600413,"Sacco, Sam",MLT,M,,,,1839,AUG25,0,20,1988,
5600405,"Said, Oliver",MLT,M,,,,1967,AUG25,0,20,1985,i
5601290,"Saliba, Karl",MLT,M,,,,1810,AUG25,0,20,1987,
5600480,"Saliba, Luke",MLT,M,,,,1806,AUG25,0,20,1992,
5600499,"Saliba, Matthew",MLT,M,,,,1854,AUG25,0,20,0,i
5600200,"Sammut Briffa, Peter",MLT,M,CM,FI,,1889,AUG25,2,20,1964,
5602246,"Sammut, John",MLT,M,,,,1590,AUG25,0,20,1967,i
5600260,"Sammut, Ron",MLT,M,CM,,,1608,AUG25,4,20,1951,
5601622,"Sapiecha, Michael",MLT,M,,,,1741,AUG25,0,40,1953,i
5601215,"Schembri, Christian",MLT,M,,,,1650,AUG25,0,40,0,i
5603382,"Schembri, Mathias",MLT,M,,,,1476,AUG25,0,40,2003,i
5600103,"Sciortino, Marilyn",MLT,F,WCM,WCM,,1897,AUG25,0,40,1960,wi
5604214,"Selander, Mikael",MLT,M,,,,1588,AUG25,0,40,1991,i
5604702,"Sigona, Raffaele",MLT,M,,,,1544,AUG25,0,40,2006,
5603714,"Simic, Dragan",MLT,M,,,,1621,AUG25,0,40,1987,i
1400541,"Sorensen, Torben",MLT,M,IM,,,2225,AUG25,10,10,1963,
5605369,"Spiteri, Julian",MLT,M,,,,1479,AUG25,0,40,2013,
5604850,"Spiteri, Samuel",MLT,M,,,,1474,AUG25,1,40,2013,
5602254,"Stagno, Matteo",MLT,M,,,,1848,AUG25,0,20,2005,i
5602289,"Stagno, Milena",MLT,F,WCM,WCM,,1770,AUG25,0,20,2006,w
5603668,"Stavnjak, Stefan",MLT,M,,,,1681,AUG25,0,40,1988,i
5600391,"Stefanovic, Bora",MLT,M,,,,1865,AUG25,0,20,0,i
5602084,"Stevanovic, Davorin",MLT,M,,,,1772,AUG25,0,40,1981,i
919969,"Stevanovic, Nenad",MLT,M,,,,1809,AUG25,0,40,1980,i
5601924,"Stigter, Jan Wouter",MLT,M,,,,1567,AUG25,0,40,1959,i
5604478,"Strojek, Lars",MLT,M,,,,1581,AUG25,1,40,2010,
5602947,"Thake, Conrad",MLT,M,CM,,,1873,AUG25,0,20,1963,
5602599,"Thomas, David",MLT,M,,,,1657,AUG25,0,40,2002,i
5600464,"Thornton, Filipina",MLT,F,WFM,WFM,"FI,NA",1715,AUG25,0,20,1977,w
5600219,"Toledo, Peter",MLT,M,,,,2300,AUG25,0,40,0,i
5400120,"Unger, Manfred",MLT,M,,,,2099,AUG25,0,20,1963,i
5602670,"Vassallo, Andrea Karl",MLT,M,,,,1452,AUG25,0,40,1999,i
5601932,Vella Jeremy,MLT,M,,,,1564,AUG25,0,40,2003,i
5603544,"Vella, Beppe",MLT,M,,,,1698,AUG25,0,40,1988,i
5600081,"Vella, Brian",MLT,M,,,,2205,AUG25,0,20,1968,i
5600243,"Vella, Duncan",MLT,M,CM,"FI,SI,IA",,1926,AUG25,0,20,1971,
5600910,"Vella, Joe",MLT,M,,,,1806,AUG25,0,40,0,i
5603560,"Vella, Timothy",MLT,M,,,,1780,AUG25,0,40,2003,i
5604613,"Vella, Wayne",MLT,M,,,,1404,AUG25,0,40,2011,
503070,"Verkasalo, Tommi",MLT,M,FM,,,2167,AUG25,0,20,1982,
5602181,"Wang, Dongyu",MLT,M,,,,1609,AUG25,0,40,2004,i
5603196,"Wang, Liwei",MLT,M,,,,1423,AUG25,0,40,1975,i
5604281,"Wang, Yunlong",MLT,F,,,,1546,AUG25,0,40,2012,w
5600545,"Xuereb, Andre",MLT,M,,,,1848,AUG25,0,20,1991,i
5600600,"Yoro, Noel",MLT,M,,,,2110,AUG25,0,40,1980,i
5603471,"Zammit, Jacob",MLT,M,,,,1788,AUG25,0,20,2004,
5603080,"Zangrilli, Leonardo",MLT,M,,,,1653,AUG25,0,40,2010,
5604176,"Zarkua, Bitchiko",MLT,M,,,,1681,AUG25,0,40,1989,i
5600375,"Zerafa, Patrick",MLT,M,FM,,,2004,AUG25,0,20,1988,
5600618,"Zerafa, Robert",MLT,M,CM,,,2088,AUG25,0,20,1989,