[
  {
    "ID Number": "15400352",
    "Name": "Ip, Seng Tou",
    "Fed": "MAC",
    "Sex": "M",
    "Title": "",
    "WTit": "",
    "OTit": "",
    "FOA": "1765",
    "Rating": "AUG25",
    "Gms": "0",
    "K": "20",
    "B-day": "2000",
    "Flag": "i"
  },
  {
    "ID Number": "15400611",
    "Name": "Ip, Weng Tou",
    "Fed": "MAC",
    "Sex": "M",
    "Title": "",
    "WTit": "",
    "OTit": "",
    "FOA": "1589",
    "Rating": "AUG25",
    "Gms": "0",
    "K": "40",
    "B-day": "2006",
    "Flag": "i"
  },
  {
    "ID Number": "15400492",
    "Name": "Kou Seong Kei",
    "Fed": "MAC",
    "Sex": "M",
    "Title": "",
    "WTit": "",
    "OTit": "",
    "FOA": "1615",
    "Rating": "AUG25",
    "Gms": "0",
    "K": "20",
    "B-day": "2002",
    "Flag": "i"
  },
  {
    "ID Number": "15400735",
    "Name": "Lei, Ka Chon",
    "Fed": "MAC",
    "Sex": "M",
    "Title": "",
    "WTit": "",
    "OTit": "",
    "FOA": "1724",
    "Rating": "AUG25",
    "Gms": "0",
    "K": "20",
    "B-day": "1999",
    "Flag": "i"
  },
  {
    "ID Number": "15400883",
    "Name": "Li Yi Ming",
    "Fed": "MAC",
    "Sex": "M",
    "Title": "",
    "WTit": "",
    "OTit": "",
    "FOA": "1579",
    "Rating": "AUG25",
    "Gms": "6",
    "K": "40",
    "B-day": "2009",
    "Flag": ""
  },
  {
    "ID Number": "15400484",
    "Name": "Li, Chin Chon",
    "Fed": "MAC",
    "Sex": "M",
    "Title": "",
    "WTit": "",
    "OTit": "",
    "FOA": "1708",
    "Rating": "AUG25",
    "Gms": "0",
    "K": "20",
    "B-day": "2004",
    "Flag": "i"
  },
  {
    "ID Number": "15400310",
    "Name": "Li, Hui",
    "Fed": "MAC",
    "Sex": "M",
    "Title": "CM",
    "WTit": "",
    "OTit": "",
    "FOA": "2025",
    "Rating": "AUG25",
    "Gms": "14",
    "K": "20",
    "B-day": "1993",
    "Flag": ""
  },
  {
    "ID Number": "15400719",
    "Name": "Wang Xin",
    "Fed": "MAC",
    "Sex": "M",
    "Title": "",
    "WTit": "",
    "OTit": "",
    "FOA": "1616",
    "Rating": "AUG25",
    "Gms": "5",
    "K": "40",
    "B-day": "2007",
    "Flag": ""
  },
  {
    "ID Number": "15400379",
    "Name": "Wong, Kit",
    "Fed": "MAC",
    "Sex": "F",
    "Title": "",
    "WTit": "",
    "OTit": "",
    "FOA": "1749",
    "Rating": "AUG25",
    "Gms": "0",
    "K": "20",
    "B-day": "2000",
    "Flag": "wi"
  },
  {
    "ID Number": "15400360",
    "Name": "Xu, Haoen",
    "Fed": "MAC",
    "Sex": "M",
    "Title": "",
    "WTit": "",
    "OTit": "",
    "FOA": "1710",
    "Rating": "AUG25",
    "Gms": "0",
    "K": "20",
    "B-day": "2001",
    "Flag": "i"
  },
  {
    "ID Number": "15400786",
    "Name": "Zhou, Cheng Fei",
    "Fed": "MAC",
    "Sex": "F",
    "Title": "WCM",
    "WTit": "WCM",
    "OTit": "",
    "FOA": "1522",
    "Rating": "AUG25",
    "Gms": "0",
    "K": "40",
    "B-day": "2008",
    "Flag": "wi"
  }
]