[
  {
    "ID Number": "7109229"
  },
  {
    "ID Number": "7128193"
  },
  {
    "ID Number": "7116004"
  },
  {
    "ID Number": "7119453"
  },
  {
    "ID Number": "7132085"
  },
  {
    "ID Number": "7126620"
  },
  {
    "ID Number": "7127685"
  },
  {
    "ID Number": "7131216"
  },
  {
    "ID Number": "7131518"
  },
  {
    "ID Number": "7106246"
  },
  {
    "ID Number": "7108109"
  },
  {
    "ID Number": "7126069"
  },
  {
    "ID Number": "7106297"
  },
  {
    "ID Number": "7115709"
  },
  {
    "ID Number": "7124368"
  },
  {
    "ID Number": "7104294"
  },
  {
    "ID Number": "7100639"
  },
  {
    "ID Number": "7127537"
  },
  {
    "ID Number": "7133065"
  },
  {
    "ID Number": "7108834"
  },
  {
    "ID Number": "7103743"
  },
  {
    "ID Number": "7117477"
  },
  {
    "ID Number": "7113277"
  },
  {
    "ID Number": "7102585"
  },
  {
    "ID Number": "7123116"
  },
  {
    "ID Number": "7141068"
  },
  {
    "ID Number": "7123043"
  },
  {
    "ID Number": "7103255"
  },
  {
    "ID Number": "7102895"
  },
  {
    "ID Number": "7131429"
  },
  {
    "ID Number": "7105436"
  },
  {
    "ID Number": "7102267"
  },
  {
    "ID Number": "7123485"
  },
  {
    "ID Number": "7140509"
  },
  {
    "ID Number": "7106041"
  },
  {
    "ID Number": "7117744"
  },
  {
    "ID Number": "7109792"
  },
  {
    "ID Number": "7139365"
  },
  {
    "ID Number": "7100663"
  },
  {
    "ID Number": "7131658"
  },
  {
    "ID Number": "7134894"
  },
  {
    "ID Number": "7141033"
  },
  {
    "ID Number": "7130830"
  },
  {
    "ID Number": "7101570"
  },
  {
    "ID Number": "7120885"
  },
  {
    "ID Number": "7125747"
  },
  {
    "ID Number": "7102011"
  },
  {
    "ID Number": "7124619"
  },
  {
    "ID Number": "7134878"
  },
  {
    "ID Number": "7130180"
  },
  {
    "ID Number": "7130066"
  },
  {
    "ID Number": "7126972"
  },
  {
    "ID Number": "7122209"
  },
  {
    "ID Number": "7106203"
  },
  {
    "ID Number": "7140908"
  },
  {
    "ID Number": "7133510"
  },
  {
    "ID Number": "7100094"
  },
  {
    "ID Number": "7139144"
  },
  {
    "ID Number": "7123957"
  },
  {
    "ID Number": "7131909"
  },
  {
    "ID Number": "7130414"
  },
  {
    "ID Number": "7105355"
  },
  {
    "ID Number": "7140983"
  },
  {
    "ID Number": "7108036"
  },
  {
    "ID Number": "7106955"
  },
  {
    "ID Number": "7103000"
  },
  {
    "ID Number": "7126786"
  },
  {
    "ID Number": "7124252"
  },
  {
    "ID Number": "7118082"
  },
  {
    "ID Number": "7106068"
  },
  {
    "ID Number": "7130341"
  },
  {
    "ID Number": "7103441"
  },
  {
    "ID Number": "7141017"
  },
  {
    "ID Number": "7120680"
  },
  {
    "ID Number": "7139934"
  },
  {
    "ID Number": "7101880"
  },
  {
    "ID Number": "7101244"
  },
  {
    "ID Number": "7138113"
  },
  {
    "ID Number": "7101554"
  },
  {
    "ID Number": "7135882"
  },
  {
    "ID Number": "7124660"
  },
  {
    "ID Number": "7113404"
  },
  {
    "ID Number": "7110340"
  },
  {
    "ID Number": "7104324"
  },
  {
    "ID Number": "7130333"
  },
  {
    "ID Number": "7135220"
  },
  {
    "ID Number": "7117310"
  },
  {
    "ID Number": "7117779"
  },
  {
    "ID Number": "7137800"
  },
  {
    "ID Number": "7133995"
  },
  {
    "ID Number": "7108672"
  },
  {
    "ID Number": "7105053"
  },
  {
    "ID Number": "7105525"
  },
  {
    "ID Number": "7112530"
  },
  {
    "ID Number": "7111924"
  },
  {
    "ID Number": "7105533"
  },
  {
    "ID Number": "7138814"
  },
  {
    "ID Number": "7106165"
  },
  {
    "ID Number": "7112629"
  },
  {
    "ID Number": "7134061"
  },
  {
    "ID Number": "7102135"
  },
  {
    "ID Number": "7128037"
  },
  {
    "ID Number": "7101333"
  },
  {
    "ID Number": "7138806"
  },
  {
    "ID Number": "7112815"
  },
  {
    "ID Number": "7125631"
  },
  {
    "ID Number": "7130295"
  },
  {
    "ID Number": "7126263"
  },
  {
    "ID Number": "7132590"
  },
  {
    "ID Number": "7102690"
  },
  {
    "ID Number": "7115300"
  },
  {
    "ID Number": "7119500"
  },
  {
    "ID Number": "7139675"
  },
  {
    "ID Number": "7110995"
  },
  {
    "ID Number": "7133685"
  },
  {
    "ID Number": "7100833"
  },
  {
    "ID Number": "7126336"
  },
  {
    "ID Number": "7102526"
  },
  {
    "ID Number": "7104804"
  },
  {
    "ID Number": "7137729"
  },
  {
    "ID Number": "7140436"
  },
  {
    "ID Number": "7139870"
  },
  {
    "ID Number": "7120583"
  },
  {
    "ID Number": "7138385"
  },
  {
    "ID Number": "7126271"
  },
  {
    "ID Number": "7137478"
  },
  {
    "ID Number": "7113498"
  },
  {
    "ID Number": "7100744"
  },
  {
    "ID Number": "7100035"
  },
  {
    "ID Number": "7106360"
  },
  {
    "ID Number": "7109130"
  },
  {
    "ID Number": "7138644"
  },
  {
    "ID Number": "7104227"
  },
  {
    "ID Number": "7106521"
  },
  {
    "ID Number": "7105312"
  },
  {
    "ID Number": "7126417"
  },
  {
    "ID Number": "7126255"
  },
  {
    "ID Number": "7130449"
  },
  {
    "ID Number": "7102623"
  },
  {
    "ID Number": "7124600"
  },
  {
    "ID Number": "7105339"
  },
  {
    "ID Number": "7131143"
  },
  {
    "ID Number": "7136170"
  },
  {
    "ID Number": "7106076"
  },
  {
    "ID Number": "7138768"
  },
  {
    "ID Number": "7133154"
  },
  {
    "ID Number": "7108974"
  },
  {
    "ID Number": "7126719"
  },
  {
    "ID Number": "7137494"
  },
  {
    "ID Number": "7113293"
  },
  {
    "ID Number": "7141190"
  },
  {
    "ID Number": "7117493"
  },
  {
    "ID Number": "7140029"
  },
  {
    "ID Number": "7133715"
  },
  {
    "ID Number": "7131992"
  },
  {
    "ID Number": "7141092"
  },
  {
    "ID Number": "7124236"
  },
  {
    "ID Number": "7124309"
  },
  {
    "ID Number": "7104944"
  },
  {
    "ID Number": "7128029"
  },
  {
    "ID Number": "7102143"
  },
  {
    "ID Number": "7134797"
  },
  {
    "ID Number": "7112270"
  },
  {
    "ID Number": "7133987"
  },
  {
    "ID Number": "7141394"
  },
  {
    "ID Number": "7127049"
  },
  {
    "ID Number": "7101031"
  },
  {
    "ID Number": "7101716"
  },
  {
    "ID Number": "7101406"
  },
  {
    "ID Number": "7135807"
  },
  {
    "ID Number": "7108214"
  },
  {
    "ID Number": "7133855"
  },
  {
    "ID Number": "7127081"
  },
  {
    "ID Number": "7137141"
  },
  {
    "ID Number": "7131011"
  },
  {
    "ID Number": "7140207"
  },
  {
    "ID Number": "7141130"
  },
  {
    "ID Number": "7120494"
  },
  {
    "ID Number": "7113811"
  },
  {
    "ID Number": "7105592"
  },
  {
    "ID Number": "7100221"
  },
  {
    "ID Number": "7101066"
  },
  {
    "ID Number": "7104286"
  },
  {
    "ID Number": "7105932"
  },
  {
    "ID Number": "7101473"
  },
  {
    "ID Number": "7120664"
  },
  {
    "ID Number": "7106106"
  },
  {
    "ID Number": "7140886"
  },
  {
    "ID Number": "7137117"
  },
  {
    "ID Number": "7138466"
  },
  {
    "ID Number": "7141386"
  },
  {
    "ID Number": "7104340"
  },
  {
    "ID Number": "7109326"
  },
  {
    "ID Number": "7137257"
  },
  {
    "ID Number": "7107757"
  },
  {
    "ID Number": "7141408"
  },
  {
    "ID Number": "7129840"
  },
  {
    "ID Number": "7124333"
  },
  {
    "ID Number": "7130627"
  },
  {
    "ID Number": "7103735"
  },
  {
    "ID Number": "7132107"
  },
  {
    "ID Number": "7134274"
  },
  {
    "ID Number": "7130422"
  },
  {
    "ID Number": "7116616"
  },
  {
    "ID Number": "7138199"
  },
  {
    "ID Number": "7138121"
  },
  {
    "ID Number": "7124198"
  },
  {
    "ID Number": "7131054"
  },
  {
    "ID Number": "7134088"
  },
  {
    "ID Number": "7128991"
  },
  {
    "ID Number": "7125950"
  },
  {
    "ID Number": "7130325"
  },
  {
    "ID Number": "7111541"
  },
  {
    "ID Number": "7105851"
  },
  {
    "ID Number": "7135262"
  },
  {
    "ID Number": "7126859"
  },
  {
    "ID Number": "7128118"
  },
  {
    "ID Number": "7102909"
  },
  {
    "ID Number": "7135106"
  },
  {
    "ID Number": "7120737"
  },
  {
    "ID Number": "7100566"
  },
  {
    "ID Number": "7111932"
  },
  {
    "ID Number": "7102062"
  },
  {
    "ID Number": "7106033"
  },
  {
    "ID Number": "7130350"
  },
  {
    "ID Number": "7115555"
  },
  {
    "ID Number": "7141122"
  },
  {
    "ID Number": "7105614"
  },
  {
    "ID Number": "7102216"
  },
  {
    "ID Number": "7140967"
  },
  {
    "ID Number": "7124406"
  },
  {
    "ID Number": "7135319"
  },
  {
    "ID Number": "7126751"
  },
  {
    "ID Number": "7100108"
  },
  {
    "ID Number": "7100680"
  },
  {
    "ID Number": "7128088"
  },
  {
    "ID Number": "365104803"
  },
  {
    "ID Number": "7124511"
  },
  {
    "ID Number": "7133278"
  },
  {
    "ID Number": "7129041"
  },
  {
    "ID Number": "7125739"
  },
  {
    "ID Number": "7130171"
  },
  {
    "ID Number": "7135963"
  },
  {
    "ID Number": "7103646"
  },
  {
    "ID Number": "7125585"
  },
  {
    "ID Number": "7101384"
  },
  {
    "ID Number": "7140797"
  },
  {
    "ID Number": "7122080"
  },
  {
    "ID Number": "7135386"
  },
  {
    "ID Number": "7141297"
  },
  {
    "ID Number": "7108125"
  },
  {
    "ID Number": "7131640"
  },
  {
    "ID Number": "7139047"
  },
  {
    "ID Number": "7101295"
  },
  {
    "ID Number": "7121768"
  },
  {
    "ID Number": "7141246"
  },
  {
    "ID Number": "7140746"
  },
  {
    "ID Number": "7126115"
  },
  {
    "ID Number": "7141327"
  },
  {
    "ID Number": "7110332"
  },
  {
    "ID Number": "7109628"
  },
  {
    "ID Number": "7135890"
  },
  {
    "ID Number": "7100086"
  },
  {
    "ID Number": "7139420"
  },
  {
    "ID Number": "7134290"
  },
  {
    "ID Number": "7138962"
  },
  {
    "ID Number": "7131712"
  },
  {
    "ID Number": "7125666"
  },
  {
    "ID Number": "7119330"
  },
  {
    "ID Number": "7134010"
  },
  {
    "ID Number": "7124724"
  },
  {
    "ID Number": "7133057"
  },
  {
    "ID Number": "7133073"
  },
  {
    "ID Number": "7128231"
  },
  {
    "ID Number": "7102003"
  },
  {
    "ID Number": "7128509"
  },
  {
    "ID Number": "7138938"
  },
  {
    "ID Number": "7126743"
  },
  {
    "ID Number": "7106602"
  },
  {
    "ID Number": "7131941"
  },
  {
    "ID Number": "7133146"
  },
  {
    "ID Number": "7133464"
  },
  {
    "ID Number": "7112181"
  },
  {
    "ID Number": "7109466"
  },
  {
    "ID Number": "7129980"
  },
  {
    "ID Number": "7112289"
  },
  {
    "ID Number": "7126344"
  },
  {
    "ID Number": "7100949"
  },
  {
    "ID Number": "7140800"
  },
  {
    "ID Number": "7117485"
  },
  {
    "ID Number": "7111975"
  },
  {
    "ID Number": "7104898"
  },
  {
    "ID Number": "7140045"
  },
  {
    "ID Number": "7109172"
  },
  {
    "ID Number": "7141351"
  },
  {
    "ID Number": "7132360"
  },
  {
    "ID Number": "7104383"
  },
  {
    "ID Number": "7101988"
  },
  {
    "ID Number": "7134495"
  },
  {
    "ID Number": "7104820"
  },
  {
    "ID Number": "7124546"
  },
  {
    "ID Number": "7100442"
  },
  {
    "ID Number": "7101023"
  },
  {
    "ID Number": "7133260"
  },
  {
    "ID Number": "7132840"
  },
  {
    "ID Number": "7133103"
  },
  {
    "ID Number": "7132980"
  },
  {
    "ID Number": "7104219"
  },
  {
    "ID Number": "7101929"
  },
  {
    "ID Number": "7102992"
  },
  {
    "ID Number": "7112599"
  },
  {
    "ID Number": "7139896"
  },
  {
    "ID Number": "7139543"
  },
  {
    "ID Number": "7132387"
  },
  {
    "ID Number": "7128100"
  },
  {
    "ID Number": "7101201"
  },
  {
    "ID Number": "7104677"
  },
  {
    "ID Number": "7101112"
  },
  {
    "ID Number": "7105029"
  },
  {
    "ID Number": "7120974"
  },
  {
    "ID Number": "7105126"
  },
  {
    "ID Number": "7128207"
  },
  {
    "ID Number": "7125607"
  },
  {
    "ID Number": "7132328"
  },
  {
    "ID Number": "7101740"
  },
  {
    "ID Number": "7101422"
  },
  {
    "ID Number": "7109768"
  },
  {
    "ID Number": "7130040"
  },
  {
    "ID Number": "7123213"
  },
  {
    "ID Number": "7141335"
  },
  {
    "ID Number": "7128150"
  },
  {
    "ID Number": "7138890"
  },
  {
    "ID Number": "7109083"
  },
  {
    "ID Number": "7135610"
  },
  {
    "ID Number": "7101767"
  },
  {
    "ID Number": "7122861"
  },
  {
    "ID Number": "7101163"
  },
  {
    "ID Number": "7134355"
  },
  {
    "ID Number": "7109571"
  },
  {
    "ID Number": "7138237"
  },
  {
    "ID Number": "7141360"
  },
  {
    "ID Number": "7108842"
  },
  {
    "ID Number": "7135866"
  },
  {
    "ID Number": "7111533"
  },
  {
    "ID Number": "7137168"
  },
  {
    "ID Number": "7103263"
  },
  {
    "ID Number": "7122489"
  },
  {
    "ID Number": "7102070"
  },
  {
    "ID Number": "7127316"
  },
  {
    "ID Number": "7132875"
  },
  {
    "ID Number": "7109156"
  },
  {
    "ID Number": "7140223"
  },
  {
    "ID Number": "7130023"
  },
  {
    "ID Number": "7124414"
  },
  {
    "ID Number": "7130309"
  },
  {
    "ID Number": "7105703"
  },
  {
    "ID Number": "7141432"
  },
  {
    "ID Number": "7104839"
  },
  {
    "ID Number": "7100213"
  },
  {
    "ID Number": "7141289"
  },
  {
    "ID Number": "7123639"
  },
  {
    "ID Number": "7100590"
  },
  {
    "ID Number": "7124570"
  },
  {
    "ID Number": "7110944"
  },
  {
    "ID Number": "7104618"
  },
  {
    "ID Number": "7119208"
  },
  {
    "ID Number": "7112912"
  },
  {
    "ID Number": "7137931"
  },
  {
    "ID Number": "7139900"
  },
  {
    "ID Number": "7127650"
  },
  {
    "ID Number": "7117922"
  },
  {
    "ID Number": "7138288"
  },
  {
    "ID Number": "7110308"
  },
  {
    "ID Number": "7122101"
  },
  {
    "ID Number": "7127154"
  },
  {
    "ID Number": "7125542"
  },
  {
    "ID Number": "7130236"
  },
  {
    "ID Number": "7141149"
  },
  {
    "ID Number": "7133740"
  },
  {
    "ID Number": "7109520"
  },
  {
    "ID Number": "7107110"
  },
  {
    "ID Number": "7128266"
  },
  {
    "ID Number": "7138296"
  },
  {
    "ID Number": "7130104"
  },
  {
    "ID Number": "7100531"
  },
  {
    "ID Number": "7122870"
  },
  {
    "ID Number": "7101589"
  },
  {
    "ID Number": "7127227"
  },
  {
    "ID Number": "7104260"
  },
  {
    "ID Number": "7125771"
  },
  {
    "ID Number": "7130317"
  },
  {
    "ID Number": "7124341"
  },
  {
    "ID Number": "7101198"
  },
  {
    "ID Number": "7117990"
  },
  {
    "ID Number": "7125615"
  },
  {
    "ID Number": "7125852"
  },
  {
    "ID Number": "7137583"
  },
  {
    "ID Number": "7105720"
  },
  {
    "ID Number": "7104391"
  },
  {
    "ID Number": "7103530"
  },
  {
    "ID Number": "7100647"
  },
  {
    "ID Number": "7128045"
  },
  {
    "ID Number": "7135270"
  },
  {
    "ID Number": "7134592"
  },
  {
    "ID Number": "7134541"
  },
  {
    "ID Number": "7100426"
  },
  {
    "ID Number": "7101465"
  },
  {
    "ID Number": "7113439"
  },
  {
    "ID Number": "7129939"
  },
  {
    "ID Number": "7137567"
  },
  {
    "ID Number": "7104154"
  },
  {
    "ID Number": "7101937"
  },
  {
    "ID Number": "7133642"
  },
  {
    "ID Number": "7103344"
  },
  {
    "ID Number": "7105070"
  },
  {
    "ID Number": "7105916"
  },
  {
    "ID Number": "7124732"
  },
  {
    "ID Number": "7137869"
  },
  {
    "ID Number": "7100728"
  },
  {
    "ID Number": "7125577"
  },
  {
    "ID Number": "7100701"
  },
  {
    "ID Number": "7130210"
  },
  {
    "ID Number": "7126034"
  },
  {
    "ID Number": "7112033"
  },
  {
    "ID Number": "7122195"
  },
  {
    "ID Number": "7125976"
  },
  {
    "ID Number": "7104979"
  },
  {
    "ID Number": "7113161"
  },
  {
    "ID Number": "7101651"
  },
  {
    "ID Number": "7137737"
  },
  {
    "ID Number": "7113625"
  },
  {
    "ID Number": "7131593"
  },
  {
    "ID Number": "7139268"
  },
  {
    "ID Number": "7122055"
  },
  {
    "ID Number": "7108982"
  },
  {
    "ID Number": "7105100"
  },
  {
    "ID Number": "7105347"
  },
  {
    "ID Number": "7127766"
  },
  {
    "ID Number": "7138202"
  },
  {
    "ID Number": "7122039"
  },
  {
    "ID Number": "7112106"
  },
  {
    "ID Number": "7124244"
  },
  {
    "ID Number": "7133235"
  },
  {
    "ID Number": "7108133"
  },
  {
    "ID Number": "7141076"
  },
  {
    "ID Number": "7131267"
  },
  {
    "ID Number": "7117825"
  },
  {
    "ID Number": "7130406"
  },
  {
    "ID Number": "7132352"
  },
  {
    "ID Number": "7135114"
  },
  {
    "ID Number": "7123477"
  },
  {
    "ID Number": "7123108"
  },
  {
    "ID Number": "7138725"
  },
  {
    "ID Number": "7127723"
  },
  {
    "ID Number": "7103360"
  },
  {
    "ID Number": "365105319"
  },
  {
    "ID Number": "7105487"
  },
  {
    "ID Number": "7130368"
  },
  {
    "ID Number": "7127529"
  },
  {
    "ID Number": "7125674"
  },
  {
    "ID Number": "7132204"
  },
  {
    "ID Number": "7100760"
  },
  {
    "ID Number": "7117558"
  },
  {
    "ID Number": "7102542"
  },
  {
    "ID Number": "7108508"
  },
  {
    "ID Number": "7139640"
  },
  {
    "ID Number": "7134053"
  },
  {
    "ID Number": "7130635"
  },
  {
    "ID Number": "7107129"
  },
  {
    "ID Number": "7115199"
  },
  {
    "ID Number": "7130090"
  },
  {
    "ID Number": "7110197"
  },
  {
    "ID Number": "7134622"
  },
  {
    "ID Number": "7137460"
  },
  {
    "ID Number": "7110448"
  },
  {
    "ID Number": "7131682"
  },
  {
    "ID Number": "7109865"
  },
  {
    "ID Number": "7126549"
  },
  {
    "ID Number": "7112009"
  },
  {
    "ID Number": "7105673"
  },
  {
    "ID Number": "7135424"
  },
  {
    "ID Number": "7129955"
  },
  {
    "ID Number": "7137095"
  },
  {
    "ID Number": "7110294"
  },
  {
    "ID Number": "7101260"
  },
  {
    "ID Number": "7123167"
  },
  {
    "ID Number": "7130074"
  },
  {
    "ID Number": "7130082"
  },
  {
    "ID Number": "7139659"
  },
  {
    "ID Number": "7139284"
  },
  {
    "ID Number": "7111649"
  },
  {
    "ID Number": "7131968"
  },
  {
    "ID Number": "7100507"
  },
  {
    "ID Number": "7102828"
  },
  {
    "ID Number": "7131844"
  }
]