[
  {
    "ID Number": "14317788"
  },
  {
    "ID Number": "14303132"
  },
  {
    "ID Number": "14309580"
  },
  {
    "ID Number": "14320657"
  },
  {
    "ID Number": "14320231"
  },
  {
    "ID Number": "14324008"
  },
  {
    "ID Number": "14335646"
  },
  {
    "ID Number": "14307308"
  },
  {
    "ID Number": "534003495"
  },
  {
    "ID Number": "14339455"
  },
  {
    "ID Number": "14323664"
  },
  {
    "ID Number": "14316455"
  },
  {
    "ID Number": "14393190"
  },
  {
    "ID Number": "14306468"
  },
  {
    "ID Number": "14304600"
  },
  {
    "ID Number": "14301440"
  },
  {
    "ID Number": "14357500"
  },
  {
    "ID Number": "14309653"
  },
  {
    "ID Number": "14356929"
  },
  {
    "ID Number": "14348071"
  },
  {
    "ID Number": "14306484"
  },
  {
    "ID Number": "14300770"
  },
  {
    "ID Number": "14324091"
  },
  {
    "ID Number": "14358310"
  },
  {
    "ID Number": "534009086"
  },
  {
    "ID Number": "14329085"
  },
  {
    "ID Number": "14364417"
  },
  {
    "ID Number": "14324776"
  },
  {
    "ID Number": "14371286"
  },
  {
    "ID Number": "14300370"
  },
  {
    "ID Number": "14393204"
  },
  {
    "ID Number": "14329930"
  },
  {
    "ID Number": "534004181"
  },
  {
    "ID Number": "14356333"
  },
  {
    "ID Number": "14376792"
  },
  {
    "ID Number": "14351137"
  },
  {
    "ID Number": "14356228"
  },
  {
    "ID Number": "14318261"
  },
  {
    "ID Number": "14300818"
  },
  {
    "ID Number": "14300052"
  },
  {
    "ID Number": "14396149"
  },
  {
    "ID Number": "14391830"
  },
  {
    "ID Number": "14343860"
  },
  {
    "ID Number": "14302934"
  },
  {
    "ID Number": "123104340"
  },
  {
    "ID Number": "534000615"
  },
  {
    "ID Number": "14320738"
  },
  {
    "ID Number": "14375974"
  },
  {
    "ID Number": "14343509"
  },
  {
    "ID Number": "14327279"
  },
  {
    "ID Number": "14303248"
  },
  {
    "ID Number": "14305259"
  },
  {
    "ID Number": "14396157"
  },
  {
    "ID Number": "14334836"
  },
  {
    "ID Number": "14393212"
  },
  {
    "ID Number": "14300249"
  },
  {
    "ID Number": "14377241"
  },
  {
    "ID Number": "14303558"
  },
  {
    "ID Number": "14346842"
  },
  {
    "ID Number": "14346850"
  },
  {
    "ID Number": "14357186"
  },
  {
    "ID Number": "14352281"
  },
  {
    "ID Number": "14358387"
  },
  {
    "ID Number": "14356937"
  },
  {
    "ID Number": "14334453"
  },
  {
    "ID Number": "534022015"
  },
  {
    "ID Number": "14328917"
  },
  {
    "ID Number": "14352303"
  },
  {
    "ID Number": "14307472"
  },
  {
    "ID Number": "14317982"
  },
  {
    "ID Number": "14378434"
  },
  {
    "ID Number": "14363097"
  },
  {
    "ID Number": "14300028"
  },
  {
    "ID Number": "410802"
  },
  {
    "ID Number": "14324636"
  },
  {
    "ID Number": "14312271"
  },
  {
    "ID Number": "14317907"
  },
  {
    "ID Number": "14351960"
  },
  {
    "ID Number": "14335085"
  },
  {
    "ID Number": "14376814"
  },
  {
    "ID Number": "14372002"
  },
  {
    "ID Number": "14358271"
  },
  {
    "ID Number": "14338017"
  },
  {
    "ID Number": "14346885"
  },
  {
    "ID Number": "14318610"
  },
  {
    "ID Number": "123105276"
  },
  {
    "ID Number": "14385538"
  },
  {
    "ID Number": "14385597"
  },
  {
    "ID Number": "14371510"
  },
  {
    "ID Number": "534018735"
  },
  {
    "ID Number": "14300990"
  },
  {
    "ID Number": "14301407"
  },
  {
    "ID Number": "14307545"
  },
  {
    "ID Number": "14318512"
  },
  {
    "ID Number": "14312336"
  },
  {
    "ID Number": "14339544"
  },
  {
    "ID Number": "14307553"
  },
  {
    "ID Number": "14324865"
  },
  {
    "ID Number": "14344807"
  },
  {
    "ID Number": "14337762"
  },
  {
    "ID Number": "14309912"
  },
  {
    "ID Number": "14322773"
  },
  {
    "ID Number": "14345897"
  },
  {
    "ID Number": "14317443"
  },
  {
    "ID Number": "14368773"
  },
  {
    "ID Number": "14306867"
  },
  {
    "ID Number": "14350807"
  },
  {
    "ID Number": "14355663"
  },
  {
    "ID Number": "14334020"
  },
  {
    "ID Number": "14317737"
  },
  {
    "ID Number": "14382733"
  },
  {
    "ID Number": "14301709"
  },
  {
    "ID Number": "14311887"
  },
  {
    "ID Number": "14391970"
  },
  {
    "ID Number": "14322072"
  },
  {
    "ID Number": "14328550"
  },
  {
    "ID Number": "14397382"
  },
  {
    "ID Number": "14356376"
  },
  {
    "ID Number": "14307650"
  },
  {
    "ID Number": "14372967"
  },
  {
    "ID Number": "14372975"
  },
  {
    "ID Number": "14371634"
  },
  {
    "ID Number": "14364549"
  },
  {
    "ID Number": "14355140"
  },
  {
    "ID Number": "14322960"
  },
  {
    "ID Number": "14396181"
  },
  {
    "ID Number": "14301938"
  },
  {
    "ID Number": "14377861"
  },
  {
    "ID Number": "14334267"
  },
  {
    "ID Number": "14329018"
  },
  {
    "ID Number": "14385546"
  },
  {
    "ID Number": "14387077"
  },
  {
    "ID Number": "14357143"
  },
  {
    "ID Number": "534018743"
  },
  {
    "ID Number": "14352346"
  },
  {
    "ID Number": "534014039"
  },
  {
    "ID Number": "14307715"
  },
  {
    "ID Number": "14362821"
  },
  {
    "ID Number": "14303175"
  },
  {
    "ID Number": "14309432"
  },
  {
    "ID Number": "534007229"
  },
  {
    "ID Number": "14312433"
  },
  {
    "ID Number": "14301628"
  },
  {
    "ID Number": "14307740"
  },
  {
    "ID Number": "14355388"
  },
  {
    "ID Number": "14339587"
  },
  {
    "ID Number": "14321440"
  },
  {
    "ID Number": "14358034"
  },
  {
    "ID Number": "14325870"
  },
  {
    "ID Number": "14356945"
  },
  {
    "ID Number": "14358980"
  },
  {
    "ID Number": "14346044"
  },
  {
    "ID Number": "14300788"
  },
  {
    "ID Number": "14310066"
  },
  {
    "ID Number": "14342855"
  },
  {
    "ID Number": "14338270"
  },
  {
    "ID Number": "14350653"
  },
  {
    "ID Number": "14365537"
  },
  {
    "ID Number": "14334240"
  },
  {
    "ID Number": "14318415"
  },
  {
    "ID Number": "14325608"
  },
  {
    "ID Number": "14319470"
  },
  {
    "ID Number": "14396190"
  },
  {
    "ID Number": "14300133"
  },
  {
    "ID Number": "14305020"
  },
  {
    "ID Number": "14301725"
  },
  {
    "ID Number": "14321556"
  },
  {
    "ID Number": "14313332"
  },
  {
    "ID Number": "14300141"
  },
  {
    "ID Number": "14307820"
  },
  {
    "ID Number": "14369079"
  },
  {
    "ID Number": "14354764"
  },
  {
    "ID Number": "14340577"
  },
  {
    "ID Number": "14300206"
  },
  {
    "ID Number": "14316609"
  },
  {
    "ID Number": "534007326"
  },
  {
    "ID Number": "534009744"
  },
  {
    "ID Number": "14322471"
  },
  {
    "ID Number": "14328828"
  },
  {
    "ID Number": "14307871"
  },
  {
    "ID Number": "14300800"
  },
  {
    "ID Number": "14324237"
  },
  {
    "ID Number": "14351340"
  },
  {
    "ID Number": "14341280"
  },
  {
    "ID Number": "14348217"
  },
  {
    "ID Number": "14349981"
  },
  {
    "ID Number": "14336308"
  },
  {
    "ID Number": "534003568"
  },
  {
    "ID Number": "14322242"
  },
  {
    "ID Number": "14307928"
  },
  {
    "ID Number": "534029095"
  },
  {
    "ID Number": "14326906"
  },
  {
    "ID Number": "14303841"
  },
  {
    "ID Number": "14382792"
  },
  {
    "ID Number": "14332620"
  },
  {
    "ID Number": "14327252"
  },
  {
    "ID Number": "14337851"
  },
  {
    "ID Number": "14305674"
  },
  {
    "ID Number": "14361604"
  },
  {
    "ID Number": "14355094"
  },
  {
    "ID Number": "14355175"
  },
  {
    "ID Number": "14325810"
  },
  {
    "ID Number": "14320509"
  },
  {
    "ID Number": "14380935"
  },
  {
    "ID Number": "14303868"
  },
  {
    "ID Number": "14305704"
  },
  {
    "ID Number": "534005234"
  },
  {
    "ID Number": "14310120"
  },
  {
    "ID Number": "14327295"
  },
  {
    "ID Number": "14371740"
  },
  {
    "ID Number": "14323028"
  },
  {
    "ID Number": "14300702"
  },
  {
    "ID Number": "14339560"
  },
  {
    "ID Number": "14353067"
  },
  {
    "ID Number": "14396211"
  },
  {
    "ID Number": "14308029"
  },
  {
    "ID Number": "14346494"
  },
  {
    "ID Number": "14323265"
  },
  {
    "ID Number": "14350521"
  },
  {
    "ID Number": "14303876"
  },
  {
    "ID Number": "14310155"
  },
  {
    "ID Number": "14303884"
  },
  {
    "ID Number": "14363240"
  },
  {
    "ID Number": "14323508"
  },
  {
    "ID Number": "14343665"
  },
  {
    "ID Number": "14352788"
  },
  {
    "ID Number": "14396220"
  },
  {
    "ID Number": "14327180"
  },
  {
    "ID Number": "14330482"
  },
  {
    "ID Number": "14392240"
  },
  {
    "ID Number": "14371642"
  },
  {
    "ID Number": "14328399"
  },
  {
    "ID Number": "14376776"
  },
  {
    "ID Number": "14357623"
  },
  {
    "ID Number": "14330644"
  },
  {
    "ID Number": "14334798"
  },
  {
    "ID Number": "123104822"
  },
  {
    "ID Number": "14390027"
  },
  {
    "ID Number": "14338319"
  },
  {
    "ID Number": "534019774"
  },
  {
    "ID Number": "14349957"
  },
  {
    "ID Number": "14316340"
  },
  {
    "ID Number": "534009426"
  },
  {
    "ID Number": "14380951"
  },
  {
    "ID Number": "14378752"
  },
  {
    "ID Number": "14357461"
  },
  {
    "ID Number": "14348519"
  },
  {
    "ID Number": "14305755"
  },
  {
    "ID Number": "14321114"
  },
  {
    "ID Number": "14348489"
  },
  {
    "ID Number": "14308258"
  },
  {
    "ID Number": "14368099"
  },
  {
    "ID Number": "14341107"
  },
  {
    "ID Number": "14352818"
  },
  {
    "ID Number": "14321041"
  },
  {
    "ID Number": "14328593"
  },
  {
    "ID Number": "14308266"
  },
  {
    "ID Number": "14376458"
  },
  {
    "ID Number": "14357470"
  },
  {
    "ID Number": "14348667"
  },
  {
    "ID Number": "14319225"
  },
  {
    "ID Number": "14332566"
  },
  {
    "ID Number": "534023275"
  },
  {
    "ID Number": "14325756"
  },
  {
    "ID Number": "14307073"
  },
  {
    "ID Number": "14326477"
  },
  {
    "ID Number": "14320797"
  },
  {
    "ID Number": "14327040"
  },
  {
    "ID Number": "14359081"
  },
  {
    "ID Number": "14339609"
  },
  {
    "ID Number": "14318687"
  },
  {
    "ID Number": "14320363"
  },
  {
    "ID Number": "14329654"
  },
  {
    "ID Number": "14331241"
  },
  {
    "ID Number": "14340348"
  },
  {
    "ID Number": "14326493"
  },
  {
    "ID Number": "14320908"
  },
  {
    "ID Number": "14343371"
  },
  {
    "ID Number": "14339447"
  },
  {
    "ID Number": "14370999"
  },
  {
    "ID Number": "534016210"
  },
  {
    "ID Number": "14336669"
  },
  {
    "ID Number": "14308380"
  },
  {
    "ID Number": "14338378"
  },
  {
    "ID Number": "14310317"
  },
  {
    "ID Number": "14340887"
  },
  {
    "ID Number": "14388901"
  },
  {
    "ID Number": "14318547"
  },
  {
    "ID Number": "14316714"
  },
  {
    "ID Number": "14349973"
  },
  {
    "ID Number": "14301610"
  },
  {
    "ID Number": "14386712"
  },
  {
    "ID Number": "14331322"
  },
  {
    "ID Number": "14308452"
  },
  {
    "ID Number": "14396297"
  },
  {
    "ID Number": "14332337"
  },
  {
    "ID Number": "534006311"
  },
  {
    "ID Number": "14311054"
  },
  {
    "ID Number": "14308460"
  },
  {
    "ID Number": "14340682"
  },
  {
    "ID Number": "14341646"
  },
  {
    "ID Number": "14355310"
  },
  {
    "ID Number": "14378108"
  },
  {
    "ID Number": "534010106"
  },
  {
    "ID Number": "14350530"
  },
  {
    "ID Number": "14364425"
  },
  {
    "ID Number": "14341077"
  },
  {
    "ID Number": "72300329"
  },
  {
    "ID Number": "14353091"
  },
  {
    "ID Number": "14349159"
  },
  {
    "ID Number": "14352079"
  },
  {
    "ID Number": "14364603"
  },
  {
    "ID Number": "14363313"
  },
  {
    "ID Number": "14338688"
  },
  {
    "ID Number": "534006338"
  },
  {
    "ID Number": "14300400"
  },
  {
    "ID Number": "14306760"
  },
  {
    "ID Number": "14312603"
  },
  {
    "ID Number": "14392267"
  },
  {
    "ID Number": "14322170"
  },
  {
    "ID Number": "14383446"
  },
  {
    "ID Number": "14377004"
  },
  {
    "ID Number": "14366614"
  },
  {
    "ID Number": "14314916"
  },
  {
    "ID Number": "534007237"
  },
  {
    "ID Number": "14334402"
  },
  {
    "ID Number": "14369311"
  },
  {
    "ID Number": "14353903"
  },
  {
    "ID Number": "14302250"
  },
  {
    "ID Number": "14301067"
  },
  {
    "ID Number": "14325845"
  },
  {
    "ID Number": "14302411"
  },
  {
    "ID Number": "14360012"
  },
  {
    "ID Number": "14316781"
  },
  {
    "ID Number": "534016139"
  },
  {
    "ID Number": "14352710"
  },
  {
    "ID Number": "14300460"
  },
  {
    "ID Number": "14339641"
  },
  {
    "ID Number": "14322145"
  },
  {
    "ID Number": "14338718"
  },
  {
    "ID Number": "14309424"
  },
  {
    "ID Number": "14352729"
  },
  {
    "ID Number": "14304155"
  },
  {
    "ID Number": "14354799"
  },
  {
    "ID Number": "14304163"
  },
  {
    "ID Number": "14323648"
  },
  {
    "ID Number": "14343169"
  },
  {
    "ID Number": "534014055"
  },
  {
    "ID Number": "14321840"
  },
  {
    "ID Number": "14329506"
  },
  {
    "ID Number": "14355132"
  },
  {
    "ID Number": "14338432"
  },
  {
    "ID Number": "14378230"
  },
  {
    "ID Number": "14301644"
  },
  {
    "ID Number": "14373190"
  },
  {
    "ID Number": "14350645"
  },
  {
    "ID Number": "14352419"
  },
  {
    "ID Number": "14366860"
  },
  {
    "ID Number": "14323192"
  },
  {
    "ID Number": "534007245"
  },
  {
    "ID Number": "534022031"
  },
  {
    "ID Number": "14305925"
  },
  {
    "ID Number": "14323737"
  },
  {
    "ID Number": "14377209"
  },
  {
    "ID Number": "14353075"
  },
  {
    "ID Number": "14342898"
  },
  {
    "ID Number": "14316854"
  },
  {
    "ID Number": "14331420"
  },
  {
    "ID Number": "14312662"
  },
  {
    "ID Number": "14305968"
  },
  {
    "ID Number": "14300184"
  },
  {
    "ID Number": "14383063"
  },
  {
    "ID Number": "123108859"
  },
  {
    "ID Number": "14358115"
  },
  {
    "ID Number": "14346575"
  },
  {
    "ID Number": "14315807"
  },
  {
    "ID Number": "14377217"
  },
  {
    "ID Number": "14369184"
  },
  {
    "ID Number": "14343258"
  },
  {
    "ID Number": "14321068"
  },
  {
    "ID Number": "14313073"
  },
  {
    "ID Number": "14341867"
  },
  {
    "ID Number": "14309548"
  },
  {
    "ID Number": "14351048"
  },
  {
    "ID Number": "14349183"
  },
  {
    "ID Number": "14356988"
  },
  {
    "ID Number": "14351536"
  },
  {
    "ID Number": "14339056"
  },
  {
    "ID Number": "14338750"
  },
  {
    "ID Number": "14343266"
  },
  {
    "ID Number": "14373319"
  },
  {
    "ID Number": "14358611"
  },
  {
    "ID Number": "14311321"
  },
  {
    "ID Number": "14338882"
  },
  {
    "ID Number": "14351170"
  },
  {
    "ID Number": "14372126"
  },
  {
    "ID Number": "14302438"
  },
  {
    "ID Number": "14317141"
  },
  {
    "ID Number": "14307197"
  },
  {
    "ID Number": "14304260"
  },
  {
    "ID Number": "14341034"
  },
  {
    "ID Number": "14330849"
  },
  {
    "ID Number": "14351056"
  },
  {
    "ID Number": "14350955"
  },
  {
    "ID Number": "14321670"
  },
  {
    "ID Number": "14360179"
  },
  {
    "ID Number": "14300192"
  },
  {
    "ID Number": "14300478"
  },
  {
    "ID Number": "14369389"
  },
  {
    "ID Number": "14306050"
  },
  {
    "ID Number": "14356279"
  },
  {
    "ID Number": "14328666"
  },
  {
    "ID Number": "14303191"
  },
  {
    "ID Number": "14356201"
  },
  {
    "ID Number": "14301113"
  },
  {
    "ID Number": "14300567"
  },
  {
    "ID Number": "14329735"
  },
  {
    "ID Number": "14368757"
  },
  {
    "ID Number": "14392453"
  },
  {
    "ID Number": "14304309"
  },
  {
    "ID Number": "14372452"
  },
  {
    "ID Number": "14333082"
  },
  {
    "ID Number": "14356392"
  },
  {
    "ID Number": "14348179"
  },
  {
    "ID Number": "14332698"
  },
  {
    "ID Number": "14320460"
  },
  {
    "ID Number": "14357658"
  },
  {
    "ID Number": "14315122"
  },
  {
    "ID Number": "14315130"
  },
  {
    "ID Number": "14352443"
  },
  {
    "ID Number": "14363003"
  },
  {
    "ID Number": "14323281"
  },
  {
    "ID Number": "14346613"
  },
  {
    "ID Number": "14352451"
  },
  {
    "ID Number": "14328682"
  },
  {
    "ID Number": "14308797"
  },
  {
    "ID Number": "14377098"
  },
  {
    "ID Number": "14373211"
  },
  {
    "ID Number": "14349787"
  },
  {
    "ID Number": "14341514"
  },
  {
    "ID Number": "14301784"
  },
  {
    "ID Number": "14354160"
  },
  {
    "ID Number": "14304503"
  },
  {
    "ID Number": "14328860"
  },
  {
    "ID Number": "14340453"
  },
  {
    "ID Number": "14338530"
  },
  {
    "ID Number": "14364018"
  },
  {
    "ID Number": "14371014"
  },
  {
    "ID Number": "14304384"
  },
  {
    "ID Number": "14343533"
  },
  {
    "ID Number": "14357496"
  },
  {
    "ID Number": "534009221"
  },
  {
    "ID Number": "14358794"
  },
  {
    "ID Number": "14303116"
  },
  {
    "ID Number": "14394502"
  },
  {
    "ID Number": "14357917"
  },
  {
    "ID Number": "14309408"
  },
  {
    "ID Number": "14311356"
  },
  {
    "ID Number": "14351315"
  },
  {
    "ID Number": "14351129"
  },
  {
    "ID Number": "14371707"
  },
  {
    "ID Number": "14304406"
  },
  {
    "ID Number": "14305011"
  },
  {
    "ID Number": "14360233"
  },
  {
    "ID Number": "14301261"
  },
  {
    "ID Number": "2511371"
  },
  {
    "ID Number": "14395738"
  },
  {
    "ID Number": "14380463"
  },
  {
    "ID Number": "14364050"
  },
  {
    "ID Number": "14309017"
  },
  {
    "ID Number": "14333414"
  },
  {
    "ID Number": "14303272"
  },
  {
    "ID Number": "14363470"
  },
  {
    "ID Number": "534005277"
  },
  {
    "ID Number": "14339951"
  },
  {
    "ID Number": "14311704"
  },
  {
    "ID Number": "14320860"
  },
  {
    "ID Number": "14385740"
  },
  {
    "ID Number": "534012460"
  },
  {
    "ID Number": "14379635"
  },
  {
    "ID Number": "14301431"
  },
  {
    "ID Number": "14303230"
  },
  {
    "ID Number": "14300532"
  },
  {
    "ID Number": "14306220"
  },
  {
    "ID Number": "14300540"
  },
  {
    "ID Number": "14306239"
  },
  {
    "ID Number": "14306247"
  },
  {
    "ID Number": "14390116"
  },
  {
    "ID Number": "14310759"
  },
  {
    "ID Number": "14321769"
  },
  {
    "ID Number": "14302578"
  },
  {
    "ID Number": "14332574"
  },
  {
    "ID Number": "14315114"
  },
  {
    "ID Number": "14378388"
  },
  {
    "ID Number": "14320665"
  },
  {
    "ID Number": "14352591"
  },
  {
    "ID Number": "14333325"
  },
  {
    "ID Number": "14339501"
  },
  {
    "ID Number": "14330938"
  },
  {
    "ID Number": "14301172"
  },
  {
    "ID Number": "14369370"
  },
  {
    "ID Number": "14308967"
  }
]