ID Number,Name,Fed,Sex,Title,WTit,OTit,Rating,Gms,K,RatingMonth,B-day,Flag
33101094,"Bhuyan, Shreeyansh",CAY,M,,,,1446,0,40,SEP25,2015,
7400640,"Blackwood, Ryan",CAY,M,,"SI,FI",,1886,9,20,SEP25,1985,
33100470,"Blake, Damarrow",CAY,M,,,,1579,0,20,SEP25,1990,
33100780,"CLARK, ARTY",CAY,M,,,,1594,7,40,SEP25,2014,
33101299,"Coen, Carter",CAY,M,,,,1443,0,20,SEP25,2006,
33100454,"Franklin, Owen",CAY,M,,,,1512,0,40,SEP25,2008,
33100306,"Graham, Dez",CAY,M,,,,1634,8,40,SEP25,2011,
33100527,"Gunasekaran , Sanjith",CAY,M,,,,1405,0,40,SEP25,2014,
33100535,"McClenaghan, Abbie",CAY,F,,,,1542,0,40,SEP25,2012,w
2635682,"McDonald, Mike",CAY,M,,,,1807,0,20,SEP25,1989,
33101116,"Mclean, Kylen",CAY,M,,,,1563,8,40,SEP25,2011,
33100101,"Shaw, Clifford",CAY,M,CM,,,1741,0,20,SEP25,1950,i
33101345,"Spence, Daniel",CAY,M,,,,1472,0,20,SEP25,1983,
419052,"Tracey, Shaun M",CAY,M,CM,FI,,1796,0,20,SEP25,1979,i
33100748,"WILSON, ALEJANDRO",CAY,M,,,,1442,0,40,SEP25,2010,