[
  {
    "ID Number": "5603170"
  },
  {
    "ID Number": "5605571"
  },
  {
    "ID Number": "5603749"
  },
  {
    "ID Number": "5600251"
  },
  {
    "ID Number": "5604940"
  },
  {
    "ID Number": "5604834"
  },
  {
    "ID Number": "5601509"
  },
  {
    "ID Number": "5601134"
  },
  {
    "ID Number": "399104992"
  },
  {
    "ID Number": "5604427"
  },
  {
    "ID Number": "5602998"
  },
  {
    "ID Number": "5601410"
  },
  {
    "ID Number": "5602602"
  },
  {
    "ID Number": "5600383"
  },
  {
    "ID Number": "26042380"
  },
  {
    "ID Number": "5600766"
  },
  {
    "ID Number": "5601703"
  },
  {
    "ID Number": "5600642"
  },
  {
    "ID Number": "5604346"
  },
  {
    "ID Number": "5601142"
  },
  {
    "ID Number": "5600138"
  },
  {
    "ID Number": "5601894"
  },
  {
    "ID Number": "5601096"
  },
  {
    "ID Number": "5604664"
  },
  {
    "ID Number": "5601827"
  },
  {
    "ID Number": "5603323"
  },
  {
    "ID Number": "5600740"
  },
  {
    "ID Number": "5601967"
  },
  {
    "ID Number": "5602238"
  },
  {
    "ID Number": "5602220"
  },
  {
    "ID Number": "5602920"
  },
  {
    "ID Number": "5605784"
  },
  {
    "ID Number": "5603870"
  },
  {
    "ID Number": "5605490"
  },
  {
    "ID Number": "5600065"
  },
  {
    "ID Number": "5600014"
  },
  {
    "ID Number": "5605709"
  },
  {
    "ID Number": "5604737"
  },
  {
    "ID Number": "5601487"
  },
  {
    "ID Number": "5601711"
  },
  {
    "ID Number": "5603498"
  },
  {
    "ID Number": "5605733"
  },
  {
    "ID Number": "5602890"
  },
  {
    "ID Number": "5602769"
  },
  {
    "ID Number": "5605792"
  },
  {
    "ID Number": "5602882"
  },
  {
    "ID Number": "5601657"
  },
  {
    "ID Number": "5605695"
  },
  {
    "ID Number": "5600162"
  },
  {
    "ID Number": "5602262"
  },
  {
    "ID Number": "5601886"
  },
  {
    "ID Number": "5600286"
  },
  {
    "ID Number": "5600502"
  },
  {
    "ID Number": "5600570"
  },
  {
    "ID Number": "5602297"
  },
  {
    "ID Number": "5600227"
  },
  {
    "ID Number": "5603897"
  },
  {
    "ID Number": "5602017"
  },
  {
    "ID Number": "5604320"
  },
  {
    "ID Number": "5606217"
  },
  {
    "ID Number": "5602351"
  },
  {
    "ID Number": "5604133"
  },
  {
    "ID Number": "5602025"
  },
  {
    "ID Number": "5600197"
  },
  {
    "ID Number": "5600073"
  },
  {
    "ID Number": "5601673"
  },
  {
    "ID Number": "5600987"
  },
  {
    "ID Number": "5605903"
  },
  {
    "ID Number": "5600316"
  },
  {
    "ID Number": "5604184"
  },
  {
    "ID Number": "444251"
  },
  {
    "ID Number": "5602831"
  },
  {
    "ID Number": "912859"
  },
  {
    "ID Number": "5601061"
  },
  {
    "ID Number": "5602033"
  },
  {
    "ID Number": "5603587"
  },
  {
    "ID Number": "5605156"
  },
  {
    "ID Number": "914207"
  },
  {
    "ID Number": "5603684"
  },
  {
    "ID Number": "5603862"
  },
  {
    "ID Number": "5603390"
  },
  {
    "ID Number": "5602904"
  },
  {
    "ID Number": "5603838"
  },
  {
    "ID Number": "5605008"
  },
  {
    "ID Number": "5605822"
  },
  {
    "ID Number": "2894942"
  },
  {
    "ID Number": "5601100"
  },
  {
    "ID Number": "5600626"
  },
  {
    "ID Number": "5600707"
  },
  {
    "ID Number": "5600898"
  },
  {
    "ID Number": "5601258"
  },
  {
    "ID Number": "5600472"
  },
  {
    "ID Number": "5604672"
  },
  {
    "ID Number": "5602076"
  },
  {
    "ID Number": "5601533"
  },
  {
    "ID Number": "5602173"
  },
  {
    "ID Number": "5602530"
  },
  {
    "ID Number": "5602165"
  },
  {
    "ID Number": "5602955"
  },
  {
    "ID Number": "5600758"
  },
  {
    "ID Number": "5601452"
  },
  {
    "ID Number": "5601819"
  },
  {
    "ID Number": "5602777"
  },
  {
    "ID Number": "5600715"
  },
  {
    "ID Number": "5604680"
  },
  {
    "ID Number": "5600278"
  },
  {
    "ID Number": "5603315"
  },
  {
    "ID Number": "5600308"
  },
  {
    "ID Number": "5603773"
  },
  {
    "ID Number": "5600090"
  },
  {
    "ID Number": "5605563"
  },
  {
    "ID Number": "5601762"
  },
  {
    "ID Number": "5600693"
  },
  {
    "ID Number": "5604087"
  },
  {
    "ID Number": "5600855"
  },
  {
    "ID Number": "14906546"
  },
  {
    "ID Number": "5600588"
  },
  {
    "ID Number": "5604311"
  },
  {
    "ID Number": "5603650"
  },
  {
    "ID Number": "5602491"
  },
  {
    "ID Number": "5601681"
  },
  {
    "ID Number": "5602068"
  },
  {
    "ID Number": "5601380"
  },
  {
    "ID Number": "5600596"
  },
  {
    "ID Number": "5602319"
  },
  {
    "ID Number": "5601720"
  },
  {
    "ID Number": "5602971"
  },
  {
    "ID Number": "5602360"
  },
  {
    "ID Number": "5600421"
  },
  {
    "ID Number": "5604362"
  },
  {
    "ID Number": "5602440"
  },
  {
    "ID Number": "5602432"
  },
  {
    "ID Number": "783846"
  },
  {
    "ID Number": "5601541"
  },
  {
    "ID Number": "5600022"
  },
  {
    "ID Number": "5601746"
  },
  {
    "ID Number": "5604982"
  },
  {
    "ID Number": "5603072"
  },
  {
    "ID Number": "5602386"
  },
  {
    "ID Number": "55607900"
  },
  {
    "ID Number": "5602475"
  },
  {
    "ID Number": "5602459"
  },
  {
    "ID Number": "5603463"
  },
  {
    "ID Number": "5601797"
  },
  {
    "ID Number": "5603250"
  },
  {
    "ID Number": "5605652"
  },
  {
    "ID Number": "5603285"
  },
  {
    "ID Number": "5603005"
  },
  {
    "ID Number": "5605032"
  },
  {
    "ID Number": "5600111"
  },
  {
    "ID Number": "5603722"
  },
  {
    "ID Number": "5602653"
  },
  {
    "ID Number": "5602521"
  },
  {
    "ID Number": "5600294"
  },
  {
    "ID Number": "5601878"
  },
  {
    "ID Number": "5604168"
  },
  {
    "ID Number": "5601568"
  },
  {
    "ID Number": "5604540"
  },
  {
    "ID Number": "5600723"
  },
  {
    "ID Number": "5601576"
  },
  {
    "ID Number": "727067"
  },
  {
    "ID Number": "5600189"
  },
  {
    "ID Number": "5605555"
  },
  {
    "ID Number": "6363318"
  },
  {
    "ID Number": "5602327"
  },
  {
    "ID Number": "5602556"
  },
  {
    "ID Number": "5602211"
  },
  {
    "ID Number": "5600790"
  },
  {
    "ID Number": "5605059"
  },
  {
    "ID Number": "5603234"
  },
  {
    "ID Number": "5600235"
  },
  {
    "ID Number": "5601851"
  },
  {
    "ID Number": "5604931"
  },
  {
    "ID Number": "5601606"
  },
  {
    "ID Number": "5603269"
  },
  {
    "ID Number": "5600359"
  },
  {
    "ID Number": "5600731"
  },
  {
    "ID Number": "5602130"
  },
  {
    "ID Number": "5600804"
  },
  {
    "ID Number": "5601428"
  },
  {
    "ID Number": "5600901"
  },
  {
    "ID Number": "5601118"
  },
  {
    "ID Number": "5605164"
  },
  {
    "ID Number": "5604109"
  },
  {
    "ID Number": "5600030"
  },
  {
    "ID Number": "5604079"
  },
  {
    "ID Number": "5603242"
  },
  {
    "ID Number": "5602513"
  },
  {
    "ID Number": "5603803"
  },
  {
    "ID Number": "5600413"
  },
  {
    "ID Number": "5600405"
  },
  {
    "ID Number": "5601290"
  },
  {
    "ID Number": "5600480"
  },
  {
    "ID Number": "5600499"
  },
  {
    "ID Number": "5600200"
  },
  {
    "ID Number": "5602246"
  },
  {
    "ID Number": "5600260"
  },
  {
    "ID Number": "5601622"
  },
  {
    "ID Number": "5601215"
  },
  {
    "ID Number": "5603382"
  },
  {
    "ID Number": "5600103"
  },
  {
    "ID Number": "5604214"
  },
  {
    "ID Number": "5604702"
  },
  {
    "ID Number": "5603714"
  },
  {
    "ID Number": "1400541"
  },
  {
    "ID Number": "5605369"
  },
  {
    "ID Number": "5604850"
  },
  {
    "ID Number": "5602254"
  },
  {
    "ID Number": "5602289"
  },
  {
    "ID Number": "5603668"
  },
  {
    "ID Number": "5600391"
  },
  {
    "ID Number": "5602084"
  },
  {
    "ID Number": "919969"
  },
  {
    "ID Number": "5601924"
  },
  {
    "ID Number": "5604478"
  },
  {
    "ID Number": "5602947"
  },
  {
    "ID Number": "5602599"
  },
  {
    "ID Number": "5600464"
  },
  {
    "ID Number": "5600219"
  },
  {
    "ID Number": "5400120"
  },
  {
    "ID Number": "5602670"
  },
  {
    "ID Number": "5601932"
  },
  {
    "ID Number": "5603544"
  },
  {
    "ID Number": "5600081"
  },
  {
    "ID Number": "5600243"
  },
  {
    "ID Number": "5600910"
  },
  {
    "ID Number": "5603560"
  },
  {
    "ID Number": "5604613"
  },
  {
    "ID Number": "503070"
  },
  {
    "ID Number": "5602181"
  },
  {
    "ID Number": "5603196"
  },
  {
    "ID Number": "5604281"
  },
  {
    "ID Number": "5600545"
  },
  {
    "ID Number": "5600600"
  },
  {
    "ID Number": "5603471"
  },
  {
    "ID Number": "5603080"
  },
  {
    "ID Number": "5604176"
  },
  {
    "ID Number": "5600375"
  },
  {
    "ID Number": "5600618"
  }
]