[
  {
    "ID Number": "30600820",
    "Name": "Daher-Khater, Rochana",
    "Fed": "CAF",
    "Sex": "F",
    "Title": "WCM",
    "WTit": "WCM",
    "OTit": "",
    "Rating": "1567",
    "Gms": "0",
    "K": "40",
    "RatingMonth": "SEP25",
    "B-day": "2008",
    "Flag": "wi"
  },
  {
    "ID Number": "30600782",
    "Name": "Gamba, Merveille-Gloria",
    "Fed": "CAF",
    "Sex": "F",
    "Title": "",
    "WTit": "",
    "OTit": "",
    "Rating": "1498",
    "Gms": "0",
    "K": "20",
    "RatingMonth": "SEP25",
    "B-day": "1997",
    "Flag": "wi"
  },
  {
    "ID Number": "30600332",
    "Name": "Koualet-Bebondi, Vianney Archeveq",
    "Fed": "CAF",
    "Sex": "M",
    "Title": "",
    "WTit": "",
    "OTit": "",
    "Rating": "1803",
    "Gms": "0",
    "K": "20",
    "RatingMonth": "SEP25",
    "B-day": "1996",
    "Flag": "i"
  },
  {
    "ID Number": "30600065",
    "Name": "Kourakoumba, Florent",
    "Fed": "CAF",
    "Sex": "M",
    "Title": "",
    "WTit": "",
    "OTit": "",
    "Rating": "1797",
    "Gms": "0",
    "K": "20",
    "RatingMonth": "SEP25",
    "B-day": "1985",
    "Flag": "i"
  }
]