ID Number,Name,Fed,Sex,Title,WTit,OTit,Rating,Gms,K,RatingMonth,B-day,Flag
14305046,"Abrahams, Adeeb",RSA,M,,,,1759,0,20,AUG25,1971,
534008888,"Abrahams, Brandon",RSA,M,,,,1622,0,40,AUG25,2008,
14396122,"Abrahams, Harrison",RSA,M,,,,1429,0,20,AUG25,2000,
14358859,"Adams, Leonard",RSA,M,,,,1604,0,20,AUG25,2001,i
14346648,"Adamson, Amani",RSA,F,,,,1506,4,40,AUG25,2010,w
14357836,"Adamson, Luke",RSA,M,,,,ACM,1657,7,AUG25,1975,
14346532,"Adamson, Luke Johnathan",RSA,M,,,,1488,0,20,AUG25,1975,i
14303132,"Aguirre, Bryan",RSA,M,,,,2025,0,20,AUG25,1974,i
14309580,"Agulhas, Keegan",RSA,M,FM,,,1996,0,20,AUG25,2000,i
14320657,"Ahjum, Kristen",RSA,F,,,,1454,0,40,AUG25,2008,wi
14320231,"Ahjum, Savannah",RSA,F,WCM,WCM,,1652,0,20,AUG25,2006,wi
14354489,"Ahmed, Abshir Mohammed",RSA,M,,,,1474,0,20,AUG25,1983,i
534008640,"Ahmid, Kaleem",RSA,M,,,,1492,7,20,AUG25,1997,
14324008,"Allie, Ishmael Mikaeel",RSA,M,,,,1587,0,40,AUG25,2008,i
14329522,"Allison, James",RSA,M,,,,1883,0,20,AUG25,2000,i
534028099,"Allison, Spencer",RSA,M,,,,1462,6,40,AUG25,2013,
14376679,"Amachukwu, Joseph",RSA,M,,,,1618,0,40,AUG25,2009,
14323486,"Aphane, Maesela",RSA,M,,,,1617,0,20,AUG25,1976,i
14323303,"Assabi, Ofer",RSA,M,,,,1858,0,20,AUG25,1968,i
14358867,"Atkinson, Craig",RSA,M,,,,1464,0,20,AUG25,1994,i
14323664,"Baatjies, Thsepo",RSA,M,,,,1836,0,20,AUG25,1986,
14316455,"Bagwandeen, Uddhav",RSA,M,,,,1655,0,20,AUG25,1997,i
14373718,"Ballim, Salif",RSA,M,,,,1415,0,40,AUG25,2007,i
14358492,"Banda, Benjamin",RSA,M,,,,1572,0,40,AUG25,2011,
14306468,"Baroa, Hamza",RSA,M,,,,1654,0,20,AUG25,2000,i
14304600,"Barrish, Daniel",RSA,M,FM,,,2183,0,20,AUG25,2000,i
14301440,"Basson, Heinrich",RSA,M,,,,1915,0,20,AUG25,1990,
14321661,"Basson, Jacques",RSA,M,,,,1732,0,20,AUG25,1971,i
14358883,"Beck, Thilo",RSA,M,,,,1407,0,20,AUG25,1994,i
14350890,"Beecum, Viha",RSA,F,,,,1458,0,40,AUG25,2011,w
14353059,"Bell, Ayakha",RSA,M,,,,1678,0,20,AUG25,2006,i
14356929,"Bell, Luke",RSA,M,,,,1610,0,40,AUG25,2012,i
2071010,"Berman, Jacob",RSA,M,,,,1882,0,20,AUG25,1998,i
534028102,"Bernhard, Arthur",RSA,M,,,,1668,7,40,AUG25,2012,
534028110,"Bernhard, Victor",RSA,M,,,,1530,6,40,AUG25,2010,
14312905,"Berrange, Anton",RSA,M,,,,1705,0,20,AUG25,1982,i
14385511,"Bessesen, Joakim",RSA,M,,,,1555,0,40,AUG25,2012,
14318032,"Bester, Carla",RSA,F,,,,1489,0,20,AUG25,2003,wi
14344840,"Bezuidenhout, Lian",RSA,M,,,,1818,9,20,AUG25,2002,
14348071,"Bezuidenhout, Nigel",RSA,M,,,,1606,0,20,AUG25,2003,i
14306484,"Bhawoodien, Mohamed Ozayr",RSA,M,FM,,,2153,0,20,AUG25,1994,i
14300770,"Bhawoodien, Shabir Hussain",RSA,M,FM,,,1980,0,20,AUG25,1963,
14323672,"Bhila, Eddie",RSA,M,,NA,,1707,5,20,AUG25,1986,
14361574,"Billett, Lauren",RSA,M,,,,1400,0,20,AUG25,2005,
534000739,"Biri, Denison",RSA,M,,,,1777,0,40,AUG25,2008,i
14358310,"Blauw, Siyamthanda",RSA,M,,,,1622,0,20,AUG25,2006,i
14332140,"Blomeyer, Chad",RSA,M,,,,1742,0,20,AUG25,2001,i
14329085,"Boheim, Eugene",RSA,M,,,,1522,0,40,AUG25,2009,i
14389509,"Bojana, Singisile",RSA,M,,,,1529,0,40,AUG25,2007,
14324776,"Boonchai, Putthakhun",RSA,M,,,,1612,0,20,AUG25,2006,i
14300370,"Bornheim, Craig",RSA,M,CM,,,1980,0,20,AUG25,1994,i
14356333,"Botha, Chris",RSA,M,,,,1435,0,40,AUG25,2011,
14382148,"Botha, Eduan",RSA,M,,,,1638,0,40,AUG25,2012,i
14376792,"Botha, Johannes Cornel",RSA,M,,,,ACM,1513,5,AUG25,2011,
14351137,"Botha, Tyler",RSA,M,,,,1571,0,40,AUG25,2010,
14356228,"Bothma, Liandri",RSA,F,,,,1517,4,20,AUG25,2006,w
14300818,"Bouah, Denise",RSA,F,WIM,WIM,FI,1786,0,20,AUG25,1980,wi
14300052,"Bouah, Lyndon",RSA,M,CM,,,2051,0,20,AUG25,1973,i
14317117,"Bout, Wanda",RSA,M,,,,1550,0,20,AUG25,1987,
14343860,"Braaf, Jiraan",RSA,M,,,,1940,0,20,AUG25,2005,
14302934,"Bradley, Alan",RSA,M,,,,2054,0,20,AUG25,1971,
14351323,"Brander, Waylon",RSA,M,,,,1855,0,20,AUG25,2005,i
14352265,"Brink, Martin",RSA,M,,,,1634,0,20,AUG25,1972,i
534000615,"Brits, Etienne",RSA,M,,,,1546,0,40,AUG25,2014,
534005471,"Brown, Christopher",RSA,M,,,,1448,0,40,AUG25,2009,
14361078,"Brown, Nathan",RSA,M,,,,1515,0,40,AUG25,2010,
14339161,"Buba, Vukile",RSA,M,,,,1696,0,20,AUG25,2002,i
14320738,"Bucceri, Draven",RSA,M,,,,1735,0,20,AUG25,2000,i
14343509,"Budhram, Kaylee",RSA,F,,,,1548,7,40,AUG25,2012,w
14318962,"Buitendag, Nanique",RSA,F,,,,1474,0,20,AUG25,2004,wi
14361752,"Bumhira, Wilbert",RSA,M,,,,1792,0,20,AUG25,1981,i
14327279,"Buthelezi, Simphiwe",RSA,M,,,,1715,0,20,AUG25,1997,
14339528,"Byliefeldt, Leroux",RSA,M,,,,1518,0,40,AUG25,2009,i
14303248,"Caesar, Chante",RSA,F,,,,1753,0,20,AUG25,1994,wi
14305259,"Caesar, Leon G.",RSA,M,,,,1627,0,20,AUG25,1963,i
14382156,"Calitz, Zandre",RSA,M,,,,1485,0,40,AUG25,2009,i
14352273,"Campher, Keegan",RSA,M,,,,1805,0,20,AUG25,2001,i
14335697,"Carlinsky, Ruan",RSA,M,,,,1778,0,20,AUG25,2002,
14300249,"Cawdery, Daniel",RSA,M,IM,,,2328,0,20,AUG25,1982,i
14320746,"Chakandidano, Nhamo",RSA,M,,,,1617,0,20,AUG25,1982,
14332647,"Chang, Samuel",RSA,M,,,,1642,0,40,AUG25,2010,
14375818,"Changara, Adiel",RSA,M,,,,1450,4,40,AUG25,2011,
14364840,"Changara, Adrian Tafara",RSA,M,,,,1485,4,40,AUG25,2009,
14377241,"Changara, Alvis Tafadzwa",RSA,M,,,,1462,5,40,AUG25,2013,
14303558,"Chappell, Adrian W.",RSA,M,,,,1914,0,20,AUG25,1986,i
534023500,"Chareka, Shawn",RSA,M,,,,1834,0,20,AUG25,2004,
14356457,"Chauke, Nicholus",RSA,M,,,,1600,0,20,AUG25,1998,i
14350610,"Chen, Youlin",RSA,M,,,,1607,0,40,AUG25,2011,
14314126,"Chetty, Cailin",RSA,M,FM,,,1818,0,20,AUG25,2002,i
14346842,"CHIPUNZA, James",RSA,M,,,,1551,0,40,AUG25,2008,
14346850,"CHIPUNZA, Jared",RSA,M,,,,1608,0,40,AUG25,2011,
14351331,"Chironda, Sean Kudzai",RSA,M,,,,1697,0,20,AUG25,2000,i
14305291,"Choko, Siyabonga V.",RSA,M,,,,1993,0,20,AUG25,1983,i
14357186,"Claassen, Raynier",RSA,M,,,,1861,0,40,AUG25,2010,
14382440,"Claassen, Ruwaldo",RSA,M,,,,1655,0,20,AUG25,2006,i
534011757,"Claassen, Stephanus",RSA,M,,,,1709,0,20,AUG25,1995,
14334453,"Coetsee, Dewald",RSA,M,,,,AFM,1700,6,AUG25,2008,
14317532,"Coetzee, Jurgen",RSA,M,,,,1660,0,20,AUG25,1986,i
14332795,"Coetzee, Justin",RSA,M,,,,1607,0,20,AUG25,1986,i
14327074,"Coetzee, Philip Paul",RSA,M,,,,1650,0,20,AUG25,2004,i
14360942,"Coetzee, Schalk",RSA,M,,,,1542,0,40,AUG25,2011,
14383217,"Combrink, Juan-Louis",RSA,M,,,,1823,8,40,AUG25,2010,
14333180,"Congolo, Sipho",RSA,M,,,,1595,0,20,AUG25,1992,
14304570,"Conradie, Andre",RSA,M,,,,1840,0,20,AUG25,1998,i
14364450,"Conradie, Dirk Cornelis Uys",RSA,M,,,,1774,0,40,AUG25,2013,
14340496,"Conradie, Magda",RSA,F,,,,1450,0,20,AUG25,1987,wi
14309742,"Cornforth, Brett",RSA,M,,,,1749,0,20,AUG25,1980,i
14357194,"Cornforth, Rodney",RSA,M,,,,1565,0,20,AUG25,1984,i
14359537,"Cressey, Ryelee Jordan",RSA,M,,,,1505,0,40,AUG25,2009,
534001158,"Crone, Vincent",RSA,M,,,,1665,0,40,AUG25,2007,i
14325187,"Cruywagen, Armand",RSA,M,,,,1726,0,20,AUG25,2003,i
14355183,"Cunningham, Lezerick",RSA,M,,,,1566,0,20,AUG25,1986,i
14353580,"Cuphane, Bandile",RSA,M,,,,1543,0,20,AUG25,2002,
14352303,"Daniels, Reuben",RSA,M,,,,1666,0,40,AUG25,2007,i
14303574,"Danisa, Cyril T.",RSA,M,,,,1835,0,20,AUG25,1963,i
14303582,"Davies, Jason S.",RSA,M,,,,1994,0,20,AUG25,1984,
14305364,"Davies, Shaughn",RSA,M,,,,1777,0,20,AUG25,1983,
534001174,"Dawah, Dhyan",RSA,M,,,,1566,6,40,AUG25,2012,
14307472,"De Abreu, Roberto N",RSA,M,FM,,,2084,0,20,AUG25,1996,i
14385066,"De Beer, Berno",RSA,M,,,,1437,0,20,AUG25,2003,i
14303604,"De Beer, Leon",RSA,M,,,,1752,0,20,AUG25,1995,i
14317982,"De Jager, Luan",RSA,M,,,,1911,0,20,AUG25,2000,i
14378434,"De Kock, Wade",RSA,M,,,,AIM,1694,0,AUG25,2008,
14317320,"de Lange, Christo",RSA,M,,,,1805,0,20,AUG25,1960,
14364867,"De Roos, Riku",RSA,M,,,,1584,0,40,AUG25,2009,i
14330733,"De Swardt, Eduan",RSA,M,,,,1620,0,20,AUG25,2005,i
14363097,"De Villiers, Ammen Mohammed",RSA,M,,,,1687,0,20,AUG25,2001,
14300028,"De Villiers, Charles",RSA,M,FM,,,2071,0,20,AUG25,1953,i
14360535,"de Villiers, HJ",RSA,M,,,,1489,3,40,AUG25,2010,
14325993,"De Vries, Matthys Andrio",RSA,M,,,,1456,0,40,AUG25,2008,i
410802,"Dekker, Alain",RSA,M,,,,2007,0,20,AUG25,1973,
14324636,"Delport, Ben",RSA,M,,,,1532,0,20,AUG25,2006,i
14359561,"Devine, Cody",RSA,M,,,,1742,0,40,AUG25,2010,i
14341670,"Deysel, Hannah",RSA,F,,,,1525,0,40,AUG25,2010,w
14341662,"Deysel, Kaleb",RSA,M,,,,1773,0,40,AUG25,2011,
14351960,"Difotso, Lebogang",RSA,M,,,,1767,0,40,AUG25,2008,
14372002,"Dikolomela, Tlhogi",RSA,F,,,,1476,6,40,AUG25,2011,w
14327023,"Dinham, James",RSA,M,,,,1962,9,20,AUG25,2003,
534013180,"Diseko, Rethabile",RSA,M,,,,1401,5,40,AUG25,2009,
14330512,"Dlamini, Valentino",RSA,M,,,,1633,5,20,AUG25,2004,
14338017,"Dove, Megan",RSA,F,,,,ACM,1512,0,AUG25,2007,wi
14346885,"DRISCOLL, Samuel",RSA,M,,,,ACM,1577,0,AUG25,2013,i
14373742,"Dsouza, Ethan",RSA,M,,,,1447,0,40,AUG25,2014,i
14318610,"Du Plessis, Anika",RSA,F,WIM,WIM,SI,1736,0,20,AUG25,2000,wi
14311127,"du Plessis, Christiaan Roedolf",RSA,M,,,,1477,0,20,AUG25,1970,i
14306263,"Du Plessis, Heinco",RSA,M,,NA,,1990,0,20,AUG25,1994,i
14323168,"du Plessis, Jan",RSA,M,,,,1674,0,20,AUG25,2002,i
14377594,"Du Plessis, Johan",RSA,M,,,,1416,0,20,AUG25,1963,i
534009264,"Du Preez, Anneke",RSA,F,,,,1569,0,40,AUG25,2014,w
14347776,"DU PREEZ, Dillon",RSA,M,,,,1448,0,20,AUG25,2006,
123105276,"du Toit, Daniel",RSA,M,,,,AFM,1496,0,AUG25,2011,i
14303400,"Du Toit, Stefan",RSA,M,FM,,,1906,0,20,AUG25,1995,i
14365707,"Dukhan, Kashvir",RSA,M,,,,1766,5,40,AUG25,2008,
14307510,"Durow, Neil",RSA,M,,,,1953,0,20,AUG25,1959,i
14333260,"Dvir, Omer",RSA,M,,,,1599,0,20,AUG25,2006,i
14316544,"Dykema, Dirkho",RSA,M,,,,1735,0,20,AUG25,2002,i
14316552,"Dykema, Joshua",RSA,M,CM,,,1653,0,20,AUG25,2005,i
14317419,"Dykema, Reint",RSA,M,,,,1557,0,20,AUG25,1969,i
14332825,"Dyzel, Pieter",RSA,M,,,,1671,0,20,AUG25,1999,i
14388723,"Egeonu, Chigozie",RSA,M,,,,2012,0,20,AUG25,2005,
14306859,"Engelbrecht, Hanri",RSA,F,WFM,WFM,NA,1734,0,20,AUG25,2002,wi
14302349,"Enslin, Stefan",RSA,M,,,,1888,0,20,AUG25,1993,i
14300990,"Erlank, Warrick",RSA,M,,,,1966,0,20,AUG25,1982,i
14301407,"Esau, Omar",RSA,M,,,,1781,0,20,AUG25,1964,i
14316560,"Essa, Naseem Ahmed",RSA,M,FM,,,1930,0,20,AUG25,2003,i
14307545,"Essop, Rashied",RSA,M,,,,1526,5,20,AUG25,1974,
14318512,"Fakude, Hopewell",RSA,M,CM,,,1925,0,20,AUG25,2000,i
14312336,"February, Jesse Nikki",RSA,F,WIM,WIM,,1930,0,20,AUG25,1997,w
14339544,"Felix, Raphael",RSA,M,CM,,,1932,0,40,AUG25,2010,
14312930,"Fibiger, Jethro Nathanael",RSA,M,,,,1687,0,20,AUG25,2002,i
14322447,"Findlay, Michael",RSA,M,,,,1913,0,20,AUG25,1966,i
14341310,"Flattery, Tyrel",RSA,M,,,,1745,0,20,AUG25,1972,
14313243,"Flores Bartoli, Andrew",RSA,M,CM,,,1795,0,20,AUG25,2000,i
14346907,"FOBO, Solomzi",RSA,M,,,,1701,0,20,AUG25,1993,
14324865,"Fourie, Brandon",RSA,M,,,,1728,0,20,AUG25,2005,i
14326108,"Fourie, Keanan",RSA,M,,,,1503,0,40,AUG25,2007,i
14306450,"Fourie, Louhan",RSA,M,,,,1752,0,20,AUG25,2001,i
14337762,"Francis, Aaron",RSA,M,,,,1502,8,40,AUG25,2007,
14322943,"Frank, Daniel",RSA,M,,,,1732,0,20,AUG25,1999,i
14331608,"Fredericks, Ludwig Jonathan",RSA,M,,,,1798,0,20,AUG25,1975,i
14338211,"Freeman, Vianco",RSA,M,,,,1677,0,20,AUG25,2005,i
534000798,"Fulumeni, Lunga",RSA,M,,,,1551,0,20,AUG25,1996,i
534011560,"Furstenburg, Olivier",RSA,M,,,,1554,0,40,AUG25,2009,
14322773,"Galant, Warren",RSA,M,,,,1824,0,20,AUG25,1997,i
14305437,"Galleid, Stephen",RSA,M,,,,1757,0,20,AUG25,1953,
14368773,"Gandasarakula, Nibhish",RSA,M,,,,1582,0,40,AUG25,2012,
14370336,"Gcwabe, Othandwayo",RSA,M,,,,1469,0,40,AUG25,2007,
534011943,"Gemmell, Ryan",RSA,M,,,,1421,4,40,AUG25,2013,
123110202,"Gemmell, Zac",RSA,M,,,,1577,4,40,AUG25,2009,
14350807,"George, Aaron",RSA,M,,,,1453,0,40,AUG25,2013,
14374595,"George, Vijay Georgey",RSA,M,,,,1617,0,40,AUG25,2008,
14365766,"Glass, Aharon",RSA,M,,,,1479,0,40,AUG25,2009,i
14300010,"Gluckman, David",RSA,M,IM,,,2240,0,20,AUG25,1966,i
14309513,"Gluckman, Paul",RSA,M,FM,,,1988,0,20,AUG25,2002,i
14373220,"Goel, Rajita",RSA,F,,,,1610,0,40,AUG25,2012,wi
14317737,"Goldberg, Shmuel",RSA,M,,,,1988,0,20,AUG25,1998,i
14311887,"Goredema, Dione",RSA,M,,,,AFM,1899,0,AUG25,1997,
14362457,"Gounder, Arun",RSA,M,,,,1457,0,40,AUG25,2009,i
14311496,"Govender, Eli Jordan",RSA,M,,,,1738,0,20,AUG25,2003,i
14356376,"Greeff, Andries",RSA,M,,,,1531,0,40,AUG25,2010,i
14355302,"Greeff, Reginald",RSA,M,,,,1456,0,20,AUG25,1981,i
14307650,"Grobbelaar, Jacqui",RSA,F,,,,1723,0,20,AUG25,1994,w
14318814,"Grobler, Marco",RSA,M,,,,1516,0,20,AUG25,2004,i
14373181,"Grove, Emily",RSA,F,,,,1485,0,40,AUG25,2009,w
14357380,"Guldenpfennig, Reinhardt",RSA,M,,,,1588,0,20,AUG25,2000,i
14363160,"Guo, Aleks",RSA,M,,,,1456,0,40,AUG25,2012,i
14372266,"Gupta, Akul",RSA,M,,,,1491,0,40,AUG25,2013,
14371634,"Gurayah, Tharshey",RSA,M,,,,1535,0,40,AUG25,2013,i
534018662,"Habangana, Bushe",RSA,M,,,,1556,5,40,AUG25,2011,
14394537,"Habedank, Tristan",RSA,M,,,,1847,0,20,AUG25,2006,i
14348411,"Halter, Prince",RSA,M,,,,1686,0,20,AUG25,2003,
14302977,"Hanekom, Johannes Albertus Jan",RSA,M,CM,,,1983,0,20,AUG25,1993,i
14318520,"Hansen, Marcques",RSA,M,,,,1807,0,20,AUG25,2000,i
14345900,"Hansrajh, Jitrakorn",RSA,M,,,,1638,0,20,AUG25,2003,i
14369753,"Harmse, Deon",RSA,M,,,,1627,0,20,AUG25,2006,i
14369761,"Harmse, Jaques",RSA,M,,,,1532,0,20,AUG25,2006,i
14311500,"Hastie, Sachin",RSA,M,,,,1751,0,20,AUG25,1998,
14324210,"Havenga, Louis",RSA,M,,,,1804,0,20,AUG25,1984,i
14368501,"Hayward, Catherine",RSA,F,,,,1629,0,40,AUG25,2007,wi
14342774,"Hemeni, Simamnkele",RSA,M,,,,1887,0,20,AUG25,2002,i
14322960,"Hempe, Lilitha",RSA,M,,,,1851,0,20,AUG25,1999,i
14357453,"Henning, Chris",RSA,M,,,,1630,0,40,AUG25,2008,i
14301938,"Hercules, Benjamin Vincent",RSA,M,CM,,,2152,0,20,AUG25,1991,i
14344076,"Herder, Jovanne",RSA,M,,,,1610,0,20,AUG25,2004,i
14352338,"Higham, Ethan",RSA,M,,NA,,1596,0,20,AUG25,2006,i
14330539,"Hlalele, Joe",RSA,M,,,,1640,0,20,AUG25,1971,i
534008799,"Hlatshwayo, Amukelani",RSA,M,,,,1681,6,20,AUG25,2003,
14328577,"Hlengwa, Jabulani",RSA,M,,,,1582,0,20,AUG25,2003,i
14373904,"Hlwempu, Likamva",RSA,M,,,,1575,0,20,AUG25,2006,i
14305470,"Hodgson, Timothy F.",RSA,M,,,,1867,7,20,AUG25,1986,
14375419,"Holtzhausen, Reinhard",RSA,M,,,,ACM,1602,0,AUG25,1994,
14319136,"Huo, Jiajian",RSA,M,,,,1795,0,20,AUG25,1993,i
14352346,"Jaars, Thomas",RSA,M,,,,1674,0,20,AUG25,1998,i
14336200,"Jack, Azile",RSA,M,,,,1790,0,20,AUG25,2001,
14333279,"Jacobs, Calvin Nicholas",RSA,M,,,,1961,8,40,AUG25,2009,
14340852,"Jacobs, Gerhard",RSA,M,,,,1470,0,20,AUG25,1977,i
14307715,"Jacobs, Kevin T",RSA,M,,,,1899,0,20,AUG25,1978,i
14310031,"Jacobs, Silveano",RSA,M,,,,1813,0,20,AUG25,1993,i
14333287,"Jacobs, Tiaan Benjamin",RSA,M,,NA,,1582,0,40,AUG25,2007,i
14303175,"James, Michael",RSA,M,,,,2002,0,20,AUG25,1990,i
14352362,"Jantjies, Jason",RSA,M,,,,1657,0,20,AUG25,1988,i
14301628,"Jenkins, Tauriq",RSA,M,,,,1691,4,20,AUG25,0,
14338033,"Jikijela, Anisha",RSA,F,,,,1474,0,40,AUG25,2007,w
14307740,"Jikijela, Musa",RSA,M,,,,1779,0,20,AUG25,1978,
14339781,"Johnson, Lakeisha",RSA,F,,,,1420,0,40,AUG25,2009,wi
14339587,"Jones, Edward",RSA,M,,,,1508,0,40,AUG25,2009,i
14337827,"Jones, William",RSA,M,,,,1850,0,40,AUG25,2007,i
14379325,"Jonker, Tertius",RSA,M,,,,1431,7,40,AUG25,2012,
14321440,"Jonker, Waldo",RSA,M,,,,1764,0,20,AUG25,1967,i
14352370,"Joseph, Cohen-Lee",RSA,M,,NA,,1668,0,20,AUG25,1995,i
14310813,"Joubert, Dantelle",RSA,F,WFM,WFM,SI,1704,0,20,AUG25,2000,wi
14313260,"Joubert, Natasha",RSA,F,WCM,WCM,,1671,0,20,AUG25,2005,w
14346036,"Jugree, Abhay",RSA,M,,,,ACM,1481,0,AUG25,2012,i
14346044,"Jugree, Arav",RSA,M,,,,AFM,1703,0,AUG25,2009,i
14300788,"Jurgensen, Graham",RSA,M,CM,,,1965,0,20,AUG25,1979,i
14310066,"Kabi, Thato",RSA,M,,,,1845,0,20,AUG25,1993,i
14324490,"Kadenhe, Tristen",RSA,M,,,,1804,0,20,AUG25,2000,i
14377276,"Kalimashe, Tshireletso",RSA,M,,,,1632,6,40,AUG25,2012,
14360977,"Kapp, Sebastian",RSA,M,,,,1579,7,40,AUG25,2012,
14338270,"Kariem, Shakir",RSA,M,,,,1636,0,20,AUG25,2006,i
14381605,"Kazadi, Elisha",RSA,M,,,,1746,0,40,AUG25,2008,i
534024301,"Khalife, Arham",RSA,M,,,,1625,6,40,AUG25,2012,
14307790,"Khanyile, Wandumuzi Siphephelo",RSA,M,,,,1868,0,20,AUG25,1989,i
14322790,"Kheswa, Itumeleng",RSA,M,,,,1705,0,20,AUG25,1997,i
14303795,"Khondowe, Davidson",RSA,M,,,,1870,0,20,AUG25,1970,i
14359006,"Khulu, Sibahle",RSA,M,,,,1616,0,20,AUG25,2001,
14319470,"Khumalo, Keith",RSA,M,CM,,,2147,5,20,AUG25,2001,
14370565,"King, Jaymie",RSA,M,,,,1514,6,40,AUG25,2015,
14300133,"Klaasen, Calvin John",RSA,M,FM,FT,,2270,0,20,AUG25,1987,i
14301725,"Klaver, Cornelis",RSA,M,,,,1999,9,20,AUG25,1981,
14321556,"Kleinsmidt, Cherwin",RSA,M,,,,1892,0,20,AUG25,1994,
14313332,"Klevansky, Aron",RSA,M,CM,,,1924,0,20,AUG25,2000,i
14322463,"Kleyn, Andrew",RSA,M,,,,1833,0,20,AUG25,1963,i
14300141,"Kobese, Watu",RSA,M,IM,FT,,2296,0,20,AUG25,1973,i
14307820,"Kolver, Chris",RSA,M,CM,,,1983,0,20,AUG25,1999,i
14377683,"Koopman, Tyler",RSA,M,,,,1577,0,40,AUG25,2010,i
14386801,"Kotzee, Wesley",RSA,M,,,,1562,0,20,AUG25,1993,i
14370182,"Koutsouvelis, Joshua",RSA,M,,,,1573,0,40,AUG25,2011,
14340577,"Kritzinger, Andre",RSA,M,,,,AFM,1709,0,AUG25,1982,i
14300206,"Kromhout, Ewan",RSA,M,,,,1950,0,20,AUG25,1957,i
14359685,"Kruger, Aiden",RSA,M,,,,1576,0,40,AUG25,2010,i
534011960,"Kruger, Ivan",RSA,M,,,,1584,0,20,AUG25,1998,
14351633,"Kruger, Neeke",RSA,M,,,,1674,0,40,AUG25,2007,i
14371162,"Kubheka, Lunga",RSA,M,,,,1591,0,20,AUG25,2005,
14364123,"Kula, Vuyani",RSA,M,,,,1708,6,20,AUG25,2005,
14322471,"Kushar, Michael",RSA,M,,,,1898,0,20,AUG25,1966,i
14328828,"Lagardien, Ismaeel",RSA,M,,,,1757,7,40,AUG25,2007,
14389010,"Lambrechts, Madison",RSA,F,,,,1535,0,40,AUG25,2014,w
14332868,"Landman, Johan",RSA,M,,,,1620,11,40,AUG25,1972,
14314070,"Laureles, Raymundo",RSA,M,,,,1704,3,20,AUG25,1956,
14324237,"Laurie, John D",RSA,M,,,,2050,0,20,AUG25,1971,i
14341280,"Le Grange, Rauen",RSA,M,,,,1782,0,20,AUG25,1996,i
14330040,"Lee, Joshua",RSA,M,,,,1795,0,20,AUG25,1999,i
534008802,"Lehong, Thully",RSA,M,,,,1439,0,20,AUG25,1992,
14318466,"Lekalakala, Ernest",RSA,M,,,,1927,0,20,AUG25,1999,i
14307928,"Lekgau, Mothupi",RSA,M,,,,1890,2,20,AUG25,1994,
14326906,"Leslie-Smith, Lance",RSA,M,,IA,,1799,0,20,AUG25,2002,
14303841,"Lesuthu, Kali M.",RSA,M,,,,1712,0,20,AUG25,1982,
14303850,"Letsoalo, Peter M.",RSA,M,,,,AFM,1741,0,AUG25,1977,
14332620,"Levitan, Caleb Levi",RSA,M,IM,,,2139,9,40,AUG25,2010,
14332639,"Levitan, Judah Nathan",RSA,M,FM,,,1969,19,40,AUG25,2010,
14327252,"Levy, Darren",RSA,M,,,,1807,0,20,AUG25,1978,i
14337851,"Lewaks, Shaundre",RSA,M,,,,ACM,1534,0,AUG25,2008,i
14305674,"Lewis, Mark Mm.",RSA,M,,,,1952,0,20,AUG25,1962,i
14361604,"Li, Zhengfei",RSA,M,,,,AIM,1786,6,AUG25,2009,
14328305,"Liang, Yi-Xuan",RSA,M,,,,1420,0,40,AUG25,2011,i
14361787,"Liao, Jingpu",RSA,M,,,,1703,0,20,AUG25,2005,i
14337860,"Lin, Chenyi",RSA,M,,,,1632,0,40,AUG25,2007,
14381176,"Lombaard, Jowayne",RSA,M,,,,1558,0,20,AUG25,2003,
14325810,"Lombard, Luke",RSA,M,,,,1725,0,20,AUG25,2002,i
14307944,"Londt, Christopher P",RSA,M,,,,1801,0,20,AUG25,1993,i
14332582,"Longano, Anthony",RSA,M,,,,1846,0,20,AUG25,1981,i
14320509,"Longano, Michael Nicholas",RSA,M,,,,1946,0,20,AUG25,1979,i
534028196,"Loon, Marc",RSA,M,,,,1601,7,40,AUG25,1970,
14380935,"Louw, Frederik",RSA,M,,,,1730,0,20,AUG25,1998,
14303868,"Louw, Gideon N.",RSA,M,,,,1853,0,20,AUG25,1979,i
14305704,"Louw, Llewellyn T.",RSA,M,,,,1734,0,20,AUG25,1984,
534005234,"Louw, Lukas",RSA,M,,,,1416,0,40,AUG25,2013,
14320754,"Lukhwareni, Nkhumbuleni",RSA,M,,,,1657,0,20,AUG25,1987,
14310120,"Lynch, Justin",RSA,M,,,,1870,0,20,AUG25,1999,i
14354438,"Mabotja, Justice Kgahlego",RSA,M,,,,1474,0,20,AUG25,1996,i
14300702,"Mabusela, Johannes Manyedi",RSA,M,IM,"FT,NA",,2199,6,20,AUG25,1984,
14339560,"Mac Kenzie, Tayden",RSA,M,,,,1463,0,40,AUG25,2010,i
14324610,"Macdonald, Devon",RSA,M,,,,1731,8,40,AUG25,1997,
14353067,"Macheka, Clayton",RSA,M,,SI,,1772,0,20,AUG25,2004,
14396211,"Mackinna, Cashlin",RSA,M,,,,1541,0,40,AUG25,2009,
72300540,"Mackintosh, Michaella",RSA,F,,,,1425,0,40,AUG25,2008,wi
14308010,"Madiba, Carpediem M",RSA,M,,,,1830,0,20,AUG25,1994,i
14398435,"Madibe, Sibusiso",RSA,M,,,,1609,7,40,AUG25,1987,
14308029,"Mafanya, Kulasande",RSA,M,,,,1929,0,20,AUG25,1990,
14323265,"Magagula, Raymond",RSA,M,,,,1775,0,20,AUG25,1983,
14325829,"Magangwe, Ephraim",RSA,M,,,,1638,0,20,AUG25,1992,i
14376148,"Magugu, Cwenga",RSA,M,,,,1536,0,40,AUG25,2007,
14350696,"Mahadeo, Shreeya",RSA,F,,,,1533,0,40,AUG25,2010,wi
14334623,"Mahlangu, Sello",RSA,M,CM,,,2002,7,20,AUG25,2001,
14303876,"Mahomole, Mahlodi Joe",RSA,M,,,,1727,5,20,AUG25,1962,
14323508,"Mailula, Matsobane",RSA,M,,,,1956,0,20,AUG25,1994,
14332051,"Majebe, Civenga Frederick",RSA,M,,,,1801,0,20,AUG25,1995,i
534005501,"Makanando, Kungawo",RSA,M,,,,1574,0,40,AUG25,2007,
14372487,"Makatwane, Lethabo",RSA,M,,,,1486,0,20,AUG25,2000,
14343665,"Makaula, Vumankosi",RSA,M,,,,1664,0,20,AUG25,2005,i
14339315,"Makhetha, Tshepo",RSA,M,,,,1719,0,20,AUG25,2002,i
14368218,"Makhoba, Sibusiso",RSA,M,,,,1571,0,20,AUG25,2003,
14311283,"Makhosonke, Kuhlase Matthiolus",RSA,M,,,,1840,0,20,AUG25,1984,i
14396220,"Makhubela, Samuel Thabiso",RSA,M,,,,1550,0,20,AUG25,2002,
14339340,"Makondo, Bafana",RSA,M,,,,1863,0,20,AUG25,1986,i
14352249,"Makwana, Adolf",RSA,M,,,,1725,8,20,AUG25,2000,
14356473,"Malaba, Ushindi",RSA,M,,,,1690,0,20,AUG25,2001,i
14303892,"Malatji, Lackson M.",RSA,M,,,,1854,0,20,AUG25,1968,i
14338661,"Maletta, Legene",RSA,F,,,,1487,0,20,AUG25,2005,wi
14329395,"Malgas, Glenwell",RSA,M,,,,1856,0,20,AUG25,1980,i
14392240,"Malherbe, Jeevan",RSA,M,,,,1506,0,40,AUG25,2012,i
14371642,"Mallach, Daniel",RSA,M,,,,1483,0,40,AUG25,2013,
14316331,"Maluleke, Pfumelani",RSA,M,,NA,,1759,0,20,AUG25,1986,
14308134,"Mamonyane, Thabang",RSA,M,,,,1916,0,20,AUG25,1996,
14328399,"Manaba, Thembani",RSA,M,,,,1789,0,20,AUG25,1994,i
14336332,"Manale, Remy",RSA,M,,,,1498,0,20,AUG25,2001,i
14376776,"Manana, Kenneth",RSA,M,,,,1733,0,20,AUG25,1976,
14360985,"Mangala, Sibonelo",RSA,M,,,,1605,0,40,AUG25,2011,
14319845,"Manganye, Tshepiso",RSA,M,,,,1702,0,20,AUG25,1985,i
14393514,"Mangcotwya, Lihle",RSA,M,,,,1534,0,40,AUG25,2007,
14334798,"Mankga, Thabang",RSA,M,,,,1837,8,20,AUG25,2004,
14308150,"Mantati, Victor S",RSA,M,,,,1786,0,20,AUG25,1990,i
14320959,"Manyama, Ronald",RSA,M,,,,1726,0,20,AUG25,1972,i
14343100,"Maponya, Kabelo",RSA,M,,,,1661,0,20,AUG25,2000,i
14340607,"Maponya, Khutso",RSA,M,,,,1638,0,20,AUG25,1997,i
14313278,"Marais, Alwyn Johannes",RSA,M,,,,1507,0,20,AUG25,2005,i
14360373,"Marais, Charl",RSA,M,,,,1569,0,20,AUG25,2004,i
14309440,"Marais, Daniel",RSA,M,,,,1890,0,20,AUG25,2000,i
14313286,"Marais, Dawid Jacobus",RSA,M,,,,1559,0,20,AUG25,2002,i
14360381,"Marais, Willie",RSA,M,,,,1636,0,20,AUG25,1965,i
14305712,"Mare, Eben",RSA,M,,,,1941,0,20,AUG25,1988,i
14387719,"Marimuthu, Shaylen",RSA,M,,,,1507,0,40,AUG25,2009,
14353172,"Maritz, Andreas",RSA,M,,,,1578,0,20,AUG25,1984,i
14311569,"Marketos, Richard Matthew",RSA,M,,,,1740,0,20,AUG25,2003,i
14334224,"Martin, Nico",RSA,M,,,,1845,0,20,AUG25,2002,i
14378752,"Maruma, Kamogelo",RSA,M,,,,1510,0,40,AUG25,2011,i
14357461,"Maruma, Katlego",RSA,M,,,,1461,0,40,AUG25,2007,i
14397528,"Masango, Sobangane",RSA,M,,,,1543,0,40,AUG25,2009,i
14388510,"Masha, Letago",RSA,M,,,,1635,0,40,AUG25,2007,i
14343711,"Mashao, Botlhale",RSA,M,,,,1594,0,20,AUG25,2004,
14372703,"Mashele, Ethan",RSA,M,,,,1691,0,20,AUG25,2004,
14375869,"Mashiane, Hlaba Fanny Zweli",RSA,M,,,,1737,0,20,AUG25,1980,i
14341000,"Mashishi, Thato",RSA,M,,,,1436,0,20,AUG25,1996,
14305755,"Mashope, Mpho D.",RSA,M,,,,1791,0,20,AUG25,1985,i
14368145,"Mashutu, Maile",RSA,M,,,,1794,0,20,AUG25,1999,
14372495,"Masilela, Ntokozo",RSA,M,,,,1672,0,20,AUG25,2000,
14362880,"Masinga, Ayanda",RSA,M,,,,1780,0,20,AUG25,2002,
14321114,"Masiya, Mfundo",RSA,M,,,,1879,0,20,AUG25,1999,
534009612,"Masoeu, Senogo",RSA,M,,,,1491,1,40,AUG25,2013,
14328771,"Mathebula, Xolani Cebo",RSA,M,,,,1844,8,20,AUG25,1997,
14353180,"Mathivha, Phathutshedzo",RSA,M,,,,1820,0,20,AUG25,1981,i
14341093,"Mathonsi, Innocent",RSA,M,,,,1796,0,20,AUG25,1995,
14322609,"Matsaung, Thapelo Isack",RSA,M,,,,1805,0,20,AUG25,1997,i
14348489,"Matshego, Thato",RSA,F,,,,1496,0,40,AUG25,2007,wi
14357402,"Maumbi, Kevin Tafadzwa",RSA,M,,,,1419,0,20,AUG25,1987,i
14368927,"Mavimbela, Themba",RSA,M,,,,1463,0,20,AUG25,2004,
14308258,"Mavukani, Mafemani",RSA,M,,,,1703,0,20,AUG25,1967,i
14394812,"Maweni, Cwenga",RSA,M,,,,1426,0,40,AUG25,2009,
14368099,"Mawere, Justice",RSA,M,,,,1551,0,20,AUG25,2001,
14361833,"Maweya, Given",RSA,M,,,,1896,0,20,AUG25,1900,i
534005510,"Mayo, Esinaye",RSA,M,,,,1463,0,40,AUG25,2009,
534010947,"Mazibuko, Asimthande",RSA,M,,,,1555,9,20,AUG25,2006,
14321041,"Mazibuko, Khanya",RSA,M,CM,,,1950,8,20,AUG25,2001,
14364239,"Mazikana, Ethan",RSA,M,,,,ACM,1524,0,AUG25,2012,
14320789,"Mazo, Donald",RSA,M,,,,1796,7,20,AUG25,1984,
534011617,"Mbewe, Tatenda",RSA,M,,,,ACM,1565,0,AUG25,2009,
14328593,"Mbhele, Nkululeko",RSA,M,,,,1651,0,20,AUG25,2000,i
14330067,"Mcilree, James",RSA,M,,,,1780,0,20,AUG25,2000,i
14325250,"Mcintosh, Austin",RSA,M,,,,1455,0,20,AUG25,2004,i
14357470,"Mcmanus, Dale",RSA,M,,,,1503,0,20,AUG25,2002,
14342316,"Mcphail, Ryan",RSA,M,,,,1560,0,40,AUG25,2008,i
534028226,"McQue, Jason",RSA,M,,,,1477,7,40,AUG25,1992,
14347083,"MDLATU, Lilitha",RSA,M,,,,1624,0,20,AUG25,1999,
14348667,"Mehlape, Tebogo Given",RSA,M,,,,1695,0,20,AUG25,2001,i
14319225,"Meiboom, Cornelis",RSA,M,,,,1873,0,20,AUG25,1957,i
14303108,"Meintjes, Jacques C.",RSA,M,,,,1933,0,20,AUG25,1981,i
14332566,"Meise, Keagen",RSA,M,,,,AIM,1748,6,AUG25,2006,
534005781,"Memeh, Chime",RSA,M,,,,1759,5,40,AUG25,2010,
14308274,"Menyuku, Boitumelo Oscar",RSA,M,,,,1858,0,20,AUG25,1987,i
14326477,"Menyuku, Madimetja William",RSA,M,,,,1822,0,20,AUG25,1997,i
14359065,"Meyer, Jared",RSA,M,,,,1732,0,20,AUG25,2005,i
14332906,"Meyer, Pravin",RSA,M,,,,1500,0,20,AUG25,1985,i
14310244,"Mfazwe, Lutho",RSA,M,,SI,,2002,0,20,AUG25,1995,
14320797,"Mfundisi, Sandile",RSA,M,,,,1925,0,20,AUG25,1992,i
14374684,"Mgweba, Elam",RSA,M,,,,1768,0,40,AUG25,2008,
14327040,"Mhango, Banele",RSA,M,FM,,,2246,8,20,AUG25,2003,
14359081,"Michaels, Antonio",RSA,M,,,,1600,0,40,AUG25,2007,i
14310260,"Milford, Eugene",RSA,M,,,,1845,0,20,AUG25,1992,i
14318687,"Millard, Chad",RSA,M,,,,1699,0,20,AUG25,2002,i
14320363,"Millard, Charlotte",RSA,F,WCM,WCM,,1539,0,20,AUG25,2006,wi
534023720,"Mini, Siboniso",RSA,M,,,,1791,5,20,AUG25,2006,
14341824,"Minnaar, Ethan",RSA,M,,,,1524,0,20,AUG25,2005,i
14329654,"Mintoor, Donvito",RSA,M,,,,1537,0,20,AUG25,2000,
14357119,"Mitchell, Vanadium",RSA,M,,,,1520,3,20,AUG25,2006,
14339129,"Mitchells, Jamie-Lee",RSA,F,,,,1482,0,20,AUG25,2003,w
14365952,"Mittermaier, Gunther",RSA,M,,,,1479,0,40,AUG25,2009,
14359324,"Mizen, Daniel",RSA,M,,,,1600,0,20,AUG25,2006,i
14374021,"Mjiba, Musa",RSA,M,,,,1568,0,40,AUG25,2007,
14322633,"Mkhonza, Mduduzi",RSA,M,,,,1836,0,20,AUG25,1989,i
14340348,"Mkoko, Siphamandla",RSA,M,,,,1859,0,20,AUG25,1998,
14346559,"Mkotong, Boipelo",RSA,M,,,,1751,0,20,AUG25,2004,i
14371650,"Mkotong, Reagile",RSA,M,,,,1593,0,40,AUG25,2013,i
14318539,"Mlahleki, Vusimuzi",RSA,M,,,,1981,0,20,AUG25,2001,
14355086,"Mlambo, Ishmael",RSA,M,,,,1892,7,40,AUG25,2007,
14324350,"Mncwabe, Minenhle Junior",RSA,M,,NA,,1797,0,20,AUG25,1997,i
14320908,"Mnguni, Jacob Dumisani",RSA,M,CM,,,2037,8,20,AUG25,1992,
14343371,"Mnyasta, Charlton",RSA,M,,,,2063,0,20,AUG25,2005,
14339447,"Mnyasta, Tezihano",RSA,M,,,,1799,0,20,AUG25,2005,
14322226,"Moagi, Ntuma",RSA,M,CM,,,1573,0,20,AUG25,2005,i
14398460,"Mockson, Rivaldo",RSA,M,,,,1695,0,20,AUG25,2000,
14316692,"Modi, Sonia",RSA,F,WCM,WCM,,1915,0,20,AUG25,2003,wi
14310880,"Modi, Yashil",RSA,M,FM,,,1999,0,20,AUG25,2005,i
14331713,"Modirwa, Ofentse",RSA,M,,,,1765,9,20,AUG25,2002,
14325632,"Modisaotsile, Botlhale",RSA,M,,,,1594,0,20,AUG25,1998,
14331926,"Moeti, Phenyo",RSA,M,,,,1424,0,20,AUG25,2001,
534000453,"Mogaladi, Yoran",RSA,M,,,,1488,7,40,AUG25,1975,
14336669,"Mohale, Malema",RSA,M,,,,1702,0,20,AUG25,1999,i
14303990,"Mohamed, Adil",RSA,M,,,,1654,0,20,AUG25,1991,i
14322765,"Mohlahlana, Khomotso Tummy",RSA,M,,,,1546,0,20,AUG25,1999,i
14372312,"Mojapelo, Dakalo",RSA,M,,,,1699,0,40,AUG25,2012,
14330075,"Mokgadi, Tiisetso",RSA,M,,,,1795,0,20,AUG25,1992,i
14352117,"Mokitimi, Unathi",RSA,M,,,,1544,0,20,AUG25,2005,
14333198,"Mokoena, Lebohang",RSA,M,,,,1644,0,20,AUG25,1992,i
14355710,"Mokoena, Mojalefa",RSA,M,,,,1571,0,20,AUG25,2002,
14308380,"Mokomele, Andrew",RSA,M,,,,1820,0,20,AUG25,1974,
14308398,"Molebatsi, Teboho",RSA,M,,,,1864,0,20,AUG25,1976,i
14326523,"Molefe, Sandile",RSA,M,,,,1574,0,20,AUG25,1974,i
534027343,"Molefe, Thabiso",RSA,M,,,,1726,8,40,AUG25,1999,
14310317,"Molepo, Maropeng Quintallion",RSA,M,,,,1837,0,20,AUG25,1995,i
14357879,"Moletsane, David",RSA,M,,,,1606,0,20,AUG25,1996,i
14340887,"Molobi, Gomolemo",RSA,M,,,,1600,0,20,AUG25,1999,
14311593,"Molomo, Madimetja Jackson",RSA,M,,,,1864,0,20,AUG25,1982,i
14359901,"Molusi, Katlego",RSA,M,,,,AFM,1536,5,AUG25,2007,
14367980,"Monchusi, Obusitse Dimpho",RSA,M,,,,1565,9,20,AUG25,2001,
14372096,"Monteiro Correia, Maya",RSA,F,,,,1515,0,40,AUG25,2009,w
14316714,"Moore, Darren",RSA,M,,,,1604,0,20,AUG25,2003,i
14316722,"Moore, Jayden",RSA,M,,,,1653,0,20,AUG25,2003,i
14319055,"Moremi, Thato",RSA,M,,,,1771,0,20,AUG25,1999,i
14366550,"Moribane, Dikano",RSA,M,,,,1737,0,20,AUG25,2006,
14349973,"Moseri, Lebogang",RSA,M,,,,1721,0,20,AUG25,2001,i
14301610,"Mosetlhe, Kgaugelo",RSA,M,,,,2131,0,20,AUG25,1985,i
14386712,"Mostert, Remi",RSA,M,,,,1690,0,20,AUG25,2004,i
14328615,"Mosweu, Moses",RSA,M,,,,AFM,1879,0,AUG25,1993,i
534028234,"Motaung, Karabo",RSA,M,,,,1796,7,40,AUG25,1999,
14334607,"Motaung, Lehlohonolo",RSA,M,,,,1793,0,20,AUG25,2001,i
14331322,"Mothata, Omaatla Aobakwe",RSA,M,,,,1524,0,20,AUG25,2006,i
14333295,"Motiang, Refentse Tumisa",RSA,M,,,,1595,6,20,AUG25,2003,
14386224,"Motseki, Baby Thomas",RSA,M,,,,1590,0,20,AUG25,1999,
14304040,"Motshekga, Kabelo",RSA,M,,,,1888,0,20,AUG25,1991,i
14375893,"Moultrey, Antonio Chrispian",RSA,M,,,,1459,2,20,AUG25,1978,
14375907,"Moultrey, Valentino",RSA,M,,,,1709,5,40,AUG25,2008,
14388561,"Moyana, David",RSA,M,,,,1514,0,20,AUG25,2006,i
534024379,"Mphasha, Lengoko",RSA,M,,,,1588,0,20,AUG25,1986,
14316404,"Mphasha, Morwa",RSA,M,,,,1647,0,20,AUG25,1995,
534028242,"Mphephu, Ntanganedzeni P",RSA,M,,,,1574,6,40,AUG25,2006,
14308428,"Mpheroana, Kwena E",RSA,M,,,,1702,0,20,AUG25,1991,i
534027360,"Mpofu, Mandiluve",RSA,M,,,,1664,8,40,AUG25,2007,
14308452,"Mpya, Tshediso M",RSA,M,,,,1904,0,20,AUG25,1987,
14399482,"Msiza, Sicelo",RSA,M,,,,AFM,1701,0,AUG25,2003,i
14332337,"Mthembu, Lovers",RSA,M,,,,1849,0,20,AUG25,2003,
14335875,"Mthembu, Prince",RSA,M,,,,1798,0,20,AUG25,2001,i
14310341,"Mthetho, Jeffrey",RSA,M,,,,1809,0,20,AUG25,1982,i
534006311,"Mthethwa, Nkanyiso",RSA,M,,,,1690,0,20,AUG25,2004,
14321890,"Mthimkulu, Lucky",RSA,M,,,,1851,0,20,AUG25,2000,i
14311054,"Mthunzi, Brighton",RSA,M,,,,2028,0,20,AUG25,1982,i
14308460,"Mthunzi, Clive",RSA,M,,NI,,AFM,1872,7,AUG25,1994,
14351820,"Mtiyane, Tyson",RSA,M,,,,1744,0,20,AUG25,1991,
14340682,"Muller, Kaden",RSA,M,,,,AIM,1520,0,AUG25,2003,i
11003944,"Munenga, Dylan",RSA,M,,NA,,1701,0,20,AUG25,2001,
14373785,"Murray, Henry",RSA,M,,,,1436,0,40,AUG25,2009,i
14376962,"Mutsambwa, Trevor",RSA,M,,,,1512,7,20,AUG25,2006,
534023445,"Mvabaza, Bayethe",RSA,M,,,,1773,6,40,AUG25,2009,
14367866,"Mzimela, Nkosinathi",RSA,M,,,,1481,5,20,AUG25,2002,
14341077,"Naidoo, Kajol",RSA,F,,,,1513,0,40,AUG25,2011,w
14339617,"Naidoo, Kirthan",RSA,M,,,,ACM,1649,8,AUG25,2009,
534001670,"Naidoo, Shivam",RSA,M,,,,1498,0,40,AUG25,2012,i
72300329,"Naidoo, Tashil",RSA,M,,,,1717,0,20,AUG25,2004,i
534001697,"Naidu, Saien",RSA,M,,,,1560,4,40,AUG25,2012,
14353091,"Ncethelo, Bongolethu",RSA,M,,,,1806,0,20,AUG25,2006,
534023801,"Ndebele, Vuyolwethu",RSA,M,,,,1465,0,20,AUG25,1999,
534005790,"Ndhlovu, Thabani",RSA,M,,,,1607,4,40,AUG25,2009,
14364158,"Ndlovu, Bongani",RSA,M,,,,AIM,1839,6,AUG25,1998,
14328640,"Ndlovu, Sizwe",RSA,M,,,,1929,0,20,AUG25,1999,i
14332035,"Ndumndum, Babonke",RSA,M,,,,1476,0,20,AUG25,1977,
14321262,"Ndunakazi, Nobuhle",RSA,F,,,,AFM,1800,0,AUG25,1997,wi
14367831,"Ndwambi, Talifhani",RSA,M,,,,1750,0,20,AUG25,2002,
14363313,"Nel, Charles Paul",RSA,M,,,,1594,0,40,AUG25,2013,
14338688,"Nel, Hayley",RSA,F,WCM,WCM,,1553,0,20,AUG25,2006,wi
14300400,"Nelson, Jaco",RSA,M,,,,1990,0,20,AUG25,1978,i
534000062,"Nemusombori, Livhuwani Natha",RSA,M,,,,1447,5,40,AUG25,2013,
14306760,"Nene, Themba",RSA,M,,,,1885,0,20,AUG25,1984,i
14312603,"Nevin, Tyler",RSA,M,CM,,,1904,8,20,AUG25,2006,
14319314,"Ngakane, Dan",RSA,M,,,,1819,0,20,AUG25,1974,i
534010980,"Ngakantsi, Gosego",RSA,M,,,,1484,2,20,AUG25,2003,
534023810,"Ngcakani, Lwando",RSA,M,,,,1531,6,40,AUG25,1990,
14332370,"Ngcongo, Minenhle",RSA,M,,,,1890,0,20,AUG25,2000,
14380099,"Ngobeni, Njabulo",RSA,M,,,,1473,0,20,AUG25,2006,
14356600,"Ngobeni, Pappas",RSA,M,,,,1844,0,20,AUG25,1977,i
14348640,"Ngobeni, Vusi",RSA,M,,,,1808,0,20,AUG25,1993,
14334194,"Nieuwoudt, Dawid",RSA,M,,,,1608,0,20,AUG25,2003,i
14383446,"Nieuwoudt, Peter Francois",RSA,M,,,,1426,0,20,AUG25,1955,i
14341832,"Njokweni, Llyabona",RSA,M,,,,1614,0,20,AUG25,2006,i
14366614,"Nkhwashu, Geraldine",RSA,F,,,,1536,0,40,AUG25,2007,wi
14346168,"Nkoma, Keith T",RSA,M,,,,1780,0,20,AUG25,2001,i
14314916,"Nkosi, Dumisa Jacob",RSA,M,,,,1866,0,20,AUG25,1982,
14372150,"Nkuna, Nathaniel",RSA,M,,,,1616,0,20,AUG25,1996,
14323354,"Nkuna, Windsor",RSA,M,,,,1686,0,20,AUG25,1997,i
14330156,"Nkune, Obed",RSA,M,,,,1828,0,20,AUG25,1986,i
14385490,"Nkuzo, Onako",RSA,M,,,,1735,7,40,AUG25,2009,
14355841,"Nkwe, Tshiamo",RSA,M,,,,1705,0,20,AUG25,2003,
14386844,"Noble, Andrew",RSA,M,,,,1579,0,40,AUG25,2013,i
14353458,"Nophale, Ntokozo",RSA,M,,,,1728,9,20,AUG25,2001,
14305860,"November, Edwin J.",RSA,M,,,,1650,0,20,AUG25,1964,
14346176,"Ntenga, Mcebisi",RSA,M,,,,1661,0,20,AUG25,2001,
14353032,"Ntukela, Amzolele",RSA,M,,,,1616,0,20,AUG25,2006,
14333201,"Nxumalo, Banele",RSA,M,,,,1621,0,20,AUG25,1993,i
14381869,"Nyamukamba, Joel",RSA,M,,,,1764,0,20,AUG25,2006,
14320819,"Nyathi, Musa",RSA,M,,,,1672,0,20,AUG25,2002,i
534017607,"Nzuza, Mduduzi",RSA,M,,,,1447,5,40,AUG25,1993,
14302250,"Oberholzer, Francois",RSA,M,FM,,,1992,0,20,AUG25,1995,i
14306506,"Oberholzer, Imarie",RSA,F,WFM,WFM,,1641,0,20,AUG25,2002,wi
14310414,"Oberholzer, Marni",RSA,F,,,,1743,0,20,AUG25,2000,wi
14301067,"Odendaal, Frederick",RSA,M,,"NI,SI,LSI,NA",,2082,0,20,AUG25,1980,i
14330458,"Odendaal, Lourens Marthinus",RSA,M,,,,1540,0,20,AUG25,1976,i
14320428,"Odendaal, Mikhal Marcus",RSA,M,,,,1471,0,20,AUG25,2006,i
14320479,"Odendaal, Ruben Lourens",RSA,M,,,,1522,0,20,AUG25,2004,i
14302411,"Oliver, Henry Noel",RSA,M,,,,AIM,1823,0,AUG25,1992,i
14318490,"Oltman, Kayla",RSA,F,,,,1721,0,20,AUG25,1999,wi
14316765,"Oosthuizen, Donald Hendrik",RSA,M,,,,1558,0,20,AUG25,2001,i
14360012,"Oosthuizen, Ethan",RSA,M,,,,1591,0,40,AUG25,2010,
14316781,"Oosthuizen, Michal Jacobus",RSA,M,FM,,,1913,0,20,AUG25,2005,i
14301075,"Ophoff, Ja",RSA,M,CM,,,2226,0,20,AUG25,1979,
14300460,"Ovcina, Dennis",RSA,M,,,,2129,0,20,AUG25,1980,i
14339641,"Palmer, Jesse",RSA,M,,,,AIM,1793,7,AUG25,2009,
14322145,"Palmer, Reegan",RSA,M,CM,,,1891,9,40,AUG25,2007,
14338718,"Palmer, Zante",RSA,F,,,,ACM,1540,0,AUG25,2005,wi
14371944,"Papanicolaou, Mila",RSA,F,,,,1473,3,40,AUG25,2013,w
14338858,"Pape, Zane",RSA,M,,,,1681,0,20,AUG25,1986,
14343380,"Parenzee, Ethan",RSA,M,,,,1623,0,20,AUG25,2005,i
14360462,"Pasaribu, Matthew",RSA,M,,,,1656,0,20,AUG25,2005,
14352729,"Pearson, Dane Kevin",RSA,M,,,,1468,0,40,AUG25,2008,
14304155,"Peretz, Leon",RSA,M,,,,1948,0,20,AUG25,1963,i
14304163,"Pesa, Mofoka Alfred",RSA,M,,,,1909,0,20,AUG25,1967,i
14335018,"Peter, Mnico",RSA,M,,,,1465,0,20,AUG25,2004,i
14323648,"Peter, Neathan",RSA,M,CM,,,1763,8,40,AUG25,2007,
14323656,"Peter, Noah",RSA,M,CM,,,1606,0,40,AUG25,2009,
14357887,"Peters, Lindley",RSA,M,,,,1576,0,20,AUG25,1970,i
14334674,"Petersen, John-Wayne",RSA,M,,,,1402,0,20,AUG25,2006,i
14329506,"Petlele, Motheo",RSA,F,,,,1506,0,20,AUG25,2005,wi
14377632,"Phala, Mosau",RSA,M,,,,1616,0,20,AUG25,2003,i
14367734,"Phiri, Allie",RSA,M,,,,1765,0,20,AUG25,1995,
14360470,"Phokela, Osia",RSA,M,,,,1731,0,20,AUG25,2002,
14341930,"Pienaar, Leonard Amadeus",RSA,M,,,,1654,5,20,AUG25,1972,
14344084,"Pillay, Diveshan",RSA,M,,,,1662,11,20,AUG25,2005,
14375923,"Pillay, Leeyah",RSA,F,,,,1449,6,40,AUG25,2009,w
14338432,"Pillay, Mikhael",RSA,M,,,,1489,0,20,AUG25,2005,i
14359146,"Pillay, Nico",RSA,M,,,,1539,5,20,AUG25,1994,
14301644,"Pon, Matt",RSA,M,FM,,,2185,0,20,AUG25,1996,i
14373807,"Ponquett, Joshua Josh",RSA,M,,,,1527,0,20,AUG25,2004,i
14329867,"Potgieter, Edward",RSA,M,,,,AFM,1685,0,AUG25,2008,
14350645,"Potgieter, Werne",RSA,M,,,,1644,0,40,AUG25,2009,
14352419,"Preston, Waylon",RSA,M,,,,ACM,1571,0,AUG25,1999,
14357127,"Pretorius, Leighan",RSA,M,,,,1801,6,40,AUG25,2005,
14318563,"Prinsloo, Marthinus",RSA,M,,,,1747,0,20,AUG25,2000,i
14323192,"Prithipal, Abhay",RSA,M,,,,1618,0,20,AUG25,2003,i
534000941,"Puran, Madhav",RSA,M,,,,1506,0,40,AUG25,2012,i
14304201,"Qobo, Lulama T.",RSA,M,,,,1908,0,20,AUG25,1983,i
14328658,"Raad, Graham",RSA,M,,,,1887,0,20,AUG25,2000,i
14354586,"Raboshaba, Lesiba William",RSA,M,,,,1474,0,20,AUG25,1965,i
14323737,"Racaza, Sinovuyo",RSA,M,,,,1708,0,20,AUG25,1989,
14308592,"Rachoene, Jacob T",RSA,M,,,,1748,0,20,AUG25,1986,i
534018670,"Rademeyer, Frederick Paul",RSA,M,,,,1511,0,40,AUG25,2011,
14341018,"Radia, Diya",RSA,F,,,,1452,0,40,AUG25,2008,wi
14373130,"Ragedi, Enos",RSA,M,,,,1575,0,20,AUG25,2002,
534024115,"Rakubutu, Pabatso",RSA,M,,,,1475,5,40,AUG25,2016,
14330504,"Ramathe, Johnson Motingoe",RSA,M,,,,1674,0,20,AUG25,1981,i
14321947,"Ramatseliso, Thabiso",RSA,M,,,,1915,0,20,AUG25,2001,i
14332604,"Ramlall, Sanjana",RSA,F,,,,1475,0,40,AUG25,2009,w
534000500,"Ramonyai, Motshabo",RSA,F,,,,1459,7,40,AUG25,2010,w
14366134,"Rampfumedzi, Mulanga",RSA,M,,,,1425,0,40,AUG25,2008,i
14333392,"Rautenbach, Helen Christine",RSA,F,,,,1554,0,40,AUG25,2010,wi
14351587,"Reddy, Kashen Shivaan",RSA,M,,,,1505,2,20,AUG25,2005,
534029222,"Redguard, Junaid",RSA,M,,,,1461,5,40,AUG25,2004,
14376504,"Reid, Liam",RSA,M,,,,1576,0,40,AUG25,2009,
14373203,"Resnekov, Oliver",RSA,M,,,,1468,0,40,AUG25,2014,i
14342898,"Ressel, Tane",RSA,M,,,,1783,0,20,AUG25,2003,i
14333910,"Reyneke, Luke",RSA,M,,,,1559,0,40,AUG25,2009,i
14325284,"Reyneke, Pieter",RSA,M,,,,1690,0,20,AUG25,2003,i
14316854,"Richter, Jan-Michael",RSA,M,,,,1699,0,20,AUG25,2001,i
14339358,"Ripinga, Justice",RSA,M,,,,1574,0,20,AUG25,2001,
14312662,"Rishworth, Justin James",RSA,M,,,,AFM,1466,6,AUG25,1996,
14305968,"Ristovich, Dmitar S.",RSA,M,,,,2015,0,20,AUG25,1988,i
14386879,"Roberts, Iwan",RSA,M,,,,1574,0,40,AUG25,2012,i
14300184,"Roberts, Marcel",RSA,M,CM,,,1879,0,20,AUG25,1996,i
14383063,"Rogov, Evgeniy",RSA,M,,,,1643,0,40,AUG25,2012,
14349809,"Rossouw, Johrne",RSA,M,,,,1510,3,40,AUG25,2008,
14346575,"Rust, Christoph",RSA,M,,,,1460,0,40,AUG25,2012,i
14315807,"Sadie, Johan Jacobus Hendrik",RSA,M,,,,1845,6,20,AUG25,1998,
14340739,"Sambo, Kingsley",RSA,M,,,,1561,0,20,AUG25,1983,i
14321068,"Samuels, Ethan",RSA,M,,,,1981,9,20,AUG25,2001,
123110310,"Samuels, Ian Oliver",RSA,M,,,,1480,0,20,AUG25,1989,
14372533,"Sarakusebwa, Shepard",RSA,M,,,,1856,0,20,AUG25,2001,
14353202,"Sathish, Abi",RSA,M,,,,1804,0,40,AUG25,2009,i
14339676,"Sathish, Abinavah",RSA,M,,,,1782,0,40,AUG25,2009,
14398478,"Scheepers, Christiaan",RSA,M,,,,1562,1,40,AUG25,2009,
14321211,"Schoeman, Anja",RSA,M,,,,1599,0,20,AUG25,1999,i
14341867,"Schroeder, Liam",RSA,M,,,,1590,0,40,AUG25,2009,i
14309548,"Schuller, Ashley",RSA,M,,,,1861,0,20,AUG25,0,i
14306000,"Schutte, Andre",RSA,M,,,,1894,0,20,AUG25,1965,i
14310570,"Schutte, Rico",RSA,M,,NA,,AFM,1750,6,AUG25,1975,
14323206,"Schutte, Wian",RSA,M,FM,,,1771,0,20,AUG25,2002,i
14351048,"Schwartz, Michael",RSA,M,,,,AFM,1725,10,AUG25,2012,
534008810,"Sebongwane, Nkosana",RSA,M,,,,1744,0,20,AUG25,2006,
14354624,"Sebopa, Ben",RSA,M,,,,1599,0,20,AUG25,2003,i
14349183,"Sedibeng, Kamogelo",RSA,F,,,,1665,0,20,AUG25,2000,wi
534023488,"Sedidi, Tshepang",RSA,M,,,,1630,8,20,AUG25,1991,
14356988,"Segal, Jamie Dylan",RSA,M,,,,1406,0,40,AUG25,2012,i
14345803,"Segelaar, Geriant",RSA,M,,,,AFM,1638,0,AUG25,2005,i
14377055,"Sehularo, Kganya",RSA,M,,,,1701,0,40,AUG25,2008,
14331853,"Sekharume, Lefu",RSA,M,,,,1925,9,20,AUG25,1998,
14339056,"Selepe, Lwazi",RSA,M,,,,1880,7,20,AUG25,2004,
14306514,"Selkirk, Rebecca",RSA,F,WCM,WCM,,1791,0,20,AUG25,1993,wi
14354039,"Senatle, Kamogelo",RSA,M,,,,AIM,1770,9,AUG25,2002,
14341360,"Senthumule, Meshack",RSA,M,,,,1539,0,20,AUG25,1986,
14338750,"September, Mckenzie",RSA,F,,,,1478,0,20,AUG25,2006,wi
14301237,"Serfontein, Jaco",RSA,M,,,,2016,0,20,AUG25,0,i
14359405,"Severin, Martin",RSA,M,,,,1584,7,20,AUG25,2006,
14342863,"Shaani, Kumbirayi Pascal",RSA,M,,,,1780,0,20,AUG25,1988,
14343266,"Shapiro, Matthew",RSA,M,,,,AIM,1631,0,AUG25,2011,
14318784,"Shaw, Laurie Ann",RSA,F,,,,1649,0,20,AUG25,2003,wi
14336987,"Shoba, Lundi",RSA,M,,,,1825,0,20,AUG25,2000,
14333139,"Sibanda, Colile",RSA,M,,,,1440,0,20,AUG25,1999,i
14367637,"Sidumo, Anga",RSA,M,,,,1728,0,20,AUG25,2003,
534007253,"Sifatyi, Inam",RSA,M,,,,AFM,1611,0,AUG25,2005,
14347571,"SIHEWULA, Achuma",RSA,M,,,,1461,0,40,AUG25,2009,
14330636,"Sijam, Vangani",RSA,M,,,,1705,0,20,AUG25,1985,i
14311321,"Sikwati, Lizo",RSA,M,,,,1857,0,20,AUG25,1998,i
534016155,"Simon, Riley",RSA,M,,,,1434,0,40,AUG25,2013,
14338882,"Simpson, Michael",RSA,M,IM,,,2008,8,40,AUG25,2007,
14351170,"Singh, Arya",RSA,F,,,,1540,0,20,AUG25,2006,wi
14372126,"Singh, Shaurya",RSA,M,,,,1642,0,40,AUG25,2012,i
14302438,"Singh, Zen",RSA,M,,,,1605,0,20,AUG25,1993,
14327554,"Sithole, Anoona",RSA,M,,,,1738,0,20,AUG25,2002,i
14317141,"Sithole, Collins",RSA,M,,,,1936,0,20,AUG25,1978,i
14307197,"Sithole, Mbongeni Christian",RSA,M,,,,1806,0,20,AUG25,1985,i
14304260,"Skosana, Stephen K.",RSA,M,,,,2034,0,20,AUG25,1976,i
14341034,"Slabbert, Zander Nicolaas",RSA,M,,,,1568,0,40,AUG25,2011,
14323818,"Sloane, James",RSA,M,,,,1840,0,20,AUG25,1998,i
14319586,"Smit, Albert",RSA,M,,SI,,1581,9,20,AUG25,2005,
14330849,"Smit, Devon",RSA,M,,,,1984,9,20,AUG25,2005,
14325012,"Smit, Yoshua",RSA,M,,,,1586,0,20,AUG25,2006,i
14310953,"Smith, Elani",RSA,F,,,,1625,0,20,AUG25,2002,wi
14355833,"Snyders, Meya",RSA,F,,,,1628,6,40,AUG25,2008,w
14360179,"Solomon, Izaiah",RSA,M,,,,1578,0,40,AUG25,2009,i
14300192,"Solomon, Kenny",RSA,M,GM,,,2435,0,10,AUG25,1979,i
14300478,"Solomon, Maxwell",RSA,M,CM,,,1994,0,20,AUG25,1967,i
14300044,"Solomons, Deon",RSA,M,FM,,,2112,0,20,AUG25,1966,i
14339307,"Solven, Sihle",RSA,M,,,,1753,9,20,AUG25,2002,
14328666,"Soojay, Jorah",RSA,M,FM,,,1909,0,40,AUG25,2008,
14350629,"Soojay, Josiah",RSA,M,,,,1447,3,40,AUG25,2015,
14303191,"Southey, Andrew M.",RSA,M,,,,1806,0,20,AUG25,1947,i
14353210,"Sparks, Stephen",RSA,M,,,,1501,0,20,AUG25,1981,i
14373823,"Stander, Lizanne",RSA,F,,,,1428,0,20,AUG25,2006,wi
14300567,"Steel, Henry Robert",RSA,M,IM,,,2424,0,10,AUG25,1989,i
14304309,"Steyn, Hans",RSA,M,,,,1937,0,20,AUG25,1971,i
14325543,"Strumpfer, Marilee",RSA,F,,,,1446,0,20,AUG25,2002,wi
14348179,"Stuurman, Pedro Caleb",RSA,M,,,,1523,0,40,AUG25,2011,
14346230,"Subramoney, Riaan",RSA,M,,,,1559,0,40,AUG25,2009,i
14357658,"Subramoney, Tivek",RSA,M,,,,AFM,1580,0,AUG25,2009,i
14310635,"Sullivan, Jason",RSA,M,,,,1734,8,40,AUG25,1967,
14315122,"Swart, George",RSA,M,,,,1742,0,20,AUG25,1999,i
14315130,"Swart, Sune",RSA,F,,,,1539,0,20,AUG25,2001,wi
14323281,"Swartz, David",RSA,M,,,,1810,0,20,AUG25,1983,i
14396718,"Tak, Abeer",RSA,M,,,,1464,5,40,AUG25,2017,
14346613,"Tak, Rannveer",RSA,M,,,,1824,9,40,AUG25,2013,
14352451,"Taute, Clayden",RSA,M,,,,AFM,1676,0,AUG25,2005,i
14328682,"Teeke, Karabo",RSA,M,,,,AIM,1898,0,AUG25,1998,
14355124,"Temmers, Shaun",RSA,M,,,,1758,0,20,AUG25,1984,i
14308797,"Tenzer, Daniel",RSA,M,,,,1689,0,20,AUG25,1985,i
534005668,"Tereze, Gracy",RSA,M,,,,1511,0,20,AUG25,2005,
14343320,"Thabet, Ali",RSA,M,,,,1814,0,20,AUG25,2001,i
534011064,"Thabete, Million",RSA,M,,,,1533,2,20,AUG25,2001,
14310660,"Thabethe, Nhlanhla",RSA,M,,,,1909,0,20,AUG25,1981,i
14372398,"Thakur, Yuv",RSA,M,,,,1549,0,40,AUG25,2013,
14349787,"Thobejane, Eric Mampuru",RSA,M,,,,1727,0,20,AUG25,1967,i
14358786,"Thorulsley, Kairaav",RSA,M,,,,1537,0,40,AUG25,2014,
14386887,"Tieties, Beauton",RSA,M,,,,1659,0,40,AUG25,2011,i
14301784,"Tirant, Jason",RSA,M,,,,1798,0,20,AUG25,0,i
14367580,"Tjebane, Bohlale",RSA,M,,,,1481,0,20,AUG25,2002,
14304503,"Tlale, Tshepang",RSA,F,WIM,WIM,,1947,0,20,AUG25,1997,wi
14340216,"Tlamama, Tshepang",RSA,M,,,,1590,0,20,AUG25,2001,
14340453,"Tokoyi, Romeo",RSA,M,,,,AFM,1643,5,AUG25,2000,
14308800,"Tom, Tony",RSA,M,,,,1640,0,20,AUG25,1984,i
14338530,"Totose, Zimi",RSA,M,,,,1671,0,20,AUG25,2006,i
14387158,"Tracey, Terence",RSA,M,,,,1637,5,40,AUG25,1957,
14353490,"Tukushe, Sifiso Joshua",RSA,M,,,,AFM,1517,0,AUG25,2002,i
14362635,"Valentyn, Jason",RSA,M,,,,1601,0,20,AUG25,2000,i
534028293,"Van Den Berg, Zandre",RSA,M,,,,1587,6,40,AUG25,2010,
14323842,"van der Merwe, Alexander",RSA,M,,,,1852,0,20,AUG25,2005,
14373041,"Van Der Merwe, Christiaan",RSA,M,,,,1637,9,20,AUG25,1987,
14358794,"Van Der Merwe, Schalk Wolf",RSA,M,,,,ACM,1405,0,AUG25,2015,
14372088,"Van Der Schyff, Charlize",RSA,F,,,,1438,6,40,AUG25,2012,w
14303116,"Van Der Walt, Pierre E.",RSA,M,,,,1936,0,20,AUG25,1956,i
14321084,"Van der Westhuizen, Donald",RSA,M,,,,1731,0,20,AUG25,2001,i
14357909,"Van der Westhuizen, Fritz-Jan",RSA,M,,,,1450,0,20,AUG25,1985,i
14357917,"Van der Westhuizen, Lihan",RSA,M,,,,ACM,1422,0,AUG25,2013,i
534028307,"Van Der Westhuizen, Niel",RSA,M,,,,1402,6,40,AUG25,2009,
14309408,"Van Der Westhuizen, Willem",RSA,M,,,,2050,0,20,AUG25,1983,i
14351315,"van Heerden, Ethan Joel",RSA,M,,,,1625,0,40,AUG25,2008,i
14351129,"Van Heerden, Hannah Rose",RSA,F,,,,1470,0,40,AUG25,2010,wi
14371707,"Van Loggerenberg, Elandre",RSA,M,,,,1421,0,40,AUG25,2013,
14371766,"Van Meersbergen, Ettienne",RSA,M,,,,AFM,1678,0,AUG25,2011,
14304406,"Van Niekerk, Lourenzo M.",RSA,M,,,,1786,0,20,AUG25,1972,i
14305011,"Van Niekerk, Megan",RSA,F,,,,1763,0,20,AUG25,1997,wi
14360233,"Van Niekerk, Nina",RSA,F,,,,1491,0,40,AUG25,2010,w
14301261,"Van Rensburg, Ryan Pierre",RSA,M,IM,,,2241,0,20,AUG25,1990,
14341883,"Van Tonder, Wium",RSA,M,,,,1581,0,20,AUG25,2006,i
14300958,"Van Vollenhoven, Ian",RSA,M,,,,1881,0,20,AUG25,0,i
14332477,"Van Zyl, Albrecht",RSA,M,,,,1836,0,20,AUG25,2000,i
14307120,"Van Zyl, Charlize",RSA,F,WIM,WIM,,1905,0,20,AUG25,1999,wi
14309017,"Van Zyl-Rudd, Jack",RSA,M,FM,,,2164,0,20,AUG25,2002,i
534018107,"Varadharajan, Akilan",RSA,M,,,,1479,5,40,AUG25,2018,
14321610,"Vather, Shayur",RSA,M,CM,,,1583,0,40,AUG25,2007,i
14360489,"Venter, Ray",RSA,M,,,,1569,0,20,AUG25,2005,i
14333414,"Venter, Zanri",RSA,F,,,,1431,0,20,AUG25,2006,wi
14303272,"Vermaak, Ashley Christopher",RSA,M,,,,AIM,1868,0,AUG25,1988,i
14319217,"Vermeulen, George Barrett",RSA,M,,,,1779,9,20,AUG25,1983,
534017364,"Viljoen, Jayden Johan",RSA,M,,,,1406,0,40,AUG25,2016,
14363488,"Visagie, Cheslin",RSA,M,,,,1725,0,20,AUG25,1986,i
14399563,"Visi, Moloko",RSA,M,,,,ACM,1644,6,AUG25,2007,
14373831,"Vorster, Kevin",RSA,M,,,,1615,0,20,AUG25,2002,i
14348160,"Vuma, Skumbuzo",RSA,M,,,,1740,0,20,AUG25,1990,
14311704,"Wagner, Gerald",RSA,M,,,,1871,0,20,AUG25,2000,i
14353016,"Waguta, Brooklyn",RSA,M,,,,1804,0,40,AUG25,2007,i
14320860,"Waters, Anre",RSA,M,,,,1763,0,20,AUG25,1999,i
534013687,"Weideman, Hendrik Johanne",RSA,M,,,,1541,6,20,AUG25,1986,
14397501,"Weng, Qi",RSA,M,,,,1603,9,40,AUG25,2009,
14364956,"Weng, Yu Bo (David)",RSA,M,,,,1711,7,40,AUG25,2010,
14301431,"Wilken, Justin Barend",RSA,M,,,,1915,0,20,AUG25,1971,i
534005579,"Willem, Mawande",RSA,M,,,,1608,0,20,AUG25,2005,
14303230,"Willenberg, Athon",RSA,M,,,,1917,0,20,AUG25,1973,
14300532,"Willenberg, Craig Glen",RSA,M,,,,2030,0,20,AUG25,1987,
14359456,"Willenberg, Keagan",RSA,M,,,,1463,0,20,AUG25,2005,
14300540,"Willenberg, Kenneth Sean",RSA,M,CM,,,1969,0,20,AUG25,1984,
14305003,"Willenberg, Lauren",RSA,F,WFM,WFM,,1791,0,20,AUG25,1994,wi
14306239,"Willenberg, Roland C.",RSA,M,,,,1755,0,20,AUG25,1961,i
14306247,"Willenberg, Shane C.",RSA,M,,,,1861,0,20,AUG25,1993,
14390116,"Williams, Elegeaux",RSA,M,,,,1646,0,40,AUG25,2007,
14341921,"Wilson, Caden",RSA,M,,,,1596,0,20,AUG25,2003,i
14370891,"Wilson, Dharrel",RSA,M,,,,1408,0,20,AUG25,2006,
534002197,"Wilson, Jared",RSA,M,,,,1509,3,40,AUG25,2014,
14302578,"Wolfaardt, Francois",RSA,M,,,,1852,0,20,AUG25,1976,i
14306824,"Wolpe, Clyde",RSA,M,,,,1975,0,20,AUG25,1961,i
14323290,"Wolpe, Joshua",RSA,M,,,,1791,0,20,AUG25,1999,i
14320665,"Xulu, Lindokuhle",RSA,M,,,,1917,0,20,AUG25,1991,
14352591,"Yan, Weilun",RSA,M,,,,1862,8,40,AUG25,2008,
14333325,"Yang, Alex",RSA,M,,,,1647,0,40,AUG25,2009,
14361930,"Yoko, Christopher",RSA,M,,,,AIM,1647,5,AUG25,2003,
14347717,"ZENANI, Sibabalwe",RSA,M,,,,1428,0,20,AUG25,1998,i
14339501,"Zenzile, Amahle",RSA,F,,,,1672,0,40,AUG25,2008,w
14330938,"Ziegenhagen, Vian Luke",RSA,M,,,,1518,0,40,AUG25,2008,i
14335620,Zikalala Aphiwe,RSA,F,,,,1493,0,20,AUG25,2003,wi
14334976,"Zikalala, Minenhle",RSA,F,,,,1421,0,20,AUG25,2003,wi
14301172,"Zitha, Ll",RSA,M,,,,2026,0,20,AUG25,1987,i
534027467,"Zondi, Owethu",RSA,M,,,,1808,5,40,AUG25,2005,
14308967,"Zwakala, Ntando",RSA,M,,,,2019,7,20,AUG25,1992,