[
  {
    "ID Number": "14401509"
  },
  {
    "ID Number": "14410001"
  },
  {
    "ID Number": "14402394"
  },
  {
    "ID Number": "14420481"
  },
  {
    "ID Number": "14433664"
  },
  {
    "ID Number": "14402769"
  },
  {
    "ID Number": "14426501"
  },
  {
    "ID Number": "14415534"
  },
  {
    "ID Number": "14410788"
  },
  {
    "ID Number": "14429411"
  },
  {
    "ID Number": "14419815"
  },
  {
    "ID Number": "14428814"
  },
  {
    "ID Number": "14431432"
  },
  {
    "ID Number": "14407094"
  },
  {
    "ID Number": "14408970"
  },
  {
    "ID Number": "14436361"
  },
  {
    "ID Number": "14435209"
  },
  {
    "ID Number": "14425661"
  },
  {
    "ID Number": "14425432"
  },
  {
    "ID Number": "14434717"
  },
  {
    "ID Number": "14412500"
  },
  {
    "ID Number": "14425203"
  },
  {
    "ID Number": "14408651"
  },
  {
    "ID Number": "14420120"
  },
  {
    "ID Number": "14433699"
  },
  {
    "ID Number": "14421704"
  },
  {
    "ID Number": "14408023"
  },
  {
    "ID Number": "14419823"
  },
  {
    "ID Number": "14405466"
  },
  {
    "ID Number": "14400685"
  },
  {
    "ID Number": "14442795"
  },
  {
    "ID Number": "14433826"
  },
  {
    "ID Number": "14421496"
  },
  {
    "ID Number": "14428822"
  },
  {
    "ID Number": "14406608"
  },
  {
    "ID Number": "14408155"
  },
  {
    "ID Number": "14436841"
  },
  {
    "ID Number": "14437589"
  },
  {
    "ID Number": "14417600"
  },
  {
    "ID Number": "14433346"
  },
  {
    "ID Number": "14430959"
  },
  {
    "ID Number": "14411806"
  },
  {
    "ID Number": "14426072"
  },
  {
    "ID Number": "14422808"
  },
  {
    "ID Number": "14424398"
  },
  {
    "ID Number": "14401614"
  },
  {
    "ID Number": "14403498"
  },
  {
    "ID Number": "14406616"
  },
  {
    "ID Number": "14425459"
  },
  {
    "ID Number": "14406357"
  },
  {
    "ID Number": "14429691"
  },
  {
    "ID Number": "14405113"
  },
  {
    "ID Number": "14409542"
  },
  {
    "ID Number": "14403358"
  },
  {
    "ID Number": "14422328"
  },
  {
    "ID Number": "14403501"
  },
  {
    "ID Number": "14403137"
  },
  {
    "ID Number": "14413922"
  },
  {
    "ID Number": "14440938"
  },
  {
    "ID Number": "14422140"
  },
  {
    "ID Number": "14415445"
  },
  {
    "ID Number": "14415437"
  },
  {
    "ID Number": "14420694"
  },
  {
    "ID Number": "14438496"
  },
  {
    "ID Number": "14423596"
  },
  {
    "ID Number": "14408163"
  },
  {
    "ID Number": "14421739"
  },
  {
    "ID Number": "14414635"
  },
  {
    "ID Number": "904422"
  },
  {
    "ID Number": "14404419"
  },
  {
    "ID Number": "14422891"
  },
  {
    "ID Number": "14423600"
  },
  {
    "ID Number": "14441071"
  },
  {
    "ID Number": "14440806"
  },
  {
    "ID Number": "14414937"
  },
  {
    "ID Number": "14423731"
  },
  {
    "ID Number": "14436140"
  },
  {
    "ID Number": "14414945"
  },
  {
    "ID Number": "14411121"
  },
  {
    "ID Number": "14406888"
  },
  {
    "ID Number": "14433532"
  },
  {
    "ID Number": "14417618"
  },
  {
    "ID Number": "14424673"
  },
  {
    "ID Number": "14425963"
  },
  {
    "ID Number": "14426536"
  },
  {
    "ID Number": "14409410"
  },
  {
    "ID Number": "14429187"
  },
  {
    "ID Number": "14419149"
  },
  {
    "ID Number": "14400758"
  },
  {
    "ID Number": "14419777"
  },
  {
    "ID Number": "14401215"
  },
  {
    "ID Number": "14428393"
  },
  {
    "ID Number": "14427575"
  },
  {
    "ID Number": "14405474"
  },
  {
    "ID Number": "14419262"
  },
  {
    "ID Number": "14443465"
  },
  {
    "ID Number": "14413710"
  },
  {
    "ID Number": "14405890"
  },
  {
    "ID Number": "14405679"
  },
  {
    "ID Number": "14411482"
  },
  {
    "ID Number": "14425378"
  },
  {
    "ID Number": "14407175"
  },
  {
    "ID Number": "14434229"
  },
  {
    "ID Number": "14414805"
  },
  {
    "ID Number": "14426544"
  },
  {
    "ID Number": "14436655"
  },
  {
    "ID Number": "14435403"
  },
  {
    "ID Number": "14438925"
  },
  {
    "ID Number": "14423863"
  },
  {
    "ID Number": "14407760"
  },
  {
    "ID Number": "14415992"
  },
  {
    "ID Number": "14440644"
  },
  {
    "ID Number": "14426552"
  },
  {
    "ID Number": "14400987"
  },
  {
    "ID Number": "14428687"
  },
  {
    "ID Number": "14430118"
  },
  {
    "ID Number": "14441322"
  },
  {
    "ID Number": "14426560"
  },
  {
    "ID Number": "14419270"
  },
  {
    "ID Number": "14422760"
  },
  {
    "ID Number": "14429802"
  },
  {
    "ID Number": "14412110"
  },
  {
    "ID Number": "14434083"
  },
  {
    "ID Number": "14402904"
  },
  {
    "ID Number": "14430754"
  },
  {
    "ID Number": "14411156"
  },
  {
    "ID Number": "14406748"
  },
  {
    "ID Number": "14402912"
  },
  {
    "ID Number": "14442965"
  },
  {
    "ID Number": "14415100"
  },
  {
    "ID Number": "14425327"
  },
  {
    "ID Number": "14424584"
  },
  {
    "ID Number": "926710"
  },
  {
    "ID Number": "14417138"
  },
  {
    "ID Number": "14405741"
  },
  {
    "ID Number": "14409666"
  },
  {
    "ID Number": "14424665"
  },
  {
    "ID Number": "14426293"
  },
  {
    "ID Number": "14426307"
  },
  {
    "ID Number": "14419157"
  },
  {
    "ID Number": "14406870"
  },
  {
    "ID Number": "14418606"
  },
  {
    "ID Number": "14426315"
  },
  {
    "ID Number": "14406136"
  },
  {
    "ID Number": "14423740"
  },
  {
    "ID Number": "14417502"
  },
  {
    "ID Number": "14417510"
  },
  {
    "ID Number": "14421992"
  },
  {
    "ID Number": "14405482"
  },
  {
    "ID Number": "14433648"
  },
  {
    "ID Number": "14426323"
  },
  {
    "ID Number": "14424614"
  },
  {
    "ID Number": "14428563"
  },
  {
    "ID Number": "14420309"
  },
  {
    "ID Number": "14400472"
  },
  {
    "ID Number": "14407779"
  },
  {
    "ID Number": "14440911"
  },
  {
    "ID Number": "14409100"
  },
  {
    "ID Number": "14416000"
  },
  {
    "ID Number": "14409429"
  },
  {
    "ID Number": "14439530"
  },
  {
    "ID Number": "14431661"
  },
  {
    "ID Number": "14443309"
  },
  {
    "ID Number": "14413426"
  },
  {
    "ID Number": "14422425"
  },
  {
    "ID Number": "14438747"
  },
  {
    "ID Number": "14416018"
  },
  {
    "ID Number": "14434776"
  },
  {
    "ID Number": "14426609"
  },
  {
    "ID Number": "14407191"
  },
  {
    "ID Number": "14411164"
  },
  {
    "ID Number": "14435756"
  },
  {
    "ID Number": "14435764"
  },
  {
    "ID Number": "14419475"
  },
  {
    "ID Number": "14438682"
  },
  {
    "ID Number": "14405270"
  },
  {
    "ID Number": "14438690"
  },
  {
    "ID Number": "14403919"
  },
  {
    "ID Number": "14413728"
  },
  {
    "ID Number": "14407213"
  },
  {
    "ID Number": "14422409"
  },
  {
    "ID Number": "14413612"
  },
  {
    "ID Number": "14413604"
  },
  {
    "ID Number": "14437716"
  },
  {
    "ID Number": "14435314"
  },
  {
    "ID Number": "14434784"
  },
  {
    "ID Number": "14443708"
  },
  {
    "ID Number": "14435420"
  },
  {
    "ID Number": "14411822"
  },
  {
    "ID Number": "14409801"
  },
  {
    "ID Number": "927252"
  },
  {
    "ID Number": "14422000"
  },
  {
    "ID Number": "14419033"
  },
  {
    "ID Number": "14424304"
  },
  {
    "ID Number": "14436582"
  },
  {
    "ID Number": "14423413"
  },
  {
    "ID Number": "14440717"
  },
  {
    "ID Number": "14436108"
  },
  {
    "ID Number": "14400294"
  },
  {
    "ID Number": "14426170"
  },
  {
    "ID Number": "14435322"
  },
  {
    "ID Number": "14402700"
  },
  {
    "ID Number": "14427583"
  },
  {
    "ID Number": "14400782"
  },
  {
    "ID Number": "14417146"
  },
  {
    "ID Number": "14430835"
  },
  {
    "ID Number": "14416476"
  },
  {
    "ID Number": "14437627"
  },
  {
    "ID Number": "14423545"
  },
  {
    "ID Number": "14416867"
  },
  {
    "ID Number": "14418509"
  },
  {
    "ID Number": "14425246"
  },
  {
    "ID Number": "14435047"
  },
  {
    "ID Number": "14442272"
  },
  {
    "ID Number": "14434407"
  },
  {
    "ID Number": "14407248"
  },
  {
    "ID Number": "14505207"
  },
  {
    "ID Number": "14409089"
  },
  {
    "ID Number": "932000"
  },
  {
    "ID Number": "14414791"
  },
  {
    "ID Number": "14441292"
  },
  {
    "ID Number": "14432463"
  },
  {
    "ID Number": "14436540"
  },
  {
    "ID Number": "14400839"
  },
  {
    "ID Number": "14400235"
  },
  {
    "ID Number": "14427630"
  },
  {
    "ID Number": "14407108"
  },
  {
    "ID Number": "14425475"
  },
  {
    "ID Number": "14415828"
  },
  {
    "ID Number": "14413930"
  },
  {
    "ID Number": "14433125"
  },
  {
    "ID Number": "14401495"
  },
  {
    "ID Number": "14404370"
  },
  {
    "ID Number": "14414813"
  },
  {
    "ID Number": "14432269"
  },
  {
    "ID Number": "14411830"
  },
  {
    "ID Number": "14415526"
  },
  {
    "ID Number": "14438810"
  },
  {
    "ID Number": "14416042"
  },
  {
    "ID Number": "14417871"
  },
  {
    "ID Number": "14424916"
  },
  {
    "ID Number": "14427176"
  },
  {
    "ID Number": "14427974"
  },
  {
    "ID Number": "14409674"
  },
  {
    "ID Number": "14436370"
  },
  {
    "ID Number": "14442345"
  },
  {
    "ID Number": "14420384"
  },
  {
    "ID Number": "14414830"
  },
  {
    "ID Number": "14428695"
  },
  {
    "ID Number": "14416492"
  },
  {
    "ID Number": "14430517"
  },
  {
    "ID Number": "14430339"
  },
  {
    "ID Number": "14423871"
  },
  {
    "ID Number": "14401991"
  },
  {
    "ID Number": "14429420"
  },
  {
    "ID Number": "14409658"
  },
  {
    "ID Number": "14418720"
  },
  {
    "ID Number": "14417332"
  },
  {
    "ID Number": "14418495"
  },
  {
    "ID Number": "14404427"
  },
  {
    "ID Number": "14428709"
  },
  {
    "ID Number": "14402106"
  },
  {
    "ID Number": "14416875"
  },
  {
    "ID Number": "14420767"
  },
  {
    "ID Number": "14404001"
  },
  {
    "ID Number": "14405172"
  },
  {
    "ID Number": "14436663"
  },
  {
    "ID Number": "14422670"
  },
  {
    "ID Number": "14411180"
  },
  {
    "ID Number": "14401380"
  },
  {
    "ID Number": "14418533"
  },
  {
    "ID Number": "14430347"
  },
  {
    "ID Number": "14437635"
  },
  {
    "ID Number": "14432277"
  },
  {
    "ID Number": "14429586"
  },
  {
    "ID Number": "14440679"
  },
  {
    "ID Number": "14429594"
  },
  {
    "ID Number": "14431955"
  },
  {
    "ID Number": "14427508"
  },
  {
    "ID Number": "14416506"
  },
  {
    "ID Number": "14416883"
  },
  {
    "ID Number": "14413663"
  },
  {
    "ID Number": "14438933"
  },
  {
    "ID Number": "14422271"
  },
  {
    "ID Number": "14421542"
  },
  {
    "ID Number": "14435772"
  },
  {
    "ID Number": "14441110"
  },
  {
    "ID Number": "14441128"
  },
  {
    "ID Number": "14400790"
  },
  {
    "ID Number": "14435780"
  },
  {
    "ID Number": "14432110"
  },
  {
    "ID Number": "14410419"
  },
  {
    "ID Number": "14408007"
  },
  {
    "ID Number": "14437678"
  },
  {
    "ID Number": "14416514"
  },
  {
    "ID Number": "14420155"
  },
  {
    "ID Number": "14428717"
  },
  {
    "ID Number": "14444666"
  },
  {
    "ID Number": "14419831"
  },
  {
    "ID Number": "14419165"
  },
  {
    "ID Number": "14420708"
  },
  {
    "ID Number": "14431963"
  },
  {
    "ID Number": "14423480"
  },
  {
    "ID Number": "14400219"
  },
  {
    "ID Number": "14407701"
  },
  {
    "ID Number": "14413450"
  },
  {
    "ID Number": "14428830"
  },
  {
    "ID Number": "14439590"
  },
  {
    "ID Number": "14439867"
  },
  {
    "ID Number": "14434237"
  },
  {
    "ID Number": "14400910"
  },
  {
    "ID Number": "14426021"
  },
  {
    "ID Number": "14422590"
  },
  {
    "ID Number": "14438755"
  },
  {
    "ID Number": "14403250"
  },
  {
    "ID Number": "14413671"
  },
  {
    "ID Number": "14417170"
  },
  {
    "ID Number": "14403935"
  },
  {
    "ID Number": "14425335"
  },
  {
    "ID Number": "14430924"
  },
  {
    "ID Number": "14431734"
  },
  {
    "ID Number": "14428571"
  },
  {
    "ID Number": "14431440"
  },
  {
    "ID Number": "14418266"
  },
  {
    "ID Number": "14434962"
  },
  {
    "ID Number": "14414953"
  },
  {
    "ID Number": "14406152"
  },
  {
    "ID Number": "14429080"
  },
  {
    "ID Number": "14422778"
  },
  {
    "ID Number": "14419319"
  },
  {
    "ID Number": "14412071"
  },
  {
    "ID Number": "14420295"
  },
  {
    "ID Number": "14434245"
  },
  {
    "ID Number": "14434091"
  },
  {
    "ID Number": "14437732"
  },
  {
    "ID Number": "14413949"
  },
  {
    "ID Number": "14417499"
  },
  {
    "ID Number": "14431629"
  },
  {
    "ID Number": "14413469"
  },
  {
    "ID Number": "14410290"
  },
  {
    "ID Number": "14403293"
  },
  {
    "ID Number": "14416050"
  },
  {
    "ID Number": "14403510"
  },
  {
    "ID Number": "14420619"
  },
  {
    "ID Number": "14418614"
  },
  {
    "ID Number": "14421895"
  },
  {
    "ID Number": "14442787"
  },
  {
    "ID Number": "14415224"
  },
  {
    "ID Number": "14405660"
  },
  {
    "ID Number": "14410877"
  },
  {
    "ID Number": "14425343"
  },
  {
    "ID Number": "14415550"
  },
  {
    "ID Number": "14411628"
  },
  {
    "ID Number": "14441004"
  },
  {
    "ID Number": "14424983"
  },
  {
    "ID Number": "14407710"
  },
  {
    "ID Number": "14430126"
  },
  {
    "ID Number": "14424681"
  },
  {
    "ID Number": "14428482"
  },
  {
    "ID Number": "14435799"
  },
  {
    "ID Number": "14418339"
  },
  {
    "ID Number": "14425670"
  },
  {
    "ID Number": "14434490"
  },
  {
    "ID Number": "14430134"
  },
  {
    "ID Number": "14434415"
  },
  {
    "ID Number": "14420899"
  },
  {
    "ID Number": "14430665"
  },
  {
    "ID Number": "14409496"
  },
  {
    "ID Number": "14440687"
  },
  {
    "ID Number": "14419173"
  },
  {
    "ID Number": "14403528"
  },
  {
    "ID Number": "14402408"
  },
  {
    "ID Number": "14411636"
  },
  {
    "ID Number": "14411652"
  },
  {
    "ID Number": "14402440"
  },
  {
    "ID Number": "14404834"
  },
  {
    "ID Number": "14417626"
  },
  {
    "ID Number": "14418274"
  },
  {
    "ID Number": "14430371"
  },
  {
    "ID Number": "14429640"
  },
  {
    "ID Number": "14429632"
  },
  {
    "ID Number": "14429160"
  },
  {
    "ID Number": "14401800"
  },
  {
    "ID Number": "14421747"
  },
  {
    "ID Number": "14436388"
  },
  {
    "ID Number": "14443279"
  },
  {
    "ID Number": "14430142"
  },
  {
    "ID Number": "14429926"
  },
  {
    "ID Number": "14431947"
  },
  {
    "ID Number": "14419181"
  },
  {
    "ID Number": "14417383"
  },
  {
    "ID Number": "14405180"
  },
  {
    "ID Number": "14442205"
  },
  {
    "ID Number": "14411849"
  },
  {
    "ID Number": "14436680"
  },
  {
    "ID Number": "14427761"
  },
  {
    "ID Number": "14411199"
  },
  {
    "ID Number": "14431882"
  },
  {
    "ID Number": "14434261"
  },
  {
    "ID Number": "14427770"
  },
  {
    "ID Number": "14426617"
  },
  {
    "ID Number": "14419360"
  },
  {
    "ID Number": "14439751"
  },
  {
    "ID Number": "14443350"
  },
  {
    "ID Number": "14434105"
  },
  {
    "ID Number": "14407299"
  },
  {
    "ID Number": "14418045"
  },
  {
    "ID Number": "14420937"
  },
  {
    "ID Number": "14410710"
  },
  {
    "ID Number": "14409313"
  },
  {
    "ID Number": "14420503"
  },
  {
    "ID Number": "14430622"
  },
  {
    "ID Number": "14417430"
  },
  {
    "ID Number": "14420716"
  },
  {
    "ID Number": "14437759"
  },
  {
    "ID Number": "14430533"
  },
  {
    "ID Number": "14424606"
  },
  {
    "ID Number": "14427451"
  },
  {
    "ID Number": "14430150"
  },
  {
    "ID Number": "14428490"
  },
  {
    "ID Number": "14440652"
  },
  {
    "ID Number": "14438305"
  },
  {
    "ID Number": "14403609"
  },
  {
    "ID Number": "14406373"
  },
  {
    "ID Number": "14430541"
  },
  {
    "ID Number": "14432757"
  },
  {
    "ID Number": "14407957"
  },
  {
    "ID Number": "14419190"
  },
  {
    "ID Number": "14400022"
  },
  {
    "ID Number": "14400090"
  },
  {
    "ID Number": "14430967"
  },
  {
    "ID Number": "14436760"
  },
  {
    "ID Number": "14433974"
  },
  {
    "ID Number": "14408198"
  },
  {
    "ID Number": "14416069"
  },
  {
    "ID Number": "14430169"
  },
  {
    "ID Number": "14411857"
  },
  {
    "ID Number": "14400979"
  },
  {
    "ID Number": "14422794"
  },
  {
    "ID Number": "14424991"
  },
  {
    "ID Number": "14414228"
  },
  {
    "ID Number": "14408031"
  },
  {
    "ID Number": "14421275"
  },
  {
    "ID Number": "14421283"
  },
  {
    "ID Number": "14436019"
  },
  {
    "ID Number": "14404656"
  },
  {
    "ID Number": "14441144"
  },
  {
    "ID Number": "14437180"
  },
  {
    "ID Number": "14420074"
  },
  {
    "ID Number": "14441152"
  },
  {
    "ID Number": "14414180"
  },
  {
    "ID Number": "14443694"
  },
  {
    "ID Number": "14408996"
  },
  {
    "ID Number": "14423162"
  },
  {
    "ID Number": "14422689"
  },
  {
    "ID Number": "14423421"
  },
  {
    "ID Number": "14415410"
  },
  {
    "ID Number": "14400081"
  },
  {
    "ID Number": "14438798"
  },
  {
    "ID Number": "14441837"
  },
  {
    "ID Number": "14413655"
  },
  {
    "ID Number": "14442892"
  },
  {
    "ID Number": "14404222"
  },
  {
    "ID Number": "14414244"
  },
  {
    "ID Number": "14427516"
  },
  {
    "ID Number": "14430975"
  },
  {
    "ID Number": "14416891"
  },
  {
    "ID Number": "14417359"
  },
  {
    "ID Number": "14424045"
  },
  {
    "ID Number": "14410931"
  },
  {
    "ID Number": "14402785"
  },
  {
    "ID Number": "14400693"
  },
  {
    "ID Number": "14405296"
  },
  {
    "ID Number": "14427133"
  },
  {
    "ID Number": "14421151"
  },
  {
    "ID Number": "14407787"
  },
  {
    "ID Number": "14411660"
  },
  {
    "ID Number": "14413213"
  },
  {
    "ID Number": "14420945"
  },
  {
    "ID Number": "14402122"
  },
  {
    "ID Number": "14437147"
  },
  {
    "ID Number": "14427044"
  },
  {
    "ID Number": "14439131"
  },
  {
    "ID Number": "14412128"
  },
  {
    "ID Number": "14434652"
  },
  {
    "ID Number": "14428148"
  },
  {
    "ID Number": "14408660"
  },
  {
    "ID Number": "14434903"
  },
  {
    "ID Number": "929646"
  },
  {
    "ID Number": "14434270"
  },
  {
    "ID Number": "14430762"
  },
  {
    "ID Number": "14415577"
  },
  {
    "ID Number": "14416344"
  },
  {
    "ID Number": "14419378"
  },
  {
    "ID Number": "14423839"
  },
  {
    "ID Number": "14429144"
  },
  {
    "ID Number": "14414252"
  },
  {
    "ID Number": "14424690"
  },
  {
    "ID Number": "14420511"
  },
  {
    "ID Number": "14425874"
  },
  {
    "ID Number": "14442906"
  },
  {
    "ID Number": "14441896"
  },
  {
    "ID Number": "14441900"
  },
  {
    "ID Number": "14441918"
  },
  {
    "ID Number": "14417855"
  },
  {
    "ID Number": "14413477"
  },
  {
    "ID Number": "14441926"
  },
  {
    "ID Number": "14439816"
  },
  {
    "ID Number": "14434920"
  },
  {
    "ID Number": "14434504"
  },
  {
    "ID Number": "14407124"
  },
  {
    "ID Number": "14420392"
  },
  {
    "ID Number": "14418126"
  },
  {
    "ID Number": "14406969"
  },
  {
    "ID Number": "14435268"
  },
  {
    "ID Number": "14402548"
  },
  {
    "ID Number": "14423537"
  },
  {
    "ID Number": "14438577"
  },
  {
    "ID Number": "14436957"
  },
  {
    "ID Number": "14419939"
  },
  {
    "ID Number": "14431718"
  },
  {
    "ID Number": "14433702"
  },
  {
    "ID Number": "14425386"
  },
  {
    "ID Number": "14428776"
  },
  {
    "ID Number": "14435055"
  },
  {
    "ID Number": "14424622"
  },
  {
    "ID Number": "14436868"
  },
  {
    "ID Number": "14437414"
  },
  {
    "ID Number": "14435985"
  },
  {
    "ID Number": "14423766"
  },
  {
    "ID Number": "14417200"
  },
  {
    "ID Number": "14411547"
  },
  {
    "ID Number": "14411539"
  },
  {
    "ID Number": "14422948"
  },
  {
    "ID Number": "14425009"
  },
  {
    "ID Number": "14440598"
  },
  {
    "ID Number": "14427982"
  },
  {
    "ID Number": "14420520"
  },
  {
    "ID Number": "14410940"
  },
  {
    "ID Number": "14410958"
  },
  {
    "ID Number": "14411571"
  },
  {
    "ID Number": "14437864"
  },
  {
    "ID Number": "14412543"
  },
  {
    "ID Number": "14412551"
  },
  {
    "ID Number": "14420406"
  },
  {
    "ID Number": "14441365"
  },
  {
    "ID Number": "14436779"
  },
  {
    "ID Number": "14415569"
  },
  {
    "ID Number": "14434741"
  },
  {
    "ID Number": "14406551"
  },
  {
    "ID Number": "14436477"
  },
  {
    "ID Number": "14433540"
  },
  {
    "ID Number": "14412420"
  },
  {
    "ID Number": "14430274"
  },
  {
    "ID Number": "916072"
  },
  {
    "ID Number": "9204096"
  },
  {
    "ID Number": "14400570"
  },
  {
    "ID Number": "14418282"
  },
  {
    "ID Number": "14401894"
  },
  {
    "ID Number": "14403897"
  },
  {
    "ID Number": "14434970"
  },
  {
    "ID Number": "14407329"
  },
  {
    "ID Number": "14410869"
  },
  {
    "ID Number": "14440083"
  },
  {
    "ID Number": "14440091"
  },
  {
    "ID Number": "14441446"
  },
  {
    "ID Number": "14426102"
  },
  {
    "ID Number": "14404729"
  },
  {
    "ID Number": "14436442"
  },
  {
    "ID Number": "14420422"
  },
  {
    "ID Number": "14442264"
  },
  {
    "ID Number": "14426110"
  },
  {
    "ID Number": "14416352"
  },
  {
    "ID Number": "14416360"
  },
  {
    "ID Number": "14404893"
  },
  {
    "ID Number": "14415763"
  },
  {
    "ID Number": "14436175"
  },
  {
    "ID Number": "14413825"
  },
  {
    "ID Number": "14427320"
  },
  {
    "ID Number": "14416921"
  },
  {
    "ID Number": "14423553"
  },
  {
    "ID Number": "14426358"
  },
  {
    "ID Number": "14422697"
  },
  {
    "ID Number": "14436396"
  },
  {
    "ID Number": "14409615"
  },
  {
    "ID Number": "14408546"
  },
  {
    "ID Number": "14417197"
  },
  {
    "ID Number": "14420325"
  },
  {
    "ID Number": "933643"
  },
  {
    "ID Number": "14409143"
  },
  {
    "ID Number": "14424452"
  },
  {
    "ID Number": "14424460"
  },
  {
    "ID Number": "14405300"
  },
  {
    "ID Number": "14436256"
  },
  {
    "ID Number": "14413914"
  },
  {
    "ID Number": "14424703"
  },
  {
    "ID Number": "14416522"
  },
  {
    "ID Number": "14415585"
  },
  {
    "ID Number": "14400120"
  },
  {
    "ID Number": "14406187"
  },
  {
    "ID Number": "14433915"
  },
  {
    "ID Number": "14409640"
  },
  {
    "ID Number": "14413957"
  },
  {
    "ID Number": "14419386"
  },
  {
    "ID Number": "14421755"
  },
  {
    "ID Number": "14421763"
  },
  {
    "ID Number": "14418428"
  },
  {
    "ID Number": "14413051"
  },
  {
    "ID Number": "14425688"
  },
  {
    "ID Number": "14431319"
  },
  {
    "ID Number": "14403072"
  },
  {
    "ID Number": "14427524"
  },
  {
    "ID Number": "14440105"
  },
  {
    "ID Number": "14426196"
  },
  {
    "ID Number": "14416301"
  },
  {
    "ID Number": "14440113"
  },
  {
    "ID Number": "14410729"
  },
  {
    "ID Number": "14404516"
  },
  {
    "ID Number": "14431459"
  },
  {
    "ID Number": "14444542"
  },
  {
    "ID Number": "14412195"
  },
  {
    "ID Number": "14410109"
  },
  {
    "ID Number": "14413990"
  },
  {
    "ID Number": "14427990"
  },
  {
    "ID Number": "14412446"
  },
  {
    "ID Number": "14431777"
  },
  {
    "ID Number": "14426080"
  },
  {
    "ID Number": "923869"
  },
  {
    "ID Number": "14419394"
  },
  {
    "ID Number": "14404907"
  },
  {
    "ID Number": "14411210"
  },
  {
    "ID Number": "14424169"
  },
  {
    "ID Number": "14412136"
  },
  {
    "ID Number": "14418436"
  },
  {
    "ID Number": "14404915"
  },
  {
    "ID Number": "14430380"
  },
  {
    "ID Number": "14400227"
  },
  {
    "ID Number": "14422883"
  },
  {
    "ID Number": "14419327"
  },
  {
    "ID Number": "14432510"
  },
  {
    "ID Number": "14419734"
  },
  {
    "ID Number": "14404028"
  },
  {
    "ID Number": "14413310"
  },
  {
    "ID Number": "14442914"
  },
  {
    "ID Number": "14403544"
  },
  {
    "ID Number": "14424835"
  },
  {
    "ID Number": "14427885"
  },
  {
    "ID Number": "14431912"
  },
  {
    "ID Number": "14409151"
  },
  {
    "ID Number": "14427788"
  },
  {
    "ID Number": "14416530"
  },
  {
    "ID Number": "14405792"
  },
  {
    "ID Number": "902268"
  },
  {
    "ID Number": "14426463"
  },
  {
    "ID Number": "14438828"
  },
  {
    "ID Number": "14430177"
  },
  {
    "ID Number": "14430185"
  },
  {
    "ID Number": "14414295"
  },
  {
    "ID Number": "14409550"
  },
  {
    "ID Number": "14426684"
  },
  {
    "ID Number": "14423774"
  },
  {
    "ID Number": "14426200"
  },
  {
    "ID Number": "14444143"
  },
  {
    "ID Number": "14415097"
  },
  {
    "ID Number": "14401916"
  },
  {
    "ID Number": "14425211"
  },
  {
    "ID Number": "14412560"
  },
  {
    "ID Number": "14422280"
  },
  {
    "ID Number": "14423278"
  },
  {
    "ID Number": "14430983"
  },
  {
    "ID Number": "14442620"
  },
  {
    "ID Number": "14422433"
  },
  {
    "ID Number": "14418290"
  },
  {
    "ID Number": "14420007"
  },
  {
    "ID Number": "14403552"
  },
  {
    "ID Number": "14423499"
  },
  {
    "ID Number": "14439611"
  },
  {
    "ID Number": "14429438"
  },
  {
    "ID Number": "14431327"
  },
  {
    "ID Number": "14415933"
  },
  {
    "ID Number": "14413680"
  },
  {
    "ID Number": "14424401"
  },
  {
    "ID Number": "14423375"
  },
  {
    "ID Number": "14435063"
  },
  {
    "ID Number": "14405504"
  },
  {
    "ID Number": "14410966"
  },
  {
    "ID Number": "14410800"
  },
  {
    "ID Number": "14429659"
  },
  {
    "ID Number": "14416174"
  },
  {
    "ID Number": "14407345"
  },
  {
    "ID Number": "14437872"
  },
  {
    "ID Number": "14433559"
  },
  {
    "ID Number": "14403188"
  },
  {
    "ID Number": "14427460"
  },
  {
    "ID Number": "14426706"
  },
  {
    "ID Number": "14408473"
  },
  {
    "ID Number": "14428369"
  },
  {
    "ID Number": "14410818"
  },
  {
    "ID Number": "14438941"
  },
  {
    "ID Number": "14409348"
  },
  {
    "ID Number": "14436604"
  },
  {
    "ID Number": "14425394"
  },
  {
    "ID Number": "14402475"
  },
  {
    "ID Number": "14424630"
  },
  {
    "ID Number": "14442868"
  },
  {
    "ID Number": "14440725"
  },
  {
    "ID Number": "14420872"
  },
  {
    "ID Number": "14413191"
  },
  {
    "ID Number": "14404613"
  },
  {
    "ID Number": "14412802"
  },
  {
    "ID Number": "14441020"
  },
  {
    "ID Number": "14443260"
  },
  {
    "ID Number": "14415941"
  },
  {
    "ID Number": "14402521"
  },
  {
    "ID Number": "14425041"
  },
  {
    "ID Number": "14409445"
  },
  {
    "ID Number": "14428857"
  },
  {
    "ID Number": "14402025"
  },
  {
    "ID Number": "14406624"
  },
  {
    "ID Number": "14429810"
  },
  {
    "ID Number": "14422298"
  },
  {
    "ID Number": "14443252"
  },
  {
    "ID Number": "14443244"
  },
  {
    "ID Number": "14409003"
  },
  {
    "ID Number": "14403455"
  },
  {
    "ID Number": "14402300"
  },
  {
    "ID Number": "14427338"
  },
  {
    "ID Number": "14406004"
  },
  {
    "ID Number": "14414643"
  },
  {
    "ID Number": "14404737"
  },
  {
    "ID Number": "14407353"
  },
  {
    "ID Number": "14420953"
  },
  {
    "ID Number": "14404923"
  },
  {
    "ID Number": "14432234"
  },
  {
    "ID Number": "14404842"
  },
  {
    "ID Number": "14432366"
  },
  {
    "ID Number": "14406020"
  },
  {
    "ID Number": "14443902"
  },
  {
    "ID Number": "14401320"
  },
  {
    "ID Number": "14410478"
  },
  {
    "ID Number": "14423430"
  },
  {
    "ID Number": "14423782"
  },
  {
    "ID Number": "14423170"
  },
  {
    "ID Number": "14419769"
  },
  {
    "ID Number": "14443317"
  },
  {
    "ID Number": "14404273"
  },
  {
    "ID Number": "14403315"
  },
  {
    "ID Number": "14401576"
  },
  {
    "ID Number": "14407965"
  },
  {
    "ID Number": "14405342"
  },
  {
    "ID Number": "14433591"
  },
  {
    "ID Number": "14404281"
  },
  {
    "ID Number": "14420961"
  },
  {
    "ID Number": "14433281"
  },
  {
    "ID Number": "14414678"
  },
  {
    "ID Number": "14418258"
  },
  {
    "ID Number": "14423316"
  },
  {
    "ID Number": "14403951"
  },
  {
    "ID Number": "14433052"
  },
  {
    "ID Number": "14428865"
  },
  {
    "ID Number": "14442973"
  },
  {
    "ID Number": "14443392"
  },
  {
    "ID Number": "14428873"
  },
  {
    "ID Number": "14415798"
  },
  {
    "ID Number": "14401231"
  },
  {
    "ID Number": "14405768"
  },
  {
    "ID Number": "14440130"
  },
  {
    "ID Number": "14403900"
  },
  {
    "ID Number": "14436400"
  },
  {
    "ID Number": "14431572"
  },
  {
    "ID Number": "14428202"
  },
  {
    "ID Number": "14401240"
  },
  {
    "ID Number": "14441098"
  },
  {
    "ID Number": "14422352"
  },
  {
    "ID Number": "14411687"
  },
  {
    "ID Number": "14409518"
  },
  {
    "ID Number": "14434008"
  },
  {
    "ID Number": "14417189"
  },
  {
    "ID Number": "14432420"
  },
  {
    "ID Number": "14427168"
  },
  {
    "ID Number": "14437686"
  },
  {
    "ID Number": "14419920"
  },
  {
    "ID Number": "14437252"
  },
  {
    "ID Number": "14423626"
  },
  {
    "ID Number": "14437260"
  },
  {
    "ID Number": "14428156"
  },
  {
    "ID Number": "14421500"
  },
  {
    "ID Number": "14438984"
  },
  {
    "ID Number": "14402041"
  },
  {
    "ID Number": "14437198"
  },
  {
    "ID Number": "14425777"
  },
  {
    "ID Number": "14435829"
  },
  {
    "ID Number": "14413442"
  },
  {
    "ID Number": "14422190"
  },
  {
    "ID Number": "14429098"
  },
  {
    "ID Number": "14411695"
  },
  {
    "ID Number": "14421550"
  },
  {
    "ID Number": "14421046"
  },
  {
    "ID Number": "14420627"
  },
  {
    "ID Number": "14429721"
  },
  {
    "ID Number": "14413736"
  },
  {
    "ID Number": "14425254"
  },
  {
    "ID Number": "14411490"
  },
  {
    "ID Number": "14417880"
  },
  {
    "ID Number": "14416077"
  },
  {
    "ID Number": "14416255"
  },
  {
    "ID Number": "14415020"
  },
  {
    "ID Number": "14415046"
  },
  {
    "ID Number": "14428784"
  },
  {
    "ID Number": "14412020"
  },
  {
    "ID Number": "14406632"
  },
  {
    "ID Number": "14440970"
  },
  {
    "ID Number": "14420090"
  },
  {
    "ID Number": "14436027"
  },
  {
    "ID Number": "14419840"
  },
  {
    "ID Number": "14427796"
  },
  {
    "ID Number": "14427800"
  },
  {
    "ID Number": "14403226"
  },
  {
    "ID Number": "14431580"
  },
  {
    "ID Number": "14424339"
  },
  {
    "ID Number": "14414015"
  },
  {
    "ID Number": "14441179"
  },
  {
    "ID Number": "14406802"
  },
  {
    "ID Number": "14404290"
  },
  {
    "ID Number": "14417898"
  },
  {
    "ID Number": "14425483"
  },
  {
    "ID Number": "14434989"
  },
  {
    "ID Number": "14430878"
  },
  {
    "ID Number": "14427648"
  },
  {
    "ID Number": "14409682"
  },
  {
    "ID Number": "14442841"
  },
  {
    "ID Number": "14442221"
  },
  {
    "ID Number": "14404770"
  },
  {
    "ID Number": "14409216"
  },
  {
    "ID Number": "934348"
  },
  {
    "ID Number": "14432790"
  },
  {
    "ID Number": "14431335"
  },
  {
    "ID Number": "14415127"
  },
  {
    "ID Number": "14423189"
  },
  {
    "ID Number": "14432200"
  },
  {
    "ID Number": "14432218"
  },
  {
    "ID Number": "14432471"
  },
  {
    "ID Number": "14423790"
  },
  {
    "ID Number": "14438950"
  },
  {
    "ID Number": "14420015"
  },
  {
    "ID Number": "14443236"
  },
  {
    "ID Number": "14410222"
  },
  {
    "ID Number": "14407833"
  },
  {
    "ID Number": "14404303"
  },
  {
    "ID Number": "14405970"
  },
  {
    "ID Number": "14410494"
  },
  {
    "ID Number": "14428458"
  },
  {
    "ID Number": "14438895"
  },
  {
    "ID Number": "14442981"
  },
  {
    "ID Number": "14424177"
  },
  {
    "ID Number": "14416557"
  },
  {
    "ID Number": "14420163"
  },
  {
    "ID Number": "14425882"
  },
  {
    "ID Number": "14427265"
  },
  {
    "ID Number": "14422522"
  },
  {
    "ID Number": "14425890"
  },
  {
    "ID Number": "14422530"
  },
  {
    "ID Number": "14412845"
  },
  {
    "ID Number": "14427966"
  },
  {
    "ID Number": "14402572"
  },
  {
    "ID Number": "14413418"
  },
  {
    "ID Number": "14403650"
  },
  {
    "ID Number": "14434121"
  },
  {
    "ID Number": "14434130"
  },
  {
    "ID Number": "14407035"
  },
  {
    "ID Number": "14409690"
  },
  {
    "ID Number": "14438968"
  },
  {
    "ID Number": "14401266"
  },
  {
    "ID Number": "14403668"
  },
  {
    "ID Number": "14430746"
  },
  {
    "ID Number": "14428520"
  },
  {
    "ID Number": "14423197"
  },
  {
    "ID Number": "14426366"
  },
  {
    "ID Number": "14423200"
  },
  {
    "ID Number": "14441187"
  },
  {
    "ID Number": "14430096"
  },
  {
    "ID Number": "14434806"
  },
  {
    "ID Number": "14426285"
  },
  {
    "ID Number": "14419947"
  },
  {
    "ID Number": "14428466"
  },
  {
    "ID Number": "916080"
  },
  {
    "ID Number": "14400847"
  },
  {
    "ID Number": "14415704"
  },
  {
    "ID Number": "14425971"
  },
  {
    "ID Number": "14440750"
  },
  {
    "ID Number": "14402068"
  },
  {
    "ID Number": "14409453"
  },
  {
    "ID Number": "14423146"
  },
  {
    "ID Number": "14416930"
  },
  {
    "ID Number": "14434539"
  },
  {
    "ID Number": "14419858"
  },
  {
    "ID Number": "14425696"
  },
  {
    "ID Number": "14432650"
  },
  {
    "ID Number": "14423685"
  },
  {
    "ID Number": "14417405"
  },
  {
    "ID Number": "14424711"
  },
  {
    "ID Number": "14409356"
  },
  {
    "ID Number": "14417901"
  },
  {
    "ID Number": "14413116"
  },
  {
    "ID Number": "14403080"
  },
  {
    "ID Number": "14421321"
  },
  {
    "ID Number": "14418398"
  },
  {
    "ID Number": "14418550"
  },
  {
    "ID Number": "14419041"
  },
  {
    "ID Number": "14406489"
  },
  {
    "ID Number": "14418304"
  },
  {
    "ID Number": "14403790"
  },
  {
    "ID Number": "14413892"
  },
  {
    "ID Number": "14417324"
  },
  {
    "ID Number": "14440997"
  },
  {
    "ID Number": "14414317"
  },
  {
    "ID Number": "14428008"
  },
  {
    "ID Number": "14428016"
  },
  {
    "ID Number": "14438089"
  },
  {
    "ID Number": "14439166"
  },
  {
    "ID Number": "14402165"
  },
  {
    "ID Number": "14421798"
  },
  {
    "ID Number": "14419408"
  },
  {
    "ID Number": "14427206"
  },
  {
    "ID Number": "14441560"
  },
  {
    "ID Number": "14422255"
  },
  {
    "ID Number": "14413086"
  },
  {
    "ID Number": "14424479"
  },
  {
    "ID Number": "14430690"
  },
  {
    "ID Number": "14423561"
  },
  {
    "ID Number": "14406411"
  },
  {
    "ID Number": "14416565"
  },
  {
    "ID Number": "14442604"
  },
  {
    "ID Number": "14431793"
  },
  {
    "ID Number": "14411237"
  },
  {
    "ID Number": "14405695"
  },
  {
    "ID Number": "14412918"
  },
  {
    "ID Number": "14419866"
  },
  {
    "ID Number": "14433150"
  },
  {
    "ID Number": "14406918"
  },
  {
    "ID Number": "14417464"
  },
  {
    "ID Number": "14411504"
  },
  {
    "ID Number": "14437880"
  },
  {
    "ID Number": "14427001"
  },
  {
    "ID Number": "14434318"
  },
  {
    "ID Number": "14415593"
  },
  {
    "ID Number": "14422824"
  },
  {
    "ID Number": "14432811"
  },
  {
    "ID Number": "14412721"
  },
  {
    "ID Number": "14431343"
  },
  {
    "ID Number": "915319"
  },
  {
    "ID Number": "14413124"
  },
  {
    "ID Number": "14432951"
  },
  {
    "ID Number": "14428024"
  },
  {
    "ID Number": "14414031"
  },
  {
    "ID Number": "14427010"
  },
  {
    "ID Number": "14402297"
  },
  {
    "ID Number": "14416956"
  },
  {
    "ID Number": "14409704"
  },
  {
    "ID Number": "14431351"
  },
  {
    "ID Number": "14417650"
  },
  {
    "ID Number": "14435080"
  },
  {
    "ID Number": "14408040"
  },
  {
    "ID Number": "14410311"
  },
  {
    "ID Number": "14419050"
  },
  {
    "ID Number": "14419955"
  },
  {
    "ID Number": "14437465"
  },
  {
    "ID Number": "14416093"
  },
  {
    "ID Number": "14439905"
  },
  {
    "ID Number": "14434016"
  },
  {
    "ID Number": "14436035"
  },
  {
    "ID Number": "14411580"
  },
  {
    "ID Number": "14411245"
  },
  {
    "ID Number": "14421356"
  },
  {
    "ID Number": "14423570"
  },
  {
    "ID Number": "14423340"
  },
  {
    "ID Number": "14422034"
  },
  {
    "ID Number": "14438704"
  },
  {
    "ID Number": "14431475"
  },
  {
    "ID Number": "14406560"
  },
  {
    "ID Number": "14404052"
  },
  {
    "ID Number": "14438372"
  },
  {
    "ID Number": "14428644"
  },
  {
    "ID Number": "14417367"
  },
  {
    "ID Number": "14401444"
  },
  {
    "ID Number": "14431483"
  },
  {
    "ID Number": "14427818"
  },
  {
    "ID Number": "14419289"
  },
  {
    "ID Number": "14405776"
  },
  {
    "ID Number": "14416581"
  },
  {
    "ID Number": "14404931"
  },
  {
    "ID Number": "14437724"
  },
  {
    "ID Number": "14443406"
  },
  {
    "ID Number": "14416964"
  },
  {
    "ID Number": "14425033"
  },
  {
    "ID Number": "14417669"
  },
  {
    "ID Number": "14425491"
  },
  {
    "ID Number": "14409224"
  },
  {
    "ID Number": "14413744"
  },
  {
    "ID Number": "14400812"
  },
  {
    "ID Number": "14418770"
  },
  {
    "ID Number": "14404060"
  },
  {
    "ID Number": "14418592"
  },
  {
    "ID Number": "14433800"
  },
  {
    "ID Number": "14405873"
  },
  {
    "ID Number": "14428407"
  },
  {
    "ID Number": "14411717"
  },
  {
    "ID Number": "14411873"
  },
  {
    "ID Number": "14433214"
  },
  {
    "ID Number": "14418053"
  },
  {
    "ID Number": "14421526"
  },
  {
    "ID Number": "14416590"
  },
  {
    "ID Number": "14409836"
  },
  {
    "ID Number": "14434067"
  },
  {
    "ID Number": "14429454"
  },
  {
    "ID Number": "14401673"
  },
  {
    "ID Number": "14417391"
  },
  {
    "ID Number": "14410320"
  },
  {
    "ID Number": "14431491"
  },
  {
    "ID Number": "14404079"
  },
  {
    "ID Number": "14412780"
  },
  {
    "ID Number": "14439646"
  },
  {
    "ID Number": "14435101"
  },
  {
    "ID Number": "14417227"
  },
  {
    "ID Number": "14433605"
  },
  {
    "ID Number": "14409844"
  },
  {
    "ID Number": "14413906"
  },
  {
    "ID Number": "14401851"
  },
  {
    "ID Number": "14427303"
  },
  {
    "ID Number": "14409283"
  },
  {
    "ID Number": "14416271"
  },
  {
    "ID Number": "14432480"
  },
  {
    "ID Number": "14411725"
  },
  {
    "ID Number": "14437740"
  },
  {
    "ID Number": "14430045"
  },
  {
    "ID Number": "14419068"
  },
  {
    "ID Number": "14429780"
  },
  {
    "ID Number": "14436418"
  },
  {
    "ID Number": "14422123"
  },
  {
    "ID Number": "14401274"
  },
  {
    "ID Number": "14422115"
  },
  {
    "ID Number": "14428032"
  },
  {
    "ID Number": "14426099"
  },
  {
    "ID Number": "14423219"
  },
  {
    "ID Number": "14418630"
  },
  {
    "ID Number": "14435845"
  },
  {
    "ID Number": "14417677"
  },
  {
    "ID Number": "14441195"
  },
  {
    "ID Number": "14406829"
  },
  {
    "ID Number": "14413132"
  },
  {
    "ID Number": "14428504"
  },
  {
    "ID Number": "14409232"
  },
  {
    "ID Number": "14403013"
  },
  {
    "ID Number": "14420970"
  },
  {
    "ID Number": "14420635"
  },
  {
    "ID Number": "14432668"
  },
  {
    "ID Number": "14432447"
  },
  {
    "ID Number": "14404800"
  },
  {
    "ID Number": "14407850"
  },
  {
    "ID Number": "14430231"
  },
  {
    "ID Number": "14439883"
  },
  {
    "ID Number": "14435500"
  },
  {
    "ID Number": "14431360"
  },
  {
    "ID Number": "14440695"
  },
  {
    "ID Number": "14437643"
  },
  {
    "ID Number": "14400340"
  },
  {
    "ID Number": "14411024"
  },
  {
    "ID Number": "14436345"
  },
  {
    "ID Number": "14427079"
  },
  {
    "ID Number": "14400952"
  },
  {
    "ID Number": "14407132"
  },
  {
    "ID Number": "14404230"
  },
  {
    "ID Number": "14404087"
  },
  {
    "ID Number": "14402980"
  },
  {
    "ID Number": "14421801"
  },
  {
    "ID Number": "14442400"
  },
  {
    "ID Number": "14402076"
  },
  {
    "ID Number": "14401312"
  },
  {
    "ID Number": "14438232"
  },
  {
    "ID Number": "14415496"
  },
  {
    "ID Number": "14411040"
  },
  {
    "ID Number": "14408570"
  },
  {
    "ID Number": "14436876"
  },
  {
    "ID Number": "14424592"
  },
  {
    "ID Number": "14427427"
  },
  {
    "ID Number": "14402343"
  },
  {
    "ID Number": "14436051"
  },
  {
    "ID Number": "14428628"
  },
  {
    "ID Number": "14433567"
  },
  {
    "ID Number": "14416603"
  },
  {
    "ID Number": "14408490"
  },
  {
    "ID Number": "14402360"
  },
  {
    "ID Number": "14428881"
  },
  {
    "ID Number": "14428210"
  },
  {
    "ID Number": "14428229"
  },
  {
    "ID Number": "14436353"
  },
  {
    "ID Number": "14414368"
  },
  {
    "ID Number": "14423332"
  },
  {
    "ID Number": "14402084"
  },
  {
    "ID Number": "14419076"
  },
  {
    "ID Number": "14402181"
  },
  {
    "ID Number": "14414376"
  },
  {
    "ID Number": "14411890"
  },
  {
    "ID Number": "14430703"
  },
  {
    "ID Number": "14443910"
  },
  {
    "ID Number": "14426978"
  },
  {
    "ID Number": "14419335"
  },
  {
    "ID Number": "14420988"
  },
  {
    "ID Number": "14425262"
  },
  {
    "ID Number": "14424649"
  },
  {
    "ID Number": "14442922"
  },
  {
    "ID Number": "14420996"
  },
  {
    "ID Number": "14407744"
  },
  {
    "ID Number": "14401525"
  },
  {
    "ID Number": "14411903"
  },
  {
    "ID Number": "14419963"
  },
  {
    "ID Number": "14417910"
  },
  {
    "ID Number": "14417928"
  },
  {
    "ID Number": "14414392"
  },
  {
    "ID Number": "14423227"
  },
  {
    "ID Number": "14410524"
  },
  {
    "ID Number": "14410532"
  },
  {
    "ID Number": "14421666"
  },
  {
    "ID Number": "14415607"
  },
  {
    "ID Number": "14425505"
  },
  {
    "ID Number": "14437201"
  },
  {
    "ID Number": "14418568"
  },
  {
    "ID Number": "14434334"
  },
  {
    "ID Number": "14434342"
  },
  {
    "ID Number": "14428652"
  },
  {
    "ID Number": "14428237"
  },
  {
    "ID Number": "14417936"
  },
  {
    "ID Number": "14417944"
  },
  {
    "ID Number": "14411911"
  },
  {
    "ID Number": "14436280"
  },
  {
    "ID Number": "14435004"
  },
  {
    "ID Number": "14442876"
  },
  {
    "ID Number": "14420724"
  },
  {
    "ID Number": "14415143"
  },
  {
    "ID Number": "14429195"
  },
  {
    "ID Number": "14427532"
  },
  {
    "ID Number": "14427478"
  },
  {
    "ID Number": "14438518"
  },
  {
    "ID Number": "14443546"
  },
  {
    "ID Number": "14408252"
  },
  {
    "ID Number": "14420805"
  },
  {
    "ID Number": "14435128"
  },
  {
    "ID Number": "14434555"
  },
  {
    "ID Number": "14410230"
  },
  {
    "ID Number": "14423707"
  },
  {
    "ID Number": "14428296"
  },
  {
    "ID Number": "14400162"
  },
  {
    "ID Number": "14433230"
  },
  {
    "ID Number": "14414414"
  },
  {
    "ID Number": "14414422"
  },
  {
    "ID Number": "14437031"
  },
  {
    "ID Number": "14437651"
  },
  {
    "ID Number": "14409500"
  },
  {
    "ID Number": "14440768"
  },
  {
    "ID Number": "14408260"
  },
  {
    "ID Number": "14407370"
  },
  {
    "ID Number": "14434814"
  },
  {
    "ID Number": "14434822"
  },
  {
    "ID Number": "14433443"
  },
  {
    "ID Number": "14417162"
  },
  {
    "ID Number": "14442990"
  },
  {
    "ID Number": "14409585"
  },
  {
    "ID Number": "14428890"
  },
  {
    "ID Number": "14425700"
  },
  {
    "ID Number": "14517990"
  },
  {
    "ID Number": "14415615"
  },
  {
    "ID Number": "14419416"
  },
  {
    "ID Number": "14412039"
  },
  {
    "ID Number": "14419491"
  },
  {
    "ID Number": "14441845"
  },
  {
    "ID Number": "14407396"
  },
  {
    "ID Number": "14411920"
  },
  {
    "ID Number": "14436698"
  },
  {
    "ID Number": "14414430"
  },
  {
    "ID Number": "14435012"
  },
  {
    "ID Number": "14427915"
  },
  {
    "ID Number": "14405237"
  },
  {
    "ID Number": "14423260"
  },
  {
    "ID Number": "14422441"
  },
  {
    "ID Number": "14417952"
  },
  {
    "ID Number": "14404176"
  },
  {
    "ID Number": "14412586"
  },
  {
    "ID Number": "14409160"
  },
  {
    "ID Number": "14437287"
  },
  {
    "ID Number": "14431378"
  },
  {
    "ID Number": "14418088"
  },
  {
    "ID Number": "14428040"
  },
  {
    "ID Number": "14424029"
  },
  {
    "ID Number": "14428059"
  },
  {
    "ID Number": "14412594"
  },
  {
    "ID Number": "14435020"
  },
  {
    "ID Number": "14437430"
  },
  {
    "ID Number": "14427656"
  },
  {
    "ID Number": "14416999"
  },
  {
    "ID Number": "14431998"
  },
  {
    "ID Number": "922684"
  },
  {
    "ID Number": "14427540"
  },
  {
    "ID Number": "14426765"
  },
  {
    "ID Number": "14420023"
  },
  {
    "ID Number": "14419084"
  },
  {
    "ID Number": "14416328"
  },
  {
    "ID Number": "14424967"
  },
  {
    "ID Number": "14430100"
  },
  {
    "ID Number": "14442248"
  },
  {
    "ID Number": "14423472"
  },
  {
    "ID Number": "14403323"
  },
  {
    "ID Number": "14436426"
  },
  {
    "ID Number": "14423367"
  },
  {
    "ID Number": "14443368"
  },
  {
    "ID Number": "14417685"
  },
  {
    "ID Number": "14409631"
  },
  {
    "ID Number": "14409178"
  },
  {
    "ID Number": "14432579"
  },
  {
    "ID Number": "14425785"
  },
  {
    "ID Number": "14401720"
  },
  {
    "ID Number": "14416387"
  },
  {
    "ID Number": "14419971"
  },
  {
    "ID Number": "14421569"
  },
  {
    "ID Number": "14434075"
  },
  {
    "ID Number": "14411288"
  },
  {
    "ID Number": "14437600"
  },
  {
    "ID Number": "14409593"
  },
  {
    "ID Number": "14440733"
  },
  {
    "ID Number": "14442060"
  },
  {
    "ID Number": "14410540"
  },
  {
    "ID Number": "14420104"
  },
  {
    "ID Number": "14412055"
  },
  {
    "ID Number": "14438437"
  },
  {
    "ID Number": "14425408"
  },
  {
    "ID Number": "14423928"
  },
  {
    "ID Number": "14422549"
  },
  {
    "ID Number": "14433575"
  },
  {
    "ID Number": "14438445"
  },
  {
    "ID Number": "14407418"
  },
  {
    "ID Number": "14425769"
  },
  {
    "ID Number": "14412250"
  },
  {
    "ID Number": "14429845"
  },
  {
    "ID Number": "14438763"
  },
  {
    "ID Number": "14433613"
  },
  {
    "ID Number": "14420732"
  },
  {
    "ID Number": "14433079"
  },
  {
    "ID Number": "14410117"
  },
  {
    "ID Number": "14413531"
  },
  {
    "ID Number": "14401550"
  },
  {
    "ID Number": "14402416"
  },
  {
    "ID Number": "14406322"
  },
  {
    "ID Number": "14437295"
  },
  {
    "ID Number": "14403811"
  },
  {
    "ID Number": "14416107"
  },
  {
    "ID Number": "14428903"
  },
  {
    "ID Number": "14415003"
  },
  {
    "ID Number": "14413698"
  },
  {
    "ID Number": "14443325"
  },
  {
    "ID Number": "14422557"
  },
  {
    "ID Number": "14420376"
  },
  {
    "ID Number": "14427087"
  },
  {
    "ID Number": "14411059"
  },
  {
    "ID Number": "14427214"
  },
  {
    "ID Number": "14426129"
  },
  {
    "ID Number": "14432498"
  },
  {
    "ID Number": "14408120"
  },
  {
    "ID Number": "14431564"
  },
  {
    "ID Number": "14431556"
  },
  {
    "ID Number": "14408902"
  },
  {
    "ID Number": "14424738"
  },
  {
    "ID Number": "14436450"
  },
  {
    "ID Number": "14433168"
  },
  {
    "ID Number": "14426226"
  },
  {
    "ID Number": "14429942"
  },
  {
    "ID Number": "14444550"
  },
  {
    "ID Number": "14411938"
  },
  {
    "ID Number": "14437422"
  },
  {
    "ID Number": "14404818"
  },
  {
    "ID Number": "14423308"
  },
  {
    "ID Number": "14423294"
  },
  {
    "ID Number": "14439379"
  },
  {
    "ID Number": "14404869"
  },
  {
    "ID Number": "14440776"
  },
  {
    "ID Number": "14418215"
  },
  {
    "ID Number": "14414449"
  },
  {
    "ID Number": "14430290"
  },
  {
    "ID Number": "14419203"
  },
  {
    "ID Number": "14424746"
  },
  {
    "ID Number": "14408066"
  },
  {
    "ID Number": "14414767"
  },
  {
    "ID Number": "14401835"
  },
  {
    "ID Number": "14419980"
  },
  {
    "ID Number": "14431386"
  },
  {
    "ID Number": "14434350"
  },
  {
    "ID Number": "14411598"
  },
  {
    "ID Number": "14439387"
  },
  {
    "ID Number": "14415160"
  },
  {
    "ID Number": "14433583"
  },
  {
    "ID Number": "14407043"
  },
  {
    "ID Number": "14407434"
  },
  {
    "ID Number": "14412268"
  },
  {
    "ID Number": "14407442"
  },
  {
    "ID Number": "14434431"
  },
  {
    "ID Number": "14418584"
  },
  {
    "ID Number": "14406179"
  },
  {
    "ID Number": "14402661"
  },
  {
    "ID Number": "14403820"
  },
  {
    "ID Number": "14414465"
  },
  {
    "ID Number": "14416425"
  },
  {
    "ID Number": "14415151"
  },
  {
    "ID Number": "14414473"
  },
  {
    "ID Number": "14440458"
  },
  {
    "ID Number": "14407140"
  },
  {
    "ID Number": "14407051"
  },
  {
    "ID Number": "14438097"
  },
  {
    "ID Number": "14406314"
  },
  {
    "ID Number": "14436485"
  },
  {
    "ID Number": "14402874"
  },
  {
    "ID Number": "14409992"
  },
  {
    "ID Number": "907723"
  },
  {
    "ID Number": "14415631"
  },
  {
    "ID Number": "14409461"
  },
  {
    "ID Number": "14424754"
  },
  {
    "ID Number": "14441802"
  },
  {
    "ID Number": "14407450"
  },
  {
    "ID Number": "14416190"
  },
  {
    "ID Number": "14413361"
  },
  {
    "ID Number": "14428350"
  },
  {
    "ID Number": "14440156"
  },
  {
    "ID Number": "14400197"
  },
  {
    "ID Number": "14420538"
  },
  {
    "ID Number": "14406896"
  },
  {
    "ID Number": "14415267"
  },
  {
    "ID Number": "14404702"
  },
  {
    "ID Number": "14415275"
  },
  {
    "ID Number": "14423693"
  },
  {
    "ID Number": "14425904"
  },
  {
    "ID Number": "14427826"
  },
  {
    "ID Number": "14420031"
  },
  {
    "ID Number": "14421240"
  },
  {
    "ID Number": "14431726"
  },
  {
    "ID Number": "14405245"
  },
  {
    "ID Number": "14413752"
  },
  {
    "ID Number": "14443473"
  },
  {
    "ID Number": "14437660"
  },
  {
    "ID Number": "14420740"
  },
  {
    "ID Number": "14441284"
  },
  {
    "ID Number": "14413329"
  },
  {
    "ID Number": "14425793"
  },
  {
    "ID Number": "14404206"
  },
  {
    "ID Number": "14418150"
  },
  {
    "ID Number": "14431742"
  },
  {
    "ID Number": "14420546"
  },
  {
    "ID Number": "14433451"
  },
  {
    "ID Number": "14426412"
  },
  {
    "ID Number": "14411091"
  },
  {
    "ID Number": "14411105"
  },
  {
    "ID Number": "14415801"
  },
  {
    "ID Number": "14404320"
  },
  {
    "ID Number": "14429853"
  },
  {
    "ID Number": "14411512"
  },
  {
    "ID Number": "14439662"
  },
  {
    "ID Number": "14406381"
  },
  {
    "ID Number": "14434571"
  },
  {
    "ID Number": "14438836"
  },
  {
    "ID Number": "14432846"
  },
  {
    "ID Number": "14435144"
  },
  {
    "ID Number": "14436884"
  },
  {
    "ID Number": "14419629"
  },
  {
    "ID Number": "14433516"
  },
  {
    "ID Number": "908045"
  },
  {
    "ID Number": "14421577"
  },
  {
    "ID Number": "14400928"
  },
  {
    "ID Number": "14422565"
  },
  {
    "ID Number": "14412900"
  },
  {
    "ID Number": "14436060"
  },
  {
    "ID Number": "14418819"
  },
  {
    "ID Number": "14438569"
  },
  {
    "ID Number": "14423960"
  },
  {
    "ID Number": "904228"
  },
  {
    "ID Number": "14402645"
  },
  {
    "ID Number": "14545080"
  },
  {
    "ID Number": "14414481"
  },
  {
    "ID Number": "14424495"
  },
  {
    "ID Number": "14435152"
  },
  {
    "ID Number": "14407485"
  },
  {
    "ID Number": "14424509"
  },
  {
    "ID Number": "14400332"
  },
  {
    "ID Number": "14436132"
  },
  {
    "ID Number": "14402670"
  },
  {
    "ID Number": "14427117"
  },
  {
    "ID Number": "934160"
  },
  {
    "ID Number": "14428792"
  },
  {
    "ID Number": "14406420"
  },
  {
    "ID Number": "14425416"
  },
  {
    "ID Number": "14425220"
  },
  {
    "ID Number": "14404648"
  },
  {
    "ID Number": "14419424"
  },
  {
    "ID Number": "14428610"
  },
  {
    "ID Number": "14411326"
  },
  {
    "ID Number": "14409895"
  },
  {
    "ID Number": "14404451"
  },
  {
    "ID Number": "14407159"
  },
  {
    "ID Number": "14410583"
  },
  {
    "ID Number": "14436701"
  },
  {
    "ID Number": "14411954"
  },
  {
    "ID Number": "14425173"
  },
  {
    "ID Number": "14427613"
  },
  {
    "ID Number": "14437309"
  },
  {
    "ID Number": "14419637"
  },
  {
    "ID Number": "14401819"
  },
  {
    "ID Number": "14431807"
  },
  {
    "ID Number": "14417006"
  },
  {
    "ID Number": "14424282"
  },
  {
    "ID Number": "14413817"
  },
  {
    "ID Number": "14409240"
  },
  {
    "ID Number": "14414716"
  },
  {
    "ID Number": "14402793"
  },
  {
    "ID Number": "14425238"
  },
  {
    "ID Number": "14423979"
  },
  {
    "ID Number": "14437775"
  },
  {
    "ID Number": "14417235"
  },
  {
    "ID Number": "14405954"
  },
  {
    "ID Number": "14430720"
  },
  {
    "ID Number": "14429012"
  },
  {
    "ID Number": "14404460"
  },
  {
    "ID Number": "14425912"
  },
  {
    "ID Number": "14425920"
  },
  {
    "ID Number": "14412950"
  },
  {
    "ID Number": "14426137"
  },
  {
    "ID Number": "14426790"
  },
  {
    "ID Number": "14412837"
  },
  {
    "ID Number": "14419130"
  },
  {
    "ID Number": "14436710"
  },
  {
    "ID Number": "14413302"
  },
  {
    "ID Number": "14431815"
  },
  {
    "ID Number": "14434172"
  },
  {
    "ID Number": "14407493"
  },
  {
    "ID Number": "14402939"
  },
  {
    "ID Number": "14401460"
  },
  {
    "ID Number": "14401398"
  },
  {
    "ID Number": "14433427"
  },
  {
    "ID Number": "14428512"
  },
  {
    "ID Number": "14427230"
  },
  {
    "ID Number": "14427559"
  },
  {
    "ID Number": "14436795"
  },
  {
    "ID Number": "14443880"
  },
  {
    "ID Number": "14442310"
  },
  {
    "ID Number": "921130"
  },
  {
    "ID Number": "14443490"
  },
  {
    "ID Number": "14433729"
  },
  {
    "ID Number": "14432595"
  },
  {
    "ID Number": "14440482"
  },
  {
    "ID Number": "14431220"
  },
  {
    "ID Number": "14444160"
  },
  {
    "ID Number": "14419432"
  },
  {
    "ID Number": "14408414"
  },
  {
    "ID Number": "14436809"
  },
  {
    "ID Number": "14435861"
  },
  {
    "ID Number": "14434830"
  },
  {
    "ID Number": "14437317"
  },
  {
    "ID Number": "14428636"
  },
  {
    "ID Number": "14418843"
  },
  {
    "ID Number": "14402114"
  },
  {
    "ID Number": "14440857"
  },
  {
    "ID Number": "14426480"
  },
  {
    "ID Number": "14413884"
  },
  {
    "ID Number": "14428245"
  },
  {
    "ID Number": "14434911"
  },
  {
    "ID Number": "14401568"
  },
  {
    "ID Number": "14401584"
  },
  {
    "ID Number": "14425718"
  },
  {
    "ID Number": "14402947"
  },
  {
    "ID Number": "14604434"
  },
  {
    "ID Number": "14425726"
  },
  {
    "ID Number": "14408139"
  },
  {
    "ID Number": "14432455"
  },
  {
    "ID Number": "14412098"
  },
  {
    "ID Number": "14406837"
  },
  {
    "ID Number": "14433290"
  },
  {
    "ID Number": "14406527"
  },
  {
    "ID Number": "14441055"
  },
  {
    "ID Number": "14415976"
  },
  {
    "ID Number": "14422220"
  },
  {
    "ID Number": "14405555"
  },
  {
    "ID Number": "14417456"
  },
  {
    "ID Number": "14405105"
  },
  {
    "ID Number": "14412047"
  },
  {
    "ID Number": "14441764"
  },
  {
    "ID Number": "14428547"
  },
  {
    "ID Number": "14423642"
  },
  {
    "ID Number": "14443333"
  },
  {
    "ID Number": "14433842"
  },
  {
    "ID Number": "14401649"
  },
  {
    "ID Number": "14406276"
  },
  {
    "ID Number": "14405369"
  },
  {
    "ID Number": "14402246"
  },
  {
    "ID Number": "14421160"
  },
  {
    "ID Number": "14417340"
  },
  {
    "ID Number": "14401169"
  },
  {
    "ID Number": "14401363"
  },
  {
    "ID Number": "14428911"
  },
  {
    "ID Number": "14425734"
  },
  {
    "ID Number": "14406438"
  },
  {
    "ID Number": "14421518"
  },
  {
    "ID Number": "14433087"
  },
  {
    "ID Number": "14428415"
  },
  {
    "ID Number": "14423812"
  },
  {
    "ID Number": "14443341"
  },
  {
    "ID Number": "14401657"
  },
  {
    "ID Number": "14430630"
  },
  {
    "ID Number": "14416409"
  },
  {
    "ID Number": "14441853"
  },
  {
    "ID Number": "14413760"
  },
  {
    "ID Number": "14415283"
  },
  {
    "ID Number": "14401665"
  },
  {
    "ID Number": "14419211"
  },
  {
    "ID Number": "14427443"
  },
  {
    "ID Number": "14410591"
  },
  {
    "ID Number": "14436620"
  },
  {
    "ID Number": "14429799"
  },
  {
    "ID Number": "14432170"
  },
  {
    "ID Number": "14412101"
  },
  {
    "ID Number": "14412063"
  },
  {
    "ID Number": "14404117"
  },
  {
    "ID Number": "14427591"
  },
  {
    "ID Number": "14422573"
  },
  {
    "ID Number": "901512"
  },
  {
    "ID Number": "14430770"
  },
  {
    "ID Number": "14429950"
  },
  {
    "ID Number": "14422964"
  },
  {
    "ID Number": "14428334"
  },
  {
    "ID Number": "14429985"
  },
  {
    "ID Number": "14432048"
  },
  {
    "ID Number": "14410087"
  },
  {
    "ID Number": "2606160"
  },
  {
    "ID Number": "14409259"
  },
  {
    "ID Number": "14414783"
  },
  {
    "ID Number": "14427486"
  },
  {
    "ID Number": "14431823"
  },
  {
    "ID Number": "14412896"
  },
  {
    "ID Number": "14442825"
  },
  {
    "ID Number": "14423383"
  },
  {
    "ID Number": "14400014"
  },
  {
    "ID Number": "14432064"
  },
  {
    "ID Number": "14419440"
  },
  {
    "ID Number": "14408716"
  },
  {
    "ID Number": "14408724"
  },
  {
    "ID Number": "14441624"
  },
  {
    "ID Number": "14428733"
  },
  {
    "ID Number": "14443015"
  },
  {
    "ID Number": "14425939"
  },
  {
    "ID Number": "14413400"
  },
  {
    "ID Number": "14434598"
  },
  {
    "ID Number": "14414902"
  },
  {
    "ID Number": "14436639"
  },
  {
    "ID Number": "14406659"
  },
  {
    "ID Number": "14404125"
  },
  {
    "ID Number": "14425815"
  },
  {
    "ID Number": "14409291"
  },
  {
    "ID Number": "14426390"
  },
  {
    "ID Number": "14409038"
  },
  {
    "ID Number": "14410249"
  },
  {
    "ID Number": "14412276"
  },
  {
    "ID Number": "14419220"
  },
  {
    "ID Number": "14415178"
  },
  {
    "ID Number": "14424762"
  },
  {
    "ID Number": "14437929"
  },
  {
    "ID Number": "14402149"
  },
  {
    "ID Number": "14431173"
  },
  {
    "ID Number": "14413507"
  },
  {
    "ID Number": "14420929"
  },
  {
    "ID Number": "14418860"
  },
  {
    "ID Number": "14413337"
  },
  {
    "ID Number": "14421003"
  },
  {
    "ID Number": "14404974"
  },
  {
    "ID Number": "14441993"
  },
  {
    "ID Number": "14432250"
  },
  {
    "ID Number": "14420643"
  },
  {
    "ID Number": "14401797"
  },
  {
    "ID Number": "14413140"
  },
  {
    "ID Number": "14435039"
  },
  {
    "ID Number": "14418878"
  },
  {
    "ID Number": "14442094"
  },
  {
    "ID Number": "14416654"
  },
  {
    "ID Number": "14432676"
  },
  {
    "ID Number": "14401886"
  },
  {
    "ID Number": "14407906"
  },
  {
    "ID Number": "14429900"
  },
  {
    "ID Number": "14416115"
  },
  {
    "ID Number": "14429462"
  },
  {
    "ID Number": "14413779"
  },
  {
    "ID Number": "14417375"
  },
  {
    "ID Number": "14413701"
  },
  {
    "ID Number": "14437708"
  },
  {
    "ID Number": "14423235"
  },
  {
    "ID Number": "14413159"
  },
  {
    "ID Number": "14404982"
  },
  {
    "ID Number": "14430193"
  },
  {
    "ID Number": "14404486"
  },
  {
    "ID Number": "14422972"
  },
  {
    "ID Number": "14422930"
  },
  {
    "ID Number": "14407531"
  },
  {
    "ID Number": "14425521"
  },
  {
    "ID Number": "14422956"
  },
  {
    "ID Number": "14401908"
  },
  {
    "ID Number": "14435292"
  },
  {
    "ID Number": "14413078"
  },
  {
    "ID Number": "14423650"
  },
  {
    "ID Number": "14427141"
  },
  {
    "ID Number": "14438712"
  },
  {
    "ID Number": "14433630"
  },
  {
    "ID Number": "14433524"
  },
  {
    "ID Number": "14430053"
  },
  {
    "ID Number": "14400278"
  },
  {
    "ID Number": "14414848"
  },
  {
    "ID Number": "14416662"
  },
  {
    "ID Number": "14418894"
  },
  {
    "ID Number": "14416670"
  },
  {
    "ID Number": "14435560"
  },
  {
    "ID Number": "14422050"
  },
  {
    "ID Number": "14422069"
  },
  {
    "ID Number": "14427605"
  },
  {
    "ID Number": "14405121"
  },
  {
    "ID Number": "14412608"
  },
  {
    "ID Number": "14405075"
  },
  {
    "ID Number": "14431645"
  },
  {
    "ID Number": "14402807"
  },
  {
    "ID Number": "14422450"
  },
  {
    "ID Number": "14421593"
  },
  {
    "ID Number": "14406390"
  },
  {
    "ID Number": "14406446"
  },
  {
    "ID Number": "14402467"
  },
  {
    "ID Number": "14403269"
  },
  {
    "ID Number": "14435705"
  },
  {
    "ID Number": "14428253"
  },
  {
    "ID Number": "14400413"
  },
  {
    "ID Number": "14410605"
  },
  {
    "ID Number": "14428920"
  },
  {
    "ID Number": "14402718"
  },
  {
    "ID Number": "14411750"
  },
  {
    "ID Number": "14405571"
  },
  {
    "ID Number": "14419343"
  },
  {
    "ID Number": "14431009"
  },
  {
    "ID Number": "14406209"
  },
  {
    "ID Number": "14421534"
  },
  {
    "ID Number": "14443082"
  },
  {
    "ID Number": "14439417"
  },
  {
    "ID Number": "14429624"
  },
  {
    "ID Number": "14418096"
  },
  {
    "ID Number": "14440504"
  },
  {
    "ID Number": "14429489"
  },
  {
    "ID Number": "14413868"
  },
  {
    "ID Number": "14408619"
  },
  {
    "ID Number": "14416697"
  },
  {
    "ID Number": "14416700"
  },
  {
    "ID Number": "14416719"
  },
  {
    "ID Number": "14407086"
  },
  {
    "ID Number": "14441934"
  },
  {
    "ID Number": "14437937"
  },
  {
    "ID Number": "14420112"
  },
  {
    "ID Number": "14406497"
  },
  {
    "ID Number": "14412616"
  },
  {
    "ID Number": "14411962"
  },
  {
    "ID Number": "14415186"
  },
  {
    "ID Number": "14409267"
  },
  {
    "ID Number": "14411555"
  },
  {
    "ID Number": "14421933"
  },
  {
    "ID Number": "14407540"
  },
  {
    "ID Number": "14419092"
  },
  {
    "ID Number": "14416727"
  },
  {
    "ID Number": "14421585"
  },
  {
    "ID Number": "14415500"
  },
  {
    "ID Number": "14440822"
  },
  {
    "ID Number": "14432854"
  },
  {
    "ID Number": "14436728"
  },
  {
    "ID Number": "14434881"
  },
  {
    "ID Number": "14412888"
  },
  {
    "ID Number": "9217902"
  },
  {
    "ID Number": "14414503"
  },
  {
    "ID Number": "14413590"
  },
  {
    "ID Number": "14439913"
  },
  {
    "ID Number": "935930"
  },
  {
    "ID Number": "14411334"
  },
  {
    "ID Number": "14414511"
  },
  {
    "ID Number": "14414821"
  },
  {
    "ID Number": "14405717"
  },
  {
    "ID Number": "14424207"
  },
  {
    "ID Number": "14418452"
  },
  {
    "ID Number": "14428300"
  },
  {
    "ID Number": "14418460"
  },
  {
    "ID Number": "14421607"
  },
  {
    "ID Number": "14411342"
  },
  {
    "ID Number": "14405008"
  },
  {
    "ID Number": "14432080"
  },
  {
    "ID Number": "14436671"
  },
  {
    "ID Number": "14416441"
  },
  {
    "ID Number": "14410257"
  },
  {
    "ID Number": "14434849"
  },
  {
    "ID Number": "14420457"
  },
  {
    "ID Number": "14423120"
  },
  {
    "ID Number": "14408287"
  },
  {
    "ID Number": "14435888"
  },
  {
    "ID Number": "14442817"
  },
  {
    "ID Number": "14417022"
  },
  {
    "ID Number": "924750"
  },
  {
    "ID Number": "14431394"
  },
  {
    "ID Number": "14428067"
  },
  {
    "ID Number": "14429055"
  },
  {
    "ID Number": "14400510"
  },
  {
    "ID Number": "14411601"
  },
  {
    "ID Number": "14439298"
  },
  {
    "ID Number": "14425084"
  },
  {
    "ID Number": "14444151"
  },
  {
    "ID Number": "14404400"
  },
  {
    "ID Number": "14550202"
  },
  {
    "ID Number": "14438178"
  },
  {
    "ID Number": "14437333"
  },
  {
    "ID Number": "14414210"
  },
  {
    "ID Number": "14432285"
  },
  {
    "ID Number": "14421208"
  },
  {
    "ID Number": "14405016"
  },
  {
    "ID Number": "14415712"
  },
  {
    "ID Number": "14412144"
  },
  {
    "ID Number": "14428938"
  },
  {
    "ID Number": "14435586"
  },
  {
    "ID Number": "14410168"
  },
  {
    "ID Number": "14402696"
  },
  {
    "ID Number": "14404664"
  },
  {
    "ID Number": "14434440"
  },
  {
    "ID Number": "14410176"
  },
  {
    "ID Number": "14410184"
  },
  {
    "ID Number": "14440709"
  },
  {
    "ID Number": "14403030"
  },
  {
    "ID Number": "14405024"
  },
  {
    "ID Number": "14439824"
  },
  {
    "ID Number": "14442299"
  },
  {
    "ID Number": "14424770"
  },
  {
    "ID Number": "14421216"
  },
  {
    "ID Number": "14428075"
  },
  {
    "ID Number": "14434660"
  },
  {
    "ID Number": "14410095"
  },
  {
    "ID Number": "14425181"
  },
  {
    "ID Number": "909017"
  },
  {
    "ID Number": "14411970"
  },
  {
    "ID Number": "14441942"
  },
  {
    "ID Number": "14441950"
  },
  {
    "ID Number": "14416123"
  },
  {
    "ID Number": "14443210"
  },
  {
    "ID Number": "14438844"
  },
  {
    "ID Number": "14414929"
  },
  {
    "ID Number": "14410265"
  },
  {
    "ID Number": "14412462"
  },
  {
    "ID Number": "14415690"
  },
  {
    "ID Number": "14424410"
  },
  {
    "ID Number": "924164"
  },
  {
    "ID Number": "14409720"
  },
  {
    "ID Number": "930849"
  },
  {
    "ID Number": "14436906"
  },
  {
    "ID Number": "14424428"
  },
  {
    "ID Number": "14408309"
  },
  {
    "ID Number": "14443040"
  },
  {
    "ID Number": "14435594"
  },
  {
    "ID Number": "14419114"
  },
  {
    "ID Number": "14416735"
  },
  {
    "ID Number": "14416743"
  },
  {
    "ID Number": "14407914"
  },
  {
    "ID Number": "14423502"
  },
  {
    "ID Number": "14406160"
  },
  {
    "ID Number": "14425998"
  },
  {
    "ID Number": "14431831"
  },
  {
    "ID Number": "905445"
  },
  {
    "ID Number": "14409739"
  },
  {
    "ID Number": "14431017"
  },
  {
    "ID Number": "14429136"
  },
  {
    "ID Number": "14438720"
  },
  {
    "ID Number": "14427931"
  },
  {
    "ID Number": "14443007"
  },
  {
    "ID Number": "14414520"
  },
  {
    "ID Number": "14437783"
  },
  {
    "ID Number": "14411369"
  },
  {
    "ID Number": "14425190"
  },
  {
    "ID Number": "14421410"
  },
  {
    "ID Number": "14401770"
  },
  {
    "ID Number": "14426820"
  },
  {
    "ID Number": "14408317"
  },
  {
    "ID Number": "14424215"
  },
  {
    "ID Number": "14426056"
  },
  {
    "ID Number": "14431408"
  },
  {
    "ID Number": "14429063"
  },
  {
    "ID Number": "14433303"
  },
  {
    "ID Number": "14444569"
  },
  {
    "ID Number": "14415259"
  },
  {
    "ID Number": "14418479"
  },
  {
    "ID Number": "14417723"
  },
  {
    "ID Number": "921157"
  },
  {
    "ID Number": "14431270"
  },
  {
    "ID Number": "14443295"
  },
  {
    "ID Number": "14402335"
  },
  {
    "ID Number": "14417731"
  },
  {
    "ID Number": "14444178"
  },
  {
    "ID Number": "14413167"
  },
  {
    "ID Number": "14444186"
  },
  {
    "ID Number": "14418924"
  },
  {
    "ID Number": "14438852"
  },
  {
    "ID Number": "14405440"
  },
  {
    "ID Number": "14413230"
  },
  {
    "ID Number": "14407574"
  },
  {
    "ID Number": "14411377"
  },
  {
    "ID Number": "14428741"
  },
  {
    "ID Number": "14424525"
  },
  {
    "ID Number": "14438259"
  },
  {
    "ID Number": "14420414"
  },
  {
    "ID Number": "14413639"
  },
  {
    "ID Number": "14425424"
  },
  {
    "ID Number": "14403056"
  },
  {
    "ID Number": "14429225"
  },
  {
    "ID Number": "14402432"
  },
  {
    "ID Number": "14416204"
  },
  {
    "ID Number": "14411393"
  },
  {
    "ID Number": "14408015"
  },
  {
    "ID Number": "14436817"
  },
  {
    "ID Number": "14438860"
  },
  {
    "ID Number": "14400286"
  },
  {
    "ID Number": "14428750"
  },
  {
    "ID Number": "14409402"
  },
  {
    "ID Number": "14441543"
  },
  {
    "ID Number": "14430240"
  },
  {
    "ID Number": "14420651"
  },
  {
    "ID Number": "14411768"
  },
  {
    "ID Number": "14405032"
  },
  {
    "ID Number": "14407728"
  },
  {
    "ID Number": "14419513"
  },
  {
    "ID Number": "14416310"
  },
  {
    "ID Number": "14413515"
  },
  {
    "ID Number": "14423359"
  },
  {
    "ID Number": "14424789"
  },
  {
    "ID Number": "14429020"
  },
  {
    "ID Number": "14411989"
  },
  {
    "ID Number": "14432226"
  },
  {
    "ID Number": "14415666"
  },
  {
    "ID Number": "14424975"
  },
  {
    "ID Number": "14417740"
  },
  {
    "ID Number": "14415984"
  },
  {
    "ID Number": "14404524"
  },
  {
    "ID Number": "14431530"
  },
  {
    "ID Number": "14413175"
  },
  {
    "ID Number": "14401983"
  },
  {
    "ID Number": "14402602"
  },
  {
    "ID Number": "14421224"
  },
  {
    "ID Number": "14419998"
  },
  {
    "ID Number": "14420554"
  },
  {
    "ID Number": "922927"
  },
  {
    "ID Number": "14423154"
  },
  {
    "ID Number": "14444216"
  },
  {
    "ID Number": "14441551"
  },
  {
    "ID Number": "14401410"
  },
  {
    "ID Number": "14429683"
  },
  {
    "ID Number": "14433176"
  },
  {
    "ID Number": "14406667"
  },
  {
    "ID Number": "14411067"
  },
  {
    "ID Number": "14428946"
  },
  {
    "ID Number": "14420040"
  },
  {
    "ID Number": "14411776"
  },
  {
    "ID Number": "14403838"
  },
  {
    "ID Number": "14443422"
  },
  {
    "ID Number": "14441357"
  },
  {
    "ID Number": "14422077"
  },
  {
    "ID Number": "14402173"
  },
  {
    "ID Number": "14431416"
  },
  {
    "ID Number": "14438780"
  },
  {
    "ID Number": "14429730"
  },
  {
    "ID Number": "14438364"
  },
  {
    "ID Number": "14413523"
  },
  {
    "ID Number": "14433095"
  },
  {
    "ID Number": "14417421"
  },
  {
    "ID Number": "14433788"
  },
  {
    "ID Number": "14412870"
  },
  {
    "ID Number": "14409747"
  },
  {
    "ID Number": "14406675"
  },
  {
    "ID Number": "14413566"
  },
  {
    "ID Number": "14415305"
  },
  {
    "ID Number": "14435632"
  },
  {
    "ID Number": "14433311"
  },
  {
    "ID Number": "14428954"
  },
  {
    "ID Number": "14406535"
  },
  {
    "ID Number": "14406292"
  },
  {
    "ID Number": "14443201"
  },
  {
    "ID Number": "14439719"
  },
  {
    "ID Number": "14403846"
  },
  {
    "ID Number": "14415810"
  },
  {
    "ID Number": "14423251"
  },
  {
    "ID Number": "14422085"
  },
  {
    "ID Number": "14401959"
  },
  {
    "ID Number": "14408945"
  },
  {
    "ID Number": "14406721"
  },
  {
    "ID Number": "14442132"
  },
  {
    "ID Number": "14441225"
  },
  {
    "ID Number": "14424436"
  },
  {
    "ID Number": "14423820"
  },
  {
    "ID Number": "14420660"
  },
  {
    "ID Number": "14408333"
  },
  {
    "ID Number": "14422638"
  },
  {
    "ID Number": "14431025"
  },
  {
    "ID Number": "14424037"
  },
  {
    "ID Number": "14430649"
  },
  {
    "ID Number": "14412624"
  },
  {
    "ID Number": "14437503"
  },
  {
    "ID Number": "14436493"
  },
  {
    "ID Number": "14420562"
  },
  {
    "ID Number": "14409194"
  },
  {
    "ID Number": "14434210"
  },
  {
    "ID Number": "14401290"
  },
  {
    "ID Number": "14432293"
  },
  {
    "ID Number": "14414660"
  },
  {
    "ID Number": "14429276"
  },
  {
    "ID Number": "914932"
  },
  {
    "ID Number": "14415313"
  },
  {
    "ID Number": "14430495"
  },
  {
    "ID Number": "14417758"
  },
  {
    "ID Number": "14444100"
  },
  {
    "ID Number": "14443716"
  },
  {
    "ID Number": "14430509"
  },
  {
    "ID Number": "14443724"
  },
  {
    "ID Number": "14423324"
  },
  {
    "ID Number": "14422581"
  },
  {
    "ID Number": "14422832"
  },
  {
    "ID Number": "14432994"
  },
  {
    "ID Number": "14422700"
  },
  {
    "ID Number": "14431505"
  },
  {
    "ID Number": "14436302"
  },
  {
    "ID Number": "14425017"
  },
  {
    "ID Number": "14443376"
  },
  {
    "ID Number": "14406365"
  },
  {
    "ID Number": "14419521"
  },
  {
    "ID Number": "14416298"
  },
  {
    "ID Number": "14401967"
  },
  {
    "ID Number": "14418231"
  },
  {
    "ID Number": "14411520"
  },
  {
    "ID Number": "14421437"
  },
  {
    "ID Number": "9215543"
  },
  {
    "ID Number": "904317"
  },
  {
    "ID Number": "14407949"
  },
  {
    "ID Number": "14442930"
  },
  {
    "ID Number": "14404133"
  },
  {
    "ID Number": "14442884"
  },
  {
    "ID Number": "14436647"
  },
  {
    "ID Number": "14405989"
  },
  {
    "ID Number": "14419297"
  },
  {
    "ID Number": "14426145"
  },
  {
    "ID Number": "14416212"
  },
  {
    "ID Number": "14416220"
  },
  {
    "ID Number": "14441250"
  },
  {
    "ID Number": "14425300"
  },
  {
    "ID Number": "14428164"
  },
  {
    "ID Number": "14433834"
  },
  {
    "ID Number": "14407590"
  },
  {
    "ID Number": "14407604"
  },
  {
    "ID Number": "14434679"
  },
  {
    "ID Number": "14427940"
  },
  {
    "ID Number": "14402505"
  },
  {
    "ID Number": "14415682"
  },
  {
    "ID Number": "14405458"
  },
  {
    "ID Number": "14422417"
  },
  {
    "ID Number": "14431696"
  },
  {
    "ID Number": "14413272"
  },
  {
    "ID Number": "901563"
  },
  {
    "ID Number": "14431424"
  },
  {
    "ID Number": "14407612"
  },
  {
    "ID Number": "14411610"
  },
  {
    "ID Number": "14405806"
  },
  {
    "ID Number": "14416751"
  },
  {
    "ID Number": "14438879"
  },
  {
    "ID Number": "14435640"
  },
  {
    "ID Number": "14409372"
  },
  {
    "ID Number": "14417987"
  },
  {
    "ID Number": "14405040"
  },
  {
    "ID Number": "14418932"
  },
  {
    "ID Number": "14421062"
  },
  {
    "ID Number": "14437961"
  },
  {
    "ID Number": "14410648"
  },
  {
    "ID Number": "14406403"
  },
  {
    "ID Number": "14408872"
  },
  {
    "ID Number": "14441233"
  },
  {
    "ID Number": "14406900"
  },
  {
    "ID Number": "14413094"
  },
  {
    "ID Number": "14435918"
  },
  {
    "ID Number": "14415887"
  },
  {
    "ID Number": "14409070"
  },
  {
    "ID Number": "14412217"
  },
  {
    "ID Number": "14423715"
  },
  {
    "ID Number": "14437970"
  },
  {
    "ID Number": "14417766"
  },
  {
    "ID Number": "14423723"
  },
  {
    "ID Number": "14433478"
  },
  {
    "ID Number": "929328"
  },
  {
    "ID Number": "14401690"
  },
  {
    "ID Number": "14416760"
  },
  {
    "ID Number": "14417570"
  },
  {
    "ID Number": "14408953"
  },
  {
    "ID Number": "14401975"
  },
  {
    "ID Number": "14442086"
  },
  {
    "ID Number": "14400553"
  },
  {
    "ID Number": "14426889"
  },
  {
    "ID Number": "14433672"
  },
  {
    "ID Number": "14412632"
  },
  {
    "ID Number": "14409305"
  },
  {
    "ID Number": "14417243"
  },
  {
    "ID Number": "14431653"
  },
  {
    "ID Number": "14422719"
  },
  {
    "ID Number": "14419530"
  },
  {
    "ID Number": "14428962"
  },
  {
    "ID Number": "14403854"
  },
  {
    "ID Number": "14403862"
  },
  {
    "ID Number": "14441101"
  },
  {
    "ID Number": "14433486"
  },
  {
    "ID Number": "14427400"
  },
  {
    "ID Number": "14419882"
  },
  {
    "ID Number": "14438348"
  },
  {
    "ID Number": "14440539"
  },
  {
    "ID Number": "14438739"
  },
  {
    "ID Number": "14442213"
  },
  {
    "ID Number": "14418940"
  },
  {
    "ID Number": "14418959"
  },
  {
    "ID Number": "14429233"
  },
  {
    "ID Number": "14417030"
  },
  {
    "ID Number": "14422913"
  },
  {
    "ID Number": "941581"
  },
  {
    "ID Number": "14407639"
  },
  {
    "ID Number": "14426897"
  },
  {
    "ID Number": "14426234"
  },
  {
    "ID Number": "14439433"
  },
  {
    "ID Number": "14439301"
  },
  {
    "ID Number": "14400642"
  },
  {
    "ID Number": "14421100"
  },
  {
    "ID Number": "14440903"
  },
  {
    "ID Number": "14441497"
  },
  {
    "ID Number": "14426404"
  },
  {
    "ID Number": "14441470"
  },
  {
    "ID Number": "14421070"
  },
  {
    "ID Number": "14402009"
  },
  {
    "ID Number": "14410664"
  },
  {
    "ID Number": "14410737"
  },
  {
    "ID Number": "14438135"
  },
  {
    "ID Number": "14439450"
  },
  {
    "ID Number": "14439026"
  },
  {
    "ID Number": "14435934"
  },
  {
    "ID Number": "14436922"
  },
  {
    "ID Number": "14429861"
  },
  {
    "ID Number": "14434857"
  },
  {
    "ID Number": "14404753"
  },
  {
    "ID Number": "14409275"
  },
  {
    "ID Number": "14441969"
  },
  {
    "ID Number": "14443430"
  },
  {
    "ID Number": "14434687"
  },
  {
    "ID Number": "14406594"
  },
  {
    "ID Number": "14437988"
  },
  {
    "ID Number": "14402351"
  },
  {
    "ID Number": "14414589"
  },
  {
    "ID Number": "14418622"
  },
  {
    "ID Number": "14417251"
  },
  {
    "ID Number": "14439786"
  },
  {
    "ID Number": "14434024"
  },
  {
    "ID Number": "14402378"
  },
  {
    "ID Number": "14419890"
  },
  {
    "ID Number": "14422468"
  },
  {
    "ID Number": "14407647"
  },
  {
    "ID Number": "14428768"
  },
  {
    "ID Number": "14403870"
  },
  {
    "ID Number": "14442230"
  },
  {
    "ID Number": "934356"
  },
  {
    "ID Number": "14421011"
  },
  {
    "ID Number": "14417790"
  },
  {
    "ID Number": "14415194"
  },
  {
    "ID Number": "14410745"
  },
  {
    "ID Number": "14414651"
  },
  {
    "ID Number": "14433001"
  },
  {
    "ID Number": "14433010"
  },
  {
    "ID Number": "14435225"
  },
  {
    "ID Number": "14436736"
  },
  {
    "ID Number": "14413183"
  },
  {
    "ID Number": "14418118"
  },
  {
    "ID Number": "14414546"
  },
  {
    "ID Number": "14414562"
  },
  {
    "ID Number": "14403889"
  },
  {
    "ID Number": "14438151"
  },
  {
    "ID Number": "14409763"
  },
  {
    "ID Number": "14438461"
  },
  {
    "ID Number": "14411997"
  },
  {
    "ID Number": "14425610"
  },
  {
    "ID Number": "14408740"
  },
  {
    "ID Number": "14422840"
  },
  {
    "ID Number": "14420570"
  },
  {
    "ID Number": "14437406"
  },
  {
    "ID Number": "14412160"
  },
  {
    "ID Number": "14400707"
  },
  {
    "ID Number": "14405253"
  },
  {
    "ID Number": "932027"
  },
  {
    "ID Number": "14422654"
  },
  {
    "ID Number": "14428172"
  },
  {
    "ID Number": "14428105"
  },
  {
    "ID Number": "14428180"
  },
  {
    "ID Number": "14432188"
  },
  {
    "ID Number": "14427273"
  },
  {
    "ID Number": "14419459"
  },
  {
    "ID Number": "14424800"
  },
  {
    "ID Number": "14439247"
  },
  {
    "ID Number": "14411431"
  },
  {
    "ID Number": "14402610"
  },
  {
    "ID Number": "14412640"
  },
  {
    "ID Number": "14425629"
  },
  {
    "ID Number": "922692"
  },
  {
    "ID Number": "14433184"
  },
  {
    "ID Number": "902969"
  },
  {
    "ID Number": "14432870"
  },
  {
    "ID Number": "14438267"
  },
  {
    "ID Number": "14417804"
  },
  {
    "ID Number": "921190"
  },
  {
    "ID Number": "14403757"
  },
  {
    "ID Number": "14438100"
  },
  {
    "ID Number": "14421623"
  },
  {
    "ID Number": "14434466"
  },
  {
    "ID Number": "14414171"
  },
  {
    "ID Number": "14429152"
  },
  {
    "ID Number": "14433680"
  },
  {
    "ID Number": "14424932"
  },
  {
    "ID Number": "14402513"
  },
  {
    "ID Number": "14412284"
  },
  {
    "ID Number": "14429870"
  },
  {
    "ID Number": "14407655"
  },
  {
    "ID Number": "14434610"
  },
  {
    "ID Number": "14412411"
  },
  {
    "ID Number": "14427567"
  },
  {
    "ID Number": "14424819"
  },
  {
    "ID Number": "14423669"
  },
  {
    "ID Number": "14425092"
  },
  {
    "ID Number": "14426242"
  },
  {
    "ID Number": "14426005"
  },
  {
    "ID Number": "14439468"
  },
  {
    "ID Number": "14414554"
  },
  {
    "ID Number": "14431920"
  },
  {
    "ID Number": "14429560"
  },
  {
    "ID Number": "14433133"
  },
  {
    "ID Number": "14429578"
  },
  {
    "ID Number": "14434695"
  },
  {
    "ID Number": "14435187"
  },
  {
    "ID Number": "14425025"
  },
  {
    "ID Number": "14441268"
  },
  {
    "ID Number": "14415461"
  },
  {
    "ID Number": "14441489"
  },
  {
    "ID Number": "14433958"
  },
  {
    "ID Number": "14424347"
  },
  {
    "ID Number": "14411083"
  },
  {
    "ID Number": "14434865"
  },
  {
    "ID Number": "14434873"
  },
  {
    "ID Number": "14435942"
  },
  {
    "ID Number": "14441640"
  },
  {
    "ID Number": "14402203"
  },
  {
    "ID Number": "14423588"
  },
  {
    "ID Number": "14402424"
  },
  {
    "ID Number": "14400820"
  },
  {
    "ID Number": "14416450"
  },
  {
    "ID Number": "14436086"
  },
  {
    "ID Number": "14413795"
  },
  {
    "ID Number": "14433621"
  },
  {
    "ID Number": "14428970"
  },
  {
    "ID Number": "14409380"
  },
  {
    "ID Number": "14404532"
  },
  {
    "ID Number": "14425823"
  },
  {
    "ID Number": "14425831"
  },
  {
    "ID Number": "912050"
  },
  {
    "ID Number": "14429039"
  },
  {
    "ID Number": "14431106"
  },
  {
    "ID Number": "14440199"
  },
  {
    "ID Number": "14429519"
  },
  {
    "ID Number": "14412861"
  },
  {
    "ID Number": "14433141"
  },
  {
    "ID Number": "14440784"
  },
  {
    "ID Number": "14439727"
  },
  {
    "ID Number": "14418991"
  },
  {
    "ID Number": "14439034"
  },
  {
    "ID Number": "14415208"
  },
  {
    "ID Number": "14441390"
  },
  {
    "ID Number": "14410044"
  },
  {
    "ID Number": "14400359"
  },
  {
    "ID Number": "14400189"
  },
  {
    "ID Number": "14423405"
  },
  {
    "ID Number": "14442779"
  },
  {
    "ID Number": "14414775"
  },
  {
    "ID Number": "14412004"
  },
  {
    "ID Number": "14419009"
  },
  {
    "ID Number": "14411784"
  },
  {
    "ID Number": "14433745"
  },
  {
    "ID Number": "14430657"
  },
  {
    "ID Number": "14420880"
  },
  {
    "ID Number": "14412187"
  },
  {
    "ID Number": "14418177"
  },
  {
    "ID Number": "14419017"
  },
  {
    "ID Number": "14419904"
  },
  {
    "ID Number": "14424266"
  },
  {
    "ID Number": "14437791"
  },
  {
    "ID Number": "14417065"
  },
  {
    "ID Number": "14423855"
  },
  {
    "ID Number": "14401401"
  },
  {
    "ID Number": "14411440"
  },
  {
    "ID Number": "14428113"
  },
  {
    "ID Number": "14406330"
  },
  {
    "ID Number": "14412942"
  },
  {
    "ID Number": "14404249"
  },
  {
    "ID Number": "14427281"
  },
  {
    "ID Number": "14409399"
  },
  {
    "ID Number": "14432021"
  },
  {
    "ID Number": "14438038"
  },
  {
    "ID Number": "14405725"
  },
  {
    "ID Number": "14406926"
  },
  {
    "ID Number": "14428660"
  },
  {
    "ID Number": "14428679"
  },
  {
    "ID Number": "14426064"
  },
  {
    "ID Number": "921718"
  },
  {
    "ID Number": "14427249"
  },
  {
    "ID Number": "921173"
  },
  {
    "ID Number": "14428806"
  },
  {
    "ID Number": "14441721"
  },
  {
    "ID Number": "14418240"
  },
  {
    "ID Number": "14437392"
  },
  {
    "ID Number": "14439042"
  },
  {
    "ID Number": "14407663"
  },
  {
    "ID Number": "14415844"
  },
  {
    "ID Number": "14408422"
  },
  {
    "ID Number": "14440547"
  },
  {
    "ID Number": "14429292"
  },
  {
    "ID Number": "14406217"
  },
  {
    "ID Number": "14428261"
  },
  {
    "ID Number": "14417073"
  },
  {
    "ID Number": "14408759"
  },
  {
    "ID Number": "14408767"
  },
  {
    "ID Number": "14431939"
  },
  {
    "ID Number": "14402017"
  },
  {
    "ID Number": "14401053"
  },
  {
    "ID Number": "14428199"
  },
  {
    "ID Number": "14439832"
  },
  {
    "ID Number": "14426250"
  },
  {
    "ID Number": "14403102"
  },
  {
    "ID Number": "14411458"
  },
  {
    "ID Number": "14418487"
  },
  {
    "ID Number": "14413434"
  },
  {
    "ID Number": "14401070"
  },
  {
    "ID Number": "14412497"
  },
  {
    "ID Number": "14403110"
  },
  {
    "ID Number": "14424070"
  },
  {
    "ID Number": "14423677"
  },
  {
    "ID Number": "14403773"
  },
  {
    "ID Number": "14416794"
  },
  {
    "ID Number": "14435667"
  },
  {
    "ID Number": "14410362"
  },
  {
    "ID Number": "14400871"
  },
  {
    "ID Number": "14439484"
  },
  {
    "ID Number": "14412683"
  },
  {
    "ID Number": "14416468"
  },
  {
    "ID Number": "14417995"
  },
  {
    "ID Number": "14410281"
  },
  {
    "ID Number": "14402750"
  },
  {
    "ID Number": "14442957"
  },
  {
    "ID Number": "14440741"
  },
  {
    "ID Number": "14417413"
  },
  {
    "ID Number": "14402890"
  },
  {
    "ID Number": "14406349"
  },
  {
    "ID Number": "14435950"
  },
  {
    "ID Number": "14438046"
  },
  {
    "ID Number": "14440881"
  },
  {
    "ID Number": "14443023"
  },
  {
    "ID Number": "14420244"
  },
  {
    "ID Number": "14424290"
  },
  {
    "ID Number": "14442809"
  },
  {
    "ID Number": "14408848"
  },
  {
    "ID Number": "14420465"
  },
  {
    "ID Number": "14420058"
  },
  {
    "ID Number": "14406225"
  },
  {
    "ID Number": "14412241"
  },
  {
    "ID Number": "14422107"
  },
  {
    "ID Number": "14413647"
  },
  {
    "ID Number": "14416140"
  },
  {
    "ID Number": "14421712"
  },
  {
    "ID Number": "14420600"
  },
  {
    "ID Number": "14418002"
  },
  {
    "ID Number": "14417090"
  },
  {
    "ID Number": "14420473"
  },
  {
    "ID Number": "14414600"
  },
  {
    "ID Number": "14420686"
  },
  {
    "ID Number": "14403021"
  },
  {
    "ID Number": "14421470"
  },
  {
    "ID Number": "14416824"
  },
  {
    "ID Number": "14419122"
  },
  {
    "ID Number": "14444364"
  },
  {
    "ID Number": "14434628"
  },
  {
    "ID Number": "14411466"
  },
  {
    "ID Number": "14415909"
  },
  {
    "ID Number": "14420589"
  },
  {
    "ID Number": "14444194"
  },
  {
    "ID Number": "14414899"
  },
  {
    "ID Number": "14422310"
  },
  {
    "ID Number": "14443449"
  },
  {
    "ID Number": "14420597"
  },
  {
    "ID Number": "14439808"
  },
  {
    "ID Number": "14427877"
  },
  {
    "ID Number": "14430606"
  },
  {
    "ID Number": "14444208"
  },
  {
    "ID Number": "14435195"
  },
  {
    "ID Number": "14431041"
  },
  {
    "ID Number": "14427958"
  },
  {
    "ID Number": "14420830"
  },
  {
    "ID Number": "14434636"
  },
  {
    "ID Number": "14410699"
  },
  {
    "ID Number": "14417294"
  },
  {
    "ID Number": "14412691"
  },
  {
    "ID Number": "14412705"
  },
  {
    "ID Number": "14427494"
  },
  {
    "ID Number": "14406462"
  },
  {
    "ID Number": "14407671"
  },
  {
    "ID Number": "14407680"
  },
  {
    "ID Number": "14406039"
  },
  {
    "ID Number": "14427028"
  },
  {
    "ID Number": "14427664"
  },
  {
    "ID Number": "14416247"
  },
  {
    "ID Number": "14416840"
  },
  {
    "ID Number": "14435675"
  },
  {
    "ID Number": "900273"
  },
  {
    "ID Number": "14435683"
  },
  {
    "ID Number": "14406063"
  },
  {
    "ID Number": "14430037"
  },
  {
    "ID Number": "14422476"
  },
  {
    "ID Number": "14417588"
  },
  {
    "ID Number": "14417111"
  },
  {
    "ID Number": "14420902"
  },
  {
    "ID Number": "14415321"
  },
  {
    "ID Number": "14436230"
  },
  {
    "ID Number": "14428121"
  },
  {
    "ID Number": "14427834"
  },
  {
    "ID Number": "14429896"
  },
  {
    "ID Number": "14437805"
  },
  {
    "ID Number": "14422867"
  },
  {
    "ID Number": "14439069"
  },
  {
    "ID Number": "14418010"
  },
  {
    "ID Number": "14438488"
  },
  {
    "ID Number": "14420848"
  },
  {
    "ID Number": "14430207"
  },
  {
    "ID Number": "14429934"
  },
  {
    "ID Number": "14421020"
  },
  {
    "ID Number": "14436434"
  },
  {
    "ID Number": "14412985"
  },
  {
    "ID Number": "14441241"
  },
  {
    "ID Number": "14415372"
  },
  {
    "ID Number": "14408961"
  },
  {
    "ID Number": "14436515"
  },
  {
    "ID Number": "14443384"
  },
  {
    "ID Number": "14417448"
  },
  {
    "ID Number": "14412810"
  },
  {
    "ID Number": "14424827"
  },
  {
    "ID Number": "14430215"
  },
  {
    "ID Number": "14417596"
  },
  {
    "ID Number": "14409526"
  },
  {
    "ID Number": "14418029"
  },
  {
    "ID Number": "14432633"
  },
  {
    "ID Number": "14429047"
  },
  {
    "ID Number": "14405610"
  },
  {
    "ID Number": "14435233"
  },
  {
    "ID Number": "14434393"
  },
  {
    "ID Number": "14408392"
  },
  {
    "ID Number": "14409950"
  },
  {
    "ID Number": "14432030"
  },
  {
    "ID Number": "14419238"
  },
  {
    "ID Number": "14409208"
  },
  {
    "ID Number": "4701631"
  },
  {
    "ID Number": "14413809"
  },
  {
    "ID Number": "14433117"
  },
  {
    "ID Number": "14441594"
  },
  {
    "ID Number": "14403447"
  },
  {
    "ID Number": "14400308"
  },
  {
    "ID Number": "14420864"
  },
  {
    "ID Number": "14439077"
  },
  {
    "ID Number": "14437813"
  },
  {
    "ID Number": "14419300"
  },
  {
    "ID Number": "14412373"
  },
  {
    "ID Number": "14422743"
  },
  {
    "ID Number": "14434644"
  },
  {
    "ID Number": "14421720"
  },
  {
    "ID Number": "14412233"
  },
  {
    "ID Number": "14439522"
  },
  {
    "ID Number": "14413280"
  },
  {
    "ID Number": "14404494"
  },
  {
    "ID Number": "14435691"
  },
  {
    "ID Number": "14428997"
  },
  {
    "ID Number": "14422751"
  },
  {
    "ID Number": "14412713"
  },
  {
    "ID Number": "14416859"
  },
  {
    "ID Number": "14429004"
  },
  {
    "ID Number": "14413876"
  },
  {
    "ID Number": "14402998"
  },
  {
    "ID Number": "14421097"
  },
  {
    "ID Number": "14423464"
  },
  {
    "ID Number": "14429543"
  },
  {
    "ID Number": "14428423"
  },
  {
    "ID Number": "14402629"
  },
  {
    "ID Number": "14407752"
  },
  {
    "ID Number": "14416158"
  }
]