ID Number,Name,Fed,Sex,Title,WTit,OTit,FOA,Rating,Gms,K,B-day,Flag
10815244,Abel Taji,KEN,M,,,,1732,AUG25,0,40,2011,
10816496,Aberi Shem,KEN,M,,,,1801,AUG25,11,20,2000,
10807950,Abigail Wairimu Thuo,KEN,F,,,,1429,AUG25,0,20,2000,wi
10819495,Abiolla James,KEN,M,,NA,,1667,AUG25,0,20,1990,
10849114,Achachi Ausine,KEN,M,,,,1730,AUG25,0,20,2001,
10820752,Adai Rodgers,KEN,M,,,,1739,AUG25,0,20,1962,
10808515,Adhiambo Edna Onyango,KEN,F,,,,1507,AUG25,0,20,1994,w
10816020,Adim Adim Ayok,KEN,M,,,,1696,AUG25,0,20,1992,i
10801634,"Adorwa, Brian Kadenge",KEN,M,,,,1851,AUG25,0,20,1985,i
10832459,"Agarwal, Reyansh",KEN,M,,,,1480,AUG25,0,40,2010,i
10837523,Agoi Edwin,KEN,M,,,,1434,AUG25,0,20,1998,i
10844511,Akama Job,KEN,M,,,,1421,AUG25,0,20,2002,
10811869,"Akello, Wellington",KEN,M,,,,1589,AUG25,0,20,1994,i
10802061,"Akhanyinya, Bryan Toboso",KEN,M,,,,1790,AUG25,0,20,1986,
10887342,Akuet Luak,KEN,M,,,,1478,AUG25,0,40,2008,
10803122,Allan Otieno,KEN,M,,,,1662,AUG25,0,20,1980,i
10816038,Alvynah Wabwoba,KEN,F,,,,1612,AUG25,0,20,1998,wi
10830871,Amani Bruce,KEN,M,,,,1618,AUG25,0,20,2002,i
10805842,"Amatalo, Moses Abasa",KEN,M,,,,1802,AUG25,0,20,1984,i
10801219,"Ambasi, Militsa",KEN,M,,,,1717,AUG25,0,20,0,i
10831738,Amos Ochieng,KEN,M,,,,1653,AUG25,0,20,1998,i
10811451,"Amunga, Teddy Clinton",KEN,M,,,,1612,AUG25,0,20,1993,i
10803670,"Amwai, Tom",KEN,M,,,,1696,AUG25,0,20,1985,
10801502,"Andiwoh, Moses",KEN,M,,NA,,1801,AUG25,7,20,1982,
10852956,Andy Zane Wright,KEN,M,,,,1528,AUG25,0,40,2016,
10834958,Anthony Nandaa,KEN,M,,,,1511,AUG25,0,20,1988,
10842659,Apamo Shem Mali,KEN,M,,,,1520,AUG25,0,40,2014,
10827986,Arianne Hera Ngani,KEN,F,,,,1580,AUG25,0,40,2011,w
10821210,Ariri Meshack,KEN,M,,,,1661,AUG25,0,20,2000,i
10821201,Arjun Bubhbhatti,KEN,M,,,,1495,AUG25,0,20,1998,i
10802371,Armon Sein,KEN,M,,,,1659,AUG25,9,20,1992,
10894411,Arshavin Thuku,KEN,M,,,,1415,AUG25,6,40,2011,
10827749,"Ashraf, Ahmad",KEN,M,,,,1494,AUG25,0,20,1998,i
10862439,Atarah Wright,KEN,F,,,,1439,AUG25,0,40,2013,w
10831770,Atebe Frank,KEN,M,,,,1597,AUG25,0,20,1988,i
10800131,"Ateka, Nathan",KEN,M,,,,2066,AUG25,0,20,0,i
10839682,Athanga Daniel Kizito,KEN,M,,,,1650,AUG25,0,20,2002,
10849068,Atieno Ashley,KEN,F,,,,1560,AUG25,0,20,2001,w
10830898,Atieno Treza,KEN,F,,,,1563,AUG25,0,20,1999,wi
10800816,"Atwoli, Joseph",KEN,M,,,,1973,AUG25,11,20,1982,
10861106,Aviah Mutua,KEN,M,,,,1547,AUG25,0,40,2012,
10828818,Awuor Concillia Ndegwa,KEN,F,,,,1602,AUG25,0,20,1995,wi
10839330,Baden Fred Eric,KEN,M,,,,1552,AUG25,0,20,2000,
10841792,Baraka Arunga,KEN,M,,,,1556,AUG25,0,40,2008,
10893890,Baraka Charlie,KEN,M,,,,1535,AUG25,7,20,2004,
10840966,Baraka Victor Gagne,KEN,M,,,,1771,AUG25,0,20,2005,
10843752,"Baraka, Paxton",KEN,M,,,,1568,AUG25,0,40,2007,
10826742,Bariu Harry Ngalu,KEN,M,,,,AFM,AUG25,1620,0,2003,i
10816062,Berita Atemo,KEN,F,,,,1620,AUG25,0,20,1990,wi
10814906,"Bett, Gilbert",KEN,M,,,,1732,AUG25,0,20,1990,i
10800573,"Bhari, Kamaljeet Singh",KEN,M,,,,1618,AUG25,0,20,1962,i
10848525,Bhavsar Nisha Nileshbhai,KEN,F,,,,1576,AUG25,0,20,1988,w
10829300,Bibiu William,KEN,M,,,,1514,AUG25,0,20,1990,i
10818677,Boera Felix,KEN,M,,,,1874,AUG25,0,20,2000,
10802711,"Bolo, Ronald",KEN,M,,IA,,1771,AUG25,0,20,1994,
10832637,"Bomma, Sai Jayanth",KEN,M,,,,1515,AUG25,0,40,2007,i
10892524,Boston Palanga,KEN,M,,,,1535,AUG25,0,20,2001,
10853103,Bowen Ndegwa Waikwa,KEN,M,,,,1508,AUG25,0,40,2016,
554004870,Brandon Kilonzo,KEN,M,,,,1541,AUG25,8,40,2001,
10818383,Brian Gabriel Mwangi,KEN,M,,,,1766,AUG25,0,20,1998,
10819487,Brian Kirwa Ngetich,KEN,M,,,,1632,AUG25,0,20,2001,i
10809759,"Budhbhatti, Mukund",KEN,M,,,,1642,AUG25,0,20,1989,i
10821236,Buol Jacob Wut,KEN,M,,,,1876,AUG25,0,20,1995,i
10829563,Buyela Brian,KEN,M,,,,1672,AUG25,0,20,1998,
10811877,"Bwire, Cyprian",KEN,M,,,,1676,AUG25,0,20,1996,
10826700,Caroline Wanjiru Ndegwa,KEN,F,,NA,,1662,AUG25,0,20,1997,w
10834605,Chagwaya Brenda,KEN,F,,,,1504,AUG25,0,20,2001,w
10825703,Charles Mwai,KEN,M,,NA,,1487,AUG25,0,20,2000,
10831517,Chazima Terence Shaka,KEN,M,,,,1532,AUG25,0,40,2010,
10806830,Chege Kairu,KEN,M,,NA,,1935,AUG25,0,20,1999,
10827250,Chege lee,KEN,M,,,,1774,AUG25,0,20,1998,i
10811214,"Chege, Caleb",KEN,M,,,,1651,AUG25,0,20,1994,i
10811206,"Chege, Kelvin",KEN,M,,,,1756,AUG25,0,20,1995,i
10827471,Cherono Mercy,KEN,F,,,,1537,AUG25,0,20,2000,wi
10827587,Cheruiyot Elly,KEN,M,,,,1761,AUG25,7,20,2002,
10822968,Chiluka Lingston,KEN,M,,,,1590,AUG25,0,20,1998,i
10829326,Chitundu Limbikani,KEN,M,,,,1802,AUG25,10,20,2000,
10802339,"Christie, Karan Renold",KEN,M,,,,1750,AUG25,0,20,1989,
10823875,Chumba Allan,KEN,M,,,,1854,AUG25,0,20,2000,
10823409,Chumba Brian Kiprotich,KEN,M,,,,1547,AUG25,0,20,1998,i
10809457,"Chumo, Aurelia Jemutai",KEN,F,,,,1530,AUG25,0,20,1995,w
10830987,Chvoro Viacheslav,KEN,M,,,,1701,AUG25,0,20,1978,
10809198,"Cibugu, Julien Ngalo",KEN,M,,,,1506,AUG25,0,20,1994,i
10830618,Claude Peter,KEN,M,,,,1657,AUG25,0,20,2000,i
10830650,Cliff Ben,KEN,M,,,,1787,AUG25,0,20,1996,
10825711,Collins Kiruri,KEN,M,,,,1600,AUG25,0,20,2000,
10811192,"Collins, Jerry",KEN,M,,,,1771,AUG25,0,20,1990,i
10811184,"Danford, Kosi",KEN,M,,NA,,1671,AUG25,0,20,1990,i
10898891,Daniel Shima,KEN,M,,,,1485,AUG25,0,20,2004,
10807799,David Gaitho,KEN,M,,,,1746,AUG25,0,20,1992,i
10835059,David Shammah,KEN,M,,,,1602,AUG25,0,20,2003,
10800964,"Deshpande, Sanjana Satish",KEN,F,WFM,WFM,,1708,AUG25,0,20,1997,wi
10800972,"Deshpande, Sumit Satish",KEN,M,,,,AIM,AUG25,1674,0,2002,i
10821244,Dhieu Aguin Makuach,KEN,M,,,,1782,AUG25,0,20,1993,i
10862722,Dhotty Priscillah,KEN,F,,,,1506,AUG25,0,40,2012,w
10893776,Dickson Gitari,KEN,M,,,,1682,AUG25,7,40,1973,
10895965,Dieto Kelvin,KEN,M,,,,1476,AUG25,0,20,1995,
10811559,"Dodhia, Amit",KEN,M,,,,1639,AUG25,0,20,1979,i
10818405,"Dominic, Carlos Kiema",KEN,M,,,,1618,AUG25,0,20,1995,
10802940,Edwin Odhiambo,KEN,M,,,,1656,AUG25,0,20,1984,i
10897844,Edwin Owen,KEN,M,,,,1614,AUG25,0,20,2003,
10836985,Eko Curtis,KEN,M,,,,1511,AUG25,0,20,2000,
10824650,Elias Cheruiyot,KEN,M,,,,1547,AUG25,0,20,2002,i
10803009,Eliel Berur,KEN,M,,NA,,1709,AUG25,0,20,1998,i
10891692,Elikaseed Quick,KEN,M,,,,1756,AUG25,0,20,1987,
10822755,Elizabeth Cassidy Maina,KEN,F,,,,1541,AUG25,0,40,2011,wi
10847880,Elvis Munene,KEN,M,,,,1443,AUG25,0,20,2005,
10833650,Emmanuel Riri,KEN,M,,,,1508,AUG25,0,20,2002,i
10829334,Eric John Kamau Joseph,KEN,M,,,,1478,AUG25,0,20,2000,i
10821074,Erick Nyabota,KEN,M,,,,1551,AUG25,0,20,1998,i
10821198,Esther Ndungu,KEN,F,,,,1419,AUG25,0,20,2000,wi
10890564,Eugene Zablon,KEN,M,,,,1558,AUG25,0,40,2007,
10812512,"Falor, Tushar",KEN,M,,,,1509,AUG25,0,20,2003,i
10829270,Fiona Njoroge,KEN,F,,,,1475,AUG25,0,20,2000,wi
10826254,Flavius Hyacinth,KEN,F,,,,1508,AUG25,0,20,2004,w
10817085,Francisca Kagwiria,KEN,F,,NA,,1581,AUG25,0,20,1996,wi
10898000,Franck Otieno,KEN,M,,,,1542,AUG25,6,20,2002,
10830928,Frank Brayoh,KEN,M,,,,1523,AUG25,0,20,1998,i
10894497,Frankline Odembe,KEN,M,,,,1699,AUG25,7,20,2006,
10847910,Fredrick Kalovwe,KEN,M,,,,1457,AUG25,0,20,1997,
10893962,Fredrick Odhiambo Goro,KEN,M,,,,1470,AUG25,0,20,2002,
10821902,Fuad Issa,KEN,M,,,,1816,AUG25,0,20,2005,i
10815228,Gachai Danwillies,KEN,M,,,,1614,AUG25,0,40,2008,i
10846255,Gacheru Francis Ndiritu,KEN,M,,,,1597,AUG25,0,40,2013,
10821252,Gai Ajang Kuir,KEN,M,,,,1618,AUG25,0,20,1993,i
10815651,Gaku David,KEN,M,,,,1714,AUG25,0,20,1990,i
10813640,Garang Lual,KEN,M,,,,1620,AUG25,0,20,1997,i
10800174,"Gateri, Martin",KEN,M,FM,,,2024,AUG25,0,20,1969,i
10843698,Gathondu Nathaniel Muita,KEN,M,,,,1536,AUG25,0,20,1976,
10803416,Gathoni Paul Waweru,KEN,M,,,,1757,AUG25,0,20,1997,
10804617,George Gakure,KEN,M,,,,1640,AUG25,0,20,1980,i
10824065,Getange Johnpaul,KEN,M,,,,1729,AUG25,0,20,2006,i
10850210,Gianni Tuli,KEN,M,,,,1694,AUG25,0,40,2011,
10835822,"Gichana, Keyshawn Elmer",KEN,M,,,,1502,AUG25,6,40,2013,
10815503,Gicheru John Wagema,KEN,M,,,,1678,AUG25,6,20,1973,
10808523,"Gicheru, Kennedy Muthoni",KEN,M,,,,1680,AUG25,9,20,1997,
10828060,Gichoya Keith,KEN,M,,,,1568,AUG25,0,40,2008,i
10835628,Gichuga Wanjiru Wanjiku,KEN,F,,,,1497,AUG25,0,40,2014,w
10801944,"Gichuguma, Ian Ndugu",KEN,M,,NA,,1611,AUG25,0,20,1998,i
10807764,"Gichuhi, Brian Chege",KEN,M,,,,1897,AUG25,11,20,1999,
10806504,"Gichuki, Jeff",KEN,M,CM,,,1735,AUG25,0,20,2004,i
10835610,Gilana Angel Muthoni,KEN,F,,,,1433,AUG25,0,40,2012,w
2004348,"Gilruth, Peter",KEN,M,,,,2089,AUG25,0,20,1953,i
10811176,"Gisore, Daniel",KEN,M,,,,1848,AUG25,0,20,1990,i
10821554,Gitari Daniel,KEN,M,,,,1631,AUG25,0,20,2000,i
10832190,Gitau David,KEN,M,,,,1610,AUG25,0,20,2004,i
554003563,Gitau Dennis,KEN,M,,,,1458,AUG25,0,20,2001,
10827323,Gitau Eric Ngechu,KEN,M,,,,1476,AUG25,0,20,1997,i
10834303,Githiga John,KEN,M,,,,1611,AUG25,0,20,2000,
10809376,"Githua, Kenneth",KEN,M,,,,1705,AUG25,0,20,1991,i
10826874,Githui Victor,KEN,M,,,,1767,AUG25,0,20,2000,i
10810277,Gitonga Austin Muthui,KEN,M,,,,1476,AUG25,0,20,2006,
10800999,"Gohil, Mehul",KEN,M,,,,1903,AUG25,0,20,1981,
10805389,"Gosrani, Reeyan",KEN,M,CM,,,1513,AUG25,0,40,2007,i
10805621,Gregory Juma Mwangi,KEN,M,,,,1494,AUG25,0,20,1996,i
10801626,"Gudka, Paras",KEN,M,,,,ACM,AUG25,1582,0,1983,i
10811605,"Gwada, James",KEN,M,,,,1565,AUG25,7,20,1985,
10803637,"Habilov, Mushfig",KEN,M,,NI,,1734,AUG25,0,20,1975,i
10837515,Hamisi Benford Nyandoro,KEN,M,,,,1449,AUG25,0,20,2003,i
10803998,Harshith Rao,KEN,M,,,,1456,AUG25,0,20,1998,i
10830820,"Harun, Helen",KEN,F,,NA,,1476,AUG25,0,20,2002,wi
10801006,"Hinga, Githinji",KEN,M,,,,1977,AUG25,11,20,1978,
10803491,"Hongo, Victor Machel",KEN,M,,LSI,,1796,AUG25,0,20,1987,
10811249,Ian King,KEN,M,,"DI,LSI,NA",,AIM,AUG25,1808,0,1992,
10830642,Imran Abdella,KEN,M,,,,1618,AUG25,0,20,2006,i
10806601,"Ingado, Mercy",KEN,F,,,,1623,AUG25,0,20,2004,w
10829385,Inyangala Kelvin Kavagali,KEN,M,,,,1560,AUG25,0,20,1982,i
10815406,Irungu Brian Mwangi,KEN,M,,,,1979,AUG25,0,20,2002,
10812199,"Irungu, Brian",KEN,M,,,,1678,AUG25,0,20,2000,i
10824596,Isaac Mwangi,KEN,M,,NA,,1530,AUG25,0,20,2001,
10820841,"Isaack, Muuo",KEN,M,,"SI,NA",,1475,AUG25,0,20,1991,i
10812865,ISAIAH NGAO,KEN,M,,,,1710,AUG25,0,20,2002,i
10813020,ISAIAH OTIENO OLUOCH,KEN,M,,,,1763,AUG25,11,20,2005,
10841547,Isinde Jones,KEN,M,,,,1572,AUG25,0,20,2001,i
10894284,Isoe Norah Moraa,KEN,F,,,,1554,AUG25,6,40,2006,w
10834311,Ithagi Kelvin,KEN,M,,,,1697,AUG25,0,20,1998,i
10853669,Ivan Ngeno,KEN,M,,,,1510,AUG25,0,40,2012,
10845666,Jacksletter Musyoka,KEN,M,,,,1618,AUG25,0,20,1999,
10813381,James Emanikor,KEN,M,,NA,,1827,AUG25,0,20,1990,
10882472,James Wangari,KEN,M,,,,1597,AUG25,0,20,1994,
10819649,Jamie Obora Kanango,KEN,M,,,,1753,AUG25,0,40,2008,
10820981,Japheth Onyango,KEN,M,,,,1449,AUG25,0,20,1997,i
10855084,Jasmine Akinyi Ochieng,KEN,F,,,,1569,AUG25,0,40,2013,w
10819630,Jason Otula Kanango,KEN,M,,,,1579,AUG25,0,20,2006,i
10806890,Joel Okindo,KEN,M,,SI,,1668,AUG25,0,20,1990,i
10816046,John Kamasho,KEN,M,,,,1627,AUG25,0,20,1990,i
10840214,Johnmark Mugo,KEN,M,,,,1561,AUG25,0,20,2000,i
10837507,Joseph Alex Mwangi Kimani,KEN,M,,,,1429,AUG25,0,20,2001,i
10813373,Joseph Kyalo,KEN,M,,,,1672,AUG25,0,20,1994,i
10806270,Joseph Nderitu,KEN,M,,,,1561,AUG25,0,20,1990,i
10830677,Juma Michael,KEN,M,,,,1626,AUG25,0,40,2008,i
10802983,"Juma, Maxwell",KEN,M,,,,1772,AUG25,0,20,1993,
10800794,"Jumba, Gloria",KEN,F,,,,1751,AUG25,0,20,1987,wi
10827790,Kabechu Dennis,KEN,M,,,,1480,AUG25,0,20,2000,i
10806075,"Kabugu, Njagi",KEN,M,,,,1688,AUG25,0,20,1981,
10831045,Kaburo Winnie,KEN,F,,,,1531,AUG25,0,40,2014,w
10849025,Kadenge Julia Kasei,KEN,F,,NA,,1510,AUG25,8,20,2004,w
10835458,Kadenge Leroy Ethan,KEN,M,,,,1469,AUG25,0,40,2010,i
10813985,"Kagambi, Angel",KEN,F,,,,1591,AUG25,0,40,2009,w
10813934,"Kagambi, Jeremiah",KEN,M,,,,1658,AUG25,0,40,2011,
10800190,"Kagambi, Lawrence",KEN,M,,,,1874,AUG25,0,20,1964,
10814418,"Kagambi, Samuel",KEN,M,,,,1627,AUG25,0,40,2007,
10808957,"Kagondu, Brian",KEN,M,,,,1731,AUG25,0,20,1995,i
10831355,Kaguthai Anthony,KEN,M,,,,1591,AUG25,0,20,1987,i
10841466,Kahara Ethan Kariuki,KEN,M,,,,1536,AUG25,0,40,2011,
10820701,Kalati Dennis,KEN,M,,,,AFM,AUG25,1665,0,2000,i
10802541,"Kalema, Jackson Kioko",KEN,M,,NA,,1745,AUG25,8,20,1988,
10814582,"Kaloki, Hawi",KEN,M,,,,1916,AUG25,0,40,2007,
10814507,"Kaloki, Zuri",KEN,F,,,,1684,AUG25,0,40,2010,w
10834273,Kamanda Ryan,KEN,M,,,,1652,AUG25,0,40,2008,
10835377,Kamau Alvins,KEN,M,,,,1498,AUG25,0,20,2002,i
10826890,Kamau Kelvin Ngigi,KEN,M,,,,1695,AUG25,3,20,1997,
10890726,Kamau Timothy Mwangi,KEN,M,,,,1442,AUG25,0,20,2000,
10831800,Kamau Vincent Muhia,KEN,M,,,,1687,AUG25,0,20,2000,
10818707,"Kamau, Hezron Gichuki",KEN,M,,,,1566,AUG25,0,20,1997,
10824545,Kamoni Elvin,KEN,M,,,,1423,AUG25,0,40,2009,
10831525,Kamoni Elvis Githae,KEN,M,,,,1604,AUG25,0,40,2009,
10821287,Kamore Simon,KEN,M,,,,1717,AUG25,0,20,1998,i
10827757,Kamukwa Anthony,KEN,M,,,,1674,AUG25,0,20,2002,
10806865,"Kanyiri, Eric",KEN,M,,,,1791,AUG25,0,20,1984,i
10831940,Karani Ezekiel,KEN,M,,,,1979,AUG25,23,20,2001,
10830596,Karani Martin,KEN,M,,,,1507,AUG25,0,20,1975,i
10800891,"Karania, Hardiv",KEN,M,,,,1635,AUG25,0,20,2001,i
10831622,Karanja Amos,KEN,M,,FA,,1690,AUG25,0,20,1998,
10819282,"Karanja, Ether",KEN,F,,FA,,1606,AUG25,0,20,1999,w
10835318,Karikwe Luka,KEN,M,,,,1446,AUG25,0,20,2001,i
10810790,"Kariuki, Keith Ndungu",KEN,M,,,,1464,AUG25,0,20,2005,i
10811885,"Kariuki, Severn Mwaniki",KEN,M,,,,1590,AUG25,0,20,1999,
10811354,"Kariuki, Silvia Wahito",KEN,F,,,,1548,AUG25,0,20,2002,w
10823832,Karoki Christine Muthoni,KEN,F,,NA,,1502,AUG25,0,20,1996,wi
10818421,Karugo David Maina,KEN,M,,,,1536,AUG25,0,20,1993,i
10819916,Kathulu Simon Kaseu,KEN,M,,,,1533,AUG25,0,20,1996,
10844350,Kawenze Richard,KEN,M,,,,1705,AUG25,0,20,2004,i
10826769,"Kayyar, Sana",KEN,F,,,,1426,AUG25,0,40,2008,wi
10835466,Kedogo Reyna Collins,KEN,M,,,,1484,AUG25,0,40,2007,i
10847960,Kelly Mwaniki,KEN,M,,,,1848,AUG25,0,20,2004,
10831754,"Khot, Ajak David",KEN,M,,,,1689,AUG25,0,20,1991,i
10823921,"Kiama, Christopher Ndirangu",KEN,M,,,,1542,AUG25,0,20,1996,i
10804900,"Kiama, Mathew",KEN,M,,,,1680,AUG25,0,20,1983,i
10833471,Kibani Gideon,KEN,M,,,,1414,AUG25,0,20,1993,
10804544,"Kiburi, Elijah Kamau",KEN,M,,,,1812,AUG25,0,20,1988,
10801405,"Kidula, Brian",KEN,M,,,,1863,AUG25,0,20,1968,i
10827811,"Kiggs, Michael",KEN,M,,,,1618,AUG25,0,20,1998,
10824383,Kihara Loius,KEN,M,,,,1573,AUG25,0,20,1996,i
10839399,Kikechi Wayne,KEN,M,,,,1441,AUG25,0,20,2002,i
10896210,Killion Terer,KEN,M,,,,1637,AUG25,0,20,1998,
10819800,Kilonzo David,KEN,M,,,,1615,AUG25,0,20,1990,i
10835873,Kimachia Brian,KEN,M,,NA,,1476,AUG25,0,20,1999,i
10823000,Kimani Michael,KEN,M,,,,1461,AUG25,0,20,1998,i
10816810,Kimani wanjiru,KEN,F,,,,1609,AUG25,0,20,2000,w
10811087,"Kimani, Hubert",KEN,M,,,,1751,AUG25,11,20,1996,
10810773,"Kimani, Moses",KEN,M,,,,1645,AUG25,0,20,2002,i
10833005,Kimathi Lennox,KEN,M,,,,1552,AUG25,0,20,2001,i
10831819,Kimonge Darren,KEN,M,,,,1517,AUG25,0,20,2002,i
10827374,Kimotho Alex,KEN,M,,,,1685,AUG25,0,20,2001,
10819380,Kimunyi Hudson,KEN,M,,,,1621,AUG25,0,20,1992,i
10809244,"Kimutai, Gilbert Rono",KEN,M,,,,1627,AUG25,0,20,1986,i
10809287,"Kimwere, Annete",KEN,F,,,,1467,AUG25,0,20,1998,wi
10814833,"Kingori, kamau",KEN,M,,,,1624,AUG25,0,20,1990,i
10808019,"Kinoti, Timothy Mwenda",KEN,M,,,,1530,AUG25,0,20,2003,i
10807497,"Kinuthia, Mike",KEN,M,,,,1711,AUG25,9,20,1990,
10835393,Kinyanjui Edwin Ian,KEN,M,,,,1711,AUG25,0,20,1999,i
10817301,Kinyanjui Peter Thairu,KEN,M,,,,1731,AUG25,0,20,1998,i
10820566,Kinyua Samuel Munene,KEN,M,,,,1557,AUG25,0,20,2002,i
10843868,"Kioko, Keith",KEN,M,,,,1646,AUG25,0,20,2001,
10803734,"Kionga, Anthony",KEN,M,,"SI,IA",,1706,AUG25,0,20,1993,
10897003,Kipchumba Brian,KEN,M,,,,1507,AUG25,0,20,1995,
10893997,Kipkemboi Dalton,KEN,M,,,,1585,AUG25,0,20,2004,
10844473,Kipkemei Allan Kiptum,KEN,M,,,,1539,AUG25,0,20,2006,
10829415,Kipkemoi Fred,KEN,M,,,,1510,AUG25,0,20,1999,i
10829423,Kipkorir Leon,KEN,M,,,,1584,AUG25,0,20,2002,i
10817506,Kiplangat Clinton,KEN,M,,,,1675,AUG25,0,20,1993,i
10821279,Kiplangat Ngeno,KEN,M,,,,1630,AUG25,0,20,1992,i
10823557,Kipngetich Timothy,KEN,M,,,,1751,AUG25,0,20,1999,
10835334,Kiprop Owen,KEN,M,,,,1500,AUG25,0,20,2002,
10802142,"Kirega, Joseph",KEN,M,,,,1865,AUG25,0,20,1996,
10802240,"Kirega, Titus Mwangi",KEN,M,,,,1810,AUG25,0,20,1989,i
10833749,Kirema Bridget Kagwiria,KEN,F,,,,1524,AUG25,0,20,2000,w
10842578,Kiruthu Teddy Wahome,KEN,M,,,,1495,AUG25,0,40,2008,
10895981,Kisali Kelvin,KEN,M,,,,1470,AUG25,0,20,1985,
10844333,Kitenge Edward Makau,KEN,M,,,,1574,AUG25,0,20,1995,i
10833021,Kithinji Ismael,KEN,M,,,,1453,AUG25,5,20,2003,
10841610,Kithome Brandon,KEN,M,,,,1543,AUG25,0,20,2002,i
10844643,Kithuku Tonny Kiamba,KEN,M,,NA,,1435,AUG25,6,20,2005,
10893849,KitongaMirriam,KEN,F,,,,1497,AUG25,0,20,2000,w
10811400,"Kiugo, Karugu",KEN,M,,,,1649,AUG25,0,20,1999,i
10820035,Kivuva Chris,KEN,M,,,,1590,AUG25,0,20,2001,
10890912,Koech Noreen Cherono,KEN,F,,NA,,1459,AUG25,0,20,2006,w
10815082,"Komen, Brian",KEN,M,,,,1678,AUG25,0,20,2001,i
10827137,Korir Florida,KEN,F,,,,1492,AUG25,0,40,2010,wi
10827218,Korir Samuel,KEN,M,,,,1547,AUG25,0,20,2003,i
10808663,"Korir, Edwin",KEN,M,,,,1806,AUG25,0,20,1982,i
10817352,"Korir, Vincent Kipkoech",KEN,M,,,,1833,AUG25,3,20,2002,
10833897,Kosgei Catherine Jebet,KEN,F,,,,1666,AUG25,0,20,2002,w
10819770,Kosgey Sheila Jerop,KEN,F,,,,1585,AUG25,0,20,1999,w
10820230,Koyra Petos,KEN,M,,,,1616,AUG25,0,20,1972,i
10829725,"Kuguru, Harrison Githinji",KEN,M,,,,1759,AUG25,0,20,1999,i
10831533,Kuka Kyle,KEN,M,,,,1783,AUG25,0,40,2010,
10802436,Kungu Ann,KEN,F,,,,1561,AUG25,0,20,1992,wi
10803343,"Kungu, Mary",KEN,F,,,,1492,AUG25,0,20,1992,wi
10821260,Kuol Jackson,KEN,M,,,,1635,AUG25,0,20,1996,i
10819681,Kuria Emmanuel,KEN,M,,,,1641,AUG25,0,20,1990,i
10802568,"Kuritto, Douglas",KEN,M,,,,1776,AUG25,0,20,1984,
10827315,Kyalo Cynthia Wayua,KEN,F,,IA,,1435,AUG25,0,20,2000,w
10844503,Lelaono James,KEN,M,,,,1620,AUG25,0,20,2003,
10805508,Lema Khimulu,KEN,M,,,,1662,AUG25,0,20,1988,i
10812849,LEON MALOMBE,KEN,M,,,,1672,AUG25,0,20,2001,i
10897690,Leone David,KEN,M,,,,1652,AUG25,0,20,2003,
10835342,Lepore Paul Ranka,KEN,M,,,,1654,AUG25,0,20,1999,i
10821023,Lewis Machoka,KEN,M,,,,1558,AUG25,0,20,1998,i
10832700,Likhaya Nelson,KEN,M,,,,1682,AUG25,0,20,2001,i
10809627,"Luala, James A.",KEN,M,,,,1750,AUG25,0,20,1991,i
10825770,Lukoko Moses,KEN,M,,,,1719,AUG25,0,20,1995,
10803319,"Lutomia, Eric",KEN,M,,,,1597,AUG25,6,20,1980,
10801529,"Lwanga, Aguda",KEN,M,CM,,,1745,AUG25,0,20,2006,
10801766,"Lwanga, Charles Karoli",KEN,M,,,,1716,AUG25,0,20,1970,
10802746,"Lwanga, Odongo",KEN,M,CM,,,1569,AUG25,0,40,2008,i
10805540,"Maamun, Jeneby",KEN,M,,,,1752,AUG25,0,20,1970,i
10827129,"Maashao, Genevieve",KEN,F,,,,1583,AUG25,0,40,2010,wi
10818340,Mable Kawa,KEN,F,,,,1587,AUG25,0,20,1995,wi
10898433,Macharia Michael,KEN,M,,,,1796,AUG25,9,20,2001,
10815589,"Macharia, Mwangi Stanley",KEN,M,,,,1584,AUG25,0,20,1997,
10821317,Madala Cecil Odhiambo,KEN,M,,,,1629,AUG25,0,20,1998,i
10814949,Madelta Glenda,KEN,F,,NA,,1678,AUG25,0,20,2000,w
10832327,"Madrigal, Newton",KEN,M,,,,1405,AUG25,0,20,1997,i
10800166,"Magana, Ben",KEN,M,CM,FI,,2058,AUG25,0,20,1977,
10826912,Magara Lewis,KEN,M,,FA,,1660,AUG25,0,20,2001,
10828974,"Maghenda, Leslie Mwadime",KEN,M,,NA,,1528,AUG25,0,20,1996,
10882502,Maguor Deng Gheit Longar,KEN,M,,NA,,1919,AUG25,0,20,2002,i
10835741,Mahmoud Cairo,KEN,M,,,,1545,AUG25,0,20,1988,i
10835423,Mahud Alex,KEN,M,,,,1686,AUG25,0,20,2001,i
10802096,"Maigua, Joseph Ngooro",KEN,M,,,,1878,AUG25,0,20,1987,i
10822160,Maina Brian,KEN,M,,,,1678,AUG25,0,40,2010,i
10826920,Maina Chris,KEN,M,,,,1819,AUG25,0,20,1998,i
10842985,Maina Cruz,KEN,M,,,,1456,AUG25,0,40,2012,i
10833498,Maina Joshua,KEN,M,,,,1403,AUG25,0,20,1998,
10811125,"Maina, Brian Kariuki",KEN,M,,,,1653,AUG25,0,20,1991,i
10809112,"Maina, Franklin Wanjau",KEN,M,,IA,,1614,AUG25,0,20,1994,i
10817280,"Maina, Githaiga Dennis",KEN,M,,,,1800,AUG25,0,20,1990,i
554003555,Makuba Danny,KEN,M,,,,1598,AUG25,0,20,1980,
10811036,"Mangi, Lenox",KEN,M,,NA,,1867,AUG25,0,20,1998,
10831029,Manyeki Nathaniel,KEN,M,,,,1784,AUG25,0,40,2015,
10821295,Manyuon Samuel Garang,KEN,M,,,,1651,AUG25,0,20,1991,i
10834745,Maoga Trevor,KEN,M,,,,1619,AUG25,0,40,2011,
10821309,Mapuor Constantino,KEN,M,,,,1708,AUG25,0,20,1990,i
10820175,"Marani, Caleb",KEN,M,,,,1752,AUG25,0,20,1999,i
10833340,Marc-Antoine Ishimwe Ndagijimana,KEN,M,,,,1406,AUG25,0,40,2016,
10823930,Maritim Oscar Cheruiyot,KEN,M,,,,1772,AUG25,0,20,1991,i
10820906,Mark Gichina,KEN,M,,,,1501,AUG25,0,20,2005,i
10821180,Martin Kagiri,KEN,M,,NA,,1737,AUG25,0,20,1997,
10803335,Martin Macharia,KEN,M,,,,1725,AUG25,0,20,1980,i
10809163,Martin Mambo,KEN,M,,,,1688,AUG25,0,20,1998,i
10894160,Marwa Stanley,KEN,M,,,,1409,AUG25,0,20,1997,
10820604,Masaa Ian,KEN,M,,,,1680,AUG25,0,20,1990,i
10815708,Masaka Andrew,KEN,M,,,,1496,AUG25,0,20,2000,
10802827,"Masese, Dennis",KEN,M,,,,1778,AUG25,0,20,1990,i
10835253,Masira Brian,KEN,M,,,,1559,AUG25,0,20,1998,
10830570,Masoso Brian,KEN,M,,,,1498,AUG25,0,20,1998,i
10826939,Matei Veronicah,KEN,F,,,,1504,AUG25,8,20,1999,w
10826564,Mathenge Ian Ngatia,KEN,M,,,,1619,AUG25,0,20,2002,
10811028,"Mawondo, Duncan",KEN,M,,,,1609,AUG25,0,20,1990,
10835288,Mbaabu David,KEN,M,,,,1668,AUG25,0,20,1980,
10839542,Mbili Dennis,KEN,M,,,,1404,AUG25,0,20,1995,i
10896260,Mbotela Stevvie,KEN,M,,,,1542,AUG25,0,20,2005,
10842330,Mburu Stephen Ndungu,KEN,M,,,,1491,AUG25,0,20,2000,
10809236,"Mburu, John Thindiu",KEN,M,,,,1629,AUG25,0,20,1990,i
10831843,Mbuthia Joseph,KEN,M,,,,1472,AUG25,0,20,2004,i
10808841,"Mbuthia, Evans",KEN,M,,,,1750,AUG25,0,20,1997,i
10806318,"Mbuya, Martin",KEN,M,,,,1645,AUG25,0,20,1996,i
10832939,McKenzie Chanel,KEN,F,,,,1561,AUG25,0,40,2011,w
10804714,"Methu, Joseph Muragu",KEN,M,,,,1979,AUG25,0,20,1987,
10847693,Mich Jayden,KEN,M,,,,1641,AUG25,9,40,2011,
10830944,"Michoma, Jeremy Morara",KEN,M,,,,1529,AUG25,0,20,2003,i
10806873,"Michuki, Francis",KEN,M,,IA,,1818,AUG25,11,20,1997,
10898441,Milimu Martin,KEN,M,,,,1541,AUG25,0,20,1993,
10823743,Minu Nimit,KEN,M,,,,AFM,AUG25,1524,0,2005,
10812520,"Mitei, Cosmas",KEN,M,,,,1616,AUG25,0,20,1997,
10803769,"Mmata, Brian",KEN,M,,,,1748,AUG25,0,20,1980,
10890840,Moegi Jeremiah Monange,KEN,M,,,,1876,AUG25,0,20,2003,i
10897119,Mogambi Ian,KEN,M,,,,1563,AUG25,0,20,2002,
10800271,"Mohan, Rahul",KEN,M,,,,1728,AUG25,0,20,1994,i
10802606,"Mohideen, Fathima Mohamed",KEN,F,WFM,WFM,,1578,AUG25,0,20,2006,w
10843604,Moka Gabriel Mwadime,KEN,M,,,,1456,AUG25,0,20,2001,i
10809090,"Mongeli, Sasha",KEN,F,WFM,WFM,,1703,AUG25,0,20,1996,w
10801170,"Mony, Jacktone",KEN,M,,,,1915,AUG25,0,20,0,i
554004896,Moses Mwatsuma,KEN,M,,,,1420,AUG25,7,40,2003,
10822364,Mosongoh Geoffrey Maoga,KEN,M,,,,1516,AUG25,0,20,1979,i
10817557,Moturi Christopher,KEN,M,,,,1622,AUG25,0,20,1990,i
10803386,"Movin, Sato",KEN,M,,,,1700,AUG25,0,20,1980,
10803262,"Muchai, James",KEN,M,,,,1837,AUG25,0,20,1989,
10802401,"Muchiri, Patrick Murioga",KEN,M,,,,1564,AUG25,0,20,1981,i
10810803,"Muchiri, Rocky",KEN,M,,,,1863,AUG25,10,20,2005,
10848886,Muchoki Morgan Maina,KEN,M,,,,1526,AUG25,0,20,2006,
10809546,"Muchugu, Christian Nderi",KEN,M,,"NI,IA",,1637,AUG25,8,20,1997,
10836012,Mugambi Christian Mwamba,KEN,M,,,,1814,AUG25,0,40,2012,
10816224,Mugambi Ezekiel,KEN,M,,,,1655,AUG25,0,20,1990,i
10835040,Mugambi Marithi,KEN,M,,,,1588,AUG25,0,20,2001,i
10836659,Mugambi Nathan Baraka,KEN,M,,,,1419,AUG25,0,40,2015,
10823565,Mugambi Patrick,KEN,M,,,,1485,AUG25,0,20,1987,i
10808159,"Muganda, William Imo",KEN,M,,,,1597,AUG25,0,20,1995,i
10833331,Mugisha Jean- Christophe,KEN,M,,,,1486,AUG25,0,40,2014,
10807624,"Mugo, Diana",KEN,F,,,,1527,AUG25,0,20,1990,wi
10801570,"Mugo, Gerald Mungai",KEN,M,,,,1717,AUG25,0,20,1996,i
10843612,Muhambe Terrence Shisundi,KEN,M,,,,1758,AUG25,0,20,2004,
10832149,Muhanji Tsisika,KEN,F,,,,1476,AUG25,0,20,2001,wi
10898425,Muhiu Francis Ngunju,KEN,M,,,,1568,AUG25,0,20,2005,
10828664,Muigu Farid Nahadi,KEN,M,,,,1645,AUG25,0,20,2003,i
10818448,Muiruri Don Kamami,KEN,M,,,,1456,AUG25,0,40,2010,i
10818456,Muiruri Lenny Njane,KEN,M,,,,1483,AUG25,0,40,2007,i
10800034,"Mukabi, John",KEN,M,CM,,,1891,AUG25,0,20,1964,i
10800867,"Mukhopadhyay, Srinjay",KEN,M,,,,1641,AUG25,0,20,1999,i
10802576,"Mukoko, Isaac",KEN,M,,,,1861,AUG25,0,20,1984,i
10833099,Mukungu Timothy,KEN,M,,,,1458,AUG25,0,20,1988,i
10801685,"Mulaga, Geoffrey",KEN,M,,,,1806,AUG25,0,20,1971,i
10827480,Mulama Whitney,KEN,F,,FA,,1449,AUG25,0,20,1999,wi
10839631,Mulatya Brandon,KEN,M,,,,1563,AUG25,0,20,2004,i
10842357,Muli Faraja Mumo,KEN,M,,,,1625,AUG25,0,40,2015,
10826955,Muli Raphael Muthenya,KEN,M,,NA,,1698,AUG25,0,20,2003,
10842748,"Muli, Baraka Kimama",KEN,M,,,,1417,AUG25,0,40,2017,
10806164,"Mulindi, Trevor",KEN,M,,,,1862,AUG25,0,20,1995,i
10815023,"Muluda, Chahindi",KEN,M,,,,1796,AUG25,9,20,1990,
10833102,Mumbi Winnie,KEN,F,,,,1536,AUG25,0,20,1994,wi
10839402,Mumo Peter,KEN,M,,,,1658,AUG25,0,20,2005,
10832076,Mundia Allan Muraguri,KEN,M,,,,1629,AUG25,0,20,2001,i
10896252,Munene Samson,KEN,M,,,,1669,AUG25,0,20,1995,
10817492,"Munene, Dean Martin",KEN,M,,,,1695,AUG25,0,20,2001,
10807519,"Munge, Nickson",KEN,M,,,,1547,AUG25,0,20,1996,i
10810676,"Muniu, Solomon Thuo",KEN,M,,,,1599,AUG25,0,20,1989,i
10806300,"Munyi, Mark Nderitu",KEN,M,,,,1750,AUG25,0,20,1990,i
10843264,Muoki Collins,KEN,M,,,,1527,AUG25,0,20,2000,i
10898450,Mureithi Maureen,KEN,F,,,,1615,AUG25,0,20,2003,w
10821376,Muriithi Joel Evans,KEN,M,,,,1516,AUG25,0,20,1998,i
10814051,"Muriithi, Alexander",KEN,M,,,,1570,AUG25,0,40,2009,
10827420,Murimi Brian,KEN,M,,,,1531,AUG25,0,20,2003,i
10827650,Muriuki Koome,KEN,M,,,,1675,AUG25,0,20,1996,i
10806210,"Muriuki, Eugene Muthomi",KEN,M,,,,1623,AUG25,0,20,1995,
10824197,"Museveni, Benard Chacha",KEN,M,,,,1681,AUG25,0,20,2000,
10839410,Musyoki Alex,KEN,M,,,,1590,AUG25,0,20,2004,i
10828508,Musyoki Justus,KEN,M,,,,1469,AUG25,0,20,1998,i
10828982,Mutaha Samuel Mwaniki,KEN,M,,,,1743,AUG25,0,20,1996,i
10897437,Mutambi Hagen,KEN,M,,,,1494,AUG25,0,20,1982,
10827030,Muthama Benjamin,KEN,M,,,,1637,AUG25,0,20,2000,i
10849084,Mutheu Charity,KEN,F,,,,1497,AUG25,0,20,2003,w
10830561,Muthiani John,KEN,M,,,,1544,AUG25,0,20,1998,i
10806725,"Muthoni, Vivian",KEN,F,,,,1582,AUG25,0,20,2005,w
10838457,Muthumbi Richard,KEN,M,,,,1479,AUG25,0,40,2011,i
10804722,"Mutiga, Joseph",KEN,M,,,,1830,AUG25,0,20,1980,i
10814922,"Mutisya, Jully",KEN,F,WCM,WCM,NA,1655,AUG25,0,20,1999,w
10822305,"Mutua, Joe",KEN,M,,,,1669,AUG25,8,40,2004,
10816593,Mutuge Ian,KEN,M,CM,,,1849,AUG25,0,20,2002,
10830758,Mutugi Teddy,KEN,M,,,,1516,AUG25,0,40,2010,i
10832785,Mutuku Isaac,KEN,M,,,,1527,AUG25,0,20,1999,
10843949,Mutuma Victor Mutugi,KEN,M,,,,1657,AUG25,0,20,2003,
10812091,"Muturi, Erica Mumbi",KEN,F,,,,1540,AUG25,0,40,2008,w
10844384,Mutwiri Nixon,KEN,M,,,,1633,AUG25,0,20,2000,i
10830979,Muua Sammy,KEN,M,,,,1572,AUG25,0,20,1998,i
10820612,Muyoyo Francis,KEN,M,,,,1574,AUG25,0,20,1997,i
10805796,"Mwabu, Timothy",KEN,M,,,,1921,AUG25,11,20,2003,
10821384,Mwambi Godfrey Mwandoe,KEN,M,,,,1627,AUG25,0,20,1998,i
10828125,Mwaneki Samuel,KEN,M,,,,1646,AUG25,0,20,2001,i
10837582,Mwanga Makokha,KEN,M,,,,1541,AUG25,0,20,2001,
10828117,Mwangi Alex,KEN,M,,,,1638,AUG25,0,20,1997,i
10827722,Mwangi Brian,KEN,M,,,,1616,AUG25,0,20,1997,
10803203,Mwangi George,KEN,M,,,,1852,AUG25,0,20,1980,
10840060,Mwangi Joram,KEN,M,,NA,,1475,AUG25,0,20,2000,
10833145,Mwangi Judy,KEN,M,,,,1482,AUG25,0,20,1998,i
10827854,Mwangi Paul,KEN,M,,,,1530,AUG25,0,20,2001,i
10843000,Mwangi Victor,KEN,M,,,,1406,AUG25,0,40,2010,
10828168,"Mwangi, James Njuguna",KEN,M,,,,1712,AUG25,0,20,1994,i
10807667,"Mwangi, John Milton Kihara",KEN,M,,,,1855,AUG25,0,20,1998,i
10808698,"Mwangi, Samuel Macharia",KEN,M,,,,1542,AUG25,5,20,1991,
10821392,Mwanyika Mike,KEN,M,,,,1493,AUG25,0,20,1998,i
10833056,Mwanza Leonard,KEN,M,,,,1603,AUG25,0,20,1999,
10812679,Mwashe Yvonne Adego,KEN,F,,,,1548,AUG25,0,40,2010,wi
10811257,"Mwashe, Philip",KEN,M,,,,1873,AUG25,0,20,1976,i
10833625,Mwega Nkanda,KEN,M,,,,1689,AUG25,4,20,2001,
10816623,Mwencha Nehemiah,KEN,M,,,,1650,AUG25,0,20,2000,i
10835792,Mwenda Dennis,KEN,M,,,,1700,AUG25,9,20,2002,
10820078,Mwendwa Eric Muteti,KEN,M,,,,1788,AUG25,0,20,2003,
10814965,"Mwendwa, Triza",KEN,F,,,,1618,AUG25,0,20,2000,wi
10802274,"Mwikali, Daphne",KEN,F,,,,1540,AUG25,0,20,1992,w
10827056,"Nabiswa, Eugene Bahati",KEN,M,,,,1546,AUG25,0,20,2000,i
10819436,"Naker, Jay",KEN,M,,,,1689,AUG25,1,20,1996,
10800263,"Namale, Ben Nguku",KEN,M,CM,,,1904,AUG25,0,20,1981,
10839640,Nangea George,KEN,M,,,,1434,AUG25,0,20,2004,i
10843981,Nashipae Bella,KEN,F,,,,1653,AUG25,0,40,2011,w
10801731,"Ndegwa, Jackson Kamau",KEN,M,,,,1913,AUG25,0,20,1987,
10801774,"Nderitu, George",KEN,M,,,,1960,AUG25,0,20,1982,i
10823646,Ndirangu Christopher,KEN,M,,,,1556,AUG25,0,20,1990,i
10828729,Ndirangu Peter,KEN,M,,,,1640,AUG25,0,20,1997,i
10802886,"Ndirangu, Joyce Nyaruai",KEN,F,WFM,WFM,,1779,AUG25,0,20,1995,w
10823158,Ndumia Samuel Nderitu,KEN,M,,NA,,1593,AUG25,8,20,2000,
10827676,Ndungu Titus Mwangi,KEN,M,,,,1450,AUG25,0,20,2003,
10804986,Nelson Namasa,KEN,M,,,,1735,AUG25,0,20,1980,
10808264,Newton Karimi,KEN,M,,,,1534,AUG25,3,20,1999,
10833226,Ng,KEN,M,,,,1420,AUG25,0,20,2002,i
10835113,Nganga David,KEN,M,,,,1615,AUG25,0,20,2003,
10896201,Nganga Kelvin,KEN,M,,,,1532,AUG25,0,20,2002,
10802088,"Ngani, Victor",KEN,M,,,,1852,AUG25,0,20,1979,
10819444,Ngesa Francis,KEN,M,,,,1751,AUG25,0,20,1960,
10808973,"Ngima, Cheryl",KEN,F,,,,1603,AUG25,0,20,1994,w
10802797,"Ngonga, Paul Oketch",KEN,M,,,,1647,AUG25,0,20,1962,i
10813756,"Ngony, John Thon",KEN,M,,,,1802,AUG25,0,20,2000,
10822496,Ngugi Samuel Mwaura,KEN,M,,NA,,1680,AUG25,0,20,1999,
10831312,"Ngugi, Clinton",KEN,M,,,,1671,AUG25,9,20,2001,
10845208,Ngunga Antony,KEN,M,,,,1656,AUG25,0,20,2002,
10832696,Nhial Jeremiah Machar,KEN,M,,,,1682,AUG25,0,20,1997,
10813330,Nicole Albright,KEN,F,,,,1589,AUG25,0,20,1998,w
10802975,Nigel Spencer,KEN,M,,,,1428,AUG25,0,20,2004,i
10804919,"Njagi, Bundi Mmuga",KEN,M,,,,1604,AUG25,0,20,1983,i
10807853,"Njeri, Maureen Kirigo",KEN,F,,,,1496,AUG25,0,20,1992,w
10844430,Njoki Juliet,KEN,F,,,,1500,AUG25,0,20,2004,wi
10823611,Njoki Peter Waciuri,KEN,M,,,,1599,AUG25,0,20,2000,i
10828150,Njoroge Anthony,KEN,M,,,,1571,AUG25,0,20,1996,
10834427,Njoroge Humphrey Mbugua,KEN,M,,,,1441,AUG25,0,20,2003,i
10842942,Njoroge Kelvin,KEN,M,,,,1410,AUG25,0,20,2001,i
10844449,Njoroge Stephen Maina,KEN,M,,,,1640,AUG25,0,20,2005,
10811320,"Njoroge, Billy Timothy",KEN,M,,,,1897,AUG25,11,20,2001,
10803572,"Njoroge, Dadson Rwamba",KEN,M,,NA,,1581,AUG25,0,20,1997,
10801952,"Njoroge, Martin",KEN,M,,,,1929,AUG25,0,20,1996,
10893180,Njuguna Joel Gachanja,KEN,M,,,,1534,AUG25,0,20,1994,
10816127,"Njuki, Gabriel",KEN,M,,,,1802,AUG25,0,20,1997,
10890939,Nkatha G Haggai,KEN,M,,,,1433,AUG25,0,20,2000,i
10842896,Nthiga Blair Wema,KEN,M,,,,1474,AUG25,3,40,2010,
403903,"Nurmohamed, Sajid",KEN,M,,,,1820,AUG25,9,20,1976,
10808353,"Nyaga, James Kabui",KEN,M,,,,1890,AUG25,0,20,1998,i
10828206,"Nyairo, Joseph Obwoge",KEN,M,,,,1747,AUG25,0,20,1992,i
10802720,"Nyairo, Mark",KEN,M,,,,1765,AUG25,0,20,1994,i
10866906,Nyakundi Wesley Kithinji,KEN,M,,,,1546,AUG25,0,40,2013,
10821015,"Nyakundi, Zadock",KEN,M,,,,1746,AUG25,11,20,2001,
10890920,Nyamai Paul,KEN,M,,,,1637,AUG25,0,20,2000,i
10835369,Nyamawi Victor,KEN,M,,,,1622,AUG25,0,20,2001,i
10832343,Nyamiaka Haden,KEN,M,,,,1725,AUG25,0,20,2003,
10830995,Nyamwanda William,KEN,M,,,,1417,AUG25,0,20,1998,i
10833986,Nyandiko Job,KEN,M,,,,1667,AUG25,0,20,1995,
10890858,Nyasaka Agnes Obonyo,KEN,F,,,,1544,AUG25,0,20,2003,wi
10800492,"Nyonje, Dominic",KEN,M,,,,1771,AUG25,0,20,0,i
10839461,Nzivo Jones,KEN,M,,,,1672,AUG25,0,20,2002,i
10823964,Obeyua Jacob,KEN,M,,,,1659,AUG25,0,20,1993,i
10814981,"Obondo, Cynthia Awino",KEN,F,,,,1624,AUG25,0,20,1998,wi
10831509,Obonyo Abigail,KEN,F,,,,1474,AUG25,0,40,2012,w
10890874,Obull Sheryl Amondi,KEN,F,,,,1468,AUG25,0,20,2003,wi
10832815,Ochieng Calvince,KEN,M,,,,1603,AUG25,0,20,2001,i
10835270,Ochieng Claren Clarkson,KEN,M,,,,1582,AUG25,0,20,2003,i
10829016,Ochieng Innocent,KEN,M,,,,1507,AUG25,0,20,2001,
10828028,Ochieng Richardnixon,KEN,M,,,,1477,AUG25,0,20,1992,i
10826572,"Ochieng, Dennis Onyando",KEN,M,,,,1585,AUG25,0,20,1984,i
10811907,"Ochieng, Paul",KEN,M,,,,1485,AUG25,0,20,1996,i
10822488,Odalo Mark Oluoch,KEN,M,,,,1637,AUG25,0,20,1998,i
10832718,Oddiaga Nigel,KEN,M,,,,1557,AUG25,0,20,2000,
10839470,Oddiago Nigel,KEN,M,,,,1614,AUG25,0,20,2000,i
10827773,Odero Francis,KEN,M,,,,1510,AUG25,0,20,1997,
10830626,Odhiambo Barret,KEN,M,,,,1559,AUG25,0,20,2000,i
10806016,"Odhiambo, Bob Kennedy",KEN,M,,,,1647,AUG25,0,20,1972,i
10809430,"Odhiambo, Harmony",KEN,M,,,,1707,AUG25,5,20,1991,
10841075,Odiembo Esley,KEN,M,,,,1537,AUG25,0,20,2005,i
10839968,Odongo Bill Clinton,KEN,M,,NA,,1590,AUG25,0,20,1996,
10832831,Oguta Rodgers,KEN,M,,,,1440,AUG25,0,20,2003,
10897470,Okello Samuel,KEN,M,,,,1648,AUG25,0,20,1978,
10828222,"Okello, Kellan Jaha",KEN,M,,,,1451,AUG25,0,40,2011,i
10827889,Okemwa Eugene,KEN,M,,,,AFM,AUG25,1724,3,2000,
10833137,Oketch Nebert,KEN,M,,,,1489,AUG25,0,20,2001,i
10801251,"Oketch, Dismas",KEN,M,,,,1697,AUG25,0,20,0,
10808655,"Okeyo, Steve Austine",KEN,M,,NA,,1865,AUG25,0,20,1983,
10826971,Okombo Dismas,KEN,M,,,,1806,AUG25,0,20,1998,i
10813420,"Okonga, Hugh Misiko",KEN,M,,NI,,1871,AUG25,0,20,1997,
10807438,"Okoth, Edwin",KEN,M,,,,1703,AUG25,0,20,1993,i
10804897,"Okwaro, Louis Allan",KEN,M,,,,1674,AUG25,0,20,1989,i
10844058,Okwemba Elvis,KEN,M,,,,1493,AUG25,0,40,2013,
10836586,Oluchiri Jeshurun Inyangala,KEN,M,,,,1577,AUG25,0,40,2012,
10814647,Oluka Robert Mcligeyo,KEN,M,CM,,,1922,AUG25,0,20,2005,
10815600,Oluoch Michael,KEN,M,,,,1901,AUG25,7,20,1990,
10823697,Omani Wycliffe,KEN,M,,,,1678,AUG25,0,20,1984,i
10893920,Ombee Davis David,KEN,M,,,,1593,AUG25,6,20,2004,
10829504,Ombiro Clifford,KEN,M,,,,1519,AUG25,7,20,1996,
10808809,"Omboga, Joseph Makori",KEN,M,,,,1674,AUG25,0,20,1973,i
10803408,"Ombui, Paul",KEN,M,,NI,,1691,AUG25,8,20,1988,
10876073,Omollo Tendai Gichuhi,KEN,M,,,,1470,AUG25,0,40,2015,
10800123,"Omolo, Kenneth",KEN,M,,,,AIM,AUG25,1873,10,0,
10839569,Omondi Abraham,KEN,M,,,,1766,AUG25,9,20,1999,
10835300,Omondi Francis,KEN,M,,,,1500,AUG25,0,20,1993,i
10849246,Omondi Humphrey,KEN,M,,,,1681,AUG25,0,20,2003,
10844341,Omondi Humphrey,KEN,M,,,,1669,AUG25,0,20,1987,i
10823425,Omondi Stanley,KEN,M,,,,1916,AUG25,22,20,2001,
10841741,Omondi Suleiman,KEN,M,,,,1677,AUG25,0,20,2005,
10801871,"Omondi, George Getuma",KEN,M,,,,1858,AUG25,0,20,1991,i
10802258,"Omondi, Morrel",KEN,M,,NA,,1662,AUG25,0,20,1992,i
10806342,"Omondi, Timothy",KEN,M,,,,1687,AUG25,0,20,1994,i
10810935,"Omosa, Fredrick",KEN,M,,,,1626,AUG25,0,20,1990,i
10823638,Omosah Fred,KEN,M,,,,1754,AUG25,0,20,1990,i
10894020,Omuga Edwin,KEN,M,,,,1511,AUG25,0,20,2004,
10837531,Omuga Levi,KEN,M,,,,1615,AUG25,0,20,2000,i
10835784,Omunga Ian,KEN,M,,,,1496,AUG25,0,20,2000,i
10841024,Omunyin Robinson,KEN,M,,,,1657,AUG25,0,20,2000,
10833870,Omweri Dylus,KEN,M,,,,1722,AUG25,8,20,2002,
10834761,Onchangwa Ian,KEN,M,,,,1518,AUG25,0,20,2002,i
10844074,Ondu Pascal,KEN,M,,,,1539,AUG25,0,20,2003,i
10823549,"Ongaki, Griffins Williams",KEN,M,,,,1806,AUG25,0,20,2001,
10805214,"Ongono, Victor",KEN,M,,,,1539,AUG25,0,20,1990,
10849254,Onkware Eugene,KEN,M,,,,1667,AUG25,0,20,2001,
10833528,Onyango louis,KEN,M,,,,1674,AUG25,0,20,2001,i
10849262,Opiyo Vitalis,KEN,M,,,,1553,AUG25,7,20,2002,
10830952,Opon Nicodemus,KEN,M,,,,1542,AUG25,0,20,1999,i
10805745,"Oruke, Glen Kingoina",KEN,M,,,,1743,AUG25,0,20,1998,i
10839658,Osoro Joseck Nyachieo,KEN,M,,NA,,1504,AUG25,0,20,2002,i
10815848,"Osoro, Samuel Onsongo",KEN,M,,,,1748,AUG25,0,20,1999,
10832378,Osundwa Ihabi,KEN,M,,,,1448,AUG25,0,40,2009,
10810722,"Otanga, Ernest Emisiko",KEN,M,,,,1742,AUG25,0,20,1978,i
10841687,Otieno David,KEN,M,,,,1524,AUG25,0,20,2000,i
10843094,Otieno Ethan Murimi,KEN,M,,,,1464,AUG25,0,40,2012,i
10843736,Otieno Maxwel,KEN,M,,NA,,1698,AUG25,0,20,2000,
10829180,Otieno Ronny,KEN,M,,,,1450,AUG25,0,20,1997,
10802320,"Otieno, George Ochieng",KEN,M,,NI,,1753,AUG25,0,20,1974,
10831665,"Ouko, Calvince Odiwuor",KEN,M,,,,1635,AUG25,0,20,1999,i
10845283,Ouma Stanley,KEN,M,,,,1492,AUG25,0,40,2012,
10827005,"Ouma, Javan",KEN,M,,,,1720,AUG25,0,20,1998,i
10893822,Ovita Brian,KEN,M,,,,1561,AUG25,0,20,1998,
10802134,"Owen, Kelvin Otieno",KEN,M,,,,1756,AUG25,0,20,1992,
10802851,"Oyamo, Martin",KEN,M,,,,1790,AUG25,0,20,1960,
10802614,"Parikh, Nikita Ameetkumar",KEN,F,,,,1468,AUG25,0,20,2005,wi
10817484,Parsayo Cornelius,KEN,M,,,,1758,AUG25,0,20,1990,i
10890823,Paswa Stanly,KEN,M,,,,1655,AUG25,0,20,2003,i
10830332,"Patnaik, Sarthak",KEN,M,,,,1508,AUG25,0,40,2009,
10800743,"Pendyala, Ritvik",KEN,M,FM,,,1693,AUG25,0,20,2002,i
10831231,"Peru, Richard Sultan",KEN,M,,,,1466,AUG25,0,20,1982,i
10844724,Pesa Emmanuel Melvin,KEN,M,,,,1494,AUG25,0,20,2003,
10833064,Philip Marcellinus,KEN,M,,,,1521,AUG25,9,20,2004,
10821040,Philip Muchiri,KEN,M,,,,1554,AUG25,0,20,2000,i
10801146,"Rai, Subham Shailesh",KEN,M,,,,1671,AUG25,0,20,1999,i
10803661,"Ramesh, Sanjay",KEN,M,,,,1596,AUG25,0,40,2007,i
10808361,"Ramesh, Vasanth",KEN,M,CM,,,1852,AUG25,0,20,1986,
10817328,Rishit Ravat,KEN,M,,,,1749,AUG25,0,40,2009,
10824421,Riungu Kevin,KEN,M,,,,1795,AUG25,0,20,1982,
10898964,Ronald Migele,KEN,M,,,,1700,AUG25,0,20,2003,
10802207,"Rongoey, Allan Victor",KEN,M,,,,1739,AUG25,0,20,1992,i
10814990,"Ronoh, Ednah",KEN,F,,,,1522,AUG25,0,20,1992,wi
10819940,Sadam Ali Sheikh,KEN,M,,,,1647,AUG25,0,20,1990,i
10814850,"Sagwa, Hillary",KEN,M,,,,1791,AUG25,0,20,1991,
10805087,Samuel Makumi,KEN,M,,,,1714,AUG25,0,20,1980,i
10805095,Samuel Ndegwa Kagwi,KEN,M,,,,1668,AUG25,0,20,2000,i
10802185,"Sang, Ricky",KEN,M,,,,1850,AUG25,0,20,1983,
10835261,Sangura Brian,KEN,M,,,,1565,AUG25,0,20,2001,i
10832599,"Schondelmaier, Martin",KEN,M,,,,1527,AUG25,0,20,1991,i
10838660,Sennik Aaryan,KEN,M,,,,1522,AUG25,6,40,2013,
10833501,Senteu Simon,KEN,M,,,,1438,AUG25,0,20,2002,i
10836152,Serede Elvis Mugilwa Jnr,KEN,M,,,,1476,AUG25,0,40,2014,i
10878939,Sesenet Moisari Kantai,KEN,F,,,,1570,AUG25,0,40,2014,w
10811478,"Shafat, Abdi Nasir Mohamed",KEN,M,,,,1908,AUG25,0,20,1983,i
10839224,Shah Daanish Jeegar,KEN,M,,,,1405,AUG25,6,40,2016,
10804064,Shah Krish,KEN,M,,,,1430,AUG25,0,20,2002,i
10811834,"Shah, Haasya Baadal",KEN,M,,,,1437,AUG25,0,20,2003,i
10801057,"Shah, Krishi",KEN,F,WFM,WFM,,1746,AUG25,0,20,2003,wi
10832483,"Shah, Krishiv Jitendra",KEN,M,,,,1429,AUG25,0,40,2012,i
10800387,"Shah, Riya",KEN,F,WFM,WFM,,1675,AUG25,0,20,2000,wi
10808094,"Shah, Viraj Bhaveshu",KEN,M,,,,1564,AUG25,0,20,2005,i
10810870,"Shah, Vyom Kunjal",KEN,M,,,,1437,AUG25,0,40,2008,i
10833609,Shannon Bulimo,KEN,F,,,,1538,AUG25,3,20,2001,w
10820930,Sharon Limo,KEN,F,,,,1458,AUG25,0,20,1998,wi
10828583,Shikuku Clinton,KEN,M,,NA,,1761,AUG25,0,20,1999,
10808868,"Shile, Lenny Mataiga",KEN,M,,,,1783,AUG25,11,20,1997,
10898557,Shioso Leroy,KEN,M,,,,1560,AUG25,0,20,2000,
10833277,Shuaib Ishmael,KEN,M,,,,1584,AUG25,0,20,1996,
10833307,Shukri Shakirah,KEN,F,,,,1618,AUG25,0,40,2011,w
10803700,"Sidera, Victor",KEN,M,,,,1620,AUG25,0,20,1980,
10838252,Sifuma Callagan Sikuche,KEN,M,,,,1479,AUG25,0,20,2005,i
10895990,Sifuna Allan,KEN,M,,,,1576,AUG25,0,20,2000,
10800824,"Sijenyi, Stephen Ouma",KEN,M,FM,IA,,1941,AUG25,0,20,1976,i
10820990,Silas Amollo,KEN,M,,,,1626,AUG25,0,20,1997,i
10842810,Simiyu Baraka Daniel,KEN,M,,,,1696,AUG25,0,40,2008,
10828710,Simiyu George,KEN,M,,,,1512,AUG25,0,20,2003,i
10824014,Simiyu Jadon,KEN,M,FM,,,1846,AUG25,6,40,2012,
10832513,Simiyu Jerry,KEN,M,,,,1641,AUG25,0,40,2008,
10815627,Simiyu jimmy,KEN,M,,,,1659,AUG25,6,20,1990,
10824022,Simiyu Michael,KEN,M,,,,1487,AUG25,0,20,1973,i
10898417,Simiyu Peter,KEN,M,,,,1477,AUG25,0,20,2000,
10800360,"Singe, Philip Mbawala",KEN,M,,,,1764,AUG25,0,20,1971,
10806024,"Sinoya, Evans",KEN,M,,,,1798,AUG25,0,20,1992,
10833463,Sir Alex Musyoki,KEN,M,,,,1617,AUG25,0,20,2004,i
10832050,"Stefan, Vit",KEN,M,,,,1443,AUG25,0,20,1986,i
10820973,Stephen Mutsalali,KEN,M,,,,1569,AUG25,0,20,1998,i
10832750,Stephen Richard,KEN,M,,,,1589,AUG25,0,20,2001,i
10811419,"Stephens, Joseph",KEN,M,,,,1587,AUG25,0,20,1988,i
10801545,"Subramaniam, Sunil",KEN,M,,,,1537,AUG25,0,20,2004,i
10803556,"Sudalaimuthu, Abinesh Lakshwin",KEN,M,CM,,,1574,AUG25,0,40,2008,i
10801383,"Sudalaimuthu, Anish Sukumar",KEN,M,,,,1618,AUG25,0,20,2005,i
10844600,Sum Tracy Chepchirchir,KEN,F,,,,1436,AUG25,0,20,2003,w
10801421,"Syangabo, Andrew Wekesa",KEN,M,,,,1426,AUG25,0,20,0,i
10893270,Tanishq Malhotra,KEN,M,,,,1510,AUG25,0,40,2008,
10833765,Tapiwa Chimbwanda,KEN,M,,,,1699,AUG25,0,20,1997,i
10827706,Temoi Patriedge Remi,KEN,M,,,,1715,AUG25,0,20,1989,
10808647,Tevin Otieno,KEN,M,,,,1632,AUG25,0,20,1995,i
10839500,Thiongo Collins,KEN,M,,,,1641,AUG25,0,20,2002,i
10801790,"Thitu, Winfred",KEN,F,,,,1621,AUG25,0,20,1984,wi
10810889,"Thuku, Nephat Muchiri",KEN,M,,,,1774,AUG25,0,20,1996,i
10813748,Thuo Stephen Kungu,KEN,M,,,,1570,AUG25,0,20,1990,i
10839259,Tindi Liam,KEN,M,,,,1522,AUG25,0,40,2015,
10806717,Tirth J Thakker,KEN,M,,,,1570,AUG25,0,20,2000,i
10844694,Tobias Barasa,KEN,M,,,,1686,AUG25,0,20,2002,
10891099,Valluri Rusheel,KEN,M,,,,1488,AUG25,0,40,2011,
46641718,"Vengarai, Aravind",KEN,M,CM,,,1675,AUG25,0,20,2001,i
10809040,"Veniamin, Negru",KEN,M,,,,1774,AUG25,0,20,1972,i
10890670,Verna Joy,KEN,F,,,,1481,AUG25,0,20,2002,w
554004900,Vincent Muiya,KEN,M,,,,1598,AUG25,10,40,2003,
10801642,Vincent Odhiambo,KEN,M,,,,1784,AUG25,0,20,1980,i
10810536,"Wachania, Leone Wachira",KEN,M,,,,1429,AUG25,0,40,2007,i
10833536,Wachio Allen Kizito,KEN,M,,,,1574,AUG25,0,20,2003,i
10839518,Wachira Wilson,KEN,M,,,,1536,AUG25,0,20,2005,
10823166,Wafula Samuel,KEN,M,,NA,,1754,AUG25,0,20,1999,i
10829512,Wagura Joseph,KEN,M,,,,1561,AUG25,0,20,2000,i
10831452,Wahome Ted,KEN,M,,,,1465,AUG25,0,20,1996,i
10828079,Waiganjo Cyrus Gathura,KEN,M,,,,1523,AUG25,7,20,1998,
10827013,Waiganjo Kenneth,KEN,M,,NA,,1632,AUG25,8,20,1998,
10837558,Wakoli Paul,KEN,M,,,,1563,AUG25,0,20,2001,i
10801693,"Walela, Austin",KEN,M,,,,1899,AUG25,0,20,1993,
10826556,Wambalo Wong,KEN,M,,,,1544,AUG25,0,20,1997,
10821422,Wambua Brian,KEN,M,,,,1539,AUG25,0,20,1998,i
10824251,Wambuge Silas Kabisa,KEN,M,,,,1650,AUG25,0,20,1998,i
10827196,Wambugu David,KEN,M,,,,1443,AUG25,0,20,1997,
10815090,"Wanasunia, Elvis Likoko",KEN,M,CM,,,1806,AUG25,0,20,2000,i
10808906,"Wanderi, Ebrahim",KEN,M,,,,1670,AUG25,0,20,1994,i
10844414,Wandeto Frank,KEN,M,,,,1457,AUG25,0,20,2003,i
10822950,"Wandina, Wambugu",KEN,M,,NA,,1641,AUG25,0,20,1999,
10838228,Wangechi Hope Njoki,KEN,F,,,,1419,AUG25,0,40,2011,w
10815899,Wangombe Brian,KEN,M,,,,1686,AUG25,0,20,1990,i
10803505,"Wangombe, Benard",KEN,M,,,,1688,AUG25,9,20,1996,
10831916,Wangui Amos,KEN,M,,,,1573,AUG25,0,20,2000,i
10831673,Wanjala John Walekhwa,KEN,M,,,,1703,AUG25,11,20,2000,
10801510,"Wanjala, Benard",KEN,M,,IA,,1815,AUG25,7,20,1983,
10837434,Wanjihia Anthony,KEN,M,,,,1482,AUG25,0,20,1997,
10835083,Wanjiru Chrisphinus,KEN,M,,,,1750,AUG25,0,20,2004,
10808590,"Wanjiru, Lucy",KEN,F,WCM,WCM,,1580,AUG25,0,20,1997,wi
10801561,"Wanjiru, Moses Maina",KEN,M,,IA,,1719,AUG25,0,20,1997,i
10820868,Wanyiri Francis,KEN,M,,,,1641,AUG25,0,20,1990,i
10827382,Wanyoike Collins Mburu,KEN,M,,,,1718,AUG25,6,20,2002,
10839534,Wanyonyi Joshua,KEN,M,,,,1569,AUG25,0,20,2001,i
10838554,Warimwe David James,KEN,M,,,,1715,AUG25,9,40,2011,
10829164,Wario Abdirashid,KEN,M,,,,1415,AUG25,0,20,2000,i
10882359,Wayne Joe Njarumi,KEN,M,,,,1836,AUG25,6,40,2011,
10841636,Wema Dylan,KEN,M,,,,1439,AUG25,0,40,2014,
554000351,Wendo Alex Bahati,KEN,M,,,,1729,AUG25,0,20,1999,
10800050,"Weru, Peniel",KEN,M,,,,1681,AUG25,0,20,1997,i
10835547,Weyula Max,KEN,M,,,,1578,AUG25,0,20,1994,i
10823603,Woda Christopher,KEN,M,,,,1655,AUG25,0,20,1992,i
10833358,Yashmith Ram Chaikam,KEN,M,,,,1514,AUG25,0,40,2014,
10884890,Yator Mugo Waikwa,KEN,M,,,,1501,AUG25,0,40,2014,
10821856,Yoshi John,KEN,M,,,,1664,AUG25,0,20,2002,i
10839720,Yoshida Akira,KEN,M,,,,1576,AUG25,0,40,2009,
10801391,"Young, Collins",KEN,M,,,,1755,AUG25,0,20,1969,
10805648,Zachary Muthinji,KEN,M,,,,1666,AUG25,6,20,1979,
10827099,Zamir zayan,KEN,M,,,,1521,AUG25,0,40,2007,i
10842888,Zena Zayn Favour,KEN,M,,,,1506,AUG25,0,40,2016,